Date,Open,High,Low,Close,Volume
2019-01-02,0.0,0.003808390360011904,0.0,0.009713665639876856,0.4942617626785822
2019-01-03,0.013512314177945406,0.0,0.009075243248124476,0.0,0.42707625917171854
2019-01-04,0.015975149767029018,0.013884756520876729,0.014392964554377496,0.018779753570428437,0.5742465276757731
2019-01-07,0.03380174050242829,0.02394128731528311,0.03217221390283126,0.03231137736528383,0.4949359309577264
2019-01-08,0.049180287454083704,0.034367251809977184,0.03905013457346612,0.039079689562747544,0.5541650484710823
2019-01-09,0.04629342011192461,0.032182882078746367,0.045268356799032794,0.0397897747729728,0.3852810933470437
2019-01-10,0.0433424549466262,0.031054745611425127,0.040306822485934424,0.03898967876145143,0.3958765380760025
2019-01-11,0.04322905110568742,0.030320837052464522,0.04396902678175024,0.03507420890506868,0.2744148200165577
2019-01-14,0.0369302073318048,0.027323217296439495,0.03366719593043821,0.02923600832099854,0.36241451895474297
2019-01-15,0.041121218844759944,0.034007735792918714,0.041407992133785876,0.043575229027483287,0.3619225294825842
2019-01-16,0.053995020092202195,0.04140632748190021,0.05391717899901427,0.045880505660679305,0.3864855940024523
2019-01-17,0.05295466311663338,0.040208767231974585,0.054323533174303384,0.048240788894667375,0.2425837413276728
2019-01-18,0.0608436259645489,0.04418327878607553,0.057845269360142726,0.04898587830539669,0.3633890955521408
2019-01-22,0.053201193205630715,0.035671427154616686,0.03744227638605663,0.03297645717486103,0.3898152251116735
2019-01-23,0.047037940980696635,0.02961172270157686,0.03789378102526669,0.034939192703124455,0.3103564580755002
2019-01-24,0.04335724675196606,0.029569572547852807,0.04285531533836512,0.038667140056806826,0.23465296172577638
2019-01-25,0.05061262727115845,0.036070613904591875,0.050337750553720306,0.042577609313117604,0.2926498383261446
2019-01-28,0.04397850257623942,0.026529802638103728,0.038418028078571864,0.034406628795455474,0.28451660819057045
2019-01-29,0.04094125187979192,0.023400773579291823,0.0325559928461599,0.02340280833700048,0.27085126385063646
2019-01-30,0.03890244804378373,0.034451552117425344,0.0398202008192301,0.04254260511261354,0.3476064227058383
2019-01-31,0.056122574760249455,0.04919418823762761,0.05471985391316564,0.05461905428651437,0.689459485982296
2019-02-01,0.04281734585706182,0.03348705742338587,0.040404648491096595,0.03149127895347442,0.7291944042152363
2019-02-04,0.03890244804378373,0.0276777744718833,0.03827003489127523,0.0332614913789655,0.2906165307922511
2019-02-05,0.04391687005399009,0.031553109193692364,0.045544276300772346,0.03963725647077654,0.2588698064923986
2019-02-06,0.05067425979340773,0.033288703758801885,0.04324661935901397,0.03499919990398853,0.22464646400388
2019-02-07,0.03939550822177845,0.021704849747099075,0.033105323490532246,0.028525923110773344,0.27043829410259096
2019-02-08,0.02978083475088128,0.01254338986412773,0.026545964426451185,0.021987638516622054,0.3391799860496512
2019-02-11,0.03347385548406184,0.017675790935237523,0.031372047347786536,0.022682721926631233,0.1831324350204388
2019-02-12,0.03421837635283387,0.02514132698601601,0.03460281387724601,0.03443663239588751,0.2859098226174902
2019-02-13,0.04481917017972037,0.029351383516810436,0.04419227074224863,0.034934192103052375,0.19933601292885383
2019-02-14,0.03927224317727973,0.024769413864921097,0.0364038157158732,0.03059617154058486,0.23669220407439234
2019-02-15,0.04010058427631091,0.02254041455915895,0.03601251169522435,0.02692073048765853,0.251587188678166
2019-02-19,0.03347878608584176,0.023802439750074345,0.035024218207175495,0.031828819458335045,0.20742703252825606
2019-02-20,0.040628158666765224,0.02403302588515316,0.0374222095132028,0.030458655038604676,0.1844835055944981
2019-02-21,0.03812587826344205,0.021213924427253728,0.03511201077591081,0.02979357522902748,0.19420613245938986
2019-02-22,0.0390257130882824,0.02403550530596049,0.04019394632613188,0.03282393887266477,0.1683862875679065
2019-02-25,0.043450928185785054,0.02891004661311114,0.04250665342253057,0.033183982077849394,0.17427249015626792
2019-02-26,0.03963710770899587,0.025287612813646665,0.03892973333634342,0.03403408409009079,0.13968739070292668
2019-02-27,0.0401794739047901,0.025738867400575238,0.038671372348350885,0.0352067248069769,0.1718960303014569
2019-02-28,0.04192244163400144,0.028208370524645365,0.04336952895524343,0.03489168700244033,0.16369845077029677
2019-03-01,0.04682345980326896,0.03378458792026179,0.04767638154148701,0.0428676441172941,0.2936632912941399
2019-03-04,0.054187313561620154,0.04250471089953389,0.05353590841479233,0.04897837740528865,0.37318187326071794
2019-03-05,0.05861252865912281,0.04210056530794404,0.05721065450614177,0.04804326519182306,0.20741809696451666
2019-03-06,0.056891748637921236,0.039608747396608135,0.05201082607790469,0.04217256070728492,0.22838859807796624
2019-03-07,0.04984098809259668,0.03266636913616977,0.040028394625088115,0.03142127055246635,0.2924723273509634
2019-03-08,0.034220841653723855,0.021005653079440578,0.03151502381686977,0.030133616033924115,0.27313396696949527
2019-03-11,0.03967162192145546,0.03329614202122383,0.041407992133785876,0.042590110813297666,0.22041000654173287
2019-03-12,0.050242832137662397,0.03626648814836847,0.05017972392999681,0.043210185222226694,0.2029487146953418
2019-03-13,0.05369425338362549,0.04016661707825048,0.05478757960904718,0.04763821658599032,0.1987838751097328
2019-03-14,0.055715800113403824,0.040662501239710325,0.05603925080330202,0.046490578869464394,0.1584122646187048
2019-03-15,0.05862485516357274,0.044827928195973366,0.05824409845811168,0.053026363163579615,0.4654390349041691
2019-03-18,0.06101619702684713,0.05256372111474755,0.06313539871622187,0.06047475697083654,0.3239495843890927
2019-03-19,0.07107708995882944,0.061033422592482345,0.07338957074450608,0.06540034804176503,0.3863053490115001
2019-03-20,0.07512757932105613,0.06483685411087964,0.0767808722567958,0.07425641076929235,0.3797351756972058
2019-03-21,0.08161625126346667,0.07084944956858075,0.08186029944791023,0.0797545705484658,0.3465378226392423
2019-03-22,0.08504548480141999,0.0696667658434989,0.07579759548696036,0.06613043565227833,0.3862267960705672
2019-03-25,0.07213223873973817,0.06066646831300204,0.07188204692136552,0.06850322038644635,0.3022605039110479
2019-03-26,0.0808125631733353,0.0663914509570564,0.07836866357135158,0.07087850542065055,0.28639501039187726
2019-03-27,0.07862584128392869,0.06186154914212039,0.07142552556394188,0.06636296355562671,0.25031407089523616
2019-03-28,0.07514237112639593,0.05948874342953486,0.07337953730807922,0.06829319518342208,0.16483653484746327
2019-03-29,0.0792298400019722,0.06319051869483283,0.07918889699925008,0.0701259151098132,0.18336349269474486
2019-04-01,0.08256539210610653,0.06884607755628286,0.08473237062510819,0.07848691843021166,0.2445760386250012
2019-04-02,0.08525503537706774,0.06991966676584349,0.08633521209430434,0.07843441212945557,0.19185374528002602
2019-04-03,0.08912555777432635,0.0723990875731429,0.08746397369232972,0.08011461375365048,0.22736094156462394
2019-04-04,0.08762912013411234,0.07208915997223048,0.08610444305648574,0.07965455854702569,0.2035734706406733
2019-04-05,0.0896876463772403,0.07452643062580577,0.0913694888214977,0.08426011121334565,0.20468101376117825
2019-04-08,0.09073046865369916,0.0774075176038877,0.09134942194864387,0.08740548865863906,0.2121738840565327
2019-04-09,0.09375292754480685,0.07812407021719725,0.09302249747282826,0.08390006800816102,0.20960837701365306
2019-04-10,0.09264600744520862,0.07686204502628186,0.09227751481813146,0.08677291274952997,0.15956955348957988
2019-04-11,0.09454428913048835,0.0773455320837052,0.09516212779086308,0.08595781493779259,0.13895567472596834
2019-04-12,0.09447033010378914,0.07772984230883662,0.09541045534242865,0.08570528463415616,0.1696013908698417
2019-04-15,0.09289253753420601,0.07657691163344238,0.08979173094336879,0.08615783894067292,0.21027887771066536
2019-04-16,0.09519759386633136,0.08225974412377268,0.09709105594393325,0.09070088410609278,0.16494722914453344
2019-04-17,0.10053250499223432,0.08392095606466327,0.10021145467269682,0.09114593751250155,0.15487131409537802
2019-04-18,0.09949707861844531,0.08252008330853905,0.09997065219845142,0.09036334360123222,0.14529325664979237
2019-04-22,0.09619604072677068,0.08688386392938607,0.09649908319474654,0.09676911229347523,0.1868986417699722
2019-04-23,0.10502181791287624,0.09700981850639684,0.10752081310968808,0.10588520622474701,0.2713619913333234
2019-04-24,0.11335453492098707,0.09711643360111072,0.10967298522325652,0.10037954554546552,0.20703526807326378
2019-04-25,0.11138229420900814,0.09532133293662598,0.11021228243120201,0.1005045605472657,0.3686302704684783
2019-04-26,0.11434065527697657,0.10240007934146578,0.10963285147754898,0.11260101212145457,0.5242332438599999
2019-04-29,0.11927125705692376,0.10372409005256367,0.11868551949371281,0.10955064607752929,0.2300726184262854
2019-04-30,0.1146118383748736,0.09860904492710498,0.11187783287806619,0.10657278873464815,0.19571417554869205
2019-05-01,0.11534896334097572,0.10057522562729343,0.11278084215648654,0.10282233868064167,0.1697714999974477
2019-05-02,0.11047752878238787,0.095098185063969,0.10558686823840457,0.10014701764211709,0.22618231403407274
2019-05-03,0.11927125705692376,0.105722503223247,0.11916461608309692,0.11555886706404772,0.3874658386813266
2019-05-06,0.1116238936962256,0.10438361598730533,0.11276830036095292,0.11258100972116658,0.32320159768413126
2019-05-07,0.11705002095505751,0.10192898938807893,0.11098234867696599,0.10519262311477379,0.35549585865461214
2019-05-08,0.11184330547543325,0.09852474461965682,0.11264288240561676,0.10438502620314438,0.23389443905759982
2019-05-09,0.10719128269605305,0.09208568878310025,0.10411446144275799,0.09990948913869668,0.31589457377789404
2019-05-10,0.10669822251805833,0.09069473371020526,0.0990977432293117,0.09743669240308839,0.3432167936772031
2019-05-13,0.09155141385006038,0.07650004958841611,0.08956597862376375,0.08060967316077933,0.3475789491815052
2019-05-14,0.09227621231171257,0.07796290786472276,0.08900159782475098,0.08497019642357084,0.27060620268091784
2019-05-15,0.08942878978379304,0.0834151542199742,0.09082015817712535,0.09272862743529231,0.27484292687631096
2019-05-16,0.10372506964475009,0.09409649905782008,0.1056922193208869,0.10183472016642003,0.2758551795446995
2019-05-17,0.10547789857752138,0.09236586333432506,0.10193971409722907,0.09219106292755136,0.2777753921823093
2019-05-20,0.09552794418558785,0.08176633938312006,0.09396564049695616,0.089683261991439,0.21519843901569607
2019-05-21,0.10097625915242958,0.08454824952891005,0.09658938412258855,0.08932071848621842,0.22899681656204873
2019-05-22,0.09530360180460024,0.08268620450262815,0.09784356367595015,0.08986078329399527,0.15774429788752906
2019-05-23,0.09155880975273029,0.07587027670336205,0.08610444305648574,0.07880945713485621,0.2569466597890833
2019-05-24,0.09138623869043216,0.07531488644252698,0.08952835323716285,0.08075969116293957,0.18662297296028063
2019-05-28,0.09061213421098047,0.07717693146880883,0.09191129438854989,0.08404758571028526,0.1753062815342671
2019-05-29,0.08823804945393587,0.0723990875731429,0.08693972663902455,0.07973706844821382,0.24726157562855933
2019-05-30,0.0888223257648596,0.07226767827035602,0.08701497741222625,0.07901948233788059,0.17176439744457947
2019-05-31,0.08007543820723317,0.06386740057522561,0.07820311187030787,0.06870574468936275,0.26992016477232883
2019-06-03,0.07267953553731232,0.05660269760983827,0.052943935665605624,0.04810827299275916,0.5686539983912051
2019-06-04,0.05769790202894265,0.04780819200634728,0.05517386691148257,0.057326879225507055,0.34062461330972826
2019-06-05,0.07011315731084977,0.0530596052762074,0.06379258880218336,0.05956214745769495,0.2446447224358339
2019-06-06,0.06718191455267108,0.055043141922046956,0.06652168351029814,0.06352762331479783,0.20793489262854903
2019-06-07,0.07358923156571257,0.06651046315580678,0.0748895694903266,0.07594661359363125,0.28255178441757517
2019-06-10,0.08796193575425876,0.08600366954279476,0.08956597862376375,0.09009831179741568,0.3200785514739001
2019-06-11,0.10306190370534718,0.08819299811564019,0.09959941505065639,0.09086590390846905,0.23150224194127766
2019-06-12,0.09584596800039441,0.08107706039869084,0.09618302994729938,0.08877065247829746,0.14052226576275706
2019-06-13,0.0989867613342208,0.08556233263909546,0.10065794259369354,0.09251610193223192,0.1483558877798154
2019-06-14,0.09831619949214798,0.08380442328672016,0.09985025096132866,0.09235858302996364,0.15204700912061328
2019-06-17,0.10139782560461502,0.0886864028562927,0.10397650169188821,0.0964490738888667,0.1375886668404634
2019-06-18,0.10752409831619947,0.09512793811365661,0.11008184775765245,0.10028453414409733,0.2217020623851253
2019-06-19,0.1091240785937923,0.09460973916493104,0.10824572889153111,0.1021397567708125,0.15499334455540115
2019-06-20,0.11540813056233512,0.09848259446593277,0.11158937158079307,0.10449003880465657,0.17645243429212365
2019-06-21,0.11116041712891062,0.09618913021918074,0.11203585950178979,0.10276733207984962,0.2242258923583249
2019-06-24,0.1103123536227596,0.0939353367053456,0.11046060998276758,0.10341741008921068,0.11415795163297376
2019-06-25,0.1101101989497818,0.09381880392740255,0.1032164688825511,0.09450884106092733,0.16279529199950266
2019-06-26,0.10533737642679286,0.09069721313101253,0.10695392395156866,0.09939942793135176,0.12475666384419548
2019-06-27,0.10768434287404771,0.09254190221164332,0.10964288491397589,0.10101212145457455,0.1047390672519101
2019-06-28,0.10943470650592901,0.09296340374888423,0.10612114872813655,0.09834930191622998,0.1644631083031302
2019-07-01,0.11285654414121243,0.09714866607160566,0.11381177774934975,0.10549015881905832,0.1755318044937197
2019-07-02,0.1119690358208219,0.0983809382128335,0.11179756538665109,0.10852052246269561,0.13871941575336622
2019-07-03,0.11603924759016837,0.10006694436179703,0.11778501857439927,0.10969316317958161,0.0746364199967954
2019-07-05,0.1142420432413776,0.1011355747297431,0.1164806718389032,0.11067078049365925,0.1371897005878304
2019-07-08,0.11560288933264307,0.10363978974511551,0.1172206377753865,0.11302356282753934,0.15419474521702028
2019-07-09,0.11897542095012692,0.1120722999107408,0.12104086869492592,0.1220196423570829,0.2517075520554019
2019-07-10,0.13098390158518847,0.12073291679063769,0.1340642691770325,0.12929801576189154,0.2907975759829411
2019-07-11,0.13816039247590167,0.12342556778736491,0.13403918558596528,0.12521252550306045,0.24984495379891775
2019-07-12,0.13388309543179744,0.11876425666964185,0.13618884934042697,0.12769532343881268,0.12925025215544053
2019-07-15,0.13712003550033275,0.12022711494594862,0.13560691002766723,0.130193123174781,0.16072784261012726
2019-07-16,0.1344525799373813,0.121075076862045,0.13552413417714537,0.1274202904348522,0.13651213145980035
2019-07-17,0.13358232872322068,0.11752454626599218,0.13321895215806678,0.12295225427051248,0.13255187627383672
2019-07-18,0.126916155116732,0.11144996528810869,0.12306511449405144,0.11941933031963836,0.19559714633703051
2019-07-19,0.12967729211350243,0.11355747297431318,0.1257440420200318,0.11607392887146462,0.17434917596447916
2019-07-22,0.12472943322732538,0.1118218784092036,0.12474822345466269,0.1213520622474697,0.15584449034323458
2019-07-23,0.13085570593890977,0.11400128929881975,0.12847815344636,0.1235673280793696,0.142199017630124
2019-07-24,0.12427581786357023,0.11487156600218185,0.12665708473487897,0.12514751770212423,0.13738581620691676
2019-07-25,0.13209082168478659,0.11484677179410885,0.12837531072298436,0.11839920790494862,0.23775046822770768
2019-07-26,0.11754554643394222,0.10237528513339283,0.11628251146947205,0.11070578469416337,0.2904802301035695
2019-07-29,0.1145871853659739,0.09774620648616483,0.10776161558393349,0.1030548665839901,0.26154280703339694
2019-07-30,0.10500209550575645,0.0922071804026579,0.10599071405458699,0.09957444893387213,0.1560296698992369
2019-07-31,0.10672534082784801,0.08964345928791034,0.0974522596553013,0.09163599631955838,0.26004489980744094
2019-08-01,0.10021941177920762,0.08923931369632049,0.09609022066035067,0.08877065247829746,0.2762212042414574
2019-08-02,0.09364938490742791,0.07645542001388472,0.08706263623525401,0.08074968996279558,0.2924195141682649
2019-08-05,0.07519660774597536,0.06215164137657436,0.07220311688702602,0.0662204464535745,0.36590365654504353
2019-08-06,0.08062273500480732,0.06341614598829715,0.07336197879433215,0.07189612753530422,0.3000236122271814
2019-08-07,0.07612602618149544,0.0646955271248636,0.07426498807275245,0.0732887946553587,0.2637896345306752
2019-08-08,0.084017454330301,0.07345532083705242,0.0845768523604914,0.08316247949753969,0.20873309186706093
2019-08-09,0.08967531987279048,0.07266934444113854,0.08560778795335461,0.07683422010641283,0.15395461861235182
2019-08-12,0.08154968813943736,0.06520380839036,0.0792817062861988,0.07116854022482699,0.1556702468503163
2019-08-13,0.0783472622833617,0.07283050679361297,0.08003421401821575,0.08102472296675606,0.23365791335175173
2019-08-14,0.08081502847422523,0.06388227710006938,0.07432017197310042,0.06567788134576152,0.28824673926858885
2019-08-15,0.07809826689347438,0.061985520182485376,0.07550913418968719,0.06896827619314322,0.21598196792568058
2019-08-16,0.08078544486354555,0.06568233660616873,0.08117551741177481,0.07308126975237034,0.16558885596767142
2019-08-19,0.0869955378053891,0.07140731925022309,0.08821397306523993,0.0789694763371605,0.14998916212809213
2019-08-20,0.08611296008677854,0.06913121094912222,0.08502083192238136,0.07528403408409012,0.09080985704841785
2019-08-21,0.08731849222197563,0.07229495189923629,0.08881347089174679,0.08082469896387573,0.09790469465750012
2019-08-22,0.08944111628824297,0.07225280174551224,0.08507601582272928,0.07610413249589959,0.13919213374850498
2019-08-23,0.0808199590760052,0.06617574134682136,0.07131264940413934,0.06234248109773172,0.3138697350245595
2019-08-26,0.07438059315139411,0.057522562729346416,0.07088121163778294,0.0671555586670401,0.16766137328871994
2019-08-27,0.07655498853635084,0.05985321828820783,0.0716763614746142,0.06539534744169301,0.1637887399740516
2019-08-28,0.07144441979143551,0.056991966676584294,0.07101666302954601,0.06600042005040613,0.12270381810003594
2019-08-29,0.0783472622833617,0.06460130913418621,0.07934441526386687,0.07153858463015561,0.16317305295908247
2019-08-30,0.08191948327293341,0.0648963602102548,0.07616381591654192,0.06901078129375526,0.16624948753458352
2019-09-03,0.07514237112639593,0.06515917881582861,0.07702418309014797,0.07239868784254117,0.19843832218960175
2019-09-04,0.08377092424130361,0.06685262322721408,0.08410528084842739,0.07509401128135385,0.1170426050046352
2019-09-05,0.08794960924980888,0.07537439254190215,0.08895895571993673,0.08512021442573114,0.18365663253204634
2019-09-06,0.091960653797796,0.07503967073291673,0.09167300027341113,0.08331749809977201,0.1284257796922023
2019-09-09,0.09264600744520862,0.0773579291877417,0.09122400399330777,0.08277743329199505,0.16193961174648805
2019-09-10,0.08814683332100681,0.07136021025488437,0.0863903959946522,0.0800771092531104,0.13622412623748348
2019-09-11,0.0855311490767448,0.07324704948923932,0.08732852230056665,0.08068718246189549,0.12414697832726027
2019-09-12,0.09181520104528756,0.07826539720321335,0.093649587249509,0.08582779933592033,0.15020268209147686
2019-09-13,0.092895002835096,0.0763959139145095,0.09387283121000739,0.08477517302076254,0.0933759642411009
2019-09-16,0.0884599265340334,0.07133045720519682,0.08510109941379657,0.07689922790734888,0.20701472961332545
2019-09-17,0.08428370682641811,0.07090895566795591,0.08607935946541856,0.08057716926031128,0.09749305857568441
2019-09-18,0.08673914651283188,0.07043042745214712,0.08392217063363666,0.07930451654198512,0.1310316968218437
2019-09-19,0.0877203362670414,0.07303629872061884,0.08954089503269647,0.08031463775653086,0.10051227886992872
2019-09-20,0.08789044202844953,0.07255529108400272,0.0802649830560343,0.07347881745809498,0.3324037613028588
2019-09-23,0.07686808174937748,0.06315084796191611,0.0768536146708908,0.07126355162619519,0.1712504024796296
2019-09-24,0.0802233562606316,0.06389715362491316,0.06888455778883135,0.060339740768892314,0.27119261572214376
2019-09-25,0.06956092991149565,0.05826638897153624,0.06573656710989378,0.06702054246509587,0.19738732651723864
2019-09-26,0.07336488918472495,0.05587870673410683,0.06786867235060845,0.05989718766251956,0.20011160652477133
2019-09-27,0.06971870916845402,0.05234553208370524,0.0634338934499219,0.05629925591070928,0.22518966625926162
2019-09-30,0.06453911199861945,0.049454527422394146,0.062280048260829224,0.05891456974836984,0.14601917117865124
2019-10-01,0.06922564899045924,0.053952196766835214,0.06709358938663101,0.05884956194743374,0.17333879042881228
2019-10-02,0.06472400956536745,0.047329663790538545,0.06122152071779208,0.053243889266712086,0.18454265369178802
2019-10-03,0.06109015605354634,0.046365169096499015,0.0562198526589861,0.05604172500700089,0.20360707902966327
2019-10-04,0.06429997781229196,0.05022810671427147,0.06479091572665913,0.05984968196183549,0.12791525225944983
2019-10-07,0.0656830116115672,0.05202568679956354,0.06591215224736441,0.05810197223666841,0.10779829753304723
2019-10-08,0.06342972659813129,0.04686105325795886,0.06122152071779208,0.051313657638916654,0.13708840863768004
2019-10-09,0.06271971994181891,0.047592482396112246,0.06356934484168497,0.055434152098251865,0.10124579529629724
2019-10-10,0.064107684342874,0.04966031934939996,0.06341633493617482,0.0550016001920231,0.14340271808579474
2019-10-11,0.06846633631634741,0.05143558464742631,0.06745730145710582,0.057916950034004155,0.18061220594605953
2019-10-14,0.06501244976949433,0.05055291084002772,0.06548573119922141,0.05904458535024204,0.0905473248510894
2019-10-15,0.06827404284692945,0.05912178915005456,0.07015629585593997,0.06678301396167541,0.17059037106252092
2019-10-16,0.07596331632275716,0.061549142120400635,0.07765628958504217,0.06929581549785979,0.14890655856608367
2019-10-17,0.08167295318393608,0.06467569175840521,0.0805409025577738,0.07180861703404412,0.14288538895527048
2019-10-18,0.07953060671054901,0.06346821382525036,0.0723084679695084,0.06431521782613919,0.1746005720487891
2019-10-21,0.07505855089613689,0.061459882971337865,0.07627167535813101,0.07135356242749136,0.10398621266521002
2019-10-22,0.07961689224169805,0.06242685708618467,0.07551916762611405,0.06637046445573475,0.110920876960098
2019-10-23,0.07299755935211888,0.05753495983338286,0.07050244941266776,0.06548035764291721,0.10798381050560699
2019-10-24,0.07541108892340309,0.062069820489933536,0.07508522150065094,0.07013341600992123,0.3089653108312366
2019-10-25,0.05728126617853707,0.056086978081920036,0.05871316161106893,0.06527033243989283,0.6038423817635787
2019-10-28,0.06973350097379383,0.0596796588316969,0.07062786736800392,0.06920830499659963,0.20430171908543426
2019-10-29,0.07632818085447324,0.05925815729445594,0.07396649333905242,0.06561537384486138,0.11375024986653587
2019-10-30,0.07273623745778168,0.06059208568878305,0.07479676020337783,0.06993589230707686,0.1252564552637984
2019-10-31,0.07661908635949011,0.06297728850540507,0.07789709205928763,0.06910329239508745,0.1473806443493027
2019-11-01,0.0795823780292384,0.06432857284538329,0.08134106911281846,0.07279873584830182,0.1479920636323366
2019-11-04,0.08278726918620416,0.06869483288703754,0.08530427650144107,0.07610413249589959,0.1467629568349889
2019-11-05,0.08479648941153267,0.06750223147872653,0.08354591676762818,0.07536654398527826,0.08765626988152514
2019-11-06,0.08278480388531417,0.06558068035306946,0.0821863861317842,0.0738813657638917,0.09727467073056106
2019-11-07,0.08346522693094693,0.06642368342755128,0.08090712298735542,0.0719886386366364,0.13870521220801924
2019-11-08,0.07955279441855873,0.062451651294257615,0.07853923199060875,0.07140856902828341,0.10370394220768112
2019-11-11,0.07711461183837487,0.06000198353664582,0.07680595584786304,0.06785064207704927,0.09180843963795138
2019-11-12,0.07629120134112366,0.06154418327878608,0.07800495150087672,0.06943833259991206,0.0978842895641848
2019-11-13,0.07597810812809702,0.05876227313299609,0.07183689645744445,0.06321508581029728,0.1570968696162916
2019-11-14,0.07056430737371494,0.056677080234057264,0.07239876889735042,0.06358763051566191,0.11325425939568776
2019-11-15,0.07268939674087221,0.05545968461767331,0.06820980918912278,0.0598096771612594,0.2240635184948515
2019-11-18,0.06732736730517958,0.053481106813448365,0.06566382469579873,0.063070068408209,0.1514297883894799
2019-11-19,0.0719350146685403,0.05521174253694339,0.07076081040066023,0.0631350762091451,0.11359554458388357
2019-11-20,0.06999975346991094,0.05566795596548646,0.06852586243656994,0.061319858383005965,0.1482191203079534
2019-11-21,0.06848605872346719,0.051787662402062895,0.06758271941244198,0.058614533744049346,0.13949554281577559
2019-11-22,0.06750486896925761,0.05167856788654168,0.06774325439527229,0.06136736408369009,0.12723534921551768
2019-11-25,0.07101299213569012,0.05936229296836254,0.0733218450486246,0.06839820778493422,0.19461123357667975
2019-11-26,0.07758794960924975,0.06422443717147674,0.07962033476560643,0.07417390086810416,0.1746703227926056
2019-11-27,0.08278480388531417,0.07103540612912818,0.08437618363195354,0.07956704804576553,0.16436228313616028
2019-11-29,0.08692157877868989,0.0710825151244669,0.0852490926010932,0.0751390166820019,0.09018336733698765
2019-12-02,0.08362300618790519,0.06633690369929585,0.07568973604537127,0.07033844061287359,0.22410412863154772
2019-12-03,0.07267707023642234,0.058234156501041356,0.07181432122548398,0.06742809137096456,0.19728623461702277
2019-12-04,0.07613095678327542,0.062255777050480965,0.07507267970511733,0.06511031323758854,0.1406799717944263
2019-12-05,0.07353992554791311,0.05591093920460177,0.07000077759132312,0.0600572068648238,0.1504925544465154
2019-12-06,0.07050760545324558,0.053654666269959295,0.07003338625971056,0.06283754050486062,0.16997255018158416
2019-12-09,0.07037447920518697,0.05675146285827626,0.07140796705019481,0.06231497779733569,0.1287962721708299
2019-12-10,0.0695707911150556,0.05272984230883665,0.06874659803796157,0.05973966876025122,0.12967349113345517
2019-12-11,0.06815817370510069,0.05256372111474755,0.0689246915345389,0.06211745409449143,0.10204486141785851
2019-12-12,0.07021176934644868,0.05603491024496676,0.07136532494538056,0.06502030243629237,0.16890361669843076
2019-12-13,0.07390972068140916,0.05727214122780916,0.07376331625140786,0.06517282073848862,0.14516169047622643
2019-12-16,0.07440278085940383,0.05739859168898137,0.07427752986828612,0.06724056886826418,0.17193077230674217
2019-12-17,0.0771170771392648,0.06297728850540507,0.07937953229136102,0.07260371244549352,0.2050958506419454
2019-12-18,0.08131055395310999,0.06451452940593072,0.08062618676740241,0.07094601352162261,0.1855869810330023
2019-12-19,0.07773093706086825,0.06322275116532777,0.0785442487088222,0.0730087610513262,0.14452226420236755
2019-12-20,0.08244459236249779,0.06569721313101257,0.08064876199936294,0.07156358763051573,0.30550511379812184
2019-12-23,0.07964401055148779,0.06322523058613505,0.0811654839753479,0.07318878265391854,0.10445713021093861
2019-12-24,0.08101225254542316,0.06386244173361094,0.08193555022111193,0.07224116894027283,0.020692488385359205
2019-12-26,0.08278726918620416,0.08243082415947628,0.08492551427632589,0.09213355602672324,0.36366283054579923
2019-12-27,0.10298054877597806,0.0901021521372607,0.1016086106951416,0.09239108693043169,0.37460862939331624
2019-12-30,0.10078150038212164,0.08578795993255972,0.09523988692317154,0.08666289954794576,0.20713696012328306
2019-12-31,0.09289253753420601,0.0781662203709213,0.0931353736326308,0.08690042805136616,0.12932247018178208
2020-01-02,0.10102803047111897,0.08926162848358615,0.10114205590129105,0.09944443333199987,0.23104986235614272
2020-01-03,0.09843946453664665,0.08633343251016562,0.10122984847002636,0.09368374204904595,0.2130916464725427
2020-01-06,0.09733007913615854,0.09066993950213226,0.10010108687200098,0.10066207944953398,0.2330362248387487
2020-01-07,0.10830066809654115,0.09319894872557771,0.10813786944994197,0.10165719886386371,0.23759149521312017
2020-01-08,0.10670808372161822,0.0924823961122681,0.10673318835017703,0.09793425211025325,0.19611154140184933
2020-01-09,0.10962946527623696,0.09417336110284635,0.10908101247406993,0.10020452454294515,0.17363899869713145
2020-01-10,0.10851514927396888,0.09147575126450452,0.10511780508544727,0.09573148777853346,0.152433505593998
2020-01-13,0.10504893622266598,0.08925914906277893,0.10531847381398518,0.09776673200784097,0.1455613902452858
2020-01-14,0.10371027783941028,0.08655905980362988,0.09973737480152611,0.09230107612913552,0.19173811641790575
2020-01-15,0.1003500727263762,0.08451353763760783,0.09886948255059985,0.09044585350242035,0.15507636527820376
2020-01-16,0.10299780588220792,0.0861821878409203,0.10161111905424836,0.09442633115973925,0.13926581880769925
2020-01-17,0.10371274314030027,0.08644252702568672,0.0994112881176521,0.09112093451214154,0.22847788703204874
2020-01-21,0.09856272958114537,0.08833432510165617,0.10010108687200098,0.09794175301036123,0.2049007352725314
2020-01-22,0.10622735004807338,0.09037488842606362,0.10595559702709284,0.09680661679401537,0.17639268604503036
2020-01-23,0.10352044967088231,0.08727065357532476,0.10330175309217976,0.09608653038364606,0.12760424129466957
2020-01-24,0.10506372802800579,0.08851284339978177,0.09695058783395671,0.09035084210105215,0.21306343943178324
2020-01-27,0.08746887557626404,0.07512645046117222,0.08889875510137535,0.08202484298115781,0.19721468342379608
2020-01-28,0.09252274240071001,0.07936873946246153,0.092581026270045,0.0882530903708445,0.1491714246793142
2020-01-29,0.09831619949214798,0.08349449568580775,0.09885192403685289,0.08944073288794663,0.10204966261628565
2020-01-30,0.09683701895816382,0.08302836457403551,0.09774573767078798,0.09261111333360011,0.3838565377637245
2020-01-31,0.1445331952764835,0.12836457403550527,0.13578751188335136,0.12712525503060373,1.0
2020-02-03,0.13445751053916127,0.1265744322126351,0.1352808233437932,0.12599511941432967,0.35529314138768847
2020-02-04,0.13921061065503043,0.1293761777248834,0.13907346231315865,0.13736398367804142,0.3146325921079828
2020-02-05,0.14935285851638186,0.1321580878706734,0.1432448635076392,0.13491368964275713,0.25373979265631164
2020-02-06,0.141956955846461,0.1285083804423286,0.1414388449507985,0.13750400048005768,0.17417193172254394
2020-02-07,0.1421960900327885,0.13897897451155405,0.14477496256274036,0.14476737208465024,0.301696629829105
2020-02-10,0.15280181446145497,0.14817018744421295,0.15652913333684504,0.15842651118134182,0.2990885121501845
2020-02-11,0.16904568202549125,0.16065407120896558,0.16933179821756006,0.16264951794215315,0.34508506001516376
2020-02-12,0.17207800212015872,0.15924080134880492,0.17417042293442897,0.16494979397527704,0.18426178358380035
2020-02-13,0.1675886891995168,0.15676881880392735,0.17083681368159387,0.16241699003880467,0.16409188230807625
2020-02-14,0.17022409585089865,0.1539819498165228,0.16679584716066298,0.15866653998479824,0.13570999790591062
2020-02-18,0.16266548332223946,0.15572498264405432,0.1663493592396662,0.1638671640596872,0.1587091387214496
2020-02-19,0.17321204052954658,0.16044332044034504,0.17563279629364859,0.16750510061207352,0.13270898215570257
2020-02-20,0.17451125409856266,0.15838292174947932,0.16718715118131178,0.16322458695043413,0.17073027265002286
2020-02-21,0.16688854374676426,0.150389269066746,0.15729167450528891,0.14894037284474143,0.2720487627583388
2020-02-24,0.1326282572788009,0.12429336506991961,0.13220055836073719,0.127267772132656,0.3984974589507287
2020-02-25,0.13835761654709955,0.12312803729048893,0.12478835720037029,0.11812917550106017,0.37663180106386357
2020-02-26,0.12451741735078764,0.11818655162154118,0.12529755409903504,0.11984188102572313,0.31136937757700367
2020-02-27,0.11566698715578233,0.10835068927898439,0.1058101121989029,0.09601652198263799,0.5049904406638941
2020-02-28,0.0861450089983482,0.08721610631756416,0.0878427359174449,0.0958790054806577,0.5949998412437063
2020-03-02,0.10879126297364589,0.10327035604482787,0.10260944597872412,0.11343111173340809,0.412811298494884
2020-03-03,0.12577225550378424,0.11363929386095406,0.1071470676027863,0.10218976277153263,0.4643468289453064
2020-03-04,0.11867218894066023,0.10909451552117427,0.11565291333368449,0.11890176821218551,0.2801960630726369
2020-03-05,0.115326775632966,0.10481007636616085,0.11264288240561676,0.10595021402568311,0.27854838512907876
2020-03-06,0.10102803047111897,0.09245016364177322,0.10248402802338796,0.10021452574308926,0.3135817964855541
2020-03-09,0.07609397726992578,0.08052414955866305,0.07534107412953672,0.07509151098131783,0.4829342018727962
2020-03-10,0.10001232650444986,0.08833432510165617,0.08960862072857806,0.09789674760971318,0.4375947513592201
2020-03-11,0.09680003944481419,0.0826440543489041,0.08542718609767053,0.08015461855422656,0.3384714091817792
2020-03-12,0.06330399625274263,0.056282852325696686,0.05369644339762264,0.044087790534864224,0.7185251410604601
2020-03-13,0.07144441979143551,0.061566498066051745,0.05510614121560109,0.07118854262511504,0.5493836549874547
2020-03-16,0.04346571999112492,0.05490677377764547,0.04141300885199933,0.04722316678001359,0.5565547783048794
2020-03-17,0.07649089071321152,0.07928691857582065,0.05726834676559639,0.07689922790734888,0.6899123323506113
2020-03-18,0.07021176934644868,0.07529009223445399,0.07125495714468472,0.08243989278713448,0.601834880671231
2020-03-19,0.09733007913615854,0.10091242685708612,0.09324072471511313,0.09517392087050447,0.6554246572153541
2020-03-20,0.1136774893375736,0.10388773182584543,0.09025076065989918,0.08646287554506549,0.6166087683813424
2020-03-23,0.08937948376599364,0.09456510959039965,0.08806096315972983,0.10064957794935392,0.4826179229264083
2020-03-24,0.1198875822794172,0.10339184766438558,0.11021980750852217,0.10996819618354203,0.43851298055841054
2020-03-25,0.11229199023740843,0.10221660220172568,0.10656763664913327,0.09640156818818263,0.39396806170121457
2020-03-26,0.10768434287404771,0.10376128136467316,0.10744807069559309,0.11381615793895272,0.377700334447148
2020-03-27,0.11479920124251164,0.09962064861648318,0.11011445642603979,0.09996699603952475,0.3212048326049332
2020-03-30,0.1128195646278628,0.10801100862838436,0.11322983843659001,0.1159314117694124,0.3704297863122948
2020-03-31,0.12305549392303328,0.1128186055737379,0.12117381172758224,0.11237348481817822,0.30358236719467546
2020-04-01,0.11531937973029605,0.10090250917385696,0.10837867192418743,0.10186722406688808,0.2367822932282127
2020-04-02,0.10759559204200869,0.09658087870673404,0.10762616419217047,0.10465005800696092,0.2510598570509185
2020-04-03,0.10994009318837367,0.09628334820985818,0.10741295366809894,0.10158969076289154,0.20264010432977508
2020-04-06,0.11606636589995806,0.11418228701775263,0.11766461733727651,0.12434242109053084,0.346896845588294
2020-04-07,0.13606242141853414,0.12340573242090647,0.13462112489872502,0.12784534144097298,0.30293934002199624
2020-04-08,0.13702142346473384,0.1254586928493504,0.1380149347701215,0.13569628355402658,0.22714242035287763
2020-04-09,0.1427655745383724,0.1276901715759199,0.13964787654859823,0.1356362763531624,0.272373977268466
2020-04-13,0.1417054951556837,0.15917881582862237,0.14474987897167313,0.16716756010721295,0.40981441710998817
2020-04-14,0.18126617853709043,0.18694832887037582,0.18192626929241706,0.19578349401928236,0.501202828571373
2020-04-15,0.19537016492862952,0.19720569275017352,0.1966729124808424,0.20187422490698886,0.41980744480296395
2020-04-16,0.21714370238887654,0.228850540513736,0.21924814444135077,0.22700474056886827,0.7646691257271394
2020-04-17,0.22363483963217706,0.21372607358920948,0.2144872788567903,0.21870624474937,0.49072134562174735
2020-04-20,0.22797869980031066,0.22487850838044232,0.23205331768117254,0.22335930311637403,0.3467310041926232
2020-04-21,0.2345511919729803,0.2207453138946741,0.20536688514474488,0.20698483818058172,0.4604917333415594
2020-04-22,0.22281389443581584,0.21223842110482993,0.2232615190121079,0.21582839940792892,0.2432118981218902
2020-04-23,0.23045139659295416,0.21973123078448875,0.23105749911580342,0.2248194783374005,0.29977648387480665
2020-04-24,0.23464733870768922,0.21879153029852227,0.2310374322429496,0.22751230147617713,0.21743893159838296
2020-04-27,0.24110642703942015,0.22485371417236932,0.22627154994017573,0.21895627475297036,0.3383923227743544
2020-04-28,0.2235781377117077,0.20715560844986602,0.2119739030318537,0.2034744169300316,0.3133061276758625
2020-04-29,0.21320168626580877,0.21171526331448964,0.21297724667454299,0.21813367604112494,0.26810464493375524
2020-04-30,0.23534748416044177,0.23232172964395514,0.23455164335146883,0.24345921510581275,0.5977214539187794
2020-05-01,0.21487562557010081,0.20441336903699292,0.19998143814261027,0.19646357562907552,0.6135916819530656
2020-05-04,0.19504967581293292,0.1956213428543092,0.19952742514429345,0.20395197423690842,0.28639807782420573
2020-05-05,0.21566452185489232,0.20157691163344238,0.21225734761091342,0.20440452854342522,0.17814238945516525
2020-05-06,0.2130611641150802,0.20317613805415058,0.21548560578126608,0.2127705324638957,0.16982818081221254
2020-05-07,0.22423883835022068,0.20777546365169086,0.22128242367690332,0.21685852302276282,0.18840595134284802
2020-05-08,0.22358799891526754,0.2105623326390954,0.2247665344761417,0.21985888306596796,0.17605733567155699
2020-05-11,0.2242191159431008,0.2186030943171675,0.2285566650864005,0.22720726487178472,0.1792583346729177
2020-05-12,0.23337770874935287,0.21843697312307842,0.22426486265479717,0.21419320318438212,0.1669676001159983
2020-05-13,0.22227152824002167,0.2156352276108301,0.21995048499123326,0.21693603232387887,0.28086289618751736
2020-05-14,0.22084411902472695,0.2115863334325101,0.22381586637469364,0.2221691602992359,0.2051912744606848
2020-05-15,0.22269555999309715,0.21645343647723891,0.22460850785241826,0.22740228827459302,0.24432257535803514
2020-05-18,0.23152873308187266,0.22190816225329757,0.231541612423401,0.23152278273392818,0.2530994994994034
2020-05-19,0.23781031974952543,0.2348011504512546,0.24281919496722826,0.23729097491699008,0.2500271326059031
2020-05-20,0.24965362522495865,0.23852276108301096,0.252426210345978,0.24944493339200707,0.22853143373117363
2020-05-21,0.25510933609447034,0.24483040761678065,0.24622303827505165,0.23664339720766497,0.30296734701282124
2020-05-22,0.24401794739047905,0.23104482792819592,0.24311016462360824,0.23417810137216472,0.15310834070625703
2020-05-26,0.24475507235658117,0.22909848259446586,0.23907923153910404,0.23042265071808626,0.19985827662442823
2020-05-27,0.23168651233883092,0.2170931270455222,0.21799396488798928,0.22755480657678923,0.299135857301341
2020-05-28,0.22659320070014538,0.2228924923137955,0.23009178085971504,0.22523202784334123,0.17485090120011523
2020-05-29,0.23438601681335208,0.22423137954973715,0.23510097399584118,0.2355507660919311,0.19726936373921627
2020-06-01,0.24228977146660752,0.232800257859764,0.24663190080944752,0.24271912629515552,0.15783972170626845
2020-06-02,0.24697384315755738,0.23195725478528217,0.246917853747614,0.2430616674000881,0.13062432847196323
2020-06-03,0.2472228385474447,0.23554497669344443,0.25089611129087686,0.24455934712165467,0.14003474407246794
2020-06-04,0.2495451519857998,0.24038976495090736,0.24809678252777378,0.24010881305756698,0.1585517661063378
2020-06-05,0.24142938145600662,0.23570613904591886,0.24486601599831437,0.2457094851382166,0.18240672054151438
2020-06-08,0.25515864211226985,0.2459585440841019,0.2574604870731714,0.25597571708605044,0.2266983761816787
2020-06-09,0.2623671819145526,0.2698675989288901,0.2669069674690907,0.2751780213625636,0.3070715047849761
2020-06-10,0.2908561989990878,0.29365020331250624,0.2923066117837694,0.28682691923030773,0.29173974449095574
2020-06-11,0.2806252003056973,0.28101259545770096,0.26972385474594085,0.264451734208105,0.3486923604334211
2020-06-12,0.28006064640189327,0.268640285629277,0.26147637000303514,0.2612163459615155,0.3244209687180017
2020-06-15,0.2616670364618002,0.25934741644351866,0.2626427569876614,0.26813217586110333,0.22020882299097344
2020-06-16,0.28469294677415374,0.2682733313497967,0.2796995989133789,0.2787809537144457,0.20169180095710357
2020-06-17,0.29147252422158126,0.27695130417534464,0.29370125944710757,0.2852092251070129,0.15925900930798004
2020-06-18,0.2913517244779726,0.27810175542993154,0.2947773455038917,0.2884596151538185,0.12781502724228327
2020-06-19,0.29901141434312056,0.287471486660716,0.30051897949918094,0.29371774612953555,0.34714904187234175
2020-06-22,0.30059413751448355,0.29182782901914106,0.30302733860590414,0.30342141056926836,0.17589409492503424
2020-06-23,0.310830066809654,0.3087151641376573,0.3153283316652745,0.31607042845141414,0.2441062546955679
2020-06-24,0.32413776101373176,0.3119111375582664,0.3160708059608647,0.3085670280433653,0.26377102988677004
2020-06-25,0.3141656189137884,0.30205048100763654,0.31384839979230783,0.31361263351602203,0.1598818981205899
2020-06-26,0.3229199023740847,0.3085812754140632,0.3077932209086782,0.2981832819938392,0.39541582307693157
2020-06-29,0.3019525183048591,0.2873152831498562,0.2932648049625376,0.2950604072488699,0.24355378345988943
2020-06-30,0.3007346596652121,0.3053729048894178,0.3045398791472582,0.31467276073128786,0.21329716443854885
2020-07-01,0.3187116337548997,0.33645740355053055,0.3243483910130509,0.34464635756290757,0.3863182855739288
2020-07-02,0.3566821980622736,0.35147277595953574,0.35372127615277915,0.34754670560467255,0.40161410356305705
2020-07-06,0.36234252890565294,0.37733809382128336,0.3684955112913785,0.3892367084050086,0.42072587405208883
2020-07-07,0.392808717303947,0.3797356937419418,0.38354566593171746,0.3750050006000721,0.31252206529938603
2020-07-08,0.38394842590538175,0.38331101854606753,0.3891719154080975,0.395254930591671,0.29786293956834564
2020-07-09,0.40696940561595535,0.41056233263909536,0.4046158824281919,0.4206379765571869,0.38795976196951854
2020-07-10,0.42564899045928556,0.4157988693841118,0.42009245811667384,0.42498099771972647,0.32774699892840253
2020-07-13,0.4402682247368291,0.4478553010016859,0.40320869296932027,0.4009781173740849,0.47688515863778097
2020-07-14,0.4003155585139166,0.3940741842705544,0.3735122295048249,0.39597751730207625,0.44417279330427
2020-07-15,0.39815348963340985,0.3868764256669641,0.3793266059142091,0.37719276313157585,0.3479755815182361
2020-07-16,0.37123979981756766,0.3704254686105325,0.36554317262276537,0.37494999399928003,0.38831405040345457
2020-07-17,0.3805931513941276,0.368441931964693,0.37312343384328284,0.36546635596271554,0.2764224544755283
2020-07-20,0.37842368661095077,0.41241693940295554,0.38455402629262014,0.4241909029083491,0.4612935334788917
2020-07-21,0.4356901609841482,0.42214122780918373,0.41257239751471775,0.40955164619754375,0.36707368192841283
2020-07-22,0.40919064171782166,0.3996826093424576,0.4024235765689159,0.39995549465935915,0.23560533278044865
2020-07-23,0.4026012129280379,0.3868569126252107,0.37852894771827117,0.3716120934512141,0.3391432435450213
2020-07-24,0.361117274363336,0.37032133293662595,0.35796040304314125,0.3772027643317199,0.33750996919674453
2020-07-27,0.39365924611098785,0.3867896459387087,0.39000970734974305,0.3887791534984199,0.2400242357828271
2020-07-28,0.3917535685230383,0.3816058216800554,0.38499048077719,0.37505750690082823,0.1704174612358324
2020-07-29,0.38601434805117957,0.3722005355548944,0.3852438250469691,0.3833585030203625,0.1602421880525598
2020-07-30,0.38182580183911435,0.38530199345432903,0.38730820459180215,0.38794655358643043,0.37057502256471575
2020-07-31,0.43852772230850773,0.4236883863929386,0.42393024754996034,0.4161499379925592,0.5009478315882427
2020-08-03,0.42287552695806524,0.40811266488148357,0.4121409597483614,0.4029508541024924,0.30031735221428624
2020-08-04,0.4033256909005744,0.4039571556084498,0.41144112755758555,0.409686662399488,0.2749530877068892
2020-08-05,0.41381801148830216,0.4154482544877516,0.41798543646702635,0.4262386486378365,0.22398909991923083
2020-08-06,0.42628996869067864,0.42384954874541303,0.4275498097409618,0.4312317478097372,0.22469440930483991
2020-08-07,0.4335995858294505,0.4221982544877516,0.4213397647660829,0.41684502140256835,0.22439600148593092
2020-08-10,0.4203609200502922,0.4052638103738966,0.411518886689894,0.4120194423330799,0.17312633739841135
2020-08-11,0.40628158666765274,0.40196866012099575,0.4043650465175197,0.3951449173900869,0.20985437174973245
2020-08-12,0.40499963020486657,0.4057287017752652,0.41149380309882677,0.4155398647837741,0.19712932878509137
2020-08-13,0.4234869215787786,0.4164239561638401,0.4249335911926495,0.41523482817938157,0.17191063394667278
2020-08-14,0.42230111185070135,0.40668345234553205,0.4161543343191184,0.41198443813257596,0.14541602062624184
2020-08-17,0.42105366960037477,0.4108325895070911,0.4247272786561216,0.4205829699563948,0.14035922506616877
2020-08-18,0.4306387594605921,0.44183278786075564,0.4376807460863327,0.4531068728247391,0.3184092681374198
2020-08-19,0.4530754628602421,0.44081622532976283,0.4502680432541444,0.44010281233748055,0.24100081287956954
2020-08-20,0.4404999630204866,0.4400029753049687,0.44575297177845175,0.44932641917030053,0.1841426871894827
2020-08-21,0.4511007568473732,0.4404433700287612,0.45513172647848954,0.446163539624755,0.20037233827268958
2020-08-24,0.4548356876956832,0.45678741445998206,0.4506595228599307,0.45184922190662885,0.2730835543860103
2020-08-25,0.45109829154648334,0.45110582168005553,0.4530272131879488,0.4616078929471537,0.2281779454969755
2020-08-26,0.4649335601410152,0.4744963552514133,0.4724839276890237,0.48545075409049093,0.39594655555306496
2020-08-27,0.4893252471464142,0.4748090845978379,0.4808699992725759,0.4749869984398128,0.24631267210608443
2020-08-28,0.4826566082390356,0.46994195675890116,0.4830021045132905,0.4754370524462936,0.15510210503643815
2020-08-31,0.47920272169218253,0.48522265198849546,0.4876425688607283,0.4877285274232908,0.2410506919965626
2020-09-01,0.49907058156448,0.4899013190518694,0.5031943953224118,0.4997699723966876,0.19374034952864586
2020-09-02,0.5132263392747085,0.4994173361102846,0.5081321002239965,0.5078534424130896,0.2240858574042
2020-09-03,0.497941473756872,0.48358871367648515,0.4620573059721522,0.466986038324599,0.5061320589565694
2020-09-04,0.4567709488943125,0.45708122582564703,0.41392941979145503,0.4486388366603992,0.5475184560818227
2020-09-08,0.4138747134087715,0.4246863532678765,0.4186626934258416,0.41243949273912867,0.36830378897543287
2020-09-09,0.4284175233587259,0.43766116235247443,0.432458668512819,0.442135556266752,0.30792004992366145
2020-09-10,0.4541130586988142,0.4492437766537736,0.42883408960360403,0.41875775093011175,0.31739348125352235
2020-09-11,0.42982274486601096,0.4163792770008925,0.4071192248167017,0.4040334840180822,0.3016056071089238
2020-09-14,0.421008603900106,0.40895318853515805,0.41013427246298295,0.4007205864703765,0.2639704796714308
2020-09-15,0.4119419175110322,0.40588614499652875,0.4133750724288692,0.4140121814617755,0.23009128975350207
2020-09-16,0.4227473313117866,0.4089155013388871,0.4046535078147928,0.3945023402808338,0.26407670618663126
2020-09-17,0.380654783916377,0.36978875334721806,0.37916857929048553,0.3771577589310718,0.39196602864040897
2020-09-18,0.38619924561792757,0.37186353267876615,0.36236006491633366,0.36370114413729654,0.5549087007607969
2020-09-21,0.35532381727189793,0.3530695229594366,0.3536961925617119,0.365091310957315,0.3698855171239293
2020-09-22,0.38671572615437716,0.39571308142417927,0.386104192220575,0.40722636716405974,0.42529208048954437
2020-09-23,0.40806399921110376,0.3939797183377963,0.3841416269718838,0.37493999279913587,0.3388604396210005
2020-09-24,0.37289894731652,0.3796737082217594,0.37727476816490957,0.37992309077089254,0.33064018776393445
2020-09-25,0.3918990212755466,0.3876673609044926,0.38580318912776823,0.3987603512421491,0.26967897123467655
2020-09-28,0.4150703843404087,0.4058911038381434,0.4154440673544587,0.4184927191262951,0.24360332916032507
2020-09-29,0.42161329290239874,0.40916889814539326,0.41929981663894933,0.4111993439212706,0.19554019878901974
2020-09-30,0.413169637354239,0.4152732321729644,0.41966352870942414,0.4121619594351323,0.2884102467483575
2020-10-01,0.4296526391046028,0.4180303481106813,0.42919780167407884,0.43029663559627157,0.29346624210869277
2020-10-02,0.4162487981658161,0.4110375136368144,0.4169068420511355,0.406228747449694,0.3362219810353529
2020-10-05,0.41432832877252673,0.4127070316374094,0.42138426305663623,0.42478097371684614,0.21367365841521035
2020-10-06,0.41905184527771616,0.4076167807200237,0.40862925699894903,0.3999679961595391,0.30113048851457147
2020-10-07,0.4116559426077953,0.4120797381731627,0.4192609370727951,0.42390336840420856,0.2492896818641568
2020-10-08,0.433841185316668,0.42033482098581765,0.42994780104698915,0.4226182141857024,0.1735824512489896
2020-10-09,0.43014569928259744,0.43414410393732017,0.43567689324674486,0.44664609753170387,0.2891951093245719
2020-10-12,0.46464511993688834,0.48553010016860065,0.47122535850722524,0.4857207864943794,0.5196744392701196
2020-10-13,0.4937479969430268,0.48457304373698296,0.49246288255611825,0.4858958074968997,0.34499743814386846
2020-10-14,0.48857333037497225,0.47775463651690964,0.47133823466702784,0.4659134096091531,0.3506134399540803
2020-10-15,0.4503636318812712,0.450728949717346,0.45628808002668897,0.4596476577189263,0.3102388287140353
2020-10-16,0.46792150481966316,0.46158400277695133,0.4261877707460111,0.44316067928151387,0.393653316470991
2020-10-19,0.45223726055765107,0.4440642665873251,0.43439888428186935,0.42678371404568555,0.3102506983434802
2020-10-20,0.43317308877548505,0.42844391550133887,0.434217028246632,0.42923400808096984,0.2626422814732119
2020-10-21,0.4307620245050909,0.4204787761578894,0.4261877707460111,0.42121554586550397,0.2681808639587861
2020-10-22,0.42518304859108064,0.41176981057225026,0.41664095598582274,0.41908028963475613,0.2427924600926304
2020-10-23,0.4254616275916476,0.41340126946345335,0.4211710525325648,0.4260811297355683,0.19309218774098202
2020-10-26,0.42736977048048724,0.4326539472379253,0.42450717014450656,0.42674120894507345,0.35543030895941935
2020-10-27,0.43382885881221805,0.4348061092928691,0.4390556529635008,0.4465660879305517,0.24806324239926864
2020-10-28,0.43983433178019377,0.4279529901814936,0.42680733544537175,0.4156748809857184,0.33457036877641694
2020-10-29,0.42799349160565053,0.42627442229495194,0.4271911143887003,0.42773382805936716,0.40180041673535466
2020-10-30,0.41726450213248517,0.4038986412773976,0.3908199073412145,0.38401358162979565,0.521800503290293
2020-11-02,0.3935951482878484,0.3822535455717544,0.3735423298141055,0.37609513141576983,0.4458661493161975
2020-11-03,0.38294258314227253,0.38106218387384705,0.3812831260174532,0.3870789494739369,0.28852887635949476
2020-11-04,0.4178167295318394,0.42319994049390064,0.4211033268366833,0.4352722326679202,0.41797191997094396
2020-11-05,0.45725661316963734,0.453436477238917,0.458515502913459,0.45548465815897915,0.3479707136364975
2020-11-06,0.4534773069053078,0.4423286720222155,0.4442479563144177,0.4528268392207065,0.2718213726661645
2020-11-09,0.4353302270542119,0.4341465833581274,0.41417416038949806,0.4109143097171662,0.44140210171194166
2020-11-10,0.4017996696496808,0.3907567192303877,0.3909410109188872,0.38373104772572714,0.4014287906404318
2020-11-11,0.39360500949140836,0.39699122285034205,0.39859582057205634,0.4093266191943033,0.2531229053417357
2020-11-12,0.41780686832827946,0.4060993751859566,0.4076384551517934,0.4025483057966957,0.25340864333146196
2020-11-13,0.40845105145082955,0.39763034315183976,0.4074729034507496,0.40718136176341163,0.2128237796102952
2020-11-16,0.40135098488770554,0.397872656947337,0.4042860332056579,0.40774392927151265,0.21589714675346783
2020-11-17,0.42362362251312763,0.4094143608053159,0.419982090315978,0.4088940672880746,0.1916283556871964
2020-11-18,0.41140941251879787,0.39720321332936626,0.41241687925010095,0.4013431611793416,0.1564263022359678
2020-11-19,0.4043364642654636,0.3934840821184171,0.4063516669300443,0.40423350802096253,0.162656790761542
2020-11-20,0.40722333160762275,0.3954403451353763,0.41064738240185417,0.39982797935752296,0.18732081381500304
2020-11-23,0.40714409683701897,0.39713998809878004,0.4024737437510504,0.3995754490538865,0.27592619727143425
2020-11-24,0.40315065453738635,0.39577754636516904,0.4076906290212132,0.40449353922470693,0.20004072216465954
2020-11-25,0.41334960431920714,0.41158385401170283,0.4212362698693396,0.421248049765972,0.21467864260264674
2020-11-27,0.4304563271947341,0.41609392046018057,0.43372538986171416,0.42381585790294835,0.1214863141988872
2020-11-30,0.42977097354732147,0.41911881384508576,0.41754647362334985,0.4169900388046565,0.23291739517767696
2020-12-01,0.42484530236915424,0.42421650302489333,0.4254804134779152,0.430001600192023,0.2615670797587786
2020-12-02,0.4330177748194168,0.4200138847565208,0.42951388000511703,0.42586360363243597,0.1705943720612102
2020-12-03,0.4290264526785494,0.4191807993652682,0.43153308400243806,0.42166309957194864,0.1547727561609987
2020-12-04,0.4272391095333186,0.41163592184865616,0.4258767342167773,0.41562487498499817,0.15621124855641885
2020-12-07,0.41695140891945864,0.40730933253991863,0.4215949652216009,0.41447973756850826,0.1453888805184662
2020-12-08,0.4175480117348322,0.40814489735197856,0.4161593510373319,0.41930281633796057,0.18106358528152214
2020-12-09,0.4197643172349185,0.4057398591688981,0.4081275851776044,0.40102812337480503,0.23537934303781566
2020-12-10,0.4003130932130266,0.397723891698899,0.40511755424953666,0.4003505420650479,0.16398485559313794
2020-12-11,0.40220397899563637,0.3919146087473966,0.4043198960535985,0.40408349001880234,0.16628602998927897
2020-12-14,0.4136281833197742,0.40971685014380643,0.41765934978315244,0.41422220666479986,0.23904412447057577
2020-12-15,0.4229987920025639,0.40922837945056023,0.418785603022071,0.41625995119414333,0.18355640751487978
2020-12-16,0.42176614155757713,0.42373301596746993,0.4271108468972852,0.4352222266672002,0.25717011556587976
2020-12-17,0.44000690284249194,0.42782653972032125,0.4414887612970224,0.43400208024963,0.19360298190698047
2020-12-18,0.43852525700761774,0.42433303580283643,0.42909746730981,0.4253935472256672,0.36173601626035207
2020-12-21,0.42768286369351377,0.4187658930873748,0.42769278621004503,0.42652618314197704,0.21777561563808612
2020-12-22,0.4283813820476789,0.41753446394922145,0.4312245558323111,0.42661119334320124,0.12074706300773069
2020-12-23,0.42891304883761067,0.4145913914509569,0.4322504747069609,0.42129805576669205,0.10154266939904202
2020-12-24,0.4261765648497398,0.4125756223346225,0.4284452939420619,0.41815267832139863,0.05874065225420917
2020-12-28,0.42620121785863957,0.4378657145690765,0.4293708784524428,0.44597351682201875,0.33673077470200674
2020-12-29,0.45478391637699384,0.44943221263512834,0.45659485234544117,0.45548465815897915,0.28686532778780244
2020-12-30,0.46244114094125194,0.4473123078448873,0.4569076447260496,0.44644607352882343,0.1759294370801229
2020-12-31,0.446170155067426,0.4326395665972429,0.44655564669260306,0.4392152058246989,0.15911830752074024
2021-01-04,0.44493750462243914,0.4299315679857184,0.4221794128934674,0.4216380965715886,0.2560920464690525
2021-01-05,0.4193008406676035,0.41787662402062875,0.4274570004540129,0.4296090530863704,0.13900275314387892
2021-01-06,0.4144861080294851,0.4114621144500644,0.4189536630822215,0.40957414889786786,0.2549828362657603
2021-01-07,0.41707960456573717,0.4141976594267578,0.4249335911926495,0.4155198623834861,0.196283517662177
2021-01-08,0.4227497966126766,0.40975900029753054,0.4217228915360439,0.42065547865743885,0.1978305038053882
2021-01-11,0.41486329906565095,0.40126552117425374,0.4136459752123953,0.40353092371084537,0.20658942345265469
2021-01-12,0.4079579912728349,0.39773425567787357,0.40762591335625975,0.40518612233468027,0.1898821864925704
2021-01-13,0.4100387052239725,0.4095879202618268,0.4166760730133169,0.4164524742969156,0.18339356686822597
2021-01-14,0.41967310110198947,0.4066249876028959,0.41630232750641516,0.4068463215585871,0.16670106691998057
2021-01-15,0.40870251214160697,0.397834225924824,0.4099260786571248,0.4010406248749851,0.24492565922713305
2021-01-19,0.4047531001158691,0.39844292373301593,0.41013427246298295,0.4051686202344283,0.18231983218664544
2021-01-20,0.4232403914897814,0.43186551621541214,0.4299503094060958,0.4408278993479218,0.31599939994355325
2021-01-21,0.45060769666937855,0.4489115342655956,0.4586879526020463,0.4517317078049367,0.29167439484569746
2021-01-22,0.45339595197593857,0.4423063572349498,0.45708182518242035,0.44804126495179425,0.15009658894289937
2021-01-25,0.45935951482878495,0.45271496578399284,0.4470438486255447,0.448483818058167,0.21196829940721507
2021-01-26,0.45143502699504473,0.4462957453138947,0.45700797909031843,0.45651728207384895,0.15898687471379733
2021-01-27,0.4625619406848606,0.44840821184171376,0.43799712542046376,0.4331269752370284,0.2726767861859332
2021-01-28,0.43631881271109146,0.43729048894178313,0.4434176894500925,0.4343871264551747,0.17192297035929804
2021-01-29,0.43507630106254463,0.42125111573936325,0.4323457923530164,0.42653118374204907,0.2482305508277921
2021-02-01,0.43812341296255203,0.4493355152236438,0.4450067349442015,0.4607052846341562,0.23933873134072997
2021-02-02,0.472055814412149,0.46854606763859963,0.4766371432799805,0.46998639836780415,0.37427267887003945
2021-02-03,0.48315213371792026,0.47009818506396894,0.4634670037901306,0.45311687402488304,0.4346254101819689
2021-02-04,0.45972930996228084,0.4485272240404641,0.4557236992276762,0.4577349281913831,0.20669384951844497
2021-02-05,0.45701747898330985,0.45596548646236235,0.4619845635580573,0.4630230627675321,0.20336948639083136
2021-02-08,0.4667554174987058,0.452990156699395,0.46230814188282443,0.45571968636236354,0.1791356373797797
2021-02-09,0.4554125681039371,0.4462957453138947,0.46076299267308296,0.4512341480977718,0.10724862699645124
2021-02-10,0.4557848285383231,0.44132569671724675,0.44976634634920865,0.4466285954314519,0.17031896998476456
2021-02-11,0.4503611665803811,0.43489040960031733,0.44827638103981515,0.44051536184342127,0.11538812536330528
2021-02-12,0.44000690284249194,0.43197709015174046,0.4445765513573986,0.444410829299516,0.1176501566556028
2021-02-16,0.4410053497029312,0.4389318655162153,0.4496637544617438,0.4422205664679762,0.13361294112623454
2021-02-17,0.4433597120528561,0.44205841515421995,0.45114584352354214,0.4521442573108773,0.179429710783442
2021-02-18,0.44799940832778645,0.4462957453138947,0.45476801440801473,0.4570423450814098,0.16421297920173855
2021-02-19,0.45929295170475554,0.4451800059506099,0.44769695008616206,0.43745749489938796,0.24900594437377516
2021-02-22,0.4296846880161724,0.4200932014281463,0.4292630190108536,0.4201654198503821,0.19273069750940533
2021-02-23,0.4096910977984863,0.41325250421501536,0.4095322662773694,0.42360583269992397,0.27381467021316525
2021-02-24,0.4194832729334616,0.4049464445105623,0.41750383151853554,0.4148622834740168,0.16272380748958748
2021-02-25,0.41208490496265066,0.4066894773380938,0.39803394813215043,0.3892667120054408,0.25528324458401397
2021-02-26,0.4018440450657002,0.3928493503917485,0.3952597029601146,0.39821028523422813,0.24506836151371747
2021-03-01,0.409903113675024,0.3995735396211445,0.4106334359252207,0.41151438172580707,0.14423172501421413
2021-03-02,0.4137440524616029,0.40303481106813444,0.4079068746598038,0.3986103332399888,0.13501602468325452
2021-03-03,0.39838769321795725,0.3892132797778438,0.38479984548507906,0.37622514701764215,0.2279034103035792
2021-03-04,0.3813327416611197,0.37690419518000584,0.37236590939305236,0.3693668240188824,0.3274517919084449
2021-03-05,0.37960703103813814,0.36472280075374386,0.3562045767520261,0.37509001080129617,0.32124844349064635
2021-03-08,0.3820723319281118,0.3785059010215214,0.37384082454780554,0.3629610553266392,0.24099221073238758
2021-03-09,0.3828094568942139,0.38504413369036994,0.3873451778050353,0.3906893827259272,0.230657897851216
2021-03-10,0.40264526785494176,0.3913666567489834,0.3935916441541437,0.3893867264071689,0.16280476102973396
2021-03-11,0.404015975149767,0.3951661955767132,0.4068558471104957,0.40337590510861304,0.147060964554029
2021-03-12,0.3968641372679535,0.3870326291778241,0.397467058974031,0.39735018202184275,0.12342153058158181
2021-03-15,0.39675812932968463,0.3828820787464048,0.39410334941191516,0.39539744769372326,0.15654339813094081
2021-03-16,0.4042526440352045,0.39445353565407126,0.4050824623056335,0.3979427531303757,0.1312152092950588
2021-03-17,0.3964253137095382,0.4053976990974908,0.4036677226858506,0.40891156938832657,0.16987952696205832
2021-03-18,0.403273919581885,0.3914088069027075,0.39232492280524844,0.38197333680041606,0.20578468924961693
2021-03-19,0.38558045509454425,0.3816535257363879,0.3902254262329212,0.39371724606952835,0.2703559402129032
2021-03-22,0.3951014471316225,0.3938758306059704,0.4011167214743131,0.4026958234988199,0.15544892493948748
2021-03-23,0.4096837018958163,0.4076167807200237,0.41636756992678103,0.40935412249469944,0.21646975634921567
2021-03-24,0.4156102852353129,0.4022389169889914,0.4074127028321882,0.3967451094131296,0.15923667039863154
2021-03-25,0.39636861178906885,0.38971040364970744,0.39537007076081043,0.3865413849661959,0.19954593199341822
2021-03-26,0.3892364963143751,0.37653972032133287,0.3850506813957514,0.3879840580869704,0.18283876171664543
2021-03-29,0.3920418608091118,0.3851160368937816,0.39318905251751457,0.39390976917230064,0.14503225816862814
2021-03-30,0.3956339521238566,0.3805910939204602,0.3945824460012992,0.3887991558987079,0.11780112767281176
2021-03-31,0.39416709809432243,0.39207825052067835,0.40173126945546034,0.3984978197383687,0.16823324936804143
2021-04-01,0.4074501392895002,0.4027670336209461,0.41503811451662664,0.41522982757930965,0.1579921597563301
2021-04-05,0.42102408598969504,0.4209944956858078,0.4264988072752448,0.4316642997159659,0.18430299387029997
2021-04-06,0.4335354880063112,0.42380987801249626,0.44049545109075994,0.43093671240548875,0.13115152673258773
2021-04-07,0.4360131154007347,0.4377696370127937,0.442153476460304,0.44483087970556473,0.18505951603913187
2021-04-08,0.4550205852624312,0.44294852722404043,0.4592981109547567,0.4498089770772494,0.1494414920908408
2021-04-09,0.4534920987106477,0.45477536447485867,0.4585205196316725,0.4680361643397209,0.2514258150643649
2021-04-12,0.4659443335059044,0.46043836159873053,0.47413505507102416,0.46983388006560795,0.18076317696326846
2021-04-13,0.477194734117299,0.4696023009025091,0.4852922363777288,0.4749869984398128,0.1830330102030101
2021-04-14,0.4779823977516456,0.4626921551125657,0.4678265319176155,0.45823498819858394,0.17165463671387016
2021-04-15,0.4698370436111728,0.46092430328275313,0.4743482655950956,0.4697588710645278,0.17754784104993782
2021-04-16,0.472055814412149,0.4633541604681146,0.4752487665144093,0.47484698163779665,0.17437831657159944
2021-04-19,0.47460247023149177,0.4705775314886441,0.4763950866261818,0.46798865863903677,0.14366104923449943
2021-04-20,0.4704780218425659,0.45745065952593467,0.4653181728108924,0.4586575389046686,0.13683447858753356
2021-04-21,0.45627788871631786,0.452459585440841,0.4622595047997451,0.46549085890306846,0.10936988981819754
2021-04-22,0.470004684071691,0.45494148566894765,0.46166851031061007,0.4522442693123175,0.13400430548135786
2021-04-23,0.4570421319922097,0.4554696023009025,0.46343690348085,0.4602052246269553,0.17508535972330722
2021-04-26,0.4641668515642335,0.46872210651591795,0.46906566131633665,0.47723726847221665,0.28738379053462204
2021-04-27,0.4877030791608115,0.4765446791629475,0.48588922584512884,0.47934502140256835,0.2171283874167831
2021-04-28,0.48556566328920453,0.4839531885351581,0.4926592870741747,0.4896137536504382,0.2707913822369202
2021-04-29,0.50289626013855,0.49004388574828917,0.4951676461808978,0.49281663799655956,0.47420862388127366
2021-04-30,0.5078322609274462,0.4998512347515619,0.5020656337243865,0.49184402128255406,0.42932842133391586
2021-05-03,0.4978749106328428,0.48315109590399674,0.4795408699491054,0.471609093091171,0.3537218158357841
2021-05-04,0.4661859329931219,0.45372780918377464,0.4543140014096979,0.4529518542225068,0.324642490678765
2021-05-05,0.4619123339003525,0.4504351383516809,0.45236500638377386,0.44261811417370084,0.20940432608049964
2021-05-06,0.44493750462243914,0.440444312208668,0.4480606621566371,0.4515766892027044,0.25850911646055974
2021-05-07,0.4570396666913196,0.44453287711990475,0.4585632620708511,0.44788624634956203,0.27601882039109116
2021-05-10,0.4479747553188867,0.43265893087374785,0.4337128480661805,0.4226032123854862,0.351259401192465
2021-05-11,0.4119715011217118,0.42150153724090056,0.4180029949807734,0.43095921510581275,0.26998431411798035
2021-05-12,0.42398244705766336,0.4140483982941584,0.4194402847489258,0.4129645557466897,0.2910981843511292
2021-05-13,0.4240983161994922,0.4130318357631657,0.4194152011578586,0.4153473416810018,0.18576969330647958
2021-05-14,0.42412050390750183,0.41923534662302886,0.43195699669147436,0.4307066848021764,0.18364549641902783
2021-05-17,0.4390035253802727,0.43507636616086476,0.4448976213230591,0.44258060967316076,0.21024566942154432
2021-05-18,0.4505029213815546,0.43984925121491614,0.44383909378002184,0.4330519662359484,0.15052849675140745
2021-05-19,0.426447747947637,0.4206957254785282,0.43220783260214657,0.4329319518342201,0.14061382194943015
2021-05-20,0.4386273697704805,0.42687689675691753,0.44529645042102806,0.436902428291395,0.13751198103225212
2021-05-21,0.44000690284249194,0.42613671526331454,0.4354712077999935,0.42575109013081575,0.2356491437160963
2021-05-24,0.431501614772083,0.4264479817514628,0.4388548086498256,0.43622984758170996,0.12348321264470824
2021-05-25,0.4441165594260779,0.4318704750570267,0.4396727093037547,0.4397452694323319,0.17938356593189225
2021-05-26,0.4460692009959815,0.4358152335614399,0.45089761630634084,0.4412729527543306,0.12089409970956183
2021-05-27,0.44148608337647616,0.4270442824556183,0.4437563179295001,0.43250940112813546,0.13270844868921064
2021-05-28,0.43803466213051295,0.4239784786273926,0.4411626746131484,0.4307491899027884,0.11739475957260359
2021-06-01,0.438403224613564,0.4247198254487752,0.4384937805235949,0.42964405728687455,0.12396546635338981
2021-06-02,0.43337524344846284,0.4207577109987106,0.43822789445828225,0.43347951754210506,0.09625715008056496
2021-06-03,0.4287232206690827,0.4156587821084994,0.43221535767946684,0.4217331079729569,0.12184813784702134
2021-06-04,0.4306387594605921,0.4172865218684916,0.43592271243920355,0.4265361843421211,0.11194273202534086
2021-06-07,0.4270221630550009,0.4140632748190023,0.4292479688562134,0.42448343801256155,0.10967596621792766
2021-06-08,0.4332544437048543,0.43179909253198456,0.4407387619241121,0.44101042125055007,0.18976088954897366
2021-06-09,0.44564504597786153,0.4362739264107903,0.4539553060574364,0.4452709325119015,0.1256648905466627
2021-06-10,0.44789833099129756,0.4495189923633839,0.4565765413239621,0.46239798775853097,0.19374521741038447
2021-06-11,0.46457362621107895,0.45338192998115645,0.4696952594521242,0.4616929031483778,0.1497923796758909
2021-06-14,0.4638784113601065,0.45794902310820185,0.4702094730690025,0.47095401448173785,0.13327512347023607
2021-06-15,0.47304193476813844,0.4609210056530795,0.4771350776462562,0.4707689922790735,0.12370906902071827
2021-06-16,0.4750141754801173,0.468201428146385,0.47648789591313045,0.4787999559947193,0.23880373113266135
2021-06-17,0.47777038187510784,0.4857681245661014,0.48663922521803915,0.4972996759611153,0.30444291532942874
2021-06-18,0.49670635801099533,0.48819795695725476,0.5048775042830231,0.4967146057526904,0.3118584996667685
2021-06-21,0.49582624559327465,0.48199940493900617,0.4949168102702255,0.4884786174340922,0.18045189926524227
2021-06-22,0.49129995315928304,0.4923584250719031,0.5004577755369769,0.5013501620194423,0.18498316364747805
2021-06-23,0.5028720755368192,0.49166914608747403,0.5072579370753034,0.5009451134136096,0.14952491291351236
2021-06-24,0.5035229149717724,0.4926261777248835,0.49412667715160763,0.48725847101652203,0.21745240162730356
2021-06-25,0.49276434188792734,0.47773975999206586,0.48492852430725397,0.4753520422450695,0.2247207492128777
2021-06-28,0.48093089761605406,0.4735693741941882,0.4897771322933676,0.4859608152978358,0.11147888291062999
2021-06-29,0.48655671424697383,0.4755603491024496,0.49216514033015024,0.48702344281313764,0.10185288016408442
2021-06-30,0.48710894164632795,0.4794212783893682,0.4951676461808978,0.4850282033844063,0.1222281660391917
2021-07-01,0.485518822572295,0.4758008529207577,0.4887514140874465,0.4832304876585191,0.09775945840507916
2021-07-02,0.48971722998791994,0.4893682435783001,0.49564925112938873,0.5027353282393887,0.17375469424256323
2021-07-06,0.5090624460715432,0.5324506595259347,0.5187462217840955,0.543930271632596,0.41168548414703127
2021-07-07,0.5552294455538298,0.5445303976990975,0.5563490331529823,0.549140896907629,0.3172148366620459
2021-07-08,0.5370312846682936,0.5509237082217594,0.5418532258752292,0.557849441933032,0.3073831158995597
2021-07-09,0.5564973004955256,0.5479519984131707,0.5599828428237099,0.5548315797895749,0.21186687409044172
2021-07-12,0.5617927668071887,0.5502553555489438,0.5608347066599442,0.5546340560867304,0.13340715642698242
2021-07-13,0.5514631560781993,0.5541699395021322,0.5544451885909795,0.5443353202384287,0.2183804999565942
2021-07-14,0.5531272341789315,0.5404294356838243,0.5518130670459305,0.5454154498539825,0.18174808947394694
2021-07-15,0.5495155683751203,0.5349102449667757,0.5418030586930946,0.5327939352722328,0.174327837304803
2021-07-16,0.5345043512560708,0.5226767579093524,0.5291446244610163,0.5183997079649558,0.23156972545250354
2021-07-19,0.5096713753913664,0.49891153426559554,0.5112612782096336,0.5123889866784015,0.21429134592952415
2021-07-20,0.518235830683135,0.5092730338192998,0.5159870267667,0.5182896947633717,0.17902154223382366
2021-07-21,0.520468160639006,0.5078969552712486,0.5224188357702042,0.5212925551066128,0.11655988451277324
2021-07-22,0.5231442447550725,0.5211792125359516,0.5321082507456096,0.5345016401968237,0.17966650322253605
2021-07-23,0.5361536375514631,0.5276480214221957,0.5420839949130477,0.5391546985638276,0.12438203700025563
2021-07-26,0.5443310406035056,0.5390459188733512,0.5484075682210968,0.5499509941192944,0.15530815646893623
2021-07-27,0.550575647757809,0.5356788654170386,0.5330814940790183,0.5315912909549148,0.2374501265927655
2021-07-28,0.5346202203978996,0.5257414459982148,0.5368064073525023,0.5325739088690642,0.1619304761328142
2021-07-29,0.5331336439612455,0.5206659724288406,0.5315413615874902,0.5249729967596113,0.25116828411539804
2021-07-30,0.46415452505978355,0.4537687196270951,0.463055632896628,0.45688232587910554,0.6264607608705208
2021-08-02,0.46542415501812,0.45148269364276494,0.4655690087215646,0.45785494259311127,0.18557217733785197
2021-08-03,0.46237211251633265,0.4594366755925816,0.4612471059806805,0.46654598551826226,0.23914741692007074
2021-08-04,0.47189556985430076,0.458911038381434,0.4727328823303659,0.46366563987678516,0.1075547033961814
2021-08-05,0.46619332889579174,0.45894079143112154,0.47156900370484633,0.4689837780533664,0.12419605724451546
2021-08-06,0.47082316396716223,0.4554696023009025,0.4685883958291005,0.4612203464415731,0.1378088551349969
2021-08-09,0.463084584473535,0.450481007636616,0.46845863841250956,0.46045275433051974,0.1051724420932709
2021-08-10,0.46342972659813125,0.4512545869284935,0.46506733690021995,0.4551546185542265,0.12279890850221792
2021-08-11,0.46008601434805124,0.4462213626896756,0.4557337326641031,0.4480112613513622,0.15845434178825377
2021-08-12,0.44986810640238645,0.4404715858375483,0.4536969450694439,0.45085910309237115,0.11688223164050646
2021-08-13,0.4537312328969751,0.4383777149657839,0.45704058775870593,0.44847631715805897,0.09759281680967052
2021-08-16,0.4481423957794049,0.43687394624615683,0.4390130108586866,0.4497314677761332,0.18387702087651434
2021-08-17,0.44678648028991935,0.4320365962511157,0.4426626733589687,0.43547225667080064,0.187839876711626
2021-08-18,0.4380321968296231,0.4254927848854506,0.4362212071729037,0.425286034324119,0.14892276261077528
2021-08-19,0.42620614846041954,0.4202618268372508,0.43182247339258084,0.421918130175621,0.21417578375071533
2021-08-20,0.42863508616226603,0.4140161658236635,0.43014094469820685,0.4249684962195464,0.18587311912259752
2021-08-23,0.43061410645169246,0.4321382525042149,0.4387308204591802,0.4414504740568868,0.17985181614516133
2021-08-24,0.4474028055124128,0.4407156104334027,0.45492854939084504,0.4514291715005801,0.13208722695938802
2021-08-25,0.45476665927076404,0.44208072994148573,0.4578307208773237,0.44977897347681733,0.07397038708165278
2021-08-26,0.45208687720336266,0.44480809282951494,0.460301454597446,0.4539844781373766,0.10187435219038357
2021-08-27,0.4605256021497423,0.4498462759099474,0.4647537920118796,0.46239298715845917,0.1221199390246466
2021-08-30,0.4664903976530335,0.4728255479519984,0.4751559572274605,0.48038014561747405,0.1747914196862679
2021-08-31,0.4831003623992309,0.47966379053853014,0.485282202941302,0.49268662239468747,0.2524220637379963
2021-09-01,0.500750930651086,0.49315679857185357,0.5052612832263518,0.4947393687242469,0.20397650457530705
2021-09-02,0.5003476074254862,0.4894279480313398,0.5001843643943441,0.49076889226707215,0.1570103146779801
2021-09-03,0.489805980819959,0.48216552613309527,0.495528849892266,0.4945018402208266,0.13385320109752596
2021-09-07,0.49621576313389054,0.4934270554398493,0.5056877042744947,0.5023127775333041,0.14471324520646933
2021-09-08,0.5045115006286518,0.4977759595358523,0.5103858608813873,0.506365763891667,0.1655304413868079
2021-09-09,0.5080541380075438,0.498856987007835,0.5065480714481008,0.4960295235428252,0.1432500133024871
2021-09-10,0.5020907723787689,0.4885574729743132,0.5021673476861641,0.49227657318878276,0.12177985413605757
2021-09-13,0.4973991075610778,0.48595656054745606,0.49592017899650576,0.48928121374564953,0.13323291293406414
2021-09-14,0.4956117644158469,0.4831910145789944,0.4958475118331841,0.4874884986198344,0.09108072465968231
2021-09-15,0.4874688755762641,0.48284736685510254,0.4868925694878182,0.4939367724126896,0.1591403796968428
2021-09-16,0.49176836032837806,0.48461519389070706,0.4979627609007016,0.49704964595751494,0.1342048888823139
2021-09-17,0.4987832753987624,0.4858201924030545,0.49946446533071465,0.49061887426491185,0.26976926043843136
2021-09-20,0.47600029583610687,0.4663790538530198,0.4625614861526035,0.46391817018042164,0.27327506885660396
2021-09-21,0.47082316396716223,0.4566349300803333,0.46942937338681145,0.4608928071368565,0.14736017257267586
2021-09-22,0.4649064418312256,0.45894079143112154,0.47160161237323384,0.4699988998679842,0.12272235606062962
2021-09-23,0.4720681409165988,0.46884855697709016,0.4813842128894541,0.4789874784974198,0.1205892236094385
2021-09-24,0.47748194167098096,0.46892293960130904,0.4847328722969294,0.48136776413169585,0.10303997647519464
2021-09-27,0.46996030865567134,0.4655286125161162,0.4712404086618657,0.47643717246069534,0.2042791801261513
2021-09-28,0.46656065872839786,0.4540290588118615,0.4588215478080704,0.45397447693723253,0.25738370221257595
2021-09-29,0.4577841875600917,0.4495933749876029,0.4607705177504031,0.4502640316838022,0.13278253384827388
2021-09-30,0.45627788871631786,0.4437791331944858,0.4547805562035483,0.4462435492259072,0.15177160704416764
2021-10-01,0.449624041614279,0.4391487156600218,0.45025296801591297,0.44579849581949843,0.1510103503602201
2021-10-04,0.4472524221581245,0.4319126252107508,0.43026385429443625,0.42242569108293,0.26353443749761046
2021-10-05,0.4287897837931119,0.427137260735892,0.4368392668568003,0.4302316277953356,0.17992363407163395
2021-10-06,0.43101595049675817,0.42803233164732724,0.43587505361617596,0.44048535824298923,0.13082931297147748
2021-10-07,0.4502477627394423,0.44325746305662983,0.45705563791334614,0.4505915709885187,0.12256711731148545
2021-10-08,0.4565244188053152,0.4421873450361994,0.4583449344942019,0.44713865663879676,0.09516974532012937
2021-10-11,0.446170155067426,0.43503667063373985,0.44577805536951887,0.43655738688642637,0.09756941096733823
2021-10-12,0.4417326134654734,0.4288227710006941,0.4453215340120953,0.43681491779013487,0.08325703845603567
2021-10-13,0.44486601089662997,0.43399285926807496,0.45154449703637367,0.4460535264231708,0.12363478381172058
2021-10-14,0.4529384167837684,0.4399980164633541,0.4589920911437364,0.4499489938792655,0.1027585062174036
2021-10-15,0.45514878090870986,0.4642517108003569,0.46230814188282443,0.47724226907228867,0.30733763788112484
2021-10-18,0.4741162142839533,0.4738594664286422,0.48265093423834926,0.486673400808097,0.1735825179323011
2021-10-19,0.48543993294381577,0.4752281067142715,0.49190677934215765,0.4860258230987719,0.12103366788050632
2021-10-20,0.48996869067869736,0.4772537935138351,0.4864811985943155,0.4787524502940353,0.10460943489437732
2021-10-21,0.48049946996030873,0.47165526133095315,0.4871408970393838,0.4837405488658639,0.08737900067235782
2021-10-22,0.48216354806104095,0.46906674600813236,0.46915596224417866,0.458872564707765,0.17124446766490717
2021-10-25,0.4609619604072677,0.4487255033224238,0.4607278756455888,0.45507710925311035,0.11035613599510574
2021-10-26,0.46453911199861947,0.46566498066051776,0.4723365615915037,0.4690037804536546,0.14185639877569842
2021-10-27,0.4740280551241279,0.47084201130615877,0.4792278768997684,0.4731092731127737,0.142115263390895
2021-10-28,0.4775028967285457,0.48125557869681634,0.48287668655795446,0.4866308957074849,0.3425992395295123
2021-10-29,0.45233833789413996,0.45542497272637117,0.4546124961433978,0.46809367124054896,0.3944351116148769
2021-11-01,0.46756896679239707,0.45568283249033026,0.4593031276729701,0.4545120414449734,0.2007845745043087
2021-11-02,0.4560338239282104,0.44458866408806896,0.45717854750957565,0.4531718806256751,0.13278313399807726
2021-11-03,0.4545521780933362,0.460408608549043,0.460682725181668,0.4709865183822059,0.18845783095918572
2021-11-04,0.46959051352217535,0.4861214420311415,0.4776091575174267,0.4942393087170461,0.31887911875016456
2021-11-05,0.4959692330448931,0.5028885252405038,0.5056977377109215,0.5047380685682283,0.2951352587119271
2021-11-08,0.5073687843601311,0.5060497867698105,0.5084268324190364,0.4972346681601793,0.16690598473618334
2021-11-09,0.5053990089490421,0.5097118913021917,0.5118294215473064,0.5190497859743171,0.24583675331199423
2021-11-10,0.5173853018760939,0.5126078548051175,0.5022136269116833,0.49550196023522824,0.23048385440823216
2021-11-11,0.5048443162487981,0.4971833779629079,0.503312288200428,0.49311417370084415,0.11292010932182114
2021-11-12,0.497941473756872,0.49656010116036886,0.4981902189044992,0.5062782533904069,0.13770969705081418
2021-11-15,0.5107610383847347,0.509739164931072,0.5179460552290508,0.5114113693643236,0.1572853833378683
2021-11-16,0.5112540985627296,0.5054299315679857,0.5177796506859108,0.5101662199463937,0.10976365477253444
2021-11-17,0.5175948524517417,0.5080940692254289,0.5228473889235878,0.5122414689762771,0.13264930059192076
2021-11-18,0.5179966964968075,0.5370921352771992,0.5267729709256096,0.5490108813057568,0.3422528197263319
2021-11-19,0.5540739097206815,0.5514591391450956,0.5555488665979376,0.5441377965355843,0.29175121402053167
2021-11-22,0.5451216132929024,0.5393868392343548,0.5284034043449796,0.5181346761611394,0.2851927102857478
2021-11-23,0.5226043438601682,0.5164757512645046,0.5184226434593282,0.5200024002880346,0.20813320879691447
2021-11-24,0.517089465769297,0.5146385004462957,0.5207152836828731,0.5200949113893667,0.11716196813219881
2021-11-26,0.5268089145280181,0.5195626301695924,0.5125129494038885,0.5011301356162741,0.16139160829267926
2021-11-29,0.5133851786110495,0.5102648021422196,0.5193733366443674,0.5153843461215346,0.1796801733013911
2021-11-30,0.5172940857431649,0.5077283546563522,0.5094678014483266,0.5017577109253111,0.2287290830664242
2021-12-01,0.5127332790967138,0.501309134186254,0.4968231631913351,0.4859183101972237,0.21245088653245403
2021-12-02,0.491778221531938,0.4846523852028165,0.49234574218583427,0.4843281193743249,0.17772841945744744
2021-12-03,0.4905455710869511,0.4789906277893483,0.4709870643920866,0.47243419210305243,0.23102585636400702
2021-12-06,0.47526070556911476,0.479993553505901,0.4710096396240472,0.4818303196383567,0.19151266014176466
2021-12-07,0.4996671843798535,0.498856987007835,0.5031166361901035,0.5058131975837101,0.18334635508369246
2021-12-08,0.5073120824396617,0.4972726371119707,0.5102203091803434,0.5057806936832421,0.11280521397612725
2021-12-09,0.505337376426793,0.49622880095209765,0.5071550943519277,0.49584450134016084,0.11549975322673625
2021-12-10,0.5036954860340705,0.4910592085688782,0.4888967484140899,0.4860483257990959,0.16427172719915953
2021-12-13,0.4868476197519907,0.47208172170980855,0.48202384446166846,0.47282423890866904,0.16920375828343848
2021-12-14,0.4649064418312256,0.45918377467023697,0.46852887246749786,0.470443953274393,0.14855287028195108
2021-12-15,0.4700737124966103,0.4795199841317067,0.4622830582917572,0.49156398767852144,0.21463263111771996
2021-12-16,0.49359549342997316,0.4823266884855697,0.4771588819741789,0.46934132095851516,0.1648954828948187
2021-12-17,0.465697803416907,0.46612367350986816,0.46438280569999524,0.475074508941073,0.24784392098778446
2021-12-20,0.4614550205852624,0.45112692155112566,0.464314829168203,0.4603802456294756,0.15321196657230945
2021-12-21,0.4663880876660997,0.465221139541803,0.46455312328334175,0.4770722486698405,0.1484879874198732
2021-12-22,0.47338584424228974,0.4718337796290787,0.478865820346304,0.4801726207144858,0.14541935479181625
2021-12-23,0.47909671375391366,0.4714618665079837,0.4871408970393838,0.480330139616754,0.08458010203927002
2021-12-27,0.4820994502379015,0.47626202519091543,0.48245277386891816,0.473334300116014,0.15812706009547042
2021-12-28,0.47788625101693666,0.4724579986115244,0.48205143641184245,0.47829239508741056,0.14434041881193965
2021-12-29,0.4811281216872519,0.4676782703560447,0.4793675172512397,0.4709915189822779,0.0811319080022231
2021-12-30,0.475507235658112,0.46607160567291483,0.47898371322432,0.4682086850422051,0.08723029688773948
2021-12-31,0.4718388679338313,0.4584449072696617,0.4691233535757914,0.4585700284034085,0.12074739642428814
2022-01-03,0.4649064418312256,0.46515669939502124,0.46712669972683973,0.4770097411689404,0.1748723065431029
2022-01-04,0.47914601977171306,0.4686105325795894,0.46807485946918104,0.4625955114613754,0.19773141240451697
2022-01-05,0.46161773044400073,0.4474176832291976,0.45807904842888925,0.44676861223346803,0.17631793405285226
2022-01-06,0.4446934398343318,0.43588217792323714,0.445939643863174,0.4412529503540425,0.1351578600867896
2022-01-07,0.4466089786258413,0.43808018446890795,0.4464101618644132,0.43775253030363653,0.11731380603245709
2022-01-10,0.43056726573478293,0.42031885351581866,0.4176819250151128,0.4324118894267312,0.2546560880394689
2022-01-11,0.43507630106254463,0.44356838242586527,0.43974043499963633,0.4517942153058367,0.16964086739024262
2022-01-12,0.46009910509577684,0.4461866507983734,0.45838005152169603,0.4510191222946754,0.12872738831006275
2022-01-13,0.45356852303823675,0.4429311464841813,0.44169444674377367,0.4310517262071449,0.13592645193500083
2022-01-14,0.4284199886596159,0.4232371318060101,0.43522037188932117,0.43567228067368097,0.11520981418838624
2022-01-18,0.423267509799571,0.41076314093027866,0.4245046617853998,0.419567848141777,0.18243479421565084
2022-01-19,0.42157631338904916,0.40836060696221355,0.41740851387248,0.40647377685322245,0.1366893757017356
2022-01-20,0.41173483223627444,0.40216205494396506,0.3928316113448066,0.3833134976197144,0.20189298450786303
2022-01-21,0.37812785050415393,0.36695427948031334,0.3462734562930968,0.33818558226987244,0.5086299491216002
2022-01-24,0.32413776101373176,0.33742437766537725,0.3125691366478791,0.34769172300676093,0.4822010188629851
2022-01-25,0.34012523728521066,0.3307547356937419,0.32658083061803467,0.3248989878785454,0.2647464733672172
2022-01-26,0.3524887212484284,0.3386132599424775,0.3224345130146212,0.3193308196983639,0.28067391568276023
2022-01-27,0.3330128442176368,0.3339457502727363,0.33262597606523736,0.3231562787534504,0.22037253052067662
2022-01-28,0.33331114562532355,0.3327283546563522,0.3254984736634835,0.34486138336600397,0.20995719741604701
2022-01-31,0.3524887212484284,0.36427898442923734,0.35746126466449435,0.3728422410689283,0.22301198935599648
2022-02-01,0.37837438059315137,0.3709610235049092,0.3741530650894104,0.3809432131855823,0.159370770538034
2022-02-02,0.4032760150876414,0.3876574432212634,0.380352951209907,0.3780378645437454,0.2530938981012384
2022-02-03,0.33763528338633736,0.33396558563919465,0.32752397364216246,0.3191958034964196,0.7138809151485637
2022-02-04,0.4060177994724256,0.4180303481106813,0.38910418971221594,0.41317708124975,0.8069858217309622
2022-02-07,0.42038310775830195,0.42542274124764456,0.4224252320859263,0.4146572588710646,0.3040886935788042
2022-02-08,0.4116584079086852,0.42096846176733105,0.4138993194821743,0.4320493459215106,0.2154531692655804
2022-02-09,0.4418484826073022,0.43109441634434187,0.4374753867262653,0.4309292115053807,0.19126459822302913
2022-02-10,0.4195449054557108,0.4156327481900227,0.4249335911926495,0.4199978997479698,0.1895392342215874
2022-02-11,0.41848241007815007,0.40712089655856387,0.3997684784544494,0.3914444733368005,0.21898765150769284
2022-02-14,0.3870078643098391,0.4043851780224139,0.394331610090627,0.40081309757170863,0.23942695336182868
2022-02-15,0.41587407243054014,0.4021967668352673,0.40931905575329786,0.40753140376845226,0.1518716320113997
2022-02-16,0.4069250301999359,0.4062977288505405,0.4098056774200022,0.415482357882946,0.13764681468808096
2022-02-17,0.4185390626926016,0.413809134186254,0.40862925699894903,0.39824028883466017,0.17541697583133728
2022-02-18,0.40549022508197136,0.38976247148666077,0.39053395440304817,0.3879840580869704,0.1739886192992633
2022-02-22,0.38073367354485615,0.37728106714271537,0.3784562053041761,0.3759626155138616,0.17840158748691928
2022-02-23,0.3865123388309543,0.3712337597937122,0.35921959931471636,0.3491068928271393,0.17612068481747062
2022-02-24,0.3282671400044375,0.37116433601110776,0.3333784837972543,0.3817658118974278,0.2979584300703966
2022-02-25,0.38108621157212247,0.38227710006942384,0.3821083761635651,0.3939197703724447,0.16995848000286018
2022-02-28,0.39033108990952353,0.3845581672121392,0.3903182355198699,0.39279213505620675,0.15424809186621072
2022-03-01,0.3918472499568572,0.382817613805415,0.3859386405195313,0.3806856822818739,0.11153796432460841
2022-03-02,0.3825604615043265,0.3773653674501637,0.37978312727163266,0.38523872864743774,0.11974381258639302
2022-03-03,0.395786800779035,0.3819746107309332,0.37028146297536535,0.3644662359483139,0.1793002784758437
2022-03-04,0.3643665409363212,0.35182981255578694,0.35498548914256756,0.3531773812857543,0.1652498380120662
2022-03-07,0.35590809358282177,0.3431245661013588,0.32292615139953906,0.3122324678961476,0.2517739019503325
2022-03-08,0.31271602199048393,0.316371615590598,0.30364188658705127,0.3050391046925632,0.2675402373853204
2022-03-09,0.3266030619037053,0.31414261628483586,0.31997381273092584,0.32136356362763535,0.2375130089554987
2022-03-10,0.357098833912679,0.35591713775662004,0.35584334795706696,0.35906058727047246,0.41224409024736663
2022-03-11,0.37627640953578384,0.36087969850242985,0.36282160299197075,0.3525948113773653,0.19164789389746242
2022-03-14,0.3585582920395434,0.3498462759099473,0.34032162180466397,0.3342351082129857,0.20893734285014884
2022-03-15,0.34312057786652855,0.3524992561737579,0.3459202793308701,0.3618059167100052,0.2139335899633908
2022-03-16,0.3709784779232305,0.37811167311316074,0.3727772802865549,0.3904968596231549,0.24518499062551002
2022-03-17,0.3913936345931021,0.3996751958742437,0.39678980201521563,0.4111743409209106,0.20509885139096237
2022-03-18,0.41196657051993185,0.41998413170683324,0.4162095182194664,0.4312342481097731,0.29958070167227774
2022-03-21,0.4332063703374996,0.4273728057125855,0.4339787341314931,0.43243939272712734,0.1808527993339084
2022-03-22,0.4365825999063185,0.4426609144103937,0.44474461141754906,0.4494289314717767,0.1717927378519619
2022-03-23,0.44594827798732845,0.44366755925815726,0.449701129012434,0.44202304276513177,0.14800800094378225
2022-03-24,0.44616768976653604,0.4325027273628881,0.436472043083576,0.4432306876825219,0.15129615503325786
2022-03-25,0.4474028055124128,0.43870127938113657,0.4475088231531579,0.4488513621634597,0.11900196074608851
2022-03-28,0.4522101422478613,0.4568952692650996,0.4608031264187906,0.46993889266712013,0.16148456482889362
2022-03-29,0.47887976727559595,0.46579143112168997,0.47569525443540606,0.47156158739048687,0.1824890744312021
2022-03-30,0.46963735423908487,0.4564638500446295,0.46381315734685835,0.4564897787734528,0.14919296338892485
2022-03-31,0.4594568942139388,0.4442874144599821,0.4510380844163173,0.43997029643557234,0.1618578580066037
2022-04-01,0.4481399304785148,0.44097490826143004,0.4478574850689925,0.4427831339760772,0.1522678642482617
2022-04-04,0.44801913073490623,0.45370673410691253,0.45230229740610584,0.46671850622074645,0.1286568373665084
2022-04-05,0.46585065207208537,0.45229842308836654,0.45260583394161047,0.4452584310117215,0.13660248734686667
2022-04-06,0.43581835663042673,0.4229891897252801,0.4224478073178869,0.41876025123014765,0.22550701213863328
2022-04-07,0.41979143554470827,0.4124714866607161,0.40868694925840365,0.41390216826019127,0.1891013249150454
2022-04-08,0.4116559426077953,0.399030546464346,0.4072785056199786,0.3972801736208345,0.11529916982578023
2022-04-11,0.3917511032221482,0.3830035455717544,0.38873546092352773,0.3805856702804337,0.13567318871796924
2022-04-12,0.3965806276656066,0.3877764554200138,0.3879754281141906,0.37891296955634673,0.1458927396200699
2022-04-13,0.3784655967260803,0.39236834275513244,0.3840473377530621,0.4026833219986398,0.13993605277146562
2022-04-14,0.40495032418706695,0.3917336110284637,0.39343738006908013,0.3835085210225228,0.13395876077961152
2022-04-18,0.38588615240490104,0.38252256272934637,0.3873107129509088,0.38890166820018407,0.11700579581669382
2022-04-19,0.3883810369055544,0.4053803431518397,0.3938324466283891,0.41555736688402617,0.14505579737758342
2022-04-20,0.4158592806252002,0.400190915402162,0.40413176912059434,0.39496739608753045,0.1592112640569546
2022-04-21,0.40161723738382266,0.39590399682634136,0.3739612257849282,0.3664539744769372,0.17520632325034652
2022-04-22,0.36974582747824375,0.36058216800555387,0.3544361835817863,0.3467216065927911,0.20557810435062696
2022-04-25,0.3489041737544067,0.3437543389864127,0.34745812921561103,0.3553426411169341,0.16822344692125268
2022-04-26,0.3527352513374257,0.3369818010512744,0.3305164460564832,0.32192363083570025,0.21408589464682948
2022-04-27,0.33001257303453885,0.32256520876723194,0.3147338505569811,0.3158028963475618,0.19976905435365722
2022-04-28,0.33980721347040405,0.3423460279678666,0.33739185836801144,0.34795425451054124,0.35307612133064536
2022-04-29,0.27901782412543447,0.26708816820390746,0.24370464573190154,0.24636706404768577,0.8710213389697536
2022-05-02,0.24229470206838738,0.23687518595656054,0.22740031153820106,0.24745969516341965,0.4580091136548594
2022-05-03,0.25044252150975027,0.24457254785282156,0.2497247075880371,0.24622704724566952,0.2257657433872069
2022-05-04,0.24820649360254415,0.24347912327680254,0.23145381985466573,0.25460305236628394,0.32926437768131306
2022-05-05,0.24524813253457584,0.2310770603986908,0.2108325996382947,0.20698983878065375,0.4433462536583757
2022-05-06,0.20506372802800582,0.20901765347614798,0.20084305949576964,0.19881635796295555,0.376225099547098
2022-05-09,0.18762172423144247,0.18397302390161652,0.17513614119051735,0.16889526743209188,0.3891099157260644
2022-05-10,0.1873135616201957,0.17724139640979863,0.17119300067474863,0.1692453094371325,0.3134558317101532
2022-05-11,0.17179942311959168,0.16491123673509867,0.15743465097437215,0.15180821698603836,0.32769211856304786
2022-05-12,0.14540344649064413,0.1680092730338193,0.1472858300285702,0.15960165219826378,0.40211569543207015
2022-05-13,0.1765599191381308,0.17992660914410386,0.17434851643100635,0.19022782733928084,0.2742818534934505
2022-05-16,0.1964351749130981,0.18393583258950708,0.18716189200510702,0.17900398047765737,0.21053654202625519
2022-05-17,0.19729803022458897,0.19289893880789444,0.19178913730005243,0.2017967156058727,0.21681144163728044
2022-05-18,0.18824791065749574,0.17828523256967166,0.1665663323023978,0.1605117614113694,0.3232761496263749
2022-05-19,0.1628109360747479,0.1643062580581176,0.16628617367376786,0.16154438532623921,0.25580384119680116
2022-05-20,0.17902275472721446,0.16363183080432409,0.16034856158147026,0.16290454854582553,0.2936736272074206
2022-05-23,0.1735621132559229,0.15828002578597633,0.15503415130923803,0.16273452814337724,0.32133626541187615
2022-05-24,0.15168996376007687,0.14132698601606664,0.14153917931506754,0.1454474536944434,0.30512328515654125
2022-05-25,0.1498681064023864,0.15508774670237024,0.15352913584520422,0.15882405888706647,0.2723998503933234
2022-05-26,0.1711411877819688,0.17735542497272638,0.17261022357004718,0.18033914069688367,0.2720080859383311
2022-05-27,0.1986539457140744,0.18985916889814536,0.19856923196552512,0.20068658238988685,0.2742004998534351
2022-05-31,0.21211448857333032,0.22361645839531885,0.213855172361896,0.22600462055446663,0.444156255843021
2022-06-01,0.24157976481029503,0.23940791431121689,0.23867413154336825,0.2333780053606433,0.38712475354306525
2022-06-02,0.2387594605921653,0.24154517504710893,0.23577823095465644,0.25251530183622034,0.29720797608291005
2022-06-03,0.2511648546705126,0.23554497669344443,0.24080222340951218,0.23670840500860107,0.2873476481797955
2022-06-06,0.25631733353055736,0.2583060597044531,0.2546661750282818,0.2489098691843022,0.4096041812996942
2022-06-07,0.24034218376352828,0.23405732420906467,0.23871301110952248,0.23995879505540668,0.2458485962681145
2022-06-08,0.24332519784039636,0.23232172964395514,0.23931501729513605,0.23085770292435098,0.17839803326641698
2022-06-09,0.23040702117693462,0.22017256768818794,0.21598727760261072,0.20570468456214758,0.18541061034244757
2022-06-10,0.19798831447378157,0.18645244470891598,0.18061941419781424,0.1732007840940914,0.253368916748643
2022-06-13,0.15250351305376814,0.14698006545670927,0.14454921024313527,0.1432971956634797,0.29293044836921744
2022-06-14,0.15250351305376814,0.13874838837647518,0.14239202141135343,0.1364963795655479,0.19440925316034802
2022-06-15,0.1508764144663856,0.15947634632549834,0.15292712965959065,0.16329959595151428,0.24536296838387162
2022-06-16,0.15388408155215344,0.13726073589209553,0.14530171797515223,0.14324718966275957,0.23594475417008842
2022-06-17,0.14564997657964146,0.14916195576713276,0.14781007708187544,0.15604872584710167,0.29457887650002984
2022-06-21,0.17227522619135666,0.17222007339085588,0.15307763120599405,0.16835020202424295,0.1983185089496856
2022-06-22,0.16847866282079732,0.17469999008231674,0.17043547622451827,0.16970036404368533,0.16210575655122608
2022-06-23,0.1830732440894411,0.1790141822870177,0.17500068979875438,0.18715245829499544,0.17645990282301033
2022-06-24,0.19288514163153608,0.1974114846771794,0.19255920354581646,0.20725487058447017,0.19487222538951282
2022-06-27,0.21610827601508759,0.20370921352771987,0.19893043567689328,0.19105292635116217,0.16908452852249783
2022-06-28,0.19840741562507697,0.1881880392740255,0.1705358105887872,0.1619494339320719,0.21255800660402846
2022-06-29,0.16823213273179988,0.1690469106416741,0.16988363722103916,0.16955034604152502,0.18322839563983567
2022-06-30,0.1718314720311614,0.15511256570465137,0.1478602442640098,0.15599871984638153,0.2876013148308616
2022-07-01,0.16285777679165742,0.1628979470395715,0.16455036408832435,0.1727507300876106,0.2053866932391661
2022-07-05,0.16931686512338823,0.18436973123078448,0.16694484369160234,0.19245309437132457,0.21760055194043654
2022-07-06,0.19697754110889226,0.1913121094912228,0.19546890010961537,0.19660359243109177,0.18517402462161914
2022-07-07,0.2001331262480585,0.19879996032926706,0.20289364306551583,0.20660479257510905,0.15487792574571205
2022-07-08,0.20383107758301894,0.19676683526728156,0.2038969867082051,0.2026543185182223,0.11435904849542827
2022-07-11,0.20126716465744637,0.18546067638599617,0.18974984134628659,0.1837020442453095,0.14043330689106642
2022-07-12,0.19180040923994773,0.1801547158583755,0.1770575442662674,0.1710505260631276,0.14290138294753088
2022-07-13,0.16650642210881833,0.1729643955172071,0.1653685908289375,0.17695123414809782,0.16648578651717255
2022-07-14,0.18233365382244898,0.1699890905484479,0.17324483842404814,0.17810137216465977,0.13250839875474651
2022-07-15,0.19347681384512977,0.19185758206882875,0.19336187845996788,0.19270312437492504,0.24305157810441064
2022-07-18,0.20580331829499793,0.20003967073291673,0.20118795887294416,0.19375325039004682,0.15902261363458933
2022-07-19,0.20925473954096102,0.2085192898938808,0.20560267090077688,0.21600592071048524,0.16527292044033778
2022-07-20,0.2236274437295071,0.23095804819994048,0.2271243920364615,0.23880865703884463,0.1995424044462405
2022-07-21,0.24623425289056527,0.2377764554200138,0.2418735435839937,0.24810977317278077,0.16277179280053428
2022-07-22,0.25515864211226985,0.24099970246950309,0.24232705491048923,0.2370584470136417,0.1335108389738496
2022-07-25,0.24374429899169187,0.2317762570663493,0.23570298018145475,0.23065767892147065,0.12936801154936284
2022-07-26,0.20969849370115629,0.2045522166022017,0.20811103000749998,0.19900388046565592,0.18556138797805322
2022-07-27,0.21719300840667605,0.22314787265694735,0.2213049989088638,0.2298075769092291,0.1672466531037479
2022-07-28,0.23819737198925123,0.2278091837746702,0.22592037966523437,0.23635836300356045,0.23614227680704714
2022-07-29,0.3039222937159481,0.30124962808687894,0.29780995166392,0.29971596591590993,0.45835556346552997
2022-08-01,0.30421812982274493,0.3071204006744024,0.3033283416987109,0.30191622994759365,0.21814233384128345
2022-08-02,0.30303478539555756,0.30020827134781314,0.30623803826250984,0.29576549185902307,0.16838164974359252
2022-08-03,0.3103813820476789,0.31533273827233954,0.3160708059608647,0.32256870824498945,0.2014077300501645
2022-08-04,0.33192811182604837,0.33055638202915794,0.33362931970792675,0.33782053846461574,0.1972641624409202
2022-08-05,0.3295614229716736,0.3270851928989388,0.33388015561859896,0.3289694763371606,0.13092041904579801
2022-08-08,0.3391760964425709,0.3338788059109391,0.3273082547589843,0.3220186422370685,0.13631046445503261
2022-08-09,0.31946355052634173,0.30770752752157093,0.316873480875016,0.3141176941232949,0.09673805345218886
2022-08-10,0.343367107955526,0.3357135773083407,0.3409537282995583,0.33842061047325683,0.14454700037676405
2022-08-11,0.34810048566427537,0.3351681047307349,0.3346828305327504,0.3281693803256391,0.11151714579476182
2022-08-12,0.3391760964425709,0.33060597044530393,0.3364893507614124,0.34272112653518433,0.1207732828858078
2022-08-15,0.34287404777753133,0.33154815035207763,0.34336175304201255,0.34087090450854113,0.0920030982266817
2022-08-16,0.34832236274437295,0.34548249528910036,0.3459202793308701,0.3488718646237549,0.15898073651497485
2022-08-17,0.34233168158173705,0.3296637905385301,0.3397998831104656,0.3354702564307717,0.12246135091113428
2022-08-18,0.3355767571432093,0.32663889715362493,0.33779319582508704,0.33647037644517347,0.08681565005441008
2022-08-19,0.3313857456302542,0.31840722007339084,0.3254229720543712,0.31611793415209827,0.12127127052183495
2022-08-22,0.30796538717550476,0.2946543687394624,0.3000173076778364,0.291064927791335,0.13016902815778514
2022-08-23,0.29657569706382664,0.28805910939204604,0.30051897949918094,0.29306516782013853,0.08279253251070666
2022-08-24,0.2933214998890615,0.2904393533670534,0.2962547690177516,0.2939652758331001,0.09071075897921546
2022-08-25,0.30569731035672904,0.30010909451552104,0.30719121472306465,0.3113673640836901,0.0869408346350666
2022-08-26,0.31205778665286105,0.30214221957750675,0.2882280198762376,0.2787134456134736,0.13970860599847662
2022-08-29,0.2792692848162119,0.2729837349995041,0.27954909736697553,0.2739128695443453,0.1218542226991946
2022-08-30,0.2859255972191406,0.27360160666468314,0.26991699839715855,0.26861223346801616,0.12597293410408172
2022-08-31,0.27705051401523545,0.2662402062878112,0.26936515939367944,0.2588110573268792,0.14079567400818918
2022-09-01,0.26003993787441754,0.25349598333829215,0.25391366729626486,0.2640616874024883,0.1507563036142785
2022-09-02,0.2772970441042329,0.2701576911633442,0.2676093080189732,0.2625115013801657,0.15340257748403247
2022-09-06,0.2695066932919163,0.25647128830705146,0.25933172296678686,0.25551066127935357,0.10759169262906382
2022-09-07,0.2606316100880112,0.26242189824456996,0.2626427569876614,0.2723626835220226,0.12141011851301536
2022-09-08,0.26852057293592685,0.26470296538728555,0.27117117795052015,0.2740628875465056,0.10858699106550654
2022-09-09,0.2842491926139585,0.28161261529306747,0.28953236661173354,0.2913149577949355,0.12670401325541536
2022-09-12,0.29995315928309046,0.2954973718139443,0.30578653362329966,0.3072168660239229,0.141389678944428
2022-09-13,0.28474225279195314,0.2702568679956362,0.26700730183335963,0.25906108733047967,0.20429588429567905
2022-09-14,0.2667652787022656,0.25756223346226315,0.2673083049261664,0.2677121254550547,0.11301563983385893
2022-09-15,0.2668441683307447,0.2651492611325994,0.2631193452179388,0.256360763291595,0.13825668691828835
2022-09-16,0.24416340014298749,0.23291679063770698,0.23906418138446373,0.2426091130935713,0.34757762885193777
2022-09-19,0.24110642703942015,0.23708221759396997,0.24458257141925466,0.24825979117494107,0.11956045681895991
2022-09-20,0.24697384315755738,0.2355266289794703,0.24127153739838014,0.23590830899707965,0.12095648861579006
2022-09-21,0.24273352562680267,0.23237131806010114,0.22777656540420954,0.21765611873424823,0.1569669938646719
2022-09-22,0.21605896999728819,0.20772587523554498,0.21678995251676214,0.21150538064567753,0.1451644444969909
2022-09-23,0.21073392007494512,0.1941386492115441,0.1957197360202877,0.19385326239148698,0.17906510310705323
2022-09-26,0.19739664226018788,0.2005355548943767,0.20108762450867512,0.20070408449013893,0.1710517795680313
2022-09-27,0.216625989201982,0.2053952196766835,0.2006862870515994,0.19700364043685242,0.16228767529329663
2022-09-28,0.2027463451914306,0.20727957949023101,0.2044488257116842,0.2150058006960836,0.14784759423799776
2022-09-29,0.20876167936296625,0.1942378260438361,0.20073645423373399,0.1989538744649358,0.15853680903957104
2022-09-30,0.20124251164854673,0.19845284141624508,0.19963277622677578,0.18995279433532025,0.16023680670932272
2022-10-03,0.19880186376747283,0.1984032530000991,0.19767625612353168,0.2043545225427052,0.1317705945914493
2022-10-04,0.22991396099893996,0.228602598433006,0.2344989678102276,0.2304076489178702,0.17134950721716316
2022-10-05,0.22345487266720904,0.22240404641475753,0.22396385956199039,0.22970756490778904,0.12268726396795904
2022-10-06,0.23425289056529347,0.22131310125954573,0.23304411952832815,0.22645717486098332,0.10280303399864973
2022-10-07,0.22059512363483963,0.20465139343449368,0.20485016316875992,0.19775373044765382,0.1442274572822789
2022-10-10,0.2062963784729926,0.19513041753446392,0.19757592175926275,0.19330319638356602,0.10308950550480239
2022-10-11,0.19451224021891872,0.1913121094912228,0.1873418166038323,0.1860023202784334,0.15007642724367096
2022-10-12,0.19342750782733026,0.1831300208271347,0.19240870199941307,0.18945273432811943,0.11438894262396837
2022-10-13,0.17069743362177353,0.1811960725974412,0.16203247321699565,0.18760251230147623,0.25155465722465653
2022-10-14,0.20136577669304528,0.18873351185163134,0.16832845457487078,0.15944913389606757,0.1877695391546684
2022-10-17,0.1816926755910559,0.18491520380839033,0.1858368011397984,0.19390326839220712,0.1712475517680635
2022-10-18,0.22582156152158367,0.21134582961420212,0.20941537674299604,0.20675481057726935,0.18066811323441112
2022-10-19,0.2043734437788131,0.19683229197659424,0.2015391291478853,0.20030403648437817,0.11928837223726083
2022-10-20,0.2000345142124596,0.20499851234751554,0.20299397742978476,0.20120414449733975,0.12461297464460105
2022-10-21,0.2047777531247688,0.21169294852722398,0.20796052846109658,0.22155658679041484,0.1475032916299571
2022-10-24,0.23035771515913522,0.2156600218189031,0.21834513516293041,0.22405688682641917,0.12706831752273687
2022-10-25,0.2287306165717526,0.22024794208072995,0.23028492451093274,0.2279573548825859,0.13174643856186277
2022-10-26,0.21073392007494512,0.21048150352077744,0.20926487519659265,0.20325439052686328,0.19198763536699728
2022-10-27,0.20047826837265487,0.18456808489536847,0.18423145131149554,0.17975157018842264,0.39404775492677396
2022-10-28,0.12151468086679978,0.13418625409104423,0.12347899374666077,0.14199703964475735,0.7058857127994385
2022-10-31,0.1493972339324014,0.1386987999603293,0.1389304858440754,0.137146457574909,0.29284260310882865
2022-11-01,0.1515173926977787,0.13726073589209553,0.11545224460514669,0.10889306716806024,0.4732830995278065
2022-11-02,0.11860562581663087,0.10334225924823953,0.09513453584068915,0.08554026483177984,0.41457433189898535
2022-11-03,0.09471686019278652,0.08231677080234057,0.08013454838248463,0.07143857262871545,0.417646782146625
2022-11-04,0.08988487044843818,0.07706039869086578,0.07521816453330732,0.07983958074969,0.3923672487889702
2022-11-07,0.09215294726721396,0.07537439254190215,0.08023488274675361,0.07758931071728614,0.22030560714926722
2022-11-08,0.08643344920247514,0.07349003272835464,0.07617134099386208,0.07483898067768135,0.2576737412758932
2022-11-09,0.07992505485294477,0.06238222751165329,0.06433188601012885,0.05563667640116815,0.26465174638908284
2022-11-10,0.097009590020462,0.10805315878210847,0.0933285172838485,0.10809297115653882,0.5401158816585541
2022-11-11,0.12139141582230106,0.12045026281860549,0.11846227553321448,0.12889546745609476,0.33398336892205
2022-11-14,0.12577965140645414,0.11514380640682331,0.12162280800768566,0.11739408729047485,0.2937817608653296
2022-11-15,0.14767152330941985,0.13334325101656253,0.12187364391835798,0.11964435732287876,0.3331357340105664
2022-11-16,0.11631289598895539,0.10705097689179804,0.11284355113415462,0.11054326519182306,0.25519131497079656
2022-11-17,0.1090156053546335,0.09952395120499846,0.10526830663185066,0.09919190302836339,0.2373836600020398
2022-11-18,0.11187535438700291,0.09466428642269159,0.0974923934010089,0.0956414769772373,0.20340957973186355
2022-11-21,0.10211276286270737,0.08985421005653071,0.08801079597759537,0.08724046885626274,0.24309310180247423
2022-11-22,0.09545645045977863,0.08157294456015068,0.08941547707736036,0.0909409129095492,0.1692803173933579
2022-11-23,0.09851342356334586,0.08767231974610729,0.09924824477571509,0.09559147097651721,0.16002041269521286
2022-11-25,0.1012252545423169,0.08692849350391746,0.100427173555875,0.09199103892467098,0.07891325086988296
2022-11-28,0.1019155387915095,0.0966974114846772,0.10225827570378293,0.09469136296355568,0.21219220863052962
2022-11-29,0.10245790498730373,0.08682931667162547,0.0922750064590247,0.08704044485338247,0.18053420647661197
2022-11-30,0.09471686019278652,0.09739164931072103,0.0927014275071677,0.10764291715005808,0.3046935979023057
2022-12-01,0.11700318023814804,0.10081325002479419,0.1097331858418179,0.10244229307516906,0.19027224718895416
2022-12-02,0.10460271676158067,0.09154021620549435,0.10401412707848912,0.09559147097651721,0.2036369798265345
2022-12-05,0.09757660922515587,0.08509372210651589,0.08916464116668799,0.0799895987518503,0.2004333068243831
2022-12-06,0.08500357468629044,0.07011802043042747,0.07451582398342482,0.0661879425531064,0.21366361590850025
2022-12-07,0.07435347484160443,0.06441535257363878,0.07240880233377739,0.06723806856822817,0.18893495005288272
2022-12-08,0.0787910164435569,0.0692254289397996,0.07441548961915584,0.0766892027043245,0.20633598352484764
2022-12-09,0.07711461183837487,0.06644847763562428,0.07817802827924059,0.07038844661359367,0.18663979715976906
2022-12-12,0.07864309839015848,0.06783695328771194,0.07436532243702143,0.07768932271872625,0.16863949076995777
2022-12-13,0.10832532110544091,0.09595358524248732,0.08765962570265412,0.08739048685842304,0.2960455459287193
2022-12-14,0.09487463944974478,0.08210899533868887,0.08439875886391407,0.0828399407928952,0.1963072102427487
2022-12-15,0.08199590760052261,0.06481205990280664,0.07235863515164287,0.06718806256750814,0.24466885179209585
2022-12-16,0.07398367970810837,0.06173757810175534,0.06864626367369264,0.06423770852502303,0.4491905257804734
2022-12-19,0.0702610753642482,0.05320837052464539,0.05750914923984185,0.04953594431331765,0.24042973699998593
2022-12-20,0.05951236348396316,0.04815035207775459,0.0566061399614215,0.05088610633275997,0.2098115643979227
2022-12-21,0.0636787219880186,0.05120003967073283,0.06102085198925422,0.05878705444653359,0.1595285299163524
2022-12-22,0.060449177822153144,0.04353862937617775,0.046171366077453146,0.043885266231947884,0.2334275025055671
2022-12-23,0.0492567117816729,0.0440345135376376,0.04960480802273581,0.051186142337080465,0.15341533400152013
2022-12-27,0.05773734684318216,0.041902211643360054,0.04993390473753789,0.0401348161779414,0.15291647614827805
2022-12-28,0.047037940980696635,0.032629177824060274,0.043362003877923216,0.03403408409009079,0.15606572889992404
2022-12-29,0.04738308310529299,0.037935138351681,0.04767638154148701,0.04583550026003125,0.14528743853086504
2022-12-30,0.048615733550279816,0.03545571754438159,0.047275044084411355,0.04493539224706966,0.16997793152482124
2023-01-03,0.0601533417153563,0.049885946642864165,0.0559790501847407,0.05403648437812536,0.21767265660514856
2023-01-04,0.06552769765549882,0.04998512347515621,0.05173992329437854,0.05063607632915956,0.19159642438349037
2023-01-05,0.05951236348396316,0.042249330556382025,0.050285075012479086,0.04053486418370211,0.18841463684416934
2023-01-06,0.04817197939008455,0.0471089953386889,0.04205765714242721,0.05533664039684766,0.2396692171666303
2023-01-09,0.0700145452752508,0.06238222751165329,0.07040211504839883,0.06173740848901871,0.17952985578063474
2023-01-10,0.07055691147104498,0.06587821084994544,0.07145562587322257,0.07428891466976045,0.18783374518113466
2023-01-11,0.0871237334516678,0.0910443320440345,0.08971648017016715,0.10039204704564553,0.305761787866536
2023-01-12,0.11670734413135125,0.1006148963602102,0.10260944597872412,0.10129215505860706,0.24617557455183053
2023-01-13,0.10314818923649632,0.10646632946543688,0.10571981127106089,0.1155438652638317,0.2471579897724938
2023-01-17,0.12533589724625893,0.10904492710502822,0.11379672759470943,0.10519262311477379,0.20449923838822742
2023-01-18,0.11828513670093432,0.11117722899930571,0.1120408762200032,0.10224226907228867,0.22722280708487647
2023-01-19,0.10590932623326671,0.09193692353466226,0.09939874632211848,0.09334120094411336,0.19198832220510562
2023-01-20,0.10157039666691314,0.10142814638500441,0.10111697231022387,0.11119334320118418,0.1869166429299084
2023-01-23,0.119813623252718,0.10354061291282352,0.11444890096245741,0.1125435052206265,0.21698936271482727
2023-01-24,0.11670734413135125,0.10507785381334916,0.11515124151233991,0.10654278513421611,0.18507589346043332
2023-01-25,0.09516061435298179,0.10086283844094013,0.09267634391610041,0.1108433011961436,0.2762057003715364
2023-01-26,0.12314177945418237,0.11202023207378753,0.11976662226871054,0.12104452534304122,0.190390903473416
2023-01-27,0.12952690875921402,0.13183080432410987,0.13286025680580538,0.13614633756050726,0.254580449159248
2023-01-30,0.13721864753593177,0.12317762570663482,0.1302515633348133,0.12769532343881268,0.19762038469088936
2023-01-31,0.1375391366516283,0.13115342655955564,0.14093717312945397,0.14059687162459494,0.18373489540057428
2023-02-01,0.14431871409905578,0.14549241297232962,0.1414388449507985,0.1506980837700525,0.2301560425831225
2023-02-02,0.18235830683134874,0.18397302390161652,0.17976657210152835,0.18950274032883946,0.4892344511446836
2023-02-03,0.1577792569583118,0.15808787067341068,0.1478602442640098,0.1418970276433172,0.4432916000162801
2023-02-06,0.1462663018021349,0.13412873152831495,0.13847898120486524,0.13584630155618677,0.23514088018176882
2023-02-07,0.13761309567832752,0.1265000495884161,0.1255860153963082,0.13549625955114614,0.3603591425789125
2023-02-08,0.14190271922688164,0.12778885252405037,0.12907263455465345,0.12519502340280836,0.21491284772925506
2023-02-09,0.13835268594531958,0.1233759793712188,0.1230274891074506,0.11614393727247269,0.17738409684441334
2023-02-10,0.119813623252718,0.10867946047803229,0.11630508670143258,0.1129935592271073,0.13776635452642
2023-02-13,0.12124349776890264,0.11296241198056134,0.11971645508657602,0.12264471736608401,0.13810420885823976
2023-02-14,0.12400463476567308,0.11911484677179407,0.12277665319677827,0.12344481337760538,0.1493117863816654
2023-02-15,0.12735744397603727,0.12035108598631361,0.12744220113528337,0.13074568948273796,0.12214160776671465
2023-02-16,0.1279491161896309,0.11767331151443017,0.12568634976057713,0.115693883265992,0.14976614979531708
2023-02-17,0.12099696767990531,0.10433402757115934,0.11339539013763372,0.11094331319758377,0.16206999429127505
2023-02-21,0.10884303429233533,0.09275513240107108,0.1064723190030778,0.09784174100892112,0.15057030718771047
2023-02-22,0.10768434287404771,0.09972230486958245,0.10913117965620434,0.1038924670960516,0.16041854540645226
2023-02-23,0.11271355668959399,0.09684617673311513,0.10346228807501001,0.10404248509821179,0.12351900157798387
2023-02-24,0.09994329807953056,0.0854904294356838,0.09668269508135868,0.09244109293115177,0.1521488745472424
2023-02-27,0.10364124941449104,0.08866408806902704,0.10080342742188347,0.09374124894987407,0.12019592877244756
2023-02-28,0.09802036338535114,0.08821779232371313,0.09969974941492526,0.09609153098371809,0.10848957008158808
2023-03-01,0.10161970268471265,0.08816820390756719,0.09302751419104172,0.08579029483538031,0.13629729116684816
2023-03-02,0.08949042230604243,0.07601904195180004,0.08700745233490614,0.08559027083249993,0.14721767033602592
2023-03-03,0.09604812267337226,0.08945750272736286,0.0983954026794292,0.09944193303196391,0.14783378745835415
2023-03-06,0.10812809703424298,0.09741644351879397,0.1038134583499512,0.09369124294915393,0.13567323873045284
2023-03-07,0.10255651702290264,0.09020132896955269,0.09899740886504282,0.09269112293475218,0.12563177561417774
2023-03-08,0.10028844020412686,0.08561440047604879,0.09598737793697504,0.09454134496139543,0.11162314558670322
2023-03-09,0.10068288834652273,0.09575523157790333,0.09598737793697504,0.08619034284114097,0.14936448953689999
2023-03-10,0.09570298054877596,0.08266388971536243,0.08628002819395642,0.07858943073168784,0.1947384319933432
2023-03-13,0.08239035574291842,0.0848953684419319,0.07561950199038303,0.08709045085410255,0.20330578048920125
2023-03-14,0.10142247861351472,0.0901021521372607,0.09864623859010152,0.0993419210305237,0.16501495938401184
2023-03-15,0.09841481152774695,0.09803629872061886,0.10045225714694217,0.10594271312557513,0.1977535245906064
2023-03-16,0.11088923403101347,0.1194584944956858,0.11319472140909587,0.12514501740208833,0.2438555054393794
2023-03-17,0.13080886522200036,0.11782207676286816,0.12245056651290426,0.1196943633235989,0.25299548020181317
2023-03-20,0.12400463476567308,0.10701180204304273,0.11364622604830604,0.11349361923430812,0.16993697796907087
2023-03-21,0.1226733722850874,0.11873946246156897,0.12518467793923255,0.12799535944313317,0.15729503574720619
2023-03-22,0.13406306239676552,0.12496280868789045,0.1282448760494348,0.11844421330559673,0.15355440204762844
2023-03-23,0.1339644503611666,0.11980561340870766,0.12327832501812297,0.11849421930631676,0.15383428857677164
2023-03-24,0.12230357715159129,0.10611921055241491,0.11715792879771847,0.11559387126455178,0.14911808136428933
2023-03-27,0.1272588319404383,0.1112764058315977,0.12056929718286191,0.11514381725807105,0.11769855540308083
2023-03-28,0.12252545423168892,0.10681344837845874,0.11660608979423936,0.11114333720046404,0.09102107643755625
2023-03-29,0.12538520326405833,0.11664088069027073,0.12799404013876248,0.1261951434172101,0.12790771371108609
2023-03-30,0.1394867243547075,0.1296241198056134,0.14028499976170594,0.13494619354322518,0.14074464793823854
2023-03-31,0.14249439144047532,0.13185559853218287,0.14500071488234545,0.14139696763611637,0.15113697196623915
2023-04-03,0.14318467568966792,0.13086383020926307,0.14239202141135343,0.1369964395727487,0.09907536353482527
2023-04-04,0.14540344649064413,0.13537637607854802,0.14580338979649687,0.1446973636836421,0.1241708376161107
2023-04-05,0.15112294455538294,0.13393831201031436,0.13898366305713794,0.13044565347841747,0.11254425883911551
2023-04-06,0.13554224293074968,0.1263597143707229,0.13421878409800658,0.13524622954754578,0.10798521085514823
2023-04-10,0.13657766930453857,0.1254586928493504,0.13306092553434318,0.13579629555546674,0.08615697897685574
2023-04-11,0.135788773019747,0.11950808291183179,0.1302515633348133,0.12454494539344724,0.16336512423532706
2023-04-12,0.1338165323077682,0.11707825052067838,0.12370474606626586,0.11409369124294916,0.15108592589129508
2023-04-13,0.12666715972684467,0.12729346424675192,0.12874654787077938,0.13694643357202868,0.18839567544454772
2023-04-14,0.14205063728028006,0.1304239809580482,0.14078667158305058,0.13749649957994964,0.1334665779258494
2023-04-17,0.14742499322042252,0.13304572051968655,0.14319469632550474,0.13864663759651158,0.09459358483804475
2023-04-18,0.15132016862658088,0.13537637607854802,0.1428435260505635,0.13644637356482775,0.09459019399165558
2023-04-19,0.1396346424081059,0.13993851036397897,0.14219135268281546,0.14644757370884504,0.15663358730972837
2023-04-20,0.14924931587900298,0.1405831597738768,0.1513217798312878,0.14399727967356085,0.15429292305652414
2023-04-21,0.16192096245346738,0.15496380045621339,0.16070304289043236,0.15974916990038807,0.2512415190622398
2023-04-24,0.16958804822128543,0.16031934939998016,0.1606528757082979,0.15599871984638153,0.19389862236846273
2023-04-25,0.15605354633533014,0.14157492809679662,0.14750907398906865,0.13779653558427013,0.17873219667694587
2023-04-26,0.15669452456672334,0.14737677278587724,0.155786659041255,0.14984798175781094,0.20138584125316855
2023-04-27,0.17207800212015872,0.16840226123177626,0.16933179821756006,0.17405088610633274,0.46191737919702136
2023-04-28,0.16995784335478142,0.16155905980362983,0.15694050423034767,0.15219826379165508,0.397750625867056
2023-05-01,0.15625077040652807,0.14048398294158482,0.14434854151459742,0.13519622354682564,0.21107786381225285
2023-05-02,0.13909227621231174,0.13388872359416837,0.14098734031158844,0.14309717166059926,0.20688099623213618
2023-05-03,0.15026008924389217,0.14410393732024196,0.15167295010622905,0.14319718366203954,0.1788159075720224
2023-05-04,0.15176392278677614,0.14127739759992064,0.15183198007359533,0.14494739368724247,0.11311150042828857
2023-05-05,0.152897961196164,0.14311216899732226,0.15302746402385958,0.15322338680641684,0.1518085629353943
2023-05-08,0.15669452456672334,0.1447733809382128,0.15879719164114414,0.1540984918190183,0.12673285378763394
2023-05-09,0.15886398934990015,0.14821977586035906,0.16108782517740372,0.15804896587590517,0.108923241663685
2023-05-10,0.17178216601336188,0.16746008132500245,0.17560269598436795,0.17590110813297594,0.22407950915294633
2023-05-11,0.18622882922860734,0.18040265793910537,0.18784348842517695,0.1858523022762732,0.21173384421818864
2023-05-12,0.19180040923994773,0.1772289993057622,0.1819664030381246,0.17625115013801668,0.12813907812862502
2023-05-15,0.18682050144220103,0.17549340474065256,0.18162275784050352,0.18095171420570472,0.13866995340706995
2023-05-16,0.18632744126420625,0.18789001289298812,0.19065285062470683,0.19195303436412375,0.20022452804444518
2023-05-17,0.20526095209920364,0.19304770405633243,0.2065558473613317,0.20245429451534186,0.18082724962311175
2023-05-18,0.2141360353031087,0.20678369532877117,0.21716620638277062,0.21570588470616486,0.2058965405021414
2023-05-19,0.22138401991963114,0.2053456312605375,0.21398059031723227,0.2062047445693484,0.14548886214154583
2023-05-22,0.21453048344550446,0.19770901517405526,0.2067063489077351,0.20000400048005768,0.19778463568958116
2023-05-23,0.2022039789956364,0.19954378657145688,0.20434849134741528,0.1999039884786174,0.18723246509561253
2023-05-24,0.20752902891797936,0.2005355548943767,0.2105692219320887,0.20870504460535272,0.17360131595780956
2023-05-25,0.21384019919631186,0.19820489933551522,0.20700735200054188,0.19995399447933754,0.18363296329063364
2023-05-26,0.21093114414614306,0.22116433601110774,0.215585940145535,0.2255070608473017,0.2846021928866998
2023-05-30,0.2421418534132091,0.22820589110383815,0.23482505449410163,0.23325799095891514,0.17635823744631565
2023-05-31,0.23760569977565765,0.22384211048299119,0.23138860251789095,0.22785734288114573,0.20121265802490293
2023-06-01,0.23385844242289772,0.23103243082415936,0.2352013083601101,0.23880865703884463,0.14321770857223673
2023-06-02,0.2547148879520746,0.24541307150649605,0.2556946022620382,0.24620954514541754,0.16618771878315214
2023-06-05,0.24702314917535678,0.24248735495388274,0.2507531348217936,0.25146017522102654,0.12179568475420482
2023-06-06,0.2554544782190666,0.25042150153724085,0.2606360697022829,0.2580109613153579,0.11427742145383576
2023-06-07,0.26501984567216424,0.25024794208072987,0.23871301110952248,0.23110773292795145,0.28087921692800405
2023-06-08,0.24529743855237535,0.24161955767132792,0.24687972668919178,0.24620954514541754,0.16917131685239953
2023-06-09,0.2505731824569189,0.24248735495388274,0.25155580973594505,0.24210905308637048,0.1332848525653822
2023-06-12,0.25027734635012194,0.24734701973618956,0.2532614939285168,0.25781093731247745,0.1335427769458868
2023-06-13,0.2704928136479057,0.25542993156798566,0.2615390789807033,0.25826099131895836,0.13051338411247498
2023-06-14,0.26349135912038063,0.24819002281067137,0.2562213576744501,0.2570608473016763,0.1367071901483996
2023-06-15,0.2561447624682592,0.2518595656054745,0.25722470131713937,0.2605112613513622,0.16350057137762158
2023-06-16,0.26847126691812734,0.2529009223445403,0.26214108516631673,0.25241028923470815,0.24281581258831353
2023-06-20,0.2549614180410719,0.24967767529505103,0.2581277105955597,0.2538604632555907,0.15173647160734458
2023-06-21,0.2582649212336366,0.2470990776554597,0.25486684375681956,0.24910989318718252,0.13575764313196884
2023-06-22,0.25663782264625395,0.26495090746801553,0.2613384102521653,0.27571308557026847,0.26317912214067757
2023-06-23,0.2753741094100535,0.2674799166914609,0.2770909054423868,0.2716125935112214,0.20174113327094242
2023-06-26,0.276458841801642,0.27070316374095016,0.27117117795052015,0.2616113933672041,0.1619363342617284
2023-06-27,0.2730074205556788,0.26373599127243874,0.2734287011465709,0.2708625035004201,0.11796432840934759
2023-06-28,0.2745359071074624,0.27065357532480405,0.2778935803565382,0.27016241949033887,0.1357971263207009
2023-06-29,0.2736977048048715,0.25964494694039464,0.27194876927360423,0.2644617354082491,0.0978258049658442
2023-06-30,0.27714912605083447,0.26948824754537337,0.28045210664539577,0.27676321158539036,0.1431361982264393
2023-07-03,0.2838054384537632,0.2724883467222057,0.2860457474533884,0.2760631275753091,0.05616149180330235
2023-07-05,0.2809456894213939,0.2702568679956362,0.2839136422126737,0.2768632235868304,0.08160325565531079
2023-07-06,0.2711337918792988,0.2570167608846573,0.2725256918681507,0.26676201144137307,0.09761538244227808
2023-07-07,0.27281019648448096,0.2681245661013587,0.27633538767944177,0.27386286354362527,0.10193113636428122
2023-07-10,0.2751768853388556,0.25974412377268663,0.26522636686758627,0.2606112733528024,0.1682711554964568
2023-07-11,0.26866849098932527,0.2621739561638401,0.27242535750388164,0.2688622634716166,0.12846845701155465
2023-07-12,0.28129083154599016,0.26956263016959225,0.2798501004597823,0.2789634756170742,0.14204313538702396
2023-07-13,0.2996819761851934,0.2864722800753743,0.2993149671279539,0.29646557586910444,0.1658758709428127
2023-07-14,0.2997805882207924,0.29629078647228,0.30608753671610645,0.29836580389646766,0.14359099841578124
2023-07-17,0.30224588911076594,0.2911831796092432,0.3018233262346771,0.2927651318158179,0.12346300093299623
2023-07-18,0.29312427581786354,0.2824556183675494,0.29251731394873415,0.28911469376325166,0.14519820959176288
2023-07-19,0.2964770850282276,0.29301795100664485,0.29841195784953356,0.30176621194543357,0.1437375249902795
2023-07-20,0.2998298942385918,0.2870747793315481,0.2823584595665054,0.27476297155658685,0.1613737338310349
2023-07-21,0.2863693513793359,0.2701081027471982,0.27776816240120195,0.2749629955594672,0.40639060915995245
2023-07-24,0.2812661785370905,0.27154616681543187,0.27744207571732793,0.2689622754730569,0.11419847841553063
2023-07-25,0.27636022976604296,0.2612317762570664,0.2783450849957484,0.27061247349681966,0.09274354971744497
2023-07-26,0.2625545447821907,0.25875235544976694,0.2662046269192083,0.2657118854262512,0.14166717487685435
2023-07-27,0.28469294677415374,0.2763562431815927,0.27463271351779805,0.266211945433452,0.13733467344117098
2023-07-28,0.2782338584424228,0.2782406029951403,0.2823584595665054,0.28601432171860636,0.1163518359150961
2023-07-31,0.2955402706900377,0.2825052067836953,0.2976594501175166,0.293365203824459,0.10162861085088781
2023-08-01,0.29726598131301935,0.28161261529306747,0.29384624260347614,0.28341400968116176,0.1029536382576455
2023-08-02,0.28052165766831844,0.26445502330655546,0.26976649685075516,0.2660119214305718,0.13205653263111006
2023-08-03,0.2673372285087395,0.26252107507686206,0.26770964238324213,0.26951234148097775,0.2658770088935233
2023-08-04,0.334294800680423,0.3309035009421798,0.33247547451883397,0.3228187382485898,0.4724776918233227
2023-08-07,0.33394965855582676,0.32549836358226714,0.3306192887798588,0.3360703284394128,0.19935832516487775
2023-08-08,0.3321253358972463,0.3170683328374492,0.3279604281267323,0.324668960275233,0.13433337762105466
2023-08-09,0.32892044474028054,0.3144897351978577,0.3213383600849832,0.31421770612473493,0.12868814184708646
2023-08-10,0.32450755614722765,0.3149360309431716,0.3232948801882273,0.31776813217586114,0.15839906799136133
2023-08-11,0.31624879816581614,0.3095804819994049,0.32083668826363854,0.31701804216505985,0.10497717001807488
2023-08-14,0.32068633976776867,0.3158286224337994,0.32459922692372334,0.32781933832059845,0.11912358777207713
2023-08-15,0.3293148928826764,0.3192393136963205,0.3219905334527312,0.31331759811177334,0.10456269322718978
2023-08-16,0.3152133717920272,0.2993652682733313,0.3108534190188804,0.3003160379245509,0.1008763797531502
2023-08-17,0.3066834307127185,0.2934890409600317,0.30342867606297985,0.2948653838460615,0.12314254427714369
2023-08-18,0.2877499198777211,0.2834721808985421,0.29148888671497775,0.291064927791335,0.12362137379778032
2023-08-21,0.2982027956512093,0.28902608350689274,0.2993149671279539,0.29836580389646766,0.10009811882477318
2023-08-22,0.3048098020363386,0.2913319448576812,0.30443201970566913,0.29621554586550386,0.07173310863457961
2023-08-23,0.3019500530039691,0.29281959734206076,0.3018734934168116,0.3025663079569549,0.10462778280753326
2023-08-24,0.31131819638586894,0.29691064167410497,0.2949002551001212,0.28416409969196305,0.10744584289017714
2023-08-25,0.2919409313906762,0.2825052067836953,0.2886293573333133,0.29126495179421535,0.1091169300102332
2023-08-28,0.2984000197224071,0.28290191411286314,0.29500058946439,0.29066487978557426,0.07564510510801935
2023-08-29,0.2964277790104282,0.28880293563423576,0.30202399496321497,0.2995159419130296,0.09077449155417017
2023-08-30,0.3040702117693465,0.2914807101061192,0.30538519616622384,0.3003160379245509,0.08240881006307985
2023-08-31,0.3047111900007396,0.3068952692650996,0.31080325183674595,0.31501780213625635,0.15790865224535364
2023-09-01,0.32638118482360773,0.3127045522166022,0.32020959848695785,0.3155678681441774,0.09859458686149317
2023-09-05,0.31787589675319866,0.30199345432906877,0.3149169607717719,0.31131735808297006,0.09741163158402635
2023-09-06,0.3109237482434731,0.300257859763959,0.30884673173350197,0.30176621194543357,0.10124181763676698
2023-09-07,0.2989916919360008,0.30313398790042645,0.3015724903240047,0.31421770612473493,0.12362542147478767
2023-09-08,0.31358627320464466,0.30720965982346515,0.31958250871027705,0.31611793415209827,0.0898403783901833
2023-09-11,0.3229051105687449,0.3308539125260339,0.3290641061336904,0.34047085650278036,0.15118434379072027
2023-09-12,0.3405073589231565,0.3277794307249826,0.33894704101417983,0.3311197343681242,0.10418570245985767
2023-09-13,0.3337524344846288,0.33759793712188824,0.34022630415860866,0.34922190662879543,0.16352292362363235
2023-09-14,0.35411581983581103,0.3419617177427353,0.3506861616336441,0.3485718286194344,0.17542066675262813
2023-09-15,0.34233168158173705,0.33060597044530393,0.3363383475431877,0.32691923030763687,0.3050387540567334
2023-09-18,0.3314350516480536,0.321580878706734,0.33197380269748933,0.32486898427811334,0.10470259148052613
2023-09-19,0.32265858047974744,0.30715064960825145,0.31361261403627594,0.3131175741088931,0.166914753591644
2023-09-20,0.32191899021275555,0.3097788356639889,0.3118065954794351,0.30141616994039283,0.11617290791954579
2023-09-21,0.2893277124473042,0.2744222949518993,0.2822581252022365,0.2716125935112214,0.1964583679732298
2023-09-22,0.28523531296994803,0.2733809382128335,0.27829491781361393,0.27056246749609963,0.161653033547037
2023-09-25,0.2766067598550404,0.2721412278091837,0.27954909736697553,0.2813137576509182,0.11535306661229042
2023-09-26,0.28035401720780023,0.2652484379648913,0.2620407508020478,0.25486058326999245,0.20547683573963565
2023-09-27,0.2588565934472303,0.2508182088664088,0.25627152485658455,0.25486058326999245,0.1838222372019613
2023-09-28,0.25037595838572096,0.24635574729743126,0.2508033020039281,0.25486058326999245,0.14381731490664051
2023-09-29,0.2708872617903015,0.2590994743627888,0.26725813774403195,0.26056126735208235,0.17001306029331315
2023-10-02,0.26635110815275004,0.26564514529405925,0.2683618157509903,0.27226267152058253,0.12206113768057644
2023-10-03,0.2701969775411089,0.2559754041455916,0.2568956046023373,0.24855982717926156,0.13384823652498568
2023-10-04,0.2603357739812144,0.25022314787265687,0.26404743808742637,0.25996119534344125,0.10930504029777541
2023-10-05,0.26354066513818003,0.2470990776554597,0.25727486849927383,0.2547605712685523,0.09415716923768008
2023-10-06,0.25096763059931465,0.25562828523256953,0.25627152485658455,0.26476177141256957,0.11808332477869801
2023-10-09,0.261124670266006,0.25731429138153317,0.2594320573310558,0.26626195143417214,0.09120008111891476
2023-10-10,0.2739442348938687,0.266984032530001,0.2759370602532941,0.2723626835220226,0.10255251813405145
2023-10-11,0.27848038853142026,0.2734801150451255,0.2837631406662704,0.284114093691243,0.09776206572255836
2023-10-12,0.29046175085669196,0.2855301001686005,0.29189022417205335,0.28661439372724734,0.1470635018540311
2023-10-13,0.2944555382984492,0.27975057026678574,0.28045210664539577,0.2739128695443453,0.11470910587325037
2023-10-16,0.28316446022237013,0.27853813349201617,0.2878517660102291,0.28771452574308926,0.10473405933521734
2023-10-17,0.2816852796883859,0.2761083011008628,0.27924809427416875,0.28231387766531985,0.1264449185827941
2023-10-18,0.2792692848162119,0.26663641773281765,0.2732280324180332,0.265611873424811,0.10428915161513466
2023-10-19,0.2825481349998767,0.2744222949518993,0.2730273636894952,0.2669620354442534,0.16517726989833934
2023-10-20,0.2701476715233095,0.25423980958048187,0.26048556815587953,0.2508100972116654,0.14999032908604318
2023-10-23,0.25328501343588977,0.2528017455122483,0.2555190171245677,0.2577609313117574,0.12282869260329404
2023-10-24,0.26861918497152576,0.2573638797976793,0.267358472108301,0.2677621314557747,0.11688521571869553
2023-10-25,0.26023716194561547,0.24516512942576607,0.2395156860236739,0.23190782893947276,0.21057589851669542
2023-10-26,0.23356260631610087,0.22185510264802144,0.2272748935828649,0.22280673680841706,0.2967373119337651
2023-10-27,0.261026058230407,0.2634136665674899,0.26324476317327494,0.26366163939672765,0.3797240162450283
2023-10-30,0.27838177649582124,0.2781910145789943,0.2784955865421518,0.2885146217546107,0.20360081746671455
2023-10-31,0.2933214998890615,0.28101755429931563,0.2942982489145076,0.2904148497819739,0.13392955348917976
2023-11-01,0.2992875280427976,0.2997619756024992,0.3043316853414003,0.3099671960635277,0.1670712559895409
2023-11-02,0.32280649853314586,0.30700188435981357,0.31817782761051205,0.31531783814057684,0.1360878022096429
2023-11-03,0.32408845499593225,0.31037389665774073,0.3230942114596894,0.31796815617874147,0.10882470373429912
2023-11-06,0.3229544165865443,0.3165228602598432,0.32765942503392564,0.32366884026083137,0.1118608349163368
2023-11-07,0.33178019377264995,0.32961420212238424,0.3383952020107006,0.338520622474697,0.14047837814130118
2023-11-08,0.34371225008012224,0.32837449171873445,0.34199871070341914,0.33537024442933167,0.11036459810733357
2023-11-09,0.3390281783891725,0.3260438361598731,0.3350841679898261,0.32796935632275875,0.08273673191565346
2023-11-10,0.3313364396124547,0.3310026777744719,0.33543533826476735,0.34277113253590435,0.12646287973274342
2023-11-13,0.33932401449596933,0.3289199642963403,0.3392480441069865,0.337920550466056,0.08088694685747176
2023-11-14,0.35372137169341517,0.3489040960031736,0.35936508414290624,0.3539724766972037,0.150884355577329
2023-11-15,0.3638784113601065,0.3490528612516115,0.3488801430768035,0.3409709165099812,0.17489424535258247
2023-11-16,0.3335552104134309,0.32936626004165415,0.33347881816152336,0.3391206944833381,0.1274750490469926
2023-11-17,0.3421837635283386,0.3388376475255379,0.3486543907571983,0.3508721046525584,0.1275581531239346
2023-11-20,0.35436234992480825,0.34578002578597633,0.35959083646251133,0.3556226747209666,0.10188617514151041
2023-11-21,0.3483470157532727,0.3329862144203114,0.343411920224147,0.34447133656038736,0.19940126921747606
2023-11-22,0.35160121292803787,0.3512843399781811,0.35881324513942714,0.35852302276273157,0.11429339210693715
2023-11-24,0.36210339471932546,0.34860656550629765,0.36257578379951183,0.35867304076489187,0.03653523956114686
2023-11-27,0.36619579419668175,0.35882177923237124,0.3704018642124881,0.3636236348361804,0.14117485532230367
2023-11-28,0.36348396321771065,0.35058960626797575,0.3636292946243356,0.3601232147857743,0.1043298384376391
2023-11-29,0.36777358676626476,0.3552514132698601,0.365836650638252,0.3565727887346482,0.09732550675307397
2023-11-30,0.3525380272662278,0.347267678270356,0.3576192662046269,0.35542265071808626,0.18135686515377772
2023-12-01,0.35865197347336236,0.34882971337895463,0.3637296289886046,0.3601232147857743,0.09512804491129032
2023-12-04,0.35495402213840194,0.33943270851928986,0.3499838210837617,0.3491719006280754,0.12294302447500588
2023-12-05,0.34657199911249176,0.3554001785182981,0.35158917091206443,0.359373124774973,0.11803568955513652
2023-12-06,0.3664423242856791,0.35182981255578694,0.3573583968575277,0.34757170860503267,0.09355832309302725
2023-12-07,0.3593915637403546,0.3521769314688088,0.36267611816378087,0.359373124774973,0.13647502219695726
2023-12-08,0.3560880605477898,0.35178022413964094,0.36297712125658765,0.36207344881385767,0.10164344455352833
2023-12-11,0.3569755688681803,0.34359813547555285,0.354147697200922,0.3544225307036844,0.13165534582420452
2023-12-12,0.35628528461898784,0.3500942179906773,0.362475449435243,0.36237348481817816,0.11177363648406946
2023-12-13,0.36910484924685055,0.35981354755529105,0.3701008611196813,0.36917430091611,0.13785325288378567
2023-12-14,0.37802923846855513,0.3651690964990577,0.3635791274422012,0.36207344881385767,0.15664011560592306
2023-12-15,0.37038680570963683,0.3653178617474957,0.3754185824259344,0.37482497899747974,0.328978112893426
2023-12-18,0.38113551758992187,0.3865664980660517,0.386304860949113,0.39532743929271513,0.17035013776455407
2023-12-19,0.40006902842491926,0.3878805910939205,0.39954899703261115,0.3939272712725527,0.10492856788649682
2023-12-20,0.3926731257549984,0.3904096003173658,0.39388010545141683,0.3855762691522983,0.1297042521450446
2023-12-21,0.3946453664669773,0.38217792323713173,0.3965891332866778,0.3941773012761532,0.08297134381046187
2023-12-22,0.3969627493035525,0.38406228305067924,0.3996493313968802,0.3920770492459095,0.06032689152872782
2023-12-26,0.39592732292976357,0.38220271744520473,0.40125468122518293,0.3920270432451895,0.045500287326719624
2023-12-27,0.39592732292976357,0.38619458494495684,0.4017061858643931,0.39167700124014887,0.06609023344983808
2023-12-28,0.3967162192145551,0.3827233958147377,0.4008533437681071,0.3918770252430292,0.052134543303353945
2023-12-29,0.39365924611098785,0.38178121590796377,0.39122124479829035,0.3846761611393367,0.0946991745276205
2024-01-02,0.38596750733427004,0.3742933650699196,0.37797710871479195,0.3746249549945994,0.119759496501255
2024-01-03,0.3744298991691935,0.3676981057225033,0.3776761056219853,0.3673240788894668,0.12671480261521412
2024-01-04,0.3566304267435841,0.34949915699692546,0.3562045516684351,0.347821738608633,0.14876801398397055
2024-01-05,0.35219288514163155,0.34558167212139246,0.3586125764108893,0.3511721406568789,0.11119375507320384
2024-01-08,0.3623006187905234,0.3595160170584152,0.36673965991667234,0.3704744569348322,0.11781777516152475
2024-01-09,0.3701402756206395,0.37097094118813845,0.3770740994363717,0.3818258190982919,0.10800037130601503
2024-01-10,0.3885314202598427,0.3844094019637012,0.3954904719979331,0.39362723526823223,0.11003175502637214
2024-01-11,0.4032246135640854,0.39804621640384796,0.4017061858643931,0.40087810537264484,0.12553849566390268
2024-01-12,0.40495032418706695,0.39323614003768714,0.4061710650743603,0.3980777693323199,0.09690289459818732
2024-01-16,0.39577940487636515,0.38723594168402264,0.3968399691973502,0.3907768932271873,0.09990524734879072
2024-01-17,0.3857209772452728,0.37315283149856193,0.3856025203992304,0.3835260231227748,0.07846231831260735
2024-01-18,0.3920321475236053,0.38121094912228504,0.3951844521869129,0.3924770972516703,0.08812100255011321
2024-01-19,0.39725858541034936,0.39105424972726366,0.3997998329432836,0.40167820138416616,0.13413709862785517
2024-01-22,0.4123462268569878,0.39745115541009624,0.4056192260708812,0.39887786534384134,0.10758327052682287
2024-01-23,0.40228779922589547,0.39328572845383314,0.4057697276172846,0.40507860943313206,0.08857376223012359
2024-01-24,0.41683307447673995,0.4046910641674104,0.4185623590615727,0.4093291194943394,0.1207507472606904
2024-01-25,0.41264206296378464,0.4046662699593374,0.40888059458144255,0.41372964755770697,0.10742030985020837
2024-01-26,0.41989004758030707,0.4156501041356738,0.42573626610680093,0.4205804696563588,0.13212234572538317
2024-01-29,0.4244262012178586,0.41847664385599515,0.43070281713811276,0.43128175381045725,0.11286097789535912
2024-01-30,0.4311318196385869,0.42065853416641863,0.42864596267059984,0.41998039764771783,0.11265107550162262
2024-01-31,0.4128885930527821,0.40717048497470987,0.4101844396451173,0.4009781173740849,0.12957843740709452
2024-02-01,0.4073170130414417,0.4108896161856589,0.4142479813980089,0.42138056566788024,0.21712711709969928
2024-02-02,0.47299262875033893,0.47406525835564806,0.47299375167746516,0.48403808457014846,0.3527472825825388
2024-02-05,0.47797253654808564,0.4643955172071804,0.4748499374164402,0.4765371844621355,0.14557218293925014
2024-02-06,0.47397874910632837,0.46518893186551624,0.474599101505768,0.47073648837860554,0.103642453526158
2024-02-07,0.47442250326652363,0.46603193493999795,0.48107066800111364,0.4776373164779774,0.11920814554520953
2024-02-08,0.47526070556911476,0.4687592978280274,0.48076966490830686,0.4741869024282915,0.10301208284599919
2024-02-09,0.48142395779404884,0.48646236239214513,0.48929959088662967,0.4972396687602512,0.151922731432993
2024-02-12,0.500653304735843,0.48839631062183864,0.49411413535607407,0.4866884026083131,0.13213263829451136
2024-02-13,0.4657939501516159,0.4663790538530198,0.46506733690021995,0.468186182341881,0.1497859847463192
2024-02-14,0.47309124078593795,0.4676683526728156,0.47775963398023913,0.47988758651038127,0.10467613154252767
2024-02-15,0.4798461652244657,0.4674699990082316,0.4742980984129612,0.47398687842541115,0.12814749689670038
2024-02-16,0.4707738579493627,0.4637508677972825,0.4721910767633136,0.4725367044045285,0.12232120259537985
2024-02-20,0.4662870103296108,0.4552712486363185,0.4650171697180856,0.46038524622954763,0.10189137643980647
2024-02-21,0.47175997830535216,0.46280868789050866,0.47204057521691023,0.4679361523382806,0.11054452635255621
2024-02-22,0.4922712817099327,0.48547059406922544,0.49526798054516685,0.49788974676961245,0.146609298480327
2024-02-23,0.4980893918102704,0.49018149360309426,0.5049502466971181,0.499939992799136,0.16102252616608967
2024-02-26,0.5050908463377954,0.49325597540414556,0.5077596088966481,0.4986398367804136,0.10985432407116474
2024-02-27,0.4970786184453812,0.4845780025785976,0.5007362033978233,0.49268912269472337,0.0657537094500825
2024-02-28,0.4890170845351675,0.4817514628582763,0.49777633965188994,0.49078889466736014,0.055880411642883515
2024-02-29,0.4918275275497374,0.49747099077655454,0.5006860362156887,0.5087910549265913,0.14131799438457834
2024-03-01,0.5102679782067401,0.5049340474065258,0.5168398688629858,0.5160919310317238,0.06855247471654734
2024-03-04,0.514113847595099,0.5119508082911831,0.5239636087260797,0.5128915469856383,0.08655819579125146
2024-03-05,0.5111554865271306,0.4960329267083209,0.5029586095663799,0.49558947073648846,0.08604747831106123
2024-03-06,0.5043019500530039,0.4937022711494595,0.5027428906832017,0.49253910469256307,0.06891847940831178
2024-03-07,0.5008012227892416,0.5012892988197957,0.505050581061387,0.5090910909309116,0.0754946442181433
2024-03-08,0.5087394916549566,0.5052315779034017,0.5081107791715893,0.5017402088250591,0.08826436166731577
2024-03-11,0.4982373098636688,0.4838341763364078,0.4937629650811328,0.48478817458094986,0.05622950211268901
2024-03-12,0.49424352242191155,0.49518992363383907,0.4963214913699904,0.5019402328279394,0.07964581039073163
2024-03-13,0.506076966693785,0.49945452742239416,0.5142311753919938,0.5077659319118295,0.06393465873016564
2024-03-14,0.5149027438798905,0.5089259149062778,0.5188214725572972,0.5187422490698885,0.10705204126001891
2024-03-15,0.5097256120109459,0.5009917683229198,0.5059535903398075,0.4970896507580909,0.20247336270939922
2024-03-18,0.5055839065157903,0.4948428047208172,0.507859943260917,0.4973896867624115,0.06611698679440708
2024-03-19,0.4977689026945739,0.4918674997520579,0.5040472374186978,0.5044905388646639,0.05154736673821153
2024-03-20,0.5072603111209721,0.503967073291679,0.5096659618177576,0.5157418890266834,0.061770775269881784
2024-03-21,0.5262332667702092,0.5182733313497966,0.5272746427469542,0.5157418890266834,0.07136373643558502
2024-03-22,0.5152084411902473,0.5075622334622631,0.5202512372481294,0.5193423210785295,0.05526324425839933
2024-03-25,0.5164805364494736,0.5161658236635922,0.5227094291727181,0.5235428251390168,0.06133171234205104
2024-03-26,0.5270320242585609,0.5134880491917088,0.5262712991042648,0.5164919790374847,0.0608099754446374
2024-03-27,0.525700761777975,0.5112565704651393,0.523060097775838,0.5241428971476578,0.07285821280516497
2024-03-28,0.5271306362941597,0.5196866012099572,0.5328431999638795,0.5268932271872624,0.08879231344936009
2024-04-01,0.5301876093977269,0.5261330953089358,0.5363047355311575,0.5298435812297477,0.05652728644263562
2024-04-02,0.5217069743362177,0.5151740553406723,0.5284094244068358,0.5284434132095852,0.06838112194518207
2024-04-03,0.525799373813574,0.525488445899038,0.5355522277991407,0.53704444533344,0.06317662285016297
2024-04-04,0.5460148411113577,0.5365466626995933,0.5365555714418299,0.5249929991598992,0.09927992792947715
2024-04-05,0.5380272662278431,0.542348507388674,0.546438506322319,0.550346041524983,0.1021974161637153
2024-04-08,0.5603135862732047,0.5474065258355647,0.5606859860485066,0.550946113533624,0.09171804040673259
2024-04-09,0.5619899908783867,0.5476544679162947,0.5576257879383043,0.5533464015681882,0.08307677346009004
2024-04-10,0.5399255479131226,0.5423480115045125,0.5499502090717314,0.5547465695883507,0.08154904879140215
2024-04-11,0.5595246899884132,0.5597044530397699,0.564197688797919,0.5702484298115775,0.09535779892685681
2024-04-12,0.5643566797327613,0.5528116631954775,0.5620404999661371,0.5556466776013123,0.09065031389151712
2024-04-15,0.5629021522076769,0.5543489040960031,0.5516057260821688,0.5430951714205705,0.12213665986500225
2024-04-16,0.5424155018119963,0.5352077754636517,0.5478933546042185,0.5415949913989679,0.07158694214996339
2024-04-17,0.5475433276631414,0.5339184766438559,0.5356525621634095,0.5313937672520703,0.06648036082953333
2024-04-18,0.5335404186080912,0.5231082019240304,0.5297830018536774,0.5210925311037324,0.06436023162408236
2024-04-19,0.5200798757488352,0.5062977288505405,0.5036458999616221,0.4981397767732128,0.14863772146165405
2024-04-22,0.5112047925449301,0.5056530794406426,0.509264624360682,0.5111413369604352,0.08836988133941448
2024-04-23,0.5168256785740699,0.5109094515521174,0.5163632806327084,0.5226927231267753,0.08544124698966109
2024-04-24,0.5259965978847718,0.5128582763066547,0.517391707866465,0.5079409529143497,0.07590083227341043
2024-04-25,0.4754086236225132,0.48110681344837836,0.4679268662818843,0.4933392007040845,0.126127639386734
2024-04-26,0.5154204570667849,0.5153228205891103,0.5171408719557926,0.5230927711325359,0.1083577871872598
2024-04-29,0.5398515888864235,0.5287612813646732,0.5334953733316276,0.5297935752290275,0.14218013625047615
2024-04-30,0.5316667899317111,0.5260835068927898,0.5104686367319091,0.499989998799856,0.27746673513842457
2024-05-01,0.5343539679017824,0.5367946047803233,0.5192980607875746,0.5199923990878905,0.27748461293423454
2024-05-02,0.5304834455045238,0.5365466626995933,0.5361040668026197,0.5485958314997801,0.14297891229963244
2024-05-03,0.5607573404333999,0.5502826539720321,0.5637461841587088,0.5560467256070729,0.09252796590556969
2024-05-06,0.5572566131696373,0.5546216403848061,0.5606358188663723,0.5684982197863744,0.07770190183838455
2024-05-07,0.5702734018686979,0.5605474561142516,0.5732026979910552,0.568798255790695,0.07544669558301781
2024-05-08,0.5629761112343761,0.5530596052762075,0.5685873172346845,0.5649977997359683,0.04906493709894927
2024-05-09,0.5700761777975001,0.5692750173559455,0.5738799549498704,0.5724986998439814,0.10651936829952124
2024-05-10,0.5714567462958855,0.5603094317167508,0.5713214286610129,0.5623974876985238,0.07575633620574698
2024-05-13,0.5657372482311467,0.5524645442824556,0.5634451810659021,0.5578469416329961,0.04493811700338521
2024-05-14,0.5451273327909671,0.5495388277298423,0.5538632492782196,0.5603472416690003,0.09094807488230472
2024-05-15,0.5557281266178538,0.5445765149261133,0.5502512121645382,0.554946593591231,0.21351790953873329
2024-05-16,0.5539038039592732,0.5475057026678568,0.5539134164603542,0.5431451774212905,0.09140250497926788
2024-05-17,0.5448314966841703,0.5375384310225132,0.553361577456875,0.5484958194983398,0.07253514549766768
2024-05-20,0.5476912457165397,0.5443072498264404,0.5530104071819337,0.5426951234148099,0.0636533051681697
2024-05-21,0.5376328180854473,0.5274223941287315,0.5403181101019146,0.5407448893867264,0.13142809243281883
2024-05-22,0.545423168897764,0.5371417236933452,0.5464460313996392,0.5406448773852863,0.05577472526250611
2024-05-23,0.5443384365061756,0.5348606565506296,0.5369569088989057,0.5302436292355084,0.07418395038918998
2024-05-24,0.5344279269284817,0.5233313497966875,0.5380605869058638,0.5287434492139058,0.053517015048793
2024-05-28,0.5259472918669723,0.5223643756818407,0.5339970451529723,0.535744289314718,0.061703468469431325
2024-05-29,0.5346744570174788,0.5314886442527026,0.5443314846726717,0.5350942113053567,0.06864630480414216
2024-05-30,0.5327515223232995,0.5179014182287017,0.5283030699807106,0.5215925911109334,0.05944379109802932
2024-05-31,0.5179104109656585,0.5073390855896063,0.5058030887934041,0.5071908629035484,0.15831750429891472
2024-06-03,0.5149520498976901,0.5048100763661607,0.5160873611309689,0.516692003040365,0.06456977392793682
2024-06-04,0.5146562137908932,0.5103639789745115,0.518696054601961,0.5216926031123736,0.0526059476372564
2024-06-05,0.5267854941695633,0.5186948328870375,0.530284673675022,0.5313937672520703,0.06900339393716065
2024-06-06,0.5348963340975765,0.5360507785381334,0.5440304815798649,0.5499959995199424,0.06651863038199632
2024-06-07,0.5504523827133101,0.5424417336110284,0.5534117446390096,0.5464955794695365,0.05535024930906336
2024-06-10,0.5463599832359538,0.5471089953386888,0.5555689334707914,0.5602972356682803,0.0769323864263092
2024-06-11,0.5611024825579962,0.5497867698105723,0.5593179269916998,0.5611473376805216,0.05282840316438053
2024-06-12,0.5658112072578458,0.5526628979470395,0.5637963513408434,0.5594471336560387,0.07523102174867202
2024-06-13,0.5563197988314474,0.5492908856491122,0.5499301421988777,0.5441452974356924,0.09436022658949234
2024-06-14,0.5414786874738062,0.529703461271447,0.5477428530578151,0.5432951954234508,0.046797904558290124
2024-06-17,0.5387175504770358,0.5360507785381334,0.5426759676622344,0.5452954354522543,0.08062467139089255
2024-06-18,0.5447082316396716,0.5325300009917683,0.5437294784870581,0.5390446853622435,0.08414971794442945
2024-06-20,0.5406404851712152,0.5435386293761776,0.5502010449824039,0.555496659599152,0.11104850548412057
2024-06-21,0.5647511278751571,0.5572498264405434,0.5659535401726253,0.5703984478137378,0.20508856215599977
2024-06-24,0.5722949485984765,0.5658038282257264,0.5632946795194987,0.5528463415609874,0.1306654020576743
2024-06-25,0.5598698321130093,0.555092730338193,0.5637461841587088,0.5566968036164341,0.1149551339509855
2024-06-26,0.5604121983088035,0.584647426361202,0.5679602274580037,0.5930511661399369,0.17898917748859294
2024-06-27,0.600276113699677,0.6096399880987801,0.6077929700727674,0.6142537104452535,0.20997557200252756
2024-06-28,0.6137120035500332,0.6047307349003272,0.5992645491099088,0.5912509501140137,0.218420016486982
2024-07-01,0.592806252003057,0.6019820489933552,0.6008698989382115,0.6110033203984477,0.09926300370502147
2024-07-02,0.611493232749057,0.6125657046513934,0.6164718925820296,0.625005000600072,0.11396001222531824
2024-07-03,0.6246086334837166,0.6105772091639392,0.6206362703710113,0.6129535544265312,0.0672747357801314
2024-07-05,0.6182481571875849,0.6131607656451453,0.6277093413801492,0.625005000600072,0.09481814088948076
2024-07-08,0.6251016936617113,0.6163840126946344,0.6266558305553256,0.6214545745489459,0.07784182343087992
2024-07-09,0.6219461085225453,0.6132599424774372,0.6320989698169147,0.6217046045525463,0.07113840018940461
2024-07-10,0.6248798165816138,0.6109788753347218,0.6253013166376951,0.6239548745849501,0.07156189589816847
2024-07-11,0.6253482237507089,0.6117717941088961,0.6010705676667495,0.6002520302436294,0.11050924421244787
2024-07-12,0.5992653403347878,0.592928691857582,0.6059372860056136,0.5974516942033046,0.06394256737090812
2024-07-15,0.5980819959076005,0.5915402162054944,0.5908866296934535,0.5886006320758492,0.09756663360741474
2024-07-16,0.6031605157409461,0.5936725180997718,0.5979602023744127,0.5901008120974518,0.0752660238188721
2024-07-17,0.5822547641939699,0.5686799563621938,0.5666057135403733,0.5646477577309279,0.12221582629240085
2024-07-18,0.5735769050612627,0.559258157294456,0.5438197794149001,0.5437452494299317,0.1321099192902874
2024-07-19,0.5319133200207085,0.5357036596251116,0.5371074104453091,0.5406448773852863,0.1055639698225074
2024-07-22,0.550945442891305,0.5363483090350094,0.5489970326111767,0.5377445293435212,0.09506166167470395
2024-07-23,0.5465079012893523,0.5578200932262223,0.5544150882816987,0.5570468456214746,0.12042048148971798
2024-07-24,0.5420703596873997,0.5382822572647029,0.5386124259093429,0.5291434972196665,0.10039778362410376
2024-07-25,0.5406404851712152,0.5305752256272934,0.5205020731588017,0.5242429091490979,0.11017290025763332
2024-07-26,0.528215368685748,0.5270752752157095,0.537759583813057,0.5374944993399209,0.0602997880967735
2024-07-29,0.5452259448265662,0.5348110681344838,0.5484953607898321,0.5409949193903267,0.07285011745115032
2024-07-30,0.5495648743929196,0.5403153823266885,0.5334452061494931,0.5335440252830341,0.0936501460129463
2024-07-31,0.5511919729803023,0.550629772885054,0.5589301346738005,0.5598971876625196,0.10084778261501853
2024-08-01,0.5720730715183788,0.5638202915798869,0.5459368345009745,0.5453454414529744,0.19676608811658813
2024-08-02,0.4609619604072677,0.4555687791331945,0.4389804021902992,0.4644857382885947,0.43353428782691783
2024-08-05,0.39913221408672933,0.42675790935237523,0.39413094136208926,0.4300816097931753,0.23915600906475598
2024-08-06,0.4361117274363336,0.4372706535753248,0.4288988052685575,0.43463215585870313,0.1618080122312664
2024-08-07,0.4599758400512783,0.44966775761182187,0.44339511421813194,0.43883265991919035,0.12332310601382546
2024-08-08,0.45314695658605125,0.4452538926906674,0.4490138386171918,0.4539844781373766,0.11067983679406218
2024-08-09,0.4592362497842862,0.4544778339779828,0.4655690087215646,0.45968516221946637,0.0832891431363516
2024-08-12,0.4678154968813943,0.4544778339779828,0.46687385712888196,0.4589850782093852,0.062189673164318546
2024-08-13,0.46618839829401176,0.46682534959833377,0.4718399064883725,0.47613713645637473,0.09274772409274412
2024-08-14,0.487389985947785,0.47297431320043637,0.48066933054403804,0.4754870584470136,0.05809203702002724
2024-08-15,0.5009491408426399,0.5008925914906277,0.5064050949790176,0.5129415529863584,0.134293420980811
2024-08-16,0.5116978527229248,0.5030248933849053,0.517793546995362,0.5102912349481938,0.06691214193974958
2024-08-19,0.5146562137908932,0.5028265397203213,0.517291373502196,0.5160919310317238,0.06571394952560776
2024-08-20,0.5160367822892784,0.5063473172666864,0.5236666190078436,0.5193923270792495,0.04946121601412928
2024-08-21,0.5258979858491728,0.5230834077159575,0.5310055760822942,0.5255430651678203,0.08061537907143669
2024-08-22,0.5330966644478958,0.5185460676385996,0.5148833487597418,0.5056406768812258,0.06877362991909744
2024-08-23,0.513177033256909,0.506148467717941,0.5126759927458255,0.5101912229467536,0.05911324859131421
2024-08-26,0.5100214481177427,0.4987017752652979,0.5079602776251859,0.5024902988358604,0.03649475278857689
2024-08-27,0.4974484135788773,0.4859168898145392,0.497676005287621,0.4905888706644798,0.06142011774225631
2024-08-28,0.4951803367601016,0.4799662798770207,0.4809703336368447,0.4789874784974198,0.058762941151074055
2024-08-29,0.49286295392352636,0.48294158484578,0.4904519310602583,0.48558827059247117,0.0499700463566044
2024-08-30,0.49069348914034955,0.5058018446890806,0.49943185666232714,0.5174920990518863,0.10672267904791716
2024-09-03,0.5142124596306981,0.5026281860557373,0.5127763271100944,0.5062407488898668,0.08801186197420072
2024-09-04,0.49907551216625984,0.49132202717445195,0.49913085356952036,0.4916389966796017,0.060888314998973556
2024-09-05,0.5016394250918323,0.5106367152633144,0.5114468967835312,0.5144417330079609,0.09585720358325309
2024-09-06,0.5126839730789143,0.5032232470494892,0.49220778243496444,0.4819378325399048,0.10017831884349987
2024-09-09,0.4993220422552573,0.4906773777645541,0.5039970702365633,0.5019902388286595,0.05873739144027741
2024-09-10,0.5139166235239012,0.5137359912724387,0.5204519059766671,0.5227427291274953,0.08273149394153609
2024-09-11,0.5267608411606637,0.5360011901219875,0.515134184670414,0.5475957114853784,0.10383976944485113
2024-09-12,0.5499593225353154,0.5480015868293167,0.5543147539174298,0.5599971996639597,0.07402494403294674
2024-09-13,0.5608066464511994,0.5534067241892293,0.5662043760832975,0.5574468936272354,0.05026190587432529
2024-09-16,0.5523753174074895,0.5400674402459585,0.5534117446390096,0.5494459335120214,0.04882866145551924
2024-09-17,0.5600670561842072,0.5581176237230981,0.5673582212723901,0.5593971276553187,0.04891600659107187
2024-09-18,0.5580948154722283,0.5548943766736091,0.5619401656018682,0.5571468576229148,0.07677778783695531
2024-09-19,0.5757956758622389,0.5657542398095805,0.5790471747097201,0.5743489218706246,0.09376548813682717
2024-09-20,0.5767324902004289,0.5699692551819895,0.573729453403467,0.5829999599951994,0.2966007345093409
2024-09-23,0.5836846387101544,0.5829118317960923,0.5895822829579573,0.5944013281593792,0.08526317587466341
2024-09-24,0.5966521213914158,0.5874739660815234,0.5873749269440409,0.5948013761651398,0.10688795696960585
2024-09-25,0.5940882084658432,0.5804314192204701,0.597558864917337,0.5876505180621676,0.04991446248231354
2024-09-26,0.5968493454626138,0.5833085391252603,0.5844150631981077,0.5807996959635155,0.08306843804615403
2024-09-27,0.5789512610014051,0.5653079440642665,0.5733782831285258,0.564847781733808,0.08195970129437342
2024-09-30,0.5614969307003919,0.5533571357730834,0.5598833111343552,0.5566467976157139,0.10089137349573826
2024-10-01,0.5504523827133101,0.541951800059506,0.5538727810428251,0.5506460775293036,0.08210170340618722
2024-10-02,0.5481843058945344,0.5439849251214915,0.5568231130241529,0.5487958555026604,0.040955266177323854
2024-10-03,0.541306116411508,0.5283149856193593,0.5409451998785954,0.5347941753010361,0.0626281626156705
2024-10-04,0.5546433942262654,0.5489437667360904,0.5546157570102366,0.5575469056286755,0.098886242995114
2024-10-07,0.540837709242413,0.529108400277695,0.5378097509951915,0.5289934792175062,0.10317127924968017
2024-10-08,0.5357345364001675,0.5265793910542497,0.5411709521982004,0.5385946313557628,0.04985091995479658
2024-10-09,0.5401967310110198,0.5402409997024694,0.5468398437793949,0.5508461015321839,0.04975433251227172
2024-10-10,0.5614476246825926,0.5515917881582861,0.5658030386262219,0.5582469896387567,0.05456195254230742
2024-10-11,0.5589823237926188,0.5604899335515223,0.5681608961865416,0.5690982917950154,0.047781973525078264
2024-10-14,0.5745137193994527,0.5600019835366459,0.5734786174927948,0.5626975237028444,0.0373221959933419
2024-10-15,0.5639129255725661,0.5529604284439155,0.559532140859414,0.5634476137136457,0.0692118826446936
2024-10-16,0.5610531765401967,0.5498363582267182,0.5646993606192637,0.5594471336560387,0.040130913744046315
2024-10-17,0.566821980622735,0.5555886144996528,0.5666558807225077,0.5626475177021244,0.04540757085042664
2024-10-18,0.5615462367181914,0.5645145294059307,0.5680605618222727,0.5699483938072569,0.0866787258767661
2024-10-21,0.565983778320144,0.5581672121392443,0.5686625680078863,0.5703484418130176,0.04407383460318863
2024-10-22,0.567462958854128,0.5683829217494794,0.5715471809806179,0.573498819858383,0.06078200512963375
2024-10-23,0.5699282597441018,0.5566795596548646,0.5550672616494468,0.5485458254990601,0.06840556137884245
2024-10-24,0.5521780933362916,0.546513934344937,0.5559201037457326,0.5568968276193142,0.03409801787290792
2024-10-25,0.5649976579641545,0.5630764653376971,0.5743314595890806,0.564147697723727,0.0598199883339547
2024-10-28,0.573453640016764,0.5618863433501934,0.5777428279742242,0.5669480337640518,0.05504805054389626
2024-10-29,0.5685969972635161,0.5680843994842805,0.5757612242799127,0.5791494979397529,0.08091891483699913
2024-10-30,0.5987476271478933,0.5886640880690271,0.598863211652833,0.5886506380765693,0.08764523379347386
2024-10-31,0.5781130586988141,0.5638202915798869,0.562793007698154,0.5569968396207545,0.21247375557412884
2024-11-01,0.6199738678105662,0.6129128235644153,0.6219401154346861,0.6146537584510141,0.2942978063421077
2024-11-04,0.6074008332717007,0.5971932956461371,0.608345310748068,0.6039024682961955,0.0902609266965794
2024-11-05,0.6053792865419223,0.6095408112664881,0.6167728956748364,0.6225047005640678,0.0638300692902622
2024-11-06,0.624953775608313,0.6478726569473371,0.6325755580471921,0.6604592551106134,0.2029560731987645
2024-11-07,0.6615881468333211,0.6711792125359516,0.6729601396654351,0.675261031323759,0.13822730291708113
2024-11-08,0.6728299188916007,0.6598398294158484,0.6742143192187965,0.6659099091891028,0.08220486248905923
2024-11-11,0.666814584720065,0.6582862243379947,0.6649333905239209,0.6592091050926112,0.08013823330441512
2024-11-12,0.6661736064886721,0.6577407517603887,0.6670404121735684,0.6695603472416691,0.09176415525079215
2024-11-13,0.6712521263220177,0.6852623227214122,0.6827427401816551,0.695513461615394,0.11600362233083666
2024-11-14,0.6947217907945664,0.6892789844292374,0.6914718298730519,0.6824118894267313,0.10402518572660921
2024-11-15,0.6582353376229568,0.6468313002082714,0.634933415607512,0.6380565667880147,0.25063123006133564
2024-11-18,0.6453664669772947,0.6335911930972923,0.64165581801353,0.6335060207224867,0.08366062252798921
2024-11-19,0.6216009663979489,0.6367152633144898,0.6307695394903515,0.648057766932032,0.06594087283460158
2024-11-20,0.6395976628947564,0.6259545770108103,0.6341307406933606,0.639406728807457,0.07117925372018777
2024-11-21,0.6421122698025294,0.6277397599920659,0.6155688833036093,0.616904028483418,0.15797109449823105
2024-11-22,0.6162759164756058,0.6067633640781512,0.6205856015170556,0.6106032723926873,0.06705107328506936
2024-11-25,0.6213544363089516,0.6201026480214221,0.6318732174973097,0.6322558707044845,0.09757478564224417
2024-11-26,0.6342726129724132,0.6501041356739065,0.645869861312825,0.6643097171660601,0.10086915795051604
2024-11-27,0.6593200700145452,0.6483189526926508,0.66222436268866,0.6537084450134019,0.05548416606935924
2024-11-29,0.6536498779676061,0.6510959039968262,0.6599166723104747,0.6644597351682202,0.044917558538453445
2024-12-02,0.6740132633187881,0.6748487553307548,0.6845994275924517,0.6785614273712848,0.09369886150615389
2024-12-03,0.6757389739417696,0.6799563621937915,0.685301266470513,0.6922130655678682,0.06933158919131138
2024-12-04,0.7035968739984717,0.7096102350490924,0.7159032475725354,0.7158158979077491,0.12444830687521247
2024-12-05,0.7138032196829625,0.7202717445204799,0.7236791608033774,0.7277673320798497,0.09909032393575762
2024-12-06,0.727214456524419,0.7450659525934741,0.74023433090775,0.7601712205464657,0.10921901549179025
2024-12-09,0.7590661440228781,0.7595953585242486,0.7656690922499229,0.7554706564787776,0.11802552701846575
2024-12-10,0.7535438700293371,0.754537340077358,0.7582955198197995,0.7502200264031684,0.06594753116325366
2024-12-11,0.7551216625989203,0.7651492611325993,0.768628955995856,0.7763231587790536,0.07990408485862156
2024-12-12,0.7719843206863399,0.7646037885549936,0.7755018599482776,0.7698723846861624,0.05595910461877056
2024-12-13,0.7649335601410152,0.7601904195180006,0.7666262820850483,0.7623214785774295,0.057839560666071196
2024-12-16,0.7739565613983186,0.7740751760388772,0.7774082128693872,0.7896747609713166,0.08712692441827072
2024-12-17,0.7846066612430047,0.7727362888029355,0.7766055379552358,0.7807736928431412,0.08177903953272443
2024-12-18,0.7766190863594904,0.7661405335713577,0.7377761389831613,0.7276173140776896,0.10622951594947616
2024-12-19,0.7477257599289995,0.7398095804819994,0.7518731171629455,0.7414689762771534,0.09501770403577103
2024-12-20,0.7227276089046668,0.7404046414757514,0.7308530678486053,0.7496199543945274,0.25625943491754977
2024-12-23,0.7482188201069941,0.7437270653575324,0.756789501012123,0.7503200384046087,0.05551206970105141
2024-12-24,0.7577348815422922,0.7549340474065257,0.767976782628108,0.7702724326919232,0.011959498543764838
2024-12-26,0.7654266203190101,0.7517603887731826,0.7706888204942973,0.760271232547906,0.01585047977158912
2024-12-27,0.7511278751571631,0.7395120499851234,0.741739346371784,0.7437692523102775,0.05316861808542697
2024-12-30,0.7238123412962554,0.7244728751363682,0.7293480523845716,0.7315177821338563,0.056349722120805246
2024-12-31,0.7381357394670021,0.7256267975800851,0.7319065786734292,0.7219666359963197,0.044674857957961556
2025-01-02,0.7335256268027512,0.7351482693642765,0.7281440400133444,0.7261171340560868,0.07513887541469226
2025-01-03,0.7358676626482263,0.7361896261033424,0.7453513834854654,0.7459695163419611,0.053663604972437176
2025-01-06,0.7569459852575007,0.7534216007140732,0.7615052161327623,0.7630715685882308,0.06811462875915124
2025-01-07,0.7624682592510417,0.7511702866210453,0.7445487085713139,0.7355682681921833,0.05555927148308823
2025-01-08,0.7392204718585904,0.7270653575324805,0.7382276436223715,0.7356682801936234,0.045387159088780146
2025-01-10,0.7307151837881813,0.7180898542100566,0.7196657862326202,0.7197163659639159,0.08465773808466999
2025-01-13,0.7139511377363608,0.7066349300803333,0.7195152846862168,0.7173160779293517,0.052820224456226514
2025-01-14,0.7256859699726352,0.7186353267876623,0.7181607707685863,0.7138156578789456,0.04431475140509823
2025-01-15,0.7374701082267092,0.7273132996132102,0.740986838639767,0.741769012281474,0.06625225055759501
2025-01-16,0.7453097650568252,0.7326688485569771,0.7387794826258506,0.7283173980877706,0.04446687604359591
2025-01-17,0.7523112195843504,0.7418922939601308,0.7526757920770969,0.7547205664679764,0.1031910241782118
2025-01-21,0.767398861030989,0.7680253892690666,0.7720403243809996,0.7785734288114576,0.09512678793086876
2025-01-22,0.7827823385844244,0.7861747495784984,0.7933613767881463,0.8000760091210946,0.10011723693017682
2025-01-23,0.7930379902867146,0.7865714569076664,0.7949667266164492,0.8021262551506181,0.04995854015120714
2025-01-24,0.7950102309986935,0.7909352375285134,0.8020904664795431,0.7992759131095732,0.04824602602388915
2025-01-27,0.7541355422429308,0.7870177526529804,0.7666222687104777,0.8021262551506181,0.1267242616429487
2025-01-28,0.7939748046249044,0.8175642169989091,0.8073580206036616,0.8157778933472017,0.10058058925421709
2025-01-29,0.8172718980351552,0.8107210155707626,0.8182442991268403,0.8103772452694324,0.0489161199527014
2025-01-30,0.8080270196977541,0.7986214420311414,0.7985285965479961,0.7982257870944514,0.06868442765331988
2025-01-31,0.8048714345585879,0.8102251314093026,0.8195486458623361,0.8134276113133578,0.08249337117037783
2025-02-03,0.7928407662155166,0.80506793613012,0.8019399649331397,0.8121274552946354,0.08623927618572873
2025-02-04,0.8172472450262556,0.8212833482098582,0.8276757293681193,0.8353302396287556,0.06099278774308188
2025-02-05,0.8074353474841605,0.800456213428543,0.8134784168240662,0.8058767052046245,0.0913944763085647
2025-02-06,0.8123166432463083,0.807100565307944,0.8175419585769576,0.8191783013961678,0.16496301641852823
2025-02-07,0.7851490274387989,0.7830506793613011,0.7776590487800595,0.770772492699124,0.22045080339170126
2025-02-10,0.775509700959002,0.7786373103243082,0.7833781075433882,0.7907248869864385,0.08001791660549723
2025-02-11,0.7822892784064295,0.7762570663493008,0.7880436554818934,0.788824658959075,0.040987507558428324
2025-02-12,0.7750905998077067,0.7650500843003075,0.7781607206014042,0.769672360683282,0.06956638446522637
2025-02-13,0.7671523309419914,0.7612813646732123,0.7749500209447985,0.7768732247869745,0.06643647987640862
2025-02-14,0.768878041564973,0.7586531786174749,0.773495172662899,0.76842221066528,0.05204812839999659
2025-02-18,0.7670044128885931,0.7557274620648616,0.7558864917337026,0.7582709925191025,0.10520822769238097
2025-02-19,0.7507334270147672,0.7434791232768027,0.7558363245515681,0.7581709805176622,0.057168156410188214
2025-02-20,0.7470601286887066,0.7350490925319845,0.74630455994602,0.7394187302476298,0.06195253730617033
2025-02-21,0.7396888790276854,0.7260240007934146,0.7108363621769548,0.7079149497939754,0.14638089480181815
2025-02-24,0.7109434706505928,0.6982792819597342,0.6991975759217591,0.6885626275153021,0.10324924537747202
2025-02-25,0.6822473682913,0.6765843498958642,0.6577594834786927,0.6890126815217827,0.15849767593822428
2025-02-26,0.6985676601829254,0.7004859664782307,0.7025587771247682,0.6967636116333962,0.09235658646087982
2025-02-27,0.7153810122525455,0.7094614698006546,0.6788798671573016,0.6687102452294278,0.09711766820782802
2025-02-28,0.6675541749870573,0.6730139839333532,0.6719567960227458,0.6864123694843383,0.13453756192083105
2025-03-03,0.6907378645563691,0.6799067737776455,0.6496825671550442,0.6501080129615555,0.10511925214986245
2025-03-04,0.6254468357863079,0.6441535257363881,0.6240070033386259,0.644007280873705,0.16481627645743321
2025-03-05,0.6485713581342605,0.6599226420708121,0.653244437086591,0.6668100172020643,0.09065443492016709
2025-03-06,0.6465991174222814,0.6390459188733512,0.6283690398252175,0.6285054206504781,0.1281760340198517
2025-03-07,0.6223898626827404,0.6216666666666667,0.5994150506563122,0.6212545505460656,0.16131452571876467
2025-03-10,0.6032098217587456,0.5942179906773777,0.5909869640577223,0.5977017242069049,0.16807091218038936
2025-03-11,0.5948277987328354,0.6113259942477437,0.6037795955020104,0.6079529543545226,0.14197656210299986
2025-03-12,0.6284545028720756,0.6179708420113061,0.6132611929254239,0.6194543345201424,0.10755598371576197
2025-03-13,0.6158568153243102,0.6048790042646037,0.5958531807247652,0.5944513341600992,0.09952556924400566
2025-03-14,0.6121342109804502,0.6037389665774076,0.6134116944718273,0.6147537704524544,0.0889426009626263
2025-03-17,0.6188398294011785,0.6054745611425171,0.6084185548339842,0.6037024442933152,0.11976725843871222
2025-03-18,0.5880235682765083,0.5806803530695229,0.5836123882839562,0.5891006920830499,0.09667187693386814
2025-03-19,0.5922638858072629,0.5904244768422097,0.5965555212746477,0.6027023242789136,0.09343110467137036
2025-03-20,0.5907353992554791,0.6070613904591886,0.5982612054672195,0.5997519702364285,0.0916914537704423
2025-03-21,0.5898971969528881,0.5955072894971735,0.5993648834741777,0.6060527263271593,0.16216172385455802
2025-03-24,0.6249044695905135,0.6284835862342556,0.6366390998000836,0.6413069568348202,0.10070787769335104
2025-03-25,0.642629982989424,0.6412278091837748,0.6530437683580531,0.6535584270112416,0.06585183060877159
2025-03-26,0.6536745309765057,0.6402360408608548,0.6365136818447475,0.6306556786814419,0.07191938513105589
2025-03-27,0.6292927051746664,0.6292274124764453,0.6332884337053231,0.6318058166980038,0.05300362356781209
2025-03-28,0.6171141187781968,0.6067638599623127,0.5961592005357855,0.5886006320758492,0.13712650481353317
2025-03-31,0.5666740625693365,0.5674402459585441,0.5586291315809937,0.5762991558987078,0.17380009890935544
2025-04-01,0.565046963981954,0.5803332341565011,0.5726759425786433,0.5858503020362444,0.09951407970943627
2025-04-02,0.5640608436259644,0.6022017256768819,0.5749836329568286,0.6050526063127575,0.14089735272154616
2025-04-03,0.5410595863225107,0.5317365863334325,0.5211040793444152,0.5170420450454054,0.2805135989994463
2025-04-04,0.46290954811034696,0.502050976891798,0.46632151645358155,0.47998759851182143,0.3725557136316796
2025-04-07,0.4375416019525183,0.5281657244867598,0.4431442783074596,0.5012901548185782,0.326436721870146
2025-04-08,0.5520794813006926,0.5405137359912724,0.4792144822621385,0.47828739448733854,0.25436288151885594
2025-04-09,0.48741463895668474,0.5739859168898145,0.4860372190324256,0.5804996599591952,0.35136698804721983
2025-04-10,0.5531149076744817,0.5453198452841416,0.5157452209488119,0.5310937312477497,0.189652345788699
2025-04-11,0.5259472918669723,0.5403153823266885,0.5265221350149373,0.5493459215105814,0.13061192204186087
2025-04-14,0.5600177501664079,0.5481503520777545,0.5326926984174761,0.5355942713125577,0.1219704350402904
2025-04-15,0.5332445825012944,0.5229098482594465,0.5261865165664577,0.5229427531303756,0.10743151264653839
2025-04-16,0.5079999013879644,0.5068164236834275,0.49346196198832604,0.49663959675161035,0.1348829114568621
2025-04-17,0.5065700268717797,0.49246256074580974,0.4964218257342594,0.48803856462775547,0.1110474185461433
2025-04-21,0.4750141754801173,0.4596846176733115,0.4627345629309674,0.4615853902468296,0.12238244121448488
2025-04-22,0.47622217291620444,0.49528910046613106,0.48312752246862667,0.4908889066688003,0.15065980286005856
2025-04-23,0.5433030101323866,0.5478528215808787,0.5375087479023847,0.5279933592031043,0.17354200448640653
2025-04-24,0.5308039346202205,0.5446791629475355,0.5374585807202502,0.5576969236308358,0.1078357602174412
2025-04-25,0.5638636195547666,0.5605474561142516,0.5640973544336502,0.5699483938072569,0.08333342418934524
2025-04-28,0.5761161649779356,0.5619359317663394,0.5610622399145151,0.5634976197143657,0.07269877634156262
2025-04-29,0.5459655350935582,0.5510056530794407,0.5550170944673123,0.5619474336920431,0.10084754588926276
2025-04-30,0.5369918398540541,0.5362987206188634,0.5307863454963666,0.5470956514781773,0.14588974887354966
2025-05-01,0.5787047309124078,0.5698061687989685,0.5741809580426772,0.5759991198943872,0.20953703587285757
2025-05-02,0.5826738653452654,0.5751264504611722,0.5686625680078863,0.5748989878785453,0.2216651431697199
2025-05-05,0.5583906515790251,0.5518198948725578,0.564298023162188,0.5567468096171542,0.07934289144580045
2025-05-06,0.5488252841259276,0.550580184468908,0.5558699365635982,0.5500460055206624,0.05965993171555552
2025-05-07,0.5537065798880754,0.5657542398095805,0.5616893296911958,0.5685482257870946,0.10863505973059268
2025-05-08,0.5826492123363658,0.5823167708023406,0.5808030260844262,0.5854002480297638,0.09876824354127034
2025-05-09,0.592239232798363,0.5841019537835961,0.5925421467038907,0.5903008361003321,0.06082384890759249
2025-05-12,0.6777112146537485,0.6682534959833383,0.6657360654380723,0.6682101852222266,0.21266808074630178
2025-05-13,0.6795355373123291,0.6840226123177625,0.6875587896665637,0.6818618234188103,0.1492810587117317
2025-05-14,0.6813598599709094,0.6695923832192799,0.6812878918997559,0.6762611513381607,0.09026114675150732
2025-05-15,0.6567068510711733,0.6445502330655558,0.6502996234952981,0.6508581029723568,0.17646662783497388
2025-05-16,0.6586790917831522,0.6444014678171178,0.6588330611763701,0.6529583550026004,0.10635299677152416
2025-05-19,0.6330153095185267,0.6432609342457601,0.6432110006596984,0.6558086970436454,0.07633327688257599
2025-05-20,0.6477232946281093,0.638152831498562,0.6501842389763889,0.6453574428931472,0.060181121809814955
2025-05-21,0.6328427384562287,0.627566200535555,0.6371909388035629,0.6306056726807219,0.1034937697465331
2025-05-22,0.6317087000468407,0.6389963304572052,0.6376926106249073,0.6405068608232989,0.09175069855853388
2025-05-23,0.6194808076325715,0.6221858573837152,0.6261039915518465,0.6299555946713606,0.0732616268346742
2025-05-27,0.6401153760816509,0.6436080531587821,0.6478765485982035,0.6551086130335642,0.07825787061375057
2025-05-28,0.6540689791189014,0.6484181295249428,0.6590136630320543,0.6486078329399529,0.05711162229870864
2025-05-29,0.6644725488745902,0.6541207973817317,0.658110653753634,0.6535084210105213,0.07761758079100792
2025-05-30,0.6487685822054583,0.6401368640285628,0.6453932730825475,0.6500580069608353,0.1342297150791809
2025-06-02,0.6494588664546508,0.6451452940593078,0.6503347405227923,0.6582589910789296,0.05899064465481228
2025-06-03,0.6599363952370387,0.6547996627987701,0.6621240283243911,0.6535584270112416,0.07241333509257246
2025-06-04,0.657199911249168,0.6509967271645344,0.6628765360564081,0.6611593391206945,0.061665555672684794
2025-06-05,0.6719917165890099,0.6739561638401269,0.6748163254044101,0.6645597471696605,0.135229421282513
2025-06-06,0.6860439316618594,0.6792120400674403,0.6895654769519423,0.6928631435772294,0.09473016893080016
2025-06-09,0.6976308458447353,0.698948725577705,0.7015052662999445,0.7099151898227789,0.08896206915541521
2025-06-10,0.7076399674580283,0.6981553109193691,0.7078764984310214,0.7130655678681443,0.06629246059442231
2025-06-11,0.710746246579395,0.7016760884657344,0.7015554334820789,0.691012921550586,0.09304135071821945
2025-06-12,0.6829869585582922,0.6777744718833681,0.6937293530691028,0.6912129455534666,0.05407832515740921
2025-06-13,0.6740132633187881,0.6801051274422295,0.6851507649241096,0.6855122614713767,0.059738978112993446
2025-06-16,0.6856001775016642,0.695031240702172,0.6950838669867333,0.7055146617594112,0.07289691246498706
2025-06-17,0.6998249636368119,0.6967668352672814,0.7099333528985344,0.6991138936672401,0.06890292886007277
2025-06-18,0.6993072504499176,0.699494198155311,0.6987962384646834,0.6876125135016204,0.1098273006591842
2025-06-20,0.6972857037201392,0.6842705543984925,0.6783827103823491,0.6734608152978359,0.21315383866300203
2025-06-23,0.6731750610161971,0.6619557671327977,0.6735626475228699,0.6673600832099853,0.08632548770498605
2025-06-24,0.6847373221901734,0.6815431915104632,0.6922995883782704,0.6888626635196224,0.08988314906617173
2025-06-25,0.6969652146044425,0.6899236338391351,0.6926256750621446,0.6849621954634557,0.06780077375113602
2025-06-26,0.6895939649434215,0.6998661112764059,0.6971407214542461,0.7106152738328602,0.13023341089502685
2025-06-27,0.7231220570470627,0.7259744123772688,0.7208697986038474,0.7415189822778736,0.3594116960867936
2025-06-30,0.7408722234548728,0.7285530100168599,0.7328095879518496,0.7219666359963197,0.15826362751739795
2025-07-01,0.7210512042994848,0.7189080630764654,0.7268396932778484,0.727317278073369,0.09281078983458393
2025-07-02,0.7221852427088726,0.7175443816324506,0.7325085848590428,0.7246169540344842,0.0649283234254769
2025-07-03,0.7324902004289624,0.7294951899236338,0.7440470367499693,0.7420690482857943,0.060721189949556637
2025-07-07,0.7383083105293002,0.7308836655757215,0.74911392214555,0.7423690842901149,0.08396627882285697
2025-07-08,0.7428198111579518,0.7294456015074878,0.7293480523845716,0.7218166179941594,0.1142666687698583
2025-07-09,0.728792249094002,0.7308836655757215,0.739582157540002,0.7377185262231469,0.0891375096137747
2025-07-10,0.7311589379483767,0.7234454031538232,0.7357192845156483,0.7363183582029844,0.06318259767487229
2025-07-11,0.7411680595616696,0.7427348011504512,0.74911392214555,0.7501200144017284,0.13035841876490792
2025-07-14,0.748514656213791,0.7426361202023207,0.7584951852046947,0.7534704164499741,0.08096038852257913
2025-07-15,0.7540862362251313,0.745661013587226,0.764590497834032,0.7567708124974999,0.0783087166387602
2025-07-16,0.7524837906466484,0.7398591688981454,0.7481607456849951,0.7409689162699524,0.09374134210973734
2025-07-17,0.7398861030988833,0.7319250223147872,0.7498162626954324,0.7444193303196385,0.06813463375259765
2025-07-18,0.7488597983383871,0.7413468213825251,0.7521741202557523,0.755670680481658,0.08806619553640119
2025-07-21,0.7522865665754506,0.757661410294555,0.7655687578856539,0.7715225827099255,0.09628074263616943
2025-07-22,0.7712447304193477,0.7591986511950807,0.7690804606350662,0.7623714845781495,0.08689888749797504
2025-07-23,0.7652787022656116,0.7531984528414161,0.7727928321130165,0.7664719766371966,0.05626174015962791
2025-07-24,0.7687301235115747,0.7889517008826737,0.7805687453438582,0.7861743409209105,0.10496527704947098
2025-07-25,0.7837684589404137,0.7714965783992859,0.7933112096060121,0.7822238668640238,0.05765289740638828
2025-07-28,0.7893400389517542,0.7804720817217098,0.7986790980943995,0.7889746769612354,0.04961103341004948
2025-07-29,0.793284520375712,0.7826043836159872,0.7889466647603137,0.78007360883306,0.07433747871139448
2025-07-30,0.7809087099080443,0.7681245661013588,0.7838296121825984,0.7759731167740129,0.07192705371187702
2025-07-31,0.8012720952592265,0.7915798869384111,0.7944148876129703,0.7955754690562868,0.3098664124218713
2025-08-01,0.7097601262234057,0.7117916294753545,0.7011039288428688,0.6987638516621997,0.369553104150327
2025-08-04,0.7106969405615957,0.6969156005157194,0.694180857708313,0.6832619914389728,0.22162066206679182
2025-08-05,0.6892488228188252,0.6912625210750768,0.70145509911781,0.693763251590191,0.1336486200320462
2025-08-06,0.6973596627468384,0.7227511653277795,0.7058241590099005,0.736568388206585,0.14471112801132957
2025-08-07,0.7284471069694056,0.7404542298918971,0.7413380089147082,0.740668880265632,0.09730085393281684
2025-08-08,0.7389985947784927,0.7284538331845681,0.7466737904065298,0.7384686162339482,0.07185104807344295
2025-08-11,0.7322929763577646,0.7247347019736189,0.7392309872650608,0.7315177821338563,0.06743576264071274
2025-08-12,0.7345117471587408,0.7269661807001885,0.7324584176769083,0.7323678841460977,0.08613538025226478
2025-08-13,0.7333777087493529,0.7340002975304968,0.7472577364065748,0.7478197383686043,0.08364685242416693
2025-08-14,0.7600029583610681,0.7746206486164832,0.7724416618380753,0.7799235908308997,0.1671259863174447
2025-08-15,0.7855434755811948,0.7794307249826441,0.7864232554989502,0.7801736208345003,0.09411916308429746
2025-08-18,0.7739319083894189,0.7686700386789646,0.7790135626976901,0.7824738968676244,0.046105998518290156
2025-08-19,0.7732662771491261,0.7618184072200734,0.7729433336594199,0.765071808617034,0.061583601882865976
2025-08-20,0.7586223898626829,0.745661013587226,0.7418145971449855,0.7440692883145978,0.08396687897266036
2025-08-21,0.7365825999063187,0.7233958147376772,0.7397326590864054,0.7347681721806618,0.06908363063170865
2025-08-22,0.7372728841555112,0.7549340474065257,0.7413380089147082,0.7692223066768014,0.08633754404770308
2025-08-25,0.7597564282720706,0.7572151145492413,0.7738965101199747,0.7647217666119936,0.037386505378940976
2025-08-26,0.7585730838448834,0.754239809580482,0.7674249436246291,0.7685722286674403,0.048961654651951
2025-08-27,0.7657717624436062,0.758554001785183,0.7764048692266979,0.7706224746969639,0.03278797087207605
2025-08-28,0.7679165742178833,0.7726371119706436,0.7774583800515217,0.7830239628755451,0.07421533155557626
2025-08-29,0.7793309173384613,0.7681865516215413,0.7781607206014042,0.7700224026883227,0.049274389380333225
2025-09-02,0.7408722234548728,0.7402062878111672,0.7464048943102891,0.751720206424771,0.09143395616313121
2025-09-03,0.7492049404629837,0.7451646335416048,0.7590971913903083,0.7549705964715767,0.049796306322687875
2025-09-04,0.7786652860981684,0.7878111673113161,0.7913045223206335,0.8034264111693405,0.15994404363273118
2025-09-05,0.7984123462268571,0.7889517008826737,0.7970737482660967,0.7866744009281115,0.08435858674683788
2025-09-08,0.7971796957818702,0.7968858474660317,0.8062041754145689,0.8042265071808619,0.0751072841958748
2025-09-09,0.8041564973004955,0.8030843994842803,0.8128764106384526,0.8162279473536826,0.052057110642054025
2025-09-10,0.8098759953652344,0.7972825547951997,0.7828573721928326,0.7766732007840942,0.16499842192276282
2025-09-11,0.7801691196410523,0.7667856788654169,0.7840689096413799,0.774772972756731,0.0869052090759041
2025-09-12,0.7745482336119123,0.7631161360706139,0.7687794575422594,0.7657718926271153,0.09027478348870663
2025-09-15,0.7759041491013978,0.7776951304175345,0.7889968319424482,0.7821738608633038,0.0727607784845842
2025-09-16,0.7872938392130759,0.788455816721214,0.7985787637301306,0.7952754330519665,0.08930018688631536
2025-09-17,0.7914108916993321,0.7805216701378558,0.7809199156187997,0.7831239748769854,0.10467508461453731
2025-09-18,0.7851490274387989,0.7764554200138846,0.7813212530758752,0.7811737408489019,0.08839271370526797
2025-09-19,0.7845080492074059,0.7798274323118118,0.7858864666501114,0.7824238908669041,0.28848077101858727
2025-09-22,0.7755836599857013,0.7620003967073291,0.774899853762664,0.7631715805896708,0.11500858395930874
2025-09-23,0.7621231171264453,0.7485867301398393,0.7375754702546234,0.7285674280913712,0.19850171467966787
2025-09-24,0.7439785025762395,0.7322225528116632,0.7344651049622867,0.7260671280553668,0.12699333213896855
2025-09-25,0.7238123412962554,0.7129326589308737,0.7195152846862168,0.7157658919070289,0.1360532435834642
2025-09-26,0.7189803515519071,0.7148170187444213,0.7272911979170585,0.723916870024403,0.10079034161050274
2025-09-29,0.7239109533318542,0.7225032232470495,0.7337125972302699,0.7358683041965037,0.10948944299319888
2025-09-30,0.7335256268027512,0.7207180402657939,0.7266390245493105,0.7228667440092813,0.12328352613429172
2025-10-01,0.7104997164903979,0.7202717445204799,0.7202176252360993,0.7281673800856103,0.10840469556272608
2025-10-02,0.7284964129872051,0.7235445799861152,0.7319316622644964,0.7370684482137857,0.09948497577813731
2025-10-03,0.7404777753124769,0.7304373698304075,0.7339132659588078,0.7225667080049607,0.1074217802172267
2025-10-06,0.7284471069694056,0.7181890310423483,0.7173079286723004,0.7295175421050528,0.10759463336310043
2025-10-07,0.7278554347558119,0.723941287315283,0.7380771420759681,0.7339180701684203,0.06593024018058481
2025-10-08,0.7379138623869044,0.7429832391153425,0.7431941946536834,0.75112013441613,0.1175808226824831
2025-10-09,0.748144861080295,0.750322324704949,0.7460035568532132,0.7637216465975918,0.11666771809578055
2025-10-10,0.7541355422429308,0.7505206783695327,0.717157427125897,0.7068648237788535,0.20320728256980225
2025-10-13,0.7121761210955797,0.7129822473470196,0.7223748140678811,0.7253670440452855,0.08798565209862033
2025-10-14,0.701599980277593,0.7062382227511653,0.7001005852001795,0.7069648357802938,0.11417862345953508
2025-10-15,0.7068510711732368,0.6982544877516611,0.7004015882929863,0.7028643437212467,0.11499178976731048
2025-10-16,0.7021669994822868,0.7026182683725081,0.7011545976968246,0.6973636836420372,0.1033392878529743
2025-10-17,0.6966940315065455,0.6838242586531785,0.6922243376050689,0.6902128255390647,0.11525010424518731
2025-10-20,0.6933412222961812,0.6931964693047704,0.7050671362314914,0.7074148897867745,0.09156377523393613
2025-10-21,0.7157754603949413,0.7260735892095606,0.7271406963706551,0.7351682201864225,0.13027925900584045
2025-10-22,0.7200650839434954,0.7096350292571655,0.7197661205968892,0.7147657718926272,0.10965402074011693
2025-10-23,0.7185859034095112,0.716056729148071,0.72809387283121,0.7304676561187344,0.06708159757090301
2025-10-24,0.7332297906959544,0.7363879797679261,0.7467560645852304,0.7460695283434013,0.0909043906449489
2025-10-27,0.7612849148238543,0.7512645046117227,0.7650169188821748,0.7598711845421451,0.08951051605324539
2025-10-28,0.764021398811725,0.7665625309927601,0.7683781200851839,0.7712725527063249,0.11896130393107424
2025-10-29,0.7810664891650025,0.7731825845482495,0.7761540333160256,0.7765231827819341,0.13541916197702109
2025-10-30,0.7583265537558861,0.7514628582763067,0.7510202750666596,0.7393187182461898,0.30285024111535147
2025-10-31,0.8719276187658704,0.8608549042943568,0.8575252027381247,0.8461315357842942,0.5165298143402908
2025-11-03,0.8978625841283929,0.9010215213726075,0.9022743292020657,0.8950374044885387,0.2819946320134302
2025-11-04,0.8733081872642556,0.893136963205395,0.8810034439770534,0.8716345961515384,0.13378595431205584
2025-11-05,0.866651874861327,0.8633343251016562,0.8684616484434377,0.8760351242149058,0.09273623455817473
2025-11-06,0.8672682000838203,0.8602598433006049,0.848444942771787,0.840230827699324,0.11530764860883591
2025-11-07,0.8364272859502504,0.8330853912526034,0.8299834197463046,0.8470816497979758,0.11654159328043207
2025-11-10,0.8632497596331634,0.8670534563126052,0.8656021190617732,0.8670340440852904,0.08354075594142388
2025-11-11,0.8635949017577595,0.8571352771992461,0.8738295369318251,0.8705344641356965,0.04048849633356982
2025-11-12,0.8725932500061633,0.8602102548844589,0.856371357549032,0.846031523782854,0.06591485300645894
2025-11-13,0.8371668762172424,0.8273827233958148,0.8200001505015463,0.8129275513061569,0.09996226824844417
2025-11-14,0.7977713679954639,0.8024893384905286,0.801889797751005,0.7984758170980519,0.09181000336160575
2025-11-17,0.7888469787737593,0.7820093226222354,0.7833279403612537,0.7893747249669962,0.1617019457560135
2025-11-18,0.763454379607031,0.7601904195180006,0.7493647580562223,0.737768532223867,0.16400059952298027
2025-11-19,0.7419323028375615,0.7281315084796193,0.7297995570237817,0.7384686162339482,0.15642271133964417
2025-11-20,0.7582772477380866,0.7463552514132697,0.7208697986038474,0.7107152858343002,0.12966042787273466
2025-11-21,0.7054951556837512,0.7205692750173559,0.713043718190871,0.7284674160899309,0.1902805659320623
2025-11-24,0.7361141927372237,0.745958544084102,0.7486122503242053,0.7564207704924593,0.14302854135420742
2025-11-25,0.7549737445455218,0.7617772488346722,0.7562878291907783,0.7733728047365684,0.0932192551249384
2025-11-26,0.7764711683060919,0.7678637310324307,0.7812209187116065,0.770822498699844,0.09028046490684541
2025-11-28,0.7789364691960654,0.775488445899038,0.7884951601211035,0.7911249349921992,0.029580003464664814
2025-12-01,0.788699060720361,0.7879450560349103,0.7986790980943995,0.7944253310397249,0.10497090512096058
2025-12-02,0.7975001848975667,0.8036794604780323,0.8052008317718798,0.7971256550786094,0.1145779998145337
2025-12-03,0.7893400389517542,0.7759595358524248,0.7904516802243476,0.7869244309317118,0.08026841913343323
2025-12-04,0.7864802899193848,0.7765545968461768,0.7713379838311173,0.7705724686962436,0.11423745147692982
2025-12-05,0.774400315558514,0.7653476147971833,0.7801021905500077,0.7726727207264874,0.07234083699632265
2025-12-08,0.7708009762591526,0.7633144897351979,0.7686791231779907,0.7594711365363844,0.07755605876782903
2025-12-09,0.7572418213642975,0.7521075076862044,0.7628597300503929,0.7646217546105534,0.04765108085295837
2025-12-10,0.766930453861894,0.7711990479024099,0.7796657360654381,0.7839240708885067,0.09125675526534846
2025-12-11,0.7763232502526936,0.7696618070018845,0.780820082926352,0.7764231707804938,0.056110859164889476
2025-12-12,0.7721815447575378,0.7595953585242486,0.7629098972325273,0.7559707164859784,0.08074873902608164
2025-12-15,0.7626161773044402,0.7489338490528613,0.7447493772998518,0.7377185262231469,0.11958165544368196
2025-12-16,0.7384808815915982,0.7277595953585242,0.7428951982481621,0.737818538224587,0.09295091481117934
2025-12-17,0.746468456475113,0.7353466230288604,0.7421908510109941,0.731367764131696,0.10874005927286176
2025-12-18,0.7516455883440576,0.7553555489437666,0.7593480273009804,0.7588210585270234,0.12953858746014926
2025-12-19,0.7568473732219017,0.7548596647823068,0.7652175876107127,0.7617714125695085,0.24714112556301848
2025-12-22,0.7659689865148043,0.7566200535554893,0.7708864791919071,0.7671720606472778,0.06948663122468667
2025-12-23,0.7681631043068808,0.7713230189427748,0.7810202499830684,0.7857242869144299,0.05938045528877797
2025-12-24,0.7833247047802185,0.7738272339581472,0.794063717338029,0.7869244309317118,0.0
2025-12-26,0.7828562976111235,0.7740255876227312,0.7933112096060121,0.7876245149417931,0.015251083489616506
2025-12-29,0.7823878904420285,0.7720916393930376,0.7912543551384991,0.7853742449093892,0.027931525321368805
2025-12-30,0.7787638981337675,0.7729346424675195,0.7883948257568346,0.7876745209425133,0.03497509680057906
2025-12-31,0.7871459211596776,0.7740255876227312,0.7879934882997589,0.7791234948193784,0.043221475179086116
2026-01-02,0.7794295293740603,0.7862640087275611,0.7608028755828798,0.7575209025083012,0.1334856060087825
2026-01-05,0.7671030249241921,0.7790340176534761,0.7732443367522267,0.7903248389806778,0.1277412354897906
2026-01-06,0.78317678672682,0.8245561836754934,0.7977760888159792,0.8296795615473858,0.1411823538606805
2026-01-07,0.820205606094224,0.8350193394822968,0.8351506395061542,0.8328299395927512,0.10274560633079624
2026-01-08,0.8372161822350419,0.8405732420906477,0.8469900944898875,0.8564827779333521,0.0936543804032258
2026-01-09,0.8446515297192023,0.8477635624318159,0.8487961130467282,0.8619334320118415,0.0771506509073063
2026-01-12,0.8553114907674482,0.8531191113755826,0.8674583048007484,0.8573828859463137,0.08151110265299988
2026-01-13,0.8543253704114588,0.846771794108896,0.8388128438019701,0.8380305636676402,0.08985987992462799
2026-01-14,0.8277987328353427,0.8151343846077556,0.8185954694017813,0.8082769932391889,0.09999174227212188
2026-01-15,0.8187264255602398,0.8120103143905583,0.8206523238692943,0.815927911349362,0.10530304469298582
2026-01-16,0.8176170401597516,0.8066547654467916,0.8195486458623361,0.8206284754170501,0.1149211521354512
2026-01-20,0.7913615856815324,0.7844391550133888,0.7840804480932707,0.78002360283234,0.1184926469496051
2026-01-21,0.7781722259201738,0.7706039869086582,0.7717393212881928,0.7815737888546628,0.11954833045876581
2026-01-22,0.7927914601977173,0.7875632252305861,0.7919065285062471,0.7967256070728488,0.06832632826813234
2026-01-23,0.7972536548085696,0.8110185460676386,0.810317884349595,0.8208284994199304,0.07454505719172563
2026-01-26,0.8220299287528043,0.8134979668749379,0.8252175374435305,0.817128055366644,0.07136777077593005
2026-01-27,0.82057540122772,0.8329862144203114,0.8279265652787916,0.8484318118174183,0.08800664400507677
2026-01-28,0.8535118211177675,0.8473420608945751,0.8452342431151812,0.8400808096971637,0.09823156624791782
2026-01-29,0.8360328378078545,0.8236635921848655,0.8212141963092002,0.8336800416049928,0.11939346847033155
2026-01-30,0.821586174592609,0.8252256272934643,0.825719209264875,0.8215285834300117,0.11724420199192587
2026-02-02,0.8137958237802925,0.8367048497470989,0.8283780699180016,0.8398307796935633,0.08710693942981776
2026-02-03,0.8466582846436408,0.8402757115937717,0.8147325963774276,0.8181281753810459,0.13022593902997462
2026-02-04,0.8165076547592636,0.8031339879004266,0.7965219092626176,0.7899747969756372,0.13296453594448376
2026-02-05,0.7477257599289995,0.7409005256372111,0.7391306529007918,0.7384686162339482,0.30703892998731414
2026-02-06,0.638217094396371,0.6671625508281266,0.6384451183569245,0.6766111933432013,0.5594406686519688
2026-02-09,0.6691319675566403,0.6739561638401269,0.6536959417258011,0.6686102332279875,0.265926044466626
2026-02-10,0.6682691122451496,0.6731622532976297,0.6690521161771604,0.6598091771012522,0.18589469450802948
2026-02-11,0.6646451199368884,0.6529306753942278,0.6493815640622375,0.6454074488938675,0.1804614183079572
2026-02-12,0.6444296526391047,0.6300704155509272,0.624649143269947,0.6230047605712685,0.2419098831259271
2026-02-13,0.6193821955969725,0.6161856590300505,0.6232193785791149,0.6189542745129415,0.18304919090854269
2026-02-17,0.6156595912531124,0.6190429435683823,0.6168230628569709,0.6307556906828822,0.19491084169519554
2026-02-18,0.6351108152750042,0.6444510562332638,0.64446518021306,0.6489578749449936,0.13197546239516847
2026-02-19,0.6436407563543132,0.6383992859268074,0.6509869138905401,0.6493079169500342,0.08085040773694188
2026-02-20,0.6483741340630624,0.6658236635921847,0.6557026290111797,0.6755610673280796,0.18158221807078598
2026-02-23,0.6648176909991865,0.6522364375681841,0.6524919293545742,0.6513581629795577,0.1405716380865828
2026-02-24,0.651874861326825,0.6618070018843599,0.6531942699044565,0.6678101372164662,0.09908012805743108
2026-02-25,0.6764785642087618,0.6679063770703163,0.6816892293568316,0.6782113853662439,0.09977768217391411
2026-02-26,0.6778098266893475,0.665228602598433,0.6637042945616266,0.6646097531703805,0.12115098049624168
2026-02-27,0.6585804797475534,0.6616582366359219,0.6629768704206768,0.6750110013201585,0.15337906494840178
2026-03-02,0.6473387076892736,0.6586829316671624,0.6542477807292802,0.6669600352042246,0.11529700261815684
2026-03-03,0.6401893351083501,0.655945651095904,0.6493313968801028,0.6686602392287075,0.10590768561740696
2026-03-04,0.6765278702265611,0.6974114846771794,0.687809625577236,0.7091150938112574,0.14440457149175673
2026-03-05,0.7036954860340705,0.711940890607954,0.715100572658384,0.7197163659639159,0.16511756166123293
2026-03-06,0.6988141902719227,0.6963205395219675,0.6997494149252382,0.6910629275513063,0.13247364341279894
2026-03-09,0.6764292581909621,0.6789645938708716,0.6725588022083594,0.6924630955714688,0.1441105814422338
2026-03-10,0.694869708847965,0.6880392740255875,0.6992477431038938,0.6966635996319561,0.0808811587460346
2026-03-11,0.7023395705445852,0.6947337102052961,0.6938296874333717,0.6882625915109815,0.0759481574195735
2026-03-12,0.6761334220841653,0.6685014380640683,0.6777761891503434,0.6726607192863145,0.10979059816454118
2026-03-13,0.6722628996869069,0.6627987702072796,0.6680939229983921,0.6633596031523783,0.0808254881834388
2026-03-16,0.666074994453073,0.6735297034612714,0.6742394028098638,0.6837120454454537,0.10265486701468887
2026-03-17,0.6881147844094373,0.6882872161063175,0.6992477431038938,0.7010141216946033,0.11185925452185452
2026-03-18,0.6935630993762789,0.6855107606863037,0.6811624739444196,0.6743609233107974,0.08810898955154864
2026-03-19,0.659714518156941,0.6556580382822573,0.6672410809021062,0.6688102572308678,0.08342108607062743
2026-03-20,0.6613909227621233,0.6478230685311911,0.6585420915199903,0.6518582229867584,0.17429037128624345
2026-03-23,0.6731750610161971,0.6739065754239809,0.6845989259206303,0.6757110853302397,0.10955005478917593
2026-03-24,0.6641027537410942,0.656798571853615,0.6702009446480396,0.6612093451214147,0.0797895229294851
2026-03-25,0.6819022261667038,0.6752454626599226,0.6865554460238746,0.6835620274432934,0.08324827293474057
2026-03-26,0.6772181544757538,0.6743280769612218,0.6726089693904939,0.6627095251430173,0.11778084927778823
2026-03-27,0.6567315040800732,0.6431617574134681,0.6325755580471921,0.6217046045525463,0.1486678423134532
2026-03-30,0.6322017602248353,0.6292770008925915,0.6367906046901298,0.6297555706684803,0.11653993620014158
2026-03-31,0.6487932352143579,0.661410294555192,0.6576591491144238,0.6663599631955837,0.15687093988863895
2026-04-01,0.6763552991642632,0.6777744718833681,0.6779768578788813,0.6778613433612035,0.11514491465548049
2026-04-02,0.6571506052313685,0.670993255975404,0.6614718549566431,0.6738608633035965,0.06679165853255298
2026-04-06,0.6731997140250967,0.6746504016661706,0.6850002633777063,0.6889626755210625,0.04656146220658139
2026-04-07,0.6803244335971206,0.6797084201130615,0.6824166534977812,0.6938632635916311,0.05579397340036714
2026-04-08,0.7422034859354585,0.7398591688981454,0.7353179470585726,0.7312677521302557,0.13227353346335446
2026-04-09,0.7493134137021424,0.7780422493305564,0.7536289685376517,0.793275193023163,0.18185748678060865
2026-04-10,0.7989300594137514,0.8109193692353466,0.8135285840062007,0.8169280313637637,0.1516788572262189
2026-04-13,0.8095555062495379,0.808787067341069,0.8162376118414617,0.8244789374724968,0.10251094442350422
2026-04-14,0.8309050119567094,0.8691857582068828,0.8464884226685429,0.8701344161299358,0.20426593015215863
2026-04-15,0.8677366072529153,0.8605573737974809,0.8736790353854217,0.8675341040924913,0.10544170930505964
2026-04-16,0.8640879619357542,0.8583754834870573,0.8586288807450829,0.8735348241789016,0.10160925601972842
2026-04-17,0.8960136084609127,0.8890211246652783,0.8882776853865507,0.877835340240829,0.1353962896011807
2026-04-20,0.8674407711461185,0.8592680749776852,0.8644733574637479,0.8664339720766494,0.09349854817260936
2026-04-21,0.8965313216478072,0.8836159873053654,0.8832107999909699,0.8745849501940235,0.10503240047081486
2026-04-22,0.8834652269309471,0.8878310026777744,0.8893813633935089,0.9018382205864706,0.08216892351833274
2026-04-23,0.8980105021817912,0.9019637012793812,0.9031271712983516,0.900438052566308,0.0922591988186171
2026-04-24,0.9206419643517494,0.9302786868987404,0.9262793258534064,0.9449933992079051,0.14122461774350162
2026-04-27,0.9378004585459656,0.9285430923336307,0.9395987127101063,0.9306416770012402,0.11164885867161303
2026-04-28,0.9128023075216329,0.9130715064960823,0.9209866881382206,0.923540824898988,0.10263863296250711
2026-04-29,0.9108300668096543,0.9372706535753249,0.926354576626608,0.9402428291394969,0.20320861290186645
2026-04-30,0.9856766018292533,0.9767926212436774,0.9186288305779008,0.9503440412849544,0.29858894411967507
2026-05-01,0.9482533343194537,0.9739908757314292,0.9516388364223775,0.966345961515382,0.13138175419966577
2026-05-04,0.9641052190419843,0.9878012496280869,0.9820150652047949,0.9852982357882947,0.12557531485434079
2026-05-05,1.0,0.9999999999999999,0.9999999999999999,0.9927991358963077,0.10165199335406111
2026-05-06,0.9842960333308681,0.9962312803729049,0.9991351177800017,1.0000000000000002,0.11046561332174124
2026-05-07,0.9947982151221557,0.9904294356838242,0.9905184025765864,0.9808977077249272,0.08159482021640756
2026-05-08,0.9780834750881346,0.9773876822374293,0.9878093747413254,0.9884486138336601,0.07772652798531708
2026-05-11,0.9692330448931292,0.9755529108400277,0.9804347989675594,0.9699963995679484,0.08920944423604243
2026-05-12,0.953824914330794,0.9458990379847266,0.9510869974188983,0.9541444973396809,0.08454002870323128
2026-05-13,0.9425831422725144,0.9611226817415454,0.9539465268005628,0.975697083650038,0.09419141778646034
2026-05-14,0.9658555826738653,0.9614197163542596,0.9711538702726835,0.961145337440493,0.06640954982106417
2026-05-15,0.9330670808372163,0.9295596548646236,0.9423584093993232,0.9457434892187062,0.09785709610975996
2026-05-18,0.9397973522668444,0.9518496479222455,0.9505853255975537,0.9493439212705526,0.07425268087834071
2026-05-19,0.9307990040184406,0.9191212932658931,0.9137626139108578,0.9217406088730649,0.0964245818732147
2026-05-20,0.9209871064763455,0.935634235842507,0.9355502211118553,0.9500940112813538,0.07692771859450505
2026-05-21,0.9379976826171634,0.955022810671427,0.9447659324699561,0.9673460815297836,0.08392494850639669
2026-05-22,0.9634149347927914,0.9564861648318953,0.9691722665783723,0.9566447973756851,0.05373002155067927
2026-05-26,0.9598895545201291,0.9540811266488148,0.9482776352193684,0.9514941793015164,0.08871406058332887
2026-05-27,0.9510637773340236,0.9695031240702173,0.966488824006,0.984298115773893,0.09549490648360737
2026-05-28,0.9812390602273007,0.9798671030447287,0.9752174120255751,0.9950494059287116,0.09739044963013219
2026-05-29,0.9764070704829526,0.9811068134483784,0.986254192095157,0.9782473896867625,0.1444661201882602
2026-06-01,0.9517294085743166,0.9408410195378359,0.941404731266947,0.9313417610113215,0.14064789712160053
2026-06-02,0.906737667332298,0.9139269066746006,0.909648904975832,0.9076389166700005,0.10132675550477488
2026-06-03,0.8946083869536277,0.893533670534563,0.8762375616742796,0.8751350162019444,0.13327876104487774
2026-06-04,0.8868180361413112,0.8872855301001686,0.8965051032566026,0.8939872784734169,0.0806508846006385
2026-06-05,0.8924142691615513,0.890012892988198,0.866555295522328,0.8551826219146299,0.14732777781995499
2026-06-08,0.8550649606784508,0.85549935535059,0.8544148374457882,0.8511321358563029,0.07494864793201031
2026-06-09,0.8602420925473955,0.8605077853813349,0.839565351533987,0.8459815177821339,0.11004353463334651
2026-06-10,0.8399033602051131,0.8289447585044133,0.8247660328043204,0.8150278033364005,0.09058825840184637
2026-06-11,0.8119221951039126,0.8193989883963105,0.8133780824597973,0.8325799095891508,0.09974108303840387
2026-06-12,0.8379557725020339,0.8254487751661211,0.8054015005004177,0.8177781333760052,0.13280180865945948
2026-06-15,0.8468801617237385,0.8474908261430131,0.8612877413982095,0.8551326159139099,0.10099531944168585
2026-06-16,0.8615733550279812,0.8559456510959039,0.8649052969019256,0.8550326039124696,0.07924265642613719
2026-06-17,0.8462884895101448,0.8380938212833481,0.8174917913948231,0.8125275033003962,0.11122851041515139
2026-06-18,0.822720213001997,0.8372012297927204,0.8175921257590922,0.8469816377965356,0.21406633976573558
2026-06-22,0.8225229889307992,0.8187047505702668,0.7986289309122651,0.7889746769612354,0.1899406877617389
2026-06-23,0.7853955575277964,0.7932658930873747,0.7974249185410379,0.7955754690562868,0.16361422974788736
2026-06-24,0.7917806868328281,0.8207869681642369,0.8021908008438118,0.7963755650678084,0.19625578073876354
2026-06-25,0.7827823385844244,0.7707031637409499,0.7650670860643093,0.7600712085450254,0.22151507571138168
2026-06-26,0.7590414910139784,0.7785381334920162,0.7679516990370409,0.7884746169540346,0.7900356741379548
2026-06-29,0.7936050094914084,0.8569374194188238,0.8064550113252414,0.825729087490499,0.2207173765977059
2026-06-30,0.809062446071543,0.8164236834275512,0.8233663684227687,0.8167280073608834,0.18273800990131814
2026-07-01,0.8208958903434165,0.8330853912526034,0.8119734013600323,0.8335300236028325,0.1413996547678266
2026-07-02,0.8300421566452185,0.8421104829911733,0.8429767199191306,0.8383806056726808,0.12295600438158702
2026-07-06,0.840840174543303,0.838738470693246,0.8419733762764411,0.8458314997799736,0.09543545831141578
2026-07-07,0.8565194882035352,0.8530695229594366,0.8511038034249133,0.8549325919110293,0.09722113403393287
2026-07-08,0.843182210388778,0.8325895070911434,0.8401673577196006,0.8431311757410891,0.060790173835291034
