Date,Open,High,Low,Close,Volume
2019-01-02,0.022346970223855456,0.021378599813563215,0.04610142710421705,0.045706068670627875,0.06856659572372506
2019-01-03,0.021173565448607767,0.01710741734921717,0.03872907072484061,0.0351749974868637,0.05607101716762089
2019-01-04,0.021304986783414637,0.023022745919055954,0.04316945417073326,0.047915384303547304,0.04465662617066559
2019-01-07,0.026721423226013397,0.027890375228096453,0.05017413548766392,0.04891878182024212,0.050376796947597856
2019-01-08,0.0331235196797206,0.03036591241966885,0.054114857951296225,0.05352152272225946,0.04424056080609452
2019-01-09,0.034756899126849095,0.032498397640693566,0.05571754412078028,0.05562037257351632,0.04403484054967219
2019-01-10,0.03440018407516565,0.03043081414372384,0.055642123595074644,0.05498519432906723,0.030894865986356684
2019-01-11,0.030542029174220886,0.02923476808498976,0.05040982463029525,0.05352152272225946,0.049682812252431256
2019-01-14,0.028533160198927043,0.029531461680973037,0.05176739409140635,0.052149905933429885,0.06794198380445442
2019-01-15,0.03198766385732338,0.030616247641199412,0.05392630663725939,0.05609905762731365,0.0617163338629074
2019-01-16,0.03718819382117328,0.04981788630611683,0.061496641896414406,0.06744941669170534,0.10321076048835008
2019-01-17,0.04555222305908291,0.04528403729248759,0.06362727174515626,0.0669707316379079,0.06772461577331375
2019-01-18,0.05125966388590503,0.04864038359709677,0.07296056179060734,0.0733501305280364,0.07754660180454861
2019-01-22,0.05063071892636689,0.047379435814196014,0.07060367036497572,0.06796492367264956,0.06673618218489985
2019-01-23,0.0474578324140662,0.043086650347296196,0.06369326470500664,0.06325171698908061,0.04571408995336607
2019-01-24,0.042651566454637024,0.04008262768803583,0.061845461827376935,0.06148426448270061,0.060978841303351725
2019-01-25,0.04575874229947763,0.042623066603551474,0.06877472261871564,0.0646049228142257,0.03824863716753525
2019-01-28,0.04071779538504422,0.03688389985627527,0.0624111157694876,0.06037960666618536,0.04402533391001237
2019-01-29,0.04602158496920461,0.040703829904629174,0.06607843882774944,0.06246004555386875,0.04080027063947139
2019-01-30,0.04386252018273529,0.03972103236788588,0.06186431695874656,0.06311363476200232,0.0636741021150132
2019-01-31,0.041065123198599895,0.044375413154823906,0.06601244586789906,0.06932733497974791,0.05341498195023145
2019-02-01,0.05159760446110667,0.04587742448445403,0.07157470963227136,0.07091988333179172,0.03935046526864821
2019-02-04,0.05071520407019553,0.04695293876987927,0.07256460403105025,0.07199692470289132,0.03497381391823433
2019-02-05,0.05223593665888582,0.04732380576494222,0.0733942298129035,0.07161029446707212,0.03399899794879261
2019-02-06,0.052536328281350186,0.04884436044428636,0.07435584151457125,0.07053325309597253,0.025545197219950237
2019-02-07,0.048696947856773976,0.04615557473072324,0.06958549326908564,0.06926289660707435,0.029373461059176688
2019-02-08,0.046631755452261,0.0426045232538374,0.06592759777656543,0.06627111502078531,0.03773887573280347
2019-02-11,0.04813371356458268,0.043364800593565345,0.07051882227364203,0.06713643031029082,0.04018893375756356
2019-02-12,0.05042419968585893,0.053452382856883474,0.07469523387979216,0.07892865250122194,0.04205463320215312
2019-02-13,0.06029018703609018,0.060869722756464184,0.08475444648439318,0.08071451597128637,0.05799050192488041
2019-02-14,0.05814050948786176,0.05300734246296451,0.07707098043690702,0.07696788487704337,0.035640905957065955
2019-02-15,0.058872714067597254,0.05983129517046698,0.08389653800542873,0.08485698278307979,0.04058375906235413
2019-02-19,0.06191417924509102,0.06017434714079123,0.08670595258483976,0.08404690038429452,0.026688820277405455
2019-02-20,0.06505890404266884,0.06433732915946927,0.08821436309724856,0.08970827169372703,0.037417534183221204
2019-02-21,0.06958355285600237,0.06443004590815121,0.09111805333362122,0.0876830656968749,0.027876978944077833
2019-02-22,0.06856973113028436,0.06383665871618471,0.09168370727573183,0.0892479976035031,0.023455706339044452
2019-02-25,0.07209933269415525,0.07111492349263093,0.09601095993317965,0.09128240908219742,0.033393998826657986
2019-02-26,0.07058798734370586,0.06945529369015208,0.09379548199310417,0.09275528617084738,0.029603076382852075
2019-02-27,0.07293479689420129,0.07102220674394899,0.09680287545218003,0.09411769747783472,0.02866534487262387
2019-02-28,0.0746620487232863,0.07104075009366301,0.09822643787325508,0.09523156077619216,0.033036001044873906
2019-03-01,0.07987196592537715,0.07771635600322985,0.09983855160836713,0.09573786227540526,0.04546434796014063
2019-03-04,0.07830429714570863,0.0731546919649737,0.09225878878358412,0.08980953199354741,0.047940870414223985
2019-03-05,0.07048773106664469,0.06576918984625196,0.09261660949830003,0.08841950424114436,0.026302388222044268
2019-03-06,0.06885134827626682,0.0641716368781326,0.0909446983347727,0.08595216354194668,0.012536688349227693
2019-03-07,0.07066744940780739,0.06508719354990727,0.08253764504067734,0.07976526036004838,0.029208593659670865
2019-03-08,0.057548010504517466,0.052857972290899946,0.07937431312323379,0.0780214255801685,0.03945443878708981
2019-03-11,0.06080185836524615,0.05986478355469116,0.08479852490961048,0.08431963736504733,0.039970109754583094
2019-03-12,0.06611773771899909,0.061387597202695265,0.08856032502766065,0.08407846872523767,0.03239845666984982
2019-03-13,0.0667798579231158,0.06361109197698911,0.08819934420821102,0.08778875549095855,0.04113617190745157
2019-03-14,0.07163225313394178,0.06553562947082203,0.09257861151726943,0.08944910881868628,0.03214211998064414
2019-03-15,0.07009045894415206,0.0686746809170023,0.09431036950097116,0.08937490308340296,0.13964243044522762
2019-03-18,0.07214303157716284,0.07047776701552227,0.09716686772188249,0.09580297490499984,0.0363404576033847
2019-03-19,0.0783385849164756,0.07291613733541286,0.09499148331021134,0.09032102620868171,0.07040848574646391
2019-03-20,0.07044043676635059,0.06482560592944808,0.0892062907044987,0.08600781784338146,0.06468386140860993
2019-03-21,0.06513401627272436,0.06389136442761673,0.08601446030122539,0.0864159493877173,0.029635964217350902
2019-03-22,0.063166573380175,0.058967911712861476,0.07739841811180276,0.07435751739890267,0.03930652917724744
2019-03-25,0.05511708346915428,0.05062513510141009,0.0756600104815287,0.07254875260060822,0.024376908286620903
2019-03-26,0.057548010504517466,0.05418459522347596,0.08101772580104499,0.07928292308054019,0.03156486996886789
2019-03-27,0.06041404510276699,0.056258611357539345,0.07984928788566154,0.07647238085542118,0.025574316656746074
2019-03-28,0.05833309588948926,0.0563613779227955,0.08224316068797438,0.08141633797079639,0.01852681343433781
2019-03-29,0.06619340859944689,0.06230315387446983,0.08790485985550811,0.08364251003029549,0.02822135910688974
2019-04-01,0.06797167429070694,0.06944075894854651,0.0909541978299735,0.09386435006998733,0.03190616689719554
2019-04-02,0.07440369913160322,0.06987051003940459,0.09672039144528449,0.09206486098856165,0.02541261813712685
2019-04-03,0.07518878451657496,0.07239296209438278,0.0984682985707594,0.09449509882006218,0.018109463388731633
2019-04-04,0.07514149021628092,0.0722995379442109,0.09999771730559248,0.09706447240537158,0.021306520612707207
2019-04-05,0.07892503424025765,0.07615795534673758,0.10160313200248677,0.10008835611947176,0.028433588413889967
2019-04-08,0.08022089806845045,0.07695206062331095,0.10396850631908361,0.10105303067859911,0.023295977663679066
2019-04-09,0.08104381889370277,0.07532648041016238,0.09961773749574121,0.09518150187179375,0.028646588529511262
2019-04-10,0.07743999321077555,0.07252375590455651,0.1002352046868632,0.09791783836151846,0.023681039392602805
2019-04-11,0.08065600563122366,0.0779516990302851,0.10375001792844185,0.10102520352788175,0.024524389669451564
2019-04-12,0.08414632499342256,0.08596749111613455,0.10927872416248213,0.10866839426528446,0.04301831526929055
2019-04-15,0.09140127065945797,0.08575261557064967,0.11030466964917146,0.10635874075363316,0.03979419409817532
2019-04-16,0.08831768227987846,0.09489883987375874,0.11337300661415212,0.1199754931839529,0.07744999379070833
2019-04-17,0.10144658004318186,0.09666455631216525,0.12232153113730831,0.12085668629081714,0.04298165903708874
2019-04-18,0.10314917485399405,0.09721575879822453,0.12542786608320594,0.11918705724622058,0.03459860141057977
2019-04-22,0.09839136824386935,0.09374972282644245,0.12206504476563595,0.11763801252158435,0.026248517263971975
2019-04-23,0.09862783974533951,0.10156932419686382,0.12372745643396249,0.1269230051528662,0.048046299904505374
2019-04-24,0.1081150763855484,0.10936089832225593,0.13200151679456446,0.13261829533827652,0.07555209167483866
2019-04-25,0.11176619636876967,0.10759518188373762,0.13200151679456446,0.12731258526324246,0.040452036433554155
2019-04-26,0.10913663327199041,0.10664225555184947,0.13128145505475086,0.13151448502545127,0.02934622582123235
2019-04-29,0.1137620158413597,0.10862284753574097,0.13770121394301515,0.13231219668016336,0.02059917523477546
2019-04-30,0.1135160854798759,0.11261205874866481,0.1367132664372428,0.13732108381395303,0.037790262974207886
2019-05-01,0.12023187612242336,0.11410684515152797,0.1377962088954779,0.13165362077926007,0.031022391990441968
2019-05-02,0.11329853169843274,0.10730556701813748,0.1309185743363293,0.1291306257785167,0.026527549984797942
2019-05-03,0.11046087368045016,0.10985604631814488,0.13561132498860595,0.13477953737936105,0.0237151262627344
2019-05-06,0.1070651429188394,0.10585749269036038,0.12939865509669696,0.1290935229108195,0.026377584885299392
2019-05-07,0.10771780426305572,0.10147590004669182,0.11912970073414869,0.11740611959864355,0.04993897765083226
2019-05-08,0.09690632721438713,0.097299840533424,0.11966167246800863,0.11898299147410818,0.02812903336316648
2019-05-09,0.09364302049364498,0.0926286330242671,0.11447494806290259,0.11782352685984815,0.026477447424428632
2019-05-10,0.09659418483246907,0.09373103799638571,0.1136104939953092,0.11669188939630554,0.030649748844857633
2019-05-13,0.0883366000000187,0.08322082110069895,0.1012041532020066,0.09793638979536701,0.0494570509718612
2019-05-14,0.08005063858741451,0.08010979689954795,0.10516544272029682,0.10079331060494096,0.025727878863142928
2019-05-15,0.07733594575017388,0.07574688908593619,0.10048219156322097,0.09940195306785116,0.02550759888832268
2019-05-16,0.08208429350028507,0.07975478512891687,0.10650487155020433,0.10207335953916125,0.027637514399133263
2019-05-17,0.07765754699221866,0.07665310334273834,0.10125165067835162,0.0968047523318244,0.031730251240787766
2019-05-20,0.07554822119878718,0.07003867350969178,0.09577994141574353,0.09358607856248052,0.02905802904235593
2019-05-21,0.0767022021260978,0.07381300917713074,0.1012041532020066,0.09689750950095632,0.015467388371923723
2019-05-22,0.07607791736214842,0.07172030821301056,0.0975848455127643,0.09456002883847675,0.017524077063733025
2019-05-23,0.07106472153030002,0.06497508456967854,0.09066921297258507,0.08969027745849589,0.03863969407462284
2019-05-24,0.073088917583157,0.06812347843094307,0.09608392526364729,0.09142483652139599,0.012926974447694209
2019-05-28,0.0723038321981852,0.06669408893311085,0.0908687023727115,0.08544199911161016,0.028814110936489647
2019-05-29,0.06305306705944663,0.05898659654291821,0.08452303954742285,0.08416195017750089,0.022637364519679168
2019-05-30,0.06502996881200956,0.0618173482935534,0.08564397998657497,0.08291900411097769,0.024496041041276798
2019-05-31,0.05771826998566659,0.05179293697878312,0.07729392366402543,0.07268788835430612,0.03496396469696515
2019-06-03,0.05295100451541512,0.05284862987581568,0.07745541508323495,0.07671354949523085,0.03896677386616192
2019-06-04,0.06968845739165264,0.06491903007962008,0.08501701330025224,0.09028392334098462,0.037003438662903974
2019-06-05,0.07301909494011227,0.07333432634812415,0.09250463188094898,0.09670271944571268,0.04106157476201284
2019-06-06,0.07744106182566352,0.07438855759375246,0.10058259156915278,0.09771204192667649,0.04701024747239006
2019-06-07,0.07905164890246491,0.07701707612380293,0.10276632057679624,0.10227268424820407,0.03233627810775048
2019-06-10,0.08563694872555389,0.08134460125963738,0.10749288409869856,0.10199231689234378,0.03413997028104539
2019-06-11,0.08676150064903121,0.08072335784696116,0.10408559304535447,0.10134747197398725,0.035148444893606995
2019-06-12,0.08233953376347997,0.08036567224583169,0.10518626290804639,0.10427263805305204,0.02601290676213274
2019-06-13,0.08559882832143156,0.08172111241886221,0.10961765548581898,0.10616979049418451,0.01708351711409252
2019-06-14,0.08777169136002821,0.08147638016541081,0.10860312500368757,0.10494551970702792,0.018597385245866536
2019-06-17,0.08541775640153904,0.08021506778207471,0.10379846177678165,0.09854379841571748,0.01884138899713516
2019-06-18,0.08222517255088646,0.08803708711408731,0.10646878257426995,0.10713238508256046,0.035032481018837706
2019-06-19,0.08973489217555569,0.08814062768288533,0.11305365966605446,0.11240329137211197,0.03579052847495514
2019-06-20,0.09478584573020116,0.09814170534859301,0.11996395219560013,0.12233764134690661,0.05162216674303381
2019-06-21,0.10300079283220942,0.1031634229342343,0.12687424472514586,0.12482356523526789,0.07969347510502267
2019-06-24,0.10562157062000782,0.10197741278272082,0.12474947333791175,0.12030030522789947,0.023225063270540976
2019-06-25,0.10100900171350524,0.0945601429469084,0.11947582903901499,0.11559013364995752,0.028064970602215647
2019-06-26,0.09826433261216766,0.09308233664709636,0.11897813484024644,0.11801998406719116,0.02637484423242449
2019-06-27,0.10048484615594555,0.09837231843366856,0.12462504978816275,0.12130962770886322,0.01939731330372857
2019-06-28,0.10627914759216556,0.10333285295586314,0.1286831717169158,0.12581419655915216,0.043496045323546915
2019-07-01,0.11230217145357252,0.10783216130801843,0.1318894708822475,0.12920664156465073,0.029567704831685374
2019-07-02,0.11048192215370195,0.10402939860036198,0.13065480642750954,0.12634689453525338,0.018893118820148935
2019-07-03,0.10894757588525844,0.10777568463417947,0.13403338435396223,0.13146827156839047,0.018626761618869392
2019-07-05,0.11270243569747984,0.10935703150267778,0.1350000596247216,0.13458969479656857,0.0219868020434993
2019-07-08,0.11152070316776241,0.1078980507608493,0.13475121252533734,0.12874870821686774,0.024686173834473128
2019-07-09,0.10789926477013906,0.10698501119987436,0.13114292958409468,0.13003839805369183,0.02733098950415594
2019-07-10,0.1112919807426887,0.10737093513809104,0.13515319630136202,0.13164583756042425,0.032432629185383754
2019-07-11,0.11432255287545334,0.11119252340373115,0.13710568892736147,0.13587938463339266,0.022625545454156154
2019-07-12,0.11544710479893061,0.11318803254742149,0.13918260510310998,0.13811297790151306,0.02963056855700344
2019-07-15,0.1199167221896631,0.11334804979005847,0.14170936026625508,0.13740271393337805,0.02483793748742083
2019-07-16,0.11954504824893242,0.11380927595998597,0.13946973637168275,0.13316916686040964,0.02426728217162482
2019-07-17,0.11241653266616597,0.10732387124313203,0.13112378749950038,0.12740294490891602,0.0329532675862128
2019-07-18,0.10847107083287999,0.10599666940707692,0.13289443032208176,0.13127201441927722,0.03186677001211882
2019-07-19,0.1136554458021235,0.11334804979005847,0.13527761985099734,0.12949635449905084,0.06517375310999866
2019-07-22,0.11010071811179922,0.10585547772231174,0.1289224477740029,0.12978606743345084,0.04465688310687261
2019-07-23,0.11381745752001143,0.11116428506675574,0.13833078233980234,0.13344018863773016,0.027647449265804785
2019-07-24,0.11333142236657412,0.11212438852268958,0.13844563484725425,0.1331504757033301,0.039996231602297004
2019-07-25,0.11389369832836932,0.10727680734828482,0.13298056970264227,0.1300851259462797,0.03155724752805957
2019-07-26,0.11181613630024834,0.109451159292484,0.13466507314477694,0.13410372471316628,0.024971715605876986
2019-07-29,0.11428443247121778,0.11181376681640737,0.1373641070690429,0.13423456281250112,0.02029393502083324
2019-07-30,0.11241653266616597,0.10908406091236272,0.13551689590808447,0.13432801859778792,0.02271838507029346
2019-07-31,0.11520885227268485,0.10895228200658941,0.12858746129405818,0.12430021283770648,0.025239528778996316
2019-08-01,0.10306750353950839,0.09891825961441036,0.11350349865345105,0.1095996178138422,0.05209253129268887
2019-08-02,0.08859128004996064,0.08389546436306139,0.1058753779525301,0.10611371702305689,0.03436941431391609
2019-08-05,0.07711703839000089,0.07211066508075525,0.09154752765248664,0.09031968931137085,0.044637612891345956
2019-08-06,0.07466780242114923,0.07088700381338636,0.09481125307148752,0.09442239828500443,0.024985418870251498
2019-08-07,0.06642426501596438,0.06608648653382881,0.08834122848715492,0.08945055050828171,0.038331370626196355
2019-08-08,0.07334311837566165,0.07140470665726467,0.096132056906786,0.09620740378377052,0.03199095584551282
2019-08-09,0.07431518868242315,0.06827025125713154,0.09062870759309916,0.08565624562612772,0.04484341879317063
2019-08-12,0.06022969933572381,0.059638732932830285,0.07972729043088034,0.07641346846238856,0.04421067056067762
2019-08-13,0.05672262215058077,0.060824743084232025,0.078894609752167,0.08472168777337113,0.06479014735291472
2019-08-14,0.05499767386118587,0.05321921766880716,0.07642528084269096,0.07167526014882725,0.05714903584688315
2019-08-15,0.0538445316345319,0.05141196410472926,0.07183118054609461,0.06974072539364662,0.0416515002933355
2019-08-16,0.053711110219933855,0.05659840532250349,0.07871275994874888,0.07923583317762684,0.03578795911288492
2019-08-19,0.06683405936093062,0.06152128872873086,0.08806366826087925,0.08493663607945301,0.029685981132317858
2019-08-20,0.06325074136742964,0.05725729985103517,0.08266560041234722,0.07814240048991605,0.02357518167530971
2019-08-21,0.06266940520362979,0.05872569337185546,0.08513492932170952,0.08060963322119785,0.019253429027796212
2019-08-22,0.06286000722458113,0.057737351579057905,0.08180420660674248,0.07880593656546309,0.03644263256837715
2019-08-23,0.057084765990365716,0.05307802598415379,0.0707400817255861,0.06782488179554558,0.06226009652236843
2019-08-26,0.05207193283995576,0.046404365687687466,0.06927571225605811,0.0661613688175745,0.058747778572376785
2019-08-27,0.04727829201356071,0.04548191334760898,0.07092193152900422,0.07087154039551646,0.08071539604575177
2019-08-28,0.048574385755871585,0.04837163649440246,0.07200345930721552,0.07398361804515485,0.039747174772290284
2019-08-29,0.05904796680600638,0.05859391446619383,0.08214876412898436,0.0816469924377809,0.049101536906745
2019-08-30,0.06472790702963299,0.05955401792201587,0.0859197547890509,0.0821329625211833,0.02911112919180716
2019-09-03,0.06094445691423489,0.05497940733803797,0.07803321594656226,0.07583404259358845,0.03543989619777236
2019-09-04,0.0596055552163241,0.05592450388384712,0.08061936204750947,0.07874986309422444,0.034140227217252406
2019-09-05,0.06492714951660317,0.06665488033136385,0.08902192707520074,0.08730302182500627,0.0652984528158067
2019-09-06,0.06786651387735282,0.06300218808346103,0.08935957320142895,0.08646466155293347,0.02918949473494889
2019-09-09,0.06986451318133557,0.06939677139528194,0.09290968104312503,0.09307734594612843,0.051239331794570936
2019-09-10,0.07470581918743602,0.07057322292443252,0.08961039603800686,0.09071298158335245,0.05210717665648913
2019-09-11,0.07208344510081716,0.07060168546144252,0.0919449778252815,0.09494246205704948,0.04098355180048047
2019-09-12,0.07557994388290012,0.07355230179673011,0.09665272952841253,0.09675105949791574,0.04074879775266464
2019-09-13,0.08061336520660412,0.08070588609507451,0.1046887073332119,0.10448469751323564,0.039404764453732206
2019-09-16,0.08159315332689171,0.07865658343136045,0.10023177846677239,0.09765535821834881,0.04890386731814269
2019-09-17,0.07946067330041667,0.07572494212078357,0.1023927136747465,0.10092402130155798,0.04723652262537416
2019-09-18,0.08483990219592025,0.08085768629231216,0.10648305531852137,0.10467309308001105,0.044457671901028166
2019-09-19,0.08580047878450409,0.08465269122515329,0.1095411645190934,0.10544551490372361,0.033793277692370276
2019-09-20,0.08830758368044761,0.08292596398073682,0.10927104761811085,0.10583172581557987,0.09490084403544007
2019-09-23,0.08329337388844743,0.08382727765231035,0.10776611059830216,0.10753670569475293,0.04596982712475537
2019-09-24,0.09113167885063506,0.08562041748304616,0.10668564299425831,0.10369343613291215,0.056754810059908956
2019-09-25,0.08431158507225572,0.0814364245445881,0.10491058907335338,0.1065853080825705,0.040687047417577005
2019-09-26,0.08692435339302268,0.08300186407935567,0.10958939968004805,0.10734831012797758,0.03348144278244783
2019-09-27,0.0906321790245262,0.08519347942811967,0.10843175581861308,0.10747076724639265,0.03535519289485742
2019-09-30,0.09016149649619937,0.08468115376216329,0.11233880385094197,0.10700919810787063,0.020253253454721416
2019-10-01,0.08779847808848684,0.08438704087987559,0.10102283510542909,0.0957525629940949,0.040921972756197515
2019-10-02,0.07134380112761896,0.06603819202977856,0.08578052426318278,0.08319599846972431,0.054463281674881486
2019-10-03,0.062112660112267626,0.05871383250937412,0.0797414821193162,0.08248951509437202,0.032468771545171526
2019-10-04,0.06428356320226336,0.06449172751960974,0.08734334347609157,0.08986520153286315,0.019858256859126157
2019-10-07,0.06775124468667754,0.06405530195238396,0.08945604352322467,0.08584295618266341,0.03932502858415303
2019-10-08,0.0625737368747426,0.05743301834459469,0.08026242185699034,0.07641375806647588,0.03264297429353248
2019-10-09,0.059154084219700975,0.05655067969773181,0.0823944159684144,0.08019108917995638,0.022278424638469345
2019-10-10,0.060364410721226114,0.06181624904201105,0.08539464297599991,0.08321483802633528,0.03967685989696858
2019-10-11,0.07086351283344011,0.07227148763183894,0.09348850297389932,0.09604457612256351,0.052799020216597214
2019-10-14,0.07498438639804605,0.07094323590545076,0.09751131539231495,0.09624239146764435,0.05034356653148967
2019-10-15,0.08029637493236008,0.0837324025289809,0.10274000683323381,0.10588824448563466,0.06114259531262713
2019-10-16,0.08719331483778087,0.08318212681371506,0.11143198282608496,0.10772510126152834,0.030679553444872193
2019-10-17,0.09198659201428233,0.08980441042150422,0.11619761672242984,0.11174734661172803,0.035987598545741066
2019-10-18,0.09077626551287044,0.08582914275430381,0.11195292256375905,0.10644401140754445,0.034387571139212314
2019-10-21,0.08917210261005987,0.08981389793380368,0.11430679841532465,0.11455444055641512,0.03855944433262961
2019-10-22,0.09548309079647849,0.09063931150664656,0.11619761672242984,0.11141765436992662,0.024331259287173314
2019-10-23,0.09183289976019943,0.09259373904703122,0.11555126556640988,0.1177665849696804,0.021574248140424197
2019-10-24,0.09927736832098849,0.09464304171074528,0.11881196244283249,0.11550583816859761,0.023876653491548938
2019-10-25,0.09756754199346773,0.09570564309196761,0.11877337431413687,0.12034760423425922,0.02988690524620912
2019-10-28,0.10301401125016085,0.10414952906750258,0.1282274658490946,0.12671537439062402,0.03919998629673562
2019-10-29,0.10635681777816103,0.10537341815826196,0.13124698692108472,0.1263385832570732,0.029747645822003156
2019-10-30,0.1067890772429671,0.10229946416274677,0.12741711514614695,0.12707332596745285,0.016888673823767453
2019-10-31,0.10565559686859666,0.10172072591047093,0.12487994568313548,0.12213736211840354,0.025951327717849783
2019-11-01,0.10771123076791705,0.10614190665719664,0.13289662942364383,0.12917393653678766,0.02698421127007849
2019-11-04,0.11589534330190437,0.11107541306987884,0.13926367066147943,0.1361068933934786,0.03638242385053164
2019-11-05,0.11748029467289794,0.11875081054647918,0.1420420159289234,0.1416739823911034,0.05054706000745115
2019-11-06,0.12552992648439298,0.12509795629657955,0.14907470238718362,0.14836202501107515,0.05707135546696014
2019-11-07,0.132532529814524,0.12871269849506117,0.15530668517464163,0.1489460512680123,0.053964654142453994
2019-11-08,0.13027517483163498,0.1254395067405878,0.15156363668924044,0.1489931501596507,0.01968302636593711
2019-11-11,0.12696118560130365,0.1224699153805896,0.15130316682040335,0.14577158596807993,0.024639925317209155
2019-11-12,0.12753753155434078,0.12134090141315967,0.15035775766696446,0.14577158596807993,0.020459915810569496
2019-11-13,0.1232437542038351,0.12160655175843732,0.1466532973103724,0.14462237301092756,0.017848673138604235
2019-11-14,0.12558756107973063,0.11945288645898267,0.1478784703970531,0.1436992347337725,0.02457397835740683
2019-11-15,0.12664419532705967,0.1253825816665678,0.1499622293476361,0.14969963353500293,0.01847200037683977
2019-11-18,0.13119732835658493,0.12603722001746248,0.15448668743943483,0.15043437624538258,0.015183987735578382
2019-11-19,0.13330099108539112,0.12908271147607947,0.15684056329100032,0.15143287274920336,0.0192020417863918
2019-11-20,0.1309763957411993,0.12617004519010128,0.15109093211252095,0.14767438119233384,0.02675630885444992
2019-11-21,0.12945868473139527,0.12312455373148434,0.14855376264950942,0.1440666060889068,0.034286852146059664
2019-11-22,0.12561637837739947,0.12148321409809787,0.15005869966943175,0.14408544564562875,0.030551684859177544
2019-11-25,0.1268074933471076,0.12602773250516308,0.15030952250600976,0.15054741358538126,0.02640670432209523
2019-11-26,0.13114929952709914,0.12498410614865135,0.15333869061014532,0.14963369508664265,0.03414553723219753
2019-11-27,0.1308323092529683,0.12800113507014654,0.15465068698647616,0.1527610614948257,0.01484191999862967
2019-11-29,0.1367110379744676,0.13014531285718994,0.15908832178862475,0.15342044597842863,0.009695059544965978
2019-12-02,0.1354911057070906,0.12899732386504942,0.15469892214731723,0.14851274146440668,0.021702031080716506
2019-12-03,0.12527057080559983,0.1200031621742485,0.14483000822862652,0.14480134879928652,0.030478543685578598
2019-12-04,0.12625035892577424,0.12644518304779012,0.15156363668924044,0.14567738818469222,0.05176408117471233
2019-12-05,0.12885838999544091,0.12724366663706138,0.151667473620969,0.15218645501619404,0.028623036043867574
2019-12-06,0.1388769432450403,0.135992720391519,0.1607287343854546,0.15736427066546205,0.032596725776268515
2019-12-09,0.13774550431629856,0.1344549500263817,0.16097153344124598,0.15860656709411508,0.021104140526976158
2019-12-10,0.14112048026614854,0.13429257675801942,0.16169993060884752,0.15572368072528414,0.019499488268721013
2019-12-11,0.13772616347981015,0.13373859737177646,0.16147655547739664,0.15560988257911834,0.029314879603975656
2019-12-12,0.13749407344319453,0.1398037165137283,0.16235063207851852,0.16339557241069613,0.0350646836901178
2019-12-13,0.1447952391800405,0.13996608978209063,0.16426388863862307,0.16006697663615088,0.028198920011476482
2019-12-16,0.1467486636554074,0.142783743556685,0.16982884299873502,0.16332919015871983,0.025734901786134863
2019-12-17,0.14667130030979342,0.1412650759291007,0.1687411032285031,0.16355678645105148,0.025584765395831634
2019-12-18,0.14632316525481343,0.13930704533992083,0.166866694517307,0.16090149637444118,0.035674393309381165
2019-12-19,0.14261939508635868,0.13996608978209063,0.16769221130729328,0.16360420234524098,0.0258591732649312
2019-12-20,0.1494080286589221,0.14235393196403362,0.168080689796605,0.1609963281629312,0.07204302825013596
2019-12-23,0.14482425043471647,0.13897274743447563,0.1663228246322479,0.1610627104149075,0.02011108208683587
2019-12-24,0.14354775523293434,0.1370051654765752,0.16615772127427336,0.16104374405712063,0.0
2019-12-26,0.14310291599607833,0.1393930076585182,0.1683817606258728,0.16445768844131808,0.0026186081765665614
2019-12-27,0.1464005286004274,0.14062513422437217,0.17021732148816038,0.16423957532782435,0.008160636516630196
2019-12-30,0.14712580996495028,0.14009980894429103,0.16824579315457955,0.1621817255185568,0.012825912872932197
2019-12-31,0.1439925944699036,0.13903960701551998,0.1669735261019189,0.1639455967836274,0.014599886091614885
2020-01-02,0.15292806088169925,0.14583063018079773,0.17342226902537983,0.16990103309815835,0.03717164623310109
2020-01-03,0.1449209546165925,0.14267867850075816,0.17012020186577564,0.1647706333431908,0.018064927779514475
2020-01-06,0.14342203979649554,0.14083526433633753,0.1671969012332561,0.16517841003344252,0.02436791551937513
2020-01-07,0.1460427231271466,0.14565870554371485,0.17144102872957184,0.16823199362146668,0.028068053836699906
2020-01-08,0.1507715576242794,0.14596434934299812,0.17081946314658214,0.16811819547530094,0.051397176271084824
2020-01-09,0.1566801831412052,0.15043438990748903,0.17893866357435623,0.1738081027821486,0.03003738421812171
2020-01-10,0.15728941948747682,0.1508355473939786,0.17875413629192743,0.1729356503283957,0.030623798287948402
2020-01-13,0.15609028763130872,0.15867722111930677,0.18153175749081302,0.18330076480576962,0.044997580517383874
2020-01-14,0.1627435353491326,0.16015768327200858,0.18468814521689697,0.17875832213908494,0.06827334586611054
2020-01-15,0.16114791634704645,0.16648068936964072,0.1866111137392285,0.19008123767975288,0.07526123988848968
2020-01-16,0.17895115624321128,0.1715333634264246,0.19802266936437968,0.1945762644521371,0.05581433789680584
2020-01-17,0.17909621251613855,0.17372062686512285,0.20091683411010425,0.19480386074435768,0.046481215822131626
2020-01-21,0.17421265132789082,0.16889718565763384,0.19560439076801078,0.18901912164913098,0.05561769605303163
2020-01-22,0.17471551307409888,0.17413133572033296,0.1990812732478166,0.1963401357172077,0.0558175924220948
2020-01-23,0.1757502478208514,0.1783052838542611,0.20057691543192807,0.2011575905703024,0.058074605709978966
2020-01-24,0.18621364030742,0.18150499237801548,0.20046037188508908,0.19632116935953187,0.053507564630161736
2020-01-27,0.16453256271519706,0.1652485628037868,0.18768914154723343,0.1839645873248667,0.03340967193528633
2020-01-28,0.1702961319590825,0.16853423364602677,0.1930695686249166,0.18980622549323173,0.031704300683878535
2020-01-29,0.17657223336736344,0.17655738337715848,0.2000816053580045,0.1959892580999833,0.0263982254272635
2020-01-30,0.17327462076301442,0.17473307195017912,0.196721266424924,0.19902387533033167,0.03293596721493998
2020-01-31,0.1799472093173266,0.17361556180908427,0.19309870451159789,0.18732163263592566,0.04453655131658395
2020-02-03,0.17249131688925273,0.17176259627594298,0.1975856310638187,0.1899105404604487,0.032261081444495354
2020-02-04,0.18016962893575456,0.17479038016250276,0.19918810483242838,0.19480386074435768,0.06212460549586546
2020-02-05,0.18565275605208637,0.1808659102964127,0.2050347060973539,0.20261800011244918,0.0699357231255433
2020-02-06,0.18974334294838474,0.18904102230394865,0.2087835235197461,0.21322967723971958,0.059779291798168044
2020-02-07,0.1916097336599501,0.1897764776959951,0.21671819666497777,0.2142443773760409,0.050232227508446775
2020-02-10,0.194936357518862,0.19478139490917595,0.22040874231389357,0.219327361236819,0.05290299373503882
2020-02-11,0.20519667122326463,0.20439007184904806,0.23068399835756354,0.22818465027774565,0.04047130664908081
2020-02-12,0.21563105245527042,0.2096433246491885,0.23663743120710096,0.23011921876212044,0.025686255197605354
2020-02-13,0.20968374526559425,0.2057654689458231,0.23407347317732535,0.22639232947616134,0.030256893384320895
2020-02-14,0.20683097189821437,0.20210729472314365,0.22954769877619613,0.22391721979769313,0.029632709692061956
2020-02-18,0.2061153609517659,0.1985732882939441,0.22915922028688446,0.22284562058823326,0.02371127221962907
2020-02-19,0.20899714557370858,0.20600425316395038,0.23292746163361716,0.22973040842954445,0.021994167548100595
2020-02-20,0.21095057004907553,0.20595649632034724,0.2275178986692526,0.22484657132447344,0.029873544563443967
2020-02-21,0.20457776445880532,0.19821988765105764,0.22205977589375253,0.2154392579105045,0.03149798090963982
2020-02-24,0.1781195002785116,0.17573596566651456,0.19549755918351258,0.18793803926083325,0.08027791933059553
2020-02-25,0.17252032814392865,0.16601267230199507,0.17104283827803302,0.16707504580235483,0.08035628487373726
2020-02-26,0.15115837435212304,0.15343351968788693,0.17397585087266604,0.16941739097709235,0.07136000616646897
2020-02-27,0.13904134035434274,0.13710067916389312,0.14512161107523697,0.1384548120490342,0.09931732049794237
2020-02-28,0.10385068854430618,0.10324107702493412,0.11913240013673748,0.12630685994891383,0.16383545805302308
2020-03-02,0.1114806484998701,0.12498954361743064,0.131320912740512,0.14994842480889536,0.09864808732405222
2020-03-03,0.13198193507230005,0.14008070620684981,0.1455100895645487,0.1443817988269404,0.12529305715545924
2020-03-04,0.13519936682683636,0.13763367296020035,0.15195171052621326,0.16037992153802355,0.08976374715764321
2020-03-05,0.12475670372150632,0.12284562994445769,0.1375509303372402,0.13856160354448632,0.07672217916161715
2020-03-06,0.1000820156191442,0.1002931427428399,0.11401269858816965,0.1174883944842251,0.1142459136437408
2020-03-09,0.0604836709149022,0.0782986949003931,0.07940973695211567,0.08749298358248703,0.11577331374908466
2020-03-10,0.08964909380409025,0.10035087095245554,0.1078591043363144,0.1256941454284023,0.12692091931774874
2020-03-11,0.09322414731118989,0.08973850176155618,0.09606063904560513,0.09891798722538692,0.09691359663584859
2020-03-12,0.04781025235151665,0.06280829200160787,0.058160759662460204,0.05616975035102617,0.13215042758467116
2020-03-13,0.06410743087304266,0.062077068013925096,0.06263165405537585,0.08249693265844776,0.12443566103262661
2020-03-16,0.018644829462328594,0.021022689648199644,0.02937876556207708,0.02852429839257753,0.12357149892300905
2020-03-17,0.016472521745363622,0.041872194667775864,0.03072883870483234,0.05668559499715742,0.12702737655285817
2020-03-18,0.007666395395436065,0.01909841599624401,0.0,0.04388500563138886,0.15784687458515506
2020-03-19,0.01752458108816274,0.05814192839553434,0.026727534970246658,0.06681143434608894,0.12566390174759445
2020-03-20,0.05037221167680833,0.04587468386399568,0.02639490825394858,0.02607881266299622,0.10591355809541754
2020-03-23,0.005279779293981934,0.0,0.0022501219045163445,0.0,0.11102975749504326
2020-03-24,0.0,0.017645589388868288,0.02182618247389989,0.042299260978655995,0.10205129303146183
2020-03-25,0.03467899314821138,0.08204140715351005,0.051870201468573074,0.07065161115581942,0.15620796416596366
2020-03-26,0.057239821274925495,0.09600201249887702,0.07982062877821111,0.1189117436002397,0.12605495865468203
2020-03-27,0.07718998362530705,0.09117208563228163,0.09503340948048006,0.10213723992399865,0.07860269526081165
2020-03-30,0.08640524416411355,0.09768575194438012,0.10813303222026438,0.12220741772808469,0.09000757961810714
2020-03-31,0.09993589626602167,0.09997563759034483,0.11055925062171135,0.10751539799331616,0.10815232891260314
2020-04-01,0.06702981793617241,0.06713790771864786,0.07623021686972098,0.07844659691885297,0.08883732084052397
2020-04-02,0.057356716757446136,0.07615312977841165,0.08042718337857291,0.09467659791309746,0.044070469037045916
2020-04-03,0.07540732751689527,0.07529682800317239,0.08516222251677058,0.08659503179118849,0.04164464866114825
2020-04-06,0.09031150153844941,0.09453956452339968,0.10704710382290494,0.1166382060860725,0.07121774915318108
2020-04-07,0.11660324381566184,0.11002034605374794,0.11544103684060875,0.11052449176217466,0.06035157437660853
2020-04-08,0.0940131918182327,0.09709884848056882,0.11509862698564283,0.1180233444876369,0.055314596974147937
2020-04-09,0.10783608262649902,0.11927610231996427,0.1315343000273031,0.1375585722883112,0.08806505624761798
2020-04-13,0.11646686575270221,0.11114604614019175,0.12255337868668686,0.11937982485322501,0.048187186591355805
2020-04-14,0.11445041867913586,0.10898123828167172,0.1296265879778663,0.12476753560112741,0.03767541248966902
2020-04-15,0.09077908346853208,0.09263453360787077,0.11350397537505474,0.11047672836902872,0.03973835329584919
2020-04-16,0.0934092318251904,0.1040358549960686,0.11823901451325253,0.12568459274981753,0.054493685792712424
2020-04-17,0.12373386824942217,0.12504892327605482,0.14221748750442198,0.14276478214221466,0.07287079106375871
2020-04-20,0.11547325415122,0.11595673027024855,0.13713025537247686,0.1369663062131687,0.03966110114293789
2020-04-21,0.10790427165797878,0.11824661591610147,0.12654489928249107,0.14037661248447497,0.09201116816046521
2020-04-22,0.13152690041754178,0.12811813975099284,0.14827325036925781,0.1467100384169328,0.06135311171158053
2020-04-23,0.12860451335452522,0.12511627285388388,0.1421783549495233,0.13734841335833597,0.033054671742584175
2020-04-24,0.12345137083334007,0.11671681836279507,0.14250119852715354,0.14111216873905524,0.03350773592096642
2020-04-27,0.12836098109932104,0.13799928495409758,0.14976028745393127,0.1616599804746005,0.041753846549132625
2020-04-28,0.1546624646666963,0.15016069443473012,0.16707644298001695,0.1627298804813131,0.045332282749731286
2020-04-29,0.15719520012127292,0.15517342729827416,0.17278001285110534,0.17574062877694585,0.043813104603012146
2020-04-30,0.1480091634531815,0.14741860448061228,0.17006030028825903,0.16680887425677327,0.038876846193704205
2020-05-01,0.138443216466813,0.13253434778240042,0.15571821893152032,0.14972868486437613,0.034250281559260194
2020-05-04,0.12634453402575474,0.12410602918655966,0.14589594766137748,0.1471972250270877,0.04355025886322857
2020-05-05,0.1352188494071621,0.13374664018310006,0.1574107019293552,0.15099919112225718,0.03421234064602326
2020-05-06,0.13679693842124763,0.13179350242628068,0.14937874504406673,0.14900268128838062,0.03378368540730812
2020-05-07,0.1418039615893103,0.14248284256322247,0.16567745414369506,0.16236687869331534,0.0351732820602858
2020-05-08,0.15218817695332348,0.1455520590381605,0.16889610678110217,0.16369470102303812,0.027754677309535326
2020-05-11,0.1392712261346205,0.13706601223281578,0.1610891620863107,0.15827833223915944,0.0485795281794785
2020-05-12,0.12033415796604696,0.11412867030087392,0.12460783781693707,0.12133812397265142,0.28840875124721116
2020-05-13,0.10782634133622293,0.1318704733724349,0.12964615425531567,0.15129532415982844,0.8170298174468248
2020-05-14,0.12829279206784122,0.13991393723783985,0.1442719466346722,0.16314064566245673,0.9999999999999999
2020-05-15,0.1419305983619939,0.15477895119962493,0.1629283921647316,0.177975955576552,0.4993645967600344
2020-05-18,0.16530969486635255,0.16747915730288992,0.18647640705246998,0.18055517880698624,0.4676895868037564
2020-05-19,0.15893889106891995,0.1547693298314115,0.17105818043715326,0.1660064492517665,0.16900201694922512
2020-05-20,0.1561139169079851,0.15228701682028478,0.17558777366230327,0.17320916893965754,0.11733617105099754
2020-05-21,0.1546722059568592,0.14904461571661148,0.1762628102336809,0.1729894573310975,0.0754749251673297
2020-05-22,0.15264601759313,0.1528354348111307,0.17513774928142273,0.17756519039540836,0.04335867009819245
2020-05-26,0.1711544689924988,0.16878766338628243,0.19314850765633534,0.18743310742144065,0.08032742237314845
2020-05-27,0.18211342047895235,0.17571504853356873,0.196983498032772,0.19963187803337096,0.09041653641428393
2020-05-28,0.19402701840589703,0.1878860793825265,0.20645357630916744,0.20005219589309936,0.08619473195130202
2020-05-29,0.1766972631220109,0.1729729585794509,0.19230715772680868,0.19221899941561577,0.08846030977942027
2020-06-01,0.17407685605551543,0.1812569566513083,0.19835313745286293,0.2013800182228221,0.04638606378013112
2020-06-02,0.1900525720001946,0.185740514260545,0.20979940974982486,0.20435090127711947,0.06169946171864628
2020-06-03,0.1955076945179009,0.18975262482497818,0.214084424507142,0.21043595756515193,0.08094021522689608
2020-06-04,0.19115498200111275,0.1896015306422188,0.21484639504608322,0.21245157275630905,0.0674067000398251
2020-06-05,0.2069132741460447,0.20311254122817296,0.22628995445148042,0.2223946885090275,0.11233713456177388
2020-06-08,0.20614840371219273,0.20294789091997917,0.2252362015630383,0.22316398179742486,0.08624834597316729
2020-06-09,0.19707782484836017,0.20350963903035985,0.22169086474202654,0.22386596192313463,0.06204778156996586
2020-06-10,0.20833514867067854,0.20842977765229892,0.2302390657436732,0.22386596192313463,0.05572860684906282
2020-06-11,0.193253472678874,0.19011485219134633,0.19627276936733035,0.19227685626775087,0.09630354443497587
2020-06-12,0.1876934529860939,0.18087506430671724,0.19130929781791378,0.19403661466497918,0.08043687719733984
2020-06-15,0.16791468804754156,0.19100590091811448,0.19093506782020347,0.20941286426712863,0.09560827505877414
2020-06-16,0.20779581695442245,0.20002292662102367,0.21420626478668342,0.21649997868658039,0.05999331965861743
2020-06-17,0.20393224066001886,0.20254110780551932,0.22745203707617073,0.22114458691535416,0.049517859207523086
2020-06-18,0.19894097077718292,0.199490234447462,0.2232468736801499,0.2226254764955911,0.03471876191006376
2020-06-19,0.21571909016736396,0.2078486589174841,0.22159238316363977,0.22127921324084027,0.14977565186856856
2020-06-22,0.19982351358556066,0.19970331131690905,0.22330596262720465,0.219202121362101,0.03016405376818359
2020-06-23,0.2088744803869345,0.20301568810566656,0.22785581154735163,0.22058684928126054,0.0410692828482235
2020-06-24,0.19774463497025824,0.1932432080474759,0.21114348769974361,0.20512405418416374,0.06358023475404781
2020-06-25,0.18707567302022937,0.19179041121021517,0.20770648061486624,0.21320163371255757,0.050314532740096174
2020-06-26,0.19133149056278836,0.18599859448594208,0.20364903958653907,0.20154684039314946,0.08918829569931612
2020-06-29,0.18926241797882842,0.18226974927045164,0.2059732048358059,0.19964283950430511,0.055495822645500834
2020-06-30,0.18334938116269722,0.18750950319661713,0.20890795587088834,0.21043217787423835,0.08056637304567897
2020-07-01,0.19346920536535378,0.18799376880903734,0.21234496295565214,0.21065334969467203,0.03618972169526509
2020-07-02,0.20444215428270002,0.20163068845420512,0.22333550710067512,0.21781739344305234,0.05271911305621335
2020-07-06,0.2088744803869345,0.20534984835742248,0.23167689678780062,0.2233755374517286,0.049391789175277596
2020-07-07,0.20237308169862694,0.20154352064397169,0.22386730762382695,0.21537488725226334,0.03690580290423559
2020-07-08,0.20005885833449916,0.20103019909484438,0.2241922968324575,0.2234332344483972,0.02649440521409209
2020-07-09,0.2034419390997964,0.19863792696956223,0.21904171028412905,0.21557682674054807,0.028802805743380677
2020-07-10,0.19958816883662217,0.19713670357116014,0.22152344605883728,0.22003872781329686,0.03109553316404092
2020-07-13,0.20710939477017892,0.2061537292740691,0.22666418444919084,0.21857707056531978,0.05652665070807336
2020-07-14,0.20177491379510798,0.2035193243426328,0.22613238392603902,0.22701044823952238,0.03771266823968722
2020-07-15,0.22091628670545033,0.21367921689073738,0.23477906650607244,0.23399178483187794,0.05491651714406841
2020-07-16,0.214071676925021,0.21054117572244663,0.2376153359628818,0.23242434975669352,0.051606065407393764
2020-07-17,0.2268685476463858,0.23254620514990937,0.24700063038058812,0.25238751059094794,0.08768384856179957
2020-07-20,0.2287022754815205,0.22530159158837565,0.2514126050911301,0.24457918371363746,0.04970062649611812
2020-07-21,0.23314440761698424,0.2250594587822215,0.2525549914000976,0.24496383035783614,0.033970478029813164
2020-07-22,0.2288101418248169,0.22687061217257692,0.25224969850718976,0.24740633654851424,0.028614642794438185
2020-07-23,0.2287905297623583,0.22535321430273708,0.24953131149971758,0.24318483962834797,0.02802934211484192
2020-07-24,0.22652533655426393,0.21852187301482778,0.24208639962047857,0.23594386655115002,0.02528757584970945
2020-07-27,0.2174351456280859,0.21878821910155272,0.23980655108136079,0.24047308078669744,0.042144732165415526
2020-07-28,0.22152426064019864,0.21483176904831763,0.24340615125201154,0.23602079588007857,0.031045601894476298
2020-07-29,0.2184353608108764,0.22066232702157101,0.24414466460816958,0.24265595049264416,0.05125577571182035
2020-07-30,0.21800389543791682,0.2137663847009708,0.23848197385241204,0.23831905957914062,0.01839748887680337
2020-07-31,0.22096531686148396,0.21592620933225998,0.2411212801524481,0.24016536347131628,0.02137066901906038
2020-08-03,0.22784915076671747,0.22389722131247997,0.2515898719321807,0.2449157495272974,0.03169171080973445
2020-08-04,0.2222597129804757,0.21628456588546657,0.24235229988205448,0.23634774552760857,0.03312147515640991
2020-08-05,0.22526035852884713,0.2252241090904153,0.24757182353507184,0.2470313060704456,0.029072588760753845
2020-08-06,0.22844731867023643,0.22369867241133062,0.24938033924009778,0.24710823539926302,0.028142565336736307
2020-08-07,0.23110475312648598,0.2285364858792846,0.25366783323559444,0.25283947039794513,0.029421336839085134
2020-08-10,0.2345760881727343,0.22738877637784088,0.2539140371814475,0.24515615367987992,0.029064281156726803
2020-08-11,0.23368373933324033,0.23644938598586668,0.25751846294951414,0.25134896465168927,0.03857717293091413
2020-08-12,0.24039106467679844,0.24536955856626935,0.25856729175902554,0.2548107844494772,0.04161030485480963
2020-08-13,0.2350761957641861,0.23528230585998872,0.26085698845589117,0.2541568851543062,0.019982271401715476
2020-08-14,0.23692953566177938,0.23252683452547523,0.2582373784714643,0.25309910688278764,0.01629532247635116
2020-08-17,0.23920453490110288,0.2355147533539818,0.26200922292272005,0.2565320781822967,0.023440204521220788
2020-08-18,0.2393614314003199,0.23475445634245168,0.26290540528572076,0.25382031934064614,0.028247052727591947
2020-08-19,0.24057737926959005,0.23551959601011824,0.26290540528572076,0.25433959231033104,0.02503483626740207
2020-08-20,0.23327188602262622,0.22845900338121244,0.2552632348050498,0.24819486216917147,0.036487596404606006
2020-08-21,0.2337916056764236,0.22820718526278522,0.25613972085244135,0.24884876146434248,0.02501428137084031
2020-08-24,0.23572339382362534,0.23178106548235472,0.2584638861017082,0.25597434054820306,0.02186013249343742
2020-08-25,0.2426562578848926,0.23459949134653096,0.2642053621201296,0.2556858555650818,0.021145421610904373
2020-08-26,0.23972425455490026,0.23566487569376598,0.2620190710804678,0.2565993913450952,0.0354372411902998
2020-08-27,0.24117554717310902,0.23876417561318836,0.26604696763543806,0.2593688471833034,0.02590859066208178
2020-08-28,0.2437937575045543,0.24109833586494428,0.2661454492138247,0.26521547617521174,0.02652223996985282
2020-08-31,0.25056972506660463,0.24378116735763394,0.26770145815194807,0.25860917006103595,0.03899777750180926
2020-09-01,0.2429406327898646,0.24081746180969804,0.2671893539444055,0.260580484112568,0.023674444696622568
2020-09-02,0.24588244215108607,0.24921462752881213,0.26821356235937704,0.27188909545218615,0.04777052170896835
2020-09-03,0.2558618106023833,0.24878327992581234,0.25157611083549497,0.24760827603668806,0.05248384513598349
2020-09-04,0.2338375579862894,0.2279661687962075,0.23587884922721186,0.23358711231249135,0.05958461979864765
2020-09-08,0.2123066802046894,0.20523844769933425,0.22610770027147037,0.22188829454681097,0.06087666633835928
2020-09-09,0.21391508216541338,0.20848387271011254,0.23337164772024493,0.22928109584787876,0.06030404117830944
2020-09-10,0.21393481715887003,0.2063982242046421,0.21937888674109812,0.2129569390481137,0.06548781480038197
2020-09-11,0.19700219283570825,0.19225674765599737,0.21605907446911204,0.21091520989306284,0.04577584028845371
2020-09-14,0.197554772650459,0.19787045578283974,0.2214203235412318,0.21689525073605093,0.04325546738837192
2020-09-15,0.20551784248070454,0.19808486824602928,0.22539418838015385,0.21765001317257143,0.0428298097387387
2020-09-16,0.20424493540749983,0.2111932665630844,0.22690049126177164,0.2307809442793905,0.07516523139246577
2020-09-17,0.207333461872045,0.20039467523566729,0.22264914957623277,0.21789192420991926,0.07768594687415692
2020-09-18,0.20093932401572306,0.2036693383097145,0.2265734649783036,0.2261265759209395,0.24517880618873672
2020-09-21,0.201097203962811,0.20132542024626282,0.22067708198778174,0.22193667675423617,0.04566664240046933
2020-09-22,0.20358381312907653,0.20112562681470764,0.22266896935095065,0.2202045937269061,0.03761999991435459
2020-09-23,0.20275494340695038,0.19753909106702144,0.21624736232932856,0.2083412764556694,0.03297587797243074
2020-09-24,0.18989759521754762,0.1870523724133551,0.21006359260488777,0.2049641983744412,0.036523139246577394
2020-09-25,0.18562496915001353,0.19366992070874173,0.20964737733490574,0.2173113377202624,0.03083097451621053
2020-09-28,0.20683021954070951,0.20832793637334895,0.23205363269884355,0.22780060029931498,0.03773870444199879
2020-09-29,0.2124744276485056,0.20663212871001108,0.23043832105610756,0.22407517032435925,0.02425991666702352
2020-09-30,0.2095536486276635,0.21509654799495442,0.23315363019800867,0.2325420566311978,0.052642803002727806
2020-10-01,0.2289334121304039,0.22226474647989375,0.244113965639202,0.2367609851223786,0.03639090274536337
2020-10-02,0.2128493925227119,0.21878541696374648,0.23718695436119758,0.23889947869250167,0.034007819425233704
2020-10-05,0.22682176783834457,0.22546144138544738,0.2508824187190099,0.2494080941545021,0.02646168867039795
2020-10-06,0.2330185557607784,0.23431511675135624,0.25596619094439904,0.24868236104256974,0.04949593398452387
2020-10-07,0.23631429965593992,0.23644520711278522,0.2621004112321022,0.26011991488795455,0.038309787984806505
2020-10-08,0.24720801600364278,0.2495243673666832,0.2720301183858131,0.27210902589851876,0.035260469079868614
2020-10-09,0.2622460809619768,0.2574088983990284,0.28415982053774064,0.27900832868347264,0.03415101853794733
2020-10-12,0.26695287688397434,0.26360736778912536,0.2911760208021454,0.2822209072593666,0.044392153168237546
2020-10-13,0.2855037706645884,0.28858641974932236,0.3035633800258582,0.3055121019344586,0.08809717327349574
2020-10-14,0.2930622731305557,0.28582829579123764,0.3113822811678664,0.3063733052273589,0.048630144612261846
2020-10-15,0.2854248306911011,0.29113013124432924,0.3099849870474804,0.312556551341799,0.057068871750292266
2020-10-16,0.3031369872529737,0.3015291357084124,0.3252065740616283,0.3233361071656244,0.054741201005477025
2020-10-19,0.3092647026985354,0.30841957259330305,0.3103714726552152,0.30157379024652137,0.055606819086934364
2020-10-20,0.287921307354095,0.2931619817136039,0.3139291222242688,0.3114244076870735,0.02973231529498417
2020-10-21,0.2977493340592095,0.2958277133920986,0.31214534249603426,0.3016705546614827,0.02794626607457145
2020-10-22,0.2863227728900995,0.2803412859380017,0.30719039880659443,0.30185440704987593,0.03057455218160251
2020-10-23,0.2891547444406127,0.28163740927796027,0.3108471472494642,0.30391548908798555,0.03150234882515919
2020-10-26,0.2813890245441421,0.2742597688006451,0.29332646636328347,0.28928470954965485,0.047936159917095246
2020-10-27,0.2718372877465162,0.26742780804206884,0.29098773294192887,0.2818725553655281,0.019135666599577765
2020-10-28,0.25444089107881923,0.24975339886139553,0.2739328167625816,0.2684997132214723,0.04447171774701204
2020-10-29,0.2519937518992406,0.24989471616674824,0.2679868843352084,0.270067296743357,0.027496884648489858
2020-10-30,0.24939860026930255,0.24431999212404082,0.2656481509137402,0.26704824699738566,0.034606652078399795
2020-11-02,0.2606278115045246,0.2613560369256899,0.28402722624460036,0.28220155437630773,0.028173568972383635
2020-11-03,0.2724096025546106,0.2759653224849608,0.2964679006624688,0.29612595368565403,0.03718389352563581
2020-11-04,0.2797016826098176,0.2999795183609721,0.30519861054224523,0.31774312398237053,0.058718145263166904
2020-11-05,0.3119979992822178,0.31364343987801285,0.33688042139413815,0.33379634042019973,0.050369345797594216
2020-11-06,0.3169712176148622,0.3097450314565759,0.33134079434921765,0.32093634967520573,0.03147905327572252
2020-11-09,0.3357786663095082,0.33384694152205857,0.3402497831029753,0.3316965526160833,0.0637132420638829
2020-11-10,0.31204733676563307,0.30832211238274193,0.32235252649647544,0.32645192132655704,0.05409483515401184
2020-11-11,0.32163854355005933,0.3172957612678305,0.3440601348002202,0.3361477157031933,0.02821099601320652
2020-11-12,0.3166751927141432,0.31039801486723456,0.33201466669098506,0.3256681295655591,0.03216096196915909
2020-11-13,0.31099151461966007,0.3127662979831867,0.3354038481746538,0.3353252181761887,0.046048620894908805
2020-11-16,0.3331933821761854,0.3238767619842428,0.3462799495731546,0.3417697282109243,0.04122678474312803
2020-11-17,0.3272334141743268,0.31799016526789653,0.3415677981243767,0.3331189895156926,0.05502811310331833
2020-11-18,0.3216484110467877,0.31817533966792916,0.3459722475699653,0.3354413354740979,0.032772298851066924
2020-11-19,0.3168824101446464,0.31689861090988075,0.3403092424272422,0.3389151779702874,0.02952822230120631
2020-11-20,0.3248257449815484,0.3172981977731029,0.34601733755754777,0.3381700919752962,0.02311106924002552
2020-11-23,0.32764784903544647,0.3302116756690358,0.3508137230490181,0.3480013565327896,0.032457980224476594
2020-11-24,0.34520212565011815,0.3415755362175284,0.363359640470814,0.3638997499068138,0.04478098329486427
2020-11-25,0.34860641200883896,0.3450841037968328,0.37319024875082235,0.36807029619056925,0.023539210606326626
2020-11-27,0.35712206165383537,0.3593035485139711,0.3818316705452652,0.3791982039082333,0.016018345245181375
2020-11-30,0.3606348904762285,0.35378730059769,0.3744884439975061,0.3629804879649589,0.06526316691004234
2020-12-01,0.3600033706878772,0.3609213880088155,0.38189112986964574,0.37931432120614234,0.03399976875741368
2020-12-02,0.36526274642462536,0.3592645644297244,0.38563706729880215,0.38234304739364317,0.030636131225885467
2020-12-03,0.3721748463430313,0.3657675708901292,0.3919659217390435,0.3830107218566207,0.040939958290689055
2020-12-04,0.36727556982412796,0.36426886370389794,0.3768214838947637,0.37138870251011663,0.05909224438059103
2020-12-07,0.35664394142687067,0.35377301566519864,0.3792866258654722,0.37724347710986933,0.04746416810479571
2020-12-08,0.3607002250224866,0.3625644516099718,0.3837189013279981,0.3815518909763,0.04040570227088784
2020-12-09,0.3696756202645661,0.36020864064091446,0.3771103288125999,0.36964783099298854,0.031095361873236235
2020-12-10,0.353559579083966,0.3470784963696663,0.3745306448917524,0.3664675796738979,0.026742605590075408
2020-12-11,0.34632967507125506,0.34148459628603495,0.36975305035004186,0.36334568158999364,0.030981881715134822
2020-12-14,0.3544918300815571,0.34493260236134954,0.3637836219165274,0.35237527336999436,0.04558313813318716
2020-12-15,0.34555610509459805,0.3484393812674658,0.370626258416953,0.366243892272277,0.042047867215368205
2020-12-16,0.3579332247213369,0.35301386660030126,0.3738334330213053,0.36642867751707014,0.061918799594040785
2020-12-17,0.35694146834095214,0.35387586811910193,0.3795505703593354,0.3738589894675161,0.06045409192321033
2020-12-18,0.3590737445587056,0.35085886280318795,0.371791697859348,0.3668468757027193,0.12712723909198742
2020-12-21,0.3480156609178298,0.34784185748738555,0.36947087874583545,0.36687605232042325,0.043289896840112876
2020-12-22,0.3539661991999114,0.3479789940926646,0.3720406024970711,0.36171179100400314,0.04030421246911412
2020-12-23,0.3559497119605674,0.3523967518765459,0.3764828381290954,0.37155403667655146,0.05363175046355574
2020-12-24,0.3572985006379405,0.35501214284846067,0.3836043593778589,0.374996877554091,0.0040132579082823375
2020-12-28,0.36843592478917003,0.3592046047808602,0.38929161620716685,0.37791453931473257,0.01241721301296243
2020-12-29,0.36759293186588277,0.359400514216941,0.3858453975329243,0.37412157902596493,0.016447514356310564
2020-12-30,0.36715655905854067,0.36098738064937524,0.3882258780622156,0.37670857245373685,0.019602177106127498
2020-12-31,0.36138453692495326,0.3663552991983719,0.38715017974776594,0.3889627518483874,0.020136347480526375
2021-01-04,0.38431394443848227,0.3743679951346843,0.3822896169934052,0.3785369738236443,0.04258452130643496
2021-01-05,0.36270357291070304,0.36125185838809554,0.38549679159775757,0.3821937765636811,0.026126643856441173
2021-01-06,0.3725715488951398,0.38826776962559656,0.3962936154208147,0.4020144254576194,0.05175645873390401
2021-01-07,0.40190770262576586,0.3965743297160303,0.4230964317566838,0.41705010906406986,0.04535532136296093
2021-01-08,0.4106450763365575,0.402546041147052,0.42748886654087576,0.42291460920294627,0.04253424745526098
2021-01-11,0.40635077120965385,0.41335397291757775,0.4305665589406142,0.4328638358066322,0.04179332907961168
2021-01-12,0.4169526469155143,0.4220817382956859,0.4435048192231859,0.44362028216424515,0.047009219727561974
2021-01-13,0.4320174263329359,0.43059400329392644,0.45656260154064615,0.4455751155438708,0.061853537797457184
2021-01-14,0.40355401821710707,0.4089053593974136,0.41916216477316254,0.4103200359361913,0.12990146496460703
2021-01-15,0.39579848332286355,0.3977203019624265,0.4041621493878577,0.3950120372320572,0.0897628907036198
2021-01-19,0.3913752498665359,0.38790533716883574,0.4091621545163305,0.4007403798220918,0.062179075971754136
2021-01-20,0.3923570886830838,0.38594624280791495,0.40929163672083074,0.4084138302526283,0.05321465735415658
2021-01-21,0.39830762696505223,0.38922772586243776,0.4171103698400414,0.40905571583989836,0.04395296354503449
2021-01-22,0.39353727877568606,0.38722944961427835,0.4109549850404511,0.4021019553103988,0.037621712822401406
2021-01-25,0.38453213084209675,0.379432254057722,0.39382847345022004,0.3903632294934111,0.05824384102500417
2021-01-26,0.38073370390544187,0.3776005008302426,0.40021792223483804,0.38926424356366424,0.06008290474946579
2021-01-27,0.36705738342051347,0.3580977164669025,0.36600473973248276,0.3658645962433446,0.0837702819018418
2021-01-28,0.35545383377043177,0.37477940495040946,0.37969001273344755,0.3873774889584595,0.059613225363029446
2021-01-29,0.3691995772019904,0.36112451725465416,0.3788832389976104,0.3692393583464631,0.05778178407937616
2021-02-01,0.3619002502426492,0.3580585345797757,0.381522683935902,0.3808224755361395,0.03054928678791201
2021-02-02,0.3731765202871394,0.37702746572958873,0.3995505908729992,0.3967042810532338,0.0636972263736452
2021-02-03,0.3738013268068124,0.37127262604429306,0.3967418230518734,0.3914330388056761,0.04786858569464844
2021-02-04,0.3780658792423192,0.38128359822876484,0.4044609544753059,0.3995733151178131,0.043680782456395784
2021-02-05,0.38787434984384933,0.381107279736359,0.405277688380755,0.3936212851261572,0.029858556618034347
2021-02-08,0.3843932849488361,0.3754834055090858,0.40082549257911876,0.39373799159664064,0.03483635304747752
2021-02-09,0.38148743875442553,0.37506347363280496,0.39952569044914005,0.39602349330913583,0.027523006496203768
2021-02-10,0.3861090234869207,0.3766895219523659,0.4011740985143993,0.3905480147383154,0.0442596597308165
2021-02-11,0.38334202318565774,0.37349619814404605,0.3970645325462992,0.3888557709171388,0.05802947058294543
2021-02-12,0.3691896596381537,0.37524958759704835,0.39289719759463176,0.3903632294934111,0.06307013073770666
2021-02-16,0.3823998546243433,0.3813438403804485,0.4070705189048755,0.3974920497285804,0.03813310151977766
2021-02-17,0.3797320299612205,0.3725019577558292,0.39865417561099586,0.388816868760311,0.03766196616150153
2021-02-18,0.3702607565290054,0.36116369914189267,0.37675176270782124,0.37144705574541376,0.08156217213869416
2021-02-19,0.36132503154204637,0.3606347436643402,0.3867318526254295,0.3778464605403116,0.058053023068589116
2021-02-22,0.3593018485261567,0.3502515435513818,0.3775386161044348,0.3710677597164816,0.05428171342191922
2021-02-23,0.3544719949538839,0.34994298618944825,0.36861808902658894,0.37108721079484003,0.06850707216909828
2021-02-24,0.3584291029114725,0.3573532606098175,0.3806461890130088,0.37978184284157873,0.03913583789038245
2021-02-25,0.3680788924921818,0.35859728552894227,0.37243900928029733,0.36294693448270304,0.039682769429730085
2021-02-26,0.3517744175993642,0.3453929895361508,0.36957546052647644,0.3626648938458957,0.051896660257535726
2021-03-01,0.36072997771388343,0.3659096052312711,0.38544699074981165,0.38668697567501603,0.04518360233126785
2021-03-02,0.3735335525841276,0.3675111648712939,0.39381353319585904,0.38387629484562297,0.02816294894249339
2021-03-03,0.37235336249152545,0.3653365701306171,0.3815525644446241,0.36946304574808425,0.04939512934596888
2021-03-04,0.35157765162959226,0.3474153667082082,0.3608393203600088,0.35570140777716136,0.06757773390829946
2021-03-05,0.3500810243177828,0.35251023904344886,0.3546918180037902,0.37436012513141276,0.04899859113313149
2021-03-08,0.3577238011235028,0.3605319529330195,0.3813059439339645,0.3711117275637528,0.044824062932241636
2021-03-09,0.36612486910043845,0.3734120267090471,0.38838033132347843,0.3936548239373357,0.0713725103952107
2021-03-10,0.384792800436303,0.3816406889913177,0.4087217001631897,0.4000146384523858,0.05969082009755011
2021-03-11,0.3905697818599168,0.3817392358450055,0.4038417757174569,0.393772235897535,0.05355038733133208
2021-03-12,0.3773994615160166,0.3708251717999626,0.3969928468494693,0.3879701281937645,0.03445497407085444
2021-03-15,0.3788262462199135,0.36894785423734183,0.39175719895850497,0.39072930926033494,0.0342915626431884
2021-03-16,0.3800534806155544,0.37553078406311374,0.40026450050763934,0.3947017472498157,0.03732820602857987
2021-03-17,0.379464807206266,0.37849704435896364,0.40442295768421493,0.39974067721173584,0.028881342577327093
2021-03-18,0.3870876289810246,0.3879082688853775,0.4069781542626885,0.3953475130313559,0.04399861254448208
2021-03-19,0.37837725802633676,0.3885980968611929,0.3980099152914662,0.4011300520750562,0.11354661893362909
2021-03-22,0.3877361674828577,0.38420290718697997,0.4100944920504181,0.4023824463179961,0.03411213552528466
2021-03-23,0.3878758526985692,0.37788605386607615,0.3986712602882316,0.3883419327346545,0.03685270275478436
2021-03-24,0.3792153693209455,0.3792854191883552,0.40561538275415404,0.3943886486890254,0.03583052487784824
2021-03-25,0.3816598605969726,0.3768020384756207,0.39676949260737543,0.39903620545009605,0.02881376835488029
2021-03-26,0.3894123900720751,0.40591277905272966,0.41585620982520927,0.4278021357183485,0.05801208456627027
2021-03-29,0.40463807859085726,0.40948993129454897,0.42949394528867907,0.428741431400609,0.0389982913742233
2021-03-30,0.4130990116602245,0.4110372154441661,0.43152808217267297,0.420326907580628,0.040461371782409286
2021-03-31,0.40802045631550804,0.40988421725610685,0.4334219337542676,0.42492554269157884,0.0438296341656639
2021-04-01,0.41780839893475735,0.41475243182788774,0.4421897651506987,0.43751797543150023,0.03621301724470176
2021-04-05,0.4304499109618009,0.4350185922871764,0.4564487640959301,0.4543372387413714,0.040014474072995576
2021-04-06,0.44444836508482904,0.4337621199027672,0.4633628254256566,0.452077058506092,0.031338851752090814
2021-04-07,0.4412954702146504,0.4374477722304048,0.4656375516031846,0.4582314020906824,0.0300438932686996
2021-04-08,0.44895820205110554,0.44906644627936093,0.4737439377991111,0.47055965791993354,0.03700557979796249
2021-04-09,0.460611940052348,0.4575513303811755,0.48426533547473766,0.4781425136879846,0.030641355595428243
2021-04-12,0.4625376005268859,0.456615135271252,0.4861892481926418,0.47778049347707424,0.030527961082729177
2021-04-13,0.4626273981655333,0.4536143835766561,0.4842052132023457,0.47240889629429345,0.021407410896664536
2021-04-14,0.4574690226975369,0.45830028646915894,0.4828123805576155,0.471019521431084,0.036529391360948266
2021-04-15,0.4701005572092129,0.47452602592757825,0.49469654974188987,0.48742784288003566,0.05485373906415268
2021-04-16,0.48170440763339123,0.47223284064242593,0.4902074200669317,0.4811756559952051,0.055531022905862856
2021-04-19,0.4689730979675872,0.46236041684078827,0.49111426434272526,0.4808234201142743,0.031238817922156888
2021-04-20,0.4651816421110561,0.46034020634029765,0.4855178828171824,0.47482562581002347,0.03415804146093927
2021-04-21,0.46089131048388426,0.45929560969136224,0.48426533547473766,0.48125393063537497,0.022449115925334336
2021-04-22,0.46892321039052304,0.45793566311049133,0.4781929859590656,0.4653935316677234,0.033714997794630885
2021-04-23,0.4563714960022402,0.4637499274776314,0.4805577953414422,0.48285856075913475,0.031122168884168876
2021-04-26,0.4724253183001503,0.46904553975386937,0.4987247419948739,0.4878974907211658,0.03013339271414562
2021-04-27,0.47559816820117723,0.4694459356203237,0.49738201124384135,0.490040258996246,0.017288295271089108
2021-04-28,0.47776328904566795,0.4678002031639367,0.5000073504734008,0.4859014873963347,0.017893551329430758
2021-04-29,0.48218332837318384,0.47616190369864125,0.5017809575102117,0.496703387741996,0.02817374026318832
2021-04-30,0.47966899448935757,0.46958390121553156,0.4984842529050791,0.4888563550633855,0.02783158688083727
2021-05-03,0.48288175445196785,0.47901483511270543,0.5057690682481921,0.49504005163813664,0.03114777685946874
2021-05-04,0.48013793771366947,0.48370566534787024,0.5037148906066964,0.5056169123931569,0.03696018773472193
2021-05-05,0.49799769030125424,0.4984482746584205,0.5237255869480248,0.5198824655671392,0.037984249810509546
2021-05-06,0.5091824850780717,0.5134963792153586,0.5338662102316845,0.5356254525744806,0.046265132472026065
2021-05-07,0.518242069072208,0.5230258599663322,0.5429947752626942,0.5422103066801718,0.02978824174271264
2021-05-10,0.533208342190302,0.5267115122939698,0.5422131857211452,0.5261835741020899,0.03769485399600036
2021-05-11,0.5060994328158053,0.5015919192908864,0.5197474965887385,0.5131214935210382,0.04672247892052535
2021-05-12,0.4976384997464381,0.4963392734428717,0.5046568062081465,0.4929657736731358,0.04481918114430822
2021-05-13,0.4813851271401584,0.49163868706918895,0.5068212080157319,0.5081217008791474,0.03668663631964577
2021-05-14,0.5064785784014698,0.50703919517489,0.530168690477083,0.5256160829607195,0.03041319624359265
2021-05-17,0.5147100286163648,0.5063566596663172,0.5308600966100445,0.518365894413529,0.018941337181666743
2021-05-18,0.5106392023282977,0.5020747988738901,0.5243368300510922,0.5092468988317973,0.021182848651727253
2021-05-19,0.4859548291988665,0.4854893633994652,0.505739007111996,0.5076618373681081,0.0433770838596957
2021-05-20,0.4993945424589354,0.49790626696324874,0.521400859080652,0.5138846712628886,0.020073055528196604
2021-05-21,0.5063488707011257,0.5109932891319762,0.5332950486436205,0.5294319716697498,0.048514352028297236
2021-05-24,0.5242385558348133,0.5230554240224161,0.5509810171174625,0.5407720101667315,0.037688858817836506
2021-05-25,0.5348646097486713,0.5272042465622977,0.5562817974702796,0.5426408172011614,0.042753927912264844
2021-05-26,0.5411803770045092,0.5340926716345691,0.5551444844834987,0.5450477623869121,0.041948946775664714
2021-05-27,0.5365009222763055,0.5303084724532436,0.5599943477930356,0.5447542324861918,0.04951837307993713
2021-05-28,0.5369997980468331,0.5259231374644664,0.5593630639324663,0.545351076617612,0.026462802060628378
2021-06-01,0.5456403263937215,0.5357679681471519,0.5608410697964372,0.5452238803273219,0.024076721151416784
2021-06-02,0.5362415068755042,0.5337526849893233,0.5616427000956019,0.5555072111817332,0.03571567439330938
2021-06-03,0.5418740790495638,0.5383051976723607,0.5623284204958487,0.5532763839363923,0.026069604018482274
2021-06-04,0.5457935756668635,0.5369190741675598,0.5667983249105792,0.5590172189961928,0.04458459838729707
2021-06-07,0.550555112478182,0.5398893388206087,0.5684393033330897,0.5571593117594336,0.023459389091345102
2021-06-08,0.5461845228997362,0.5364537327053136,0.5670500087176529,0.5567267830904532,0.015153069745333394
2021-06-09,0.5473874374626038,0.5363844265300737,0.5587444430822945,0.5433773755370883,0.028839633266387173
2021-06-10,0.5416134475609065,0.530513203399104,0.5562276050109909,0.5399368065800321,0.025435485459551814
2021-06-11,0.5365411578208914,0.530909238686222,0.5619257264045086,0.5529323270406756,0.027204319954094065
2021-06-14,0.5428765078519346,0.5316666561727816,0.562444195047173,0.5491182105968888,0.02032510994728525
2021-06-15,0.5405208001663517,0.534829988028309,0.5609571464411469,0.5532763839363923,0.027077992985641543
2021-06-16,0.5418740790495638,0.5299884566437789,0.5517778353009128,0.5418143742108008,0.038357492473910265
2021-06-17,0.5318497910258544,0.524208420637791,0.5500865201170559,0.5412933737687788,0.03798784691740785
2021-06-18,0.5127234494765172,0.5070877161686398,0.5277067959869368,0.5137295013240883,0.07987470077637557
2021-06-21,0.5107987861759513,0.5124638951906562,0.5357204084059171,0.5338617448215195,0.03849401124524132
2021-06-22,0.5233892919337484,0.5195232241828676,0.5455612452647307,0.537302313778576,0.046426317119231245
2021-06-23,0.5283212416414269,0.5188004597838718,0.5523315396766337,0.5379511067818799,0.03768089379541882
2021-06-24,0.5343057415916292,0.5240281255732469,0.5498952404235984,0.5398385046097638,0.04587005023102847
2021-06-25,0.5336541628700993,0.5272657140450949,0.5575564955126984,0.5464149064162893,0.05273016131311531
2021-06-28,0.537834290975943,0.5306617166317451,0.5569121849664402,0.5510449292127915,0.021190471092535572
2021-06-29,0.5428063378357664,0.5369091732853986,0.5602243438682686,0.5459233965652812,0.05279019874015613
2021-06-30,0.5328522198282251,0.5271716556644519,0.5583618836954927,0.5473389449361665,0.038469516660171885
2021-07-01,0.5389369626586191,0.5297409345893023,0.5611102708693312,0.5515266088667949,0.025686940360824077
2021-07-02,0.5438989852303213,0.5447307711963307,0.5698202420460248,0.5656820925758708,0.026032005686854716
2021-07-06,0.556910511085241,0.5454932381327793,0.575043486432208,0.5647482238589887,0.03434337811160452
2021-07-07,0.5518281970571048,0.5524832609496391,0.5789697538233733,0.5728679665976812,0.029296208906265386
2021-07-08,0.5505751610541978,0.5385824223733209,0.5616498809518522,0.5488429650803155,0.04313008251934515
2021-07-09,0.5524296543385954,0.5516713886110809,0.5777462685001937,0.5732316838874074,0.054650673815202916
2021-07-12,0.5632358368281631,0.5698989126987652,0.5886746814264379,0.5875936017339132,0.06302114156756779
2021-07-13,0.5799663735397729,0.567611808915844,0.5942117251833055,0.5798768970730759,0.039719768243541266
2021-07-14,0.5469162959255551,0.5438397908091794,0.5588954533665613,0.5525981003419635,0.07431631416446487
2021-07-15,0.5379846552962875,0.5393645920652836,0.5642210827255463,0.5522835340373717,0.0422737141413406
2021-07-16,0.5447811225764847,0.5331171354116302,0.5619257264045086,0.5473880959213007,0.07337524248354538
2021-07-19,0.5194597710284408,0.5137411089915722,0.5283913759422723,0.5180351276189943,0.07022083666993546
2021-07-20,0.509265070108258,0.5312854722089055,0.5337371400057958,0.5511432311830597,0.06623969578753088
2021-07-21,0.5447811225764847,0.5424833699509739,0.5711897039773364,0.5549180268388281,0.02732619336162486
2021-07-22,0.5456632599225348,0.5349091950857103,0.555150398316471,0.5393666551527652,0.04065099070319157
2021-07-23,0.5331830213329376,0.5280874872658141,0.5566806358639051,0.5414211663300608,0.034445210494987596
2021-07-26,0.5295742776444472,0.5257706808364093,0.5558249109196507,0.5439180363731195,0.024665790228716046
2021-07-27,0.5274691771594004,0.5198715372178389,0.5466434856354991,0.5344712170368051,0.029950111553136545
2021-07-28,0.5234494376619088,0.5143104097167344,0.5429185652899473,0.5333210839853775,0.022514977239734328
2021-07-29,0.5279804158485937,0.522427251934066,0.5455763462932484,0.5418536949989301,0.01780473704720346
2021-07-30,0.5300955406216485,0.5252459340810842,0.5528529278515155,0.5396713912604634,0.03232779921291875
2021-08-02,0.5351578060736557,0.5315379447044628,0.5603652868002662,0.5456579812457123,0.022246136321786902
2021-08-03,0.5396587113963172,0.5317013092603458,0.5565598276364463,0.5524899681748017,0.022715901353625584
2021-08-04,0.54076138307888,0.538453710905002,0.5650415719367445,0.5542594036384085,0.022633767412780864
2021-08-05,0.5475879232231007,0.5429685131776543,0.5747112638067529,0.5614059568720897,0.01910354957370001
2021-08-06,0.5518983670732731,0.5497902209975503,0.5766139933886061,0.5681003210428923,0.029613353831132956
2021-08-09,0.5599077732042328,0.5553198636932886,0.5790100232325643,0.5738804768907113,0.018896715927047246
2021-08-10,0.5638874155496931,0.5665425136407596,0.5901747169169507,0.5842906555351435,0.021940467880832988
2021-08-11,0.5795654020188923,0.5719087917806147,0.603554228103993,0.5887437347853408,0.019079226279435254
2021-08-12,0.5764879455956113,0.5695919853512097,0.6029166626837508,0.5901691133532307,0.0147956714813657
2021-08-13,0.5780617588153358,0.5700672276957288,0.6017018352834864,0.5885176402537904,0.014228356336260978
2021-08-16,0.5778011273266788,0.5745127237931411,0.5961663016294818,0.596411288461044,0.016641244256405202
2021-08-17,0.5797257906272446,0.5710177123847671,0.5902149863260278,0.5814005776112341,0.021865528153784883
2021-08-18,0.5663533904035889,0.5627851288546672,0.5907888254062872,0.5738214957086836,0.022066109686066773
2021-08-19,0.5545147062475133,0.5584930964309769,0.5775301224465901,0.5756597425514336,0.025792455496507806
2021-08-20,0.5678269607430086,0.572161264276172,0.5927267907211966,0.5888223763614888,0.02212691792172866
2021-08-23,0.5849283961115883,0.5833789637825626,0.6118195243301605,0.5993308569760782,0.01926541938412391
2021-08-24,0.5909930903659664,0.5831363921692783,0.6140645438898518,0.6006382731798017,0.013884061818851406
2021-08-25,0.5955541414167882,0.5951956666607106,0.6196015876467196,0.61079286670167,0.017432265192423805
2021-08-26,0.6044356606057901,0.5919679790710239,0.6235077203333461,0.607214674986216,0.012493437421045642
2021-08-27,0.600816892629179,0.6043688339975759,0.6281689044414205,0.625951030506771,0.028112846382124086
2021-08-30,0.6213767073659044,0.6090816539136754,0.6370080397479612,0.6192075153509453,0.01349994218935342
2021-08-31,0.612184435248206,0.6024975672660946,0.629427323477129,0.6144988509781839,0.04013591925351467
2021-09-01,0.6070319512039015,0.5968095104554423,0.6263668483823741,0.6150198514203169,0.01694442898069124
2021-09-02,0.6114125650703552,0.6040965597376964,0.6355180716097177,0.621753536379138,0.019100980211629787
2021-09-03,0.6109040281731286,0.6027828520677352,0.6276042156766477,0.6126507739384293,0.025041687899589327
2021-09-07,0.5994159167744022,0.5890196514719404,0.6118875805682991,0.6003582509014138,0.019797876850475973
2021-09-08,0.5923881325883846,0.5834308373572521,0.6119253983738941,0.5998744487899228,0.011315556202654151
2021-09-09,0.5893575265138511,0.588502536998724,0.6119280274192127,0.5977022760444484,0.03014546871587566
2021-09-10,0.5952677117820422,0.5831225575750734,0.6082878108335783,0.5922520971558216,0.017630962525854204
2021-09-13,0.589307184220188,0.5777823561879016,0.5991670459441494,0.5918966507065562,0.025388380488264438
2021-09-14,0.5820075516487748,0.5704980032715101,0.590309185585886,0.577767654348391,0.038351839877355784
2021-09-15,0.5679117094416737,0.567509678286654,0.5931000183015389,0.5853702589575513,0.03153849118494696
2021-09-16,0.5740836746366635,0.5630843717367029,0.5770325067611057,0.5664032414844762,0.051406340329135276
2021-09-17,0.5437574769740214,0.5413460726224826,0.561556530415966,0.5527679207502725,0.09826208349570273
2021-09-20,0.5186568093867254,0.5115817591029566,0.5337038176797828,0.5336528005899199,0.054935187841778685
2021-09-21,0.5273760946377173,0.5174602567678264,0.5316966427013765,0.5217749650771031,0.040279632238642345
2021-09-22,0.5220498799751578,0.5129231739355815,0.5403269895230236,0.5275114758277029,0.03578504716920534
2021-09-23,0.5266310286924998,0.5351452734175834,0.553548053927684,0.5523137391761925,0.03422946972649141
2021-09-24,0.5356926415398573,0.5304464928673864,0.5596919305871209,0.5507833447418455,0.016797375824872278
2021-09-27,0.5387131791556807,0.529521653521074,0.5607627609661043,0.5516225933026022,0.02488555633112225
2021-09-28,0.536306817521732,0.5276258323060268,0.5480624497674114,0.5369110597081315,0.04420827248941208
2021-09-29,0.5272250677569545,0.5180755235458856,0.5484972534151873,0.5329616547163296,0.03604129821300868
2021-09-30,0.5277989699038761,0.5165838471806745,0.5305691867310232,0.5152781938655095,0.037376338744695335
2021-10-01,0.5087091721720975,0.5037156524041406,0.5157354052618415,0.5184673383964287,0.030064533810663707
2021-10-04,0.5025875492707705,0.49806219898024423,0.5109221288815533,0.5023438925173664,0.04021950916619918
2021-10-05,0.4945529192127363,0.4978682810527321,0.5151488248060032,0.5153966760152646,0.027306494919086502
2021-10-06,0.4943314131208904,0.49187174206483625,0.5131770408220326,0.5141822339803019,0.029646327311034122
2021-10-07,0.5110450545949632,0.5090260202640371,0.5339060519345782,0.5189215199705086,0.026354546272069748
2021-10-08,0.5054469915470081,0.500672632619168,0.5289664802620939,0.5209455900288169,0.01917437832143576
2021-10-11,0.5065746589235445,0.5145499961794295,0.5310444372297127,0.5163346597008356,0.03472184514454803
2021-10-12,0.5089004728878135,0.4974207781432695,0.5238954563241405,0.5128394362831137,0.0596825981389254
2021-10-13,0.5276378745644033,0.5309735518498064,0.5445739088729302,0.5440594827433232,0.11369435725266677
2021-10-14,0.5477747920030385,0.5504548451784819,0.5599841590852217,0.568447058567725,0.05793894339267132
2021-10-15,0.5705395771674684,0.5688620320792575,0.5870633257970002,0.5830104894749184,0.07679001032027098
2021-10-18,0.5679117094416737,0.5608483488653282,0.587548688008418,0.5721989933098981,0.03551192398114088
2021-10-19,0.565213362504909,0.5583307969414015,0.5878672069597037,0.5774714489739476,0.024157484765824057
2021-10-20,0.571183958525473,0.5594944039512386,0.5901221189001833,0.578735258571373,0.02176695029569075
2021-10-21,0.5688480761026071,0.5635119856280939,0.5940100724478907,0.5795152660571965,0.017725515050038325
2021-10-22,0.5707308778830711,0.5696875257797525,0.5931101300142674,0.5906229675966603,0.021043589227521295
2021-10-25,0.5845649401633735,0.5854694617229548,0.60525429701233,0.6002693892891806,0.02792297052513478
2021-10-26,0.5996676282423781,0.5924306180936418,0.6217667239130402,0.6070228718251143,0.021536050290980255
2021-10-27,0.5962946945714789,0.5928512708286016,0.6098753497334151,0.592893875466949,0.027961596601590435
2021-10-28,0.5822491946579276,0.5893478202723026,0.6095214397875799,0.6108735416921016,0.019340102174964992
2021-10-29,0.5970901028102462,0.6013110647207074,0.6240014124281765,0.618752604650765,0.030688717502922645
2021-11-01,0.6134110743942904,0.602822630104102,0.623111581707168,0.6116140551280438,0.02195639792566835
2021-11-02,0.6016913884450081,0.6043540845056801,0.6258114090081517,0.6230870766292436,0.020974473387832357
2021-11-03,0.6184251668365011,0.6071683805812076,0.6378898498734797,0.6268883789338793,0.022341887881603795
2021-11-04,0.6221907703975422,0.6174460307370011,0.6407362970091388,0.6291987808540493,0.019233901876062536
2021-11-05,0.6286345839779282,0.621279638995436,0.6450337749226878,0.6302552466893756,0.01830173731698648
2021-11-08,0.6263087700136589,0.6201757984852492,0.6512524782564513,0.6408791461173484,0.02106816945799307
2021-11-09,0.6290473907853769,0.6250983304902333,0.6465909786843391,0.6417480152155159,0.01939628555890048
2021-11-10,0.6283224617575791,0.6165261636452346,0.6449326577952901,0.634303386805992,0.018331970144012742
2021-11-11,0.6250602811324897,0.6226519812513229,0.651758063893326,0.640612561280427,0.012036005327144023
2021-11-12,0.6379076344584216,0.6264706727461202,0.6561061003706306,0.6464280601307897,0.021645505115171652
2021-11-15,0.6373941430636467,0.6248198842353299,0.6446798649768528,0.6284088998557555,0.047295617952989234
2021-11-16,0.6195024919194874,0.6100323992023056,0.6347906099193832,0.6241731630019807,0.029604104127680164
2021-11-17,0.6106523167051527,0.5997994993374247,0.6155075737283631,0.6069833777752329,0.04718616312879784
2021-11-18,0.6010168017107604,0.5940167672952243,0.6120392562593389,0.5983243073306352,0.047553068032425344
2021-11-19,0.5884513652290475,0.5790635072953771,0.603242066177446,0.5906032205717195,0.05248187529172965
2021-11-22,0.5860349351365017,0.5834606708845271,0.6062149097224374,0.5949278190377278,0.03376878310730084
2021-11-23,0.5883204752657047,0.5901732145276977,0.6115640057606493,0.61082417412975,0.04793958573318888
2021-11-24,0.5984392762786286,0.5929129267850375,0.6184703055605125,0.6061737497518873,0.026765215976293347
2021-11-26,0.568686980763021,0.5676986239596202,0.5899148287891371,0.5774615754614771,0.03569940176686465
2021-11-29,0.5807791996849123,0.5882836583533826,0.5989850351149244,0.6034881543574,0.0414725870478458
2021-11-30,0.58564226524636,0.5785679724069299,0.5951425842744946,0.5803940086679453,0.07974332072918495
2021-12-01,0.5875452039443572,0.5829932789567693,0.5928775606212868,0.5761681453266407,0.049832006543308736
2021-12-02,0.5674183549644318,0.5776431330605059,0.5942729769790565,0.5944538904387069,0.04319260366305386
2021-12-03,0.5891561573394251,0.5775834660059553,0.5807435053359526,0.5754177583782283,0.04410815301407582
2021-12-06,0.5713157185734423,0.5637830763619402,0.5875548083179132,0.576661820950602,0.02709854788220331
2021-12-07,0.5819059474598671,0.5822951231815243,0.605956541648129,0.6006856090960926,0.04194868983945769
2021-12-08,0.5988786352073092,0.5899676822519948,0.6124680023517337,0.6036017914720955,0.024587510330976656
2021-12-09,0.5891785115185733,0.584742749447583,0.6122140452260543,0.5988605153640922,0.021431905481733973
2021-12-10,0.596289238268475,0.5870105501103278,0.6170798637549375,0.6048912598696441,0.028012983842994846
2021-12-13,0.5943573053962417,0.5833141349330764,0.6116553395494457,0.597452019114505,0.02885290830374998
2021-12-14,0.5801864260552769,0.5732838623983159,0.5902213581381164,0.5822958059492842,0.0601696635420369
2021-12-15,0.5758876225434617,0.5730490900830087,0.5881998594172981,0.5947242975042204,0.029075928931445137
2021-12-16,0.5958239560060725,0.5908668102681165,0.6139206371108705,0.6013105053195456,0.029769057172588327
2021-12-17,0.5880051910306181,0.5817956076171367,0.6007479825823359,0.5933951531560293,0.05144796399467285
2021-12-20,0.5699704459450734,0.5587479594719509,0.581368412735269,0.5772470412234125,0.036238796510806304
2021-12-21,0.5750379766730023,0.5720150928645698,0.597540402501473,0.5907170264841037,0.02185644974113677
2021-12-22,0.5817643398148471,0.5760896413240562,0.6054384691115835,0.5913815986583104,0.019180716081208967
2021-12-23,0.5840098324727405,0.5811562276945414,0.6095728911184191,0.5937423177245404,0.024831685373049958
2021-12-27,0.589087478032392,0.5809464311574539,0.6094814665532198,0.6023222420622631,0.0243943799486984
2021-12-28,0.5941246642649272,0.5868656905965659,0.6187559807847633,0.6015783179866605,0.02216528706197729
2021-12-29,0.591585841485158,0.5807765958655844,0.6050930874205913,0.5895763429016314,0.02274407869099567
2021-12-30,0.5819261771235384,0.5758813433336907,0.6038639349321433,0.5935836139217481,0.016235028113103317
2021-12-31,0.5855877462323107,0.5776396381206037,0.6110052093075242,0.5953690317029949,0.007516069218614172
2022-01-03,0.5886221957699895,0.5798874581607956,0.6028023941465983,0.591570059424029,0.029497133020156642
2022-01-04,0.5879950761988957,0.5852922165684094,0.6141085653839189,0.5970155836568816,0.03163604129821301
2022-01-05,0.5884300139659044,0.5833141349330764,0.5879712980041867,0.5717717600275225,0.03828889050663537
2022-01-06,0.5633553459528549,0.5560156093342583,0.5810687433268762,0.5754616234421659,0.0437302854989487
2022-01-07,0.5652872788252015,0.5544671110843209,0.5810382684717721,0.5722677094112207,0.04427165008714419
2022-01-10,0.5586418343377022,0.5477153590055142,0.5595433373502343,0.553491065745148,0.05670624911678178
2022-01-11,0.5414971944498463,0.5467595859244103,0.5584564008521211,0.5682207624404614,0.05231683660141914
2022-01-12,0.5655704941153545,0.5578088702107231,0.5778486685555286,0.5651657142369872,0.044923925471370876
2022-01-13,0.5606951451915105,0.5490074059646022,0.5608435978339632,0.5477777288451806,0.05734156671134501
2022-01-14,0.5144400194054983,0.5166238119192439,0.5290989571181135,0.528951490240638,0.09535819048393934
2022-01-18,0.5043251876131987,0.4978470218504674,0.5202831910385048,0.5124859707024365,0.06505984472488555
2022-01-19,0.5093826035094051,0.49789697340690614,0.5211043868002676,0.5060386287146936,0.05367679994518694
2022-01-20,0.49740664266738194,0.5045605110370452,0.5198244428865699,0.5070801224203376,0.07018649286359685
2022-01-21,0.4951206906822591,0.4838106344884902,0.49447952173898063,0.48165775701297614,0.0960806950980854
2022-01-24,0.4482485601569886,0.4463569574637027,0.4490313545188955,0.4676719843931543,0.13380775176536586
2022-01-25,0.4426348285121983,0.46363010578034886,0.4590067904174962,0.47930695693435116,0.093677570753808
2022-01-26,0.4800495913117699,0.4778863798938236,0.4795468427462973,0.47625190873087714,0.06991114289507153
2022-01-27,0.4766712374931506,0.4724866166417642,0.47914447307633384,0.4688027489880216,0.04883809164914504
2022-01-28,0.453498157857167,0.4665174056462133,0.4679257646729749,0.48881926611328436,0.040805323718209496
2022-01-31,0.4741931037040558,0.4815827950709633,0.5007979750271145,0.5034993678702391,0.041521833154191695
2022-02-01,0.4971537718725095,0.4892253832075483,0.5166043681152226,0.5064849831599221,0.04329769057172588
2022-02-02,0.49931834587605733,0.4880615119422343,0.5114844908777316,0.503072851400221,0.07742798292230677
2022-02-03,0.48561274879760824,0.48164273693862275,0.49823412546859563,0.4864684660346595,0.03907263158345502
2022-02-04,0.47094624269873403,0.47535883113755234,0.49296593726974886,0.49048565604249234,0.046344440114593544
2022-02-07,0.4790381081326192,0.48267173900150734,0.49950787282845793,0.497528137290762,0.037880190646665604
2022-02-08,0.48508677754441815,0.47579840483428065,0.4970038555687351,0.4880753420377926,0.0723944313359398
2022-02-09,0.4883943275404143,0.4827816324257174,0.5088839699102732,0.4936398941226839,0.0917579147057438
2022-02-10,0.4726961085988312,0.46797599109449367,0.46544714312593355,0.4591118980308639,0.16750330805366542
2022-02-11,0.4519101292657611,0.44293977148714286,0.46346282372835407,0.4534580750569714,0.0981037251467748
2022-02-14,0.43352136506744005,0.43183104484867024,0.4479150605770908,0.4413767480705462,0.07065548708681446
2022-02-15,0.444849976674698,0.4421959928116153,0.4697491768357857,0.46208759433294194,0.036317162053948034
2022-02-16,0.4458311153585683,0.4456975969186661,0.4718874958343709,0.4642995285842067,0.04288950458417016
2022-02-17,0.4424325318763909,0.43556742127091613,0.45602025461898227,0.4435490063710575,0.031796626427601796
2022-02-18,0.42907083907876936,0.42345916398794486,0.44740613049713357,0.4371215023585248,0.03150697367688559
2022-02-22,0.4183491173790472,0.41637603328363076,0.43145752141869037,0.426666889350554,0.047421431049027706
2022-02-23,0.41936060055819785,0.41542695371107047,0.42578919837247803,0.4137821243625623,0.05890879192877728
2022-02-24,0.3781730055001145,0.3926690245932967,0.3995808229973508,0.4130877952254293,0.08971929719382839
2022-02-25,0.4042389270287567,0.4089532319954657,0.42805449593390305,0.4320132237065782,0.047118331970144006
2022-02-28,0.40831520424109297,0.40572636144882795,0.4301064695098253,0.4250897703104583,0.057327692156165816
2022-03-01,0.4085883046995236,0.3997047013190053,0.4059907008507975,0.39624535415567935,0.06311809216301745
2022-03-02,0.3880046220022611,0.4037882410587131,0.4124310535592349,0.4192871625213787,0.07038887294932789
2022-03-03,0.4152843233459748,0.41048174962273803,0.42416387276778816,0.4189598359281889,0.04864821579215573
2022-03-04,0.3951436815781057,0.38849497274670347,0.39451431129440734,0.38301342459906557,0.17427631776157176
2022-03-07,0.36866088287446647,0.36469230538093717,0.373370039260528,0.3635159200451538,0.0880469850677241
2022-03-08,0.34727093007531656,0.3411009042935587,0.3583429780038159,0.34933228456031756,0.09025595128489514
2022-03-09,0.359442831787156,0.3653210740666684,0.3786484351818991,0.37967727371741505,0.11186257338740412
2022-03-10,0.3539323725183981,0.3687868470622258,0.3800600992073992,0.3836227216163441,0.07548897101331357
2022-03-11,0.37311203019500166,0.36794168134560784,0.3849906938470709,0.37347443031172384,0.05894733235983059
2022-03-14,0.36854884026451035,0.3733844036919875,0.3933379246064906,0.3839523413142853,0.05415607161668544
2022-03-15,0.37536306808480485,0.3780222015177657,0.39947569657693377,0.39408065566750844,0.04394910950192916
2022-03-16,0.39591779415564415,0.39508446857285234,0.4108609715314338,0.4174936426933645,0.08872187083816872
2022-03-17,0.3941862265481381,0.40621618938444976,0.42065055466474893,0.4273023258244561,0.03584063103532444
2022-03-18,0.41597342132781484,0.40563772219359945,0.4291614566153828,0.4249650225121055,0.08899182514634657
2022-03-21,0.41335569853281434,0.4071769479361708,0.4276781864437406,0.4202105080820379,0.039567148136570154
2022-03-22,0.41372238343801176,0.4123529717568945,0.437357189228237,0.43323548038639753,0.03761588893504224
2022-03-23,0.4204449400319786,0.4100541934419019,0.42945811064975653,0.4228374771894244,0.05437695110932207
2022-03-24,0.4135186696018413,0.4065934505958884,0.4342207377293274,0.4246553797656725,0.028828499364082882
2022-03-25,0.4134371840673278,0.4071568273382185,0.4352377495946896,0.42741219905702915,0.02507954316742391
2022-03-28,0.4180614881487042,0.41556723727815964,0.44002513194196374,0.43624201157021797,0.027626637433036
2022-03-29,0.43973664031853804,0.44015269650691397,0.46269369423980494,0.45957509079037456,0.05727390684349587
2022-03-30,0.45070663039698283,0.4465026566144525,0.47399713359858425,0.463690342776179,0.05699667267611906
2022-03-31,0.45792828588961837,0.447917537061808,0.46474971128680503,0.4505155433363411,0.06898060559863994
2022-04-01,0.44199786390015533,0.4382079401127931,0.46514865981571624,0.45609910124905534,0.04770457474916603
2022-04-04,0.4455628560333094,0.4521163034403601,0.47040659683815705,0.46855473043893064,0.06478046942245022
2022-04-05,0.453945680392196,0.4446817425006602,0.46272428029374074,0.45077524370439254,0.05292371992240526
2022-04-06,0.4259553993007365,0.42136196948552646,0.4370381326996357,0.43159737037272344,0.06159840014388428
2022-04-07,0.41880504365080023,0.41649278478352,0.43604076137730113,0.4352531524765056,0.029897867857708725
2022-04-08,0.42060791110100554,0.41021515822552074,0.4340920512551681,0.42247789206438774,0.059485870649748834
2022-04-11,0.4058895864367516,0.40073835659466456,0.427023501678316,0.4147667888289925,0.039855344915446574
2022-04-12,0.40166252433601507,0.39896774397575313,0.410809824284222,0.4032300994029398,0.07098770560249398
2022-04-13,0.39005083567361626,0.39015482147392194,0.41043982509721416,0.4021413555522419,0.06699937050629279
2022-04-14,0.3890424521844646,0.3823581903742587,0.38697520704238847,0.3746031280651048,0.08372095015009356
2022-04-18,0.359493760246227,0.3543704386365301,0.3760501550191307,0.36644254342338595,0.060613906243978055
2022-04-19,0.35389162975114136,0.3676148222320051,0.38018285260086654,0.3879876854945012,0.07467277032900681
2022-04-20,0.3805883279828787,0.37378933072558257,0.3965761591275265,0.385420647241195,0.06330796802000677
2022-04-21,0.3818717251509,0.3720866251247324,0.3783108633497784,0.36790086087470814,0.05810972032493865
2022-04-22,0.35338234516077177,0.3466541893256094,0.3607724722505808,0.3494022038900965,0.057455560741860465
2022-04-25,0.3322979631158211,0.3318253086421142,0.3459141969098722,0.3547360499105688,0.08666064294003537
2022-04-26,0.33470178638283693,0.3315738011678218,0.3447480396714205,0.3335305160129824,0.05780319542996133
2022-04-27,0.31787502351417835,0.31821372413406485,0.3395259057221642,0.32950516030846483,0.04328681360562861
2022-04-28,0.3218067005524166,0.3170539728687271,0.3370350347786088,0.3374459984849267,0.08572368223842823
2022-04-29,0.32082887413882083,0.31391797647347647,0.3205656211480013,0.31118629588642704,0.07582555744451248
2022-05-02,0.30113993187173443,0.29326418268557425,0.3070422889618614,0.31130615759480956,0.12082587861477125
2022-05-03,0.3019547872164164,0.3042802100590017,0.3225501343432054,0.31755894337899365,0.0651683574496512
2022-05-04,0.30379839743387843,0.329214661059084,0.327501187881921,0.35168956482395436,0.07669665683171963
2022-05-05,0.3231206547957675,0.319571864495177,0.32405386341389136,0.32030577419476264,0.06536088831411307
2022-05-06,0.3027594568693975,0.2996524725323115,0.3141568710612496,0.31512175530976855,0.05133619674461825
2022-05-09,0.28790871821167235,0.2868254907411129,0.3003317701160601,0.29208833036034626,0.08163308653183225
2022-05-10,0.2866660638109076,0.28775113884942843,0.29254715907699297,0.296752948509238,0.09021920940729099
2022-05-11,0.27572663080801857,0.2838477428485752,0.29643997606899414,0.28688433452395506,0.08943615349369007
2022-05-12,0.2637482572404222,0.2671979480512879,0.28254787222992767,0.2869342769024478,0.08489300748112588
2022-05-13,0.2776720979435093,0.285869862941779,0.2999737393850093,0.30184707111294523,0.13344444396863664
2022-05-16,0.2708782415068432,0.2675198776184136,0.27947392266720333,0.2851363512775969,0.18507209201742025
2022-05-17,0.2868799633390055,0.2878467116896461,0.29512498034094475,0.2982412313875448,0.12316939375901952
2022-05-18,0.27585904480148976,0.2687673546907878,0.2839339626317083,0.27840411866010445,0.07202307287139058
2022-05-19,0.25610898838363144,0.26169496451411817,0.2789931385425715,0.2796227126947725,0.1006097952646657
2022-05-20,0.2676697485869595,0.2695520580105936,0.2836679969457297,0.28697423080524204,0.09202632739667953
2022-05-23,0.2807889196370655,0.27779144286793983,0.29664916831044724,0.29803147339798625,0.06784837337969604
2022-05-24,0.27927125155754423,0.2846827476631501,0.2912173306472135,0.3048635907724641,0.08626950038754544
2022-05-25,0.2861567792205379,0.2960911266965363,0.3121570136919048,0.3131040832196605,0.07133311351013398
2022-05-26,0.3027798282530259,0.31558798610262634,0.3287389512665145,0.3389143044118365,0.13059347981551978
2022-05-27,0.3287838994417381,0.33548222731810723,0.35424096877036165,0.3529880666640997,0.07318750776161458
2022-05-31,0.33165626453186686,0.33495406162213776,0.3524508151148807,0.3555351279660089,0.20491664561217193
2022-06-01,0.34490784957555737,0.33929005047874256,0.3570029201245714,0.34697500429656997,0.067968276942973
2022-06-02,0.3344471440875955,0.3520666301721052,0.3597341831303859,0.3729250641485255,0.07100637630020426
2022-06-03,0.3507677559815812,0.34516653628124966,0.3712136285534104,0.3630664386389412,0.05671387155759011
2022-06-06,0.3580008359950984,0.35583698982408857,0.37763287321395517,0.36668841272505975,0.041014555436127795
2022-06-07,0.34412973786993134,0.3478518830892697,0.370152340912778,0.3709844764326961,0.03586041512326514
2022-06-08,0.3513833372593009,0.34516653628124966,0.36543836911151045,0.35367948913259867,0.03044479939705636
2022-06-09,0.337666134453592,0.3379160998996515,0.3625378596862308,0.35110386311585745,0.07218083170250213
2022-06-10,0.31910635892953493,0.3159621230710559,0.319478432018847,0.30866640007429363,0.08765421525258969
2022-06-13,0.2754206075853674,0.2734120428942604,0.2887835205517418,0.2896007309268204,0.09419572543796917
2022-06-14,0.2719425733661777,0.27128626156078123,0.28814468721471503,0.28206501262001743,0.05344744155771858
2022-06-15,0.2736969800076619,0.2775667304086104,0.29074123561667703,0.29078793354393456,0.06820757019711289
2022-06-16,0.25614265390398977,0.25335807559973716,0.2761304989734546,0.27657168525617465,0.07532770072070606
2022-06-17,0.2624215829369792,0.2614951830971835,0.27973722834908693,0.27304026052222014,0.11222613812034035
2022-06-21,0.27198361211799565,0.28379876168002344,0.2968925824263681,0.30551729482718,0.0859751371397005
2022-06-22,0.28074538563794244,0.28893132076775346,0.30448645612598785,0.30022518824596095,0.06993700780657842
2022-06-23,0.28907625226340633,0.2957865551663413,0.31088509325960495,0.3157493716202762,0.061965219402109445
2022-06-24,0.30860043845591706,0.31569865508238243,0.33441899213174925,0.33896018888844553,0.07600190132793196
2022-06-27,0.3266164505179639,0.32016747750624436,0.3361602251256743,0.32803390039553587,0.043756236055857926
2022-06-28,0.3188190876665841,0.31535412002021096,0.32857150330778656,0.3201862898757603,0.03357727998766706
2022-06-29,0.30364500917004184,0.29682016035285613,0.31548057178069816,0.3089581702089705,0.03501620839239297
2022-06-30,0.28235615664800756,0.2827651564935087,0.2974798969458488,0.2999837233068568,0.05099472852548593
2022-07-01,0.28275628447859896,0.28624090726766077,0.30743127173438894,0.30769047927889553,0.03223358927034399
2022-07-05,0.28041707562306045,0.2881763836462418,0.2986958440764815,0.3117350170082244,0.03823613293879351
2022-07-06,0.29845360706107266,0.29137853304757505,0.3115136228331679,0.30571851560980373,0.03309346910984451
2022-07-07,0.29502687128162713,0.2939220124770013,0.3199472532580396,0.3147332066683978,0.032677831972285146
2022-07-08,0.294637003139075,0.29047666185539706,0.31453262553873546,0.3105679364694059,0.01889868577130108
2022-07-11,0.28767067501254323,0.28078407988605,0.3051149856995507,0.29591906349912117,0.028594173543278763
2022-07-12,0.27736994829824063,0.28336363416321225,0.3020444641764369,0.29419862580833706,0.03197108611216978
2022-07-13,0.2701881667245805,0.2667696095635073,0.2840128780510826,0.28724644777088776,0.040701264554365554
2022-07-14,0.25980536250652925,0.25781169794726927,0.2809011414740002,0.2794491424467959,0.08651761511812642
2022-07-15,0.2701779070366545,0.27056962863142847,0.28634152860219103,0.29126080238293967,0.07935637480140972
2022-07-18,0.280919800333253,0.280258359914711,0.29565613080628345,0.2884034672706139,0.060344294517409566
2022-07-19,0.28385407109054556,0.29675936004776043,0.3079176093715836,0.31940152882378275,0.06820234582757011
2022-07-20,0.3050403267329787,0.3065380757825666,0.3285663514259411,0.32583053282654323,0.04668727866016332
2022-07-21,0.31044718228918927,0.3097503585680453,0.3329743014514253,0.33043848874704124,0.0510133992231962
2022-07-22,0.31783415762216477,0.31244664943092,0.3295812721307592,0.3247338795615931,0.0330751409937436
2022-07-25,0.31299158490381657,0.3065178090142759,0.33136382321635555,0.3272592003826506,0.029606673489750386
2022-07-26,0.3103343257215488,0.3012991161608634,0.32216771429232377,0.313968567694716,0.03187002453740777
2022-07-27,0.3048761717255944,0.3137581120117287,0.3274844562584948,0.33447296543738875,0.029312310241905434
2022-07-28,0.32418490447086373,0.33150673440502404,0.34126058805819687,0.3512346566245019,0.03635296183212644
2022-07-29,0.33780977008501084,0.3425521231625825,0.3632983804701739,0.3604908126222,0.06577027333730157
2022-08-01,0.33820989791560224,0.3425115896257775,0.3584369618131034,0.36271430226948825,0.037985448846142314
2022-08-02,0.34075430053022954,0.345642805337758,0.36617508820178396,0.3574523788055463,0.050121402357817924
2022-08-03,0.35028555064735417,0.35937354090333634,0.37229552372085656,0.3819811921994742,0.06641090094680992
2022-08-04,0.3702098646704565,0.36741944794313913,0.3951029042286019,0.38748458060240937,0.05309398298225855
2022-08-05,0.36483378817813755,0.3680477177623866,0.3901828571572636,0.38740409228944866,0.036196658972854685
2022-08-08,0.3779148903301612,0.3734285447626839,0.39837847064532655,0.38774616761980923,0.03119565263937718
2022-08-09,0.37304153854803485,0.36659864382445934,0.3929648733022552,0.38798763255880236,0.030814444953558777
2022-08-10,0.3893134036565236,0.39365477958834877,0.41466459923378124,0.4168628148560503,0.059599350807850254
2022-08-11,0.4108587483776171,0.4054196386226863,0.4325931477240433,0.4203238123160255,0.04847623982425563
2022-08-12,0.41125887620809526,0.42118718440863484,0.4331907660071013,0.44364530101454364,0.0547996968152757
2022-08-15,0.4242989396084145,0.42794615165750644,0.44918220695946937,0.44765965562659543,0.05088253304841962
2022-08-16,0.4282386597859787,0.43256190815203505,0.45394254569655107,0.448917285517578,0.04606660642940035
2022-08-17,0.4235397226991627,0.4154618223462779,0.4398985160457681,0.4349827463254025,0.040065946959802326
2022-08-18,0.41883052592442055,0.41664742829542006,0.4395275805597086,0.4369949541509745,0.05645616454194698
2022-08-19,0.4148908057468564,0.40579457383740586,0.416993249784776,0.40543347440663663,0.055548066340928653
2022-08-22,0.376981258725599,0.3702566941801017,0.3962929889128724,0.3865187208462147,0.047040052072404616
2022-08-23,0.3703022018620182,0.37214667166371357,0.39606630611587385,0.38845044035871495,0.023734482123663393
2022-08-24,0.37267218978133504,0.3724253397287169,0.3981373625793652,0.39192149885789346,0.022231319667181962
2022-08-25,0.3817007151883805,0.38009631155391205,0.4046287335844973,0.4021636366900821,0.020321684131191627
2022-08-26,0.39161157376001793,0.38250805698900153,0.3793432979549643,0.36779512702910216,0.043407402332124305
2022-08-29,0.3491364655955505,0.34740054215782606,0.3735525828678688,0.36724176987702556,0.021663319358858513
2022-08-30,0.3584727816413991,0.34946309117408164,0.37175972801880847,0.3640524204735425,0.030833972105292456
2022-08-31,0.35601045653040736,0.34989882669389677,0.36828735971924403,0.35768378270555806,0.04496006783115865
2022-09-01,0.33811756072392724,0.33304700880059496,0.35360964861328,0.35613438267978764,0.030743359269616008
2022-09-02,0.35437916614437664,0.3473046803435202,0.35695960820246303,0.3493029371120015,0.03216884134617443
2022-09-06,0.34082666014948887,0.3398274621826412,0.3555609805713043,0.3578045151751102,0.04537510545090163
2022-09-07,0.34602534652377653,0.34995402448408436,0.36792327617449844,0.3705647906087412,0.03051408652754998
2022-09-08,0.3503972040512679,0.3655520398232966,0.3684837832799303,0.3885041770403765,0.0628390594421915
2022-09-09,0.3780442936160719,0.37454539814375615,0.40223876674049924,0.3920920543267035,0.035137139700498025
2022-09-12,0.380328408305403,0.3751170531561839,0.3994985097806098,0.3934603126139176,0.05396080009934866
2022-09-13,0.35640204855106855,0.3471161656723893,0.35078629041392134,0.3408583829073753,0.09538662475751644
2022-09-14,0.33215529261877047,0.32820050963610753,0.34398235693962226,0.33951039511330433,0.06041666488238745
2022-09-15,0.3227707852075206,0.32118752760858965,0.337105765136898,0.3281183779668874,0.05580277576748986
2022-09-16,0.3044875323326834,0.30026087090353276,0.3222834661264738,0.32244263988682204,0.2198925150200624
2022-09-19,0.30137658879666934,0.30837377842378294,0.3274422074487466,0.3305407018975422,0.03768372009369607
2022-09-20,0.3074227747388099,0.30150626218071935,0.3259371420729929,0.3179527256555719,0.0372703953819999
2022-09-21,0.3101823160150486,0.3040276691104788,0.3137409226491861,0.3035404050308345,0.059114255248992595
2022-09-22,0.2852327555628606,0.2793546304490316,0.29811938202551763,0.2958477528829761,0.062000762244080826
2022-09-23,0.2728613289426161,0.27042252087979196,0.28828974815797886,0.28661454325624275,0.07303034844831942
2022-09-26,0.2695230074737331,0.2648590926337872,0.2881029124561681,0.27978338706702127,0.04849508181277058
2022-09-27,0.2729543471879374,0.2669672746546749,0.2787974565299057,0.2736515628911808,0.055069479832648885
2022-09-28,0.2614304201356589,0.25979586252371273,0.2810758141159026,0.28057393629960165,0.06500126326968451
2022-09-29,0.25657280066073135,0.2507106310762,0.2640011069225959,0.2587730209241523,0.06432278039234159
2022-09-30,0.2401809187728839,0.2380831801766236,0.25347602905381633,0.2449485446004534,0.06209497218665558
2022-10-03,0.23334924542628693,0.24917941229291124,0.24690564020686573,0.2676920379071121,0.07044505633326338
2022-10-04,0.26286703525691074,0.2623581019544717,0.28744898749988773,0.2865233260371543,0.055873947096834964
2022-10-05,0.260314201192484,0.25919358313567503,0.27878188688805966,0.27826310008128935,0.03684739273983924
2022-10-06,0.25939435410036676,0.25588615056377156,0.27548112282273846,0.2665670255377261,0.037716693573597235
2022-10-07,0.24350890488123839,0.2352963619909823,0.25080843042246564,0.24507016755931194,0.0427952946415954
2022-10-10,0.23598476237539318,0.22846202215487604,0.24493836406436914,0.2401444377255409,0.033061266438564406
2022-10-11,0.21286456074679821,0.2129609840054117,0.22999700919294613,0.22554968266251557,0.06905999888660977
2022-10-12,0.20869941043100587,0.20834691140499012,0.2300592877602164,0.22550914167622943,0.05743945940622042
2022-10-13,0.1817344546648087,0.23740944391197655,0.20527615470053734,0.2609115579506928,0.19003618518248894
2022-10-14,0.24601006214279691,0.2535178655121733,0.2514313198927089,0.24562760612080242,0.09850069158662389
2022-10-17,0.24471814206973447,0.24540240596079937,0.27054035648596825,0.2641751073467304,0.06547591008945662
2022-10-18,0.2695230074737331,0.26124541630522596,0.2779878351553929,0.2761448335477809,0.05775078044372882
2022-10-19,0.26097566426992097,0.25904046125729024,0.2782979824203417,0.2729420956311726,0.059009767858136955
2022-10-20,0.2595700552303675,0.2617456144411561,0.27393972828282903,0.2673271690305365,0.05948218789744819
2022-10-21,0.252748717244299,0.26960587086203786,0.275667958524549,0.2925639329937954,0.06033521610476145
2022-10-24,0.2858632125585994,0.2865105262296565,0.308685978939144,0.30693571263224667,0.07044120229015806
2022-10-25,0.29019372864363774,0.30830487357852093,0.3162113058175711,0.3317670667326437,0.07105236788126121
2022-10-26,0.3160321301061317,0.313710075883558,0.34115387200946184,0.33365222259495114,0.08076412827968361
2022-10-27,0.32495154629100215,0.3296194390418992,0.3492918123946321,0.3449834282620498,0.06999798733304499
2022-10-28,0.33029492771347907,0.33753584015152943,0.3531009771641877,0.3599531874482778,0.06306173748827729
2022-10-31,0.3398137948121635,0.33514203478701604,0.35276882480541333,0.34187190756452984,0.07802758638409393
2022-11-01,0.3385012040179312,0.33054837843715007,0.35618376624400655,0.34804427272665656,0.05521362104478826
2022-11-02,0.33204160365227936,0.3357341060498878,0.3451708395983338,0.33467588249873265,0.08009335348855134
2022-11-03,0.30718506144541263,0.310617013941259,0.3296842358704742,0.32960825921296005,0.05059639175919938
2022-11-04,0.3274733742737305,0.33284520661213907,0.3501323654575274,0.3522504000537923,0.049762119894998735
2022-11-07,0.342128915583306,0.3514035782655976,0.36348592825646736,0.3726729218956227,0.057575549950539776
2022-11-08,0.3604845159821813,0.3645006029253825,0.3834825382308967,0.38283857420682715,0.08204324236364181
2022-11-09,0.3598230529047444,0.3557546895601907,0.37543822329177073,0.36590257718571934,0.035364785179919575
2022-11-10,0.3839561198706645,0.43679454574727467,0.40976928349961755,0.4573123660148753,0.14297035384397977
2022-11-11,0.4328217047165454,0.4607121831424113,0.45945201053962853,0.4724544243927639,0.09868054693153934
2022-11-14,0.44522413741848815,0.4375091145128093,0.4333053920472942,0.4383999959122606,0.09049550147524205
2022-11-15,0.4421855414065122,0.4344773013219538,0.44315578543714257,0.43754863520025084,0.062092231533780684
2022-11-16,0.4173186638390039,0.4069664038486998,0.430523616042558,0.4240890277532387,0.05824512570603928
2022-11-17,0.39903541096416656,0.39522705984348677,0.4202061333980123,0.41829166671431467,0.05611195566993975
2022-11-18,0.4144557689570287,0.4045674944216034,0.4293403232643103,0.41758219945430647,0.0428578157853041
2022-11-21,0.4003480017585121,0.40237274749883384,0.4256970270790597,0.4207139906448584,0.04543488594173543
2022-11-22,0.411313819339203,0.4110802783131912,0.4367203334858873,0.4305958560521707,0.041051811186145995
2022-11-23,0.4157476890300911,0.4151329040263511,0.4400003380287852,0.43350467181825963,0.031066413727245085
2022-11-25,0.41882762648452004,0.413958969625774,0.43832919647375795,0.4349844178177053,0.015001391737788035
2022-11-28,0.4121509835465276,0.4103350851720466,0.42981166822103317,0.4181497732623131,0.030296204623995272
2022-11-29,0.40642519378246417,0.3985651167911119,0.42161778092280383,0.4108828014704596,0.0489916538555419
2022-11-30,0.39768147872759446,0.3914347413235138,0.4026643369502359,0.41290985078476855,0.22529716813477157
2022-12-01,0.4026941286112397,0.3987999036711603,0.42125459307799235,0.4191734331659837,0.08373328308803062
2022-12-02,0.38969224499536975,0.38699931091461565,0.40931257400630267,0.4098490063201619,0.08705598211723999
2022-12-05,0.3925137984351182,0.38774450405576016,0.4083316865718252,0.40962603089558786,0.08343001271834224
2022-12-06,0.39566474152931713,0.3908620815086961,0.4146733540216941,0.41206862531927485,0.06120032031380475
2022-12-07,0.3957167733741794,0.4004516975890902,0.41953320825286594,0.410915473867331,0.06435232805614913
2022-12-08,0.3985889312153467,0.39358582026676864,0.4158334233097574,0.4050782824466089,0.04278022105078344
2022-12-09,0.3886196297233911,0.3926145247474771,0.414621098648327,0.4086601953638905,0.036212589017690054
2022-12-12,0.394082973442859,0.38964924689191766,0.4167374412684935,0.41098690802811216,0.04924028245853691
2022-12-13,0.4284135847392527,0.42256023369701384,0.43201179140629137,0.4262125891463922,0.07053121560801812
2022-12-14,0.40790263146095235,0.4045064709477893,0.41919866935276767,0.41332382557233455,0.03620924884699877
2022-12-15,0.3877559010972533,0.38122107413106415,0.4071276781114906,0.3997105155107979,0.03769562480462142
2022-12-16,0.3777970059742927,0.38193027403415253,0.3978105450451151,0.40179231105245256,0.13452015022203567
2022-12-19,0.3875998055624404,0.37921681353555,0.4011601144761721,0.39388352897018747,0.04115090291665417
2022-12-20,0.37881683013524353,0.3734507099759496,0.4016408639109203,0.39295488488047664,0.0397143725831938
2022-12-21,0.3907425289972531,0.3947575418457793,0.41399528829713955,0.41477291854740356,0.04503183867832015
2022-12-22,0.3909298436390512,0.3857589256846254,0.4023097326896758,0.4049660287653814,0.0425496636276823
2022-12-23,0.3973089478296324,0.38856489051845716,0.414830120141681,0.40558852645185556,0.020279375302435326
2022-12-27,0.3929382728539675,0.3860004647821123,0.41514365238165524,0.4048945946047113,0.01702973180142257
2022-12-28,0.39234510982158827,0.3903276120165962,0.4149241798136278,0.401904564733569,0.02837800454777086
2022-12-29,0.3950923912348147,0.39971166290759225,0.4193345333235217,0.4180486850615593,0.02303159030665336
2022-12-30,0.3968094421180955,0.39145822055772733,0.41290712240280175,0.41037461522174973,0.024550083290153776
2023-01-03,0.4089953002048686,0.40238442149870285,0.41856115379803244,0.41385447933791525,0.03549376715584465
2023-01-04,0.40863107729026765,0.40643364459733516,0.42862553870315684,0.42391649112250523,0.04999944330488478
2023-01-05,0.4017420610191545,0.395834703437622,0.41588567868312426,0.40283320882327983,0.04798617683206221
2023-01-06,0.4021479094097357,0.41782195608395717,0.42556337382544723,0.440346348093509,0.09329327983350533
2023-01-09,0.43210784573057764,0.44274673528518244,0.4582543353863949,0.45564346337257006,0.08362768230694455
2023-01-10,0.4398293715208436,0.4375356577367336,0.46100181840580606,0.4600213569381116,0.05417688344945422
2023-01-11,0.44853950236507495,0.44371289167479494,0.464953474248509,0.4586334932437121,0.05668175453171234
2023-01-12,0.45390918876358727,0.44310647436640566,0.457627270906333,0.4566333367428394,0.06957601243571242
2023-01-13,0.4367074608239078,0.43830652719652946,0.4512834685830001,0.4566639513831742,0.07346542709221011
2023-01-17,0.4404017218152328,0.4317438585285142,0.4513043707323469,0.4523166724579673,0.05973235811768535
2023-01-18,0.44124463770338057,0.44300369177181836,0.46309318295767016,0.4498981158728523,0.051593732469456706
2023-01-19,0.42752904337523784,0.4209054339232529,0.4455771818144026,0.43204978056711424,0.04490919446216828
2023-01-20,0.42436550720232175,0.42205659898332376,0.4470612344172273,0.44413235861280015,0.051210640584786804
2023-01-23,0.4317540291849718,0.4296008414302121,0.451617902972321,0.45057163795977323,0.051716376685608564
2023-01-24,0.4381331333755529,0.4368572926120549,0.44135494764851596,0.45470461440285864,0.03698605264622882
2023-01-25,0.433034012570686,0.43140981509591,0.44858709131874525,0.4538678142341522,0.08084883158259856
2023-01-26,0.4402144071734347,0.4392212922889042,0.46290506361354916,0.4616745475153014,0.03104089139734756
2023-01-27,0.4420251153775579,0.44407263075612985,0.4686949589795338,0.46196028415831486,0.031094419773810493
2023-01-30,0.44064106830200617,0.4380701272288334,0.46326040015233055,0.45040835987809874,0.028429648725382298
2023-01-31,0.4402144071734347,0.4395604748511876,0.4627901017922557,0.4619908987986497,0.03817061420600288
2023-02-01,0.4440855764375627,0.44838436060146486,0.46101341909869004,0.4654809677949268,0.0493181341292646
2023-02-02,0.45467926006888276,0.46223431522973263,0.4806091841008238,0.4737469206808757,0.0835402383511547
2023-02-03,0.4402144071734347,0.44994151691031753,0.4647758059791753,0.4598988983768835,0.09210709101108679
2023-02-06,0.4370716837386219,0.4297036240247994,0.45517126835945226,0.44481608557994384,0.048399672834563055
2023-02-07,0.4249170447588339,0.4230124771134662,0.4443136468870386,0.44322412428342356,0.05172202928216306
2023-02-08,0.4249898893416862,0.42112528589326165,0.4458280076063365,0.43203957568700274,0.033512617708899836
2023-02-09,0.4288922777127994,0.41870907265828744,0.4297229015432937,0.4178649972196616,0.0511628504502807
2023-02-10,0.4009095515000018,0.405313314315674,0.4261277318575826,0.42555947681969436,0.04278972769044325
2023-02-13,0.41197152173587354,0.4169226083808432,0.43657880652539477,0.43923401616190044,0.03911142895071535
2023-02-14,0.4233144639343857,0.4222827206915499,0.44283900025134065,0.43131502919952375,0.029149155750446423
2023-02-15,0.4081107588407406,0.4067933836785584,0.4338197228130997,0.42625340866683853,0.030228373465341442
2023-02-16,0.3994318471034945,0.40137674094082315,0.42451826635867745,0.4148341478280731,0.03136814247969133
2023-02-17,0.3969863503908985,0.39538451567310823,0.42128888428642103,0.4180588899416709,0.03364579630953961
2023-02-21,0.3945616664164057,0.3870077342096044,0.40649016255675524,0.3972307296450133,0.044546143601646104
2023-02-22,0.3837598554052976,0.3772125529399239,0.3958927728436293,0.3887198596363864,0.06949970238222686
2023-02-23,0.3853416234916425,0.38038853511444887,0.4004815261979579,0.3932406215234902,0.04182801546755966
2023-02-24,0.37004426107704164,0.36922120620637394,0.39223489670987793,0.38465831735419304,0.036585660390286094
2023-02-27,0.3828545013031795,0.37459159677655046,0.3954956320061545,0.3842807367902861,0.03713910098021163
2023-02-28,0.3730933271910121,0.3724074666403688,0.39698491014637255,0.39078124541792875,0.06275666856513974
2023-03-01,0.37064783047841604,0.3661223109778174,0.38883829744284754,0.3817295167637204,0.04356276309197031
2023-03-02,0.3600853659540813,0.36523838066396425,0.38615237125315244,0.38718912762053564,0.031155056718667695
2023-03-03,0.38153289244148486,0.37339931867871196,0.4021425154949017,0.39671028075954423,0.05874358194766209
2023-03-06,0.38126202450839247,0.38216208843395555,0.4068391986029906,0.39482237793989877,0.035708908406524464
2023-03-07,0.38130395232370656,0.3720058799972569,0.3916908683173332,0.3807093089318612,0.024924439343784924
2023-03-08,0.3689666926716369,0.3630514377942257,0.39114346513807413,0.3804009388879937,0.03670924670586371
2023-03-09,0.3667340365068919,0.3577693811740426,0.3672998458906083,0.3566770035124525,0.05659533832075059
2023-03-10,0.3386528822094364,0.3331617474236847,0.34464577585945827,0.3399736261357716,0.0714815369923904
2023-03-13,0.31487981093421263,0.3246412993671988,0.34002442978898145,0.3304552707814061,0.07462035534277431
2023-03-14,0.33730071016606306,0.3295796392493003,0.3406771028103139,0.3428517465452397,0.06871527614218849
2023-03-15,0.3106660654964946,0.31560320562070726,0.33571889324495224,0.3365918346545272,0.08595329756210361
2023-03-16,0.31726969640632924,0.3268671758339781,0.33708740119292907,0.34197803142091115,0.051382273971077544
2023-03-17,0.32922960572079757,0.31996178233010036,0.33977178216784637,0.3417004983814969,0.22054718847555466
2023-03-20,0.3384117972715495,0.3341763329759799,0.3562780934173189,0.34874161438328893,0.06832884408682731
2023-03-21,0.3514723117375062,0.3473659451558176,0.37628989041042654,0.3678502781022262,0.05693826251172271
2023-03-22,0.35162954104499106,0.3497160565881134,0.36507865222120045,0.353634419079529,0.0302973180142257
2023-03-23,0.344501812443842,0.3430280742740292,0.362615337914933,0.35719095358552827,0.030571811528727608
2023-03-24,0.33352720678903086,0.32939328680085794,0.35475694419825604,0.350098442576351,0.03834875664287152
2023-03-27,0.34581205667201437,0.3386591446508896,0.36358908395473694,0.353634419079529,0.024380591038921554
2023-03-28,0.33722733648931985,0.3315466928710766,0.35822558549715416,0.35149638677527667,0.021151074207458855
2023-03-29,0.34319156821578295,0.33966337728943835,0.36835254431213776,0.36278273038112036,0.03964388641706741
2023-03-30,0.35522485120688135,0.3498868796658801,0.37476874119136366,0.3667093089398937,0.022792125761708797
2023-03-31,0.3568809999113391,0.3514760519339544,0.3805773205416611,0.37501474212160973,0.033396910770337566
2023-04-03,0.35628352854328166,0.35257346079666846,0.37412133166216915,0.37222913272527963,0.042514035140308576
2023-04-04,0.3577195562172834,0.3519936976239602,0.3713422078293405,0.3647254616575752,0.034151446764959036
2023-04-05,0.3435584365996122,0.33876267378891306,0.36865256336228563,0.3615698082085818,0.025672209351621476
2023-04-06,0.3479818211137881,0.3410299619109017,0.37149484910042646,0.3619398522612451,0.027010418763194745
2023-04-10,0.3435269907381833,0.3418271362734034,0.3681344251992444,0.36545527076138035,0.022906034146821914
2023-04-11,0.3536420761793931,0.35384686919396663,0.379774322185738,0.37559036620348113,0.03506956547805122
2023-04-12,0.3684740408418648,0.3602656757493013,0.3813638968021373,0.3717768566608887,0.03040189105048368
2023-04-13,0.35507810385339483,0.35399180998708774,0.3762793634262647,0.3766696613570178,0.04861481408524287
2023-04-14,0.37275067800244094,0.38756113298017775,0.3968385635985177,0.3978444043698904,0.084905854291477
2023-04-17,0.3843856467482811,0.3824830287617726,0.4102394145045523,0.40507054239806967,0.03895666770868573
2023-04-18,0.3938613330061192,0.38468302294401796,0.409260404972497,0.40061973476481,0.040036913168408836
2023-04-19,0.3840187783644516,0.3828971453137549,0.40941830973572074,0.40186349394180193,0.01898964118858689
2023-04-20,0.3834841987193654,0.38230702922718846,0.4099025510096675,0.4030353001084766,0.03888129975462592
2023-04-21,0.3887880673547997,0.37955315415665697,0.3977386207489613,0.3871645218503715,0.05551337995298067
2023-04-24,0.37489947853655764,0.36506942775191625,0.39161717942785895,0.38022619586312795,0.027874923454421656
2023-04-25,0.36269848428420254,0.35414710369406716,0.376205674536677,0.36534220174531035,0.03648339977989131
2023-04-26,0.34702796331567315,0.3438045428089262,0.3645838839630919,0.35604998442319585,0.025343759233644937
2023-04-27,0.34866314811247395,0.3456577143789325,0.3728475665721038,0.36839506517975523,0.022913827878434913
2023-04-28,0.3513674921993339,0.3544576911080259,0.37672149676322303,0.3771527744257512,0.03448888965018135
2023-05-01,0.3673524717826064,0.3581433284204339,0.3801217126647847,0.36869315622210136,0.03715323247159784
2023-05-02,0.3491662818960179,0.3405381985054296,0.35180412512590403,0.35686202553872876,0.05081624350700793
2023-05-03,0.3488413413275027,0.34507795120622425,0.3570360362808383,0.34755952921509276,0.026064636585146517
2023-05-04,0.32906189445954087,0.31979613570926274,0.34438270652398123,0.3365096026429106,0.03965125192166871
2023-05-05,0.33287732565188727,0.32612176604043225,0.35419375054269747,0.3496872825178238,0.030654031114974667
2023-05-08,0.33713299890480636,0.3285443478694003,0.35759396644425906,0.3483098963218299,0.021250165937967032
2023-05-09,0.3295335823816557,0.32491047512594823,0.3500671727303292,0.3405286922147111,0.027003824067214507
2023-05-10,0.3347221495250325,0.3264231393611467,0.3404560361418915,0.33396041028013096,0.04249193862650468
2023-05-11,0.32027801715416043,0.32491047512594823,0.34374045521699076,0.3471586481580871,0.05136180471991812
2023-05-12,0.3374579394734348,0.3328925716649353,0.35987832201897924,0.35032458060849087,0.06678337280158958
2023-05-15,0.3360114298455478,0.33191939776784946,0.3596151474135684,0.3499648155573491,0.032159249061112276
2023-05-16,0.33329660380491594,0.32535565041928177,0.3496460933616948,0.33874014596030105,0.020239721481151586
2023-05-17,0.33082286270217093,0.33332739404441053,0.3552253949957895,0.3560191474187426,0.030141529027367983
2023-05-18,0.3416612029572676,0.3556379232811589,0.36673138874302563,0.37523060115233925,0.0856015518946904
2023-05-19,0.36563343135529053,0.3591165023176314,0.3806796428282055,0.37252722376762587,0.10586808038677463
2023-05-22,0.3581807621856263,0.35832968086887623,0.3844483031772515,0.3773480754535488,0.04474518351668586
2023-05-23,0.3583799193083122,0.35439557362532365,0.3770761508614426,0.36721298001155905,0.05026168952685197
2023-05-24,0.3442187996906411,0.3383899688921402,0.3656681633373344,0.3605007920564555,0.03667361821848998
2023-05-25,0.34664013102418684,0.3452332449132038,0.3708790205238312,0.36617480086377524,0.033950865232677145
2023-05-26,0.35666087888099623,0.357788741122913,0.3807412256858765,0.3782834645866731,0.03490649663199455
2023-05-30,0.3699310324235237,0.3634241426909986,0.38718531907320525,0.3795991767738713,0.03236205737385502
2023-05-31,0.36391439092797445,0.3571287428681387,0.37399500785154477,0.36312193742944127,0.15071355466960146
2023-06-01,0.3552877429298526,0.35385722210771303,0.37821632852182435,0.374726930080674,0.03797945366797847
2023-06-02,0.36849500474952207,0.367885420305262,0.3948489635819215,0.38811018998490626,0.0371232565807786
2023-06-05,0.3740294763690711,0.3657734258902528,0.3927962016598992,0.3825903661995204,0.03642344799825283
2023-06-06,0.36552861181700497,0.3685220209747389,0.39186982704899426,0.39125556443237824,0.05329413628752874
2023-06-07,0.3767083247179878,0.36793021719219127,0.39375746876509227,0.38951841318524255,0.0349225979676346
2023-06-08,0.3728225287567189,0.36988517763584544,0.3893223108737564,0.3919517863916578,0.033864277730910705
2023-06-09,0.3802879030626222,0.3746257872366671,0.4012629737483017,0.39590731219949254,0.02903096509521627
2023-06-12,0.38263205171323006,0.37741039347008337,0.4065546644156091,0.3938156467199923,0.026433425687625522
2023-06-13,0.3833923161403931,0.3815508004914305,0.4094603222169076,0.4007637038327095,0.04262460335473041
2023-06-14,0.38908374011617414,0.3941493185814407,0.4147944312462121,0.40424290977887484,0.04724851298170186
2023-06-15,0.3916285141017402,0.40204133067494624,0.41669265294851415,0.4236477667524044,0.04436089259638319
2023-06-16,0.4151967113448109,0.40581441997515005,0.4278592867613575,0.41493939710737743,0.09896094997880275
2023-06-20,0.39433167650948103,0.3850602386845427,0.41211146984576824,0.4026896928386146,0.048966645398058416
2023-06-21,0.38908374011617414,0.38474214696121495,0.41094496488908333,0.4007119299346416,0.03107977441001023
2023-06-22,0.3824208671501041,0.37260251529177985,0.3992481015504222,0.39070921283947163,0.02012589874144081
2023-06-23,0.3675745923634119,0.3709546958727366,0.3935534364435163,0.39181717425679224,0.04792648198663075
2023-06-26,0.3757368757276989,0.37310311865960893,0.40212194558013764,0.3915272404279451,0.02377876079667353
2023-06-27,0.3813860627908094,0.37659691299745895,0.40178259868359173,0.3961558269098853,0.03444486791337824
2023-06-28,0.38266372939761967,0.37391659913223335,0.4042852820452915,0.39675640412680674,0.020709229576783242
2023-06-29,0.3848389303976589,0.37927722686257287,0.4062577358811739,0.3998524832277138,0.03411581827758531
2023-06-30,0.393729800504606,0.38456484993513446,0.41523982404780796,0.4028864336510504,0.06812869078155712
2023-07-03,0.3883234756890111,0.39101011829575155,0.41448689812124934,0.40541299987387697,0.021454087640940214
2023-07-05,0.3900868667909659,0.3894144450608035,0.4103829215916825,0.4046363914037468,0.04753628153356657
2023-07-06,0.3830438616113144,0.37467793342076233,0.39864629103859944,0.3920035602896145,0.04700887714595261
2023-07-07,0.37594806029071165,0.3804035844402162,0.40196817901759946,0.39559666881141825,0.026448841860046847
2023-07-10,0.3923676600725679,0.39390141562198616,0.41771069363792485,0.408094887790685,0.03787590837654857
2023-07-11,0.39879823001929,0.4002191344161022,0.4250914886368056,0.42262264357188134,0.03241832640319286
2023-07-12,0.42282047407300233,0.41691634258009386,0.445367465702502,0.43898319534257174,0.04417170190261261
2023-07-13,0.4335908867916349,0.43089151993160585,0.45447691500126725,0.45327279119287806,0.06865849324043662
2023-07-14,0.44428738491320724,0.434646045190156,0.44913209533552284,0.4410852156016856,0.08031705927946522
2023-07-17,0.4248056089662506,0.4231738846777891,0.4471066185471156,0.4409195391280904,0.04471734876092514
2023-07-18,0.42582985409737767,0.4313399771152278,0.4500016717577729,0.452371925367496,0.05683480286569516
2023-07-19,0.44107737955387355,0.4439802121524918,0.46774315169029984,0.46103887589417963,0.050742331524787916
2023-07-20,0.44536442618505917,0.4444182400993842,0.4704367176812713,0.4647458869915107,0.04240980468565996
2023-07-21,0.45510003454439724,0.44749486496402463,0.47811974350985126,0.4650875947184257,0.033052616252928
2023-07-24,0.45347391340850823,0.44821448230529987,0.47890978550325686,0.47064811136447765,0.02218764051198821
2023-07-25,0.45437144780173705,0.44401149986301597,0.4701238822610447,0.4597134641050849,0.04148586208520861
2023-07-26,0.44455136561705816,0.4407680072090246,0.46885663369446,0.4567519971390434,0.0365336736310653
2023-07-27,0.4475818640976556,0.4388073106850742,0.45548424505435164,0.44216211268027644,0.03672423465127333
2023-07-28,0.43921895539852335,0.43699262347679163,0.46224880729827383,0.45176099337107195,0.033951807332102894
2023-07-31,0.4411090572383764,0.4339368570857221,0.4631301548160845,0.4522890871306983,0.020671802535960362
2023-08-01,0.43406605205861176,0.4262087925951758,0.4577112090626719,0.44546528737323304,0.019991521105168268
2023-08-02,0.42257761182548664,0.41356855755780003,0.4394394996043273,0.43011950400345217,0.04477533069830979
2023-08-03,0.409948774951504,0.40219026017689413,0.4313269878599432,0.42259157923304064,0.03932408648472728
2023-08-04,0.40951584659708434,0.41059862378586603,0.43499617617832825,0.422705481808679,0.029867292449073102
2023-08-07,0.4129370365195441,0.40839565609038225,0.4377109513502416,0.4250560167782966,0.02241340179255827
2023-08-08,0.4024622821892652,0.39229291442579245,0.4121372390007029,0.40893362493838564,0.04715344658510369
2023-08-09,0.3938776296988395,0.3887261154300525,0.4158230765261505,0.40387013771323016,0.027499111428950715
2023-08-10,0.3957360538541897,0.395108808369733,0.4196089153402269,0.40896468927722635,0.03175063484654485
2023-08-11,0.39230430470367544,0.38698443287954826,0.4150595460090641,0.40751502013299085,0.021818765764106865
2023-08-14,0.3912906188007161,0.3826771580689619,0.4133203931645642,0.4047399391997715,0.02300529716813477
2023-08-15,0.38303330238314687,0.37427119318450613,0.3940836659693339,0.38391647742073615,0.033689732400940385
2023-08-16,0.36720501937799793,0.36420697964405363,0.3935534364435163,0.38331590020381484,0.03154337297288038
2023-08-17,0.3721784158392865,0.36899399934878613,0.3961886771865854,0.385138341413695,0.029529421336839085
2023-08-18,0.362168267547817,0.36300761740863213,0.38849504676759156,0.3812552990630443,0.034617871626106425
2023-08-21,0.3695280495722704,0.3647180122487242,0.38984182976313414,0.3826428395297094,0.026377242303690027
2023-08-22,0.368883936654725,0.3624340093830251,0.3878375621556686,0.3766888412587854,0.017649290641955112
2023-08-23,0.36551554287310334,0.3682430942970984,0.39049931437505697,0.3900775712837096,0.02230060679767558
2023-08-24,0.3764760216985266,0.37684200006289686,0.39670299982661145,0.38426853992715365,0.016403663910312134
2023-08-25,0.3735405562713246,0.3701933615842075,0.3948896148485312,0.38716787821562487,0.012745234903927267
2023-08-28,0.37914750642187783,0.37158837630250113,0.3984633618522803,0.3903157312145999,0.02607559919664612
2023-08-29,0.376338751732574,0.3798508348881801,0.4004994432312153,0.40277253107541217,0.032223054885856084
2023-08-30,0.3902030183006964,0.38823594129906486,0.41455953956626185,0.4077221157250403,0.030616604074151788
2023-08-31,0.3966335882474184,0.3933879842927998,0.41878705957523793,0.41261992647660045,0.04202594199236899
2023-09-01,0.4033175796698237,0.3960474396843427,0.42685185066236103,0.41847037695161055,0.028105566522925132
2023-09-05,0.40476419392708946,0.39740324047216163,0.4205845376676402,0.4078463730802922,0.036864264884100356
2023-09-06,0.39144900722300385,0.3880482150361431,0.41338136955992816,0.4060342866499144,0.0257240248200376
2023-09-07,0.38580971257943214,0.38631853034873226,0.40932205558023266,0.4079809852150466,0.027976841483207074
2023-09-08,0.3959135581679953,0.3872639529066951,0.4165533075303299,0.40752207845283545,0.019354233666351205
2023-09-11,0.3994020438027585,0.391886018745401,0.42218236185487984,0.4130602486975103,0.037432436483228484
2023-09-12,0.3971579265194392,0.39690726299751394,0.42227315305370144,0.4145308362766769,0.02377739047023608
2023-09-13,0.4029968857068798,0.39846721021807435,0.4243239660145021,0.4144161095861241,0.044432577798142345
2023-09-14,0.4081764360244589,0.403556734988117,0.4289543171523558,0.4244077613647828,0.04571802964187375
2023-09-15,0.4062088450414479,0.3994493992087686,0.425749921901261,0.41460384417063484,0.23036266545621165
2023-09-18,0.4003167077192152,0.3934932370938709,0.420120867576711,0.41197555998670815,0.031519649196432006
2023-09-19,0.3974876309544266,0.3893859013144108,0.41542108787499915,0.40579074839508916,0.025843757092509877
2023-09-20,0.3946585541896381,0.38846148814669196,0.41222737394127235,0.4000752732649136,0.017786408931102553
2023-09-21,0.3794921501798803,0.3696055604637713,0.39404777154961207,0.38479576402081656,0.03608309316935093
2023-09-22,0.3733766646920183,0.36433220352962453,0.3872918382283585,0.3756906366692176,0.029297151005691136
2023-09-25,0.3563915684763736,0.3519891868012239,0.38056260820092286,0.37303106338781694,0.028423567901816105
2023-09-26,0.35330723666510305,0.34623261389302945,0.3728613782806088,0.36173569921637144,0.039625900882575865
2023-09-27,0.34858501830580896,0.33988777805979103,0.36698131299467124,0.35826260940175797,0.03617387729583206
2023-09-28,0.3436288161539723,0.3389371031544069,0.367371181083548,0.360192103743247,0.04879013022383426
2023-09-29,0.3540304592967832,0.3486802078484656,0.3725630490827501,0.3614958161360338,0.035414116931667815
2023-10-02,0.345426237106033,0.33757674514043795,0.3652990054877839,0.3578975699318577,0.037910680409898895
2023-10-03,0.3380025695052478,0.32862674492554805,0.34913283144562485,0.33957258853810673,0.047301870067360106
2023-10-04,0.3287495740714362,0.329293793063588,0.35103410596134116,0.35110783578988985,0.036003785526783454
2023-10-05,0.33366323371562007,0.33402615820071185,0.3581158194664678,0.35503983236671427,0.031737959326998424
2023-10-06,0.33512031460578023,0.3431022147567306,0.36081819279490096,0.3633418728843327,0.04127020696211475
2023-10-09,0.3420122008597751,0.3392680010496603,0.36717966506073335,0.3585024924820956,0.0350899490838083
2023-10-10,0.3442669537701207,0.34088572409319623,0.368466016127693,0.3567607327252285,0.04284753833702322
2023-10-11,0.34641535041099497,0.3400873672664943,0.3646207418263336,0.3575116710634933,0.033293365478907676
2023-10-12,0.3438521643196016,0.335499441686865,0.3581692260539899,0.3507323666207574,0.05291438457355013
2023-10-13,0.32783491015509264,0.3268146850228418,0.34528755714426557,0.34185669265037494,0.09738824345562068
2023-10-16,0.3303236468578676,0.3327130713147642,0.35427588582373565,0.3499814282824926,0.04873968508185559
2023-10-17,0.3311638613858188,0.3308747496743926,0.355627072488009,0.3506593587267996,0.03872799448443608
2023-10-18,0.33509904335184076,0.3257589631664612,0.3404275576799875,0.3304153126907918,0.04608784648918084
2023-10-19,0.3251547321673148,0.3199813808681345,0.34433157922760976,0.33648539759185775,0.07831681090779843
2023-10-20,0.32260218170283445,0.3163782704528542,0.3379388107015287,0.32847538865029285,0.06200367418776041
2023-10-23,0.3100415062922362,0.3094451716947953,0.33509127826816504,0.3283710916588611,0.029387763841367584
2023-10-24,0.3162420767955167,0.31043786538066737,0.33541801977062496,0.325930542059445,0.04547077136531618
2023-10-25,0.30664874129991776,0.3011674719654784,0.3276473612865665,0.3220611236774574,0.03732109746018559
2023-10-26,0.30552136484474496,0.30778542987088303,0.3308613697234177,0.3203819421155381,0.06253287712882352
2023-10-27,0.30539373732156055,0.298415241852454,0.3198446588499492,0.31100564258623836,0.03568509898467375
2023-10-30,0.30089486712789565,0.3002265664264207,0.3242026363914519,0.320434090611254,0.0344079547449694
2023-10-31,0.3073932351854242,0.30251207293673626,0.32863538315566737,0.3258158153688922,0.03276022284933689
2023-11-01,0.3132853725075438,0.3078694674316356,0.33211749266185414,0.3299146871319855,0.03517662223097708
2023-11-02,0.3231552343034512,0.3364107239857513,0.34931441384315437,0.35940987630750815,0.08972811867026947
2023-11-03,0.35617885593765747,0.3542897150255107,0.3818817509126376,0.3734691107518971,0.06576599106718453
2023-11-06,0.3580932687859894,0.3522885706111671,0.37771069642740523,0.3685150036591072,0.029375602194235205
2023-11-07,0.3540517305506095,0.3451926490792479,0.37402564188849835,0.36368605295599127,0.026928456113154704
2023-11-08,0.3493826903259944,0.34746166321822464,0.37565454280786365,0.3703193416108114,0.03047366189764518
2023-11-09,0.35821026068226064,0.3526509825917307,0.3780044326587196,0.3670548457790617,0.026616192976220553
2023-11-10,0.3580507262782235,0.3577457597094182,0.3814715883205229,0.38080118924915524,0.033950008778653736
2023-11-13,0.36256023209880156,0.3566112526399298,0.38602086825856335,0.3770986460535472,0.01969801431134673
2023-11-14,0.37551442570609256,0.39306254459526574,0.4018985399150104,0.41454126597579793,0.07576920276977231
2023-11-15,0.4022842987022262,0.4059307960780902,0.4282815009627849,0.4265249902907822,0.0531915330955246
2023-11-16,0.4141642939890234,0.4099015708213554,0.4400843568047003,0.43284538797130695,0.037054654613503706
2023-11-17,0.4253317022710538,0.41593126580182777,0.4453180955683806,0.43488960900323764,0.050464412194192385
2023-11-20,0.41953528559137904,0.4167926507990381,0.44367317267279266,0.43912406685512567,0.046414241117501205
2023-11-21,0.42528915976340115,0.4219819701725442,0.4507388642016968,0.4430039149362342,0.04424150290552027
2023-11-22,0.4329468111567287,0.42584769796492455,0.4584828193919375,0.4456113397219191,0.031838421383944056
2023-11-24,0.43264901360259417,0.4263309139389722,0.45919312700594656,0.44869853066816795,0.013123016773652046
2023-11-27,0.4331595236954449,0.4277070289954284,0.45695005033013464,0.449303453218406,0.06352456524252637
2023-11-28,0.4317343496861374,0.4348292122651248,0.45835998424067087,0.45564471029717263,0.041440641312772725
2023-11-29,0.4491980491138933,0.4478970529545408,0.4758987075820667,0.46663761319366565,0.05341369726919634
2023-11-30,0.455451797751853,0.4485483440499816,0.4784729051006062,0.47073648495675896,0.07150765884010431
2023-12-01,0.45740875310795076,0.4585172996885208,0.48271338814958314,0.4760764909178021,0.05312755597997611
2023-12-04,0.4593657084640485,0.4548774228405091,0.4836106188199761,0.4761599285108809,0.05494041221132147
2023-12-05,0.46338597544560217,0.4524665953178045,0.48219801458006945,0.4739384025935606,0.06288796296692803
2023-12-06,0.4676158123840702,0.45883346362757277,0.48142724580297097,0.4674407000276463,0.04259779634379777
2023-12-07,0.45789368170347317,0.45174795935409234,0.4815818766807706,0.46992917133441753,0.056352105378103035
2023-12-08,0.45544173464856336,0.4495271296564059,0.4811726102543817,0.4691836799302849,0.028238745123564904
2023-12-11,0.4582791406291626,0.45738992432403186,0.48343002751362146,0.47724758694968,0.0560889170567101
2023-12-12,0.4681297576183227,0.46184744678870265,0.4924062531939351,0.48447150365460806,0.041224386671862484
2023-12-13,0.4724126345702004,0.48061863966984547,0.49470743593801775,0.49931833246388874,0.040573310323268566
2023-12-14,0.4980349459345214,0.5127784745216328,0.523880841473547,0.5347029244632726,0.09173410528389309
2023-12-15,0.5076392974989921,0.5248344071660407,0.5319779938392966,0.5471662807549933,0.22067120301814397
2023-12-18,0.5291607541819565,0.5206042553610462,0.5387793867627784,0.5234785538854438,0.06766038172155822
2023-12-19,0.517457792911068,0.5199855956595447,0.54217201833171,0.5286654940776307,0.0539457265085367
2023-12-20,0.5139137122334849,0.5104624664083826,0.5313005428445665,0.5159081411756969,0.036103391129705675
2023-12-21,0.5109585271366464,0.5040696494929409,0.5343329425352894,0.5262715216811942,0.018391921925651224
2023-12-22,0.518432147417615,0.5126885837957977,0.5434624011788092,0.5297574814864714,0.025709293810834997
2023-12-26,0.51999539750502,0.5143647814485199,0.5470002008179671,0.534156930758797,0.0132043799058757
2023-12-27,0.5261306187386259,0.5187535639462701,0.5525811066318786,0.5411288503693514,0.014619755824957927
2023-12-28,0.5268908293975678,0.5233750047933137,0.5539252554310019,0.5423468363253787,0.015850908483605326
2023-12-29,0.529803185724772,0.5218415747639373,0.5525891715246312,0.539606367924345,0.016457877449993788
2024-01-02,0.520755608164075,0.5133495450153525,0.5383815187181642,0.5275315071529503,0.0457046689591086
2024-01-03,0.5081853643104419,0.49671447304195465,0.5242969899417562,0.5105742026784588,0.04387956543522852
2024-01-04,0.4983882832830134,0.4967937883882206,0.524730343514572,0.5124641808861485,0.03886519841898587
2024-01-05,0.4979064596259583,0.49285445951975876,0.5233646883346619,0.5091882186595158,0.02950389900694156
2024-01-08,0.4996410247914473,0.5026366855689692,0.524923900941654,0.5242660448053054,0.033137662137452305
2024-01-09,0.5084423369274551,0.49959689848186933,0.529467123882627,0.5214625771305672,0.028122438667186243
2024-01-10,0.5108407480205202,0.5037365250383552,0.5302574833764597,0.5191946032813173,0.032942561910920216
2024-01-11,0.5130571368430641,0.5047200353330383,0.5294079813354344,0.5194571002545674,0.05221312001918457
2024-01-12,0.5002513347570654,0.5072158248979595,0.5247626030858092,0.5267965156278056,0.06459316292753113
2024-01-16,0.5203701492383856,0.5142484522739292,0.5311069854174846,0.5181656151460701,0.06585197905113459
2024-01-17,0.48886958925758467,0.49197670302020863,0.5092639222408046,0.5140181629680072,0.04203998783835287
2024-01-18,0.5104874106720281,0.5005004589073896,0.5272407833436916,0.5222395681714411,0.03257951105039803
2024-01-19,0.513903005041048,0.5140739585119871,0.5368975784439831,0.5329284449237819,0.04754604510943341
2024-01-22,0.5231700800456256,0.5124612131362332,0.5363222827580192,0.520937583183956,0.05430637929779335
2024-01-23,0.5091061828550312,0.5000773379731336,0.5309134279904026,0.5194046008599618,0.0506932567092467
2024-01-24,0.5140207841572875,0.5024780548763252,0.5273756283512447,0.512254183307504,0.04239438851323864
2024-01-25,0.5065899926458399,0.4993477425406048,0.5298488621415087,0.5171996262843053,0.05116533416694858
2024-01-26,0.5070289875333738,0.49763453105944605,0.527692847467766,0.5138816645419435,0.04809134938613657
2024-01-29,0.5027246961968488,0.49679135605091423,0.5230205862421855,0.5153516475923443,0.04247086985752887
2024-01-30,0.4980884818964793,0.48868775999184416,0.5207892992356318,0.5080332319770817,0.0694000111339023
2024-01-31,0.4943302573711778,0.4893092750457679,0.5135685318868626,0.5002423218098135,0.05176699311839192
2024-02-01,0.4911395140420867,0.48945976269626096,0.506342387942925,0.5113931932351723,0.04284514026575768
2024-02-02,0.49559370607193526,0.49664044538530533,0.518849208624971,0.5146166560671994,0.03284432663443544
2024-02-05,0.4972640280832558,0.4912470018338451,0.5187300632754868,0.5095452145432116,0.03209441549154037
2024-02-06,0.5001763844104601,0.49205073067685784,0.5204613269286602,0.514595656309335,0.04624406370305026
2024-02-07,0.505604930946856,0.5041542525290474,0.5288165558638522,0.5216515749513475,0.04918529811023419
2024-02-08,0.5099520510530151,0.5036200901098178,0.5298596153319592,0.5200765931116245,0.035897242646271636
2024-02-09,0.510134073323423,0.505592504142748,0.534451227629674,0.5242870445631698,0.03513542679245121
2024-02-12,0.5145240221991032,0.5137196832982629,0.540763350390226,0.5290644894769445,0.03194642023629566
2024-02-13,0.5005190145666285,0.49546129056965355,0.5110415321445745,0.5041902762881088,0.043768312057587966
2024-02-14,0.500358406680868,0.49234684130311906,0.5208914545443979,0.5118866875449315,0.02522882310370373
2024-02-15,0.5038917801661276,0.507363880211146,0.530827402467255,0.5251690343933659,0.03270326865678033
2024-02-16,0.5110548918681252,0.502626110189512,0.5337630234444939,0.5209165834260916,0.02290003896865806
2024-02-20,0.5048340130955904,0.506359219157436,0.5299348876646564,0.5252320336669591,0.039049507324823034
2024-02-21,0.5150379674333556,0.5111497603228579,0.5383761421229958,0.5329389448027697,0.025092218686970334
2024-02-22,0.5281328637135647,0.5220107808361507,0.5519896811602962,0.5413283480691193,0.036249844767708254
2024-02-23,0.5345785935260285,0.5298154109165372,0.556204931794184,0.5414858462530472,0.03136437408198834
2024-02-26,0.5280364989821991,0.5204186574505845,0.5469034221044828,0.5335479377807277,0.038661533652219714
2024-02-27,0.5241604953407712,0.5151790856709899,0.538214844267151,0.5277835042473238,0.03679146629211077
2024-02-28,0.5150058458561582,0.5186160840126528,0.540419248297636,0.5373593938329595,0.033117878049511607
2024-02-29,0.5306597611151929,0.5205619538429929,0.5512477110232057,0.5391233734934626,0.05416258066726333
2024-03-01,0.5284540794849726,0.5209743936439566,0.5489078167937294,0.5427878312405323,0.026116880280574337
2024-03-04,0.53341150955675,0.5491101908373406,0.5604739483802095,0.5634095934622045,0.06273311607949605
2024-03-05,0.5508856475202024,0.5468311965524149,0.5684313092707871,0.5555031846267373,0.03179191593047306
2024-03-06,0.5494209631730018,0.5444012089243306,0.5706989737609574,0.5644910809921684,0.03525687197297031
2024-03-07,0.5624993267436447,0.5516685539448973,0.580641848323536,0.5658644484657545,0.022122806942416313
2024-03-08,0.5601939150433364,0.5578186643722325,0.585067022561655,0.5705338978763907,0.023109099395771687
2024-03-11,0.5599784560059455,0.5483168501653144,0.5726788932876334,0.5589553536366547,0.02406944129221783
2024-03-12,0.5540210136216359,0.5464015908625999,0.5726572548228634,0.5636353674123615,0.025331768877317244
2024-03-13,0.5529975831940295,0.5435765833912578,0.5736959011318199,0.5598321959467136,0.03110966465542713
2024-03-14,0.5485052622640907,0.5368465750083902,0.5492552551723651,0.5416720521985023,0.062113642884365855
2024-03-15,0.5232857819355681,0.5246181763774798,0.5467884701883656,0.535037630864009,0.1242320819112628
2024-03-18,0.5282521127477666,0.5166086683771698,0.5419089963824053,0.5326395199677132,0.04354306464943195
2024-03-19,0.5175976633479971,0.5140549893069581,0.5408162539114103,0.5348052148300173,0.04004248011956098
2024-03-20,0.5260005658068059,0.5304091756855698,0.549325580182924,0.5512750601490888,0.02783552656934494
2024-03-21,0.5469216383391549,0.5574356125117343,0.5726247971257086,0.5768091307946046,0.04428518206071402
2024-03-22,0.5655480721229516,0.5549617359125156,0.5728844587029476,0.5586067295855566,0.04186818316125744
2024-03-25,0.5435927962111267,0.5386554310164104,0.5649972382936259,0.5495002467984973,0.02156576924559247
2024-03-26,0.5425478198797811,0.5353423516327487,0.5679833464321038,0.5537154285062211,0.02121573648622608
2024-03-27,0.5504443936007215,0.5477209917155388,0.5729169164001024,0.5694774613581368,0.029143160572282577
2024-03-28,0.5605925142626225,0.5510939761540383,0.5821457216251598,0.5679773215022625,0.03475524685146089
2024-04-01,0.5592566682306861,0.5473060188666656,0.5758922053061952,0.5606562164309761,0.022844283811734277
2024-04-02,0.5490439098575677,0.5375062754348039,0.5594036951502581,0.5499016926755027,0.031748151129876966
2024-04-03,0.5382170932278856,0.5376871610355947,0.563255341879533,0.5480106713078046,0.02043799058757028
2024-04-04,0.5456827488740443,0.5381553355318711,0.5379599765615521,0.5240189979789998,0.09090848360532885
2024-04-05,0.5147105122467333,0.5144804960821032,0.5378950611672422,0.5297977057336862,0.04784563272682114
2024-04-08,0.5232103712724814,0.5179598838151855,0.5451563889830311,0.5358827800786343,0.05399976875741368
2024-04-09,0.5282844316033755,0.5165661070593366,0.5422876695158791,0.5364955132591573,0.05755747877064589
2024-04-10,0.514882879476646,0.5047500211949625,0.5279413673723923,0.5151026737652062,0.04522102937209073
2024-04-11,0.5059521023761164,0.4985733099440373,0.5256476901065523,0.5175430421222278,0.05872217059707692
2024-04-12,0.5060167400873337,0.5131292806440875,0.5075362950927564,0.4937098342711444,0.1136712329940348
2024-04-15,0.4901050901747747,0.48676254424444815,0.5013152364709468,0.4932766952987057,0.06927950805280896
2024-04-16,0.48343663296707545,0.4746591694847004,0.49317917371677117,0.47920496087593006,0.045963917591993864
2024-04-17,0.4709831006049791,0.4662054277294792,0.4924110082174386,0.4835574793310125,0.039345069608300746
2024-04-18,0.4728145024229144,0.4688867907531901,0.4910045080072794,0.4767012063277091,0.041855678932515704
2024-04-19,0.46920556354627824,0.4625132334071193,0.48967525711639676,0.47953245619655444,0.063504866799988
2024-04-22,0.47497986574880563,0.474079271529168,0.4950833586167523,0.49023415812623156,0.0420322797521422
2024-04-23,0.48199305741644344,0.47739905432037605,0.5063245410655268,0.4971115598597869,0.028653782743307883
2024-04-24,0.48149750163044464,0.4755024155943531,0.5046962465915328,0.4930759723602585,0.053516728688212195
2024-04-25,0.47235126549241097,0.46805684505533224,0.49234609282312874,0.48763532429137774,0.03287995512180917
2024-04-26,0.47823329721363367,0.4753347240020593,0.5028732059344956,0.49316048728170997,0.02753885089563679
2024-04-29,0.48210078693513886,0.47737777366145956,0.5008175517812385,0.49147018885257004,0.03157985791427751
2024-04-30,0.47636957654008977,0.4689187117415649,0.4985996091420934,0.4844554503715452,0.02503757692027697
2024-05-01,0.4730945991715226,0.4735791760446287,0.495483670214996,0.4812227546258054,0.0418335824187118
2024-05-02,0.47649885196252434,0.4685009724069456,0.4931683544843862,0.4869486405544738,0.04335378831025903
2024-05-03,0.4846216576728382,0.47966544449521414,0.508228725965508,0.4942486168953973,0.036989307171517764
2024-05-06,0.4878858620895358,0.4835066034299898,0.5116151457022295,0.5055841807359602,0.027723245446876293
2024-05-07,0.500533307585284,0.49532800945903727,0.523354012840826,0.5122186020704538,0.05575729805884695
2024-05-08,0.4978723884733938,0.4878584981787633,0.5203246277728084,0.5094824314882411,0.046186681283481995
2024-05-09,0.4977646589546984,0.5009072662108294,0.5246739591919054,0.5208919458850743,0.045256914795671475
2024-05-10,0.5135254875409705,0.5091178764379791,0.5400102210986735,0.5288574772324279,0.04117428411149318
2024-05-13,0.5204955874011303,0.5104585579498346,0.5375542553471726,0.522159669706957,0.024872966456978174
2024-05-14,0.513514714589101,0.5134591308572942,0.5401153840374735,0.5355024629321028,0.03133191447450122
2024-05-15,0.5313978146938994,0.5292813007629917,0.5568936332367189,0.5489614641742444,0.046329537814586264
2024-05-16,0.5338432747685118,0.5258976759949221,0.5568719947719489,0.5405205363936154,0.03082240997597646
2024-05-17,0.5328090713889226,0.5242484249287762,0.555411398399865,0.5452850650907737,0.022952453954890567
2024-05-20,0.5312469933677257,0.5235626556951509,0.5531285403665236,0.5378583163676729,0.020551213809464675
2024-05-21,0.5265499863522658,0.5170342815555011,0.5488333051093512,0.5375836428729557,0.028730949250816838
2024-05-22,0.525386507550242,0.519375154036547,0.5437699043527329,0.5319634005959906,0.02271727168006303
2024-05-23,0.5198923020963226,0.5082772904106627,0.5289042790546541,0.5160534666315351,0.03527862590516484
2024-05-24,0.5079774173277034,0.49865066513917783,0.5279413673723923,0.513253909858234,0.0259208379546165
2024-05-28,0.5020738397027418,0.49252960281128516,0.5112310629525063,0.5021718907821362,0.043663824666732326
2024-05-29,0.48202537627205216,0.47368557933921146,0.5013368749357168,0.4865049372168537,0.03841658780152534
2024-05-30,0.4730515073640443,0.46994529072774943,0.49863206683924827,0.49208292203309295,0.04484316185696361
2024-05-31,0.4817775983790526,0.48258089476700733,0.5075579335575264,0.5028268814233849,0.1275822731146235
2024-06-03,0.4994775583020688,0.48833731300438604,0.5147364942454624,0.5084682524307129,0.03807606168181876
2024-06-04,0.49719369250549944,0.4959664292265344,0.5211253591616232,0.516835229655072,0.046254683732940505
2024-06-05,0.5094533117339439,0.49831794203703855,0.5263365506326179,0.5206278367554276,0.03540992030695312
2024-06-06,0.5083113788357725,0.49683893624222536,0.5231917243550515,0.5096937187918698,0.02397540264044775
2024-06-07,0.4922525330571494,0.4877470901129947,0.5142589788124163,0.5046862096955387,0.02927068657636786
2024-06-10,0.4912223125122403,0.4822309640100609,0.511029793054969,0.5020063267337502,0.03961493827107626
2024-06-11,0.4860928986415122,0.4763453110128127,0.5023714366393519,0.49292450114115177,0.031910277876507895
2024-06-12,0.49405270790399874,0.4969049305362891,0.5173955909479502,0.5061963024755334,0.060538623935320585
2024-06-13,0.4914608899016187,0.4863975136295912,0.5088025806184164,0.5057709242275881,0.028784220691072747
2024-06-14,0.4887931609117297,0.48341987662645375,0.510752072188773,0.5053668148921624,0.021447407299557637
2024-06-17,0.49173200057132566,0.49838303811343515,0.5173520268904852,0.5178623009240271,0.03556493848518977
2024-06-18,0.5044525131937345,0.49857583475382555,0.5292994696425355,0.5205953561667811,0.030261775172254313
2024-06-20,0.5077925966444647,0.4985008582825316,0.5298440203605046,0.5197233307585933,0.03173085075860415
2024-06-21,0.5096361491984944,0.5061056146574978,0.532428131337529,0.524795966364713,0.063939517216867
2024-06-24,0.514906540617502,0.5225147509481338,0.5418894822417939,0.5368660741487434,0.034453603744416986
2024-06-25,0.5212830635689272,0.5105078046153328,0.5418840367345825,0.5320167621227452,0.02292316322729005
2024-06-26,0.515665650492704,0.5060734818841179,0.537467730411958,0.5246364495218168,0.034481524145580054
2024-06-27,0.5106446808898133,0.5017141356240855,0.5329152864098412,0.5179154732049924,0.025880841551723398
2024-06-28,0.5104711700612055,0.5073641482829174,0.5338519136446525,0.5244982015912178,0.055075560656215064
2024-07-01,0.5173465366448642,0.509265337376603,0.5299638215184761,0.5191278012114922,0.03572466716055515
2024-07-02,0.5084974843857479,0.5045096869111434,0.5354528927555178,0.5264230381628983,0.020635231949160886
2024-07-03,0.5155029840908345,0.5055486465849484,0.5390796005371328,0.5264124037067495,0.010654716278193394
2024-07-05,0.5176827138752282,0.5061377474308775,0.5357033860857698,0.5279863032239691,0.018420955717044718
2024-07-08,0.5170971148287475,0.5083870415699205,0.5388182161924575,0.5275502905198752,0.03453119847893765
2024-07-09,0.5202528430240183,0.5192157862108633,0.5450914404634113,0.5404073480624603,0.04309111386128014
2024-07-10,0.5291994951242336,0.5287485089906276,0.5562438391672404,0.550744039486375,0.03363115094573935
2024-07-11,0.5467783109477768,0.5433582099700964,0.5715402688348232,0.564430584612331,0.04348551093905901
2024-07-12,0.5591626463398214,0.5557935932817042,0.5819901971124586,0.567727266033518,0.04716286757936117
2024-07-15,0.5598024675203341,0.5543690403270067,0.57441005111847,0.5623994034786091,0.06525417414279658
2024-07-16,0.5538597216404852,0.564351621934535,0.5771439135429588,0.584710492580772,0.0529602048638024
2024-07-17,0.5775114164654183,0.567664296655165,0.5934148711753859,0.581679672564523,0.04844215295412404
2024-07-18,0.5654307250234092,0.5711487746042989,0.5856822509802706,0.5688226150218272,0.0506703037414194
2024-07-19,0.5638040610051678,0.5516484655111311,0.5816144571171371,0.5706304725754279,0.0779165899426604
2024-07-22,0.566927255920223,0.5643194891611554,0.5924891349547703,0.5839660806469236,0.03826927770949936
2024-07-23,0.5726314244106938,0.5701997866961364,0.5968237586697904,0.585508076795586,0.04926006654647761
2024-07-24,0.575093109291646,0.5651156321771167,0.582763459132061,0.5673869634352062,0.045731561615443575
2024-07-25,0.5543585652727188,0.5676184538984257,0.5787555658477996,0.5768409949946733,0.03949366438136184
2024-07-26,0.5728049352393016,0.5773332623942697,0.5990890896564827,0.5977483358787727,0.0367778486731386
2024-07-29,0.5901885513806469,0.5853878775969996,0.6113632628394052,0.6040758373162087,0.041649359158276986
2024-07-30,0.6011739557170896,0.5947309099044105,0.6253116027494798,0.6151782095862692,0.03538739556613752
2024-07-31,0.6089710985777068,0.606734750069063,0.6326334138828997,0.6193362819593846,0.04543899692104778
2024-08-01,0.6140462903146295,0.6062741803167646,0.6200216192549088,0.6074788632993267,0.03941178737672415
2024-08-02,0.5869352233442768,0.5779223632401989,0.5971178160575072,0.5869224594697988,0.030277020053870958
2024-08-05,0.5540657657494217,0.567982625330473,0.5686813775654855,0.5706942793126528,0.10298911018709238
2024-08-06,0.564725837282126,0.5715279413305827,0.5864555129997595,0.5815414246339243,0.0341572706523182
2024-08-07,0.5839638504043525,0.575994396835289,0.5962247528800473,0.580350365539833,0.05348384085371337
2024-08-08,0.577392127770729,0.5753410304426001,0.6018329718141722,0.5962914153796324,0.02184916988193781
2024-08-09,0.585221803911788,0.5822174439533601,0.608569173105487,0.5977589703349213,0.01404456130283786
2024-08-12,0.586002602640467,0.5766370523036666,0.5929356665435004,0.5786807559168312,0.032883124001695775
2024-08-13,0.5755268863631093,0.575790889270364,0.6019207533898763,0.596036188430954,0.02222121350970576
2024-08-14,0.5880521993034333,0.5794433145152591,0.6102796069105649,0.5991520840967255,0.01702245194222361
2024-08-15,0.5972591176466169,0.5968057230838715,0.622973084146274,0.6146145834077252,0.03377811845615598
2024-08-16,0.6056418595538282,0.5957774743346012,0.6291482892879885,0.6150718650242275,0.02302508125607547
2024-08-19,0.6070950127433485,0.5980802159867693,0.6265453368561147,0.6126472090112283,0.028234976725861914
2024-08-20,0.6026054200531332,0.5926927280866783,0.6193805741498111,0.6028209714848924,0.01904154230240535
2024-08-21,0.59439618897453,0.5851201044852035,0.6128771138352276,0.6050754761987358,0.02803482342059172
2024-08-22,0.5957083646158843,0.58921167763344,0.6185622233307473,0.6073618842811359,0.01721669571473229
2024-08-23,0.6026596421870518,0.6062634693923421,0.6273262225856995,0.6260785271885061,0.024833055699487412
2024-08-26,0.6170393521081441,0.6109119035038042,0.6401264317620723,0.6263975608744095,0.024619627356854412
2024-08-27,0.6178418396904133,0.609840918165943,0.6400393036472563,0.629577263277517,0.014905468887166463
2024-08-28,0.6210301011661259,0.6178098459728447,0.6454957018411425,0.6322677806954542,0.026966397026391628
2024-08-29,0.6234375639131595,0.6212587636527032,0.6466610403775874,0.638871777993977,0.024971030442658262
2024-08-30,0.6338807469100753,0.6264000073991671,0.6523025858157558,0.6462520905949054,0.030133820941157324
2024-09-03,0.6347266121995248,0.6226940275319353,0.6425551279642006,0.6298962969634205,0.026306156619747258
2024-09-04,0.6144041563985838,0.6127328677732522,0.6405566268292813,0.6299601037005345,0.01953023496816132
2024-09-05,0.6245653842990542,0.6116617753260676,0.633983899663513,0.6194851643461319,0.025665614655641246
2024-09-06,0.612029226931992,0.6063705786370157,0.6208820093893272,0.6091484729223284,0.05331863087259818
2024-09-09,0.6124346558710081,0.6110675985214231,0.6370805899853329,0.6262912163124787,0.02298491356237769
2024-09-10,0.6263743420025663,0.6134484635220749,0.6353179366554538,0.6325912971472731,0.012290200881291187
2024-09-11,0.6178883671901254,0.6051208225919584,0.6187167240439937,0.625414125262459,0.026175119154166003
2024-09-12,0.6204952412006219,0.6137124055697529,0.6408662799004388,0.6339711111161876,0.0302007100003854
2024-09-13,0.6284685671491925,0.6198261652435573,0.6499583329968137,0.6346235812875545,0.02402207938472343
2024-09-16,0.6286867156018574,0.623876867688278,0.6542524110856995,0.644731520827261,0.021795555860072542
2024-09-17,0.6385143033989302,0.637860301906892,0.6636621383263346,0.6547218018114933,0.024884699877098848
2024-09-18,0.654286436533758,0.6611519486953517,0.6752298588923433,0.6741782483963608,0.04539317663079551
2024-09-19,0.6831256619892574,0.674327504785444,0.697105557727796,0.6871848668940725,0.042746219826054185
2024-09-20,0.6748578356294814,0.6625410379858976,0.6959060639758954,0.6806815576452168,0.07227187276519027
2024-09-23,0.6740943160447574,0.6708045787045676,0.7004685219453084,0.690115634548965,0.02314078819463774
2024-09-24,0.6784900073679454,0.6737134355318635,0.7017939899268881,0.6939876706477619,0.020566458691081313
2024-09-25,0.6880012799084669,0.6744460093783382,0.7068439133936217,0.6892492397313519,0.0300140030232827
2024-09-26,0.6904881722699583,0.6851221958748843,0.7121039399669089,0.6980415426960289,0.028534906924859
2024-09-27,0.691000821134055,0.6825366411228897,0.7150486697420044,0.6982447711099793,0.029644271821377945
2024-09-30,0.6897137452627311,0.6835277704444858,0.7083336955876833,0.7028441510064347,0.020206919292055103
2024-10-01,0.6908372097944713,0.6771177492886693,0.6897042978789227,0.686275687147166,0.035760210002526535
2024-10-02,0.6848926644566029,0.6900024304690826,0.705080274178568,0.7111230348199213,0.020716680726786882
2024-10-03,0.6998358334708961,0.6914568050171426,0.7231438832819903,0.7049620050051923,0.03296474407012645
2024-10-04,0.7076564555024991,0.6937299385697899,0.7029223903960673,0.7025018715723079,0.03130442230034986
2024-10-07,0.6981233681167449,0.6895068658082846,0.7105135974746908,0.6933886816380952,0.0372727078078631
2024-10-08,0.6976325340979939,0.6879364644908654,0.7152458467971643,0.7023735167844269,0.022492109917309364
2024-10-09,0.6959418835890754,0.6961106958391541,0.7214897868753334,0.7097004359217132,0.03827707144111236
2024-10-10,0.7013955949081927,0.6965201830730154,0.7276625241281354,0.7093474602552907,0.03751294316142873
2024-10-11,0.7103505888941521,0.7320284683329059,0.7381074309080757,0.7464312976988057,0.06862697573237524
2024-10-14,0.749573680701173,0.7375874110495768,0.7666323782128341,0.74799294761719,0.05499531091422184
2024-10-15,0.7482975122524653,0.7537471282492354,0.7742236948342169,0.7643367905978062,0.042174622410832426
2024-10-16,0.7550055771750577,0.7567312893588016,0.7830199823479658,0.773695993875263,0.036041897730825063
2024-10-17,0.7762205142062735,0.7704993684128065,0.7802704578573396,0.7595234860551046,0.047827904128536616
2024-10-18,0.7608192334411914,0.7462382463238184,0.7766993623038505,0.7643581830623976,0.03246406104804279
2024-10-21,0.7559327080992524,0.7452686632917784,0.7754225313292209,0.7574163282885318,0.015829411487617816
2024-10-22,0.7473267516376927,0.7401945120911275,0.7683851726898303,0.7577158227934762,0.032378672581909115
2024-10-23,0.7472613071018819,0.7453333021606705,0.7594901871057425,0.7441850889122783,0.02700630778388239
2024-10-24,0.7407059460963701,0.7274391086482748,0.7601036268327424,0.739735456268295,0.01946668607962453
2024-10-25,0.7366811071428145,0.722397276881958,0.7444610233375146,0.729114097577398,0.02631643406802814
2024-10-28,0.7308456360313353,0.7246596372899394,0.7554809203186656,0.7421100198427033,0.01740057639355775
2024-10-29,0.7341178628227831,0.7250019001001975,0.7556123716888101,0.7388476689859798,0.012267419204268565
2024-10-30,0.7346850488000747,0.7338705683622477,0.7554261489144671,0.7353179123213096,0.02583399351664304
2024-10-31,0.7179312476277444,0.7210183143475686,0.7451072163642061,0.7365586752701585,0.041240145425893174
2024-11-01,0.7330271205590049,0.7273744697794944,0.7568173425810625,0.7408906493585565,0.057009605131872504
2024-11-04,0.7277261131568551,0.727417562358607,0.7522384531903674,0.7477576305061309,0.033066833389716555
2024-11-05,0.74175305866957,0.755077611631956,0.7697105311285373,0.7721985213508742,0.025583309423991847
2024-11-06,0.8009367339045577,0.7979816607970376,0.7784739557997213,0.7887455927455518,0.09767618329829009
2024-11-07,0.7940977799103437,0.784450590928486,0.8139658257180458,0.795420041711471,0.034454802780049754
2024-11-08,0.7951776147515055,0.7903650474236164,0.818643303636321,0.7988642285175538,0.028099742635565965
2024-11-11,0.8037399415224868,0.8096489766150679,0.8305067897849558,0.8144379427713286,0.04754004993126956
2024-11-12,0.8095972274791987,0.7975184155705739,0.815269385137878,0.795730232448711,0.03113784199279722
2024-11-13,0.7923307774429982,0.7830500821045403,0.8071522630361447,0.7899863556942897,0.024193113253197784
2024-11-14,0.7948831143403001,0.79946835477932,0.8192238805207563,0.8072072897249254,0.07900077509089118
2024-11-15,0.7924616665146198,0.7925950883971515,0.8168248930170687,0.8075174804621652,0.039150226317975684
2024-11-18,0.7925598333183927,0.7933599816778487,0.8194429661375502,0.8102985008645855,0.03741702031080716
2024-11-19,0.7962901718606294,0.783761109661347,0.8086968166345183,0.7869165370193318,0.046880665978648595
2024-11-20,0.7857645090147569,0.7755627464686794,0.7981916613099143,0.7832370331021896,0.040026121847713904
2024-11-21,0.7883604756026372,0.7785038149990215,0.8054214866636555,0.7867988784638575,0.029704823120832814
2024-11-22,0.7864734914862863,0.7812078743437987,0.8096937657336667,0.7958478910041853,0.05024550254580958
2024-11-25,0.8037508489452163,0.7888137145724419,0.8119611923245644,0.7905318635424781,0.11453462429503126
2024-11-26,0.7854372863355894,0.7773079959263065,0.7984107469267081,0.7851730511515882,0.05536872486842724
2024-11-27,0.7827104306760875,0.7726538896413837,0.7982354784332957,0.777653599832647,0.030450794575220215
2024-11-29,0.7731882507129497,0.7676121656064667,0.801280768506548,0.7812368376589063,0.022580752908731974
2024-12-02,0.7794382038846397,0.7722769373047678,0.7925721152395622,0.7783595511656032,0.05082857644494499
2024-12-03,0.7843901737623895,0.785894192331656,0.8014779455615941,0.7985647340127204,0.06985204756745646
2024-12-04,0.7919272028052904,0.7784499492750194,0.7921448982867916,0.7942862410858007,0.07735989482744592
2024-12-05,0.7886853561895164,0.8036552804569168,0.815226309707324,0.8102022347738136,0.06459427631776157
2024-12-06,0.8044906369146998,0.7989093873927953,0.8260359233299908,0.8081492817755047,0.03631861802578783
2024-12-09,0.81057380668071,0.8017133604819711,0.8314297223880704,0.811921985976507,0.05278925664073038
2024-12-10,0.810453239351939,0.8114889973278683,0.8343577847338524,0.8234120736999497,0.04442093002342402
2024-12-11,0.822816870876226,0.8305422873044765,0.8501760361308113,0.8322150501691772,0.08678200247515212
2024-12-12,0.8305441405789622,0.8214486716338327,0.8402029016724468,0.8252930515780448,0.048041675052778975
2024-12-13,0.8181257057234772,0.8077974223949089,0.8414248723529427,0.8228424061141373,0.03519743406374587
2024-12-16,0.8208877936171359,0.8192077449149349,0.8460149953513361,0.8315593950230915,0.0660785111403257
2024-12-17,0.8172050097588113,0.8059678735278666,0.8259478613045272,0.8149745443614405,0.07400096779304645
2024-12-18,0.8097517567122905,0.8073210901455272,0.8046918899142448,0.7838900413715497,0.06326677258148089
2024-12-19,0.8002159770792352,0.7855397154676813,0.8002777808891206,0.7796229086996413,0.057397493159073484
2024-12-20,0.7641773064657333,0.7810902309715302,0.785995221138265,0.7929079867410167,0.16730135619494607
2024-12-23,0.7841805223627722,0.7860593506488962,0.8095354113909206,0.8047420247049983,0.030986335276056542
2024-12-24,0.8014435716986767,0.8006416129207785,0.8241867308732553,0.821004422016179,0.012866423148239343
2024-12-26,0.8051263555568884,0.8035212578830968,0.8333560791945029,0.8204132575401872,0.014191271877047457
2024-12-27,0.8084145554304532,0.8012998174836132,0.8281384041873505,0.8095573280727619,0.018048912089276767
2024-12-30,0.7917653034043262,0.7803054735905708,0.8074659537930386,0.7915536826688194,0.03987041850625853
2024-12-31,0.7895731701552828,0.7782323457323586,0.805330449676201,0.7890600434247752,0.042223268999361935
2025-01-02,0.7886853561895164,0.7760347219452939,0.7970304937010757,0.7807729923165223,0.040969848536105954
2025-01-03,0.7801031545196875,0.7672658782628394,0.7948289430650555,0.7844597089573622,0.029348195665486188
2025-01-06,0.7839174663729322,0.7731225997841007,0.7964690982889304,0.7757642169384764,0.04196145100440645
2025-01-07,0.7678600903240582,0.7542749987333646,0.7598793267191126,0.7413906897732334,0.07229336976117778
2025-01-08,0.734145080954633,0.7307751472085007,0.7574576210196038,0.7471303594124932,0.05585013767498426
2025-01-10,0.7336518509736265,0.7218519285743006,0.7267569974009416,0.7143905958897814,0.06695577699650138
2025-01-13,0.696889776388065,0.6950041108800298,0.7214477378872435,0.713713443853738,0.057209929727947376
2025-01-14,0.7166957002926106,0.7083737828051437,0.7376326575426779,0.722484174987863,0.07979693475105022
2025-01-15,0.7774725946209489,0.7688356095393303,0.7739142120234301,0.7762371485192032,0.08684486620047019
2025-01-16,0.7739322994238063,0.7591898814887088,0.7641998698422314,0.7574703635190552,0.06490217153917634
2025-01-17,0.7567898174166727,0.7551518831016435,0.7805298716844611,0.7674019267149843,0.0821655439981843
2025-01-21,0.7711702115300343,0.7704594694805007,0.7879160740681561,0.775065568012365,0.046707062748104024
2025-01-22,0.7694822689283729,0.756245282128641,0.7819000067227702,0.7688852121273697,0.03802013523409029
2025-01-23,0.7601437812875844,0.7605647495721743,0.7847293295226385,0.781127691002095,0.04445501689355561
2025-01-24,0.7702056729005458,0.7694310248511413,0.7982853775636187,0.7840512680467295,0.05180998711036694
2025-01-27,0.7667640236995366,0.7747464597252711,0.7889838261265747,0.79425154236818,0.04595201288106851
2025-01-28,0.7883346148696924,0.8016051031525,0.8135971622367597,0.8171027364748775,0.08193592867450893
2025-01-29,0.8074390561345894,0.8136324924502536,0.8336973195431601,0.8186182672222546,0.05843183268314198
2025-01-30,0.831651167869746,0.8259954794691546,0.8491350329126308,0.8389435767499165,0.034749251673297045
2025-01-31,0.8370109336634699,0.8324584420350731,0.8595105007497885,0.8432214578668593,0.07122939692789941
2025-02-03,0.8155170671571497,0.8024928132537372,0.7911193302435258,0.7768498098851524,0.1178355693920461
2025-02-04,0.7684519663013112,0.7623942984393282,0.7882242911572217,0.7789027628834613,0.06893204465551278
2025-02-05,0.7777246899445265,0.7711090134569911,0.7903267720145812,0.7776559432614947,0.05001794271179037
2025-02-06,0.7781083132631375,0.7670493636040094,0.7893250664752318,0.7691861685878827,0.04817836511491472
2025-02-07,0.7654049010851751,0.7585078603133435,0.77407932832116,0.7535149357526938,0.0518696819557984
2025-02-10,0.7503230243321648,0.7373219009474203,0.7582666908782874,0.7465391949365017,0.04774268695320763
2025-02-11,0.7338820249646798,0.7298737966837519,0.7547607214905072,0.7493875328661186,0.06496297977483823
2025-02-12,0.7284455345072336,0.7205907306866177,0.7462627360357186,0.7338130360360153,0.037403402691834994
2025-02-13,0.732829801005207,0.721797799909621,0.7510951396816525,0.7408962613024384,0.030324039379755995
2025-02-14,0.728401691842298,0.7181711793742993,0.7490091704540318,0.7340387533813999,0.07185340932935368
2025-02-18,0.7219787414227259,0.7173267722048953,0.7387664561201659,0.738273640718206,0.07900522865181289
2025-02-19,0.7240174253443248,0.730133614274415,0.7473635113536152,0.7473883220928697,0.05429156264318841
2025-02-20,0.7410064580239006,0.7318873830108612,0.7552230471241057,0.7506558493781537,0.05509320360909725
2025-02-21,0.7475718971046552,0.7339334465367335,0.751909713416878,0.7343612067318703,0.09657101502648584
2025-02-24,0.7287853151607957,0.7220982139986822,0.7266968950685921,0.7113380375049589,0.08694661293845092
2025-02-25,0.7097137558945721,0.70460653599893,0.7242252141695751,0.7169379773588855,0.07516831462695003
2025-02-26,0.7081244592890441,0.7056782835601225,0.7312921917111208,0.7123806366716092,0.04179281520719764
2025-02-27,0.7109742325128001,0.7087960946471876,0.7216273844191392,0.7028360174962445,0.04701333070687432
2025-02-28,0.693524851850778,0.7201522885025342,0.7199872291953779,0.7381876531580436,0.11016139876071102
2025-03-03,0.7337066543048243,0.7313136191649667,0.7385126173318193,0.7260311618435917,0.054883115437155544
2025-03-04,0.7035867434636263,0.7029339602595033,0.7104435071884512,0.7102524445581719,0.07827193271697191
2025-03-05,0.7163449589727864,0.7084387372027816,0.7264157570523984,0.7278261521614133,0.06093096552344328
2025-03-06,0.7093630145747478,0.7077297599524184,0.7273853199525122,0.7186899738967925,0.04897289751242929
2025-03-07,0.7100684622550562,0.696112251868281,0.7002132621936381,0.7106178916887791,0.09031239160503765
2025-03-10,0.6715722057843292,0.6729809964835272,0.6808879783118835,0.6764010823730449,0.08051138869737624
2025-03-11,0.6649926852823658,0.6633910501334748,0.6846733431959233,0.6711161740484377,0.0716627626637433
2025-03-12,0.6736661905335954,0.6640006267459326,0.68310717614595,0.6707811389604739,0.04314489917395009
2025-03-13,0.6659735518228531,0.653082674204446,0.6772686382034068,0.6604058588140951,0.045426492692306045
2025-03-14,0.6681777462958842,0.6700637369809701,0.6879606337530468,0.6909264745778421,0.042597025535176705
2025-03-17,0.6925451161947997,0.7047225215196684,0.7161239698568866,0.7225926941909417,0.06819446645055477
2025-03-18,0.7151381095429141,0.7086738842042055,0.7411881768157103,0.7232627643670915,0.08222712304246727
2025-03-19,0.7173974088777142,0.7102311347432264,0.7356429493101122,0.7217605102625586,0.08226266588443865
2025-03-20,0.7096937491945956,0.705468164340358,0.7340022924775158,0.7184533897159093,0.04639026040484581
2025-03-21,0.7045249131554627,0.6997152850599369,0.7214422968357417,0.7158163393454098,0.43554138599954606
2025-03-24,0.7184664431971004,0.7178393039848474,0.7422839403347894,0.7285368651080906,0.04400212400597805
2025-03-25,0.729300059031855,0.7225090962484728,0.7476631430648244,0.7393228334268014,0.03771164049485913
2025-03-26,0.7342815385408143,0.7256876028707184,0.7500317631969315,0.7336596596803533,0.046373045678975336
2025-03-27,0.7238226357665203,0.7219866020090953,0.742837356253522,0.7333354321757755,0.030212357775103733
2025-03-28,0.7246271667490973,0.7120311709386782,0.7298542188003629,0.7103801248520665,0.03791119428231294
2025-03-31,0.6886547129499794,0.6921227906454792,0.7018292366762917,0.7101423580153539,0.09156101592576256
2025-04-01,0.7022215299311567,0.700841913263385,0.7139601136146365,0.7075485379788424,0.046448670569242165
2025-04-02,0.6891286147616018,0.710186940438799,0.7168600130287044,0.7267428062494712,0.031163621258901764
2025-04-03,0.6720791705130811,0.6690966872264432,0.6649828048077713,0.6465613443689446,0.06654228099400053
2025-04-04,0.5996934240201257,0.595406929895788,0.5808656881425032,0.5762796289613716,0.127502194663435
2025-04-07,0.5299857738119371,0.5798463983322779,0.5394460484880967,0.5707461462166659,0.13084296487253821
2025-04-08,0.5957479159135364,0.591362933336746,0.5740455010433874,0.5688223963561931,0.14439763447398735
2025-04-09,0.5420096546621058,0.643726761732369,0.5675705347943869,0.6567528955959849,0.14517640811747123
2025-04-10,0.6290202314832478,0.6170632275842127,0.605141941516339,0.6153598508456619,0.09499616736824525
2025-04-11,0.5945025460362399,0.625923859058626,0.6133380312726036,0.6369750178170717,0.07165342731488816
2025-04-14,0.6486155203481307,0.6383875237246952,0.6566040877983079,0.6490470885707078,0.07227709713473306
2025-04-15,0.6393909664786435,0.6392039209735267,0.6639479170397584,0.6474151434643216,0.033416523567473586
2025-04-16,0.6309489016470933,0.624122342462742,0.6296305959197717,0.6229251592856997,0.039835475182103536
2025-04-17,0.6197185308072384,0.627640688046456,0.6417507365893833,0.6337327427714048,0.07776371289948227
2025-04-21,0.6152550369994074,0.60573152491683,0.619226376647827,0.6101938259395221,0.044379220712484097
2025-04-22,0.6184731609300551,0.6258367766854336,0.6399130636896977,0.6460966182790164,0.04062581095490341
2025-04-23,0.6617304774624384,0.6699548840144518,0.6667537357477153,0.6518462526934408,0.036563221294872834
2025-04-24,0.6466648082395323,0.6565768544295838,0.6713470878730252,0.6774818407215266,0.04226395056547377
2025-04-25,0.6662270341872858,0.6582762669427755,0.6784861532246185,0.6682197416743423,0.027253223478830593
2025-04-28,0.658490311587151,0.6639897414492697,0.686090087947856,0.6747583296831616,0.04786284745269162
2025-04-29,0.6636260847091544,0.6620086174587256,0.6847784922204199,0.682085871286487,0.022783903803084087
2025-04-30,0.6581927453332124,0.6556733748074481,0.6724815905063986,0.6753203240244521,0.07730079949983085
2025-05-01,0.6659074259887074,0.6643816121288026,0.6857360124429861,0.6773521497197841,0.027869613439476533
2025-05-02,0.6862521409743982,0.6766602267518242,0.7061126758871339,0.6914668537521385,0.059652450957301484
2025-05-05,0.6769063564088829,0.6750655307923141,0.7015414603984824,0.682096678869984,0.022074588580898502
2025-05-06,0.6631852458145482,0.6642618738656214,0.6864664107725258,0.676087662451964,0.030535412232732817
2025-05-07,0.6710762620278405,0.6655872675859549,0.6956199100682146,0.6819129499507566,0.03609020173774521
2025-05-08,0.6846871628985236,0.6873535067704859,0.7093114198973969,0.6908616290768599,0.04285396174219877
2025-05-09,0.6846871628985236,0.6732585715481545,0.7036776458448244,0.6852416856642887,0.04782644815669682
2025-05-12,0.7193150580691832,0.7090759870625145,0.7357869481321586,0.7226251169414328,0.05837633446242521
2025-05-13,0.7176288492973939,0.7127504278001995,0.7433686355354825,0.723867989042259,0.04098654938956239
2025-05-14,0.7177500799934218,0.7145737149894096,0.7444976040097195,0.732384364829036,0.047350516655889616
2025-05-15,0.7273162840061271,0.735740174328446,0.7534740102113457,0.7496981135730691,0.08824062932241639
2025-05-16,0.7472311810695882,0.7386628764793903,0.7705253080831538,0.7568635414241611,0.05114572136981256
2025-05-19,0.7388993259616896,0.7425162714940723,0.7638948319609264,0.7611325369010467,0.031569837402203656
2025-05-20,0.7484875719191479,0.7461519605757172,0.7760644480135657,0.7655096082126804,0.03516874285396174
2025-05-21,0.7497108998516915,0.7436211291041941,0.7578792009244342,0.7386203405002716,0.04880314832499004
2025-05-22,0.7309752468312678,0.7230642463776156,0.7518857065246005,0.7354537185389727,0.020360053271440255
2025-05-23,0.7143225575878474,0.7142906972763947,0.7348666174593332,0.7281910224365187,0.033496002500845744
2025-05-27,0.7350419856339987,0.7271026914354568,0.7544480222282923,0.7477959788795905,0.06140244346332878
2025-05-28,0.7419851982239329,0.7303682804308949,0.7563849779437994,0.7369451650600085,0.020648164404914328
2025-05-29,0.7376759980291461,0.7249582879950793,0.7522122219167038,0.742392187136738,0.028192239670093905
2025-05-30,0.7322316376809408,0.7254372410476928,0.7537285815339969,0.7462504944411805,0.08004659109887333
2025-06-02,0.7350640275787517,0.7253500498215752,0.7511385950343967,0.7442835142468307,0.02559264477284698
2025-06-03,0.7353836357773298,0.7312173335697154,0.7577353127855297,0.7486713931419617,0.03163758291545514
2025-06-04,0.7475067053786604,0.7374437232544744,0.7732641634648585,0.7560637802461581,0.03131041747851371
2025-06-05,0.7555510074526013,0.743146845044744,0.7719012691379346,0.7579010694387656,0.030235567679138063
2025-06-06,0.7607139327451142,0.7540678051650951,0.7816261230564046,0.7618015045601945,0.042936523910055195
2025-06-09,0.7580105984718288,0.7468892983124251,0.7751669952536504,0.761573345402653,0.02517666505367825
2025-06-10,0.7538115669569576,0.7454667283568766,0.7790391338847504,0.7648979502693392,0.03017330347163638
2025-06-11,0.7624533732407579,0.7566174882393026,0.7846025514583215,0.7664190113194687,0.04448327987632804
2025-06-12,0.7564816635139093,0.7469768410789566,0.7776371526561918,0.7609323268172474,0.037018084026704236
2025-06-13,0.7458566734804075,0.7372048797688693,0.7593891430151103,0.7430815889218909,0.04693025466660385
2025-06-16,0.75280335622394,0.7411218714272281,0.7703935829755142,0.7542505229185437,0.03391840562519002
2025-06-17,0.7409042537255053,0.7315747855986439,0.7574864542049156,0.7402133023702879,0.04270750810419619
2025-06-18,0.7353203173575442,0.7401594481381029,0.7583988546869753,0.7514474246976033,0.045932913956346536
2025-06-20,0.7479506496183788,0.7386712211076278,0.7659205952464281,0.7459281460299398,0.06279435254216965
2025-06-23,0.7403170540678223,0.7381678502003794,0.7584322351925012,0.7588137060688211,0.04423242449287216
2025-06-24,0.7626749580172976,0.7593969710755852,0.7879406020023734,0.7790981416443628,0.04909845367226073
2025-06-25,0.7762248671006242,0.7748810978994722,0.7957293866053501,0.7933417919066057,0.04585540486722821
2025-06-26,0.7903952135580807,0.7934838263513537,0.8154238848155395,0.8071508532973197,0.04325906449527023
2025-06-27,0.8071027057067011,0.8077096353353401,0.8339611921705334,0.8256534744998587,0.05768543300174288
2025-06-30,0.8230346511374327,0.8122836354562908,0.8416943425977097,0.8272071297153196,0.034607422887020865
2025-07-01,0.8192677099368251,0.8153679859768332,0.8418231913487664,0.8326612200522094,0.029675104166220594
2025-07-02,0.8297043529102341,0.8303175547828847,0.8513635623404932,0.8503707165642413,0.031577716779218994
2025-07-03,0.8466888260294723,0.8432519985326759,0.8698674891900746,0.8629520643931414,0.01852424407226759
2025-07-07,0.8607262216211409,0.8480229698781825,0.8736395975732183,0.856237666328995,0.03710826863536898
2025-07-08,0.8512202347090398,0.8403849729298618,0.8736172326345502,0.8552055177592801,0.03220935162148158
2025-07-09,0.8562945260910275,0.8501350485483441,0.8821192473704802,0.8701227807722598,0.018335224669301688
2025-07-10,0.8693458694271967,0.8686830627712134,0.889361704367678,0.8867458051056913,0.029236514060833926
2025-07-11,0.8780209134273307,0.8661882033545176,0.8978991024393062,0.8841274071551841,0.035899041199720795
2025-07-14,0.8796495615347046,0.8756975363651225,0.9052563883752172,0.8947965639495341,0.04585788858389609
2025-07-15,0.8461570225658677,0.8366740350581543,0.8332991454793486,0.823849930683302,0.15527151733677058
2025-07-16,0.8281421802358675,0.8481434506106207,0.8547017241529382,0.8630498468892465,0.10971304507945752
2025-07-17,0.8618341455036127,0.8725897681545425,0.8815284124241516,0.8881908131032699,0.08988082442264292
2025-07-18,0.8916705356601118,0.8834231855083623,0.9098684615436909,0.8862460279034996,0.07409868919711717
2025-07-21,0.8869618591593804,0.8741436522598325,0.8992312071430473,0.8747620169750883,0.027362335721412633
2025-07-22,0.8741099421220062,0.8665888209397445,0.891620451902496,0.8827693169318227,0.03892386551958924
2025-07-23,0.8830730463316872,0.8873013300640831,0.9076161675731913,0.9044770310613885,0.04514891594331987
2025-07-24,0.8972877097445198,0.8906126352068346,0.9221747412163033,0.9023040867040764,0.0353848262040673
2025-07-25,0.9031818647996588,0.8959746296547322,0.9267534338792511,0.9076386651013069,0.03339648254332586
2025-07-28,0.9050431769222749,0.8905360352861056,0.9237887999227188,0.9017065270057796,0.014816911541146192
2025-07-29,0.9043230263985775,0.8929981755937819,0.923409819917574,0.9057373387886449,0.025320806265817633
2025-07-30,0.8976200869093292,0.891477120026011,0.9175014704545172,0.8982624101994341,0.021073479472938195
2025-07-31,0.8876376927277019,0.8853505489412039,0.9106028326633253,0.8888752905758948,0.031875677133962256
2025-08-01,0.8662658410337261,0.8598632384752216,0.8816285539405015,0.8734365209171691,0.046847949434954454
2025-08-04,0.8762149974989064,0.8799980747691758,0.9017124913808401,0.8997943359713405,0.03226964598472942
2025-08-05,0.9036471928302563,0.8873078957715872,0.9064636499887013,0.8928191845844322,0.030404117830944537
2025-08-06,0.8939860965746227,0.8866513250228809,0.9136460220760663,0.9046617313317107,0.023858154084643347
2025-08-07,0.9116907202174449,0.8973643710727617,0.9160772355556839,0.8962850308343322,0.02185182488941037
2025-08-08,0.9003012627049831,0.8910612918850707,0.9231872832145993,0.9094748030831952,0.02582294525974109
2025-08-11,0.9061511008047463,0.8986173269183164,0.9312319850259629,0.9126907607319992,0.03848304863374172
2025-08-12,0.9164880306288146,0.9297223661387888,0.942126491855146,0.9471101993519015,0.04649029423477974
2025-08-13,0.9521299419298141,0.9410919829373756,0.9604065467814866,0.9475665176668737,0.038066555042158945
2025-08-14,0.9384249235028419,0.9308166507199285,0.9568793400398725,0.9477077590501983,0.024087855053721074
2025-08-15,0.9488283287598038,0.9319328209927848,0.9453074314870082,0.9203829837569748,0.03904068584838194
2025-08-18,0.916122415747558,0.9072895322243069,0.9368399099400837,0.9215889678752347,0.023934978010542944
2025-08-19,0.9075692433743963,0.9007238247371334,0.9312542386962377,0.9132774557085188,0.04157364862260781
2025-08-20,0.9071039153437988,0.898354698618834,0.9225865453851205,0.9132665909867417,0.03826927770949936
2025-08-21,0.9059516745059513,0.8941581172498481,0.9279465644121123,0.9092357792038763,0.012734614874037022
2025-08-22,0.9104609247078876,0.9256186895307918,0.9359276207264173,0.9346809576281034,0.026319602947914744
2025-08-25,0.9265479794821514,0.9171380934550113,0.9476885742084507,0.922653710610281,0.02472223054885856
2025-08-26,0.9172635773465903,0.9088324734837945,0.9354045482061129,0.9255871854926576,0.038884382989110185
2025-08-27,0.9209862015918218,0.9114259279412118,0.9421140297997421,0.9167107077930874,0.015740254623781157
2025-08-28,0.9159008309710186,0.9040065690521648,0.9371737149944319,0.9154612647876079,0.029873972790455672
2025-08-29,0.9137957755942316,0.8997805514281345,0.9275267489220371,0.9118324477109401,0.01967052213719537
2025-09-02,0.8982183658058276,0.884298613173341,0.9076564467163817,0.8983927868608705,0.022698172755341056
2025-09-03,0.8924128446614401,0.8768684208669912,0.8988306410777613,0.8817914919709933,0.024440200238950667
2025-09-04,0.8884243186842931,0.8766495639507184,0.908755778028931,0.8918630890671573,0.028575588490970832
2025-09-05,0.8928123339007945,0.8793187076618505,0.9000154563272427,0.8870826114811152,0.03093520497085915
2025-09-08,0.8823150892096117,0.8745284202008685,0.9060922270052019,0.8933812709141518,0.04664394208657893
2025-09-09,0.8859663047543611,0.883203250485658,0.912855200097396,0.8941999874782365,0.01780610737364091
2025-09-10,0.8923336684483749,0.8884917084919095,0.9114689325940863,0.8911652780806614,0.020642083581348142
2025-09-11,0.8897956283745112,0.9141189602864219,0.9161196364759552,0.9253221331343391,0.03929608043816187
2025-09-12,0.9206528524295936,0.9121082467725672,0.9336492126462423,0.9135653632741074,0.035835834892793364
2025-09-15,0.9071389022121272,0.8962869615615074,0.9245378576853283,0.9045048999648941,0.03259047366189764
2025-09-16,0.9064932604390405,0.8938460248422673,0.9201890023726897,0.908631231447842,0.03607033200440217
2025-09-17,0.9076064359099265,0.9049068182703406,0.9318046942965459,0.9227022401293565,0.03269427588953456
2025-09-18,0.9253504529171657,0.9252360466563352,0.9513688416194666,0.9285424182865099,0.03404267710398636
2025-09-19,0.927387564029029,0.9176606878905633,0.9418662014761281,0.9347864966152666,0.11811049113355972
2025-09-22,0.9256287467848305,0.9153086984171657,0.9504744754883248,0.9275381259678295,0.020527832614625666
2025-09-23,0.9270870066517836,0.9189910484285082,0.9434369319938727,0.922669491466722,0.025761623151665157
2025-09-24,0.9215211292970156,0.9125811294728121,0.9414338872474548,0.9185540762045414,0.01875839860226703
2025-09-25,0.909476570701123,0.9221355369727933,0.932922540164711,0.9396332986746181,0.04743950222892159
2025-09-26,0.9421148755098714,0.9335260619094297,0.9695709811202746,0.9496325569773536,0.026477276133623953
2025-09-29,0.9592577777627329,0.9584400865295672,0.9841801164851598,0.970493455030311,0.03778726538512596
2025-09-30,0.9695546508690478,0.9599353677954936,0.9737279948977824,0.9599156370222548,0.0484126052903165
2025-10-01,0.9443412264517559,0.9307114148208835,0.9504632959116615,0.9328434093031748,0.04093413440332989
2025-10-02,0.9349237619673709,0.9423245827401772,0.9559524680414684,0.9540972913068575,0.041928306233700606
2025-10-03,0.9587679805554663,0.9428990566087769,0.9774731530719598,0.9542610346196969,0.02148235062371264
2025-10-06,0.9610165950068184,0.9606225374948376,0.9783116213198981,0.9745433729673338,0.05534123269427589
2025-10-07,0.9724711706030671,0.9604301299789899,0.9743205124596939,0.9603086209729799,0.03468638794797898
2025-10-08,0.9637550066653238,0.9540970640825017,0.9748124138318615,0.9589659258079652,0.02289096055600995
2025-10-09,0.9628533345339267,0.9533385386815005,0.9766514541889597,0.9616185674755824,0.030128168344602836
2025-10-10,0.9649349726646121,0.9571124746704534,0.9478808137079797,0.9233353809388458,0.04429032078485446
2025-10-13,0.9372391669470121,0.9378744717670939,0.9627943689447085,0.9481806996036681,0.05276116494876264
2025-10-14,0.9287567698582251,0.9888734581751077,0.9519278204513877,0.9909067880281526,0.08735574102543239
2025-10-15,0.9955472981161178,0.9999999999999998,1.0,1.0,0.07514553294992742
2025-10-16,1.0,0.9889504211813795,0.9889657578570685,0.9659086422713692,0.09627725129645727
2025-10-17,0.961105649044462,0.9518872362764288,0.9733367097154721,0.9547740969998597,0.05577399891230339
2025-10-20,0.9710574377549359,0.954976751244869,0.9783387876911938,0.9535078153806587,0.04731934172943761
2025-10-21,0.9489720364109255,0.9337899350739982,0.9457455145699256,0.9207591528171535,0.07930832773069658
2025-10-22,0.9170684274131338,0.9065410727361696,0.9354044061786491,0.9204098337498299,0.04215089863438406
2025-10-23,0.9193059101097516,0.9038788124000443,0.9351472759159587,0.9153010423899584,0.021003849760835212
2025-10-24,0.9301705027063563,0.9170559785550423,0.9499602149628303,0.9279966072437125,0.0371958838819635
2025-10-27,0.9358699611177028,0.9191339797259506,0.9451613816904836,0.9221891777491937,0.05137139700498028
2025-10-28,0.919817970826373,0.9106240701690302,0.9402339832867919,0.9152464612856788,0.022610557508746534
2025-10-29,0.9038439028180658,0.8921089697893754,0.9094342496457759,0.8858272460827925,0.0629948484290492
2025-10-30,0.8813354947951917,0.875707713352053,0.9026817853557298,0.8858818271870723,0.04330908141023719
2025-10-31,0.8730979963100944,0.8599054489983498,0.8834640931129025,0.8692455066048548,0.06587056410344251
2025-11-03,0.8609421201670904,0.8481520984604456,0.8649507141983939,0.8539846298502864,0.05691411050826263
2025-11-04,0.8408159076521471,0.8322647350111518,0.8647271226655799,0.8442473608480714,0.06925535604934888
2025-11-05,0.8385784249555288,0.848965707384467,0.8609596053381894,0.8591589185353159,0.036159403222836485
2025-11-06,0.8504337437212872,0.8450955676376464,0.8636874220381547,0.8546505193224103,0.024779441677622138
2025-11-07,0.8446340995175632,0.8498671640829103,0.8655839254191826,0.8685796171327309,0.02945910646151738
2025-11-10,0.8705154292174089,0.8592777607081561,0.8805909419166538,0.8690490146294922,0.024601042304546482
2025-11-11,0.8643707006177308,0.8534515511819107,0.8867508886447888,0.8724657917569145,0.015703940973188706
2025-11-12,0.8690905646145439,0.8666300367027924,0.8972820498388889,0.8813843441950446,0.026279520899619303
2025-11-13,0.8735098712343381,0.8608290050742842,0.8687517702556609,0.8548797599602964,0.035573759961630855
2025-11-14,0.8397027321811483,0.8305715488719385,0.8549561726828878,0.8420968653397387,0.028528654810488135
2025-11-17,0.8324559598652048,0.818719245897223,0.8167779184600379,0.8048288873424498,0.06927068657636785
2025-11-18,0.7974020642845507,0.7876151966252152,0.8127420912932934,0.7997419284243343,0.05337652716458048
2025-11-19,0.795175713342553,0.7861511403505672,0.8111322322571701,0.7948732939232268,0.061011129620034174
2025-11-20,0.8053167418830478,0.7939041737137849,0.7904723746279438,0.77068294850965,0.04723652262537416
2025-11-21,0.7717990284523699,0.7750922160240321,0.7907295048906342,0.7949169588066285,0.0944502635737257
2025-11-24,0.7805374558993541,0.7848115442517709,0.806520768689357,0.8001239961541813,0.07570342710077466
2025-11-25,0.7946079938523765,0.7944649041884515,0.8132116335121342,0.8113458711926052,0.04816312023329807
2025-11-26,0.8075430928250455,0.8113088078593205,0.8345869840462286,0.8225786624519071,0.03721900814059549
2025-11-28,0.8284485281696543,0.8174878377959771,0.8500371589616651,0.83048200635059,0.014892279495205996
2025-12-01,0.8163260472908518,0.8159814518678852,0.8423679693871502,0.8224476678015913,0.042670594935787357
2025-12-02,0.820778749174734,0.8077909387871447,0.8356610059739502,0.8210067266488954,0.02142762321161694
2025-12-03,0.8208566714577572,0.8539353186503051,0.8464486266562252,0.8660361376736732,0.06311723570899405
2025-12-04,0.8628790454865765,0.8536659481280737,0.8822119805293269,0.86135307892705,0.04038180720363479
2025-12-05,0.8549333839711821,0.8452813136785728,0.8770860930257864,0.8633070824600202,0.035783334261158525
2025-12-08,0.8610967861060608,0.8506507108615959,0.8706378332160045,0.8521842461425655,0.041532024957070236
2025-12-09,0.8457274312361256,0.8453752228884921,0.8729184276829256,0.8623746948002189,0.027301527485750744
2025-12-10,0.864721000791439,0.8627042341675166,0.8867809505446875,0.8755926610354463,0.06119398255403154
2025-12-11,0.8732446168110013,0.8787903294320374,0.8974306897428015,0.8958638656848941,0.05550258863228574
2025-12-12,0.898295322947126,0.8820219110699037,0.9019354844880143,0.8818780507887649,0.04125076545578342
2025-12-15,0.8850680579299672,0.8727359474230836,0.8946222142159321,0.8742763490452499,0.03754309034305266
2025-12-16,0.8693295700828534,0.8554345564999966,0.8782094832366252,0.8588974372927562,0.04497942369208765
2025-12-17,0.859754484370618,0.8560532524717219,0.8790520258946404,0.8554530875849851,0.04469756467298444
2025-12-18,0.8609961134758797,0.850264025879254,0.870974962618243,0.8554421183184211,0.03957571267680422
2025-12-19,0.8532051704869017,0.8392711242390523,0.8713062503913513,0.8501549318242858,0.0897357411110778
2025-12-22,0.8525172408475212,0.8640189631073907,0.8803214568328201,0.8809127553292728,0.03846523439005485
2025-12-23,0.8740164403087904,0.8648807182108293,0.9001268262487006,0.8790918570761472,0.011913275465589818
2025-12-24,0.8787927973171354,0.867743512857085,0.9008031071555072,0.8817354503232149,0.005888035765520015
2025-12-26,0.8797995236187175,0.8648254774991779,0.9015085962079639,0.8808030626634138,0.008902325700900559
2025-12-29,0.8801574707481234,0.8652232106237385,0.8994078565137411,0.8811211713944269,0.014463452965686168
2025-12-30,0.8773610087993979,0.8629583414416719,0.8985653138557257,0.8755378147025168,0.012564608750390754
2025-12-31,0.8711081198822244,0.857833881574547,0.8851632686412845,0.8613106759415425,0.01723870658313385
2026-01-02,0.8582332090705858,0.8628257637333734,0.883950007213647,0.8774574363549374,0.04084223688661833
2026-01-05,0.8743855732860824,0.9089738543374926,0.8999583177170747,0.9155207914056647,0.06850630136047721
2026-01-06,0.9117910483113956,0.900831373424092,0.9263636046212345,0.9073157799999254,0.035224069783873824
2026-01-07,0.8993076421725943,0.8881481060041159,0.8906566467718535,0.8665210775695098,0.061097974058007626
2026-01-08,0.8455820152148539,0.865665136317844,0.8739855360441218,0.8805946465982595,0.03697971488645561
2026-01-09,0.8792514170767225,0.8660186768730835,0.8963074118710632,0.8775013134213034,0.04174725185315239
2026-01-12,0.8661080459179724,0.8639747705380698,0.8894658531485009,0.8820645283206809,0.05142372634581044
2026-01-13,0.8784795935789333,0.8673775983823908,0.8892636429105045,0.8823716677851301,0.05175585921608762
2026-01-14,0.8572152969212308,0.8673886465247211,0.885533987410793,0.8849055683663389,0.07090574295245394
2026-01-15,0.92219388676051,0.9428694445919092,0.9469272624292606,0.9559864158385036,0.10922015578898685
2026-01-16,0.9567357847503482,0.9638941699690677,0.9850552385218605,0.9631383776520193,0.08559658446135465
2026-01-20,0.9393977206686794,0.9274353002076063,0.9255042111099769,0.9048696335513373,0.07622826212631839
2026-01-21,0.912551685961412,0.9130561429365791,0.9351766008247067,0.9243949280731216,0.048083555654523574
2026-01-22,0.9322387780801049,0.9270596633677062,0.9552403499890119,0.9374154475097585,0.04774020323653975
2026-01-23,0.9281112002438228,0.914321155235855,0.9423662981736194,0.9266545969896829,0.051755345343673584
2026-01-26,0.9277308814187579,0.9198341782695072,0.9424898710967888,0.9174733208577768,0.05250234454288907
2026-01-27,0.9142966782174646,0.9021792467910688,0.9165283233259218,0.9011839599787206,0.03411710295862042
2026-01-28,0.8968914990489334,0.900312110733563,0.916966445508058,0.9176159213234378,0.041954428081414516
2026-01-29,0.9205383812868653,0.9126749820254019,0.926930916677583,0.9243181432069538,0.04922563709473666
2026-01-30,0.90737263843257,0.9061234336106914,0.9218531929249789,0.9146213115456656,0.04331875934070169
2026-02-02,0.9104599324238389,0.9008810900646902,0.9243246513885963,0.9154110987398056,0.03191010658570321
2026-02-03,0.906958762064074,0.8945449804258672,0.8609654435012748,0.8610254750103312,0.07010196085148658
2026-02-04,0.8552577735571572,0.8540866831330198,0.8546744583209194,0.8676947890940454,0.060060979526466565
2026-02-05,0.852036249392389,0.8506728071462566,0.861751479631788,0.8442644356680373,0.053933564861404326
2026-02-06,0.8560631545983772,0.8468059573230575,0.8598785634723851,0.8459975797885422,0.10426000231242585
2026-02-09,0.8287585001316358,0.85709177785278,0.8558764858464714,0.8717972947969705,0.05764552224425212
2026-02-10,0.8669693561981695,0.8889877648228939,0.8948918278664424,0.8804410768661459,0.07109810252611114
2026-02-11,0.8778867436458473,0.8729016695583731,0.8831861018702312,0.8750661362393899,0.0722656206508194
2026-02-12,0.8726182093344843,0.8607376648289262,0.8255337162535608,0.8451748847945999,0.0879402708964076
2026-02-13,0.8423045618109959,0.8432926480552103,0.8592354225766743,0.8625940801319367,0.04649123633420549
2026-02-17,0.8617791228214415,0.8606382315477301,0.8729688679033243,0.8638665150558784,0.06814710454306036
2026-02-18,0.8680767551299322,0.8781937297449725,0.8854665839981655,0.8853553082963386,0.04913117021595488
2026-02-19,0.8654592667459096,0.8571801629915341,0.8784453951808786,0.8733110535857576,0.04590499355518347
2026-02-20,0.8621146982553021,0.8768569045204377,0.8829052543176352,0.8868690670850143,0.03779985525927004
2026-02-23,0.8901464328287416,0.8830880568068995,0.8693459344736538,0.862045616802753,0.051464407911922264
2026-02-24,0.8467005999942763,0.8672229243895431,0.8641839564550664,0.8730587604542377,0.05234175941350028
2026-02-25,0.8750679100015764,0.8714322666255399,0.8755245806328116,0.8870226368172394,0.05548957053112996
2026-02-26,0.8901799903721732,0.8829002383869493,0.8739743021419226,0.8831724242458341,0.051309389733685616
2026-02-27,0.8600565022611606,0.8519101990897071,0.8518772166961357,0.8535115273994367,0.09124935230664478
2026-03-02,0.8216890443254694,0.846960631316017,0.8423283999045756,0.8590839148246723,0.04989015977149806
2026-03-03,0.8152683676912524,0.837536565889845,0.8390143987828289,0.8418402277526875,0.06569430586542538
2026-03-04,0.8454365991934691,0.833117308949014,0.8569886421551107,0.8381545541800708,0.030482397728683927
2026-03-05,0.8227181423224836,0.8148547296412927,0.8312830026742777,0.8225452878292956,0.04689753812290971
2026-03-06,0.7752285569633897,0.7643935644054538,0.7552542212595375,0.7415701618972526,0.14729544666218453
2026-03-09,0.7055616594619976,0.7261266852565331,0.7216329317803654,0.7440199432606813,0.1547692070520424
2026-03-10,0.7456446006507773,0.7443654156321591,0.764069214803706,0.7547129078607113,0.08845551363688918
2026-03-11,0.7453970361628866,0.733917879646093,0.7457159461937968,0.736847159989356,0.08253596036330779
2026-03-12,0.7091625974688633,0.7080213276806253,0.7198134267026124,0.705651070284403,0.086245005802476
2026-03-13,0.7095564500633942,0.7072766628816411,0.723802776345082,0.706986311477954,0.09508335438782807
2026-03-16,0.7079135220978077,0.7107110124770613,0.7329342055549171,0.7281184345005847,0.06856830863177187
2026-03-17,0.7377675487608362,0.7428760860341908,0.7612438963600112,0.7587407015438317,0.10444037152975534
2026-03-18,0.744237984241932,0.7437985812329106,0.7708160752470492,0.7557612377234093,0.06130515028626975
2026-03-19,0.736867314259148,0.7390305036393052,0.7562261308041822,0.7571847593264962,0.06739608000993486
2026-03-20,0.7515636424995522,0.7387971012395751,0.7516039098303793,0.744284784489178,0.10995113929796463
2026-03-23,0.7590243359325504,0.7571507545110989,0.773618791143099,0.7626802148175269,0.06726495689895126
2026-03-24,0.7400181350151696,0.7464548116853735,0.7640579135299403,0.7643134023931091,0.04279589415941178
2026-03-25,0.7715263425750472,0.7614037908094291,0.772375651027964,0.7701509444709942,0.06432714830786096
2026-03-26,0.7541855754858915,0.7536792828197283,0.775364837941318,0.7559267634911921,0.05252735300037255
2026-03-27,0.7397930763896909,0.7273381548548654,0.7340643329322813,0.7177344513338746,0.06433639801131376
2026-03-30,0.7168933612523904,0.718479978066668,0.7348441208227956,0.717966187408837,0.058260284942253576
2026-03-31,0.7291252975443583,0.7335622188466215,0.7459645742168692,0.748478103940192,0.057708985487386566
2026-04-01,0.7568412672659055,0.7467994692289119,0.7637866829593367,0.7437219968786501,0.04267402075188098
2026-04-02,0.7078685103726441,0.7381858092404208,0.7332167373991729,0.753830103765796,0.03790528474955143
2026-04-06,0.7412897162487504,0.7324617821040107,0.7623175173686607,0.7459400421672273,0.027823878794626604
2026-04-07,0.7343804164481864,0.7279161036540904,0.7558644900433391,0.7448917123045293,0.02953181940810462
2026-04-08,0.7872804463550425,0.7893787355721782,0.8084041118211596,0.7924307128170367,0.09602142847966563
2026-04-09,0.7780192839186681,0.7771751243884844,0.7930795845828409,0.7925189932264618,0.04713383378796767
2026-04-10,0.7877193106746241,0.7734017855935018,0.803199875248026,0.789969896402319,0.04664796742048895
2026-04-13,0.7769277495854023,0.7986592595598179,0.8040870252392576,0.8168292109909425,0.06877103129911229
2026-04-14,0.841294516457803,0.8523973834882048,0.8593728565442993,0.8509385542091381,0.10480470707131263
2026-04-15,0.8455818832722541,0.8390601035060141,0.8622772839043538,0.8443616637018754,0.07532932798335053
2026-04-16,0.8459194712103588,0.8350589195113458,0.8260680027306799,0.8182637676452076,0.07059150997126597
2026-04-17,0.8281060810077208,0.8449840786980696,0.8540160527751586,0.8482680718219251,0.0838622650639557
2026-04-20,0.8397866236674809,0.8368372235089268,0.8640289813393993,0.8441630327804472,0.043843080493831385
2026-04-21,0.8407206169630699,0.8487629746930963,0.8588305084157601,0.8380165092694638,0.04691569494820594
2026-04-22,0.846605900017944,0.8406383483039064,0.8677697029586828,0.8596672796977987,0.03635998475511838
2026-04-23,0.8481588045334296,0.8423944235015339,0.8603221635412988,0.8497357336297244,0.035328557174729464
2026-04-24,0.8456381479286803,0.835870270710189,0.8611302046161706,0.8403559401210003,0.020519439365196276
2026-04-27,0.8309924578789012,0.8351700635112227,0.8593333020860627,0.8534766159821026,0.034797641325619535
2026-04-28,0.8548317927773657,0.8446061890986452,0.8672611456388859,0.8456417296395355,0.025535176707876375
2026-04-29,0.8401692233307494,0.831991345115374,0.8485688388157786,0.8341873465076604,0.023268742425734727
2026-04-30,0.8311668783136414,0.8450841082979699,0.8510325164986305,0.8631212507193238,0.038271418844557877
2026-05-01,0.8636653438254212,0.8598773746781991,0.8816476671538569,0.8587955106540615,0.029526081166147793
2026-05-04,0.8469209820935237,0.8462844634963256,0.8695496535781992,0.8483894573849953,0.025548451745239183
2026-05-05,0.8469209820935237,0.8423610803016046,0.8668769023305116,0.8447037502886188,0.0355669083294436
2026-05-06,0.8590178832103401,0.8608109842770071,0.8864620097817901,0.8719161865151641,0.0459465315753187
2026-05-07,0.8701245263752544,0.859890823102192,0.8792743996612444,0.8654827516732166,0.03005040231927749
2026-05-08,0.8686616453099829,0.8648788546715345,0.8888917836433448,0.8843416541513793,0.031217492216974056
2026-05-11,0.8795544827806812,0.8700470506647411,0.8940169113000049,0.8804683511848637,0.039498888750904626
2026-05-12,0.8691905330796652,0.8771324806552903,0.8934122931531427,0.892805538411654,0.030666107116704706
2026-05-13,0.8824127273236486,0.8791942018525511,0.8995375835389183,0.8945711466014845,0.05968242684812072
2026-05-14,0.8975591728148968,0.8936206930333326,0.9221231791773166,0.9055289524300114,0.032196676101935155
2026-05-15,0.891392566478231,0.8810169634500378,0.9035834395502167,0.8811083841537495,0.028276086518985444
2026-05-18,0.8782266368906742,0.8791496331086017,0.9032003263692074,0.8855003345260803,0.028422368866183337
2026-05-19,0.8688191863477728,0.8635117834734196,0.8538804374898568,0.8307885507421369,0.07691787890596563
2026-05-20,0.8279035282448806,0.8282902499202944,0.8472917948792333,0.8476390739043285,0.05407256734940326
2026-05-21,0.8400341881554847,0.8428056563009996,0.8641645966247011,0.8610797662497074,0.04268789530706017
2026-05-22,0.8646781076398486,0.8590549090793795,0.8868462530901644,0.8712871885974565,0.02779612968426822
2026-05-26,0.8722400774542101,0.8640119314726973,0.8935413536995902,0.8761426111197124,0.032629271029157976
2026-05-27,0.8759985564988657,0.8646232234719635,0.888564046703799,0.8683518649818576,0.03330698309787985
2026-05-28,0.8468984762309983,0.8393768639056238,0.8640289813393993,0.8420332679014058,0.06165338449218699
2026-05-29,0.832145883334168,0.837404057908175,0.8583783444521234,0.8424636348976853,0.08150950021625464
2026-06-01,0.8313019134887929,0.8293238891190029,0.8304754995028212,0.8136069760443798,0.06668941979522183
2026-06-02,0.8044074077502086,0.8102849219442869,0.821084140996148,0.8116537719842993,0.051512026755623684
2026-06-03,0.7862789354718778,0.7716734963957594,0.794805854151942,0.7806563132007742,0.05710287297502151
2026-06-04,0.7825992269461737,0.7986814883597708,0.8035332628242844,0.8156263904115288,0.0768923565760681
2026-06-05,0.8050309321519866,0.7899056687619757,0.8096524069789988,0.7921989767420743,0.051195823930181864
2026-06-08,0.7939848613143754,0.7821367037305047,0.8091722937801684,0.7912777961396229,0.03471807674684504
2026-06-09,0.79781024240363,0.7908334732189715,0.8058560573480953,0.8103562233156938,0.051081744254264067
2026-06-10,0.7993834020823471,0.7991613565980302,0.8187796725990941,0.8089356074468532,0.03764261030057254
2026-06-11,0.8066719980038859,0.8011622842823947,0.8203253779473174,0.8154837587172905,0.06131105981903126
2026-06-12,0.8236259059083344,0.8228818512696578,0.8446833936929048,0.8325977405122302,0.036234000368275225
2026-06-15,0.8480947636449283,0.8436177219651664,0.866080484052713,0.8446618768359002,0.035695804659966336
2026-06-16,0.8489662262007645,0.840118781325597,0.8634491818384789,0.8550501303767977,0.02880417606981813
2026-06-17,0.8469177233097731,0.8611565797124727,0.8692346368149155,0.8607658895365862,0.056129256041212564
2026-06-18,0.8749969259205452,0.8620676166190411,0.8718545727128895,0.8526750382210795,0.07758805417928151
2026-06-22,0.8460575784494673,0.8477984312051234,0.8678593125474328,0.8545063008645071,0.059762847880918624
2026-06-23,0.8471101241337888,0.8324393550134097,0.8301799741449023,0.8140964385328759,0.11382710762629485
2026-06-24,0.8066267272217644,0.7938348647455182,0.7856127617518591,0.7777708468241615,0.12343986193961141
2026-06-25,0.7858474382280611,0.7793085768917103,0.7811797847472224,0.7659175831685223,0.08603037842421024
2026-06-26,0.7607221541507074,0.7586733114987674,0.7772584056374567,0.7579155203448185,0.11825737299857399
2026-06-29,0.7566591014553157,0.7462876809162209,0.7596758510145687,0.7417782119597067,0.06496435010127569
2026-06-30,0.7358345416794909,0.7427441385925142,0.7630505103122189,0.7544194734800933,0.06594439044026018
2026-07-01,0.7467108470841473,0.7615349734384171,0.7709273674805308,0.775306966176641,0.07219187995940407
2026-07-02,0.7784909361333405,0.7788279071127846,0.7998887413114955,0.7923432580412535,0.04354160867759216
2026-07-06,0.7900689386608779,0.7902969116052871,0.8085839732505409,0.809523831205045,0.04167411067955344
2026-07-07,0.8054270514955484,0.7977975958299157,0.8235818275558617,0.8075482872624384,0.028759297878991612
2026-07-08,0.7934642473199798,0.7841599881487726,0.8003433939619031,0.7863611334060574,0.04514086527549985
