Date,Open,High,Low,Close,Volume
2019-01-02,0.0,0.0,0.0,0.004293830963292944,0.16741683663808998
2019-01-03,0.00318346556956578,0.0008329324072560151,0.0001925552581819867,0.0,0.24431129100443927
2019-01-04,0.0025666691153991283,0.0028061889435392062,0.0016215179633188859,0.005758086683498725,0.2321558265771284
2019-01-07,0.004994061612154516,0.003986176520604123,0.0037396258028719875,0.006510001782989883,0.17617196548021435
2019-01-08,0.008107888872453478,0.003946513072566382,0.004388232988244423,0.008043512841355738,0.19079978275197645
2019-01-09,0.008605305367656857,0.006068507538799006,0.00817853122742107,0.009379151505072514,0.13809264483140515
2019-01-10,0.007610472377140021,0.00575119995504586,0.006232709671528114,0.010111279365120657,0.1880955912237074
2019-01-11,0.009490706729215731,0.006098255124745017,0.009587224958036156,0.009982662308631651,0.13791460528234234
2019-01-14,0.008923651924635428,0.0055033034052764385,0.008421758921907663,0.00848872572926132,0.102546384221907
2019-01-15,0.009490706729215731,0.0061874978826927385,0.009354131750810457,0.010497130534587756,0.11913943992588698
2019-01-16,0.010903369575663735,0.006306488226586443,0.009779780216218115,0.009656172857493567,0.09540041471387496
2019-01-17,0.009321585120776105,0.006494889604463899,0.00993179752524423,0.010922556183050353,0.10189147919046328
2019-01-18,0.011997685865243274,0.008983770964359677,0.012080308826692254,0.013029897185810796,0.1645137767128666
2019-01-22,0.012435412381075095,0.010371991643156275,0.011097263561372694,0.011852556437747547,0.2896373760382631
2019-01-23,0.012435412381075095,0.009667965441775977,0.010286504579713196,0.011545854226161972,0.17548356682402044
2019-01-24,0.011828564256803675,0.00722866339179018,0.009171710980001552,0.009784789913982628,0.15185507057368403
2019-01-25,0.011470424380244038,0.007159252357916174,0.009009559183602384,0.008557981067311815,0.17890912729534691
2019-01-28,0.008137733862139257,0.005642125473134113,0.007560327503943587,0.010239896421609718,0.1523803971443754
2019-01-29,0.009769259966503185,0.005394228923364719,0.0088372729000544,0.009784789913982628,0.1143918232851238
2019-01-30,0.009928433245047524,0.007010514427966741,0.009597359445297077,0.010813726366004306,0.10952886297412713
2019-01-31,0.010585023018685163,0.009697713027721988,0.010002738936182892,0.01405883363783253,0.3974801490089498
2019-02-01,0.013430245371481825,0.009816703371615693,0.009648031881713898,0.0097452154350966,0.3046115383234578
2019-02-04,0.010147296502853342,0.006038759952853023,0.008158262252899201,0.0106455348306293,0.11374225630012465
2019-02-05,0.010933214565349514,0.0073575695976658695,0.009921663037983308,0.011070960478982372,0.1602393621892773
2019-02-06,0.011699235968055194,0.00709975718591449,0.010772959968798623,0.011061066859260893,0.11253659047669488
2019-02-07,0.01009037330611709,0.005525973992445615,0.007076324656063421,0.009102130152541937,0.2075604112472848
2019-02-08,0.00785587133581958,0.003925167288262865,0.00654789440716208,0.007812452688621269,0.15387201478911
2019-02-11,0.00867385866423992,0.004352711936007475,0.007574268544351975,0.008774750488625305,0.1918559832749585
2019-02-12,0.010080397850896455,0.008160842170041677,0.010114798587077756,0.011929499977425956,0.16199045075824858
2019-02-13,0.012245071634539612,0.00891650247751491,0.012187871101903391,0.01282235360631942,0.12135786922770085
2019-02-14,0.012015636164355442,0.00995056395103791,0.012025277179121413,0.013854095577434083,0.09079629732165091
2019-02-15,0.015157904560058777,0.012635146622532234,0.014972292028633954,0.016463212293003793,0.21895609373065283
2019-02-19,0.01667417375414204,0.014971727836628923,0.017482335710859137,0.018100110612696563,0.1459629139746602
2019-02-20,0.01823034476910776,0.014444754201087762,0.016008828286102866,0.01709813042920072,0.13000016642144796
2019-02-21,0.016604345567597767,0.012108172986991073,0.015266993513585209,0.015233058404320765,0.11219799086398584
2019-02-22,0.015177855470500018,0.01197891530285558,0.015185696552250272,0.016284641567290842,0.10455453636083605
2019-02-25,0.017372455619915073,0.014464639998647083,0.01752298419152659,0.017038606853853555,0.13088021141175943
2019-02-26,0.016893633769105576,0.014285667820613301,0.01709617514429393,0.017594160222957428,0.14030877144651743
2019-02-27,0.016514566470612307,0.01423595332671504,0.01742136298974578,0.018030666441585935,0.09829614790868425
2019-02-28,0.01848970660495372,0.0150612139256458,0.018508709848049004,0.018715187557038077,0.15825905162592185
2019-03-01,0.01975658941852171,0.015936189018584596,0.016730338818174623,0.019409629268472672,0.17112876760103063
2019-03-04,0.020424944918522814,0.016443276856566436,0.016831960019843273,0.018387807893121416,0.19898143793783102
2019-03-05,0.01890867572443955,0.016970250492107625,0.01991108243163725,0.019786611911754015,0.1692124089274326
2019-03-06,0.02049477310506706,0.01726853745560697,0.01923022038012079,0.01920129675503135,0.1509023862846956
2019-03-07,0.018130590216901638,0.014762926962146428,0.017187634225907883,0.016780671361157018,0.28632035584464277
2019-03-08,0.02546254980680271,0.02401976572951628,0.024860034954695187,0.027723088613065605,0.6530385992045056
2019-03-11,0.027507518127798503,0.025222856482293388,0.02820337249093982,0.02957824004207263,0.3354438852520976
2019-03-12,0.030290670135449754,0.028692928157709657,0.031089414619339006,0.03282227489372977,0.22018687977264528
2019-03-13,0.034211024038580895,0.032719802165006,0.0341888612714667,0.036215118683481096,0.1965235292190532
2019-03-14,0.03608640962082632,0.03165591199514406,0.034524211237085406,0.033695287330877316,0.1838664977611082
2019-03-15,0.034131220396816014,0.030930080384009795,0.034422590035416784,0.03345719302981717,0.4741650588854556
2019-03-18,0.03354266853857982,0.031954198958643404,0.03473761576070175,0.03642345119692239,0.12474627270907009
2019-03-19,0.03747299789693154,0.033316376092004774,0.03758300940843348,0.036879798607296815,0.13698526186310173
2019-03-20,0.03698420059101157,0.03375386363852903,0.037064741279699054,0.03681035443607669,0.10005058584013053
2019-03-21,0.036635059658069985,0.03510609787300095,0.03784722453288414,0.03935002698053586,0.11235708558154929
2019-03-22,0.03969752441200847,0.035593299913423526,0.038202898738836616,0.037385748996926454,0.13921080856017504
2019-03-25,0.03688444603869534,0.033346204788343686,0.03707490339986591,0.03680043384020376,0.0851512608727371
2019-03-26,0.037951819747741034,0.03550381382440662,0.03867035626673673,0.03888375897439797,0.06797353208171147
2019-03-27,0.038660077068624565,0.035464042229288006,0.03948332588042244,0.03922105923418756,0.08453539684764284
2019-03-28,0.03992695988219258,0.03719410661749656,0.040926346944565956,0.04101668708784742,0.08928939821062402
2019-03-29,0.041602836359805606,0.037681308657919105,0.04213563924487157,0.041929381908486746,0.14908671782050287
2019-04-01,0.04300937554646214,0.03964005971827919,0.043974982995859335,0.04396310406320675,0.1116411593525138
2019-04-02,0.04393709288230918,0.03942131594501705,0.04166818171708361,0.04030240418477643,0.10788568667739788
2019-04-03,0.04163276272557753,0.03878497042289969,0.04238969224915534,0.04226668216827634,0.11725741221765791
2019-04-04,0.04211158457627692,0.0399880611756768,0.04262342101310543,0.04417143657664807,0.08126715174506495
2019-04-05,0.044894736583928174,0.04230475659221419,0.045428166180281865,0.04562976417051831,0.11226916481658002
2019-04-08,0.045922208471981335,0.042046241223833436,0.04663745848058748,0.04627460290247867,0.07332685999256651
2019-04-09,0.04504436841223733,0.040902807863734236,0.045428166180281865,0.044677386966387206,0.09489099761493992
2019-04-10,0.04521395115109783,0.041887154843358976,0.046139514592186764,0.04537182867771228,0.10603516390994945
2019-04-11,0.04355802558381591,0.0394113730462374,0.04228807104748672,0.04103652827959331,0.22779893400259177
2019-04-12,0.04145320453149645,0.037959709823859156,0.04226774680715298,0.04174089058679131,0.1720767418490386
2019-04-15,0.042311093680799244,0.041966698033596206,0.04334493154528937,0.04608611158078324,0.13775278920776796
2019-04-16,0.04658058851687194,0.04203629832505379,0.04567205706428662,0.04510397258903326,0.08550859598179077
2019-04-17,0.04623144758393036,0.04167835396887648,0.04574319190556686,0.04532222569834757,0.08577036959272903
2019-04-18,0.04672024488996046,0.0424638429727984,0.04612935247201991,0.04557024059528067,0.08598807815360533
2019-04-22,0.045124172054112344,0.040992293952860887,0.043954658755525594,0.04319921818066155,0.07918070825828231
2019-04-23,0.04458549747197918,0.041747954260334064,0.043598984549460984,0.04534206689009343,0.10268381275096015
2019-04-24,0.04561296936003234,0.04390556329639697,0.04704394328737427,0.04770316870873009,0.06414489677003184
2019-04-25,0.04614166848694487,0.0423644139848921,0.04535703133900165,0.04536190808183935,0.07689026766325553
2019-04-26,0.045553116628708645,0.04111160873821673,0.043446552746957995,0.043596042015798336,0.13600065396302324
2019-04-29,0.04493463840481063,0.04097240815519182,0.04489973593138055,0.04405238942606324,0.0927486616418554
2019-04-30,0.04470520293462649,0.04101217975042018,0.04442211628331358,0.04529246391072872,0.09252582436968924
2019-05-01,0.04527380388242147,0.04068406409047212,0.04292828461822354,0.04138374913525583,0.08444527806354933
2019-05-02,0.041702590912121806,0.03812873910322301,0.04177996503891912,0.04247501468171766,0.0726459974019414
2019-05-03,0.043208884650984436,0.04010737596103267,0.04411725267819541,0.044389689685962325,0.03791970259335903
2019-05-06,0.04278991553160871,0.04005766146713438,0.043446552746957995,0.04400278644669853,0.06820076539212609
2019-05-07,0.04166268909123935,0.03797959562141848,0.03954429860142364,0.03998494511662323,0.12890921626278762
2019-05-08,0.039507990762706724,0.03828782548369747,0.03951381224092304,0.04113573423832273,0.11181700088245235
2019-05-09,0.04124621188943145,0.03993991283028292,0.042167307645333774,0.04389365989209615,0.14400029223187594
2019-05-10,0.04352668773241128,0.04441619303926719,0.04203484739110869,0.047424873726324646,0.1562593775607577
2019-05-13,0.044706934002100934,0.04080725442972058,0.04268695941177972,0.04235186230249571,0.1485447491050137
2019-05-14,0.042876552075376995,0.040966765528571175,0.04384853394855445,0.04315757588158922,0.11425491809395737
2019-05-15,0.04269651450891865,0.04127581828236096,0.04325755742982482,0.04508730963887295,0.06816025903969382
2019-05-16,0.04621724914366751,0.04559258739271413,0.04731287905830625,0.04784265113773484,0.13161497780471687
2019-05-17,0.04646730131947538,0.04591160959019583,0.04770007057052711,0.04874783552903242,0.1181243737608013
2019-05-20,0.04773756637239418,0.04580194570980464,0.04928959362089175,0.04929492499626406,0.11062441850619063
2019-05-21,0.049697975430436886,0.046689226196735795,0.05025757240149997,0.05031947436225026,0.10054472147277331
2019-05-22,0.05159837196618003,0.04686867618275062,0.0513172544350764,0.04990169695094954,0.07313259696901538
2019-05-23,0.04921787525292107,0.04578200682242087,0.04932016137180634,0.048926882991065374,0.13389348629592646
2019-05-24,0.049697975430436886,0.04542310685028139,0.04890240210855873,0.04770339200056162,0.08340404500412756
2019-05-28,0.04916786481778154,0.04606115124535454,0.04826047933822997,0.046718630959435126,0.27428756181797953
2019-05-29,0.04471693608904073,0.04064774333097973,0.0408936513549063,0.04112837131199193,0.2147051247443887
2019-05-30,0.0427365228570083,0.03946137953395065,0.04276847341429349,0.04197387321605467,0.15560656588086086
2019-05-31,0.03956586126823622,0.03655030198151871,0.034922750665892954,0.04002424529628634,0.367897009615915
2019-06-03,0.04036602823068916,0.037427613024757944,0.04004794357818092,0.04150636039854244,0.20607695767358308
2019-06-04,0.04358670025460076,0.04169453491665173,0.04455159222082464,0.04602233527389743,0.1274894005761113
2019-06-05,0.0466873472341334,0.04462555135646745,0.04711928330213974,0.0483598993613491,0.13417682142779763
2019-06-06,0.04858774376998662,0.047795834444339574,0.049890759389851436,0.051592700758856025,0.09882482384185064
2019-06-07,0.05174840327170874,0.0524415951958663,0.053232833495720444,0.056367299745963356,0.18076467410650787
2019-06-10,0.056989496875742424,0.054659796413029565,0.05841916191006197,0.057202854568783795,0.13567471912717288
2019-06-11,0.059500020720540364,0.05545236718499755,0.058521054413260276,0.057461478680536165,0.11198289899254317
2019-06-12,0.05816974314543208,0.054585025585559915,0.05807272739898589,0.05758084365522484,0.055273482249477895
2019-06-13,0.05829977027686098,0.05570160327685561,0.05988641395643163,0.06004771979860743,0.07169310377779826
2019-06-14,0.06059024820689077,0.05702753928535151,0.06127215200039965,0.060485391372392755,0.0779258486735007
2019-06-17,0.061720484041330764,0.05807433087102351,0.06282091804939521,0.06175861776899852,0.06790057878030244
2019-06-18,0.06420100162497885,0.060018372387208724,0.06447157660170127,0.06306168540922166,0.23232078267902317
2019-06-19,0.06290073031091029,0.05991947550596968,0.06334056981584119,0.06397681688176152,0.11355469200152356
2019-06-20,0.06559129172227665,0.06359740266567973,0.0670188891823319,0.06764728985316329,0.12576092020384638
2019-06-21,0.06736166112670097,0.064743888688051,0.06848614122881369,0.06643374594390186,0.2533648271095724
2019-06-24,0.06790177382629617,0.06377685265180436,0.06902617149594414,0.06707035914220469,0.10911898474124658
2019-06-25,0.06730164860451152,0.0628895721648732,0.06784421845848487,0.0666625288120368,0.0668681377973776
2019-06-26,0.06704159434165377,0.06263036662943303,0.06680491492559298,0.06472284797351077,0.08276818947176053
2019-06-27,0.06549127085188741,0.06229140554456761,0.06542936613207939,0.0658866564765607,0.06063110153100405
2019-06-28,0.0660913960737822,0.062201680551450395,0.06580636839395798,0.0645736417550952,0.14748823457929966
2019-07-01,0.06702159016766399,0.06280981661555765,0.06425760234496242,0.0638673989883152,0.14829260491119112
2019-07-02,0.0645110663228661,0.061384186170362426,0.06408438508948044,0.06577723858311432,0.06885127438532133
2019-07-03,0.06573132094064535,0.06496321644883338,0.06762005495140377,0.0694278173920315,0.04635632799762447
2019-07-05,0.06879195957208836,0.06441489704687745,0.06877144023783621,0.06854252716321854,0.056297549826215196
2019-07-08,0.06892198670351726,0.06549159696351534,0.06987187927278171,0.06968644150389339,0.07247455191025133
2019-07-09,0.06995220166767815,0.06657826632384509,0.07103345380955639,0.07025342513360963,0.0896887050181928
2019-07-10,0.07064234567280206,0.06732597459930942,0.07189954008696631,0.07169575191100605,0.07466932633958538
2019-07-11,0.07292282151578192,0.07254996308375802,0.07441628491668228,0.07678865749721006,0.15093556590671375
2019-07-12,0.07709369180756506,0.07577009339008947,0.07869577005224487,0.0796733110520029,0.15730479732327324
2019-07-15,0.08053440974613471,0.0764679544472042,0.08164046339543857,0.08080727831143544,0.10722669961043775
2019-07-16,0.0815946309714454,0.07713590717324317,0.08253711742387526,0.08087690788002203,0.08746378632658357
2019-07-17,0.08164464140658498,0.07861138483678806,0.08298544443803751,0.08178209227131958,0.12279066369396792
2019-07-18,0.08279488141512484,0.07882074315398832,0.08193595165480339,0.08312494823640246,0.1206592131489272
2019-07-19,0.08366506298681711,0.08006692361305887,0.0841368297245822,0.0817323568652176,0.11137017499476924
2019-07-22,0.08181467688610347,0.0780830043222159,0.08206841190902847,0.0803994479812675,0.09609540742744156
2019-07-23,0.08244480836903792,0.07784373767404976,0.08176273439932141,0.08032981841268091,0.06010483295211658
2019-07-24,0.08042438678880567,0.07700630440546821,0.08175254514897912,0.08105595534205498,0.07471035602990438
2019-07-25,0.08179467271200361,0.07770416546258288,0.08208879040971301,0.08003140597606881,0.11059040154355369
2019-07-26,0.08039438052776601,0.07753468492015017,0.08186462690251967,0.08159309772804438,0.09463393404498215
2019-07-29,0.08160463305838525,0.07706612106750979,0.08229257541610963,0.08035965965640782,0.07470951868928562
2019-07-30,0.08086447861812177,0.07633835167942923,0.08184424840194732,0.07973299353934724,0.04548716843535683
2019-07-31,0.07961421773930286,0.07549094896726558,0.07525180344317756,0.07588347310591251,0.1405969212869465
2019-08-01,0.0763435352802517,0.07669725165167843,0.07696359749731285,0.0748290824963089,0.21886283491923902
2019-08-02,0.07489323266076445,0.0707255548916558,0.07308149312442558,0.07277003668309426,0.14921242358089343
2019-08-05,0.07068235402089171,0.06634896911937085,0.06514406712294468,0.06540919657791563,0.29162260597775375
2019-08-06,0.06706159851575363,0.06602994692177941,0.06650942666622822,0.06959691777282215,0.19255108065610244
2019-08-07,0.0687719553979885,0.07064579934234025,0.06604072115138138,0.07456051130320476,0.2610292151281911
2019-08-08,0.0736329696948956,0.07062586045495647,0.07359095564052925,0.0750578653644439,0.15732510283327805
2019-08-09,0.07517329109772211,0.07125393540633776,0.0745181774198806,0.07420241637924832,0.07752580919289052
2019-08-12,0.0746231763109669,0.0707654326664233,0.07185878308570948,0.07158633401755968,0.114614974560022
2019-08-13,0.07177258150724206,0.07393571575429539,0.07258221985855201,0.07651013922297309,0.12557544925679215
2019-08-14,0.07459317004992719,0.07114427152594652,0.07053418054368282,0.06844305635101447,0.1652236322224161
2019-08-15,0.07112244585020774,0.0687615744881965,0.07131875281857897,0.07179522272321007,0.1159229006065172
2019-08-16,0.07469319092020629,0.0718521020267531,0.07607713271921845,0.07436156967879667,0.07693307670238937
2019-08-19,0.07700367302433594,0.07315809914786522,0.07720813950507854,0.07586357894353743,0.08072622970534925
2019-08-20,0.07687364589290704,0.07214121589326891,0.07547596695025871,0.07323754950060649,0.0886868269678525
2019-08-21,0.07600346432121471,0.07232066587928374,0.07736097825987598,0.07593320851201454,0.1191918783821365
2019-08-22,0.07760379824612054,0.07675706831371995,0.07957204557999703,0.08015077095064796,0.18862353448383234
2019-08-23,0.07880404868979998,0.07589969615786449,0.07532312819534909,0.07427204594783496,0.15086240327015005
2019-08-26,0.0763435352802517,0.07430458517023655,0.07836971404185328,0.07869849709211871,0.09241498140528155
2019-08-27,0.0815946309714454,0.0891690256862959,0.08310771544192036,0.09254483415479572,0.48490751101861757
2019-08-28,0.09434729193555283,0.09565913351719882,0.09541632983181991,0.09464366829297963,0.4827293787340812
2019-08-29,0.09873020094141086,0.0940964654933715,0.09641655710695052,0.09735922146687234,0.21677911278946732
2019-08-30,0.0992514494021087,0.09464598666098742,0.09648803818353047,0.09555485373555236,0.13165496081926242
2019-09-03,0.09380841259176456,0.09036971284794107,0.09406789316386144,0.09285328657971323,0.13601174872622174
2019-09-04,0.09524184585849091,0.09266771045781161,0.0974479269255033,0.0969106217546675,0.08713628147707304
2019-09-05,0.09968248178301323,0.09607474169665711,0.10041949739262657,0.09775797676657347,0.1383862373858561
2019-09-06,0.10045433046513899,0.10100044961672625,0.10206356215284496,0.10452684797986764,0.25900201349018537
2019-09-09,0.10576705516033622,0.10369809898477314,0.10198186949389637,0.09978165991280022,0.29867960804504307
2019-09-10,0.09862996085286171,0.0946160127790995,0.09827506509679679,0.09778788341407565,0.22832237655689097
2019-09-11,0.09554256612424847,0.09210819799623307,0.09136182383809666,0.09149751856059798,0.440767204968528
2019-09-12,0.0915730586162046,0.0891208011034891,0.09225023150348943,0.09070000796108632,0.25110285609558325
2019-09-13,0.09143272249219173,0.09043965190567957,0.09344498663982714,0.0927037533423116,0.18450402797471271
2019-09-16,0.0918036108199006,0.08775199383159529,0.0919030377032945,0.08950374206176395,0.1010368684214465
2019-09-17,0.09079118592521282,0.08816163688384401,0.09226044308585796,0.0922152781001038,0.12899849770626237
2019-09-18,0.0919339229351577,0.0899400872078768,0.09237277049191228,0.09323210411441288,0.11971406492550755
2019-09-19,0.09072101786315137,0.086133404210855,0.08819623330608262,0.08864641816735727,0.26287722587378326
2019-09-20,0.08997924120762338,0.0857837089223821,0.08965648958377892,0.08718099244073399,0.3066533934222917
2019-09-23,0.08758350309031862,0.08450482329604228,0.08925823787162895,0.08838722722255707,0.15852124390716948
2019-09-24,0.09053056169491899,0.08899091428208458,0.08992199072513746,0.08872616922725371,0.20431561168203205
2019-09-25,0.08948806477352331,0.08605347385915388,0.09040193509612382,0.0893243021769696,0.13656920824315788
2019-09-26,0.0906608738100659,0.08618336068055846,0.09012622237239676,0.08907508011456064,0.1410642620197891
2019-09-27,0.09076111389861505,0.085903604449824,0.08787967425288118,0.0867722682585321,0.10418076844213929
2019-09-30,0.08892672027747187,0.08499439669988237,0.09009558762529102,0.08892554687715906,0.17118539276037392
2019-10-01,0.08926753657869321,0.08505434446354845,0.08663386120481276,0.08475855399480611,0.22094226567833958
2019-10-02,0.08444598831748593,0.08216686051043096,0.08565354929810282,0.08593488212901743,0.20543953212755584
2019-10-03,0.08661117423109457,0.08723244654597709,0.0850204311917,0.08981277741906793,0.3573965489215733
2019-10-04,0.08907708041035065,0.0883214975871365,0.08677682335786058,0.09247446904490406,0.41794956843987846
2019-10-07,0.09227473923626886,0.09205824152652961,0.0941087394933357,0.09420905459882842,0.1578322172455115
2019-10-08,0.09418932492833945,0.09194833729294052,0.0940576815814928,0.09269378445981089,0.17594410416433565
2019-10-09,0.09434970907008414,0.09493573418568449,0.09677396248962611,0.0976881945891778,0.18250351656892982
2019-10-10,0.09988296196022164,0.09584494193562612,0.09999061093348305,0.09792744776897652,0.12329034670820992
2019-10-11,0.09932161746406007,0.09712382756196594,0.10111388499324081,0.09838601636368208,0.14109953499335415
2019-10-14,0.0992514494021087,0.09670419321586435,0.10125684714628863,0.09830626530378564,0.08053751406339736
2019-10-15,0.09957221768559812,0.09600480263891861,0.10098113442256151,0.09917355808069309,0.11076749908442036
2019-10-16,0.09804856833896833,0.09533538594397054,0.09878564421477665,0.09956234449800297,0.13440238005697475
2019-10-17,0.1001034901550518,0.09897221694373723,0.10263541076503635,0.1031710799607524,0.1327432942884892
2019-10-18,0.10326105294561636,0.10036100680355634,0.10481047780808406,0.103629648555458,0.13143285622013767
2019-10-21,0.10426345383154831,0.09987143339971624,0.10398333963679052,0.10185518747153069,0.08156880370297141
2019-10-22,0.10287011660017556,0.1012402406717198,0.10375868482479411,0.10074864151471505,0.1493781123558296
2019-10-23,0.10083524280182396,0.09641444569116728,0.10093007651071867,0.09810688765388034,0.13261151780861263
2019-10-24,0.09629436678875256,0.09464598666098742,0.09825464193205963,0.09783772782657937,0.16468804822914496
2019-10-25,0.0967654952051207,0.09361688338360377,0.09881627896188244,0.09728943928936715,0.11959788391465533
2019-10-28,0.09694592736459726,0.09545528147141244,0.09891839478556813,0.09972184661790526,0.11208023983947345
2019-10-29,0.09946195358807289,0.09530541206208262,0.09953108972723379,0.09665143080975777,0.07867924589522544
2019-10-30,0.09816885644535941,0.09661427157020061,0.09969447504501877,0.10061904604231489,0.0754320389756938
2019-10-31,0.10026661553985608,0.09663974060969568,0.09890246408462872,0.09854551848358442,0.18147923965703783
2019-11-01,0.09989491580414508,0.09543816233031852,0.09987468673809352,0.09752646791637462,0.08592182357714635
2019-11-04,0.09906110288347539,0.09523789928377388,0.09953696729004902,0.09825578842034635,0.11597450172214797
2019-11-05,0.09899078131188713,0.09670983267595887,0.10019193834085965,0.10061359169359077,0.17384876393347876
2019-11-06,0.10188401168715674,0.09867241053231515,0.10236152994652287,0.10300136704242183,0.1184237230320062
2019-11-07,0.10586220345329003,0.10412957855112129,0.1070179647605034,0.106637978870637,0.1942431367114515
2019-11-08,0.10466673673562901,0.10131588274692307,0.10578989404033151,0.1040503896851088,0.1003385263454049
2019-11-11,0.10347127001807813,0.09935330489056679,0.10417293425875129,0.10227204653834063,0.06461956423328855
2019-11-12,0.10274796242420567,0.09975383098376564,0.10310860630125401,0.10193236301590083,0.10439470897023119
2019-11-13,0.1020949764020316,0.10102550132940599,0.10398872365068618,0.10433012905659425,0.10585115830897805
2019-11-14,0.10632431663824879,0.10291798711938946,0.10680305238446491,0.10601855597682133,0.0830931822994148
2019-11-15,0.10724854300805622,0.10246739526463675,0.10611737956568074,0.10508942163604304,0.12178533161357526
2019-11-18,0.10503843647133995,0.10340863158345112,0.1072942806724888,0.10596860251761966,0.07315457716025768
2019-11-19,0.10643482196504603,0.10166634307834868,0.10596387072570135,0.10367074339532964,0.12751138076735358
2019-11-20,0.10436535857161641,0.1001944096861637,0.10244340132786023,0.10200229785882695,0.15032378391713597
2019-11-21,0.10260731928102915,0.0988926998834593,0.10398872365068618,0.10170257710372657,0.07949094295753102
2019-11-22,0.10386306163144862,0.09896279194983224,0.10164515535965318,0.10074347068747116,0.07682736244927156
2019-11-25,0.10220548172893892,0.09765106899477324,0.1019726408851146,0.10048371269971026,0.11194668401078202
2019-11-26,0.10117075003211404,0.09837201596244341,0.10327234906392863,0.10267167421184428,0.2948518100739822
2019-11-27,0.10374251036582163,0.09981390989767416,0.10506328553087868,0.10219212100366185,0.14271570705512854
2019-11-29,0.102737916485486,0.09791141095533604,0.10413199856808258,0.10124300527926858,0.045847434236576154
2019-12-02,0.1016630010335621,0.09722050344472985,0.09861591424994809,0.09882525785506976,0.2264346967994853
2019-12-03,0.097021777306425,0.09320522936115436,0.09700918839106304,0.09710685885925605,0.14847640117700783
2019-12-04,0.09793595773751276,0.09417650513692302,0.09951649944477076,0.09795606766535545,0.12549726257651594
2019-12-05,0.0990309650670961,0.09414646567996873,0.09680450993771977,0.09453925105745234,0.14629062815932542
2019-12-06,0.09687108822441873,0.09300496631450009,0.09860568032725286,0.0963875290470371,0.09618657288730852
2019-12-09,0.0968911801019681,0.09420654459387726,0.09890246408462872,0.09659733357559638,0.15100967055147357
2019-12-10,0.0979259117986829,0.09370588697746093,0.09890246408462872,0.097216756469412,0.10704667137740544
2019-12-11,0.09789577398230373,0.09336543979838999,0.0973673756843858,0.09673720326133903,0.12653012222975013
2019-12-12,0.0971624204497116,0.09477729427666651,0.09846240540985651,0.09877530439586821,0.23140661605849744
2019-12-13,0.09652952630508696,0.09201366423402205,0.09332497623054731,0.0933103959616832,0.487826689750752
2019-12-16,0.0949121301577863,0.09147295400829689,0.09716269723104254,0.09493887873084642,0.19537909392836988
2019-12-17,0.09538428928146472,0.09331537403672649,0.09706035800442692,0.09698697055723773,0.20213203668347385
2019-12-18,0.09788572804347398,0.09337545295063496,0.09610860319624043,0.0933103959616832,0.28967861506373677
2019-12-19,0.09393767409383,0.09082209910699954,0.09578111767089115,0.0951486832594057,0.2147694953044555
2019-12-20,0.09573589713962624,0.09203369053873137,0.0970910597724004,0.09626764074501884,0.4524876709443956
2019-12-23,0.09680076665272033,0.09232407195624845,0.09734690783910754,0.09474905558601163,0.08020728785687588
2019-12-24,0.09579617277249483,0.09146294085605197,0.09768462728715205,0.09566819923492761,0.0
2019-12-26,0.09637883722308069,0.09274462435404698,0.09823725911123499,0.09716680301031991,0.058556590148038684
2019-12-27,0.0981167846360084,0.09331537403672649,0.09750041667908693,0.09554831093290936,0.09377147320766456
2019-12-30,0.09608750499778776,0.09262446652612019,0.09799164496722307,0.09657735219198141,0.07278677529346957
2019-12-31,0.0968911801019681,0.09246425608877482,0.09647702441225836,0.09535848778796505,0.10546409760795859
2020-01-02,0.0959468618545011,0.09159311183622362,0.09526942153747686,0.09293074967190404,0.15797906585652566
2020-01-03,0.09191844039443911,0.08991090224513945,0.09356035645186406,0.0931705262759405,0.14475976017308667
2020-01-06,0.09242073733460696,0.08907981060189715,0.09283374794241128,0.09325045181061933,0.22104243254985811
2020-01-07,0.09319427462240806,0.08869931081340751,0.09350918683850018,0.09279087998616128,0.14945619436852847
2020-01-08,0.09286275864190616,0.09249429554583885,0.09475772540406258,0.09612777105938566,0.20429614351264597
2020-01-09,0.10045748837718146,0.09898281825443186,0.10213638364778921,0.1008533682977367,0.28455388114180186
2020-01-10,0.1019141495036461,0.09729059551099298,0.1010618217675967,0.09867539747746487,0.15507956462893197
2020-01-13,0.09882000035222124,0.09767109529948256,0.10120509668499311,0.1013029494303325,0.10430291550490016
2020-01-14,0.10116070409339437,0.09802155563090817,0.10302673491991665,0.10118306112831418,0.09597817974081586
2020-01-15,0.10025656960102627,0.09806160824021701,0.10247410309583371,0.10225206515472565,0.11103680876092743
2020-01-16,0.10331053499724205,0.10108558024331452,0.10548287636026049,0.10446000805036518,0.1271900513049064
2020-01-17,0.10532976869663288,0.10232721113211038,0.10758083050716943,0.10610847220336242,0.20546318700003569
2020-01-21,0.10814263156159457,0.11037778560386088,0.11037469139555767,0.11468048579837845,0.3135504634313988
2020-01-22,0.1153757074998786,0.11059807495511478,0.11492878698292269,0.1133117610168666,0.1753643504534252
2020-01-23,0.11398936794500233,0.1104378645178791,0.11546095096161518,0.1143008395087087,0.10387126641593199
2020-01-24,0.1159985557056735,0.111319021922785,0.11379282156678328,0.11193304554360203,0.15100370449956496
2020-01-27,0.10809240186755573,0.10880572068834879,0.11026211824624693,0.11087403220894335,0.18021338997663505
2020-01-28,0.11247243118577924,0.10874564177444027,0.11379282156678328,0.11227272906604183,0.1076077942595486
2020-01-29,0.11282403904383062,0.10900598373500306,0.11408960532415907,0.11100391120282385,0.1225910626239722
2020-01-30,0.11079475940561004,0.10667291924251185,0.11130086139711837,0.11089401359266779,0.07214463970646189
2020-01-31,0.11050342718031711,0.10621231423540436,0.10914662067538583,0.10694769031749005,0.13537840521571098
2020-02-03,0.10894630666588503,0.10561152509566094,0.10618901702432287,0.10343096679129318,0.23800988417799895
2020-02-04,0.10650514353663434,0.10293801342409878,0.10730451459518403,0.10632826742367443,0.15058963956359062
2020-02-05,0.10894630666588503,0.10662285348084824,0.11000627017953979,0.11037449761714593,0.12436821341970224
2020-02-06,0.11195743944679573,0.10952924500869729,0.1131728753675959,0.11268234743129826,0.14384622155802507
2020-02-07,0.11261179194439516,0.11150596397250914,0.11447530338906087,0.11570585030533317,0.14233597308452317
2020-02-10,0.11639696946884373,0.11464663928052235,0.11804416127462775,0.11586603588812291,0.18766289545896575
2020-02-11,0.11666877742940204,0.11212807857033999,0.11585977412056847,0.11275242862375504,0.15741260492793796
2020-02-12,0.11338694797999613,0.11318165974389297,0.11616743428308834,0.11719757854458399,0.08802857257393377
2020-02-13,0.11749426827248519,0.11650294896736299,0.11900816311737694,0.12028115101213768,0.09364262741995365
2020-02-14,0.1215411867959735,0.11752642782172798,0.12250523363167043,0.12039127860034674,0.059674649209231226
2020-02-18,0.12167205729549344,0.12120894487622139,0.12420761986446732,0.12413561659671676,0.10512267197066126
2020-02-19,0.12477268143789713,0.1222625260497743,0.1274072855550103,0.12510674169206507,0.09108036512656352
2020-02-20,0.12501428851390003,0.12280436779625445,0.12666890116485047,0.12616797117763676,0.09252017232051264
2020-02-21,0.12525589558990288,0.12299501581814384,0.1266894118423892,0.12403550060755528,0.17747947285640014
2020-02-24,0.11814862077008467,0.11771707584361732,0.1187210136322836,0.11569583870639508,0.18387979054343095
2020-02-25,0.11764527269504202,0.11427537734317614,0.10963478349822492,0.1069356896507129,0.24473938139577772
2020-02-26,0.11014538637666413,0.10898740326232678,0.10992193298331826,0.1077566407622094,0.1775135944866144
2020-02-27,0.10453808882045548,0.10266591622067991,0.09794369732123642,0.09518207251759078,0.322553549764252
2020-02-28,0.08769606222901274,0.084935650184749,0.07566910155244305,0.08317816541145559,0.6858872623431073
2020-03-02,0.09694759984863158,0.1071912982139718,0.09628233244351703,0.11121064238992348,0.7347871171377772
2020-03-03,0.11174603325534829,0.11186719180353247,0.10617873433889663,0.1047932074815838,0.48019788870843033
2020-03-04,0.11089034152770963,0.11869038416592934,0.11027061450080339,0.12282409713813178,0.38473132408567373
2020-03-05,0.11842042873064298,0.12224245783690921,0.11865948159977963,0.11783832087552418,0.6137791516211386
2020-03-06,0.11476612170571429,0.11519851513343507,0.10794265260419744,0.11341319415246184,0.590528086654706
2020-03-09,0.09836704142020344,0.10801409494001488,0.09794369732123642,0.10404233756254408,0.48769920464154654
2020-03-10,0.11056819875966914,0.10741204855504907,0.09939995542401736,0.11147094396187476,0.3874696372441571
2020-03-11,0.1034105891323687,0.1054654319105349,0.09916408263265869,0.0994870600536156,0.32261949033797893
2020-03-12,0.08285385374688656,0.0932639585095055,0.08085830296087626,0.08188666915074669,0.7079773545416361
2020-03-13,0.0913000344464591,0.10090994759794539,0.08283758333988489,0.10433267393130949,0.5815889522116102
2020-03-16,0.0842531613955316,0.0971772600115087,0.0841092453451539,0.08522053159131363,0.515169524318308
2020-03-17,0.0914711727919428,0.10486338552556909,0.0910726203575451,0.10905814862185634,0.6936387337860764
2020-03-18,0.10053143814304108,0.11571025456061759,0.10102029894677156,0.10956874016682086,0.6445658634860563
2020-03-19,0.11302453736599186,0.11154610039823934,0.10781958853918949,0.10728609561288763,0.5113975141659717
2020-03-20,0.1105178639521869,0.10568618225161222,0.09181100474770493,0.09246892921008795,0.6319411743095107
2020-03-23,0.09450132820382737,0.09330409493512595,0.08299141342120087,0.08757325733770374,0.5340946783130979
2020-03-24,0.09709860427107833,0.09498982481294235,0.08751401781074758,0.08698257300145387,0.6887764014805439
2020-03-25,0.08664909823285358,0.08833721225956973,0.08380158518263409,0.08289784064173769,0.5333855554765897
2020-03-26,0.0837598802820074,0.09135747829061172,0.08549371607666151,0.09435110980715625,0.5158415948324362
2020-03-27,0.08958865099118193,0.09111665973655961,0.08802678474831804,0.08637186546721834,0.3879785310052054
2020-03-30,0.08995106160529634,0.08930048647544922,0.09060087477505202,0.09316974113454687,0.4032209562911337
2020-03-31,0.0898805928747772,0.08913994077274776,0.08871389244463107,0.08717279338094833,0.5317432165204793
2020-04-01,0.08478671035512966,0.08641066382781096,0.08553473743162682,0.08882470720287941,0.3351667255072897
2020-04-02,0.08682023657833723,0.09040423818116491,0.08750376247197822,0.0935301586956597,0.30950349155337886
2020-04-03,0.09163224417590801,0.08996273749879083,0.09055985341997463,0.09069687620100972,0.2204803676595189
2020-04-06,0.09549795739239422,0.10315758743499734,0.09442611612940416,0.10718597962372609,0.49496805388538084
2020-04-07,0.10908835541898651,0.10768296942828912,0.10842465352557207,0.10569425138447522,0.36559673026861783
2020-04-08,0.10768904777034147,0.10509416997318874,0.10746065168282287,0.10803696553192724,0.35805239596121313
2020-04-09,0.1019911475606868,0.10201369930366114,0.1026406424695257,0.10207005257514282,0.622674744352059
2020-04-13,0.10111532191012138,0.10161233504701725,0.1027226851795684,0.10167960021721587,0.269704587276379
2020-04-14,0.10531324485605639,0.11244916997563312,0.106404351791486,0.11621644185029764,0.39195579427671406
2020-04-15,0.11426277363056156,0.11144575933402354,0.1121165754761469,0.11234195306795206,0.2505479086005034
2020-04-16,0.11737346473448376,0.12035604583088058,0.11746986230455325,0.12364504824962833,0.35549714639550506
2020-04-17,0.12399752540229622,0.11985434051013069,0.11950041937740868,0.12000082624241984,0.3291189282207548
2020-04-20,0.12061502633781576,0.11609155060439633,0.11694684002821343,0.11415405247267293,0.2734656073330942
2020-04-21,0.1137594255555189,0.10957941554086006,0.10445583742856113,0.10339158363266585,0.3442948895950694
2020-04-22,0.10657161504366305,0.1088168234531928,0.10721452355280697,0.11149096715964132,0.2540923714396931
2020-04-23,0.10962190437858457,0.10732174159737554,0.11003474170955685,0.10746630439344398,0.21788199505194494
2020-04-24,0.1099239132235881,0.10851580026076482,0.11077312609971668,0.11262227783777942,0.15459348839974474
2020-04-27,0.11568221520224356,0.11098419043900379,0.11290623656004128,0.11085022482870113,0.18250874994779703
2020-04-28,0.11344734974899687,0.10895730094302916,0.10951171943321697,0.10701578244210772,0.19702195622236712
2020-04-29,0.1075279763863762,0.10635846738149615,0.10627103238770869,0.10915826461112729,0.32699428106824147
2020-04-30,0.10944802502864145,0.10628955327109199,0.1084749114546033,0.10576433257693205,0.34024404501668765
2020-05-01,0.10503859954072828,0.1031919087151145,0.10601822305678199,0.10468058194999721,0.20744956828287708
2020-05-04,0.10626960619865947,0.1039059761290366,0.10590515371624393,0.10725950705303686,0.20242248921060446
2020-05-05,0.10834819121131131,0.10820043789973374,0.10936918714753174,0.11070141876631404,0.20072603711700693
2020-05-06,0.11325203740618153,0.10944754155214168,0.11255568674310634,0.11167478738500983,0.1950030233229716
2020-05-07,0.11266680473266297,0.10827083891240949,0.11048960152153631,0.107771278182444,0.21589498576363947
2020-05-08,0.10919576956603186,0.10556542856967607,0.10963644195231753,0.1087145426169153,0.18795491799975655
2020-05-11,0.10893342388471969,0.11024206726612348,0.1109727159763586,0.11311978822088645,0.1384027748630765
2020-05-12,0.11418033750887105,0.10996046321563999,0.11075685632632204,0.10761072253397677,0.18016775491291293
2020-05-13,0.1081262064041488,0.10478096014318802,0.1059565488709932,0.10490134596658493,0.25239058129965103
2020-05-14,0.10426165271560447,0.10124079493638796,0.10022084959902627,0.10249301124001439,0.3323536796985825
2020-05-15,0.10230415032507137,0.0981733222430016,0.10157768168481002,0.10196117065460356,0.42219059400629494
2020-05-18,0.1049780582296139,0.10155257084957234,0.10575096825199626,0.1055234991043407,0.3606813315013716
2020-05-19,0.10790422159698623,0.10741596947324564,0.10907109524996372,0.10739999324539093,0.31184720794527393
2020-05-20,0.11007361857619954,0.10630966784607945,0.109122490404713,0.1076809656302086,0.23899805077570713
2020-05-21,0.10807575531162686,0.10341316904063555,0.10711807936870743,0.10473075559011583,0.2025264241149074
2020-05-22,0.10527067456637315,0.10230686741346937,0.10668636006874649,0.10519235307940442,0.19078816465089127
2020-05-26,0.1093067619695581,0.10528382451919258,0.10946169842610282,0.10757058362185998,0.2816594039579207
2020-05-27,0.1078436802858719,0.10469044455552476,0.10528841185902871,0.10878478571314706,0.2550317629463588
2020-05-28,0.11055794906456409,0.1094073124020569,0.11292573185750271,0.11234711416288426,0.3964867490323744
2020-05-29,0.10748043241962599,0.10727516744800383,0.10824877277363937,0.11125332880783809,0.46506086367288785
2020-06-01,0.11121381326756927,0.1081400941746615,0.11247345449557483,0.11107270370336716,0.18333007642721832
2020-06-02,0.11126426436009121,0.10741596947324564,0.11068490310960583,0.1098685363400819,0.20780250735368233
2020-06-03,0.11081020452728377,0.1065912718966728,0.11191838682403626,0.1094169735789047,0.16980043137695328
2020-06-04,0.11419042772746354,0.11378223247292349,0.11517683963632708,0.11354124679805819,0.41975330480025397
2020-06-05,0.11649099754727785,0.11205237901960827,0.11332661406468142,0.11483572671357886,0.4010883544027422
2020-06-08,0.11399871357574817,0.10969897374014395,0.11247345449557483,0.10996888362042864,0.33712222985481455
2020-06-09,0.11081020452728377,0.10699356339741059,0.11114745950257332,0.10832318822385853,0.27341934426390796
2020-06-10,0.10978100223944023,0.10702373526000156,0.11164085298832305,0.11010936981278277,0.2271417262844465
2020-06-11,0.11029560338336206,0.10759700064857217,0.10649105848056478,0.10358679659506057,0.3034764184471581
2020-06-12,0.10593662898786063,0.10352379920328633,0.10197856389198873,0.10144939952519635,0.3638689825693943
2020-06-15,0.1002659261864591,0.09640323963971134,0.09950131743220042,0.09992412086508609,0.2856988397703719
2020-06-16,0.10460472014488562,0.10109999291114627,0.10503143608517035,0.1041186371804714,0.21961392945426222
2020-06-17,0.10427174293408678,0.10035575363474294,0.10470250709470796,0.10236255977566208,0.17215932456756328
2020-06-18,0.10324254064624325,0.09915893641991344,0.10356153465884854,0.10232242086354529,0.14006541932919175
2020-06-19,0.10342416457947631,0.10025518075958587,0.10443525228992218,0.10265356688848162,0.30239394636226263
2020-06-22,0.10293983409100169,0.09983277468375082,0.10403437008274347,0.10320547693000562,0.16232423566239979
2020-06-23,0.10498814844820634,0.10327236701528406,0.10658356975913585,0.10404839408423963,0.19531577004407658
2020-06-24,0.1040194874713671,0.09963162893332703,0.10233832997534559,0.10076703801932005,0.19410685952574913
2020-06-25,0.10027601640494146,0.09950088419557904,0.10110484626091515,0.1032857547542392,0.1811483854450523
2020-06-26,0.10365623960512124,0.10047644108499712,0.10167019296338109,0.09930196772733033,0.2430818656409523
2020-06-29,0.10065944470826219,0.09998363399648633,0.10257474768734909,0.10434943592506093,0.13587442486474594
2020-06-30,0.10426165271560447,0.1029907629648005,0.1059771069329602,0.10597506186551794,0.19347309734492896
2020-07-01,0.1057650952733302,0.10395626256661514,0.10660412782110285,0.10752040998174131,0.14273213986477157
2020-07-02,0.10929667175107569,0.10731539659808861,0.11056155473814039,0.10851384805644074,0.20905830894666005
2020-07-06,0.11084047518273085,0.10997052050313375,0.1132752189099322,0.11428381667205492,0.1872357470758234
2020-07-07,0.11335293959122536,0.11649770010315066,0.11582441858632453,0.11904027775707557,0.2933887666778626
2020-07-08,0.12053717516894516,0.11649770010315066,0.12023412286540214,0.11913059030931097,0.19059536697342294
2020-07-09,0.12342297766216778,0.1274903153616975,0.12606233341605233,0.1283826095504287,0.4992714613278945
2020-07-10,0.12947710876700022,0.12590126393362397,0.12958804103312888,0.12907500578430683,0.2031081665097874
2020-07-13,0.1297798153222419,0.1276210600994455,0.1279331170495528,0.1257535108072705,0.21350636698106362
2020-07-14,0.12475488650525299,0.12716848216112916,0.12685381879948227,0.13085115264511968,0.1361960683299252
2020-07-15,0.13159605465358146,0.12783226313736298,0.13216807780241568,0.12954663800159713,0.12843549080772704
2020-07-16,0.13010270231444818,0.12640412830962852,0.13056454897370096,0.12911514469642357,0.08985816182591334
2020-07-17,0.13078883717301057,0.1263035554344715,0.13109905858327253,0.12763000494843016,0.12820511746999208
2020-07-20,0.12835709451259528,0.1259414930837087,0.12912548464016138,0.12935597816912445,0.13399124581316607
2020-07-21,0.13048613061776895,0.13001469452899453,0.1330726325262715,0.13059024971641522,0.1343603036908823
2020-07-22,0.13316003852242161,0.12817421091302852,0.13154105691427298,0.13115219448594104,0.08053437403607704
2020-07-23,0.13159605465358146,0.12889833561433464,0.13186998590473548,0.12895458904795634,0.10656122315368226
2020-07-24,0.12969909357416273,0.12725899774879237,0.1311915698618436,0.12862344302312953,0.09210945674701333
2020-07-27,0.1291542217746838,0.12751042993668496,0.1317158004404877,0.13044976352406115,0.16115645950196866
2020-07-28,0.13146488181298047,0.12851615868869412,0.13237365842152476,0.13041965933994618,0.08691951492439286
2020-07-29,0.13050631105473368,0.12654493033487033,0.1319265205749484,0.12898469323207132,0.08349876916162423
2020-07-30,0.12683387410771682,0.12565336458388285,0.1291603539790135,0.12836254009442508,0.0886193163804654
2020-07-31,0.12899277827863567,0.12551225912459382,0.12972691902594408,0.12907654117612335,0.1682261263461166
2020-08-03,0.12973095160165424,0.12912052729627424,0.13152962599386847,0.13288789906352913,0.2028124806037896
2020-08-04,0.13378584889674286,0.13912893593989492,0.13628877238898246,0.14341690093159712,0.3547899075753892
2020-08-05,0.14621871004977874,0.14206191369955354,0.14521989776676358,0.143597915290427,0.24951557228515592
2020-08-06,0.14677972177524642,0.14447078546777095,0.14936097320154895,0.14695673728075812,0.16337897083929898
2020-08-07,0.14751789509837518,0.1440777059742175,0.14732133903215028,0.14454321249730892,0.12721925355898545
2020-08-10,0.14506068800928554,0.14038376663095523,0.14623971485146292,0.14362808435019545,0.10050076109028867
2020-08-11,0.1452022554958526,0.1401670689613759,0.13925551299887412,0.13601542492878607,0.1593030060423546
2020-08-12,0.13801770555026052,0.1382016714936087,0.14066677502512986,0.14036982589246247,0.13717638485933253
2020-08-13,0.14129903765068877,0.13876609333054538,0.14268580682912446,0.13930385244639706,0.10394034701697928
2020-08-14,0.14083388733755678,0.13806056603442943,0.1431699624147751,0.13988712093572878,0.10251173925380601
2020-08-17,0.14196642723042388,0.13968327881543027,0.14497781997393827,0.14358785893713435,0.09955048415557914
2020-08-18,0.1453539349457774,0.14213246642914315,0.14441640551824664,0.1443823108450644,0.0990011887096759
2020-08-19,0.14547527850573924,0.1412656757510453,0.14765097687771872,0.14453315614401627,0.12418797585151524
2020-08-20,0.14448430609943927,0.14098346483268673,0.14640453377424717,0.14450298708424783,0.12286937371213087
2020-08-21,0.14441352235615576,0.14519647068668953,0.1470123035519859,0.14826406320519028,0.19143689429527166
2020-08-24,0.14950995187422259,0.14546860264375652,0.14987088174384255,0.14778135824845665,0.09611979497296279
2020-08-25,0.14852909143128037,0.144259127279002,0.14920645546146677,0.14836462673789788,0.066211139414387
2020-08-26,0.14738643957505562,0.14417849558801107,0.14944338266294105,0.1479221471942254,0.12703367794435388
2020-08-27,0.1500155500407853,0.14711348913981828,0.15032938738460316,0.15002392502647813,0.17557211559445374
2020-08-28,0.1518963752200286,0.14844189624891066,0.15336813326143184,0.15204525203271804,0.09877929344570584
2020-08-31,0.15126943349361424,0.14812944844623846,0.1521216901579603,0.1513312509509103,0.10920596349801974
2020-09-01,0.15011666967403178,0.15089108386251385,0.15327542261744986,0.15507221436537696,0.12887457129468666
2020-09-02,0.1581051207043573,0.15938764830021876,0.15935312039472554,0.1625943666073714,0.19796323174542502
2020-09-03,0.16767103801418662,0.1631672588151726,0.15338873562683597,0.15197485755988852,0.3230941578012356
2020-09-04,0.15847926334760046,0.15340074524452482,0.1481145300980774,0.15023510844507645,0.210749422993813
2020-09-08,0.14822573253143081,0.14426920624029357,0.14582766754450238,0.14248166007800786,0.16754672910157437
2020-09-09,0.1452528153125309,0.1490869497767285,0.14810422891537534,0.15009431949941723,0.16299703884956934
2020-09-10,0.15068293962052035,0.14737352634333548,0.1464251361396513,0.14315543574675446,0.1482111735360172
2020-09-11,0.14462587358611653,0.142596098652396,0.14368502154841967,0.14275318161614312,0.11056276930313479
2020-09-14,0.14534382298252982,0.1441885745493027,0.14818663837676743,0.14656453950343942,0.10244182131213996
2020-09-15,0.1494189442043338,0.14713163127036258,0.15053530802633042,0.14756011847667513,0.0857141631036951
2020-09-16,0.15169413595342554,0.14813952740763967,0.15105036715997505,0.14737910411795482,0.11663055809694249
2020-09-17,0.14391803615306084,0.1422231770815354,0.14395800288935112,0.14250177278448364,0.22376630158266797
2020-09-18,0.14454497787947526,0.1405399905322365,0.1386374420385455,0.13956531763123972,0.29995016776642636
2020-09-21,0.13824653928032035,0.1389273567125273,0.14122303888958276,0.14319566115981566,0.19717047951461875
2020-09-22,0.1450525984385774,0.1442490483176007,0.1472801343014542,0.1481031615529457,0.1658438922857588
2020-09-23,0.1524323092765543,0.1476255003775999,0.15188476295648606,0.1482841759117756,0.317513596579966
2020-09-24,0.14939872027761844,0.14670156198849046,0.14596055280097753,0.15066753163545624,0.548008244037062
2020-09-25,0.14509102389924847,0.1431101256824359,0.14292273403059874,0.14622262349247453,0.7112068726405966
2020-09-28,0.14814483682478954,0.14915750250631812,0.15089584941989287,0.15330229619079647,0.30516993984859
2020-09-29,0.1533929457927812,0.15371319304708733,0.1550163224892741,0.1558364972135385,0.20755905056877932
2020-09-30,0.15704336455477383,0.15715011887538452,0.15920941889644685,0.1587126142472455,0.20747406049597567
2020-10-01,0.16078479098676526,0.1591507927079466,0.16296883551305202,0.16219211247686952,0.15798597391663038
2020-10-02,0.15923533484578198,0.1572912243345638,0.16093950252646755,0.1587226706005382,0.1655208881420741
2020-10-05,0.1598443783970335,0.15844022593113002,0.16349419582939861,0.16231278871594348,0.16223045351309923
2020-10-06,0.16648793830464134,0.16249196840326066,0.16525507999566036,0.16208149259086926,0.2320335748467902
2020-10-07,0.16504192754845695,0.16424570768214916,0.16795460792705036,0.16677780956551055,0.14816386379105756
2020-10-08,0.16942243006287008,0.16548541993110757,0.1701075551058352,0.1688594746912875,0.13078758060580964
2020-10-09,0.17063384326972883,0.16929526733015562,0.1741765222618183,0.173254101068025,0.12425161373854061
2020-10-12,0.17568982493447508,0.18029141418847025,0.17939922187717877,0.18031366105976163,0.23689349979804392
2020-10-13,0.18319290172506333,0.18193428489227367,0.18528119718367614,0.18453732943096193,0.13394278472485566
2020-10-14,0.18771264597449108,0.1835282726335112,0.18550782320256048,0.18218414276704972,0.14257074246050655
2020-10-15,0.1812109569124634,0.17797325307253534,0.18175819270944382,0.18041422459246922,0.12097028518879467
2020-10-16,0.18529619009762507,0.1845346569265672,0.18800070940950364,0.1854021758117216,0.20063822101961504
2020-10-19,0.1868433204870559,0.18273556232148255,0.183457887850572,0.17938847655946497,0.14595715725790626
2020-10-20,0.18245472840193463,0.18172262670339503,0.1849103546075238,0.18215397370728123,0.07735656172032467
2020-10-21,0.1833344692116304,0.18091630979359527,0.18583746104812898,0.18166121239725494,0.0965991724772
2020-10-22,0.18211092164876444,0.17799341099533791,0.18069727390591356,0.17957954727147799,0.1329245785324496
2020-10-23,0.18035144002948297,0.17611872417985322,0.1822732518430884,0.17842306664599775,0.05907406665042923
2020-10-26,0.17132145677617924,0.1721980082057201,0.17460917193407072,0.17451114522610336,0.16761612370535367
2020-10-27,0.17343485711198856,0.17449903508718498,0.1773389853424881,0.17653247223223387,0.10279434171263581
2020-10-28,0.17197802655507974,0.17197627105544008,0.17311550044642288,0.16872874209892094,0.14284130814794177
2020-10-29,0.16853750462009706,0.16934376269786725,0.17160688340689279,0.16933212329472844,0.13553268522471656
2020-10-30,0.1664099182689601,0.16405225438595936,0.16467120773074884,0.16203735499570807,0.2283151544940542
2020-11-02,0.1675142368988339,0.1658800463792077,0.16974911313653518,0.16885856789408218,0.11542405493289397
2020-11-03,0.17432251322267026,0.17510989103013355,0.1771595523261863,0.176485832538363,0.15381130759425027
2020-11-04,0.1794692459198803,0.18201207792166443,0.18346565029957979,0.18072767985031782,0.19956475034637117
2020-11-05,0.18804037950610622,0.18700568643351226,0.18914217057022303,0.18985621587099652,0.17921036058294398
2020-11-06,0.18743249769152712,0.1872278489963173,0.19057678205685863,0.1902894686843584,0.14724090509403492
2020-11-09,0.19388617629013735,0.1899543895387059,0.1739290962448679,0.16947318235022377,0.4006403771717083
2020-11-10,0.16919553668444223,0.17181279663341312,0.16962526178518544,0.17110543713546025,0.2217971904500884
2020-11-11,0.17507223412742787,0.17500890804709027,0.17743821786677916,0.17745309463318817,0.11986258821775923
2020-11-12,0.18243773544801686,0.1785837056470426,0.18294960300228946,0.18026420009654745,0.10402261573277195
2020-11-13,0.18200208681418015,0.18018933507759569,0.18448793999555985,0.18341787755182395,0.07658223098313104
2020-11-16,0.1823972099937116,0.18165358833177844,0.18646904557009042,0.18437506399988277,0.12014571401447573
2020-11-17,0.1929439594774847,0.1889243631115545,0.1915056671919813,0.18652117677294025,0.2884166380836958
2020-11-18,0.18845404308103245,0.18849013628441344,0.1914437415163065,0.18683352182444898,0.16652904624705506
2020-11-19,0.18918522359039533,0.18511730465054768,0.18997816719188954,0.18815343155806716,0.128251589874333
2020-11-20,0.18952968995199018,0.1859173928252387,0.19070063340820825,0.18571512502714319,0.13249680214384318
2020-11-23,0.1885672104121849,0.18345108543016866,0.19000913002978304,0.18630958818964252,0.11948379625534995
2020-11-24,0.18926627449900588,0.18647047662343766,0.19039100502983403,0.18883857554201114,0.1585951392167746
2020-11-25,0.19139355690921847,0.18878298693529386,0.19539150334094263,0.1923952788701315,0.15602324750626878
2020-11-27,0.1961252076406688,0.19113589044036736,0.19765695097624386,0.19304012026668158,0.08225238765060748
2020-11-30,0.19743215354217905,0.19364026842006068,0.19505607259767588,0.19644568889254024,0.3339080978897237
2020-12-01,0.20013828582135515,0.19862191979214253,0.2010219446091761,0.20227948840244706,0.24635869348487244
2020-12-02,0.20114638525283926,0.19738921554652386,0.20144003517891473,0.1980832253590273,0.174717818828169
2020-12-03,0.19338298035280818,0.1889467452929726,0.19266320351598581,0.18831606137863663,0.3593092442299643
2020-12-04,0.19048339539012213,0.18540401544426596,0.19119157552915572,0.18767525273648897,0.24033203904896105
2020-12-07,0.18950647429157955,0.18663671968988457,0.19199620665863265,0.187571896503934,0.22078024026861048
2020-12-08,0.18917390540690607,0.1897692387140307,0.18998462883482808,0.19198520763576307,0.22419187995215017
2020-12-09,0.1953368225498933,0.19129820633293695,0.19215501543424635,0.18856411633683437,0.20074927331917736
2020-12-10,0.18952725984683724,0.18508289080883053,0.19084219622291776,0.18701377284785217,0.21171770275182572
2020-12-11,0.1952225019958109,0.19002406665055163,0.19187974688988663,0.18940130182090228,0.3077609857257498
2020-12-14,0.1918864203720528,0.18837700803660803,0.19258909275410752,0.1886571369461996,0.23391654456321537
2020-12-15,0.18975049671057562,0.18579765209409785,0.18844947733764034,0.18607323113122928,0.16679354121500428
2020-12-16,0.18627432044422002,0.18284537722013908,0.18796775738509502,0.1835513390558358,0.19274534367965357
2020-12-17,0.1853389704563029,0.1809082705484997,0.18707313461606628,0.18442986703299138,0.1853238891080512
2020-12-18,0.18621196377833685,0.1813122660575782,0.18488157351327028,0.18102944698055182,0.3764319178753068
2020-12-21,0.17996590441431884,0.17587904440356714,0.18052174326149478,0.17893131545878718,0.186944457208074
2020-12-22,0.17893701942757698,0.17447541898109406,0.1792491556065952,0.17589264222050913,0.1636001334302276
2020-12-23,0.17722221111623057,0.1727558483527539,0.17807397066739028,0.17574794349486642,0.12963382990074268
2020-12-24,0.1761366854913813,0.17507105338541032,0.18009137147970505,0.1785282261516474,0.044896215293670536
2020-12-28,0.180392008297707,0.18165410841139687,0.18397678698262915,0.18522571002397156,0.27752827934771584
2020-12-29,0.18740713320747046,0.18327526987727896,0.18946585350134365,0.18694142348508555,0.16003902844624018
2020-12-30,0.1894337248480125,0.18597375270063046,0.19266616794646546,0.18872948630896616,0.12920207614419715
2020-12-31,0.1902547542819573,0.18719609808700258,0.19179504887626336,0.1911376865285054,0.11359812904612145
2021-01-04,0.19279059202702828,0.19186794358930145,0.19428305302679688,0.19462079156701087,0.2908296444117928
2021-01-05,0.19427675923009982,0.19047467702596518,0.1947488921017808,0.19006278170942956,0.23077745925108045
2021-01-06,0.18903879929756598,0.18591159954537076,0.18881791369704165,0.18415080520489577,0.22167075201665637
2021-01-07,0.18611842877962217,0.18161267297452047,0.1857920771598604,0.1819803243203645,0.2413575719717812
2021-01-08,0.18310971965164055,0.18017279154484908,0.18314526423382543,0.18406812021882982,0.2152085757914151
2021-01-11,0.18359298381201486,0.18093934712612955,0.18269001241047422,0.1779390956258867,0.2115550493366326
2021-01-12,0.1788330916510684,0.1747965436164197,0.17886801454523443,0.17813547246780695,0.19226303548325074
2021-01-13,0.17921762442394115,0.17859824494541174,0.18177950876388416,0.1809777688641648,0.14917463858547214
2021-01-14,0.18091164717991978,0.17627786048307723,0.18024996851019637,0.1762233821647727,0.19052513502902485
2021-01-15,0.1757776150237845,0.17462562243956523,0.1794503133889644,0.17602700532285256,0.18806827298602052
2021-01-19,0.1771234797286189,0.17260046546460464,0.17059937096415717,0.1680789110361309,0.4176495911632095
2021-01-20,0.1688456323351619,0.17150967759014776,0.17162633437938113,0.1751381417225071,0.23274405836180379
2021-01-21,0.17602704168720704,0.17367778682218368,0.17853991561493548,0.1766884852114893,0.165270104626757
2021-01-22,0.17800166943954984,0.17434075381132805,0.17844452447700604,0.17617170404849522,0.14828402216984887
2021-01-25,0.17556975947087736,0.1715749384031485,0.1752365872106189,0.1757376078715671,0.22946482316360473
2021-01-26,0.17488383614638278,0.17565581098763297,0.17741756106178208,0.17894165108208646,0.13223398185713148
2021-01-27,0.1777834211090689,0.17555274033856336,0.17315089862482397,0.17006335070204123,0.2697526296943801
2021-01-28,0.17140225563560071,0.17120719890126826,0.17444254333277476,0.1707558374603569,0.17872344701313797
2021-01-29,0.16921977233035077,0.1657014652328608,0.1700064848686823,0.16597044389117646,0.2151083042523192
2021-02-01,0.16554072904434539,0.16207586451051118,0.16717968866354366,0.1639963398485654,0.19128826633544266
2021-02-02,0.16611233181475746,0.1671620643810253,0.16877836367097693,0.16922616521797332,0.14116955760259753
2021-02-03,0.17076060554383474,0.16698596377449262,0.17141458934537912,0.16884374715732267,0.12730089426931407
2021-02-04,0.17199017464342328,0.16859674236533242,0.17282911579271043,0.17022872067417302,0.30019111252947306
2021-02-05,0.17181939781097857,0.16700352958772482,0.17309431774546397,0.1695245157558176,0.16977572982869998
2021-02-08,0.17184022425395698,0.1703196955970415,0.17465370522750656,0.1743503906372246,0.20693502247265216
2021-02-09,0.17545361211263197,0.1720155590220431,0.17754971055136415,0.1740707798608284,0.16675376753561338
2021-02-10,0.1764532813761445,0.17131610228529973,0.17417634171257268,0.17050833145056923,0.166509264074937
2021-02-11,0.17096551364831467,0.1666454459341372,0.17021952857781325,0.16644879721556924,0.16168775212456865
2021-02-12,0.16707096880926645,0.16299195474378367,0.16885108650174419,0.16701837472309158,0.16255146897281436
2021-02-16,0.16820476036563017,0.1654622129918236,0.17090502258526058,0.16831286905821038,0.13454535596762718
2021-02-17,0.168237249616606,0.1683787784022314,0.17077114863952714,0.17249667474931343,0.16698571088700853
2021-02-18,0.16737295223261803,0.16840991611127717,0.1711636475296337,0.17133680782502772,0.14361699956364088
2021-02-19,0.1719651829118272,0.16812967673019427,0.17359820145562838,0.1691102775685884,0.13564415619458836
2021-02-22,0.16786237364288512,0.16331371107018786,0.16749325250372243,0.16438796223404353,0.17223604590175673
2021-02-23,0.16479047330186805,0.16093686594928533,0.16029036746752456,0.15604106276118787,0.3296041671093233
2021-02-24,0.15644948288434915,0.15211451506358523,0.15589862313024488,0.15453944933245448,0.2891197948682952
2021-02-25,0.15547064006381497,0.15263347688042986,0.15108255566871653,0.14749740014933824,0.3206552985815345
2021-02-26,0.14990997978550577,0.1452538398454656,0.14852600884428035,0.1444941732918714,0.2919663343017526
2021-03-01,0.14959758314060992,0.14536790765282845,0.1489715481249601,0.14529158180224935,0.4305232845062574
2021-03-02,0.14801477347337252,0.14400833148517025,0.14585277316076267,0.14186376080282323,0.43086272145958515
2021-03-03,0.142266466943794,0.1375002389253048,0.14090940876188124,0.13716215737773843,0.36849497548528337
2021-03-04,0.13726832889058507,0.13457360565559787,0.13165916465054744,0.13210845149336634,0.5189066801673886
2021-03-05,0.12889484922209035,0.12713169320265186,0.1231302698506942,0.13032722728823673,0.7912027319912369
2021-03-08,0.13262403210387488,0.13117845365775763,0.12728863646947453,0.12421721402644101,0.45319784045667716
2021-03-09,0.1272612230339152,0.12905185192480131,0.1291874824510506,0.13183919667170016,0.5111125043528629
2021-03-10,0.13494618049722992,0.13643148895976556,0.13407780645947104,0.13706895378560632,0.4165697357677477
2021-03-11,0.1445989244264063,0.14043787418556894,0.1440505667707877,0.14206052394181742,0.3972466356438945
2021-03-12,0.14219378265777852,0.14082709554809267,0.14286129513391832,0.14463915665743446,0.27616456548249607
2021-03-15,0.1479210544799148,0.14296002861520554,0.1446858845687145,0.14398673151251004,0.28267677280970793
2021-03-16,0.1438286584324068,0.13917160735250325,0.14396453525734604,0.14061069028651504,0.2640887530815443
2021-03-17,0.14000700614383796,0.13965943146030205,0.1412912995738284,0.14261974549460973,0.22281518730733968
2021-03-18,0.14050684077553918,0.1372099316850325,0.13944018994368956,0.13618869763771682,0.22971005929732258
2021-03-19,0.13751824620643563,0.1383620269183002,0.13945610206087272,0.14232977876348354,0.45171124685565517
2021-03-22,0.14255824541006532,0.14554445846282402,0.14560878736432814,0.14810840147556156,0.3685654167648361
2021-03-23,0.14822303790326638,0.15212489429997042,0.15155461514451463,0.15416663496392627,0.3242221602822759
2021-03-24,0.15689725140865954,0.15212489429997042,0.15477416685072248,0.15178476538730332,0.25777405347278126
2021-03-25,0.15230502072934018,0.15759475184906055,0.15524092228749692,0.1603802077724745,0.3939231260604788
2021-03-26,0.16105212678510264,0.1624522344543882,0.1624862396362205,0.16626239003130514,0.26351465141981045
2021-03-29,0.16650865484851993,0.16796360894879955,0.16981642160965926,0.17053939931454024,0.2583618665871472
2021-03-30,0.16872667102687308,0.16484983804795136,0.16751446866004138,0.16391158831876265,0.2154943182775652
2021-03-31,0.16568601035037864,0.1676309544242733,0.16792818370624263,0.16673876394669543,0.23954640421341428
2021-04-01,0.167643695991447,0.16749654331366134,0.17047560758336083,0.169286328798232,0.2506815690967722
2021-04-05,0.1728086538529469,0.17304943475350373,0.1759985973702523,0.17537563015056765,0.22629915228682435
2021-04-06,0.17520369479678136,0.17318436482585256,0.17829227601905157,0.17465071332297125,0.16730379565455805
2021-04-07,0.17631374420811233,0.17179354715682318,0.17681775316183623,0.1732940832596914,0.13238229581422845
2021-04-08,0.17832766124529933,0.17652647892607734,0.17892876070559272,0.1757898683379064,0.24027237852987476
2021-04-09,0.17635956238268677,0.17412887533240443,0.17892345666656906,0.17785070331932265,0.1116979938470118
2021-04-12,0.17836931413125615,0.1757272777281498,0.18077456629659566,0.1795076560683492,0.13533779419570136
2021-04-13,0.18097261950498442,0.1778550211770152,0.18388283926337595,0.1799218942555784,0.13112607555094136
2021-04-14,0.18046237165173898,0.17531210827471796,0.18205814374783746,0.17780927950062167,0.10109077222377887
2021-04-15,0.1804936113162616,0.18019034935270625,0.18388273318263365,0.18363968198602124,0.13677446136233018
2021-04-16,0.1855127840768027,0.18356360116186707,0.18845481484772741,0.18562802528476544,0.17851965924004848
2021-04-19,0.18686650287116793,0.1822454381472046,0.18805170787957343,0.18441637858715823,0.10638632363193982
2021-04-20,0.18478385857211918,0.18621549604582452,0.18861393601933468,0.18667397670756855,0.1870491247854184
2021-04-21,0.18750170938239372,0.18541110522975926,0.19152054942135172,0.18911798201235255,0.10346567955372259
2021-04-22,0.19034451885042838,0.1863037195546047,0.1899929861735632,0.18618724683755775,0.16688428800456184
2021-04-23,0.1871372466299969,0.18569134461084222,0.19039609314171718,0.18827914968316403,0.09015520841041665
2021-04-26,0.18988633710468392,0.18470531715885932,0.18806231595773298,0.18334971525500451,0.15869237539612752
2021-04-27,0.18391956118813127,0.1816538216761027,0.18496475714974236,0.1850998715960536,0.13944756662012797
2021-04-28,0.1853565857544099,0.1811763768045793,0.1880304917233666,0.1844578024058592,0.07975889195553261
2021-04-29,0.18511596165467545,0.18636856324601678,0.1892285726770554,0.18936652492466818,0.13656188151274373
2021-04-30,0.18967668523029765,0.18579649793947953,0.19220511635644777,0.18786173573267825,0.16489424335651337
2021-05-03,0.19064716296168596,0.19147554625446925,0.19386347640645102,0.19536492597971725,0.22422600158236444
2021-05-04,0.19606305481782463,0.19106989994627924,0.19477770053652205,0.19118264981152236,0.16644395150667407
2021-05-05,0.19326640931214464,0.18928755247511017,0.19297051330257725,0.18828722784904386,0.14253034077565163
2021-05-06,0.18996887207411392,0.19492874046795092,0.19418239180064362,0.19893490861447463,0.21957132975028304
2021-05-07,0.20002844769909986,0.19857955724188067,0.20376059044577244,0.20055385422796587,0.13332388534001838
2021-05-10,0.20280422271590434,0.20007732822601762,0.20278247693169765,0.19760654298293698,0.1522999077773976
2021-05-11,0.19635524166175092,0.19282770061517582,0.19716956599330282,0.19418185033910165,0.13775299854292267
2021-05-12,0.1929011757573744,0.18868802803393733,0.19197560357771803,0.1879758921540701,0.1885053647890106
2021-05-13,0.1898645196298466,0.19336856235950242,0.192455358635773,0.19558286096610036,0.15493669338585692
2021-05-14,0.19930841583377681,0.19792428243633445,0.2015280763810125,0.20065763279295715,0.13947551286327892
2021-05-17,0.2023346367167567,0.19920362848532594,0.204504620060517,0.20018025139415072,0.1347268495467423
2021-05-18,0.20380600618060582,0.20169991345888746,0.20409003004804427,0.19898679789702503,0.12085096415062209
2021-05-19,0.194102168038117,0.1936701967937666,0.19730776266408961,0.19571777310062174,0.12368975818335605
2021-05-20,0.19621958348428062,0.19656921574315492,0.19959332298943555,0.19978589284720585,0.09250122748901331
2021-05-21,0.20234507196119442,0.19743532261709681,0.20187888331466924,0.1968178258892663,0.12172619443237569
2021-05-24,0.2016014564435523,0.1978618753120229,0.20343093823323755,0.19965098071279383,0.11654138132104509
2021-05-25,0.20085283200857992,0.19784107293721578,0.20357976541717915,0.20165390701661037,0.08751967881288546
2021-05-26,0.2031903267595501,0.19993171160258724,0.20675828884639874,0.2019029755725237,0.115592151062109
2021-05-27,0.20242855391658623,0.1999524099654655,0.20514245084890215,0.20385401259389932,0.4090848526442746
2021-05-28,0.20140589996300926,0.19739382187941149,0.19826450884677949,0.19427525104758284,0.4332001577968396
2021-06-01,0.19699700919379096,0.19207725494494196,0.19663804033624038,0.19423373962154253,0.16476654891215325
2021-06-02,0.1953847639302526,0.19386781935421468,0.1989873837404023,0.1966829137547448,0.13998880266257568
2021-06-03,0.19669960472775586,0.19622888889174947,0.20020989275151124,0.20008685068566948,0.12946782712307453
2021-06-04,0.20144764094076026,0.19994211278999083,0.20536569162492674,0.2038747683069195,0.12794072716962018
2021-06-07,0.20278335222702884,0.19857955724188067,0.1999016078704734,0.19648573448138187,0.2064278033928414
2021-06-08,0.19750311854836053,0.1931293350495498,0.19896612271409292,0.19575928452655258,0.10576313287643145
2021-06-09,0.19729441365993608,0.19372220273078436,0.20049702291153948,0.19602910879548605,0.08955075315125292
2021-06-10,0.1973570251264524,0.19536559033835163,0.20087961507947266,0.199194355026898,0.09007409103797477
2021-06-11,0.20110327787475532,0.195885649707871,0.20198518844610414,0.19796976796035162,0.0900892678366897
2021-06-14,0.19789965783655414,0.1960104639564942,0.20044376404069048,0.19997269426416817,0.11608094864830722
2021-06-15,0.20099892543048806,0.1965512216890016,0.20308013129958086,0.20012836211160026,0.07415027982353466
2021-06-16,0.20166678107362238,0.19856988413765028,0.19836018346505974,0.19545832668819843,0.12894040720083627
2021-06-17,0.19747181281515738,0.1986003596166878,0.20058196071147733,0.2010001020573516,0.11963001686090004
2021-06-18,0.20203201462850276,0.19697319786136033,0.20174068664388234,0.1969838715932085,0.30061920292081157
2021-06-21,0.1994232035224818,0.19982249913495967,0.20201707998556823,0.20312756263917955,0.1138770681397442
2021-06-22,0.20440081511278604,0.20487227561291207,0.2083953878700926,0.2087108494343731,0.1456125915932886
2021-06-23,0.21064109127851507,0.20584998722752954,0.21267948466583153,0.2084929144478805,0.10408709096041609
2021-06-24,0.2110793715442393,0.20799263182991887,0.21396046149929132,0.2085966930128718,0.09878515483003712
2021-06-25,0.2106097855452018,0.20700451902778802,0.2133810985331449,0.2111288899980451,0.15834142500929188
2021-06-28,0.2127281401633098,0.20998965980876808,0.21537963500365015,0.21323559486685292,0.11533519215972858
2021-06-29,0.21408472193845388,0.2120914277447162,0.21786717507859893,0.2155706125785539,0.10257202777835635
2021-06-30,0.2158274077572437,0.21316202196279269,0.2173675409610007,0.21233272135168088,0.15575467050280317
2021-07-01,0.21408472193845388,0.21027049186833488,0.21617692348924372,0.2111496457110653,0.10255486229567189
2021-07-02,0.2139908047386244,0.21347405758446045,0.21855135490433858,0.215726280425986,0.11867492521763269
2021-07-06,0.21777879846456807,0.21412933239000656,0.21961057923372773,0.2156432575740149,0.16430643024214742
2021-07-07,0.2171109428214338,0.2190334922444189,0.22183235648014532,0.2216831700551042,0.1847407860346657
2021-07-08,0.22159809792382504,0.22165979206041517,0.22604203968402564,0.22424650060969833,0.17709419150419553
2021-07-09,0.22686789635805568,0.227234828501479,0.230751357005392,0.2296637417009497,0.18428213271074267
2021-07-12,0.23259684554699614,0.22759887006016458,0.22749841998431375,0.22500408413394837,0.2038665877752247
2021-07-13,0.222850327254812,0.22233586924076845,0.22767913870771944,0.22415309990132667,0.10433180375624722
2021-07-14,0.22689920209136885,0.22356320935285187,0.23040055007173532,0.22715230042879644,0.07559469239088694
2021-07-15,0.228861028043131,0.22536261477125294,0.23105964188642986,0.22909295959366202,0.14135419120903298
2021-07-16,0.23059327861748305,0.22663155963284085,0.23306349361351242,0.2275881704016721,0.09111375408373636
2021-07-19,0.2284421573319507,0.22860476889259082,0.23336646323808513,0.23151100015733408,0.18312231128618972
2021-07-20,0.23255510456924514,0.2314681117692398,0.2363430069174775,0.23367997216520228,0.15718924431788506
2021-07-21,0.23580046558519732,0.23046959777981516,0.23567328458962822,0.23240349581610556,0.09804578306367652
2021-07-22,0.23464215345415,0.23201937470096992,0.23708639870143278,0.23502909350976006,0.08327928125193308
2021-07-23,0.2370302591405881,0.23762332644290593,0.24080782243673432,0.24114165098620097,0.08382889070056836
2021-07-26,0.24236423432805568,0.23815597124923846,0.24431344675521954,0.24093409385632794,0.0708155708093431
2021-07-27,0.24299034899343905,0.23821848238536927,0.24564470591584503,0.24208603592741332,0.11753457196246579
2021-07-28,0.2422285761504752,0.23853561458891961,0.2445178715229041,0.23988593035012437,0.08574263268473277
2021-07-29,0.24138677817411355,0.2403840727242458,0.2451566171833956,0.24388140510135684,0.09086202856022317
2021-07-30,0.2458822686144024,0.24627061805077285,0.2510994624748466,0.24849773277479822,0.1821696269972013
2021-08-02,0.2507332164384424,0.24544739786877176,0.2506095504973396,0.24766596202287225,0.08620369336293472
2021-08-03,0.25000139241333785,0.2517934876260828,0.25448624527528824,0.2540601996786185,0.09467862710050819
2021-08-04,0.25635780680345166,0.25303352815336333,0.25850139343817957,0.25402900827542396,0.0771284910692913
2021-08-05,0.2581873668663779,0.25877522840992573,0.26259109342363757,0.26250267281120443,0.1255019726174964
2021-08-06,0.2633937720740588,0.25873354637536483,0.2649021999258935,0.25880129296494736,0.1304432242763467
2021-08-09,0.2612192092563478,0.25802276348162767,0.265338860601439,0.2596746522545026,0.09725679886565468
2021-08-10,0.261229663885314,0.25908784366896764,0.26677664575260374,0.2623363186607973,0.14131044016170302
2021-08-11,0.2662897042879081,0.2634644572945669,0.26799077543573224,0.2636567547296196,0.18045841677519825
2021-08-12,0.26367604705515635,0.262036847611927,0.2684700371528246,0.26475885097597085,0.07194064259821771
2021-08-13,0.26658243389797187,0.26383959560539527,0.2709093727900116,0.2673165460382475,0.07773535368273395
2021-08-16,0.26880926986029385,0.26887270127497165,0.2735849312023515,0.27255670177568814,0.10178011288816886
2021-08-17,0.27398431118118616,0.26948751128427806,0.2764044811350992,0.27201605078694713,0.14581250666601636
2021-08-18,0.27199793168431696,0.27100369529031865,0.2723573821910758,0.2656426073999607,0.15559097041183656
2021-08-19,0.26362377391054537,0.2712798387690787,0.2674689126772054,0.274012300591723,0.14759719352731515
2021-08-20,0.2767338785900586,0.27661513918902925,0.28062198424519735,0.27893014516278414,0.14314515812497247
2021-08-23,0.27859480253988356,0.2749895398422526,0.28161245846040184,0.2747089085964364,0.13526682957826192
2021-08-24,0.27648296749574974,0.2711652131741734,0.27704349675785156,0.27144420839490224,0.10446870894741365
2021-08-25,0.27186202150819627,0.26848714245558536,0.27386971916491926,0.2708619688685321,0.10225875771936467
2021-08-26,0.2722802066654145,0.26813284516198255,0.27320940302144964,0.2688657190638658,0.091590828901272
2021-08-27,0.27027291791072294,0.26723616039422016,0.27331601212786116,0.26993662390702255,0.08026318034317777
2021-08-30,0.27208156871571665,0.2724156742100119,0.2771891923198718,0.2757486220363987,0.07080227802702037
2021-08-31,0.27741342947066217,0.2727178689603861,0.2793226524789754,0.27529114812280653,0.12093679156404448
2021-09-01,0.27672342396120253,0.2725094587876915,0.2786942871166378,0.2763620529659634,0.08182701861627999
2021-09-02,0.2808425477600279,0.2774696208968138,0.2856595574044253,0.28098877777383946,0.09549492953621692
2021-09-03,0.28040345334487726,0.2797205549666478,0.28630922328748015,0.2826315250090412,0.07957122298935417
2021-09-07,0.28406257347083963,0.27930363041617523,0.2848448124854468,0.2795643703611086,0.09628642575609504
2021-09-08,0.28051845426317557,0.28204422418654973,0.2853293993326904,0.2859066223449006,0.08671331979702444
2021-09-09,0.28912261387343374,0.28614990458788736,0.2929549857639475,0.286156153570566,0.08950511808753077
2021-09-10,0.2889448851816683,0.2847222949051378,0.2907823326466344,0.2853451770873998,0.08176987011904994
2021-09-13,0.28882988426337,0.2845503565127251,0.28545720245721845,0.27962675316749763,0.11889043575938472
2021-09-14,0.2824421059864676,0.27826157955292163,0.28462648214767405,0.27832711136754473,0.08795279324793646
2021-09-15,0.27960890154619555,0.27831368209615015,0.283263248819188,0.2807392465482835,0.12840178784782214
2021-09-16,0.2822748319235582,0.2798975994082561,0.2837212100154509,0.2834217072234476,0.10823967242397654
2021-09-17,0.2831425661248934,0.2789076510881212,0.2842004717325432,0.27947079615152515,0.3001685043327667
2021-09-20,0.27792779721408356,0.27695901597385464,0.27312420093846834,0.27076839465894864,0.2154548586009064
2021-09-21,0.27218611500504863,0.27267608272074184,0.2768943931126062,0.27177691669571646,0.10337859612937207
2021-09-22,0.2759079629045884,0.2711235311396125,0.2765535847804567,0.2720056536525125,0.08763083578002519
2021-09-23,0.2733988519610586,0.2713319413121974,0.2778955175882254,0.2724735247005394,0.15884864408910265
2021-09-24,0.27724615540775277,0.2850556469763219,0.2820491191359474,0.28803803489688906,0.2941344184988639
2021-09-27,0.2872512352947527,0.2869001812094344,0.284434777460882,0.28056249526355126,0.2074975060333008
2021-09-28,0.27845889236376287,0.27336394049558577,0.2721124262024344,0.2668278807214608,0.21865883781099482
2021-09-29,0.2708583771308505,0.27180086420070537,0.27555246030483754,0.27144420839490224,0.1442711719220432
2021-09-30,0.274778862979978,0.27113395164828014,0.2759771926887589,0.26890730760138537,0.13540457211004708
2021-10-01,0.2707120123257635,0.2666739739534495,0.2668831483564145,0.26784679989266325,0.13785724744995764
2021-10-04,0.26925881890441083,0.26487122595998114,0.26199116425649405,0.25933154681925374,0.18006716937108497
2021-10-05,0.2601005639607036,0.26462019590708497,0.265274959039175,0.2656737988031552,0.1324220694936193
2021-10-06,0.26464832754571355,0.2653193078312637,0.2686084905377673,0.2688969104670602,0.08279100700362162
2021-10-07,0.2777584322253369,0.2755418267998824,0.27892859284497656,0.27256709891012276,0.1489061662495838
2021-10-08,0.2766816054454476,0.2715403514848921,0.27672398894653144,0.27150659120140064,0.1049026607230834
2021-10-11,0.27103610582261595,0.26939372670659834,0.2762340769690244,0.2692712073053941,0.04900096367438461
2021-10-12,0.27115110674091425,0.2685184039814785,0.27219762828541577,0.26632881827034893,0.0876368018319338
2021-10-13,0.2694679114829649,0.2660800049613685,0.27040838454179894,0.2646964681695819,0.11288597084987038
2021-10-14,0.26797289954585735,0.26731639831062093,0.2729963978138282,0.2702693322078368,0.09815484667926934
2021-10-15,0.27506113796107545,0.26965423942241173,0.2758506675954403,0.27206803645890154,0.0995607415781589
2021-10-18,0.270586556778609,0.2784178871823877,0.27512644988970664,0.2820076969450419,0.167255753236557
2021-10-19,0.28458530491739,0.2834301518347384,0.2877044073972103,0.2873414268920661,0.08600754632299139
2021-10-20,0.290356260087266,0.2889947034444995,0.2957240534624662,0.290138256045683,0.08472641517629632
2021-10-21,0.291663088703752,0.29436126539034335,0.29704468574951765,0.29789451830777114,0.09207543978437642
2021-10-22,0.3013022565781446,0.3020516007611723,0.3071464577188419,0.3028435542820268,0.1221213145368507
2021-10-25,0.30443864525744657,0.3095335259594165,0.3081422570643098,0.3112756302802875,0.14233147237869737
2021-10-26,0.30458501006253347,0.30540700454096303,0.30998475210988813,0.306524139859524,0.19206542309722457
2021-10-27,0.3063832062386711,0.3087936698465372,0.3124662627781066,0.3102463139746504,0.12541405185252713
2021-10-28,0.31045450063768476,0.3099628441342118,0.3164105627071601,0.312544080677046,0.08570139365925909
2021-10-29,0.310266014247079,0.3124052745759741,0.3166025761348861,0.31359588245748216,0.2018007638011789
2021-11-01,0.3179834847934181,0.313158220740855,0.3171786164182883,0.31393954046506634,0.10367271202170973
2021-11-02,0.3186013012958432,0.31795791333058343,0.32306702820349226,0.3192714465207829,0.15308868264026476
2021-11-03,0.32551246894926145,0.32157965327019966,0.32629925423773926,0.32483245791485227,0.13739472142567288
2021-11-04,0.3314497902515283,0.33958398005933876,0.3372441262953632,0.3386725031258252,0.21681176907359878
2021-11-05,0.33957564797742157,0.3371729658632773,0.3400388817366606,0.3360690333721129,0.15994817698910524
2021-11-08,0.33815152858207576,0.3324866222525815,0.33104625286906436,0.3263737120090675,0.23981937725512836
2021-11-09,0.32947068315077266,0.32798814987811353,0.3351638741535929,0.33147651272643097,0.13938319606006117
2021-11-10,0.3327587235192512,0.32930126544522154,0.3348491854803068,0.3281440714416356,0.07149287470233849
2021-11-11,0.33060160149407725,0.33153672440849613,0.33514253932830246,0.3350901287446646,0.07156645600921159
2021-11-12,0.3390311317379793,0.33900992906026606,0.3449458915577199,0.34028665437313776,0.12552102211657312
2021-11-15,0.34347103338202756,0.34260035712717773,0.3500449148065052,0.34311922946531237,0.0888384902874245
2021-11-16,0.3448809115833099,0.34802764401830166,0.3494048700472317,0.3502319088325483,0.12006700399631277
2021-11-17,0.3529058243756438,0.3505744473688963,0.35697339932554256,0.3497841120349032,0.11155732062306097
2021-11-18,0.35359694114094153,0.35063707111430564,0.3548286093372715,0.3529915867715161,0.11737568658005705
2021-11-19,0.35979604909679697,0.3553129774339535,0.3607123274609137,0.3575945212962589,0.1434050477195185
2021-11-22,0.3590002176699536,0.36589639039878996,0.3653099823149815,0.36369705439908295,0.17255873604270938
2021-11-23,0.36385374222659483,0.36631388203444926,0.3668567571499392,0.369539240526481,0.16786135983907152
2021-11-24,0.37179634929503114,0.371546930941962,0.37704413623480854,0.374194244446309,0.18556096117073617
2021-11-26,0.3760006429507946,0.37542553261048894,0.3781002100876378,0.3704452480008321,0.13619135828894469
2021-11-29,0.3724141657973462,0.38192806920929334,0.37607340168325315,0.3795573921389891,0.24864379603345466
2021-11-30,0.377515864101565,0.37816020719720167,0.3691182486326308,0.3634158796656448,0.3873353487424243
2021-12-01,0.36924131155649076,0.3688501437212196,0.36219509781988807,0.35348103908529505,0.24476942099047555
2021-12-02,0.34348768301322286,0.3507563693491764,0.3458099519827111,0.3489718294717713,0.28615362039393316
2021-12-03,0.3555132194449019,0.3576300560121207,0.3572560857609491,0.35253337609491975,0.25547209944424654
2021-12-06,0.3578797707928365,0.3561218674782012,0.3602430679782915,0.35698010243429745,0.19774813987398232
2021-12-07,0.3641626504777523,0.3633705660028479,0.3678594939393743,0.3661651437256612,0.21312590033741685
2021-12-08,0.3724979375265165,0.3683691933569506,0.3580881439479486,0.3537622138187332,0.2610357045179864
2021-12-09,0.35426711497397423,0.3522338722479288,0.35622134673341016,0.34774299174795775,0.27808835555408556
2021-12-10,0.36045575146364217,0.38243949646295683,0.36775281981281,0.38366046047100155,0.6060311342082217
2021-12-13,0.3769273677043772,0.3808478096019713,0.38201515053185126,0.3819942398286038,0.3005602750747667
2021-12-14,0.3832327610414695,0.37816020719720167,0.3709078137795527,0.3696225515586392,0.3088504705383273
2021-12-15,0.3724979375265165,0.38788776230873345,0.3794016344314752,0.3905961038949697,0.2505262424119931
2021-12-16,0.3919552829081353,0.38795038605414267,0.38358326019198724,0.3772142693605933,0.22393094368183064
2021-12-17,0.37575456349654235,0.3774294924618292,0.374547961673698,0.37198650209504724,0.5456597129366091
2021-12-20,0.368225579340699,0.3697801063397349,0.3714010749407249,0.37297582060144685,0.15595395757006686
2021-12-21,0.3769901965011724,0.37253450740624505,0.369320929473058,0.3697162764697488,0.20192458554517728
2021-12-22,0.37162880583669045,0.37067666962738,0.37328920698055373,0.37413176117216296,0.09534337088422228
2021-12-23,0.37828865830281766,0.3734008025502684,0.3814924473117313,0.37486073270324627,0.12712149404174583
2021-12-27,0.37807922897994695,0.38710423488146206,0.385706075310235,0.38850291421293914,0.18002059229916673
2021-12-28,0.3905298022222653,0.38804432167214686,0.395584099428225,0.3897213380576917,0.06425950776722392
2021-12-29,0.39363982766632566,0.39310630338197283,0.3985709749714638,0.3929808821894992,0.12659093409218725
2021-12-30,0.39691739656861647,0.391426003921174,0.39736555734148943,0.38896112488964507,0.08322820347418904
2021-12-31,0.39050885929000023,0.38972472550583204,0.3938026415149604,0.3929079850364019,0.0933396147835417
2022-01-03,0.3922053415195409,0.3889106168161701,0.39004771226059337,0.3918770110138684,0.22728899356577004
2022-01-04,0.3913675195136388,0.39021527817772905,0.3967468474076185,0.3892943690181684,0.16264326243814542
2022-01-05,0.39080206034193143,0.38638479242022816,0.3839246173969704,0.37439210814758894,0.24533075320777342
2022-01-06,0.372487466060329,0.37434767357999166,0.3772894867259288,0.37426714159940644,0.20509674581175308
2022-01-07,0.37390111398948733,0.3689701725665141,0.3673581255446567,0.36008343838084933,0.18634376998169472
2022-01-10,0.35478021681496386,0.35023001676947474,0.3399002053722167,0.3419841166526084,0.45773099323146177
2022-01-11,0.3437956488324113,0.34194280780103903,0.3418096722373359,0.3453477995744769,0.19958128782359158
2022-01-12,0.3471779323961377,0.3498333997155819,0.354311879868291,0.3492738319632216,0.12413145535974927
2022-01-13,0.3530524249016094,0.34881054520814514,0.34707937408855666,0.33998465188168736,0.19724510749726532
2022-01-14,0.33622477881203783,0.33203781874421756,0.33281704336962753,0.3255197739298017,0.3484294682353266
2022-01-18,0.3183091473904097,0.31335506804717317,0.3168159243880147,0.30998226643924853,0.3406116375483211
2022-01-19,0.31351740448406606,0.3145657937906181,0.31707194229172403,0.3121587671534374,0.2203490098499517
2022-01-20,0.3144227674467185,0.318364863302528,0.31146088323551996,0.3045149799563982,0.24598346022009288
2022-01-21,0.30518086085941654,0.31286451537516646,0.31090617777752033,0.30325490059551174,0.28804527751927794
2022-01-24,0.2985079190606924,0.3080216124011671,0.2977745927998808,0.3108466183975752,0.40614023969084545
2022-01-25,0.30306164554172943,0.3003710781771036,0.30135884345181235,0.2987873464981218,0.26514736095880526
2022-01-26,0.3065486437668913,0.3120921558491474,0.30818598755057997,0.3051918820923962,0.26494503853179857
2022-01-27,0.3104126147731546,0.31409601132760134,0.30982876909940066,0.30420256358588704,0.1915976636940726
2022-01-28,0.30708268854003595,0.3108970860419449,0.30512550686002743,0.3145227176898453,0.14390724275561678
2022-01-31,0.3157321195729963,0.3251909559189876,0.32083753895868034,0.32774834403896613,0.20274894738434152
2022-02-01,0.32934502555707224,0.3285935127497811,0.3275686763436971,0.3311640963559198,0.18877634914675517
2022-02-02,0.3357430913696109,0.3435292760166103,0.341863009300618,0.3453373856955255,0.20975078963837035
2022-02-03,0.34155588818084903,0.3469183382027349,0.34682181322608546,0.34589973516229233,0.22205592870128366
2022-02-04,0.3438945607076631,0.3422771645754319,0.3431823503344899,0.34381380587617105,0.19299162648914486
2022-02-07,0.34724001602647814,0.3422771645754319,0.346843180353888,0.33976710306108693,0.13815900407544146
2022-02-08,0.3415663755015601,0.34373014460737294,0.3428582110044642,0.3452530970836034,0.09612440034636595
2022-02-09,0.3542665209279616,0.3550738419505164,0.3590758610646024,0.35326306554229625,0.17930466607013124
2022-02-10,0.3467890612342529,0.34485907873296284,0.3473985120075271,0.3424683814866074,0.21093405660024844
2022-02-11,0.34419869300938355,0.34159771348135637,0.3395249390553741,0.3332798629811926,0.1890415767877458
2022-02-14,0.33433012418508545,0.3313327754137596,0.3331789020753542,0.33003624294124545,0.12622742359607025
2022-02-15,0.3388921087106722,0.3360053083223258,0.34313940240741375,0.33771246271425515,0.15084670313354842
2022-02-16,0.33695195437219794,0.3344896097277483,0.33346735830169844,0.33612715645676794,0.12844522489242005
2022-02-17,0.33501180003372366,0.33831544204220454,0.33915101431748323,0.3388492941751847,0.15482919978392423
2022-02-18,0.340517643426715,0.3379913961357436,0.34267712459569805,0.33640875691037464,0.16863631858172923
2022-02-22,0.33538934358064143,0.3345209690090116,0.3296746931031707,0.32546805780463095,0.19491761457985857
2022-02-23,0.32798529513224006,0.32761147403681123,0.3260583067096871,0.31825074247468177,0.1546827698432195
2022-02-24,0.307351491559549,0.3261219081767479,0.31345704304314476,0.329014137591081,0.24243344999930394
2022-02-25,0.3339001440343924,0.33835725441718567,0.3372451733463428,0.3414358464899401,0.15275008302755572
2022-02-28,0.339898891502563,0.3397997813554089,0.3437128961197075,0.3432714642617444,0.19524354941570893
2022-03-01,0.3453103490087148,0.34997064157921576,0.3521422280678807,0.347109574148304,0.18551668678551952
2022-03-02,0.3500715926285817,0.3538696455499165,0.35276187477639837,0.35239740488857996,0.21225401941813826
2022-03-03,0.3610727920937432,0.3600056115842514,0.36319971674530366,0.3576643763360692,0.34626703608739196
2022-03-04,0.34535229829177916,0.3505560148295013,0.34422570718876383,0.3497899932809283,0.4056226585208776
2022-03-07,0.3494947899873839,0.3666224199313639,0.3566637259983248,0.35293974650300663,0.35098586914438545
2022-03-08,0.3523997778347948,0.3608104998033802,0.3555823356564322,0.3475580489447523,0.3251060779729491
2022-03-09,0.3538680027395118,0.3515386056424923,0.34842434781699844,0.35203236726349785,0.23509646216261842
2022-03-10,0.3491382210819983,0.3552076415506318,0.35102045385420794,0.35732019800388326,0.12916805918156027
2022-03-11,0.36330659141311683,0.3638628031799709,0.35987712836011493,0.3517924853955742,0.1247146631007121
2022-03-14,0.35402531255072756,0.3561902323636228,0.3567895783815395,0.35025932737027277,0.1472073068017074
2022-03-15,0.35636398507765177,0.365117174430614,0.36146897938701444,0.36733265857722186,0.20978585327678073
2022-03-16,0.3716020621252577,0.37323922827836675,0.36503728974283006,0.3684486307453647,0.2589103246924317
2022-03-17,0.3703645582769537,0.37485945781045216,0.37779346508650186,0.3782524983901788,0.1497400528382864
2022-03-18,0.38044287351624284,0.3846644597528167,0.3845347939323274,0.38718027573477365,0.31248117946124876
2022-03-21,0.38797276981361684,0.389054759130013,0.3859557079362456,0.38111022151214746,0.2686634588845346
2022-03-22,0.3846378018156228,0.3823647791266559,0.3875422171813067,0.38516735397373447,0.12738871036670601
2022-03-23,0.3846273144948018,0.38272018431438026,0.38709884927783306,0.37953534490116314,0.10499989690243632
2022-03-24,0.3831171403070206,0.38018008253183044,0.38422497057806854,0.38380107029127464,0.11205396827755999
2022-03-25,0.38763717554965316,0.38244829934580626,0.3852986687540734,0.3812979551478852,0.14493884639792287
2022-03-28,0.3844070807590998,0.3874972481604543,0.38879753594419403,0.39120611925707116,0.15831431610675967
2022-03-29,0.3962158039219822,0.39372729203857915,0.40058150696937206,0.3961810606044507,0.15300159921591427
2022-03-30,0.39930956354274194,0.4010758169484663,0.40491914076450747,0.4029499011379518,0.1614932797658628
2022-03-31,0.40743723712284585,0.40951146360896207,0.4123120601749313,0.4023032630592629,0.30313687682625295
2022-04-01,0.40605291078403727,0.4060305833885123,0.4088933197142946,0.4020112329591534,0.14548018710794797
2022-04-04,0.402445272446566,0.4025810624492161,0.40799590034344607,0.40155232851620226,0.17362676400193133
2022-04-05,0.4010294841455142,0.4070654396702025,0.4086689648715825,0.4017504917984429,0.13388500822216154
2022-04-06,0.4025396583332954,0.4100132121091754,0.40681643488443725,0.41162736696822966,0.22007990950859935
2022-04-07,0.4216895060199829,0.4366372419037228,0.42648914952263356,0.4358867245659477,0.4459537974286735
2022-04-08,0.43646614095465264,0.4321737708702821,0.43604559746643007,0.42753257777495957,0.2812029486531219
2022-04-11,0.4285062645065856,0.42485660524165836,0.4201003782867841,0.4115022112110711,0.2354113022352703
2022-04-12,0.4158166064008949,0.4151710821608159,0.41578421845529895,0.4080499982424899,0.1672982482729588
2022-04-13,0.41139095704499173,0.4170063318314481,0.419747820676808,0.4181980442194899,0.1746127325805153
2022-04-14,0.4211546526618495,0.4199227449891577,0.4246408929610937,0.41746796896943505,0.17401884874666335
2022-04-18,0.4144427673827974,0.41556380489322475,0.41668163782614737,0.40884265137123355,0.16938814578979383
2022-04-19,0.4123138412708641,0.41840704639468995,0.419245693171653,0.4215459607238088,0.18675343887942053
2022-04-20,0.42888380805350335,0.429330529368817,0.43559688778100586,0.43117252437927844,0.12652467951572827
2022-04-21,0.43740999982194706,0.4334072359333797,0.42902115417621106,0.4188759712375779,0.15536499311235008
2022-04-22,0.4196549657947791,0.41534428992438144,0.4075471906579096,0.3979749597904625,0.2443556700572333
2022-04-25,0.3986383750148147,0.392796966694397,0.38882958663601014,0.3943350131862531,0.2732786710399572
2022-04-26,0.39333179071610336,0.3907168010370795,0.3885945482293967,0.37926417409394986,0.1571307351421496
2022-04-27,0.38383027811801207,0.385782940784579,0.38810310428814304,0.37959792277974225,0.17981889787762412
2022-04-28,0.384008082990392,0.3879618714380282,0.38150499603082927,0.3887968709315506,0.16486211041026866
2022-04-29,0.38974332999345496,0.384585350106908,0.36427691274283186,0.357165327033362,0.25376057521951145
2022-05-02,0.35959651882336496,0.36115386254345727,0.35204069333922955,0.3542716884403666,0.2888595912710171
2022-05-03,0.35725410109141975,0.3559974695028234,0.35785875617425517,0.3533628561024217,0.19410173081445925
2022-05-04,0.3589347595538316,0.3684242196833103,0.3569041491493747,0.37044263624561513,0.1999114093625357
2022-05-05,0.3694073625979416,0.3644466252060081,0.3455186332372863,0.3421225848889804,0.3593719401087936
2022-05-06,0.34086768108257415,0.3373257776839509,0.3312332349830264,0.3275394820878379,0.315800607009148
2022-05-09,0.3216451499183811,0.327498582484231,0.32643933354633997,0.3228072861215576,0.28774802159961993
2022-05-10,0.33593074684910185,0.331246782907759,0.32781972034396706,0.32555467583267794,0.22878416990813433
2022-05-11,0.32985936815355654,0.3284932166748643,0.3194517941755208,0.31262209612793623,0.2343834666257486
2022-05-12,0.31186581849009853,0.3172442180744124,0.31083892960547727,0.3095926550017086,0.2392604523921094
2022-05-13,0.31850441941673535,0.31885489727311733,0.32136721461559464,0.3211776557226613,0.18788416271747177
2022-05-16,0.3216871663799965,0.3176831134982251,0.3213886159612656,0.31831535617570383,0.10844963558412933
2022-05-17,0.31435529383753225,0.31337477697800853,0.3113406841554624,0.31407413859881006,0.21553503396515217
2022-05-18,0.2837252933595814,0.2822792665319679,0.25176040779567943,0.2502782870182563,0.9386611363109933
2022-05-19,0.25260159945822824,0.24737849506954349,0.24552084545701902,0.2435194994020258,0.554325665002836
2022-05-20,0.25095245334200045,0.24562448384901817,0.23245543091425103,0.23672937273953856,0.47848081710209595
2022-05-23,0.24170883179851524,0.24682851471129427,0.24332720752288628,0.25036185780794595,0.32903153079367226
2022-05-24,0.24675080718586082,0.2559686794310543,0.25154532427141163,0.2589592027974613,0.306659568809355
2022-05-25,0.25886205223087744,0.2607115140451055,0.2584742239550184,0.26146632648815504,0.2806686206707789
2022-05-26,0.2722758075842082,0.28666099658574284,0.2763280825912376,0.287456842082228,0.562486177338067
2022-05-27,0.2803639764346477,0.29381712784104963,0.28447129462985843,0.2934843852886453,0.5417623110266142
2022-05-31,0.2950277215194661,0.2895454357384144,0.28758519042907593,0.2887417429737221,0.40621068097039825
2022-06-01,0.2935781535956634,0.2892313407308402,0.28615665060366113,0.27909976311302975,0.1858701491942114
2022-06-02,0.28467066374466055,0.3108306074168664,0.2874246803363755,0.3110864828673726,0.4612693853511655
2022-06-03,0.3100170941813354,0.3077105970084869,0.30637557195318393,0.29921943073120305,0.24218570184372984
2022-06-06,0.30525872990964575,0.30022466599516695,0.29922752248955214,0.2952707109182783,0.1835306195054101
2022-06-07,0.2836307563210295,0.29261309697877347,0.2892544953936534,0.29454991285721754,0.19801786822079875
2022-06-08,0.29609914128928116,0.2933457759330619,0.297065986573982,0.2905907466956499,0.1207278750796651
2022-06-09,0.2914353140560333,0.30361689207672626,0.29734420406804085,0.2948319642724343,0.2662657340227298
2022-06-10,0.28897735105467337,0.2868116574909697,0.2872962722622377,0.2857018554986328,0.21020923362713873
2022-06-13,0.27322117796928735,0.27680888318215535,0.27781547611733154,0.2741481938238274,0.2689771476138357
2022-06-14,0.2755846039320953,0.2769397561019322,0.2792921689706462,0.276812012745258,0.1759525822381005
2022-06-15,0.2821496760510428,0.28280286290958045,0.2804799436568982,0.2809801058811048,0.17862662950409447
2022-06-16,0.2735468055464485,0.2759032425770144,0.27682031354234243,0.27363632273704586,0.2473267639077305
2022-06-17,0.27432411008528645,0.2737228997328959,0.2717160925930346,0.2683400239403322,0.322360856754361
2022-06-21,0.2737989043158102,0.28328447525451284,0.2780722922657195,0.28549292852446306,0.1964647060405857
2022-06-22,0.2830845423208007,0.2831828131704056,0.2880881220530723,0.28220232868030426,0.13438845926918797
2022-06-23,0.29041641486315484,0.295282904542989,0.29580330717771336,0.2979136371423138,0.15558720237905216
2022-06-24,0.3047335241400594,0.30423461225824844,0.30753766502465324,0.30770186588488124,0.24272693788617755
2022-06-27,0.31083641518178873,0.3067578421522481,0.3082588903746953,0.30496492252251317,0.15607097592153785
2022-06-28,0.308409964526723,0.3067578421522481,0.2981360538588755,0.2912384203156637,0.12750080934204183
2022-06-29,0.2952272997118912,0.29182115876642056,0.2965577046135398,0.29252332120726743,0.07661844596489219
2022-06-30,0.2924437091334804,0.3013658778559063,0.2947439405655992,0.30238467439077243,0.3463234519115806
2022-07-01,0.30597300975611574,0.31095624541983025,0.30895443410995466,0.30915390835575507,0.221562735076837
2022-07-05,0.3105738122971057,0.31058980124434543,0.3094466650610595,0.3117654955336432,0.20376307154123113
2022-07-06,0.3134099234524531,0.31699733939846275,0.31941969215695826,0.316351442617939,0.1798912231735691
2022-07-07,0.31740148730073625,0.31543733419421816,0.3209605890472857,0.3187541028215479,0.16554517102001798
2022-07-08,0.32292665199605275,0.32589669794581144,0.32928571252439015,0.32563824662236773,0.21605868585460603
2022-07-11,0.3269182158443359,0.32592810744647016,0.32697436718878675,0.3228804105626045,0.14108174150520558
2022-07-12,0.3226010244188917,0.3221066181879989,0.31969790965101713,0.31417860208600445,0.12892585840758541
2022-07-13,0.30927130198868147,0.31731143440603693,0.3151822257085017,0.3159022496233427,0.1533173812967622
2022-07-14,0.3216346458030599,0.33401081897416995,0.32566888510117625,0.3365024492822597,0.3320067066796859
2022-07-15,0.3435147181609278,0.346082537097809,0.3493815761359966,0.3480038792135227,0.3895178770652091
2022-07-18,0.34870375116365193,0.3499877850249593,0.3492585183983044,0.34105705732040814,0.20101293094650785
2022-07-19,0.3492814775101748,0.3468991841174578,0.3506549562051567,0.34516247236396025,0.1933651850726869
2022-07-20,0.3480735042403025,0.347506434465354,0.3504837454395648,0.3493096728024121,0.12530320888811947
2022-07-21,0.35099364831877056,0.3512546348887722,0.3556050874654318,0.35480445222465273,0.12272262976869407
2022-07-22,0.35799989328407367,0.35897090224098716,0.3603925684983385,0.35507605729111724,0.13158588021821516
2022-07-25,0.35874568547683783,0.3539244424529877,0.36031766378843405,0.35447016906589357,0.09515852794263212
2022-07-26,0.3414979280060336,0.34072721721904853,0.34186970379562215,0.33649200293350745,0.29215504994370456
2022-07-27,0.3395021460818921,0.3466262355558387,0.34444856595239276,0.3473353128960044,0.15873455642979734
2022-07-28,0.3479614370952402,0.36208571502859754,0.35513138066470756,0.3627645699426876,0.1611537381449577
2022-07-29,0.3602929245515575,0.3651690128712046,0.3675864337973938,0.3681220782096759,0.1662053094303289
2022-08-01,0.37020441020325245,0.37627517754902406,0.3776083569292224,0.3738876779265523,0.17923527146635193
2022-08-02,0.37295058616415144,0.37452367560102884,0.37708850316246084,0.3703822770097466,0.15078651927657538
2022-08-03,0.3739711956208168,0.3720697270902418,0.37853744815604834,0.3740969555932092,0.12034081437864565
2022-08-04,0.3760755450161213,0.3704966159460523,0.37698667613604525,0.37019392710972243,0.15251081294574653
2022-08-05,0.36580631996716284,0.3646236676744776,0.36914063578039263,0.36746285355964614,0.12224199625352873
2022-08-08,0.3727506729716018,0.37081123817491224,0.37484691515763696,0.36874991120964684,0.08395574780430974
2022-08-09,0.37254023803209335,0.36818938626792985,0.36971944203617896,0.36238787014274876,0.13959765992603979
2022-08-10,0.3734240647780728,0.37333870341318176,0.37336377772045987,0.36657342347621713,0.18766750083236894
2022-08-11,0.3721193681529664,0.36660578771612995,0.36748996608815226,0.3585999443758522,0.1880441994432313
2022-08-12,0.3646910147876471,0.3612676972336717,0.36954794388627893,0.36384234992614084,0.1438820178694768
2022-08-15,0.3649224932211834,0.3702868677935157,0.371638077587561,0.3727785062931498,0.13652535252825054
2022-08-16,0.3803894612764296,0.3838890354867738,0.38588078455980596,0.3803857494768923,0.2045599058075538
2022-08-17,0.37923206910907814,0.3833436902901566,0.3859261243832158,0.38383883097700644,0.13519481828504898
2022-08-18,0.38876477186970204,0.38890201633287147,0.3938685252617418,0.3886940728439303,0.1125807601943342
2022-08-19,0.3883333802436161,0.3831444295452302,0.3903796097757271,0.38196579586030044,0.1123474561644336
2022-08-22,0.38238859320192486,0.37657931237016373,0.3808614624591387,0.37248551755985193,0.13788487969037655
2022-08-23,0.3747498048970971,0.3692486144383331,0.37292431371141815,0.3689277972263546,0.08534573323144294
2022-08-24,0.3716038025512093,0.36842010923579693,0.3755825350341388,0.37013114380971446,0.06303165241739714
2022-08-25,0.3747498048970971,0.3743874441759748,0.3757861890870819,0.3780313757267548,0.09835329640591427
2022-08-26,0.37923206910907814,0.3762332279184728,0.3673399052070599,0.3582023168091709,0.14058907121864567
2022-08-29,0.35506361630428296,0.3582263490215063,0.3591187126486763,0.3574070616758087,0.10682927681926117
2022-08-30,0.3626918828621518,0.35876120681062296,0.356449772691608,0.350166054408798,0.13911346771324473
2022-08-31,0.3534958760047634,0.34859890881927325,0.35510994339601215,0.3480314222087434,0.1712600207430205
2022-09-01,0.34737221926455053,0.3520178037058509,0.3516478244958668,0.3554293877257195,0.18181396656938514
2022-09-02,0.361029446839892,0.35753418011812443,0.35059739832810793,0.3449027210918766,0.14215500284329474
2022-09-06,0.34783517613151316,0.34527440060118875,0.34682325998160474,0.3446829795419031,0.14448291443101086
2022-09-07,0.3476668281798403,0.3541991844925394,0.353652209122255,0.3559211902423579,0.13442760494311473
2022-09-08,0.35222274462064385,0.35563186924854284,0.3565033658634587,0.35537706830902793,0.11065226008176422
2022-09-09,0.3604191855152845,0.36091112537426073,0.3650461174528346,0.36318312527611096,0.1452332762929926
2022-09-12,0.3663218855690301,0.36567240843727056,0.3730529373238151,0.3662595069761768,0.10245553276477208
2022-09-13,0.3590197931674378,0.35480745413492853,0.3427065540808864,0.3356840398747766,0.24469761903241732
2022-09-14,0.34120647553639194,0.33568891002939716,0.3367383112797712,0.33327734670805687,0.15319952560467243
2022-09-15,0.33546160168725014,0.3304923995498985,0.3339620777927455,0.3285685992077819,0.1262320289694734
2022-09-16,0.3261708991071215,0.3277499424551772,0.3304999588927123,0.32923828774123765,0.2576114000575881
2022-09-19,0.3288960315739925,0.3280331024610962,0.3322042217568035,0.3317810113912897,0.09396688757456649
2022-09-20,0.3297798583199719,0.32459323275918794,0.3263411287588435,0.3244039736409464,0.13601457475081008
2022-09-21,0.32925377097125585,0.32773945504756696,0.3258909461155664,0.31765476889068367,0.1610803661732393
2022-09-22,0.3203102860413217,0.3147036073662567,0.3166836391955104,0.31148107772370026,0.24079069237288409
2022-09-23,0.3044645350947841,0.30245431525693134,0.2943031306403493,0.28974759203935163,0.5059865144199999
2022-09-26,0.2907126117967024,0.3043311417259693,0.2961038612136822,0.30429238987338114,0.3619778487819363
2022-09-27,0.3113562793643184,0.3088306590946819,0.3070583055353325,0.3021996132065923,0.19560737391455796
2022-09-28,0.30718966756176525,0.3121341924974358,0.30572919487397227,0.31265303265711086,0.19634758302153732
2022-09-29,0.31148254032804557,0.30947039095990214,0.3055966053668509,0.30291115727331364,0.14866417481076366
2022-09-30,0.3062742755747989,0.30403791380873124,0.30324247170115165,0.2958898915563858,0.1981489120276339
2022-10-03,0.2997928794373226,0.30090217892807236,0.3016668324494573,0.3016031718565706,0.1878731726218506
2022-10-04,0.3096096693662773,0.30843213760482935,0.31273918174904475,0.3103928338570402,0.17081633488265768
2022-10-05,0.3069476673812699,0.3040798634392824,0.3064059694478178,0.304313317640014,0.10928090548339832
2022-10-06,0.30920984298117826,0.3145777584747127,0.31401469923855424,0.30658398032351064,0.19752006922294896
2022-10-07,0.30374905630047744,0.2990826137046002,0.2970792569410069,0.2915787716227919,0.21189930099851823
2022-10-10,0.2947319191417209,0.2897960142501431,0.29224515284211044,0.2896534170893943,0.11227596820910739
2022-10-11,0.28979721980973616,0.29713719958969387,0.29448534742448484,0.2956282944730372,0.18817053320908594
2022-10-12,0.299603487991732,0.2997485640889562,0.29727219235960234,0.28972666427271876,0.1570381043361998
2022-10-13,0.2826319101188298,0.29135863798672224,0.27876111081036076,0.2914113494895101,0.29801999297261883
2022-10-14,0.2971940079341787,0.2930890602452868,0.28386318076828676,0.2774525291221859,0.18433551317518831
2022-10-17,0.28627243457266704,0.2862616530055315,0.2910339471587993,0.2874141460559565,0.16264860048458996
2022-10-18,0.29842505233035266,0.29637214320321137,0.2999840068540615,0.29693627988967075,0.13820296445792613
2022-10-19,0.2927538307101434,0.2946377357297155,0.2979689035933257,0.29501092535627316,0.06950617941676505
2022-10-20,0.29611026799553963,0.2917152098461333,0.2936385753096692,0.2878850208059621,0.12203485911796423
2022-10-21,0.2884399144498351,0.29957027815925064,0.2929633013446413,0.3020740466065762,0.20565671735054541
2022-10-24,0.30727384153754655,0.3188985704173187,0.3130393035112295,0.3217356833908782,0.19077277851702162
2022-10-25,0.3195948072469049,0.32119531268783097,0.3232113947105186,0.3239226350076244,0.16613654283201368
2022-10-26,0.3245189848318206,0.32877770840274956,0.3287742587598134,0.32433072645762206,0.1618510335452259
2022-10-27,0.3273766145175907,0.32510892706759886,0.32807288481004954,0.3222274859075167,0.10812014205064928
2022-10-28,0.3247308691762191,0.3354157216569491,0.3300379502199548,0.3372494093415994,0.19109860868529466
2022-10-31,0.3377329682939926,0.3320694280007348,0.3349022924640566,0.3274269792943678,0.17255810803724536
2022-11-01,0.3314769927558271,0.32970569441598896,0.33412915197493004,0.3258126204605789,0.1091400229242928
2022-11-02,0.3252579100808244,0.3253453214389208,0.3164006110367041,0.3085683329176496,0.2014207158278415
2022-11-03,0.30742284586737456,0.3128321793839358,0.3125806527365819,0.3114825650981512,0.1535266117838736
2022-11-04,0.31745770469200574,0.3142032667375151,0.30912020476401186,0.31160835929293784,0.1511061740577851
2022-11-07,0.3033857125377789,0.31144007919728667,0.30698333035656017,0.3138516891009886,0.15621112580760194
2022-11-08,0.31780555168903424,0.32011837922866593,0.31773213076799617,0.318264968769985,0.1220765168137473
2022-11-09,0.3190388274059317,0.31940394290648755,0.32025568280059563,0.31534025373999086,0.11481394762455364
2022-11-10,0.3327945950173953,0.33754852420705894,0.33586871807549284,0.3396185333444368,0.26739802787444117
2022-11-11,0.3414169842175522,0.33963930109113893,0.34157062918278697,0.34207152014387154,0.19362674934847052
2022-11-14,0.34419976019411025,0.3436946727971373,0.344480644079365,0.33600195024278745,0.13362480462488346
2022-11-15,0.34865852624750027,0.3532556168789961,0.35584151404465086,0.35360265467109164,0.2050027543272978
2022-11-16,0.3500393734177092,0.3519528212326193,0.3560240611045788,0.35112870217245273,0.13502211678243076
2022-11-17,0.3476044444381796,0.3448399772601114,0.34828191815093185,0.3482039871424585,0.14236193064370456
2022-11-18,0.35590006827744824,0.35298245004985684,0.35389792475950893,0.3506674567913859,0.1089697287759535
2022-11-21,0.35470895583294126,0.3506079999202125,0.3580750310132012,0.35035297130430965,0.07587802752275814
2022-11-22,0.35915718106820604,0.3564075418298087,0.36301453969375047,0.35934725623549757,0.13245535378321482
2022-11-23,0.363415671577769,0.36061010843103847,0.36700909888762695,0.3620099000263165,0.0779425954858758
2022-11-25,0.3635843246673307,0.35962250527972095,0.36987616153479047,0.3611398235119738,0.02100060738595133
2022-11-28,0.36013747715087097,0.360032150459193,0.3654413417847227,0.3582675227297709,0.11943826585920515
2022-11-29,0.36029558942230766,0.35737413214805647,0.36443196392387184,0.35621288421400976,0.11954691080448861
2022-11-30,0.35646927245444393,0.366682817169664,0.3581394593873792,0.36699973642167394,0.32009417569939136
2022-12-01,0.3477520158914911,0.3420557768868131,0.3297129090726649,0.32990093179289715,0.6726761207307012
2022-12-02,0.32601684898363215,0.32086433480033927,0.3258930581531833,0.3201204331439642,0.32326738264174054
2022-12-05,0.319671276491568,0.31427681165304,0.3179683681396083,0.3139670004462827,0.20009981100175556
2022-12-06,0.3177317659623785,0.3129845224231981,0.3098503930037237,0.30610486326861275,0.256677660600099
2022-12-07,0.30553603942870056,0.3078048590871856,0.31167586360311567,0.30695397408375114,0.1600384004407761
2022-12-08,0.3095520911221561,0.30443229938979866,0.30590952412164346,0.3063774173574997,0.2467473241995521
2022-12-09,0.3013302530096532,0.31153463694577155,0.3026881054170058,0.30805467328868186,0.383873677956914
2022-12-12,0.30937289721457917,0.30914968039959234,0.3136087148258759,0.31293968118834725,0.18136483799500047
2022-12-13,0.3244568079058464,0.3198136931501415,0.3145537716933015,0.31348478936601165,0.2180383684124974
2022-12-14,0.3158291482965718,0.31321566358619757,0.3140060231328769,0.3085788157671421,0.1676185310596326
2022-12-15,0.30158323264388576,0.2974664401841586,0.2948063676527332,0.28802194776003753,0.3030963704738207
2022-12-16,0.2867417607688362,0.2849534031933555,0.28806286449755536,0.28544316676581605,0.45693918300885167
2022-12-19,0.2863833729535725,0.28350351771592897,0.28642530998933835,0.2824870031870156,0.14608108366948197
2022-12-20,0.2817875762649962,0.28018349010099697,0.2833918073757633,0.2816378923718772,0.15177782590160388
2022-12-21,0.2847600869672562,0.2837976973780283,0.2873326762578435,0.28608262058957035,0.09616543003668494
2022-12-22,0.28399060724654346,0.28034108634858157,0.28431528073778484,0.28257086598361314,0.1427808102882367
2022-12-23,0.28279949480192645,0.2832617650722127,0.285829347529005,0.28670110871423016,0.07179588733875043
2022-12-27,0.29005157764999956,0.2848588454447609,0.2883098399315492,0.2823507261426269,0.07193362987053563
2022-12-28,0.2828205764381766,0.2804041248475714,0.28368173505917166,0.2765746760294149,0.08169932417191984
2022-12-29,0.2808072801824414,0.2788701880380853,0.2843904471742324,0.2802856047772636,0.09643924041901782
2022-12-30,0.27977428000926097,0.2764537122424111,0.28148043227765424,0.280254156228567,0.13184576981276125
2023-01-03,0.28330545407050156,0.27866005970804575,0.27842008450818106,0.27687867866699845,0.15014501169503175
2023-01-04,0.2824411069867727,0.27940601527982867,0.2834562357498291,0.28031705332596035,0.16262630629061559
2023-01-05,0.27965833101021476,0.27617003899684667,0.28026703123222424,0.2736394781498186,0.17015985983755383
2023-01-06,0.28866018966177553,0.305577498788591,0.2937969897919946,0.3078974305450891,0.484706130599807
2023-01-09,0.30958371357653147,0.30815157083184963,0.31089198505160737,0.3035784965221826,0.19271216405763542
2023-01-10,0.30348057990057486,0.30312950374342174,0.30803566046671343,0.3063564516582955,0.11579154279695004
2023-01-11,0.30684310087225375,0.3056825629536106,0.31193357709949115,0.30940696088318587,0.1081020345597687
2023-01-12,0.3117551221037034,0.3061868709457495,0.31154700685487186,0.30743618516402216,0.11352496640955774
2023-01-13,0.3074333866854997,0.306806749519443,0.31181545841362895,0.3103923487428226,0.09025809663894617
2023-01-17,0.3119026935569047,0.3119443871894254,0.31757642886385423,0.3119857418775168,0.1042838660058235
2023-01-18,0.31156538737800143,0.3101943333925242,0.311300031420878,0.304333261691231,0.14463897378883128
2023-01-19,0.3025319062721753,0.2983700970675982,0.30007875626610564,0.29387137782024497,0.1440089796407955
2023-01-20,0.3000864364746306,0.30126986802245115,0.30158208499494404,0.3050041640637915,0.21405105705356375
2023-01-23,0.30644254978470964,0.31694544144478354,0.31031212968479055,0.3181077260265017,0.2266951097319181
2023-01-24,0.3191969396773683,0.3152223891383277,0.32041664635523176,0.31758358354793204,0.10117639030204655
2023-01-25,0.3163614596102947,0.31347832399880193,0.31772139270561456,0.3162941930508213,0.0822882886296366
2023-01-26,0.3204091337580154,0.32054914230527987,0.32552538689840055,0.3240724674318938,0.10810318590311947
2023-01-27,0.3273239104270751,0.3315073347178187,0.332067444003926,0.3293034093674416,0.1560057680208523
2023-01-30,0.32796690033083675,0.32783008894179744,0.3347626976535432,0.3292929265178395,0.13736154180365473
2023-01-31,0.330981574305377,0.33393431693002773,0.3365130018163755,0.3375324462799789,0.14449359052389993
2023-02-01,0.336336309896651,0.3434321174487148,0.3394337547753353,0.34462933543899843,0.1608350253719441
2023-02-02,0.35413076951673716,0.35447581382185966,0.35749002437979055,0.351359324863041,0.18251775135944864
2023-02-03,0.3486823553070716,0.34553000452505833,0.3487343200497128,0.3422970705395483,0.1361271970640326
2023-02-06,0.3437302113838854,0.34097490367590255,0.34848143413123217,0.3431266395911481,0.12523726831439252
2023-02-07,0.3411432705284798,0.34178328910188904,0.34324139265098524,0.3441137217538319,0.14482789876593788
2023-02-08,0.3404041445698397,0.33566856533543576,0.33696657340142927,0.33075660993521905,0.15902636963543343
2023-02-09,0.3340687792096738,0.3324901719147072,0.33358902434105325,0.3274173319805659,0.10192110011485174
2023-02-10,0.3269098163528351,0.3234285933211125,0.3303190405372756,0.32674527603994064,0.10396274587853098
2023-02-13,0.33032035470502386,0.32999060755239473,0.33674068636233706,0.3335288406899697,0.09516962270583064
2023-02-14,0.33377312882628385,0.3311114648348217,0.33381491138014546,0.3301370583649552,0.07470606465923325
2023-02-15,0.33136568998943194,0.3348687047395177,0.336729929836666,0.3386007628664379,0.09209030258035932
2023-02-16,0.3322948769088935,0.33414241026946134,0.33916090463810095,0.3310611352833148,0.095495557541681
2023-02-17,0.3329917670984621,0.33096412209344817,0.3372623778573272,0.33461043071930396,0.08340498701232367
2023-02-21,0.32934893201649074,0.3270490149659616,0.3315775540406774,0.3285829290024783,0.13276045977117368
2023-02-22,0.3326222041191972,0.3285961137501643,0.3316313366690327,0.324015048781479,0.08251866196737155
2023-02-23,0.32721602567849295,0.3216446937025046,0.3222301332334246,0.31955217730120244,0.1049658799397994
2023-02-24,0.3164247866818406,0.31269888440570326,0.31883107112170644,0.3147952813469024,0.10927609077484048
2023-02-27,0.3206166867617407,0.31548250452441096,0.31988521063735803,0.3131361432435933,0.10028912324889834
2023-02-28,0.3132782218862382,0.3111465233805726,0.3178414707600811,0.3101433941333249,0.14388023852066195
2023-03-01,0.3085266978661415,0.30451083777871335,0.30841875427313087,0.304357412520052,0.12724918848610595
2023-03-02,0.30457765345840204,0.30962047355942335,0.30900154283394626,0.31172902611801867,0.1950814193384025
2023-03-03,0.30190624106485353,0.2975909911755238,0.29799568089888434,0.30077661446173654,0.5035173016028689
2023-03-06,0.3036907023080119,0.311080640126288,0.3089565805566839,0.30898829798548477,0.26807051705887874
2023-03-07,0.3138061689996313,0.31780852018641326,0.3191537668918382,0.3111619789182256,0.221423841201701
2023-03-08,0.31053289689692487,0.3090416270754558,0.3150018555484128,0.31209655671054815,0.10518285582763427
2023-03-09,0.31526330303248595,0.3123252653114512,0.31229110351437556,0.3052499868160854,0.11365025349963896
2023-03-10,0.30628820210557517,0.3022849099359848,0.3012764212282208,0.2964502543443994,0.165314169676819
2023-03-13,0.29342741042464227,0.29831718040086486,0.2995768901724178,0.2973533295145051,0.13146415182576365
2023-03-14,0.3025397776009251,0.30723141625308603,0.3062459360878013,0.30777019659321103,0.19670376678724022
2023-03-15,0.3089596144991238,0.3091889698168294,0.31220505130900716,0.3116975234958018,0.17612706308953358
2023-03-16,0.3125707727544017,0.31036771174770794,0.3167443051417453,0.3133776633472555,0.15041474004184818
2023-03-17,0.3169421748528556,0.31222002049618436,0.3153997394329751,0.31315714499173786,0.35751409061093103
2023-03-20,0.31581236803030455,0.31315669935205903,0.3199282367400423,0.3155093407837072,0.11308661859563952
2023-03-21,0.32109183916379447,0.31548260976923614,0.32021866293316087,0.3171474771388717,0.11726725096992828
2023-03-22,0.31735397360130213,0.31929247208145584,0.32168155042431273,0.3136506860731345,0.07913632920548831
2023-03-23,0.31865272350013885,0.31574572180729343,0.3183900535693052,0.3139027070507594,0.10701411976085133
2023-03-24,0.3146931201500215,0.31860838078233134,0.32082726715554183,0.3217888634783769,0.11442290955559507
2023-03-27,0.3256110664539984,0.3226999834650126,0.3272319176700183,0.31963618429367113,0.0950900753470489
2023-03-28,0.3206800404153479,0.3166007306865386,0.3195947844443517,0.31286312051771425,0.09045979106048875
2023-03-29,0.31707944110233777,0.31369344790981,0.3201218542021213,0.31716847888701627,0.11507163919997547
2023-03-30,0.32109183916379447,0.3183701065205936,0.3256076822938005,0.3178090322053152,0.10487188845534416
2023-03-31,0.3232036276171464,0.3211237318669887,0.3287701008408675,0.32346900332972106,0.16102719504394836
2023-04-03,0.3247874689571052,0.3220077883151202,0.3299102925618876,0.3236370173148774,0.13199335109681676
2023-04-04,0.3247874689571052,0.32556106376778304,0.3304481188453284,0.32437207849982663,0.14336318068858078
2023-04-05,0.3274272045238502,0.32719635770733524,0.3300770187097329,0.3237420260556,0.14631710905639356
2023-04-06,0.3094770026702489,0.3100625017834342,0.3110863726393292,0.31203355146611444,0.3737805834735966
2023-04-10,0.31148320170092225,0.3164333914302534,0.31556108731804106,0.32027673761207953,0.11618226686317655
2023-04-11,0.32196823137191677,0.32283922235561835,0.32775898742790016,0.325338158914366,0.10506531413827654
2023-04-12,0.32848309875052617,0.32290236924477833,0.32296157697905653,0.31557234602814077,0.1591067543348339
2023-04-13,0.32160922733480957,0.32120792771920215,0.3248654820226096,0.32454009248498294,0.11062651185773752
2023-04-14,0.32446014174691173,0.32323915265363223,0.3247041341375438,0.3176200164720143,0.11845397196185871
2023-04-17,0.3208489834916337,0.3206290812352347,0.32576903017886644,0.32039224722687454,0.09075484896102252
2023-04-18,0.3243651112665009,0.320355444715541,0.32895834004005503,0.3235005059519378,0.08331581023642627
2023-04-19,0.3254526823199805,0.32073432605050145,0.3286517790584859,0.32258692990775983,0.05810903158731416
2023-04-20,0.32399554828712585,0.3340688441435997,0.33045887537099944,0.33261526464579183,0.2504603018382662
2023-04-21,0.3383768276546306,0.3340477951805463,0.3411616184126935,0.3334238319492471,0.10101070152711043
2023-04-24,0.3349240535333706,0.3351528657407382,0.3415380968111806,0.33874777510344967,0.08693019101728199
2023-04-25,0.3402352014935539,0.33666839108036084,0.3377195301982912,0.3300845539945938,0.13044741097944046
2023-04-26,0.3289265743257763,0.325870273035083,0.32817849192895926,0.3211483101599685,0.09182685428818356
2023-04-27,0.3230241255985927,0.32522827966195544,0.32972743162547963,0.32808938792108155,0.08561828760284766
2023-04-28,0.33013029374420233,0.3279330714140931,0.33597697303980395,0.3301370583649552,0.06559182135924038
2023-05-01,0.32758558865786813,0.32290236924477833,0.3232412466463919,0.3200247166343452,0.1737064160282904
2023-05-02,0.3232036276171464,0.3183031708180576,0.32432765573916883,0.3213058232710525,0.14624405108740718
2023-05-03,0.3248930583797839,0.3215657600909996,0.3241679213328807,0.3163179080871624,0.09240587532605259
2023-05-04,0.3178788456708982,0.314357738141988,0.3212414217539033,0.317683021716448,0.0987504051943588
2023-05-05,0.3223863119954008,0.3233116100407605,0.3288405471556611,0.32685883170497154,0.12200659887208125
2023-05-08,0.32679855015821735,0.32420794640438233,0.3317724083035561,0.32685883170497154,0.04936426483534691
2023-05-09,0.32636473297667723,0.3257794616595461,0.33251615249186,0.328679261897601,0.10762276172310885
2023-05-10,0.331644605502354,0.3291892099794562,0.33112567422688705,0.32749019477749397,0.07473694159454984
2023-05-11,0.3290628642272737,0.32710830483890063,0.3337665050402137,0.32983676086403824,0.05266338687324139
2023-05-12,0.332935476139949,0.33030385629391323,0.33770080400710273,0.33213071336116906,0.09725847354689217
2023-05-15,0.33382427231663947,0.32921230653940814,0.335178541107847,0.32999460163216876,0.06197377721317761
2023-05-16,0.32958132866369483,0.32425023736588887,0.3302633621245123,0.3237967208028215,0.07188318009825563
2023-05-17,0.3274651472906801,0.32184566399370773,0.3276710363668908,0.32258660824697094,0.1597114189291523
2023-05-18,0.324290875231103,0.3224679000857036,0.3300262262963704,0.3258486507887385,0.18372069582586747
2023-05-19,0.3289358933449523,0.3233010636663812,0.329853763875873,0.32418606136423955,0.11423995063039712
2023-05-22,0.32640705660411773,0.3207804801753703,0.32405471498772737,0.3192929975516431,0.1465531344433051
2023-05-23,0.3160060251557213,0.3104133941017705,0.3180508669752062,0.31192709503793214,0.13152318433938587
2023-05-24,0.3160906724107123,0.31049776509735294,0.3158304133117367,0.3097068015659581,0.11063519926665709
2023-05-25,0.30864171397766527,0.3118581419361848,0.3113463903795894,0.31369491164114827,0.30127054925462554
2023-05-26,0.3143977273122125,0.335281745029111,0.31929044062234196,0.3354874603638368,0.4981189666337557
2023-05-30,0.3399347460312483,0.3395477534897605,0.3381211811570722,0.3362977096403429,0.20946316313582802
2023-05-31,0.33895601214616433,0.33856694066689574,0.34174289198684454,0.34001222905086825,0.29018698548689836
2023-06-01,0.3394533147688652,0.33843511098638723,0.3386709051223305,0.3411065917099655,0.19511637830923556
2023-06-02,0.3405008245485124,0.3434551852194312,0.3465395030561084,0.3410960689921486,0.18224896502082832
2023-06-05,0.34290269040691546,0.3438928597586931,0.34936357519126265,0.347051927310282,0.15490246708806532
2023-06-06,0.34889148369249534,0.3435922880871294,0.3501612138858809,0.34495790645287816,0.09071423794101292
2023-06-07,0.34493422452493916,0.34428834880010895,0.3478006345057923,0.3396649793609371,0.12990083689054815
2023-06-08,0.3428074622451194,0.3453404551141328,0.3498809624526427,0.3489881073996647,0.10334855653467422
2023-06-09,0.3488279982513346,0.3472096945197253,0.353114632836324,0.34603122367634154,0.07787979493946919
2023-06-12,0.34786513572667854,0.3463765309390475,0.3536535779003644,0.3499141065728144,0.09016944320093549
2023-06-13,0.35288048558068696,0.34814832184485367,0.3557123480446666,0.3510189919498382,0.06919479337416555
2023-06-14,0.3560335958265438,0.3533203693334529,0.3613497134136449,0.3564697598100194,0.13583548852597382
2023-06-15,0.36026595857257326,0.35691235900370266,0.3651438866639148,0.35855325794960624,0.13900157807306363
2023-06-16,0.3614298583277369,0.3560264635507996,0.3607999894483865,0.35273419496375047,0.2725748862498936
2023-06-20,0.35280641923261113,0.34809558997262824,0.3559602627740264,0.34857772140239374,0.11944245256229892
2023-06-21,0.3485317328591412,0.3467667467932737,0.35423563856938894,0.34849353965941987,0.07640712212623392
2023-06-22,0.3514732249675755,0.34997284462277534,0.35762021357101953,0.35331294444696915,0.05972269162723229
2023-06-23,0.3540549662427658,0.35073218358235947,0.35725373092758866,0.353565489676,0.09323442386831061
2023-06-26,0.35539874141460637,0.350173225737078,0.35932327997322105,0.3524921724525366,0.0769175859009424
2023-06-27,0.3535470827131497,0.3581251920642272,0.3602287076805801,0.35976337050534735,0.11827195504485687
2023-06-28,0.360244796758853,0.35926420050365837,0.3672457724133132,0.36236248182092246,0.07343226024295228
2023-06-29,0.3619377418572428,0.3581647409683689,0.3676122550568562,0.36119446013655876,0.060516176531079935
2023-06-30,0.36573628742184217,0.3656658497881724,0.3726567808554799,0.368234158396082,0.17568819193772867
2023-07-03,0.36899520673630026,0.36726889870292323,0.373422082846332,0.3710332013512747,0.04268532205742545
2023-07-05,0.37319582676169427,0.37251044679913814,0.37682821565051067,0.3711279058121749,0.11396561691017752
2023-07-06,0.3707198945553255,0.36644628149662484,0.3758365567328468,0.36717136389054505,0.12657973466141137
2023-07-07,0.3654400220295386,0.3623964737120664,0.36295576970421145,0.35420737546644887,0.2299519460685654
2023-07-10,0.35609708126770456,0.35679634888487277,0.3634192624592772,0.3562698281702924,0.14779553858638272
2023-07-11,0.3586788225427847,0.3563850402817784,0.36459459385470055,0.3590373029719246,0.07522846053775899
2023-07-12,0.36344023063204034,0.3662459003823221,0.36994049773317855,0.36783429511684695,0.148310503066917
2023-07-13,0.369577156613882,0.36520180931285284,0.3717459636973997,0.36830781742123886,0.11551312704121401
2023-07-14,0.3705400191385383,0.373364703128684,0.37747494972729173,0.37698905966951757,0.13451071099952616
2023-07-17,0.3784439565668456,0.38111628834142086,0.3860980707505916,0.3835762810603923,0.14304624726438203
2023-07-18,0.3853109651223108,0.3819494519220986,0.38964432927150167,0.38423921228658475,0.12932589788819554
2023-07-19,0.38722610926481815,0.3828838606974093,0.39247928809691296,0.3847863936161334,0.07510024275551215
2023-07-20,0.3865171885049149,0.3883458280194231,0.39430081462403416,0.387785368211053,0.12447057831034501
2023-07-21,0.392188554584581,0.38938464590159305,0.3983321237024458,0.3887324128199463,0.4941100937538891
2023-07-24,0.3909505884813417,0.39415160714810893,0.3966344467510777,0.3951197025710941,0.1615723037867578
2023-07-25,0.4002300438021251,0.39518409720571723,0.40571567107872214,0.3964455650235883,0.11085950188490608
2023-07-26,0.3988968495370895,0.3956861046289558,0.4047671277661546,0.39747679137545533,0.07984262601740812
2023-07-27,0.4012352299543318,0.39899239301560874,0.40172747760540667,0.3929099318169371,0.09856420157426317
2023-07-28,0.39791282519860294,0.3954593575785953,0.4039048156637797,0.3944778167806452,0.08666496337629136
2023-07-31,0.3962410419139334,0.3917478774859793,0.40005674790719564,0.39168929654326945,0.08609609509342471
2023-08-01,0.3937333669869292,0.3902598895163467,0.3951954634302873,0.38621748324734495,0.09445673183653815
2023-08-02,0.38487714794077066,0.3836706202305331,0.39139816429866875,0.38293439526983397,0.11434210618588524
2023-08-03,0.3862209231127215,0.3875917622470285,0.3926947583334675,0.38855352661607223,0.09633907354749925
2023-08-04,0.3941989268889946,0.38858312144427254,0.3918216673298747,0.38260819101564636,0.0626300429231268
2023-08-07,0.3877657355149594,0.3867585986663509,0.395680513987789,0.38931116230316487,0.04938184898834076
2023-08-08,0.3909505884813417,0.38605726476607194,0.39228516008482833,0.3869014599093903,0.049920468341354884
2023-08-09,0.3909294266676214,0.3894268313994391,0.3976422740206806,0.3906685929092195,0.09715234062346499
2023-08-10,0.3964526600512459,0.3969358500000273,0.4018352666182596,0.39255215940918886,0.058996089305307683
2023-08-11,0.39343710159473577,0.3924957208973626,0.40003842377503523,0.39409899893704414,0.05229139830335951
2023-08-14,0.3981138624291103,0.39535389383414465,0.4015550151850214,0.3925311139734454,0.07368450910435222
2023-08-15,0.39417776507527436,0.3926645683521881,0.3991405412983942,0.3894163894818822,0.06079898832506442
2023-08-16,0.39486552402145736,0.39244309448901726,0.3997010441649828,0.38998461624728376,0.08338960087845405
2023-08-17,0.3925059817906048,0.38766558686801234,0.3849986228201871,0.3774204911024225,0.14636106943887817
2023-08-18,0.3792269436748247,0.3761173068572451,0.38287517926812825,0.375137061323218,0.13967982397425516
2023-08-21,0.37598918617408683,0.3715612730996305,0.37553474749706056,0.37331663113058866,0.1604311131909722
2023-08-22,0.3739788138697835,0.3681969796535627,0.37682821565051067,0.3682236356782651,0.07772289824102997
2023-08-23,0.3708045418102063,0.36736381607288493,0.3754700740894161,0.37084379242958365,0.07873419637333125
2023-08-24,0.37224834994341927,0.3682790529829397,0.37072551722132335,0.3622888227957656,0.10926499601164198
2023-08-25,0.3654847813888896,0.3627685679748732,0.3704447281708296,0.36471369071954696,0.10130701543857233
2023-08-28,0.3687605536198941,0.3640946770228909,0.3732094203603927,0.3670120437950596,0.042096776270018066
2023-08-29,0.36700075365118967,0.37046634041668625,0.3745269689820005,0.3739492746376871,0.0968112289888997
2023-08-30,0.3758951643363627,0.37189642486733354,0.3798943596779681,0.37341158653290096,0.07842050764403018
2023-08-31,0.373001035472182,0.3801136516580501,0.38063953061968897,0.3808127051522948,0.16149432644163625
2023-09-01,0.3868568099246319,0.3814661772209419,0.38133070366702365,0.3755096244321251,0.09358830494731192
2023-09-05,0.379075525725606,0.37693310326409435,0.38495936216575494,0.3760156838248714,0.12253590281071174
2023-09-06,0.37482444266865367,0.3763942063601802,0.3808339230393219,0.37808209301205575,0.09765704768141954
2023-09-07,0.38217107747786316,0.3788350923368936,0.38526715016349783,0.38011687348720025,0.08337923878829696
2023-09-08,0.38261632807234414,0.38030374489924157,0.3893871895005931,0.38282639981933975,0.05588358955781822
2023-09-11,0.3865811786042337,0.38771104134325396,0.39344783115385257,0.3908284639675992,0.0884501735754769
2023-09-12,0.3934401580004142,0.38877826854519837,0.398113249223698,0.39083900687164896,0.05359388163583283
2023-09-13,0.39240123994658893,0.38882465594536064,0.39642311513128586,0.3918616685611914,0.06480273249364119
2023-09-14,0.39930262416120743,0.3954344906374865,0.40250867782183725,0.39714366347337093,0.07470585532407857
2023-09-15,0.39985388680211376,0.39417780419066195,0.39742207617636344,0.3882770811957682,0.2513838885407529
2023-09-18,0.3922740254910543,0.3927830122039059,0.3995009951079294,0.39498236815006726,0.048109405250565285
2023-09-19,0.39594204229332686,0.3939876052834368,0.40162311235486964,0.3967008615047043,0.06299323941651175
2023-09-20,0.3988149687482885,0.3980968526751614,0.4051113763283541,0.39615263049586846,0.08044425525198352
2023-09-21,0.39851813501856126,0.3931845432304528,0.396061329239269,0.3869275894816685,0.1198250125574926
2023-09-22,0.3890724616924818,0.39149388627686554,0.3966013081825694,0.3906281487913107,0.10303057643470202
2023-09-25,0.39366278329770965,0.38969756326367233,0.396552710077633,0.39065977750335046,0.0805673443229405
2023-09-26,0.3933023423402151,0.3898032293232784,0.393599025257999,0.3846924938302355,0.19693466346286187
2023-09-27,0.3808247244897559,0.395223898180729,0.3857477314229621,0.3958363433753609,0.4236784436182451
2023-09-28,0.39851813501856126,0.4012257303659581,0.40663411694838253,0.40121322442355056,0.17258071623395171
2023-09-29,0.40480464936461624,0.39996830425667906,0.40299465887075153,0.39734397864965953,0.14066547855010703
2023-10-02,0.40258899759676636,0.4007607997036695,0.40655851989630915,0.40403872269990904,0.13482565573975536
2023-10-03,0.4059707818740861,0.40546801132668464,0.40548936158872045,0.3974283218817293,0.15321156237606703
2023-10-04,0.4042639879284845,0.4016800944221435,0.4062994379993768,0.4045553249967051,0.13137612639321705
2023-10-05,0.40710511076956246,0.4039413480976254,0.4069419049460132,0.40215154288102317,0.1084514149329442
2023-10-06,0.40065957835397914,0.3956993954489014,0.383479819861213,0.3895106009656488,0.3875956570072797
2023-10-09,0.3889028424183991,0.38809143915781386,0.39120151874990267,0.39102877914399725,0.1295711340219134
2023-10-10,0.39411863509674505,0.3956993954489014,0.3992580045834722,0.39431816519701246,0.17096339282882655
2023-10-11,0.39934502897975555,0.395223898180729,0.4024546799275634,0.397934381274585,0.09487226211859527
2023-10-12,0.40273741446163003,0.39801348215413146,0.40480898812017324,0.39609991597572913,0.09570782338853535
2023-10-13,0.3982849085167113,0.39621715914093814,0.4043770049655329,0.3993260446046647,0.07332822067107199
2023-10-16,0.4044760120211154,0.4032509260642205,0.4114399295434748,0.4050192127734713,0.09262410722481561
2023-10-17,0.4068612830630479,0.40532557347838793,0.41380503731498436,0.40723322261680484,0.09014181096051656
2023-10-18,0.4089550209775854,0.4066358326174152,0.41519818298855343,0.4075495097373123,0.08041735568460602
2023-10-19,0.4087270950780677,0.4051036747531823,0.4066773152638689,0.3980503532186944,0.15448756481147224
2023-10-20,0.4011366325623438,0.39540353048196053,0.3936098248368987,0.38466086511819564,0.1833633607168138
2023-10-23,0.3879911388202183,0.3851063729740798,0.3877996514073912,0.38398611926109105,0.12904758680003686
2023-10-24,0.3858284930754712,0.3841183953168674,0.3907101379115388,0.38351168858038465,0.11880199165652873
2023-10-25,0.3820650654315476,0.38183600842950827,0.3866980943631035,0.38156125133741936,0.12705482079497749
2023-10-26,0.38323119794090765,0.3827130367242275,0.38661180572800474,0.37904149727751846,0.144617307600321
2023-10-27,0.3810579509916059,0.37570737697279566,0.38088792093359586,0.37422339014210515,0.10045376534806104
2023-10-30,0.37908612693027055,0.38450935973742084,0.3845705773266011,0.3867167314013301,0.12063995431469583
2023-10-31,0.3858921003032383,0.38204734054872025,0.3904271889452426,0.3841442628213997,0.08908048172624468
2023-11-01,0.3889028424183991,0.3867072137770513,0.39106112422465594,0.38874096897242494,0.124735910618913
2023-11-02,0.3915753767984066,0.3889224970052786,0.3947035358356727,0.38894128414871343,0.16296658058456215
2023-11-03,0.39245689107494564,0.39260642214700614,0.398187380095583,0.39414847160347277,0.1343065045561273
2023-11-06,0.3958130177178031,0.4028324902128835,0.40348888223013163,0.4035699953554086,0.1583952241440469
2023-11-07,0.4085684230917348,0.404145153194473,0.41368886414313716,0.40510152107739017,0.08683724620860019
2023-11-08,0.40816483824229455,0.4031924139335923,0.40799515904449807,0.4009928072439308,0.08373123585090607
2023-11-09,0.4048511942150691,0.39896860321074656,0.4055229279470423,0.3966517239905347,0.07796290099588059
2023-11-10,0.40368292228249103,0.408374256913158,0.40869300983565776,0.41128043519712043,0.14294262636281113
2023-11-13,0.4112235865750673,0.4105602642171573,0.41793818039488934,0.4124528445429456,0.11590479311563663
2023-11-14,0.41838190732618463,0.4228400146896192,0.42629616080091676,0.4257295882156825,0.15637943127197168
2023-11-15,0.43139220839456904,0.43166873183959686,0.4394741803926054,0.4320458115381026,0.16972088401817154
2023-11-16,0.42330989075128056,0.41758406976753204,0.4165911660770249,0.41282252316546275,0.2523610650428399
2023-11-17,0.4153656416091541,0.41052850624179094,0.4185602954412538,0.4113121219362026,0.12881344542951756
2023-11-20,0.4137088195955414,0.41306914427054975,0.4221090560538459,0.41516734185711335,0.11313298633240308
2023-11-21,0.4186580443285084,0.41585326011045043,0.42250937356193746,0.41886412808261253,0.06595407584442924
2023-11-22,0.4238090614861405,0.4224085296643524,0.4318520268440397,0.4239128818419605,0.05498721642544105
2023-11-24,0.4282378741763766,0.4256400095171482,0.4362500015434217,0.42632107401177555,0.010695456390934235
2023-11-27,0.4298309722663761,0.4317216617985409,0.438416584813696,0.43006010922271787,0.11343840632309395
2023-11-28,0.4305425560798365,0.4290539918683167,0.4373469797095573,0.4291095070504686,0.077795851542439
2023-11-29,0.4326773075204381,0.4267144876834351,0.43301500330212445,0.42262428778627636,0.0812495675920711
2023-11-30,0.4248498855716025,0.42444908544118465,0.42804349262687263,0.4277786640092318,0.12681869074048857
2023-12-01,0.4306381419652563,0.4279212907471367,0.4364447506013545,0.43148601248109186,0.09752527120154296
2023-12-04,0.4294380080707614,0.4312876361353105,0.4373860377151267,0.43447512820063927,0.11308954928780517
2023-12-05,0.43621398528030964,0.4411855384557357,0.4434124391211753,0.44109765666741185,0.18904544948810753
2023-12-06,0.4436165810718342,0.44076421598265203,0.4508020839332026,0.44329460391001185,0.1648803225687266
2023-12-07,0.4483958753418327,0.44485887760567466,0.45349611256893135,0.44701251462823255,0.12003120768486099
2023-12-08,0.4469089837911886,0.4461927125708415,0.45498918868027355,0.4468329564400997,0.10034983044375807
2023-12-11,0.46110879810002225,0.4582819151911054,0.4669230863730813,0.4606483746771257,0.16701595981686107
2023-12-12,0.4669182958015473,0.4632149873636896,0.4717376076687813,0.46660548162338944,0.19162676128057432
2023-12-13,0.47380047955034077,0.4768762097643131,0.480165914123491,0.47980828957160115,0.1981646121642356
2023-12-14,0.4815110743059957,0.47614048333515746,0.4794085566757625,0.4679574491573477,0.3449423632285217
2023-12-15,0.48185093523182265,0.4972912949247522,0.49044433662929227,0.49757398794678487,0.8649889779807678
2023-12-18,0.506278439278592,0.5184950364732909,0.5127322843787361,0.5212545442827891,0.5432107009619056
2023-12-19,0.5174301259085885,0.5173177683267515,0.5214094368521711,0.5175577580571803,0.30215802564292843
2023-12-20,0.5140208959959432,0.5104920266826187,0.5124077026154399,0.4998765576529922,0.33902644708944063
2023-12-21,0.507722848213494,0.5030712464402195,0.5109470846804387,0.5042704521380826,0.19309775941257207
2023-12-22,0.5099956681552574,0.5093522329470004,0.518033786513397,0.5110725387930976,0.11493483867638639
2023-12-26,0.5153166157758581,0.5120905114423954,0.5232054559425823,0.51426233719339,0.12886546521545766
2023-12-27,0.520199746529233,0.5203052855210409,0.528048247005328,0.5218460300787726,0.13807171131593626
2023-12-28,0.5236205113512734,0.5184435353374824,0.5293648284240802,0.517850085807863,0.0997846255260985
2023-12-29,0.5183536194824839,0.5144656679393819,0.5244639063641816,0.5145885312947833,0.1469464751989652
2024-01-02,0.512467732074489,0.5086368744867008,0.5159898170708714,0.5044042733284206,0.22127856260434703
2024-01-03,0.507722099607101,0.5060932041777473,0.5089096380267712,0.497967563097339,0.21655533350910505
2024-01-04,0.49780731140872747,0.5000858125970388,0.5060444886976687,0.5019203079708194,0.17034606345764947
2024-01-05,0.5131193063262958,0.5106393383469736,0.5190210187241258,0.5101929925966404,0.1733935646396081
2024-01-08,0.5127175022043226,0.5132696016877513,0.5210054601568217,0.5163273070450605,0.17811417704541643
2024-01-09,0.516051390459426,0.5189089728834269,0.5256752807475746,0.5222564243552812,0.14052564266677497
2024-01-10,0.5276494121415419,0.5259879532326288,0.53756776898563,0.5282827403099638,0.13170321257241818
2024-01-11,0.529213190345856,0.5267239940029138,0.536057699548939,0.5291683279591796,0.11798118851499421
2024-01-12,0.5362719114071691,0.5366876047237666,0.5454278740024798,0.5396009824612804,0.1930926307012822
2024-01-16,0.5425053050828016,0.5397236646598661,0.5476957438526244,0.5377110088196175,0.11336733703807712
2024-01-17,0.5395297826662028,0.5379377916202874,0.5488352101674647,0.5406269681524968,0.13012461617091042
2024-01-18,0.5420600626773598,0.5410226683780316,0.5499636137026573,0.5439965211593137,0.142037461153937
2024-01-19,0.5482174393569226,0.5501257608454622,0.5526795261328612,0.5522692057852443,0.1804767336012335
2024-01-22,0.5557431219653013,0.55286426547602,0.5613638082416132,0.549612442837488,0.1998404447450962
2024-01-23,0.5506282640886514,0.5452549028070054,0.5548478309650531,0.5442989169419755,0.1742714116107953
2024-01-24,0.5487604179001682,0.5434624270488182,0.5531828826117209,0.5431325332088676,0.14643192938874033
2024-01-25,0.5460455251842701,0.5397021246431538,0.5452619323061907,0.5359938327680004,0.23113814372260916
2024-01-26,0.5390736806898939,0.5405031101873067,0.5491781563399154,0.5435321276359915,0.13417713543052967
2024-01-29,0.5497377792778783,0.5479609350506291,0.5566565954552665,0.5512324202446431,0.1749890125210683
2024-01-30,0.5530390888203804,0.5571776808722191,0.5616790974646635,0.5585007188781266,0.1116699429362835
2024-01-31,0.5621394092039405,0.5602896179524082,0.5641571601300255,0.5521720071407822,0.144955593210298
2024-02-01,0.5552814015237966,0.5611568333744532,0.5635611048180986,0.5636414471834842,0.15654041000592733
2024-02-02,0.56543892628826,0.5708909746507063,0.5754818907071346,0.5690491902977527,0.19196536089328337
2024-02-05,0.5733778910399824,0.5693517229121412,0.5792652999832006,0.5708661919842082,0.18142114915161173
2024-02-06,0.574019533396567,0.5691999656984396,0.5777862805443286,0.5704660189937752,0.14408339828828737
2024-02-07,0.577195119297278,0.5806901547328157,0.5862726392720887,0.580189141113266,0.1676655268018602
2024-02-08,0.5877876558289304,0.5859474582060259,0.5958668777291911,0.5849263240814155,0.14391006878020512
2024-02-09,0.5891470676014373,0.5830892194847805,0.5952686226752655,0.5841043471280555,0.0923731143743438
2024-02-12,0.5873852699441732,0.581210465179667,0.5899338494139879,0.5830336139913942,0.10770607711467496
2024-02-13,0.5850688322838064,0.5790208253825379,0.5829933152728668,0.5742081772288293,0.14731951044462055
2024-02-14,0.5792070487206236,0.5798565740377927,0.5852422003356246,0.582784857808093,0.09722968996312246
2024-02-15,0.5851775852255761,0.5836277407971837,0.5932301239730373,0.5853048660993541,0.07541926953125778
2024-02-16,0.585721349934645,0.5869122004929325,0.5934738575134884,0.5847424608154878,0.12783742027078132
2024-02-20,0.5922900276196064,0.5933076830686297,0.5992459109040673,0.586581093474328,0.19507440661072045
2024-02-21,0.589745208781336,0.5866195258665786,0.5954348046346893,0.5836933586513208,0.10700501368162237
2024-02-22,0.5899192134882997,0.5944892213749845,0.601616773525143,0.5960013819794461,0.13167338231287506
2024-02-23,0.605438258283563,0.6014916244073062,0.6141025780761078,0.5998192486181754,0.07558862167140097
2024-02-26,0.6074828135895607,0.6061203278220129,0.6161855027555148,0.607844339399765,0.12177706287496505
2024-02-27,0.6118329312616708,0.6059685706083113,0.61876675173712,0.6071521482811517,0.09710314686211315
2024-02-28,0.6087987241853816,0.6116486263195882,0.6208495656286024,0.6106671813055083,0.08597227334942632
2024-02-29,0.6177273407073958,0.6123857327859973,0.6206058320880394,0.6062652784104183,0.2949117845958005
2024-03-01,0.6057862676973803,0.6111012163703332,0.6164623618999259,0.6122678732673493,0.11874934386512452
2024-03-04,0.6217076983774009,0.6255886103744092,0.6324379875986785,0.6228021568540077,0.16639768843748787
2024-03-05,0.6362153408139746,0.6304990402164584,0.6360164391248635,0.6236349492935601,0.18942424145051678
2024-03-06,0.6323219854974513,0.6368836829912161,0.6435109131307679,0.6380087304913328,0.19437428518586397
2024-03-07,0.6478410302928248,0.6498047257543235,0.6582960112723879,0.6513658559837345,0.3814398427809254
2024-03-08,0.6227626019128866,0.6163530999431285,0.6007858637280239,0.5864404921533888,0.842216243842799
2024-03-11,0.5833505358033383,0.5770913408088343,0.5851758383398915,0.5740243139629015,0.3308266844127055
2024-03-12,0.5803815804921328,0.5988289356955888,0.5917067893450232,0.5986836225641406,0.31613229856175235
2024-03-13,0.5998701076632574,0.5949770124189077,0.602425525727635,0.595785072254941,0.1792998513615734
2024-03-14,0.6034915806253015,0.5995030629183014,0.6050955158755613,0.5933515878534381,0.13334701687461148
2024-03-15,0.5971730347065315,0.5906627716305057,0.5987030498366537,0.5865162005569546,0.29800554884694536
2024-03-18,0.5901910958427791,0.5915462154100919,0.6017995736803972,0.592908152918126,0.11007512306028737
2024-03-19,0.5963791382313812,0.5937304353066964,0.6062366319969008,0.5935895285505469,0.08154682351172911
2024-03-20,0.5955199899911471,0.6010364611643834,0.6052506190377276,0.6028367692759296,0.08950428074691201
2024-03-21,0.609114107716547,0.6121147377615225,0.6185119393994116,0.6048268187420108,0.16362431164059416
2024-03-22,0.6101255100753467,0.603963207427812,0.611066987617449,0.5964340014285655,0.13088649146640008
2024-03-25,0.5955199899911471,0.5924404989905077,0.6026027864843162,0.5922808547167768,0.11106140564160337
2024-03-26,0.5955199899911471,0.5930258482432152,0.6064583187307608,0.5923024856892711,0.08477728361888569
2024-03-27,0.59878257824523,0.594315784559404,0.6037217450110284,0.5934921891744868,0.07359083162262901
2024-03-28,0.5986194488325203,0.5932426442627733,0.6043532364568391,0.5940870409170398,0.12242830454120172
2024-04-01,0.5963465123488394,0.5914757567037108,0.5953572530536622,0.5817682021026127,0.10943319680843437
2024-04-02,0.5835571663927337,0.5770913408088343,0.5822842722460293,0.5710176087913398,0.18586585782354031
2024-04-03,0.57266012162406,0.5671295637120838,0.5699535708571186,0.5649501210171449,0.276922568077624
2024-04-04,0.5713442110282391,0.5739803179287759,0.5776533349767896,0.5640740666326038,0.17068361639458507
2024-04-05,0.5683752557170335,0.573720054307388,0.5796475184898755,0.573634956458661,0.10441302579626645
2024-04-08,0.5764991004697535,0.5729071776321452,0.5850207351777252,0.5715691985890138,0.09243246089069805
2024-04-09,0.579468055780959,0.576061559716181,0.580705543631503,0.5789020982519902,0.08338290215350401
2024-04-10,0.5737694016304856,0.5814054731991642,0.5828936060972125,0.5832174772572125,0.1348606147105884
2024-04-11,0.5960637547001059,0.5920394263544297,0.5997334887730057,0.5937842073025575,0.16372290849845256
2024-04-12,0.5922574017370644,0.5910746840676329,0.6023812105383803,0.5926593967348248,0.09820100508087821
2024-04-15,0.6003377453129884,0.5998549228579187,0.5928645236623049,0.5785668181789307,0.13234513882427118
2024-04-16,0.5817083663820979,0.5798011826547428,0.5864166636368853,0.576068440860164,0.09092713179333135
2024-04-17,0.5868197546468166,0.581210465179667,0.5851647595426339,0.5752248329343097,0.08719688400435542
2024-04-18,0.5783261498919915,0.5759531617063471,0.5835804915294229,0.5709635313602683,0.13636217577517068
2024-04-19,0.5759770863490827,0.571530522908221,0.5751938419774294,0.5690816367564393,0.17236394968127156
2024-04-22,0.5779672651840303,0.5752052154391082,0.5798137004492994,0.57551685106249,0.09352351571693575
2024-04-23,0.582502262857248,0.581719935825469,0.5910337524094127,0.5833256321195746,0.0662137561038206
2024-04-24,0.5832417828615685,0.5829773527387295,0.5908038673655618,0.5846343059532352,0.06940056983122457
2024-04-25,0.59275627953028,0.5862604312178848,0.59021450653574,0.5836933586513208,0.11199598243971122
2024-04-26,0.579369064781403,0.5902287451644771,0.590869205963888,0.5916230167684556,0.1026631932382233
2024-04-29,0.5951962600866896,0.5916456123875825,0.5966596340245065,0.5885356498785791,0.10292224549215061
2024-04-30,0.5908173664096364,0.5843278460400905,0.5931994920638579,0.5848199767444979,0.12467823878379626
2024-05-01,0.5872881088192021,0.5890507367837017,0.5912242971790789,0.5840833418374541,0.11152110564129981
2024-05-02,0.5899895158637511,0.5939799147091009,0.597116592032076,0.595154531175721,0.1343229373657704
2024-05-03,0.6003703259985829,0.6081920158202186,0.6112259195379286,0.6075689959328435,0.18627887608374116
2024-05-06,0.6170471573904881,0.6184520888148507,0.6258013042637753,0.6211642431143986,0.12871149920918412
2024-05-07,0.6269595784007089,0.6350636355681325,0.6358881140969423,0.6372618824067393,0.14173957722881497
2024-05-08,0.6392793016562944,0.6363122158796984,0.6438110868371762,0.6287039180453999,0.10135474385384137
2024-05-09,0.6325257840449218,0.6431739789830017,0.6448050093418225,0.6456356880413726,0.12274031858926528
2024-05-10,0.6491263660444254,0.6515773587683156,0.6609553345733812,0.6544644740597552,0.11608440267835958
2024-05-13,0.6588862882698432,0.6537830030315978,0.6558730915551221,0.6414217030584283,0.11023620646182035
2024-05-14,0.6446494374343475,0.6443704446380293,0.6534874334186274,0.6444007412854658,0.08207256875272988
2024-05-15,0.6485599419866795,0.6539769129826098,0.6613548121904707,0.6543019810655512,0.11702578286899483
2024-05-16,0.6630364337696915,0.6701541709318448,0.6716857472341375,0.6608341994324657,0.1524400576634617
2024-05-17,0.6649971324310685,0.6625975457421325,0.6747650538662764,0.6638024047932521,0.08012585648170197
2024-05-20,0.666783546767019,0.668438730156019,0.676745797051391,0.6607583693684892,0.08410018906104495
2024-05-21,0.6671321154178717,0.6667667182605869,0.6763130296327371,0.6693488323286912,0.08709954315742517
2024-05-22,0.672001183760269,0.6720976133298198,0.6829820865191321,0.6703562888927783,0.06794830719557148
2024-05-23,0.6766415039254615,0.6739433407468267,0.680119163596264,0.6643765467060917,0.10211138577046379
2024-05-24,0.6726438572104163,0.6835159345647507,0.6841805193706254,0.678881754655255,0.11297703164215998
2024-05-28,0.6825671709909489,0.6818039680994047,0.6904279054389253,0.6826082606555872,0.1510017158155954
2024-05-29,0.6796043374582602,0.6797953823807842,0.6921700717136512,0.6754044045792448,0.1820390018606755
2024-05-30,0.6830682384266047,0.6863748577614733,0.694400488409489,0.6849589926384201,0.18263874707885874
2024-05-31,0.6817937842967318,0.6779496549637773,0.6720963214516738,0.6790550805157101,0.39952776082453767
2024-06-03,0.6839396600539567,0.6955057798657592,0.6931048493378182,0.6850131569697849,0.1533539102812554
2024-06-04,0.688274982649543,0.6956143520667984,0.6996602770353433,0.6980125965059981,0.12673914338170683
2024-06-05,0.7056271658026405,0.7025412584906373,0.7092477398469519,0.7054981071056347,0.1608147198619393
2024-06-06,0.7105398052263944,0.7185023491877364,0.7232738428492302,0.7145327175833351,0.12470199832385341
2024-06-07,0.7228050646302016,0.7199019534307928,0.7321178334290053,0.7177175802696903,0.1099017935522051
2024-06-10,0.7233497031472139,0.7189248036217698,0.7326171804504515,0.7207074513629789,0.08988338671205333
2024-06-11,0.7255936138374637,0.7205045291463789,0.7298652235322745,0.7217582393921796,0.12004669848630796
2024-06-12,0.7289376943321602,0.7257214234045373,0.7335825846918915,0.7201333094501392,0.13551039103074225
2024-06-13,0.7240359476787178,0.7171116478650855,0.726858044803151,0.718129229188326,0.08151510923579376
2024-06-14,0.7192540214990338,0.7261991410889778,0.7316961626109102,0.7286479423463649,0.08916672780997643
2024-06-17,0.7313123182664796,0.7418118235929847,0.7444128667570045,0.7419073706732607,0.14248868307986856
2024-06-18,0.746028450997008,0.7455031698548681,0.7603142952398174,0.7449839046968862,0.127717575894722
2024-06-20,0.7496339579798438,0.7453838490058884,0.7523913224995837,0.7359817928180485,0.1466413692110064
2024-06-21,0.7445470342306636,0.737908978683539,0.7380656112844601,0.7206749527641162,0.3463741110190153
2024-06-24,0.7264214643833491,0.7201733839333357,0.7312522985919216,0.7205124597699122,0.12343499730009984
2024-06-25,0.7256807560001769,0.7256671373040725,0.7351250121581288,0.7284746164859098,0.1184961529955285
2024-06-26,0.7293842979161478,0.7300643114445664,0.740739891999286,0.7299153877011344,0.10065933246996538
2024-06-27,0.7348143439310248,0.728534094843718,0.7391641747315967,0.7231773448749022,0.07445245511932784
2024-06-28,0.7277830606759351,0.7273500064195756,0.7371334968443599,0.7224948742992232,0.16622362625636417
2024-07-01,0.7302339340026563,0.7260037111271511,0.7301316529097124,0.717815076066169,0.15128881898025104
2024-07-02,0.7217266803664882,0.7307374590908335,0.7329944648666478,0.7326452700037402,0.08732164775654992
2024-07-03,0.7318678495538037,0.734168340642485,0.7462216126346348,0.736220115876229,0.028348375983103302
2024-07-05,0.7422813379996804,0.7595959501170063,0.7503495480119002,0.761146541186843,0.21740847893203902
2024-07-08,0.766495966467487,0.7606925293471394,0.7713665093144246,0.7559142667735607,0.11175734036336606
2024-07-09,0.7632934919872821,0.7701600252745039,0.7772532558671983,0.7624248194079731,0.0852953881267403
2024-07-10,0.7671604254582576,0.7632114044104135,0.7747398758591855,0.7596732713727556,0.1268824332950913
2024-07-11,0.7708203962928718,0.7637434081953187,0.7368116954306214,0.7188116997640049,0.5733138288791871
2024-07-12,0.7263016439095908,0.7194893790669977,0.7277790626426921,0.7148143721066295,0.28729188029755315
2024-07-15,0.7230011344963612,0.7280664743739961,0.7347588243424914,0.7211299331478656,0.15914234131113097
2024-07-16,0.7240250549084062,0.7208302457493866,0.7310636563837676,0.7233398378691062,0.11974085982530773
2024-07-17,0.7242538030855008,0.719435092966533,0.7325173110462071,0.7184758809092362,0.12973525278318937
2024-07-18,0.725800576473935,0.7252437057200967,0.713053873810479,0.710990370309709,0.18786741590509665
2024-07-19,0.7117271171935541,0.7182733704157543,0.724649821308319,0.7096470948909631,0.15080546410807472
2024-07-22,0.721792036988468,0.7190442330428799,0.728023187853192,0.7197108276652525,0.1440903063483921
2024-07-23,0.7252232596458776,0.7244618773006599,0.7357670614617633,0.7247914419505819,0.12565782264016218
2024-07-24,0.7205393683993285,0.7151464910269685,0.7179252814195782,0.7017282696400792,0.20595857864360656
2024-07-25,0.7109428377290253,0.7049949902332658,0.7010362554944318,0.6856197974814873,0.1716714689895612
2024-07-26,0.6928287788327655,0.6906598115901614,0.6964620288524395,0.6886638329062501,0.09397829634049702
2024-07-29,0.6978029293682629,0.692247214720364,0.7021070996987846,0.6864507928016648,0.08130985611662146
2024-07-30,0.6928287788327655,0.6903553781131332,0.6900946556341669,0.6804517184006063,0.15424515470234268
2024-07-31,0.6954685692484783,0.6941390513275947,0.6989734186384153,0.6934370566611889,0.16657509998108655
2024-08-01,0.6934287312000231,0.6927147375600465,0.6972065559128822,0.687893608163903,0.13793344544626435
2024-08-02,0.6908652983582649,0.6993633472459246,0.692017202301713,0.6935238425476583,0.21507993933885888
2024-08-05,0.6710123291157726,0.6781997842803973,0.6786711658113935,0.6715561650390847,0.23835989255663848
2024-08-06,0.6787135358658664,0.7024131183282764,0.6920726528991383,0.6878827599281354,0.20228830537644898
2024-08-07,0.699493704221293,0.703217692517518,0.6967398374570872,0.6807446207673172,0.12125309698277915
2024-08-08,0.6966466575332448,0.7129269459098884,0.7091745506008056,0.7123455316722378,0.1885533025394343
2024-08-09,0.7151906397926999,0.729247842065796,0.7282655579115898,0.7291602971726924,0.12214779543391881
2024-08-12,0.7356435614023397,0.7428157897794596,0.7446784902736541,0.7385331729096313,0.12608172632840686
2024-08-13,0.7440101698688264,0.7404238124600154,0.7488567316874051,0.7398892023855097,0.0984371351353671
2024-08-14,0.7439556287445104,0.7389915616767921,0.7514570202268818,0.7376002246302225,0.08351551597399932
2024-08-15,0.7526822086313515,0.7537699586404032,0.763124981621754,0.7534820418512684,0.1444651209428623
2024-08-16,0.7575690933679651,0.7505353529470065,0.7627027125426535,0.7461486344459761,0.10181549052931126
2024-08-19,0.750195133363658,0.746490736752188,0.7627916112961544,0.7480579239478642,0.08109654359399364
2024-08-20,0.7517331930686689,0.749888431808349,0.7655363603099719,0.7522344947335039,0.058719976236273244
2024-08-21,0.761266981594993,0.7655069564423077,0.7722593285422472,0.7578972738245622,0.09649555157562907
2024-08-22,0.7629686646729522,0.7577656480263704,0.7677699414913,0.7537098548031546,0.09392219451904045
2024-08-23,0.7631759209451775,0.7583701659308364,0.7660901995441862,0.7554998137112703,0.07977469675971162
2024-08-26,0.763917680235635,0.767822716666225,0.7769499601464958,0.7699279673342008,0.12491478750859451
2024-08-27,0.7743023103009385,0.7957415497607284,0.7832049875650802,0.7877082258213669,0.16279136706008768
2024-08-28,0.7942316371173854,0.7884481934611528,0.7771876531886257,0.7650896541644373,0.11772977699421304
2024-08-29,0.7724588202997792,0.77566198742597,0.7810936421698014,0.7635492046798525,0.12207505146766447
2024-08-30,0.7719134090568379,0.7711714849135347,0.7787933869233759,0.7697869402687839,0.14547788442124637
2024-09-03,0.7786546920194299,0.7717804605939158,0.7691700968586845,0.754805526619625,0.12985038711826818
2024-09-04,0.7576781756164873,0.7661973680776364,0.7715554726616196,0.767226756618321,0.09206068165597085
2024-09-05,0.7698735710083827,0.7627996730215852,0.7627916112961544,0.7628440693524396,0.15231811993585553
2024-09-06,0.7727435249686171,0.7677684622716283,0.7653474504588247,0.7527552100522106,0.16024846826850625
2024-09-09,0.7656302715384135,0.7738914806065053,0.7772376587373928,0.7742455651852576,0.14762273241618717
2024-09-10,0.7742041362771255,0.7759120577820768,0.7837051541768383,0.7718589533078429,0.08553821690617923
2024-09-11,0.7768221102431998,0.7773363715496249,0.7729816309142867,0.778487225385722,0.1310964546265529
2024-09-12,0.7827343681165607,0.7922318666756142,0.7936950404762637,0.7943581943708908,0.13869427406598056
2024-09-13,0.7971441331545689,0.8010712014073563,0.8079744027547584,0.7954104732441812,0.08205184457241567
2024-09-16,0.8062743173611515,0.7997665952320064,0.8035183527363599,0.7865908575333614,0.11696235431712414
2024-09-17,0.7914718562282211,0.7845123035081771,0.7925171319925748,0.7750917275781969,0.08827475071584774
2024-09-18,0.7822107733232578,0.7805764135550919,0.7875162437387824,0.7699388155700778,0.08316697294144258
2024-09-19,0.7869231264622137,0.7807395029178561,0.7925728048369414,0.7788560654031347,0.12600940103246194
2024-09-20,0.7839888139752818,0.7836504305894392,0.7927949405972226,0.7856253645465403,0.43066291105443477
2024-09-23,0.7898901636237132,0.7963634638638849,0.7984400114434558,0.7965820827112439,0.12079287364519596
2024-09-24,0.7953770007274742,0.7890461877909589,0.794828499583146,0.7797239242677189,0.19771401824376805
2024-09-25,0.7855486901300411,0.7864258853636887,0.7988233873179349,0.7871875105026602,0.12398460674873511
2024-09-26,0.7880575818474833,0.7852080427293611,0.7954952402343458,0.7796154419096047,0.229742401578722
2024-09-27,0.7749240791178346,0.7680837683727969,0.7686811537144864,0.7624535328633822,0.30515549572291645
2024-09-30,0.7728624246195207,0.786034470893318,0.7769154007560508,0.763429874085971,0.16775826227538732
2024-10-01,0.7661865910061739,0.7610165626560874,0.7672921106913595,0.7535145865586806,0.1353458535991569
2024-10-02,0.754623872656214,0.7547539311286197,0.7610803102915731,0.754762133676445,0.080967174468396
2024-10-03,0.7543947999341302,0.754699568007808,0.7671976557657858,0.7516595382357403,0.09507594522410741
2024-10-04,0.7582672197589255,0.7580809541276486,0.7705369151935204,0.7597306256759672,0.10191796008753141
2024-10-07,0.7622050889328563,0.7617993915970483,0.7668213917916318,0.7494031051879749,0.1485836854437858
2024-10-08,0.7568600587521853,0.7657080999895632,0.7716814866446606,0.7676606860506678,0.1208208198883469
2024-10-09,0.7738114401823135,0.786034470893318,0.7840939750998634,0.7879251905374856,0.14788188933769186
2024-10-10,0.7931844475309997,0.786034470893318,0.7885055757415678,0.7711429697445528,0.12792513170059588
2024-10-11,0.7762766990002585,0.7691819034149263,0.7814604606513647,0.7661527812734954,0.10296285651216024
2024-10-14,0.7740405129042871,0.769912108854846,0.7823048876860392,0.7669447024873777,0.0929360166053018
2024-10-15,0.7736478168093649,0.7758685672854055,0.7859608489230432,0.7722060968536109,0.11202822005353329
2024-10-16,0.7712807320151228,0.7657298452379538,0.774793054140041,0.7643628223653796,0.09754118067329932
2024-10-17,0.7730642267794463,0.7700843312218705,0.778460016597776,0.7620955410817372,0.08141902439979164
2024-10-18,0.7667429104739346,0.7649524526090631,0.7795156892954154,0.766727737771259,0.11622643658081587
2024-10-21,0.770277175328124,0.765811389919336,0.7794601275745754,0.7637010799811466,0.06712321268336582
2024-10-22,0.7724370038501409,0.7696059357579378,0.7801379805698085,0.7709910944432588,0.0676227910300305
2024-10-23,0.7779347491787209,0.7813374972476623,0.7920059641600856,0.7771528923814883,0.17269019851985395
2024-10-24,0.7839124564012171,0.7789672651764987,0.7845273565231097,0.7709151567926665,0.11576066586163346
2024-10-25,0.7775311448589796,0.7769222332945989,0.786460904411499,0.7685285449151424,0.09234412145541941
2024-10-28,0.7779020245041532,0.7708019244176599,0.786460904411499,0.7682464907841992,0.03861459063934829
2024-10-29,0.7713679978140067,0.7655613195631195,0.7687811648122449,0.76393974116891,0.08562854502542742
2024-10-30,0.7674192204151467,0.7605598037143301,0.7724260137051033,0.755369634881621,0.09091718837348366
2024-10-31,0.7574054699951267,0.7508615316724251,0.7627360495752022,0.7500431511005632,0.12856266191420046
2024-11-01,0.7554703295689507,0.7540402278613667,0.7625548267579862,0.7546970442616203,0.1132063583041215
2024-11-04,0.7631926416843943,0.7623025900682879,0.7730030034084743,0.7642126639913984,0.10818053524277697
2024-11-05,0.7704671252330699,0.7716436362570561,0.7842051480989742,0.7686663216275148,0.11290313633255485
2024-11-06,0.7816956073473635,0.7763468203521278,0.7836293239244225,0.7785295439046495,0.19822354001028042
2024-11-07,0.7820669773782881,0.7976635667829036,0.792631097010716,0.7944758107577853,0.16766416612335472
2024-11-08,0.7988660099577709,0.8439550917183997,0.8141952950839944,0.8269223360237559,0.2861097646790259
2024-11-11,0.831415500911294,0.8322842274825176,0.8338734603534912,0.8150603991003069,0.1714699839031733
2024-11-12,0.8228412222540522,0.8195246632246646,0.8289386193599801,0.8145172701203087,0.12018203366381423
2024-11-13,0.8163422467113315,0.8173798153113726,0.8247103452280284,0.8159837183663257,0.12707313762101274
2024-11-14,0.8130654523200114,0.8103686960397017,0.8235659294530864,0.8052949400397122,0.1377779094263306
2024-11-15,0.8029510802989317,0.7988283669364772,0.8050836981405967,0.7870240811519783,0.18069433749453245
2024-11-18,0.7951960002394924,0.8046965689250892,0.8068034930085675,0.8005371301747137,0.13127459884319298
2024-11-19,0.8141577171171914,0.8134714911023403,0.8170994517903809,0.8120949148693899,0.12004900117300955
2024-11-20,0.8109683039095665,0.8078102509879389,0.8172552303110161,0.8098463608921493,0.09509562272864815
2024-11-21,0.8218035706969018,0.840133645771198,0.832276730516843,0.8397944928500629,0.18599083091088947
2024-11-22,0.8521029961684035,0.8595235020329767,0.8640111518515856,0.8488756093959737,0.16068137336840255
2024-11-25,0.8654941625809134,0.8581081920044585,0.8541858667429318,0.8454864845606713,0.2823248804146762
2024-11-26,0.853479249812813,0.8574223109905116,0.8666481483951827,0.857011681516574,0.09362054256113399
2024-11-27,0.8616275451991005,0.855157814944773,0.8640889298416066,0.8462034148142383,0.10004995783466648
2024-11-29,0.8579466128328601,0.8562247409663218,0.8684062202711118,0.8574244595413683,0.057805704948170195
2024-12-02,0.8615183187194817,0.8597412420374148,0.8709543117875078,0.8608135843766707,0.14781082005267498
2024-12-03,0.8651555604937644,0.8668177921804442,0.8776305341012336,0.8685803287908416,0.11621544648519473
2024-12-04,0.8731400161606238,0.8756906973597035,0.8851857923528679,0.8781068111002108,0.12990355824755911
2024-12-05,0.8782299701150491,0.8745802233373109,0.8859090497701414,0.8686998171664542,0.16180026977021383
2024-12-06,0.873424005007853,0.8828290856639792,0.8904266268691146,0.8799425870526572,0.12494545510875642
2024-12-09,0.8895349107650761,0.8820704794886848,0.8884682683237175,0.874782861742565,0.13731224337472553
2024-12-10,0.8815832230422127,0.8798713054442117,0.8944573960909774,0.8808007308411288,0.10604604933799329
2024-12-11,0.887339458522864,0.8938175527260434,0.90303356000482,0.8822020036095986,0.14235355723751703
2024-12-12,0.8946357873675737,0.8880147816087899,0.8959345102779104,0.8753585784613369,0.18848045390560264
2024-12-13,0.8720477513634435,0.8925980998314483,0.872033634394884,0.8764013861029685,0.2520751132215351
2024-12-16,0.8808350216561074,0.8943074677359742,0.8949998391539888,0.8802250141223569,0.21328227369796937
2024-12-17,0.8862471937257941,0.8819724964866767,0.888757571290627,0.8685042907335936,0.15769614939496385
2024-12-18,0.8731400161606238,0.8696484122375902,0.8701086569611398,0.8496685777067885,0.2283552421761771
2024-12-19,0.8649589528303403,0.8577162599965359,0.8584363949493559,0.8388711735840442,0.21637530527607274
2024-12-20,0.8375212611271665,0.843891293897122,0.8467975140491126,0.8380782052732292,0.5055670067700037
2024-12-23,0.8424255300661296,0.8355231100479575,0.8400656565494857,0.8335593721595655,0.1374546959474912
2024-12-24,0.8389958186032329,0.8411026976607222,0.8494680029746029,0.8432379305834308,0.04139058412567562
2024-12-26,0.8456367885695684,0.8411353586614648,0.8589816197716342,0.8403267592505792,0.044625544938658
2024-12-27,0.836789443713059,0.8313806064642425,0.8345022492251417,0.8224686783876396,0.14651985015370955
2024-12-30,0.8174345115084016,0.8136565701061457,0.816142526592099,0.8034700266668571,0.14000963151046725
2024-12-31,0.8094063652498049,0.8033890401986264,0.812848923584069,0.7970176543842074,0.12553389622858646
2025-01-02,0.799958274754841,0.8045114899212841,0.801121026386272,0.7900004279624865,0.12812117407296186
2025-01-03,0.7992264573407336,0.8028131178869525,0.8111354711272134,0.7973543943518632,0.11206024833220067
2025-01-06,0.8032132238502374,0.8062968490873194,0.8136611972988963,0.8040131556468553,0.14934221137680048
2025-01-07,0.8096138955611909,0.8105374445430261,0.8171773410507546,0.8025575699804295,0.1407151956493456
2025-01-08,0.8086690865116615,0.8096609321553497,0.8160479467760113,0.8090751177405169,0.12886483720999364
2025-01-10,0.8200122564296102,0.8246633273285028,0.8250441563436588,0.8194706064180586,0.23259396505589197
2025-01-13,0.8207113058997217,0.8145493041241002,0.8222623970463663,0.8061748089872567,0.12038676344509981
2025-01-14,0.8101163373678784,0.8066797448850792,0.8099314144328869,0.7980604620258389,0.11933945966619207
2025-01-15,0.8133494411672408,0.8122412600775178,0.8192582082754865,0.8048712994352174,0.13562877006071872
2025-01-16,0.8105860112305701,0.8062860709572016,0.8187239992200357,0.8007978320851216,0.08471542508067516
2025-01-17,0.8163422467113315,0.8241407513179392,0.8262291858044151,0.8262597186681451,0.19169144584337316
2025-01-21,0.8329992848670895,0.8380216765985055,0.84729823072267,0.8311913298067124,0.15688225431353403
2025-01-22,0.8395255670297701,0.8330027694970973,0.8425581128799808,0.8278999681878403,0.16866238080848794
2025-01-23,0.8291108221894632,0.823694384308962,0.839492614134201,0.825140872969375,0.08466131194318811
2025-01-24,0.8296241866441125,0.8265798748473158,0.8362323922377115,0.8224469532284571,0.1066396191691132
2025-01-27,0.8163422467113315,0.8493877048281523,0.8291390172998008,0.8502225692663781,0.26178418236357603
2025-01-28,0.8511090352031006,0.8479941688000562,0.8590547244059428,0.8430749918893437,0.16985391650897624
2025-01-29,0.8467072080707145,0.850767087756095,0.8600943234905511,0.8488864719755649,0.12247864964590437
2025-01-30,0.8603605180345302,0.8709004172629443,0.8768933678874007,0.8651694787963566,0.130269162095223
2025-01-31,0.866848570929289,0.8755273923564298,0.8832163067702907,0.8661145232215579,0.13943102914290756
2025-02-03,0.8626378901364014,0.8957886441158945,0.8756054133326432,0.8943029172842729,0.23104708293031956
2025-02-04,0.8986990124127003,0.9118355380901643,0.9097765445416273,0.9117156323835351,0.15261160782272915
2025-02-05,0.9146460784503849,0.9322377765024538,0.9324200652221697,0.9345487747032974,0.1576792979150114
2025-02-06,0.9474140223634762,0.9539137939405197,0.9593474952207892,0.9433583267590999,0.1752620902303597
2025-02-07,0.9454081273133654,0.9483443703684343,0.9509585727482088,0.9368190538397205,0.11401156597663172
2025-02-10,0.9508755205411556,0.9551999036953508,0.9626438063007108,0.9565130473985799,0.15630145392685013
2025-02-11,0.9595249366276386,0.9584695244310116,0.9660301847563941,0.9526199222223404,0.1261164759640852
2025-02-12,0.9532264996290976,0.9595595433308347,0.9682137304961174,0.9599929358241595,0.11709517747277413
2025-02-13,0.9672886350111465,0.9718046811571163,0.9834187925499345,0.972759776485796,0.11300958325871409
2025-02-14,0.9776438777846244,0.9709926982750147,0.9871616318955774,0.9673115761693816,0.09076217569143664
2025-02-18,0.9696942880313126,0.9639191829663188,0.9617972116867901,0.9501078777651011,0.16192157949235597
2025-02-19,0.9553150438422104,0.9553960874789525,0.9704413882709217,0.9571872757810571,0.08436761472115982
2025-02-20,0.952668825519907,0.9449983469481714,0.9491094318809608,0.9270536169452406,0.1524968921579597
2025-02-21,0.9318544595015938,0.9260011082453118,0.9388947108940782,0.9272711099718463,0.13321325171076537
2025-02-24,0.9252225115162886,0.9281537893063382,0.9394961272520019,0.9278909650977265,0.12729335820374527
2025-02-25,0.938552016205634,0.9486822424401381,0.9531288625985821,0.9497055156659355,0.16121120064491973
2025-02-26,0.9488416502603767,0.950720373969833,0.9450212710480046,0.9239434666648905,0.10593436903296684
2025-02-27,0.9311929049210455,0.9328893388694403,0.9323749298207518,0.912786074400135,0.11361592253427001
2025-02-28,0.9274860123125843,0.9403553307363738,0.9381259807058442,0.9420388864781444,0.2892526180239452
2025-03-03,0.9505912160933048,0.9584696334219364,0.9572300565328558,0.9401249478440155,0.1966567710450126
2025-03-04,0.9440194094335341,0.9387749613684161,0.9434060576399224,0.929272045816617,0.20862456650614497
2025-03-05,0.9301869045671118,0.9420991865905014,0.9431498513752392,0.9411036664637404,0.1418269746558975
2025-03-06,0.9300447523431314,0.936551545154373,0.93262801705264,0.9181255282032466,0.21467131711690646
2025-03-07,0.888711259540867,0.889173161415162,0.8476628904485697,0.850365575765216,0.5198981961275718
2025-03-10,0.8453220268849124,0.8425686137114335,0.8267765101711986,0.8178503682882328,0.4083213026675474
2025-03-11,0.8185646044279544,0.8189611650850229,0.8236240591746811,0.8135875049667638,0.2785505675756383
2025-03-12,0.8262189549469046,0.8259147903036851,0.8259076367516482,0.8098792488631938,0.18714866365147287
2025-03-13,0.8087232966178444,0.8031574714062154,0.7860508534810422,0.7702302701136577,0.30391581293684977
2025-03-14,0.7757111763082789,0.7851194624142207,0.7794674664176948,0.7846935563827083,0.2766180900951292
2025-03-17,0.7864491366076546,0.803037472325257,0.7977807560388757,0.7984934889205572,0.17924092351552856
2025-03-18,0.7988819888077342,0.7966834065474685,0.7964829042169133,0.7783101360518899,0.1714898707428687
2025-03-19,0.7877941153417729,0.7886180732217297,0.795552764081966,0.7848349268499472,0.14286496302042156
2025-03-20,0.7863069843837842,0.785697114665882,0.793436277547164,0.7754283534494212,0.14111450245691437
2025-03-21,0.7723651316528041,0.7881930083572045,0.7821409230931222,0.7905006201929672,0.3039541212701578
2025-03-24,0.8065363393266842,0.8087705074369872,0.8222873308369112,0.8087482851248449,0.17421719380573092
2025-03-25,0.813786102746825,0.8127377795052678,0.8250610421377274,0.8133373879862222,0.11297818298551075
2025-03-26,0.8222058883176808,0.820503496597066,0.8261304248079431,0.8127827807683232,0.11547691205945286
2025-03-27,0.8169899951783193,0.8243057563051363,0.8311988530885972,0.8225699669654638,0.10502428444795757
2025-03-28,0.8256722156241145,0.819778597516642,0.8289709725256476,0.8126849089064054,0.16295757917291054
2025-03-31,0.8091169489302532,0.8810860298912454,0.8245633336199802,0.8302148468505945,0.26777964586143876
2025-04-01,0.8310521305602581,0.8404581121638667,0.8431737111142825,0.839588796297075,0.1567842854611397
2025-04-02,0.8402592207559318,0.8548083019880887,0.8557056506747776,0.8512029239177021,0.1231220412438402
2025-04-03,0.8186520827196009,0.8662109394548633,0.8311988530885972,0.8533778541836483,0.26725159793373643
2025-04-04,0.8448080919214347,0.8478655758685701,0.8157596407875816,0.7983521184533183,0.4839208097669922
2025-04-07,0.7712716530072239,0.8187649813014212,0.7684895849438453,0.7892717845925911,0.42735876497282776
2025-04-08,0.8197127570057585,0.8243943659807446,0.7995295308867747,0.7899460129750683,0.3141934363590253
2025-04-09,0.7934145955799442,0.8510699110006218,0.7974130443519727,0.8513225450822806,0.47528981667159825
2025-04-10,0.8573830963454949,0.8793536180911036,0.847790659398862,0.850365575765216,0.38365607406361507
2025-04-11,0.8546056605857215,0.854064438475279,0.8480861877555299,0.8493868571456005,0.22799005699882258
2025-04-14,0.8612102716049148,0.8725084389083794,0.8724146435026021,0.866688427411799,0.17546074929215932
2025-04-15,0.8779951688142928,0.879996119982457,0.8827185911060751,0.8640785110925322,0.13026612673548005
2025-04-16,0.8635393811199452,0.8632660028810305,0.8659983474814197,0.8541064558228315,0.2080931692159676
2025-04-17,0.8647914141691069,0.8864465337961022,0.8802010860699423,0.8831961481309416,0.22687147459974333
2025-04-21,0.8863602804529249,0.8832549506100084,0.8478745391019937,0.8432535537953239,0.24049772782389722
2025-04-22,0.8609369019435749,0.872857210079227,0.874397457203627,0.8665905555497715,0.17658090170489876
2025-04-23,0.8880223679942068,0.8819034623229743,0.8768704046283888,0.8629040487488622,0.16391696218684898
2025-04-24,0.8651467947290028,0.8625575614403015,0.8676358396951316,0.8625125613009723,0.20147273561378165
2025-04-25,0.8655513818278124,0.8629063326111489,0.8700530901058756,0.8643395027244589,0.12950582145365053
2025-04-28,0.870504840092235,0.8705139037751503,0.8766199908531178,0.8658402046080371,0.1122637221025581
2025-04-29,0.869958100769445,0.8791350911543722,0.8791651216082268,0.8801512457584639,0.10252869540133579
2025-04-30,0.8830798445161852,0.8840941812398052,0.8852806537534672,0.8831961481309416,0.1746672643883117
2025-05-01,0.8831891923807429,0.8934890956633655,0.8946934491317606,0.8881332398347783,0.13463317206501907
2025-05-02,0.9039974283901,0.9075844713068476,0.9179750639496085,0.8996168716393327,0.10509974977122284
2025-05-05,0.9036415896385177,0.907344381978653,0.9156271964521585,0.9067925064908238,0.1474765118106371
2025-05-06,0.9046762592391842,0.9056528435294994,0.9167537267004147,0.9020123794805204,0.08767657551132467
2025-05-07,0.9076653047522325,0.9033283423059147,0.9144784702119684,0.8983646743588165,0.0809096073008566
2025-05-08,0.9102054459939881,0.9064931561784005,0.903246517487027,0.8989744399910211,0.14015637545390403
2025-05-09,0.9004718875286883,0.8996287840205018,0.9106637711012937,0.8993882095272423,0.06626242652728574
2025-05-12,0.9061434097839931,0.9063949378168962,0.9041834337330714,0.908164479163476,0.15966703987635827
2025-05-13,0.9104408470141996,0.9139468385056541,0.8990080868503032,0.8895230726904784,0.24842462212649558
2025-05-14,0.894061315558559,0.8877880148769762,0.9022649861817111,0.881367457358631,0.17494107477064458
2025-05-15,0.887377021471828,0.9032192107930589,0.8938773550269186,0.9019797134645231,0.20170583030852757
2025-05-16,0.9090996086430714,0.9187835471549047,0.9228771435940173,0.9187047136645488,0.15597175105821537
2025-05-19,0.9157893771721126,0.9261259153390983,0.9272159581141857,0.9279709735410704,0.13985754952058588
2025-05-20,0.9282820545724493,0.9294106647441712,0.9463112035091346,0.9306713641983055,0.18082904466657462
2025-05-21,0.9293003008460754,0.9310148979829521,0.9393847155475257,0.9181276140483412,0.09370930066672199
2025-05-22,0.9257802344269737,0.9193433918158412,0.9285878711887148,0.9103204362205011,0.11694801485902796
2025-05-23,0.908563113294488,0.9044305705857133,0.9206463906273088,0.8998346450794605,0.09109585592801049
2025-05-27,0.9118477786933783,0.908621220678867,0.9250298202068608,0.9099502213723496,0.13864141693942167
2025-05-28,0.914092300049292,0.9148089774571481,0.9272940344680507,0.9048869888899238,0.11839598612400994
2025-05-29,0.912953616044405,0.9070770097721347,0.9168541105838592,0.9000959732075484,0.15493250668276315
2025-05-30,0.897942695171553,0.9452239300868687,0.9150695082105373,0.9343299579920816,0.5087112207934285
2025-06-02,0.9329462794388579,0.9539653642656877,0.9510627073282079,0.9524813742247915,0.16793106844558287
2025-06-03,0.9547126621486914,0.961146217810802,0.9610845881063907,0.9511094015521391,0.1516914751502948
2025-06-04,0.9556433173450272,0.951051443741238,0.9679048922267564,0.9468628194700834,0.09195099003491396
2025-06-05,0.9501688750136537,0.9436523271703025,0.9195421679087441,0.9023499283126748,0.2882485419544807
2025-06-06,0.9180120007586761,0.9104546300947108,0.9224421467654205,0.9068469498508558,0.13730784733647705
2025-06-09,0.909022966450401,0.9025098559596066,0.9094550376062831,0.8973084731742837,0.12069532346311103
2025-06-10,0.903012028770444,0.9005018361232376,0.9102969237758742,0.8984953384228056,0.1791320692350904
2025-06-11,0.8980959795567838,0.8938775532936435,0.9054493860416488,0.8870731214893683,0.20056966375645446
2025-06-12,0.8943295632327406,0.8914875731623891,0.9076637429739975,0.8935301039884811,0.12314737079755751
2025-06-13,0.8944171543100312,0.8918617851199387,0.9002057781181696,0.879919263981912,0.1300372187438279
2025-06-16,0.8870266571625558,0.8899597319825191,0.892133129282221,0.8735493908588283,0.16388399189998554
2025-06-17,0.8768113477721031,0.8727715187096133,0.886292794940132,0.8663193126473054,0.11771376285487935
2025-06-18,0.8735266823732131,0.8690064815164212,0.8839170430305952,0.8632487071418089,0.10111222907713445
2025-06-20,0.8778952873536698,0.8755652854383461,0.8837274290283834,0.8691177013526421,0.2838708205320525
2025-06-23,0.8769755810420643,0.8932555036704538,0.8919365999458664,0.8954573989334158,0.16111972118232076
2025-06-24,0.9018131258998165,0.8943086227693356,0.9039882428484649,0.8926698989000417,0.19274764636635516
2025-06-25,0.8987091170979276,0.893375439203041,0.8972234844769813,0.8759231213559815,0.13440499674640838
2025-06-26,0.8819846957753248,0.8745449057932989,0.8866274078851719,0.8719705334180108,0.1799450223083241
2025-06-27,0.8759792325376781,0.8804537355205223,0.8908658385218955,0.8743987072751958,0.1659618526454259
2025-06-30,0.8791763068592777,0.8789265360339501,0.8902524929936348,0.8796252698377176,0.16579448918925227
2025-07-01,0.8844755670361804,0.8844911518739395,0.8843966549184632,0.8752915783796325,0.17343365232173097
2025-07-02,0.8777639007377891,0.8723348835266803,0.8870345203015697,0.8713716564577687,0.11121359229906207
2025-07-03,0.8761653635769893,0.8744848834612503,0.8875475934839194,0.8764457776121568,0.05838043461536811
2025-07-07,0.8790011247046965,0.8801849315086073,0.886292794940132,0.8820643323668649,0.13491755387266374
2025-07-08,0.8839281228029767,0.8834336675144293,0.8949090782740128,0.8751609143155339,0.12273006116668554
2025-07-09,0.8827127966054193,0.8752706303537233,0.8819205191253698,0.8710776623135741,0.24900343382920992
2025-07-10,0.8811909016372901,0.8748450174536521,0.8783401606138239,0.8580983652833538,0.2470347413669397
2025-07-11,0.8661799807644379,0.8650013549950345,0.8745813418649682,0.8582725840354124,0.14636860550444697
2025-07-14,0.8637821750231831,0.8677405559674488,0.8789536176797303,0.869792799016951,0.11887327027670026
2025-07-15,0.872705516023518,0.8663873252082138,0.875652103288939,0.8553870859540464,0.13967071789502616
2025-07-16,0.8603770718930321,0.8547528146238362,0.8572149300192802,0.837627661913523,0.25190303972438094
2025-07-17,0.8410741882323938,0.8385587894329757,0.8542926436329121,0.8403933846028624,0.18181354789907578
2025-07-18,0.8515741686240681,0.844571935790622,0.8566795493072388,0.8371703376892325,0.1645329308795206
2025-07-21,0.8423333099685415,0.8396610177126645,0.8532776510330027,0.8334790778794592,0.12548020176140878
2025-07-22,0.8393661622249533,0.8417781690617795,0.8473103868471303,0.8270003180364212,0.13149638943958575
2025-07-23,0.83233150382895,0.8317380698801534,0.8414546603094923,0.8265429938121307,0.19447633607377474
2025-07-24,0.8311873453817531,0.8256265960293828,0.8386550653362608,0.8184962652002377,0.15841343630250482
2025-07-25,0.8256800563962992,0.8238696878040702,0.8396142891119971,0.8203255620971805,0.13440091471089194
2025-07-28,0.824804145623284,0.8227248982344072,0.8357550864795844,0.818703149968403,0.15309841672495778
2025-07-29,0.8231508640391638,0.8244098887927277,0.8318401150229988,0.8193346929446426,0.159335348323754
2025-07-30,0.8242567013900803,0.8200063231178635,0.8293360948179307,0.8116472905089385,0.12099865010225498
2025-07-31,0.8137019765750857,0.8289552163026624,0.8291855189927075,0.8248552496513586,0.2115093096053331
2025-08-01,0.8305875986488525,0.8421336454992511,0.8467886475178117,0.8402953865547611,0.25024793132383444
2025-08-04,0.8449502129473712,0.8459147492634668,0.8570194400677693,0.8434028934235738,0.1932504694079175
2025-08-05,0.8435523249144914,0.8364292057162622,0.8425220942928375,0.830602145830819,0.20082620398852552
2025-08-06,0.8351156594925775,0.8572471325105769,0.8503181592577227,0.8577846532828561,0.231253906063152
2025-08-07,0.8691583445283677,0.8697597446783053,0.881926282192707,0.8674778940067982,0.14126920113622937
2025-08-08,0.8718664099724334,0.876535132926434,0.8886723506427334,0.8713268411109474,0.17229539241811098
2025-08-11,0.878455670425422,0.878043203213818,0.8879128594927528,0.8797879826202786,0.1828065292053418
2025-08-12,0.8843103544219142,0.8804145891007013,0.8920788918302278,0.8825247693713685,0.10946909778746348
2025-08-13,0.8793327766421439,0.8745680847252938,0.8809657492677281,0.869004388608974,0.1893421820698788
2025-08-14,0.8756489305319779,0.8766362173478425,0.8866395949176895,0.8652317662349831,0.13242133682057788
2025-08-15,0.874048211686554,0.8675740262856612,0.8777434963739634,0.861579082722544,0.1145795969188796
2025-08-18,0.867645336304528,0.8689729253978932,0.8808540593927541,0.8695495652526006,0.16065510180648912
2025-08-19,0.8734780926456516,0.8768956491494831,0.8884378019051982,0.8711850951835891,0.11825478956217238
2025-08-20,0.8738947180986443,0.8886652634994935,0.8909061481427758,0.8861447422851527,0.17646869806198562
2025-08-21,0.8847489075302752,0.8777590740293099,0.8780841504927914,0.8590058489646186,0.16768248294938998
2025-08-22,0.8657157026278057,0.8604709059512038,0.8619896395052371,0.8468593133441935,0.2713400181723848
2025-08-25,0.84753767628669,0.8438654128793249,0.8479725601928507,0.8283669215918521,0.18219160718844363
2025-08-26,0.8326049429472688,0.8282878117729487,0.8398024458365685,0.8281052368029422,0.3974931277885405
2025-08-27,0.8316730175920155,0.8369756079943139,0.8442365338741158,0.8370243266928932,0.14130185742036078
2025-08-28,0.8424120868327967,0.8358826941576637,0.8519600004201331,0.8320523157029462,0.15954876551395913
2025-08-29,0.836617703888733,0.8332710005489664,0.8478608703177646,0.8302641363117509,0.11151001087810132
2025-09-02,0.8296666371212833,0.8287933431606466,0.8435273031678285,0.825357546519004,0.13087278001376795
2025-09-03,0.8300394072634287,0.8348883512920483,0.8434379512678043,0.8373078185476097,0.11646675333839855
2025-09-04,0.845827319164093,0.8451716421653118,0.8597558420053069,0.843980780665855,0.09716197004058068
2025-09-05,0.8516491116774225,0.8561543279544731,0.8654660985545017,0.8522456585834763,0.1449518251775136
2025-09-08,0.8571529531872479,0.8592032526660708,0.8681061121298737,0.8613719155979858,0.12491562484921327
2025-09-09,0.8640272731606877,0.8674320709737889,0.8731586270052236,0.869440529923897,0.09977478677382813
2025-09-10,0.8710331590665585,0.8686669401222017,0.8629390034427409,0.8444060184478202,0.18148865973899886
2025-09-11,0.8506514033559536,0.8513569159530215,0.8632964110428374,0.853161555344716,0.10345824815573111
2025-09-12,0.8533813964553878,0.8561761840455467,0.8696850718927673,0.8570650201132168,0.09608870870249152
2025-09-15,0.8616371587201259,0.8563619608201131,0.8693567036603078,0.8485602644723824,0.1733129706050529
2025-09-16,0.8520767009580992,0.8452555695551932,0.8594096033927976,0.8398047275754865,0.1537637885141359
2025-09-17,0.8459259936134715,0.8500674065768149,0.8624140610302955,0.8517549996042018,0.10604835202469486
2025-09-18,0.8501799587644299,0.8484908174436504,0.8592644065552866,0.8401209300288577,0.13788037898455074
2025-09-19,0.847581531597537,0.8429193719750768,0.8515801431553431,0.8388125060840885,0.42520564823927676
2025-09-22,0.8392216129695231,0.8347898896015599,0.8469115063803729,0.8301987151145507,0.23558117771330023
2025-09-23,0.8341618064819558,0.8293150480557213,0.8400872550177971,0.830569435232164,0.2841654597622769
2025-09-24,0.8358228263798082,0.8387895542770621,0.8508206520053627,0.8323903252220144,0.16811936541722539
2025-09-25,0.844785755531777,0.8380684125504178,0.8424551920577312,0.8302532327789025,0.2562204726222588
2025-09-26,0.8152930589950804,0.8103439609612023,0.8083115972702397,0.8004211668387818,0.446856031945382
2025-09-29,0.8051953736753144,0.7989678655318347,0.8063457437804142,0.8014242918631376,0.3729766318120145
2025-09-30,0.8050966992259359,0.8134857740601379,0.817604083180425,0.8109757866597216,0.2672284663991433
2025-10-01,0.8124972829293204,0.8063770804225302,0.8151469059304346,0.8019367579081091,0.21964208503256782
2025-10-02,0.8010510468014187,0.8003775834092767,0.8138513033804213,0.8013152565343247,0.15912203580112616
2025-10-03,0.8043730865971237,0.7999306263458631,0.8151804128928595,0.7997996654649974,0.18584963434905194
2025-10-06,0.8042744121477452,0.7973941176905736,0.8074190834791484,0.7949584968694505,0.20518969062043485
2025-10-07,0.7968519007888819,0.7994268434454818,0.8070047140428958,0.7991672605583645,0.21543256440693204
2025-10-08,0.801023637232043,0.7980493633024671,0.8149123571928993,0.7991672605583645,0.19189345426764776
2025-10-09,0.8227046065262595,0.8279817172168206,0.8331402564827404,0.8297952843982825,0.33486193352206295
2025-10-10,0.8359818018816152,0.8298177381516257,0.8350612106428426,0.8157515340580683,0.2720266374797638
2025-10-13,0.819075579554625,0.819468879005031,0.828359818142828,0.8218029948024197,0.17019649348962435
2025-10-14,0.8314208495547273,0.8319705631272226,0.8428237686451905,0.8337423632981771,0.1446801081467276
2025-10-15,0.8377140866595805,0.8500892626678885,0.8532220960077215,0.8429885591743478,0.15346893994875688
2025-10-16,0.8481735782938078,0.8434231548754582,0.8263047244428341,0.8109648831268732,0.22794975998154499
2025-10-17,0.8197114815617428,0.8225717882616929,0.8341118467053386,0.822642566833611,0.20500013763786418
2025-10-20,0.8269530897634307,0.8236433924094527,0.8378534575178671,0.8224026891103977,0.10258709990949395
2025-10-21,0.8268708610555235,0.8275447046747938,0.8417626031428569,0.8239182801797251,0.09468584916334495
2025-10-22,0.8311357900342762,0.838068303269981,0.8389703562678321,0.8317470167825329,0.19141439076614258
2025-10-23,0.8371330037909939,0.8298395942426996,0.8411929847802873,0.8288793876369334,0.14980013202768205
2025-10-24,0.8311357900342762,0.8271403669890508,0.8363456442053807,0.818073986559932,0.11469389391333966
2025-10-27,0.8204022027073921,0.8164308823389704,0.8307277551827621,0.8155770775320552,0.1490510261766284
2025-10-28,0.8167402842527045,0.8137207270396748,0.8252325016428812,0.8093729673273877,0.1619403149887006
2025-10-29,0.8081117518458212,0.8018747256512334,0.8130583052679035,0.7965722197346329,0.19949378572893167
2025-10-30,0.8011935765615343,0.8052842758663167,0.8142533869304176,0.805033361243964,0.22330649691539417
2025-10-31,0.8064855850594672,0.8034398347133579,0.814931875502453,0.7969320363195073,0.20019558183502567
2025-11-03,0.8023024087411217,0.8134969232864252,0.8134778361867683,0.8150467976181184,0.27873237515748545
2025-11-04,0.825150676243873,0.826607504121193,0.8365019895047832,0.8289140350198054,0.21048241600400752
2025-11-05,0.8326057332523147,0.8311053369632789,0.834796289538227,0.8226792377312675,0.22508511305720702
2025-11-06,0.815433849362591,0.8089116508229258,0.8133883568443285,0.8101768859006886,0.28302918854262643
2025-11-07,0.8211102329757285,0.8220440094858664,0.8273583191926308,0.80925968279701,0.21356676017319132
2025-11-10,0.8095488559068011,0.8056285611571631,0.8142495955159426,0.8014197800770618,0.21657239432421221
2025-11-11,0.8068039895562049,0.8022250915370345,0.8186452682163416,0.7995635357004468,0.11721303316486388
2025-11-12,0.8056676148870257,0.8013605445916937,0.8171576741473121,0.7997164028843751,0.13461914660965496
2025-11-13,0.8066392975750767,0.8108267864612141,0.817213598736295,0.8118147485859306,0.19751043980583327
2025-11-14,0.8184696715464586,0.8131687237561701,0.8209941009570976,0.8095217408265698,0.12512778602849028
2025-11-17,0.8128646544584215,0.8088022145006751,0.8139587876527608,0.7981768119603,0.2028840732266931
2025-11-18,0.802511018583774,0.802246978801375,0.7975840679746076,0.7790574948813079,0.255504755728378
2025-11-19,0.7831981389405942,0.7760807541655194,0.7749909813892091,0.77416574499473,0.3054998520523794
2025-11-20,0.7815512191301924,0.7865538101991966,0.7940384490278918,0.7771029787436353,0.22029133801483497
2025-11-21,0.7826656348685548,0.7873745826156373,0.7953023447407657,0.7833486951166377,0.24350681600497043
2025-11-24,0.787589925101592,0.7830407948205403,0.7832114485850457,0.7692739951082614,0.32631268580457495
2025-11-25,0.774041264794818,0.7768686956852848,0.7874729022717286,0.7782385635386868,0.20840884662923825
2025-11-26,0.7843180444116057,0.7946849289380277,0.7992058810574652,0.7934488483422243,0.14575902153399334
2025-11-28,0.7941940735412565,0.7970925280262243,0.8074603504033997,0.7992687204170551,0.057465325986646304
2025-12-01,0.8031807659732553,0.8018858389381675,0.8110507090213914,0.797488909632459,0.16807990574056653
2025-12-02,0.8018193122633657,0.8067229243790109,0.8096973339660778,0.8084844277926853,0.16924862390919376
2025-12-03,0.8115361391446476,0.8103562102757559,0.8220231133958846,0.8087355667376712,0.14058823387802688
2025-12-04,0.7964009460871639,0.7902637015215171,0.7907724530265388,0.7799037239354191,0.33956768313188834
2025-12-05,0.7856685186561968,0.7879983696521365,0.7962754325904577,0.7786207314985621,0.19009861465134653
2025-12-08,0.7815512191301924,0.7749863909435619,0.784978665599438,0.7708026669477623,0.191310874532149
2025-12-09,0.7742498746374703,0.7695364620984443,0.7834239620234944,0.7718072227280339,0.14145352073993278
2025-12-10,0.7753148827814391,0.7701493055027185,0.7717692776623788,0.7564877470788647,0.2904224875359232
2025-12-11,0.7621834421599698,0.7662314851682316,0.7734023875121876,0.7674832652389816,0.2614597128738085
2025-12-12,0.770352164419527,0.7690986073733841,0.7673288652905919,0.7674723461545171,0.4464377803063138
2025-12-15,0.7690456080365702,0.7678620863688878,0.7497461744886598,0.7413648149519203,0.44251934021327277
2025-12-16,0.7419537771556716,0.7417068053651474,0.7415364448140012,0.7411791905142697,0.3453754776635726
2025-12-17,0.7431230902210765,0.7471676778424902,0.7573854733548857,0.7436469036265975,0.1905077602111857
2025-12-18,0.7450939042608653,0.7412252855475739,0.7509877003658956,0.7381218468351584,0.2013721500719537
2025-12-19,0.7410040533983273,0.7360817784045386,0.7474197115835419,0.7359707871751517,1.0
2025-12-22,0.7381823307898714,0.7328534068999014,0.7451715431031569,0.7298342616478904,0.19151413896735175
2025-12-23,0.7328023927426546,0.7322843380245274,0.7446011122947245,0.7350645031560471,0.14232362231039652
2025-12-24,0.7432328848750519,0.7552878529490962,0.757521929352255,0.753703380513997,0.13382482436518855
2025-12-26,0.7564521612197895,0.7570278904720029,0.7694316298394421,0.755330324114665,0.08168990408995887
2025-12-29,0.7593617195515139,0.7536463081162149,0.7657294220433724,0.7493139085175001,0.1307188140074944
2025-12-30,0.749161796192476,0.7463359617939341,0.7609646470550586,0.7469226289970816,0.11902535226658163
2025-12-31,0.7497986051858416,0.7465329471738755,0.7608639827947998,0.7433084120050187,0.09905456917412152
2026-01-02,0.7460216690873923,0.7411705673864487,0.7509765154480768,0.7347478497035073,0.1915214656977659
2026-01-05,0.7491068988654332,0.7583192390737921,0.7603103293630398,0.7579399853264562,0.23675554793110404
2026-01-06,0.7622822573486469,0.7750738305649755,0.7720041609364658,0.7725278823095973,0.23013867302654778
2026-01-07,0.7799042993197908,0.7745431738387213,0.7813100125568253,0.7654086391711032,0.22362583769387184
2026-01-08,0.789928551232402,0.8162110535130912,0.7996309079343629,0.8011468029628183,0.48812530634891543
2026-01-09,0.806222077889772,0.8142192030128402,0.8167773869415782,0.8115963668945578,0.24616108109884627
2026-01-12,0.8110859810631172,0.830607401697313,0.8231192353415857,0.831469100808726,0.2828981447357913
2026-01-13,0.830431799102523,0.828500752495141,0.8372094355563582,0.8302134060833593,0.17568567991587242
2026-01-14,0.8307721625300777,0.8424101090456219,0.8469319253653351,0.8400951776175729,0.24610466527465769
2026-01-15,0.8485698759476485,0.8453320588481769,0.8600295759734486,0.8463954894134458,0.17189953964059457
2026-01-16,0.8567605571380228,0.8526642924350175,0.8611480677547876,0.853885981427241,0.34742999753926523
2026-01-20,0.8527859906622197,0.8580485594867847,0.8646488351809831,0.8545957219241209,0.277124681169476
2026-01-21,0.854125485441402,0.8796466931618033,0.8707669852247226,0.8749052192210351,0.36948523543453843
2026-01-22,0.87420692766274,0.8734790809157812,0.8841441469289546,0.8676003516448905,0.16022847676123347
2026-01-23,0.8671251724780789,0.8744092896543626,0.883528976449246,0.8753310635192069,0.11900693077296902
2026-01-26,0.8835833911165771,0.883328349912959,0.8895017225613386,0.8692382143301325,0.20045013338312717
2026-01-27,0.8739763588892706,0.8669129015842559,0.8731270028831855,0.8611690108342376,0.1530927646757812
2026-01-28,0.8650061356553296,0.8582674321311762,0.8663042030172976,0.8507958804944076,0.20213716539476373
2026-01-29,0.8523577915115064,0.8475426725564322,0.8583629113701827,0.8421807227701348,0.13411946359541294
2026-01-30,0.8437409564280542,0.8389355375324891,0.8394338282799354,0.8297984808697616,0.19392222591931363
2026-02-02,0.8386834193911008,0.8599763625030629,0.840520265353671,0.8605344648266013,0.19967140660768506
2026-02-03,0.8608046466045653,0.8822607878995717,0.8774927270071309,0.8709875422590583,0.2358049569936625
2026-02-04,0.8816504949130399,0.8865841294928342,0.8897123439911303,0.8714577120598419,0.2185372140861207
2026-02-05,0.8950529680607462,0.8935430535889995,0.9033096079861054,0.8834197065275553,0.2559400681825532
2026-02-06,0.8869719034474826,0.8939978422537044,0.8990199736059759,0.8963985798668737,0.18996976886363565
2026-02-09,0.9014518518769792,0.9030443011146839,0.9093018124649306,0.8924950771018534,0.13796254303276606
2026-02-10,0.8956136949930895,0.8897074865370244,0.8827793074071335,0.8636725748925596,0.12957092468675874
2026-02-11,0.8706283625664386,0.8810665019071934,0.8806737475568105,0.8712280942501671,0.1283008883032622
2026-02-12,0.8766369364590934,0.9025949918315462,0.8930164567411178,0.8938837181414461,0.25400591602080663
2026-02-13,0.900000558640293,0.9175756208600675,0.9105114537428962,0.9153365820771808,0.22168456813686582
2026-02-17,0.9245625972063312,0.9236686930910846,0.9292386047907846,0.9083059034275267,0.12441028978579467
2026-02-18,0.9109952043726806,0.9100359919121955,0.910220243805544,0.8908440157081745,0.1447732622905641
2026-02-19,0.8915456760721339,0.9011155588257264,0.8997030849165424,0.8818123818596122,0.1262694999621627
2026-02-20,0.8814525912898405,0.8786610534274816,0.8926468441284279,0.8790241655988833,0.11708136135256468
2026-02-23,0.8799903034075129,0.8829733266701011,0.8929268536834449,0.8798442292050059,0.09898506990276486
2026-02-24,0.8850258511528526,0.8912745896468229,0.9007447204614978,0.8934135483406622,0.11801824083737412
2026-02-25,0.8974443035076025,0.895241661854766,0.9079129650716193,0.889400703761412,0.10581756001665053
2026-02-26,0.8966087104319078,0.8985510986948116,0.8990534627487232,0.8806314902668264,0.13196435817789237
2026-02-27,0.8895886291317523,0.908052455808224,0.9058296939818207,0.9069281965692586,0.3549720291599684
2026-03-02,0.9119957171343196,0.9153181156809159,0.9202893874064058,0.898158983074673,0.1510689124002505
2026-03-03,0.9027931986563691,0.9097620228371249,0.9182061163166071,0.9036260737820103,0.1469450098528824
2026-03-04,0.9054978815064316,0.9078442393110825,0.9141403775767933,0.9024998530962849,0.13220111623784536
2026-03-05,0.89615243263404,0.8916800638779713,0.8937668823487208,0.8760719366168643,0.2334822787848136
2026-03-06,0.8637237250465102,0.895241661854766,0.8732141810054146,0.8930527203539991,0.22663356519643957
2026-03-09,0.8995937567482524,0.9006224144904899,0.9040488332114853,0.900925330972534,0.1888863547705441
2026-03-10,0.9005502909268848,0.9035703217389947,0.9130203393563883,0.8922435909293105,0.11197337424300484
2026-03-11,0.8959545290108404,0.8896417339589856,0.9039368293894785,0.886634355863551,0.07519580425362755
2026-03-12,0.8874776571511778,0.8993073629298219,0.8995798807123125,0.898760363052445,0.11782083778650264
2026-03-13,0.9064873996224292,0.9065620640394892,0.9197405686784823,0.9043477297553368,0.09693170137042305
2026-03-16,0.9115449366592723,0.9063648063053725,0.9123820295747143,0.8970327623889476,0.07328520229678347
2026-03-17,0.9071360837205658,0.9013730897564244,0.9116202915809661,0.8909314891595366,0.06979579460327691
2026-03-18,0.8894127148000561,0.8859068779390887,0.8930164567411178,0.873174378542015,0.09324206460145675
2026-03-19,0.8844321402833644,0.8802171977742551,0.8843585612979012,0.8675542092948216,0.08337735477190476
2026-03-20,0.8726019014753925,0.8714173110808391,0.8845041662664652,0.8648753348482132,0.21749650436458562
2026-03-23,0.8842397339829855,0.8778610637281,0.8777727365622603,0.8576587751145106,0.12931815248747208
2026-03-24,0.8582868727318405,0.8719871667571394,0.8738190016444536,0.8665045278790242,0.07491519047876728
2026-03-25,0.8758123380291505,0.8714721048958533,0.8817157191131957,0.8676416827461837,0.05482540035086665
2026-03-26,0.8732725748650323,0.8784637956933649,0.886945961590653,0.8728791556437365,0.09992289139577042
2026-03-27,0.880226688290678,0.8783761255893862,0.8929828555945605,0.8774824460194344,0.10438958025894131
2026-03-30,0.8864221711608908,0.8985731258084794,0.9007111193148285,0.8913907247788861,0.16595546792320792
2026-03-31,0.8967021649206317,0.9019265072881327,0.9016519514200001,0.8912267120577055,0.19931553684471426
2026-04-01,0.8945307223884784,0.8959320639241192,0.9069609325843366,0.891368856416128,0.12835039606734605
2026-04-02,0.9087962752262029,0.9100359919121955,0.9166156620437282,0.9114877502192207,0.13450108158241048
2026-04-06,0.9164485486559226,0.9151756517618134,0.9219918455014036,0.9154131213471091,0.09473054221887099
2026-04-07,0.9222757108940605,0.915361950732905,0.922932677606463,0.9095742684715651,0.09262682858182654
2026-04-08,0.90488218134544,0.9258823632181371,0.9175004922377845,0.9282279819651371,0.1802511749720564
2026-04-09,0.9324237689048918,0.9317562601890977,0.9455651779211247,0.9301523978941173,0.09315895854504531
2026-04-10,0.9291473644767341,0.9242822742317559,0.9124603202462418,0.8934572850662887,0.187298233619498
2026-04-13,0.8983183778432626,0.8925567649184164,0.8943830153737926,0.8741912574135107,0.17918387968587585
2026-04-14,0.8710626510728032,0.8679653007340727,0.8794191927461426,0.8675760776576895,0.166727809976432
2026-04-15,0.8673574554609913,0.8764802595893934,0.8819952806529734,0.8784555881653036,0.18867607760765925
2026-04-16,0.8835085900418769,0.887842305073523,0.8969029893656979,0.881145396793346,0.09846131334573364
2026-04-17,0.8835085900418769,0.8932362082247448,0.8917396131699256,0.8950099388271715,0.18870978056756416
2026-04-20,0.9042334972473034,0.9048853732996626,0.9109370682665896,0.8927684316371545,0.0975361566295868
2026-04-21,0.893810573093011,0.8996251670569916,0.9026039839072828,0.9014829742246797,0.08619500595401515
2026-04-22,0.9054758922150385,0.9013895279009067,0.9155852268809961,0.8991758619461685,0.07029160491715718
2026-04-23,0.9083290027825834,0.9106935176925842,0.9253743609268408,0.9108535676971468,0.10750898806653551
2026-04-24,0.913194133519158,0.9072415073458177,0.9203005877886288,0.9073218271001142,0.12058081713349629
2026-04-27,0.9094834405844152,0.9082935485943299,0.9137259634352111,0.8929543127212032,0.11270363993013648
2026-04-28,0.9115174500449483,0.9063648063053725,0.9018199571530103,0.888569705973965,0.1289896009621881
2026-04-29,0.8872137856535787,0.8913732185138264,0.9008343235190586,0.893675968694639,0.10187127834803582
2026-04-30,0.8960974594053916,0.911888022860199,0.9133787515869674,0.9110175804183276,0.15759713386679608
2026-05-01,0.9185269102694615,0.9284066353110193,0.9262168344792998,0.9095305317459388,0.10112426584852906
2026-05-04,0.909327536464493,0.921223703267034,0.9216067887163006,0.9107240892428756,0.0979799471575269
2026-05-05,0.9131702431765625,0.9168996769487295,0.9293014149776568,0.914698964209739,0.09553302853437028
2026-05-06,0.9140510928526815,0.9075163203442874,0.9106256821421495,0.8920651720430548,0.21724268548952552
2026-05-07,0.8944411769380807,0.9079882318460312,0.9086515506232011,0.9099247342219914,0.15390446173808675
2026-05-08,0.9145245495535956,0.9116537769991117,0.9248596190600227,0.9063440617311807,0.13204934825069603
2026-05-11,0.9080062619503144,0.9017765595207515,0.9024711729701294,0.8961385976289313,0.15804259907597368
2026-05-12,0.9043892729677503,0.9226284630861786,0.9204066064860308,0.9206777017632028,0.1674312807637635
2026-05-13,0.9213511345435184,0.940758644502013,0.939250589166903,0.9329417787959489,0.11628766711356232
2026-05-14,0.9400802007820002,0.9399520050746136,0.9484033807547552,0.941887984988586,0.11126456540922879
2026-05-15,0.9559465055730949,0.9571987242604393,0.9631196338960077,0.9503195379485991,0.14898194557558114
2026-05-18,0.9566511853139903,0.9817050885459987,0.9696028612707364,0.980454127229061,0.18333311178696127
2026-05-19,0.9863798618830091,1.0000000000000002,1.0000000000000002,1.0000000000000002,0.24175164540048272
2026-05-20,1.0,0.992581112205143,0.9998878334364236,0.9777604103093684,0.1662119034877016
2026-05-21,0.9714109226994605,0.9651334223013887,0.9628840841124968,0.9519620482654847,0.1681081659864495
2026-05-22,0.9456295537415502,0.944182746561178,0.947382665026208,0.9276419455067979,0.1578599541535078
2026-05-26,0.9303688331027875,0.9242746659992386,0.9148207116199152,0.8999273214265473,0.22648054119836214
2026-05-27,0.9058481802438227,0.9089210801634319,0.9187760411513175,0.9007595266537696,0.19347676071013603
2026-05-28,0.9143814114812261,0.9072639025642849,0.9127007635683171,0.8914629182601967,0.24175038938955462
2026-05-29,0.8868108166186992,0.8927992663015308,0.8579410472302114,0.8488890508465208,0.6793915924931158
2026-06-01,0.8520502862748502,0.8493285347106588,0.8479133564464614,0.8377090306229191,0.2378826084039482
2026-06-02,0.8380557870455083,0.8451360948785384,0.8512110534156141,0.8466442867467772,0.17527663902361063
2026-06-03,0.8497105293226588,0.8602702967394643,0.8652655238317646,0.8549225387438808,0.17066331088458025
2026-06-04,0.8872402308358072,0.8831305678588247,0.8834701571002499,0.8664420110996387,0.1885740267197485
2026-06-05,0.8768241834156991,0.8912518355632543,0.8872726036054974,0.8659164077982353,0.26673862213717164
2026-06-08,0.8613597662893338,0.87102548910479,0.8753851911976471,0.8690700276066559,0.1614550761001321
2026-06-09,0.8732016891226595,0.8743068104979622,0.8798023104712946,0.8623247852386455,0.15229645374734524
2026-06-10,0.8767625239383707,0.8779121046244244,0.8790956611207617,0.8785089868943585,0.12267270333430082
2026-06-11,0.8871851777310498,0.8821538207970757,0.8899589928031575,0.8700993340719041,0.14232791368106762
2026-06-12,0.8746440804673044,0.8773908070352888,0.8854779385882714,0.8773920798788764,0.12498355410690977
2026-06-15,0.8731796678807566,0.8798270775997569,0.883234607316739,0.8742165599328975,0.1413188135678906
2026-06-16,0.8800062528706794,0.8890239742875797,0.8890224019972925,0.8821334596602861,0.10256040967727113
2026-06-17,0.8795768386535712,0.8762171741051378,0.8755624143680982,0.8590397646048742,0.14490566677590472
2026-06-18,0.8605284644074964,0.8545854093463637,0.8611501326141384,0.8435563673510322,0.33486339886814576
2026-06-22,0.8449649516925675,0.8460580782567128,0.8546657835737739,0.8434468666632398,0.1725282777777022
2026-06-23,0.8625103761787642,0.8571973846350857,0.8669536306135928,0.850378260200497,0.2078970221760243
2026-06-24,0.8597907528037465,0.8589094356646682,0.8708962853233109,0.8541122336542173,0.15455601740705543
2026-06-25,0.846071519098192,0.8455312933245337,0.8502576376252129,0.8334713540053542,0.20425333447351213
2026-06-26,0.8501234276083398,0.8519953834298161,0.8551929664225841,0.8447499248479688,0.8054779241949258
2026-06-29,0.8559590567126285,0.861016575393385,0.8544975337284091,0.8383331845433357,0.19954392149847966
2026-06-30,0.8377364790379151,0.8348309743896433,0.8433145273398199,0.8260581574418104,0.24359944681092022
2026-07-01,0.8360078115485314,0.828718074239147,0.8300115728996329,0.8142320831602337,0.24765521076543712
2026-07-02,0.8212205476106826,0.8421181659514557,0.83482351847707,0.8437972688641753,0.2348689148494718
2026-07-06,0.8455540199134721,0.8452569261723569,0.8533983014053581,0.8422423590975237,0.18672298061441334
2026-07-07,0.8658355837061136,0.8600727523898971,0.8578064473539193,0.8392310901832332,0.1461797851949177
2026-07-08,0.8564545346554455,0.857334568211174,0.8608012946014152,0.845395978905944,0.11533644817065673
