Date,Open,High,Low,Close,Volume
2019-01-02,0.04165023835979785,0.03804874671098188,0.047117940501766,0.04290921714980038,0.0370629875275682
2019-01-03,0.05003763575755403,0.04335133638000277,0.051815169500782896,0.04596424231904182,0.08394486265875221
2019-01-04,0.05007347933617691,0.050166181969256346,0.05647598587190038,0.055962506509286566,0.07586616976710012
2019-01-07,0.05896268683465357,0.054113003739094334,0.06259330735899209,0.05412254816872071,0.06317326847051778
2019-01-08,0.060109681350586044,0.05155068550062317,0.06146451589411207,0.055650060753341404,0.043862305882567926
2019-01-09,0.05921359188501381,0.053732170059548556,0.06481447766085278,0.058184342996007624,0.06024739453017365
2019-01-10,0.05946449693537402,0.05477080736740064,0.06499654080034957,0.06089220621419893,0.03135996772989762
2019-01-11,0.06283379332592566,0.054493837418640084,0.06696282270691477,0.06005901753167851,0.03356517035329856
2019-01-14,0.06053980429406071,0.05286663896967181,0.0659432691257328,0.05738587050859224,0.03585239338425676
2019-01-15,0.060934083658912494,0.052243456584960546,0.06605250700943087,0.057837181044957456,0.03708819854505356
2019-01-16,0.06100577081615828,0.054389973687854865,0.0669992353348141,0.05936469362957818,0.036662656874075786
2019-01-17,0.06179432954586185,0.057263536906245666,0.0675090121254051,0.06311404270091998,0.07382665767304508
2019-01-18,0.06627477687372306,0.05979088768868579,0.07056767286895095,0.061586530116299235,0.06177101137380672
2019-01-22,0.06312054195490878,0.05452845866223516,0.06361286094017406,0.05558062836313139,0.04588405182336146
2019-01-23,0.06003799419334026,0.05151641046946409,0.06299384626588501,0.05672626280159694,0.04648243278535466
2019-01-24,0.05817412810495,0.05799058302174215,0.06434111349816117,0.06387779899323033,0.06854444190548255
2019-01-25,0.06749345854690132,0.06228361722753081,0.07340785784510069,0.0682520395764624,0.045793994346471634
2019-01-28,0.06914226316355425,0.06484558925356601,0.0749437424898955,0.0711681999652838,0.05414150605711615
2019-01-29,0.07484139216459372,0.06501869547154135,0.07854203837890981,0.06901579586877278,0.05702922506831297
2019-01-30,0.073443492598301,0.06533028666389695,0.07857845100680914,0.0712029161603888,0.027284665973899492
2019-01-31,0.073443492598301,0.06688824262567511,0.07894257728580271,0.07078632181912863,0.04053364786756669
2019-02-01,0.07444711279974194,0.06522642293311179,0.07133233805483742,0.06328762367644504,0.0713485330952556
2019-02-04,0.06663321265995197,0.05996745603102063,0.07198776535702582,0.06627321645547647,0.028472037216876255
2019-02-05,0.06889135811319401,0.060033236393851275,0.07348068310089938,0.06634264884568651,0.04736519910062656
2019-02-06,0.07021757052224094,0.06349536075335827,0.07424534828678585,0.0648845686512758,0.05804578743778992
2019-02-07,0.06634646403096887,0.05972164520149564,0.06943888140407094,0.06179482728692935,0.04469135073440625
2019-02-08,0.06312054195490878,0.056465517241379326,0.06805520154389542,0.06214198923797952,0.045619166938305505
2019-02-11,0.06498440804329904,0.06176429857360477,0.07162363907803228,0.06776601284499219,0.051829706514146215
2019-02-12,0.07315674396931791,0.06498407422794628,0.07854203837890981,0.06964068738066308,0.03164655270215154
2019-02-13,0.07351517975554679,0.06529566542030191,0.07876051414630596,0.07095990279465371,0.019695261403142022
2019-02-14,0.0731925875479408,0.06758066749757652,0.07992571823908533,0.07227911820864434,0.025381361054849273
2019-02-15,0.07426789490662745,0.0661109957069658,0.0738812220077923,0.0658913383093213,0.08920842396539018
2019-02-19,0.06889135811319401,0.06969256335687579,0.07515602811054874,0.07588960249956604,0.0957567742553888
2019-02-20,0.0794293702283236,0.07097354936989336,0.08291155372683247,0.07460510328068042,0.08904002621269012
2019-02-21,0.07778056561167067,0.07055809444675254,0.08404143757054948,0.07550772435341087,0.0878767238773462
2019-02-22,0.07527151510806838,0.07523196233208698,0.08058879219313257,0.0816872070821038,0.1616572741526412
2019-02-25,0.08641886805978709,0.08056363384572776,0.08433164621490734,0.07488283284152057,0.12586329757232284
2019-02-26,0.07717122477508155,0.06996953330563635,0.08283872847103375,0.07529942718278075,0.07265557207055802
2019-02-27,0.077673034875802,0.07059271569034761,0.08342133051742347,0.07700052074292658,0.03647268593527249
2019-02-28,0.07968027527868383,0.07429718875502009,0.08575173870298221,0.07759069605971185,0.045752159285577285
2019-03-01,0.08269113588300654,0.0757859022296081,0.08870116156282999,0.08057628883874325,0.0406946853567727
2019-03-04,0.0842324097637908,0.07466936712366709,0.08495066088919635,0.07738239888908176,0.03683410025304924
2019-03-05,0.08068389548012474,0.07273923279324193,0.08553326293558607,0.07634091303593125,0.01964653138276763
2019-03-06,0.07917846517796338,0.06970121866777457,0.0824017769362415,0.0734941850373199,0.038670908998463566
2019-03-07,0.07602423025914908,0.06768453122836171,0.07927029093689693,0.06998784933171324,0.04870628986968019
2019-03-08,0.07046847557260118,0.06664589392050962,0.07497360084477299,0.07276514494011453,0.05847361332847274
2019-03-11,0.0763109788881322,0.07492071735216732,0.08313002949422858,0.08130532893594859,0.061671774717731775
2019-03-12,0.08430409692103659,0.07606252596593271,0.08921093835342096,0.08238153098420413,0.03597692565854689
2019-03-13,0.08620380658804976,0.0790056778839496,0.09299821578123295,0.0850893942023954,0.05046196651520034
2019-03-14,0.0895731029786014,0.08139454369200941,0.09354404107344426,0.08415205693455995,0.04621809780504252
2019-03-15,0.08871285709165201,0.08045977011494254,0.09154134653897973,0.08161777469189375,0.05066259714596054
2019-03-18,0.08634718090254133,0.07841711674283341,0.09208753595747003,0.08498524561708036,0.03808399143536051
2019-03-19,0.08925051077099537,0.08200041545492315,0.09551032298000948,0.08765839264016663,0.05235063550799228
2019-03-20,0.09068425391591096,0.08284863592300237,0.09583803663110367,0.08835271654226697,0.05740311799373768
2019-03-21,0.09107853328076275,0.08194848358953055,0.09314350216655136,0.08543655615344557,0.049797681584679954
2019-03-22,0.08788845478332556,0.07843442736463094,0.08520554928449185,0.0771046693282416,0.0701213572089001
2019-03-25,0.07960858812143805,0.07073120066472788,0.08320285475002732,0.07470925186599549,0.04069058222137659
2019-03-26,0.07917846517796338,0.07021188201080183,0.08054473291337437,0.07193195625759417,0.04678094646051273
2019-03-27,0.07516398437219972,0.06678437889488992,0.07916105305319886,0.0728692935254296,0.024164041153517415
2019-03-28,0.0759883866805262,0.06913862345935468,0.08203765065724793,0.07575073771914599,0.032928211458508966
2019-03-29,0.08125739273809097,0.07232377787010111,0.08693806211994319,0.07859746571775734,0.025948143644255958
2019-04-01,0.08344385103408723,0.07647832710150951,0.08997560353930743,0.08300642249609443,0.04285686850906188
2019-04-02,0.0867056166887702,0.07737847943498133,0.09019407930670358,0.08227738239888906,0.018079302862914075
2019-04-03,0.08753001899709666,0.08094446752527351,0.09405381786403523,0.08557542093386565,0.04177287935792107
2019-04-04,0.08935804150686404,0.0805982550893228,0.09561956086370753,0.08741537927443153,0.021877875631681924
2019-04-05,0.09136528190974587,0.08402575820523475,0.09776790590976951,0.09057455302898802,0.04433573156662193
2019-04-08,0.09373095809885658,0.08648386650048473,0.10009831409532825,0.0933171324422843,0.04226364819158748
2019-04-09,0.0961683214452131,0.08614630937543277,0.10002548883952954,0.09001909390730777,0.03216727019417305
2019-04-10,0.10337288074841393,0.09984766652818172,0.10898299530277099,0.10612740843603542,0.19557954418649587
2019-04-11,0.10914369690669916,0.10047084891289296,0.11357098641808978,0.10564138170456518,0.05468366983414619
2019-04-12,0.1110792501523352,0.10002077274615706,0.11302479699959946,0.10407915292483942,0.04085390393028765
2019-04-15,0.10986056847915694,0.10081706134884366,0.11542803044095694,0.1042527339003645,0.0303247085991312
2019-04-16,0.10914369690669916,0.09884226561418086,0.11335251065069367,0.10522478736330497,0.025667649924548838
2019-04-17,0.11133015520269544,0.10071319761805847,0.1156100935804537,0.1057455302898802,0.03103171689820899
2019-04-18,0.11064912720886054,0.10036698518210777,0.11382587481338528,0.1029335184863739,0.029489234091826817
2019-04-22,0.10692139503208002,0.09822046807921339,0.11262425809270656,0.10331539663252907,0.023617351237442182
2019-04-23,0.10738736155417757,0.10324054840049857,0.11459053999927175,0.1090782850199618,0.06323807262955734
2019-04-24,0.11322986486970861,0.10576789918293866,0.12034373520736992,0.10977260892206213,0.04534154964341215
2019-04-25,0.11348076992006882,0.10348289710566405,0.11564650620835305,0.1077937858010762,0.03608614520074019
2019-04-26,0.11054159647299187,0.10265198725938235,0.11553726832465501,0.10880055545912166,0.02163887856994987
2019-04-29,0.11283558550485683,0.10466001938789643,0.11972472053308088,0.10984204131227217,0.02475231232829753
2019-04-30,0.11247714971862792,0.10369062456723446,0.11735789971962278,0.10876583926401666,0.028427960236641774
2019-05-01,0.1149862002222302,0.10562941420855837,0.11779485125441504,0.10647457038708556,0.041050854429300815
2019-05-02,0.11161690383167856,0.10334441213128376,0.1138804937552343,0.1029682346814789,0.07305645262879425
2019-05-03,0.11247714971862792,0.10978396343996677,0.11648399665003824,0.10956431175143201,0.176163380591019
2019-05-06,0.10598946198788488,0.09936296911785072,0.10960200997706006,0.1044610310709946,0.0769774849539717
2019-05-07,0.10570271335890176,0.10251350228500208,0.1121873065579143,0.10932129838569692,0.07096296526911619
2019-05-08,0.11276389834761101,0.10317130591330839,0.11571933146415177,0.10459989585141467,0.06616233915603496
2019-05-09,0.10498584178644395,0.09583160227115359,0.10708953865200453,0.09970491234160735,0.07337780850100281
2019-05-10,0.10319366285529948,0.09780501315607257,0.10934712158176456,0.10341954521784412,0.03915317545878341
2019-05-13,0.10229757338972721,0.0938187231685362,0.10534173251283545,0.0978996701961465,0.032467687385751995
2019-05-14,0.10412559589949462,0.09621243595069937,0.1095655973491607,0.10112827634091302,0.029349515986534607
2019-05-15,0.10262016559733324,0.09666251211743526,0.10971124786075813,0.1029682346814789,0.027779072638948025
2019-05-16,0.10699308218932578,0.10157872870793522,0.11320686013909624,0.10578024648498523,0.028016716089003014
2019-05-17,0.1069572386107029,0.09794349813045286,0.10876451953537487,0.09783023780593646,0.04190781752197863
2019-05-20,0.10075629950894295,0.09004985459077691,0.10359392637366639,0.09571254990453047,0.03418229037694616
2019-05-21,0.10079214308756589,0.09420440382218531,0.1079998543494884,0.09977434473181739,0.024268734556665523
2019-05-22,0.1030502885408079,0.09500069242487191,0.10898299530277099,0.10019093907307759,0.01714497240281893
2019-05-23,0.10111473529517186,0.09127890873840189,0.10337545060627025,0.09418503731990972,0.03510092740166032
2019-05-24,0.09899996415642139,0.09143470433457973,0.10461347995484836,0.09411560492969971,0.01636199264836578
2019-05-28,0.0986056847915696,0.0915385680653649,0.10534173251283545,0.09772608922062141,0.020857040925349245
2019-05-29,0.09914333847091293,0.08963405345520012,0.10221461602883881,0.0960249956604756,0.021226280810634043
2019-05-30,0.10154485823864655,0.09645478465586485,0.10876451953537487,0.10220447838916853,0.0366027595573656
2019-05-31,0.10362378579877417,0.09309652402714305,0.10432217893165348,0.0966498871723659,0.047707409052734934
2019-06-03,0.10032617656546829,0.09614319346350922,0.10534173251283545,0.09911473702482206,0.03352490040590585
2019-06-04,0.10588193125201618,0.10060933388727325,0.11222371918581363,0.10647457038708556,0.04042641644252408
2019-06-05,0.11283558550485683,0.1023230854452292,0.11378946218548593,0.10668286755771565,0.04338481936348272
2019-06-06,0.11003978637227142,0.10306744218252323,0.11510031678986272,0.10838396111786149,0.0376282896042031
2019-06-07,0.11466360801462418,0.10787979504223794,0.1211812256490551,0.11223745877451831,0.030100770467306515
2019-06-10,0.11824796587691315,0.10995706965794211,0.1242034737647016,0.11442457906613433,0.024439712631624987
2019-06-11,0.12183232373920212,0.11483866500484699,0.12813603757783198,0.11820864433258114,0.03703033164585898
2019-06-12,0.12276425678339727,0.11130729815814988,0.11375304955758657,0.10303766707168895,0.07835385422735888
2019-06-13,0.11097171941646654,0.10542168674698796,0.11753996285911954,0.11091824336052768,0.051665284995747546
2019-06-14,0.11337323918420016,0.10330979088768871,0.11847176200706404,0.10775906960597119,0.017402623925475556
2019-06-17,0.11176027814617011,0.10230577482343164,0.11331609802279431,0.10671758375282069,0.027250571879783376
2019-06-18,0.11305064697659413,0.1091607810552555,0.12045297309106796,0.11341780940808886,0.03649861605896129
2019-06-19,0.11817627871966736,0.10805290126021327,0.12278338127662673,0.11310536365214373,0.015502787636347822
2019-06-20,0.12115129574536722,0.11047638831186815,0.1256235662527765,0.11400798472487413,0.019786926293898364
2019-06-21,0.11778199935481558,0.10808752250380835,0.122091905472818,0.11355667418850891,0.02103309504409771
2019-06-24,0.11821212229829027,0.10839911369616398,0.12347522120671449,0.11275820170109356,0.022267884996136706
2019-06-25,0.11713681493960355,0.10770634261182663,0.1202709099515712,0.10956431175143201,0.023559865041531767
2019-06-26,0.11588228968780244,0.10781055255504779,0.12332957069511709,0.11237632355493836,0.012082168628035888
2019-06-27,0.11613319473816265,0.11614942528735636,0.12358445909041256,0.12244402013539314,0.060652335923441075
2019-06-28,0.12846338578443672,0.11750450076166735,0.1327240286931508,0.12317306023259851,0.041070185696063924
2019-07-01,0.13007634682246677,0.12148594377510041,0.13549138841350183,0.12473528901232421,0.03684873617930752
2019-07-02,0.12878597799204272,0.1196510178645617,0.13505443687870955,0.12654053115778513,0.019970086873951427
2019-07-03,0.1315459335460052,0.12072427641600889,0.1365837672504825,0.12494358618295433,0.009400875397591706
2019-07-05,0.12702964263952116,0.12030882149286803,0.13250555292575467,0.12720013886478043,0.01502225549098922
2019-07-08,0.1302914082942041,0.12044730646724833,0.13731201980846963,0.1265058149626801,0.01382913139838492
2019-07-09,0.1315459335460052,0.12387480958316024,0.13878673123839347,0.12813747613261584,0.016438514008484947
2019-07-10,0.1361339116097351,0.12422102201911092,0.1343625969486218,0.1251865995486895,0.02976101393636282
2019-07-11,0.1318326821749884,0.12044730646724833,0.13512726213450826,0.1246658566221142,0.012158224684141062
2019-07-12,0.1296103803003692,0.12020495776208281,0.1358813676583039,0.12421454608574901,0.00952773419195178
2019-07-15,0.12946700598587763,0.11809306190278354,0.1343625969486218,0.12428397847595903,0.017192729514800432
2019-07-16,0.12828416789132224,0.11771222822323779,0.1309398099260824,0.1190418330151015,0.02301884337435425
2019-07-17,0.12391125129932971,0.1155310898767484,0.1309398099260824,0.12015275125846207,0.020391779211722545
2019-07-18,0.12394709487795262,0.11740063703088213,0.13119469832137787,0.12414511369553895,0.02480899481727469
2019-07-19,0.1290727266210258,0.12148594377510041,0.1365837672504825,0.1261239368165249,0.02485607512341766
2019-07-22,0.13237033585433167,0.12242037113973134,0.13731201980846963,0.12633223398715498,0.025025318883415876
2019-07-23,0.13290798953367505,0.12120897382633986,0.13454466008811855,0.12567262628015968,0.03903820306696258
2019-07-24,0.12996881608659805,0.11916632045423073,0.13319739285584242,0.1244228432563791,0.03288189255893435
2019-07-25,0.1290727266210258,0.11840430688270323,0.1331609802279431,0.12279118208644328,0.019096372836769914
2019-07-26,0.12803326284096206,0.11819692563356876,0.12995666897279978,0.12088179135566739,0.024493645596883103
2019-07-29,0.1256675866518513,0.11767760697964269,0.13166806248406948,0.12445755945148408,0.020507978314125725
2019-07-30,0.12652783253880068,0.11823154687716386,0.1330153297163456,0.1244228432563791,0.020076641493155505
2019-07-31,0.13140255923151367,0.1201010940312976,0.1297017805775043,0.1190418330151015,0.037608789135980356
2019-08-01,0.12728054768988134,0.12853136684669714,0.13490878636711212,0.1271654226696754,0.16910268828125072
2019-08-02,0.1334814867916413,0.1225245810829525,0.13144958671667334,0.12647109876757506,0.0779522122625543
2019-08-05,0.12355281551310084,0.11298642847251075,0.11358919273203948,0.11043221662905743,0.09579911692066202
2019-08-06,0.11710097136098067,0.10798365877302313,0.12254669919528093,0.11317479604235374,0.04384919276944635
2019-08-07,0.1163124126312771,0.11061487328624847,0.12136328878855186,0.11688942891859051,0.043409861179508444
2019-08-08,0.1219756980536937,0.11459631629968148,0.12708007136875066,0.11997917028293699,0.04226859733428176
2019-08-09,0.1236603462489695,0.11286525411992798,0.12751702290354294,0.11560492969970491,0.02682608771792831
2019-08-12,0.11763862504032403,0.10785382910954164,0.1178312638823144,0.10671758375282069,0.03846824795018776
2019-08-13,0.1097171941646654,0.10552555047777318,0.1156100935804537,0.11105710814094773,0.04918305728256195
2019-08-14,0.11093587583784366,0.09988228777177677,0.10960200997706006,0.09994792570734247,0.05394489396102224
2019-08-15,0.10502168536506686,0.09642016341226978,0.1099661362560536,0.1008852629751779,0.028269587670424996
2019-08-16,0.1076382666045378,0.1040022157595901,0.1149546662782653,0.10932129838569692,0.03709031356329899
2019-08-19,0.11799706082655291,0.10933388727323085,0.12093179914794451,0.1141121333101892,0.036809058437023506
2019-08-20,0.11699344062511201,0.10943775100401607,0.12176382769544476,0.1141468495052942,0.03418567440613883
2019-08-21,0.12222660310405391,0.11328036283063286,0.12693442085715329,0.11688942891859051,0.01893254352347996
2019-08-22,0.12172479300333346,0.11044176706827313,0.12358445909041256,0.11404270091997916,0.008945808071907913
2019-08-23,0.11584644610917953,0.1062872178368647,0.1169209481848305,0.1065440027772956,0.0332458025982407
2019-08-26,0.11398258002078927,0.10521395928541755,0.11883261114954664,0.11123068911647284,0.015392975889045805
2019-08-27,0.11756693788307825,0.10822566126575267,0.12008884681207445,0.1099114737024822,0.024844823226352047
2019-08-28,0.1141976414925266,0.10597562664450907,0.1196154826493828,0.11057108140947751,0.022019666454854637
2019-08-29,0.11824796587691315,0.10902229608087524,0.12281979390452612,0.11209859399409823,0.016916719633773593
2019-08-30,0.1184271837700276,0.1080182800166182,0.11808615227760987,0.11064051379968755,0.022879759774535668
2019-09-03,0.11211871393239901,0.10272122974657252,0.11713942395222664,0.10682173233813573,0.01963608319263527
2019-09-04,0.11308649055521704,0.10545630799058303,0.11994319630047699,0.11199444540878319,0.012498404218733834
2019-09-05,0.11882146313487939,0.11206896551724141,0.124349124276299,0.11327894462766878,0.020106209448226425
2019-09-06,0.11792537366930712,0.10701426395236119,0.12150893930014932,0.11320951223745877,0.008307030261427255
2019-09-09,0.11957417828596005,0.10952430411300373,0.12165458981174672,0.11039750043395243,0.01537740935475954
2019-09-10,0.11448439012150975,0.10479850436227672,0.1136438116738885,0.11171671584794306,0.034434823555448885
2019-09-11,0.11749525072583246,0.10949833818030744,0.12365728434621127,0.11494532199270958,0.017654776400694096
2019-09-12,0.12039858059428653,0.11116881318376956,0.118814404835597,0.1111959729213678,0.03146643774837188
2019-09-13,0.11613319473816265,0.110891843235009,0.12139970141645125,0.11629925360180525,0.02811514903814469
2019-09-16,0.12075701638051543,0.11436158426810694,0.1264246440665623,0.1153966325290748,0.03267876620664456
2019-09-17,0.11939496039284563,0.1188547292618751,0.12646105669446167,0.1236590869640687,0.052070691693028956
2019-09-18,0.12756729631886443,0.11731408392189449,0.1301023194843972,0.1234160735983336,0.03243744262484255
2019-09-19,0.12900103946378005,0.12390943082675532,0.13589192732039473,0.12799861135219576,0.0646021747971211
2019-09-20,0.1334814867916413,0.12290541476249828,0.1360739904598915,0.12671411213331019,0.0554425806809665
2019-09-23,0.13333811247714972,0.12615981166043486,0.13822233550595348,0.12883180003471617,0.04424047114484837
2019-09-24,0.13541704003727734,0.1241517795319208,0.13374358227433275,0.12247873633049818,0.043456095478353246
2019-09-25,0.12710132979676692,0.12217836864700182,0.13341586862323856,0.1281027599375108,0.03489843555484416
2019-09-26,0.13172515143911973,0.12056848081983107,0.12303826967192223,0.11227217496962331,0.08576195943411925
2019-09-27,0.11634825620989998,0.10739509763190697,0.10719877653570258,0.09810796736677659,0.15427670648343614
2019-09-30,0.10247679128284169,0.09195402298850577,0.10006190146742892,0.09654573858705083,0.10673959869982214
2019-10-01,0.10175991971038388,0.09423902506578036,0.10111786767651022,0.09053983683388299,0.05025934776728945
2019-10-02,0.0923689021111868,0.08412962193601994,0.09754943014237337,0.08923797951744487,0.059902265852886605
2019-10-03,0.09186709201046632,0.08797257997507271,0.09576521137530496,0.09362957819822947,0.04838358038579456
2019-10-04,0.09867737194881536,0.09455061625813602,0.10464989258274769,0.1010762020482555,0.05746458042394949
2019-10-07,0.11555969748019641,0.10654687716382774,0.10326621272257218,0.09290053810102412,0.14662875820764554
2019-10-08,0.09552313703000105,0.09036144578313254,0.10079015402541601,0.09290053810102412,0.036904107356972526
2019-10-09,0.09738700311839134,0.088111064949453,0.10064450351381858,0.09026210727304289,0.028188709372720274
2019-10-10,0.0933725223126277,0.08842265614180861,0.09984342570003278,0.09175490366255858,0.05249204562788082
2019-10-11,0.09896412057779848,0.09032682453953747,0.10129993081600698,0.09241451136955388,0.09081346901147178
2019-10-14,0.09527223197964087,0.08686470018003048,0.10086297928121472,0.09126887693108836,0.019873345939406078
2019-10-15,0.09624000860245886,0.08596454784655866,0.09631140079379528,0.08915118902968235,0.04827977529030952
2019-10-16,0.0919387791677121,0.08226007478188616,0.09321632742235007,0.08613088005554591,0.05337684236066831
2019-10-17,0.08982400802896161,0.0836103032820939,0.09520372865309688,0.0869640687380663,0.05223604381945561
2019-10-18,0.0895731029786014,0.08419886442321009,0.09660270181699014,0.08685992015275125,0.040052904220383545
2019-10-21,0.0916878741173519,0.08589530535936851,0.09784073116556823,0.0907481340045131,0.03183825795591608
2019-10-22,0.0943761425140686,0.08541060794903754,0.09831409532825984,0.0903315396632529,0.038410169549168635
2019-10-23,0.09279902505466146,0.0853413654618474,0.0967847649564869,0.08706821732338134,0.03718481257850419
2019-10-24,0.09175956127459765,0.08298712089738264,0.09707606597968176,0.08918590522478735,0.06392896448960507
2019-10-25,0.08598874511631242,0.07924802658911509,0.07919746568109821,0.07797257420586702,0.25598916061609295
2019-10-28,0.08304957166923545,0.07876332917878412,0.08972071514401193,0.07998611352195799,0.08634722728299088
2019-10-29,0.08437578407828238,0.07550893228084754,0.08797290900484288,0.08015969449748307,0.04195125999673949
2019-10-30,0.08269113588300654,0.07419332502423487,0.08298437898263118,0.0751605624023607,0.040663763790024704
2019-10-31,0.07928599591383205,0.0716313529981997,0.08232895168044278,0.07495226523173058,0.046294957568080955
2019-11-01,0.0797519624359296,0.07093892812629832,0.08360339365692022,0.07769484464502689,0.02308567795090941
2019-11-04,0.08523602996523173,0.07723999446060104,0.08815497214433966,0.07936122201006769,0.04106794377672378
2019-11-05,0.08283451019749812,0.07713613072981582,0.08866474893493063,0.08217323381357401,0.0280217498324271
2019-11-06,0.08548693501559194,0.07827863176845312,0.08888322470232678,0.08040270786321817,0.02249123092285268
2019-11-07,0.08512849922936307,0.07682453953746018,0.08658922914466737,0.07786842562055198,0.029655051522267464
2019-11-08,0.08068389548012474,0.07176983797257999,0.08458653461020284,0.07557715674362088,0.027053071476026393
2019-11-11,0.07860496791999712,0.07266999030605181,0.08425882095910862,0.07734768269397672,0.020230149517407824
2019-11-12,0.08097064410910786,0.07343165766514334,0.08749954484215126,0.07904877625412253,0.020520372321043864
2019-11-13,0.08075558263737052,0.07327586206896552,0.08597021447037832,0.07946537059538274,0.01684726243459412
2019-11-14,0.08161582852431988,0.07228915662650603,0.08578815133088157,0.07755597986460681,0.015479522435648242
2019-11-15,0.0814366106312054,0.07628791026173662,0.08833703528383642,0.08040270786321817,0.02663747039080207
2019-11-18,0.08383813039893902,0.0737086276139039,0.08739030695845319,0.07967366776601283,0.025489184685000606
2019-11-19,0.08613211943080397,0.07862484420440383,0.09143210865528166,0.08467279986113523,0.03375767931399637
2019-11-20,0.08749417541847378,0.07952499653787565,0.09277937588755782,0.08373546259329977,0.031740544112977845
2019-11-21,0.08720742678949069,0.07789779808890737,0.09084950660889198,0.082138517618469,0.01897399788109012
2019-11-22,0.08634718090254133,0.0782613211466556,0.09252448749226232,0.08394375976392988,0.018172236764617673
2019-11-25,0.08860532635578335,0.08063287633291788,0.09503695881731784,0.08595729908002082,0.01793776584193081
2019-11-26,0.08971647729309294,0.0803905276277524,0.09518260932891527,0.08640860961638604,0.009790419458032495
2019-11-27,0.09143696906699166,0.08201772607672067,0.09631140079379528,0.08824856795695189,0.013136885926660135
2019-11-29,0.0916878741173519,0.0818792411023404,0.09642063867749336,0.08692935254296129,0.006569077468803693
2019-12-02,0.09143696906699166,0.08167151364077,0.09445435677092816,0.08512411039750041,0.030852109548808234
2019-12-03,0.08512849922936307,0.07713613072981582,0.08888322470232678,0.08383961117861481,0.030783752159116374
2019-12-04,0.08835442130542313,0.0803905276277524,0.09430870625933073,0.08536712376323553,0.04166124869492799
2019-12-05,0.08968063371447006,0.0798019664866362,0.08658922914466737,0.07672279118208643,0.08895318356353332
2019-12-06,0.0815441413670741,0.07457415870378065,0.08749954484215126,0.0804374240583232,0.045054245564954784
2019-12-09,0.08373059966307035,0.07412408253704475,0.087062593307359,0.07720881791355665,0.023344006279404566
2019-12-10,0.07982364959317538,0.07249688408807645,0.08669846702836544,0.07731296649887172,0.033332856749222026
2019-12-11,0.0817950464174343,0.07769007062733693,0.08808251101481994,0.08217323381357401,0.032477966374424724
2019-12-12,0.08595290153768954,0.07952499653787565,0.09226959909696685,0.08623502864086095,0.026322374972599937
2019-12-13,0.09003906950069897,0.08279670405760975,0.0948184830499217,0.08602673147023084,0.012602590017503044
2019-12-16,0.09050503602279651,0.08686470018003048,0.09754943014237337,0.09140774171150841,0.03980819660938886
2019-12-17,0.0948062654575433,0.08627613903891429,0.09875104686305212,0.09060926922409303,0.04652684816850841
2019-12-18,0.09391017599197103,0.08610303282093892,0.10002548883952954,0.09126887693108836,0.025657117133686663
2019-12-19,0.09584572923760708,0.08821492868023822,0.10246513490878638,0.0932824162471793,0.03613525592439876
2019-12-20,0.09817556184809491,0.08880348982135439,0.10403087790845865,0.09411560492969971,0.055886692212139044
2019-12-23,0.09871321552743824,0.08925183492591054,0.1044678294432509,0.0960249956604756,0.015203427953891586
2019-12-24,0.0992867127854045,0.09049993075751281,0.10559662090813095,0.09644159000173579,0.0
2019-12-26,0.1010430481379261,0.09309652402714305,0.10810909223318645,0.09880229126887692,0.034724158051421844
2019-12-27,0.10297860138356214,0.09219637169367126,0.10089939190911408,0.0909911473702482,0.033813261993485916
2019-12-30,0.09426861177819994,0.08426810691040024,0.09660306594326913,0.09047040444367295,0.026444284624265738
2019-12-31,0.09276318147603858,0.08419886442321009,0.09853257109565598,0.08942891859052247,0.017541369122374872
2020-01-02,0.09459120398580594,0.08707242764160089,0.10009831409532825,0.09387259156396459,0.032279619963369574
2020-01-03,0.0971360980680311,0.08845727738540368,0.10282926118777992,0.09310883527165421,0.02762108077601542
2020-01-06,0.09319330441951325,0.08416424317961502,0.09580162400320431,0.08897760805415726,0.05263899709557235
2020-01-07,0.09229721495394098,0.08724553385957626,0.09937006153734114,0.09189376844297865,0.028919025172862555
2020-01-08,0.09624000860245886,0.08654306882703228,0.10082656665331537,0.0919979170282937,0.01840053183402792
2020-01-09,0.09699272375353955,0.08977288464201635,0.1018825328623967,0.0919979170282937,0.02542344991793306
2020-01-10,0.0958098856589842,0.08551447167982276,0.09962494993263664,0.09130359312619336,0.022792409520999975
2020-01-13,0.09624000860245886,0.09084614319346351,0.10242872228088702,0.0945669154660649,0.033415130958968725
2020-01-14,0.09853399763432381,0.09344273646309376,0.10497760623384188,0.09921888561013713,0.02989320257670135
2020-01-15,0.09032581812968206,0.08163689239717492,0.08840986053963514,0.08522825898281548,0.3063384389591775
2020-01-16,0.08609627585218109,0.07879795042237916,0.09132287077158359,0.08238153098420413,0.07998715591719924
2020-01-17,0.08616796300942685,0.0778631768453123,0.08895641408440448,0.08095816698489845,0.06249718173818798
2020-01-21,0.08412487902792214,0.07398559756266446,0.08325747369187635,0.0741190765492102,0.10049695314701601
2020-01-22,0.07821068855514533,0.0682730923694779,0.08007136875068273,0.07068217323381358,0.08678909689482327
2020-01-23,0.07330011828380946,0.07014263952361169,0.07916105305319886,0.07575073771914599,0.07973881047482244
2020-01-24,0.08100648768773074,0.07363938512671378,0.08447729672650477,0.07547300815830583,0.0608540663636889
2020-01-27,0.07573748163016596,0.0661958177537737,0.07999854349488401,0.07043915986807846,0.042188142040226126
2020-01-28,0.07423205132800458,0.06655934081152196,0.08058114554127373,0.07259156396458948,0.027566851708202948
2020-01-29,0.0758808559446575,0.06719983381803077,0.08104176528420058,0.07186252386738413,0.02379074043320142
2020-01-30,0.07380192838452991,0.06574574158703783,0.07879692677420529,0.07123763235549384,0.02511863348840365
2020-01-31,0.07380192838452991,0.0644647555740202,0.07564723446091103,0.06727998611352194,0.032322935537035705
2020-02-03,0.07122119072368187,0.06401467940728434,0.07726759640243235,0.06957125499045304,0.02944706062801321
2020-02-04,0.0759883866805262,0.07125051931865392,0.08207406328514728,0.07800729040097205,0.055177188191531654
2020-02-05,0.08383813039893902,0.07602790472233761,0.0878636711211448,0.07950008679048777,0.047960492135981456
2020-02-06,0.08416072260654504,0.07467802243456587,0.08790008374904416,0.07793785801076202,0.028575250107252575
2020-02-07,0.0797878060145525,0.07155795596177814,0.08593380184247897,0.07727825030376671,0.017501056874617234
2020-02-10,0.08054052116563316,0.0728777177676222,0.08658922914466737,0.07828501996181218,0.022376681534680923
2020-02-11,0.08351553819133302,0.0765821908322947,0.08988457196955905,0.08097552508245094,0.02887664020722441
2020-02-12,0.08688483458188466,0.08329871208973827,0.09296143902705457,0.08998437771220273,0.098834421905024
2020-02-13,0.0923689021111868,0.08194848358953055,0.09190547281797327,0.08474223225134524,0.061182232594647695
2020-02-14,0.0891429800351267,0.08077136130729817,0.09443360157302554,0.0869987849331713,0.015270516332636194
2020-02-18,0.09150865622423741,0.08329871208973827,0.09667552707278886,0.08835271654226697,0.047233983368680926
2020-02-19,0.09373095809885658,0.08963439966763606,0.10028037723482504,0.09432390210032977,0.07000245088314279
2020-02-20,0.10125810960966343,0.09621243595069937,0.10356115500855696,0.10109356014580802,0.16352310094838263
2020-02-21,0.08240438725402345,0.07367400637030883,0.079379528820595,0.07078632181912863,0.4011841479551707
2020-02-24,0.06545037456539661,0.06671513640769977,0.07122310017113935,0.07293872591563964,0.14424944728228192
2020-02-25,0.07810315781927667,0.0684115773438582,0.07286166842661033,0.06377365040791529,0.10644895289253702
2020-02-26,0.06735008423240975,0.060344827586206906,0.0639769872191676,0.055233466412081225,0.10066268597672684
2020-02-27,0.052582529839779193,0.04864284725107326,0.05414557768634164,0.04877625412254817,0.10188313610506192
2020-02-28,0.044947847593103676,0.050356598809029235,0.051086916942795754,0.05405311577851067,0.11251655953535249
2020-03-02,0.05688375927452598,0.048850574712643674,0.05498525288570076,0.05120638777989932,0.103199565761374
2020-03-03,0.05448223950679236,0.048469741033097924,0.055178239813567356,0.04863738934212809,0.05409078791959107
2020-03-04,0.05347861930535146,0.04663481512255921,0.05614827222080619,0.053046346120465174,0.044390891242462385
2020-03-05,0.05215240689630453,0.04871208973826341,0.05751847940865894,0.05301162992536017,0.04096443478379311
2020-03-06,0.05028854080791427,0.04421098185846836,0.05188799475658158,0.0457212289533067,0.048981030739759776
2020-03-09,0.035771891465643926,0.03164381664589394,0.037978370899027766,0.031070994618989753,0.057023726020874896
2020-03-10,0.037599913975411306,0.03140146794072843,0.03943487601500199,0.03777122027425793,0.10210212509419234
2020-03-11,0.035807735044266834,0.029324193325024228,0.029003386374394632,0.02440548515882658,0.09406962420102014
2020-03-12,0.014946772285745008,0.018764714028527918,0.016494920438408042,0.02207950008679048,0.10154917472411068
2020-03-13,0.0316857235026345,0.026069796427087677,0.020647780650329545,0.0199965283804895,0.06041075853944962
2020-03-16,0.0067744363597261464,0.010005539398975222,0.008120016021556264,0.004651970144072204,0.11458153644908234
2020-03-17,0.007849743718412863,0.009659326963024517,0.004007937952882054,0.00715153619163339,0.136428617415111
2020-03-18,0.0008244023083264634,0.0,0.0,0.0,0.0945246069259741
2020-03-19,0.0,0.009901675668190002,0.0024760586971561693,0.011317479604235375,0.0631098602235202
2020-03-20,0.0156994874368257,0.01284448137377095,0.01438298802024543,0.012115952091650742,0.10570239375226995
2020-03-23,0.013405498404960747,0.007408946129344965,0.008065397079707229,0.009963547995139724,0.07852043306436787
2020-03-24,0.017204917738987066,0.010905691732447029,0.01485635218293703,0.012185384481860781,0.061080119513758996
2020-03-25,0.014946772285745008,0.017414485528320173,0.017951425554382255,0.01593473355320256,0.07010041852827048
2020-03-26,0.019642281085343563,0.020288048746710974,0.024141572297272693,0.02575941676792222,0.05888764930019545
2020-03-27,0.021649521488225368,0.01689516687439413,0.022320940902304923,0.018850893942023952,0.06185155126859218
2020-03-30,0.025664002293989033,0.017518349259105392,0.021264974693223623,0.02034369033153967,0.036715151626927026
2020-03-31,0.021900426538585607,0.0165835756820385,0.02377744601827915,0.02034369033153967,0.040645870735668485
2020-04-01,0.01698985626724972,0.009659326963024517,0.016494920438408042,0.011248047214025336,0.030124712473844625
2020-04-02,0.012724470411125857,0.014610164797119518,0.017878600298583555,0.017739975698663424,0.06661241503865957
2020-04-03,0.018316068676296635,0.014506301066334298,0.02057313476313584,0.014511369553896897,0.034453139613454184
2020-04-06,0.018817878777017086,0.018349259105387067,0.02377744601827915,0.02273910779378581,0.07392597892984984
2020-04-07,0.028639019319688888,0.023473203157457434,0.03153333576084187,0.02482207950008679,0.04142842748647255
2020-04-08,0.027957991325853984,0.024061764298573624,0.029567053854276673,0.030203089741364333,0.035804297869356
2020-04-09,0.03258181296820674,0.03081290679961224,0.03870662345701491,0.035584099982641906,0.04560169688759837
2020-04-13,0.0369188859815764,0.03053593685085168,0.04067290536358008,0.036139559104322164,0.031056504912045275
2020-04-14,0.0418294562529123,0.03714859437751006,0.045934530095036966,0.04138170456517963,0.03298455554456686
2020-04-15,0.03939209290655578,0.0331152194986844,0.043840803990824004,0.03725047734768268,0.02784501890784011
2020-04-16,0.041578551202552064,0.03368647001800307,0.04089138113097622,0.0345426141294914,0.06903821406505746
2020-04-17,0.04168608193842073,0.035625259659326974,0.046280814186359834,0.04165943412601979,0.048354689236562165
2020-04-20,0.0421520484605183,0.03520980473618612,0.04522448385099952,0.0374934907134178,0.04719519393405999
2020-04-21,0.036381232302233044,0.030362830632876342,0.03819684666642391,0.031175143204304798,0.041103899086895865
2020-04-22,0.037384852503673946,0.02915108710704889,0.04052725485198268,0.03482034369033153,0.027207848511225968
2020-04-23,0.03799419334026309,0.03574643401190972,0.04307613880493753,0.04197187988196492,0.06548781753720677
2020-04-24,0.04430266317789168,0.037132668605456304,0.044059279758220146,0.036938031591737544,0.05568631538356829
2020-04-27,0.03960715437829314,0.03915662650602411,0.04584349852528859,0.04533935080715153,0.04143303822624757
2020-04-28,0.04903401555611313,0.042549508378340956,0.04835596985034411,0.04016663773650407,0.04314586460211557
2020-04-29,0.04666833936700242,0.04698068134607397,0.05035866438480864,0.0532893594862003,0.0383871158502936
2020-04-30,0.05190150184594432,0.04426325993629693,0.05563849543021519,0.04794306544002776,0.04552881335886132
2020-05-01,0.04476862969998925,0.039087384018833965,0.04773695517605504,0.04089567783370941,0.035507518509159175
2020-05-04,0.04240295351087854,0.03926049023680933,0.0467953246185777,0.045825377538621745,0.03817641773268521
2020-05-05,0.05347861930535146,0.04438443428887967,0.052306739977424174,0.04478389168547127,0.02788621946326082
2020-05-06,0.04863973619126134,0.043241933250242365,0.053162436733059024,0.04485332407568128,0.036994587837511445
2020-05-07,0.04871142334850713,0.04379587314776348,0.05461894184903325,0.05019961812185382,0.04256275407185428
2020-05-08,0.055163267500627264,0.04635784517379865,0.05436405345373775,0.04846380836660301,0.07313322779110286
2020-05-11,0.04853220545539265,0.04137238609610858,0.050904853803299,0.04398541919805589,0.05800374087507103
2020-05-12,0.04788702104018065,0.039087384018833965,0.04307613880493753,0.03523693803159174,0.06338125936477204
2020-05-13,0.037599913975411306,0.03136684669713338,0.038378909805920694,0.03204304808193022,0.08043008303815434
2020-05-14,0.03150650560952005,0.02717767622212991,0.034428139678840605,0.03329283110571081,0.04151404342504701
2020-05-15,0.03121975698053693,0.025135022850020783,0.03684957943414778,0.0318347509113001,0.03242382190734207
2020-05-18,0.038352629126492,0.035936850851682606,0.04453264392091179,0.04224960944280505,0.08314830448716348
2020-05-19,0.04423097602064589,0.044522919263259936,0.049666824454720884,0.04523520222183648,0.058550303890051544
2020-05-20,0.04871142334850713,0.044730646724830375,0.05476459236063065,0.047700052074292634,0.028522120848927714
2020-05-21,0.04932076418509625,0.04358814568619307,0.05476459236063065,0.04707516056240234,0.02430198264348347
2020-05-22,0.049858417864439605,0.04102617366015787,0.05354476932600226,0.04606839090435687,0.01181064258568933
2020-05-26,0.05372952435571167,0.050945159950145424,0.05931617084805009,0.05679569519180698,0.0479931903180556
2020-05-27,0.06226029606795942,0.05362830632876334,0.05968029712704366,0.056969276167332064,0.040968072615175224
2020-05-28,0.05910606114914514,0.052035729123390134,0.061173214870917245,0.05318521090088528,0.032372680766167894
2020-05-29,0.054338865192300814,0.05078936435396761,0.06044860357572006,0.05700399236243707,0.02867228714435228
2020-06-01,0.05910606114914514,0.05684808198310484,0.06477806503295343,0.06182954348203436,0.03362062613169339
2020-06-02,0.06484103372880749,0.059133084060379454,0.06943888140407094,0.061447665335879184,0.03796521201069793
2020-06-03,0.06846123516971934,0.06176429857360477,0.07224265375232132,0.06700225655268181,0.03849248605928024
2020-06-04,0.07003835262912649,0.061833541060794917,0.07566544077486072,0.06738413469883699,0.03196236722655711
2020-06-05,0.07165131366715653,0.0687577897798089,0.07839638786731239,0.07352890123242493,0.05122282317880644
2020-06-08,0.0787841858131116,0.0775169644093616,0.08440447147070602,0.08415205693455995,0.03468156158395916
2020-06-09,0.08455500197139683,0.07540506855006232,0.08586097658668025,0.07936122201006769,0.03242619072777693
2020-06-10,0.08261944872576078,0.07277385403683703,0.08225612642464407,0.0728692935254296,0.030661800207085668
2020-06-11,0.0700025090505036,0.06366846697133363,0.07366274624039619,0.06505814962680088,0.04356628792893945
2020-06-12,0.07251155955410589,0.06370308821492868,0.07184247897170738,0.06672452699184168,0.031018561484722502
2020-06-15,0.06570127961575685,0.06276831463786181,0.07064049812474966,0.06911994445408783,0.01540824632077771
2020-06-16,0.07756550413993334,0.06893089599778426,0.08054473291337437,0.07328588786668981,0.021257794582490743
2020-06-17,0.07821068855514533,0.0682730923694779,0.07774096056512399,0.06839090435688248,0.02325242598937804
2020-06-18,0.0706476934657156,0.06647278770253429,0.07664858172814333,0.07036972747786842,0.014250823736156042
2020-06-19,0.07623929173088641,0.06733831879241103,0.07883333940210464,0.06943239021003299,0.03945257744160456
2020-06-22,0.07240402881823722,0.06339149702257307,0.0758475039143575,0.06804374240583232,0.01457848236273595
2020-06-23,0.07340764901967813,0.0699002908184462,0.08010778137858209,0.07540357576809582,0.04156674967972279
2020-06-24,0.0783540628696369,0.0684115773438582,0.07315296944980519,0.06554417635827113,0.03451405213892218
2020-06-25,0.0679594250689989,0.06339149702257307,0.07344427047300005,0.07005728172192328,0.02230066777894066
2020-06-26,0.07297752607620343,0.06339149702257307,0.0736263336124968,0.06443325811491059,0.03715528692379817
2020-06-29,0.06806695580486756,0.062318238471125886,0.07220624112442194,0.06738413469883699,0.03498984664341105
2020-06-30,0.07054016272984694,0.06311452707381252,0.07464588719367878,0.06700225655268181,0.08207438282287086
2020-07-01,0.06907057600630846,0.06155657111203436,0.07490077558897425,0.06557889255337616,0.02087844490999286
2020-07-02,0.07154378293128787,0.06536490790749205,0.07759531005352656,0.06832147196667245,0.02539612388220228
2020-07-06,0.07448295637836481,0.07474726492175601,0.08021701926228016,0.08057628883874325,0.13471718695128496
2020-07-07,0.08312125882648123,0.07429718875502009,0.08695335542366094,0.07970838396111783,0.04051850433692951
2020-07-08,0.08373059966307035,0.09022296080875228,0.08979354039981068,0.09671931956257594,0.11204842139691203
2020-07-09,0.10211835549661279,0.09506993491206206,0.09987983832793214,0.09373372678354451,0.07135124031860973
2020-07-10,0.10193913760349833,0.09119235562941422,0.1014819939555038,0.09474049644159001,0.022752351075431786
2020-07-13,0.10000358435786229,0.09520841988644232,0.10064450351381858,0.0902968234681479,0.06076345898205525
2020-07-14,0.09312161726226746,0.10289433596454786,0.09787714379346758,0.10963374414164208,0.12649822604959685
2020-07-15,0.11645578694576868,0.10590638415731896,0.111131340348833,0.10685644853324074,0.10599946921502112
2020-07-16,0.10903616617083049,0.09977842404099155,0.10949277209336199,0.10008679048776255,0.06363565375933072
2020-07-17,0.10530843399404997,0.10119789502838944,0.11204165604631687,0.10692588092345078,0.03894493076233971
2020-07-20,0.11079250152335209,0.1092992660296358,0.11703018606852857,0.11095295955563268,0.05606892218416412
2020-07-21,0.11702928420373489,0.10639108156764993,0.11440847685977497,0.10602325985072035,0.04770055639361978
2020-07-22,0.10968135058604252,0.10279047223376264,0.11611987037104467,0.10744662385002603,0.034868486896489054
2020-07-23,0.11430517222839527,0.10857221991413932,0.11761278811491828,0.11213331018920326,0.049452510607028
2020-07-24,0.1121904010896448,0.10476388311868162,0.11688562793576814,0.11095295955563268,0.03636084377045487
2020-07-27,0.110505752894369,0.10511009555463233,0.11568291883625241,0.11130012150668285,0.049456825244248645
2020-07-28,0.11394673644216637,0.10379448829801968,0.11327968539489496,0.10234334316958861,0.057884115443110284
2020-07-29,0.1076382666045378,0.09946683284863594,0.11346174853439174,0.1038361395591043,0.023747297958440567
2020-07-30,0.10591777483063909,0.09638554216867473,0.10938244183082695,0.10241277555979865,0.0332946172193449
2020-07-31,0.10770995376178359,0.09707796704057611,0.10876451953537487,0.10189203263322337,0.018604334992156243
2020-08-03,0.10749489229004623,0.1000553939897521,0.11222371918581363,0.10637042180177052,0.020476633743728653
2020-08-04,0.11355245707731458,0.11120343442736466,0.11917853111459055,0.1174796042353758,0.051829621913416404
2020-08-05,0.1194308039714685,0.11643124221022019,0.12373010960200999,0.1233466412081236,0.04358265817015897
2020-08-06,0.12491487150077064,0.11511563495360755,0.12620616829916614,0.11893768442978646,0.05105476382902564
2020-08-07,0.14011254883687585,0.16072912339011217,0.14739831773659107,0.14834230168373547,0.2195408819913726
2020-08-10,0.15384063944944265,0.14845589253565986,0.15613734843243637,0.14684950529421975,0.0954368142952222
2020-08-11,0.1534822036632137,0.1410296357845174,0.14940101227105562,0.13883006422496091,0.07682655725197879
2020-08-12,0.14366106312054194,0.14828278631768452,0.14989258274769696,0.15042527339003647,0.058241849629140016
2020-08-13,0.15495179038675216,0.1537875640493007,0.16269162145432042,0.15799340392293004,0.06737690953364778
2020-08-14,0.16380515430660592,0.15264506301066336,0.1658595200815643,0.15313313660822775,0.0350225448254852
2020-08-17,0.1621205061113301,0.15018695471541335,0.16316498561701198,0.15070300295087657,0.031064584281742764
2020-08-18,0.15735331015448578,0.14821354383049443,0.1614900047336416,0.15348029855927792,0.04049820016177351
2020-08-19,0.1597906735008423,0.15714582467802243,0.16771656410443142,0.15847943065440023,0.0474547912735024
2020-08-20,0.16104519875264345,0.15056778839495913,0.16371117503550237,0.15087658392640163,0.03493891700406143
2020-08-21,0.1574249973117316,0.14815572635369065,0.1633470487565088,0.15240409651102238,0.019380250585669705
2020-08-24,0.16054338865192297,0.15461847389558234,0.16607799584896044,0.16080541572643636,0.06080372892944798
2020-08-25,0.1695759704648912,0.1594481373770946,0.16846302297636823,0.16375629231036282,0.057653789956184434
2020-08-26,0.1727660489623284,0.1661127267691456,0.1764920074281761,0.16660302030897411,0.046950528623430215
2020-08-27,0.17269436180508257,0.16562802935881457,0.17674689582347164,0.16458948099288317,0.0336247715674544
2020-08-28,0.17290942327681996,0.17227530812906802,0.17889524086953357,0.1728866516229821,0.06685090449601272
2020-08-31,0.17918204953582567,0.16870932003877584,0.17365182245202637,0.16104842909217149,0.09310805230592402
2020-09-01,0.167031076382666,0.16057332779393438,0.17467174015948733,0.1674014927963895,0.033238526935476465
2020-09-02,0.17588444030251976,0.16289295111480404,0.17245020573134767,0.16403402187120292,0.032477754872600184
2020-09-03,0.16660095343919135,0.15364907907492034,0.1566835378509267,0.14684950529421975,0.08434768903377422
2020-09-04,0.15229936556865836,0.14270876609887825,0.1417907730400903,0.14532199270959906,0.060716717078831556
2020-09-08,0.1414029176672999,0.13782717075197343,0.14492225903943484,0.13598333622634962,0.05135310830272409
2020-09-09,0.14599089573102975,0.13855421686746988,0.15122164366602342,0.1440722096858184,0.03313307212576
2020-09-10,0.15190472776802033,0.14161819692563357,0.14951025015475367,0.13778857837181047,0.024097671880976248
2020-09-11,0.1466360801462418,0.13786179199556853,0.15002002694534466,0.13785801076202048,0.0324768242645722
2020-09-14,0.14710204666833937,0.13716936712366712,0.15158576994501693,0.143239021003298,0.01443279990599167
2020-09-15,0.1525144270403957,0.1452014956377233,0.15861340712959254,0.1482034369033154,0.03659307277380158
2020-09-16,0.15688734363238827,0.14760282509347736,0.157120489385719,0.14497483075854883,0.052393231975454965
2020-09-17,0.12910857019964872,0.12006647278770258,0.12795397443833523,0.11734073945495573,0.46910859341219185
2020-09-18,0.12247750815441417,0.11314222406868857,0.11845027855660344,0.109529595556327,0.19811617016895358
2020-09-21,0.10921538406394495,0.10452153441351614,0.11571933146415177,0.10925186599548688,0.13299890382834376
2020-09-22,0.11523710527259041,0.10417532197756546,0.11684812292903181,0.10883527165422667,0.06945681847619027
2020-09-23,0.11491451306498442,0.10985320592715692,0.12136328878855186,0.11046693282416246,0.10550929258646342
2020-09-24,0.11179612172479302,0.10417532197756546,0.11306120962749884,0.10796736677660125,0.07526241665876354
2020-09-25,0.11197533961790744,0.10888381110649498,0.1162655208826421,0.11404270091997916,0.12905164527692314
2020-09-28,0.12276425678339727,0.11587730231269908,0.12911954265739362,0.122096858184343,0.06303426947142902
2020-09-29,0.12720886053263558,0.11733139454369201,0.13192295087936495,0.12345078979343864,0.05975324166731456
2020-09-30,0.12826624610201082,0.12474034067303699,0.13538215052980374,0.12497830237805936,0.11008551526370597
2020-10-01,0.13355317394888705,0.12730231269907213,0.1394967774824309,0.13320604061794822,0.08388978758364157
2020-10-02,0.13262124090469196,0.12882564741725522,0.13924188908713542,0.12858878666898105,0.04393912334524144
2020-10-05,0.13814115201261695,0.13734247334164246,0.1449950842952336,0.14337788578371807,0.08705601219739482
2020-10-06,0.15258611419764145,0.15046392466417394,0.15777591668790736,0.15011282763409128,0.09339975562233185
2020-10-07,0.16272984694791925,0.1700941697825786,0.16942795761570112,0.16840826245443496,0.21135385786519026
2020-10-08,0.18097422846697014,0.16787841019249408,0.17488985180060446,0.16288838743273737,0.12218181221362123
2020-10-09,0.1696118140435141,0.17075197341088497,0.17627353166077997,0.1687554244054852,0.11485200498230619
2020-10-12,0.1862432345245349,0.17722614596316302,0.1778392746604523,0.17049123416073597,0.14854822186609073
2020-10-13,0.17566937883078243,0.18120758897659608,0.1821359647525762,0.18305849678875197,0.13927648948256416
2020-10-14,0.19409297824294774,0.18539675945159953,0.19699231693551322,0.18580107620204828,0.09819374057812247
2020-10-15,0.1817269436180508,0.17566784378894892,0.1828642173105633,0.1808019441069259,0.09555694733156185
2020-10-16,0.1886447542922685,0.1848428195540784,0.19359793176273532,0.18739802117687904,0.12606062877462018
2020-10-19,0.19412882182157065,0.19155934081152196,0.19801187051669517,0.1847943065440028,0.12409751113958958
2020-10-20,0.1961360622244525,0.18858191386234593,0.1983395841677894,0.18781461551813922,0.08945863062382294
2020-10-21,0.1987884870425463,0.19145547708073676,0.1923315005643958,0.17844124283978474,0.1217808893550201
2020-10-22,0.1856338936879458,0.1774338734247334,0.18818046098386926,0.18208644332581153,0.09231991190695206
2020-10-23,0.19136886626760818,0.18740479158011356,0.19783017150347743,0.19152924839437596,0.08789571674119004
2020-10-26,0.18868059787089142,0.18349259105387064,0.19007391763463571,0.18590522478736332,0.13789149093473568
2020-10-27,0.19036524606616723,0.18141531643816647,0.1929104613479955,0.18118382225308105,0.15020660767232175
2020-10-28,0.22337718197784867,0.22787702534275037,0.22481156465062085,0.21909390730775907,0.6087503465457396
2020-10-29,0.21914763970034767,0.21039329732724002,0.21221279539744387,0.1987849331713244,0.2186739360125764
2020-10-30,0.20369009641922653,0.19385092092507963,0.19384408112733498,0.19734421107446626,0.22733700844543706
2020-11-02,0.2114412702964264,0.20346904860822598,0.21385136365291485,0.2037493490713418,0.1310177239374973
2020-11-03,0.21330513638481663,0.20291510871070492,0.20584058551505663,0.19802117687901405,0.16995322171846247
2020-11-04,0.18728269830459876,0.17805705580944473,0.1795142555438226,0.17212289533067177,0.3864096457014496
2020-11-05,0.18746191619771319,0.19576582190832295,0.1949532097731494,0.19684082624544352,0.23584543074419284
2020-11-06,0.21054518083085416,0.20294972995429997,0.2107198776535703,0.20159694497483072,0.16999302636184122
2020-11-09,0.23552815513100828,0.22022573050823988,0.20964570513053932,0.19409824683214721,0.15831224589642046
2020-11-10,0.19172730205383703,0.1865738817338319,0.18683319375159307,0.17549036625585834,0.15224810788352747
2020-11-11,0.1864941395748952,0.1848428195540784,0.19491679714525,0.18746745356708905,0.08811500183287481
2020-11-12,0.19635112369618984,0.18311175737432492,0.1901831555183338,0.17774691893768446,0.07800487621686517
2020-11-13,0.18739022904046743,0.1761182661681208,0.18676036849579436,0.17271307064745706,0.09193150995636379
2020-11-16,0.1820495358256568,0.17359091538568064,0.1841750719149401,0.17361569172018743,0.10597341219023759
2020-11-17,0.179719703215169,0.1719637169367124,0.18498343225430586,0.17802464849852456,0.08671172952740594
2020-11-18,0.1873185418832216,0.1790264506301066,0.18887230091395701,0.17979517444888038,0.09915751209219381
2020-11-19,0.18441521201476752,0.18577759313114525,0.19291410261078545,0.1869814268356188,0.10069525725770626
2020-11-20,0.19799992831284274,0.18803420578867194,0.19990532716746173,0.18916854712723485,0.07162923831678726
2020-11-23,0.19979210724398722,0.19124774961916632,0.20265083931107308,0.19691025863565353,0.11961248804908939
2020-11-24,0.21326929280619378,0.20561556571112036,0.21060627025452433,0.20902621072730426,0.09968444773785685
2020-11-25,0.2144521309007491,0.21080875225038084,0.22226268069766597,0.21610831452872764,0.08252945014855465
2020-11-27,0.23294741747016023,0.2266649356044869,0.23744674653169723,0.2239194584273564,0.07753424235689511
2020-11-30,0.2396501666726406,0.22971091261598117,0.2262316571386957,0.2195105016490193,0.10332997778638638
2020-12-01,0.2181619412882182,0.21219360199418366,0.22426537523213053,0.21128276340913038,0.10277317808309805
2020-12-02,0.21473887952973225,0.20549092923417808,0.214069839420311,0.20930394028814442,0.06940119349633582
2020-12-03,0.21857414244238144,0.20987397867331395,0.21862141790773043,0.20385349765665683,0.09719820149000498
2020-12-04,0.21484641026560092,0.2058232931726908,0.218475767396133,0.20503384829022742,0.06357990187838154
2020-12-07,0.21484641026560092,0.2033651848774408,0.21752903907074972,0.20326332233987154,0.06642438991664205
2020-12-08,0.21050933725223125,0.2017726076720676,0.2193132578378182,0.2072209685818434,0.0443498175881364
2020-12-09,0.219362701172085,0.20506162581359924,0.20664166332884248,0.19448012497830236,0.0660375530795554
2020-12-10,0.2003297609233306,0.19259797811937404,0.20806175581691733,0.19559104322166293,0.03674531178710666
2020-12-11,0.19946951503638122,0.1932211605040853,0.2072839820849871,0.19500086790487764,0.04815325489886871
2020-12-14,0.20514893006917811,0.19436366154272264,0.2102101008629793,0.195764624197188,0.06489595083140945
2020-12-15,0.19889601777841498,0.20492314083921895,0.20500309507337144,0.21197708731123072,0.1697065259903171
2020-12-16,0.21957776264382234,0.2114319346350921,0.22171649127917564,0.21374761326158653,0.08329863998404768
2020-12-17,0.2255994838524678,0.21215898075058856,0.2277245748825693,0.21565700399236243,0.05264711876563474
2020-12-18,0.22699738341876052,0.21942944190555322,0.23249462913738483,0.22006596077069956,0.15730773913094237
2020-12-21,0.2236280870282089,0.22302901260213268,0.23075228489240068,0.22985592779031416,0.07218417680401962
2020-12-22,0.2444890497867307,0.25595485389835204,0.2531770017842188,0.2602325985072036,0.19313382168822618
2020-12-23,0.2772859242266748,0.2665143331948484,0.2653388195026035,0.24867210553723312,0.11223255488535797
2020-12-24,0.25742858166959387,0.24643401190970785,0.2593321924043258,0.2506509286582191,0.044411533820537655
2020-12-28,0.2682891859923295,0.2645755435535244,0.2624258092706551,0.24645026905051204,0.11980262818935233
2020-12-29,0.2559231513674325,0.24103309790887692,0.24323635436769475,0.23183475091130012,0.0786719106711046
2020-12-30,0.24456073694397645,0.2407561279601164,0.25314058915631943,0.24349939246658564,0.0607743724762016
2020-12-31,0.25183698340442306,0.23852305774823432,0.2560900120161672,0.23856969276167334,0.05475972589025137
2021-01-04,0.25653249220402163,0.253427503115912,0.26249863452645383,0.2466238500260371,0.09910607484846529
2021-01-05,0.24043872540234418,0.22749619166320453,0.22878054109165058,0.21510154487068217,0.29629349820549156
2021-01-06,0.2467113516613499,0.24241794765267968,0.24611331609802284,0.24124283978475958,0.2724384189172646
2021-01-07,0.26839671672819815,0.259866361999723,0.27076430105960747,0.2614129491407742,0.13772981894005606
2021-01-08,0.28158070181726946,0.2683492591053871,0.2656119142118487,0.2565526818260718,0.12898908303722373
2021-01-11,0.25628158715366145,0.253462124359507,0.2648290427120126,0.2553723311925013,0.09469465439290559
2021-01-12,0.26689128642603677,0.26090569173244704,0.2674871645486655,0.2573164381183822,0.09813566217710333
2021-01-13,0.2672855657908885,0.253427503115912,0.26537523213050285,0.256830411386912,0.06285474672275808
2021-01-14,0.2673572529481343,0.26436781609195403,0.2772093361977934,0.2632876236764451,0.09047079375534942
2021-01-15,0.268755152514427,0.2533582606287218,0.246950442413429,0.23044610310709945,0.16443577362164472
2021-01-19,0.2500491057027133,0.23847112588284172,0.2548883952954885,0.24315223051553547,0.09605135399661038
2021-01-20,0.2626975877271587,0.2536698518210774,0.2642828532935222,0.24839437597639297,0.09066402182225065
2021-01-21,0.2630201799347647,0.2617712228223238,0.2653388195026035,0.2684603367470925,0.11219444225657557
2021-01-22,0.26703466074052834,0.25914000830909845,0.2708371263154062,0.2654747439680611,0.07592412126702452
2021-01-25,0.2809061256675866,0.2783201772607672,0.26919855805993526,0.25946884221489325,0.12384743138225157
2021-01-26,0.2736478009964515,0.26182315468771644,0.26989039799002296,0.2586009373372678,0.07587437603789234
2021-01-27,0.2512634861464568,0.2521118958592993,0.24800640862251033,0.25207429265752473,0.11258030618526933
2021-01-28,0.2640238001362056,0.2577627752388866,0.26286276080544735,0.2600243013365735,0.13134753988268755
2021-01-29,0.266819599268791,0.25778977980889073,0.2534683028074136,0.23936816524908872,0.10901235500598169
2021-02-01,0.2493637764794437,0.2346974103309791,0.24332592943232717,0.2364520048602673,0.09502988478480408
2021-02-02,0.2475357539696763,0.23812456723445505,0.248079233878309,0.23291095295955566,0.08187887053626457
2021-02-03,0.24459658052259936,0.23307021188201085,0.2468776171576303,0.23863912515188335,0.06486447935991764
2021-02-04,0.2483959998566257,0.23819415593408114,0.24993627790117617,0.2374240583232078,0.06215484488498489
2021-02-05,0.24710563102620164,0.23434185015925776,0.24649528456468706,0.2332928311057108,0.08524432986873605
2021-02-08,0.24398723968601022,0.23919817199833823,0.25281287550522524,0.2434646762714806,0.0554024376346685
2021-02-09,0.2515143911968171,0.24591469325578177,0.257910643411135,0.24874153792744313,0.06517293362082917
2021-02-10,0.26061866016703106,0.25231962332086966,0.25368677857480976,0.24190244749175488,0.08450216996641943
2021-02-11,0.2534499444424531,0.23757097354936993,0.25354112806321233,0.2408956778337094,0.06186390297514541
2021-02-12,0.2454926699881716,0.23933631076028253,0.25019116629647165,0.24492275646589134,0.049978219542108696
2021-02-16,0.25728520735510235,0.24297188755020085,0.2525215744820304,0.23784065266446797,0.052703293650233005
2021-02-17,0.24513423420194275,0.22950422379171861,0.22736044860357574,0.22787710466932826,0.1348282677095342
2021-02-18,0.22481092512276424,0.2128323639385127,0.22245603175181156,0.21239368165249084,0.09925492983257769
2021-02-19,0.22542026595935338,0.21350920925079633,0.22695990969668284,0.21093560145808016,0.09138262042131333
2021-02-22,0.21104699093157459,0.20038741171582888,0.20915413465389798,0.195834056587398,0.10759508127972817
2021-02-23,0.1886089107136456,0.19294419055532477,0.18000400538906897,0.1970838396111786,0.15176550302028835
2021-02-24,0.20541954908778087,0.19363661542722618,0.1986672978188836,0.20076375629231036,0.09792064942227431
2021-02-25,0.20323309079178464,0.19619858745326132,0.19254997633179188,0.17774691893768446,0.12225097331024637
2021-02-26,0.18029320047313524,0.1758412962193602,0.18140771219458912,0.1764277035236938,0.12573220874147192
2021-03-01,0.18717516756873004,0.18570835064395516,0.19491679714525,0.1898628710293352,0.09435625147363896
2021-03-02,0.19617190580307536,0.18927433873424734,0.19808469577249394,0.1839611178614824,0.05902681750074386
2021-03-03,0.19116169038316788,0.180203572912339,0.18290062993846268,0.16899843777122026,0.08719361528444161
2021-03-04,0.17183411591813325,0.165835756820385,0.16338346138440812,0.15677833709425448,0.1417202661640481
2021-03-05,0.16480877450804687,0.15385680653649078,0.14419400648144776,0.15101544870682176,0.18401669713843952
2021-03-08,0.15692318721101117,0.14835202880487466,0.15489931908385834,0.14320430480819302,0.09274181574654772
2021-03-09,0.15767590236209184,0.156903475972857,0.16349269926810622,0.16132615865301164,0.12892664769861903
2021-03-10,0.17255098749059106,0.16412200526242907,0.1683719914066198,0.15802812011803508,0.09849927611385532
2021-03-11,0.17434316642173553,0.17203295942390248,0.18107999854349494,0.1764277035236938,0.08880297496774385
2021-03-12,0.17588444030251976,0.17417947652679686,0.18038815861340718,0.17965630966846036,0.06318024803072766
2021-03-15,0.18717516756873004,0.17829940451461015,0.18930925244874924,0.1816698489845513,0.05758585557014166
2021-03-16,0.18825047492741676,0.18117296773300098,0.191921858500528,0.18142683561881617,0.061108164655693215
2021-03-17,0.1809788881321911,0.17130245118404655,0.1828642173105633,0.17337267835445236,0.070080791158953
2021-03-18,0.17570522240940534,0.1692632599362969,0.17776644940465358,0.16458948099288317,0.08141272051497479
2021-03-19,0.17391304347826086,0.16656280293588147,0.17895896296835745,0.17278250303766707,0.09289388555839316
2021-03-22,0.18079501057385566,0.1760836449245257,0.18676073262207332,0.17923971532720012,0.060097016732924544
2021-03-23,0.18574142442381447,0.17642985736047637,0.1871973200305866,0.17469189376844296,0.054700209276825354
2021-03-24,0.184594429907882,0.17549508378340953,0.18945490296034667,0.1753862176705433,0.0708853440995094
2021-03-25,0.17208502096849349,0.16870932003877584,0.1706619815752103,0.17542093386564833,0.0856082399080424
2021-03-26,0.18333990465608085,0.1856044869131699,0.1914940101227106,0.19264016663773648,0.10071987607008291
2021-03-29,0.19889601777841498,0.1849813045284587,0.18985544186723957,0.17847595903488978,0.061179525371293564
2021-03-30,0.1849528656941109,0.19031297604209943,0.19276845209918803,0.1955563270265579,0.09702942303402075
2021-03-31,0.20742678949066273,0.1966140423764022,0.21057422714197283,0.19822947404964414,0.08331818275263533
2021-04-01,0.21068855514534574,0.1976526796842543,0.20686997050577144,0.1942371116125673,0.06339128455125531
2021-04-05,0.20739094591203988,0.19304805428610997,0.19426136984306158,0.18371810449574727,0.09554840265785036
2021-04-06,0.19082726979461628,0.18719706411854317,0.1975385063540036,0.18750216976219403,0.05350831189480339
2021-04-07,0.1915122405820997,0.1790610718737017,0.1877070968211776,0.1763582711334838,0.06984949276363428
2021-04-08,0.18635076526040356,0.17563356875778982,0.19054728179732733,0.1770178788404791,0.052691068844774494
2021-04-09,0.17882361374959677,0.1660434842819554,0.18224520263627425,0.17153272001388647,0.06966227134855002
2021-04-12,0.17570522240940534,0.16244287494806817,0.17488985180060446,0.16854712723485504,0.08430974560645145
2021-04-13,0.1761711889315029,0.16424317961501175,0.1764191821723774,0.16938031591737546,0.04032561467294754
2021-04-14,0.1774974013405498,0.17115011771222824,0.18097076065979684,0.16792223572296472,0.07844141598271911
2021-04-15,0.1777124628122872,0.16458939205096249,0.1721953173360522,0.16306196840826248,0.06623433437710893
2021-04-16,0.16903831678554787,0.16709943221160503,0.1772930852419619,0.17337267835445236,0.23425671363896586
2021-04-19,0.18857306713502275,0.18134607395097632,0.1851582128682227,0.17361569172018743,0.14032926096440262
2021-04-20,0.17798128965195886,0.17040576097493423,0.17925936714852714,0.17066481513626108,0.054163713748693026
2021-04-21,0.17642209398186315,0.17878410192494118,0.18093434803189745,0.18555806283631315,0.10587899777576221
2021-04-22,0.19584931359546937,0.19696025481235288,0.20456614353857921,0.19770873112306891,0.1627233702494258
2021-04-23,0.21016882325531377,0.19917601440243735,0.214579616210902,0.20260371463287624,0.08324001167828475
2021-04-26,0.211226208824689,0.20388450353136686,0.21512580562939226,0.2068738066307933,0.063257150094131
2021-04-27,0.21502562815871534,0.20429995845450774,0.22198958598842083,0.20652664467974308,0.06490648362227161
2021-04-28,0.20778522527689164,0.19907215067165215,0.21396060153661295,0.2030897413643465,0.05339744263837866
2021-04-29,0.21420122585038887,0.20038775792826477,0.21177584386265158,0.19819475785453916,0.1106637189516379
2021-04-30,0.19355532456360441,0.18280016618196923,0.17456213814951027,0.1608401319215414,0.36205313788759924
2021-05-03,0.17065127782357792,0.15797673452430408,0.16596875796526234,0.15820170109356013,0.19104215324423918
2021-05-04,0.15767590236209184,0.14665558786871627,0.15744820303681317,0.1514320430480819,0.11886707101867486
2021-05-05,0.15771174594071474,0.1500484697410331,0.1614171794778429,0.15341086616906785,0.08998865419612428
2021-05-06,0.1582673214093695,0.1469325578174768,0.15763026617630999,0.15077243534108659,0.0906012480807267
2021-05-07,0.16086598085952902,0.15309513917739928,0.16502202963987916,0.15420933865648329,0.07777230881059918
2021-05-10,0.15989820423671097,0.14717490652264234,0.15886829552488801,0.14577330324596421,0.06149927382963562
2021-05-11,0.13731674970429047,0.1411161888935051,0.14288315187707096,0.1447318173928137,0.11100969363622312
2021-05-12,0.14656439298899604,0.13665004846974105,0.148927648108364,0.1372331192501302,0.07231535023560035
2021-05-13,0.14434209111437685,0.13381110649494532,0.14532316207260676,0.1366776601284499,0.05977451875086345
2021-05-14,0.14602673930965265,0.1411681207588977,0.15395259075847506,0.1471272348550599,0.0613503342447934
2021-05-17,0.15086562242374274,0.1389004293034206,0.15162218257291632,0.14355146675924318,0.06079273083457182
2021-05-18,0.1519409297824295,0.14485528320177263,0.15486290645595896,0.14646762714806455,0.06194812300167789
2021-05-19,0.1476038567690598,0.14845589253565986,0.15358846447948155,0.15289012324249263,0.07490751659718267
2021-05-20,0.1580701817269436,0.1552416562802936,0.16443942759348945,0.1612220100676966,0.07265273794610917
2021-05-21,0.16914584752141654,0.15700733970364214,0.17081163747587663,0.15875716021524044,0.0322781817509627
2021-05-24,0.16799885300548406,0.15499930757512811,0.1696828460109966,0.1568477694844645,0.01949581518259925
2021-05-25,0.16473708735080106,0.15312976042099433,0.1679714524997269,0.15483423016837355,0.02025062289402346
2021-05-26,0.16115272948851211,0.15853067442182525,0.16851764191821728,0.16431175143204307,0.05670038203151563
2021-05-27,0.1692533782572852,0.1576651433319485,0.17445290026581217,0.16222877972574207,0.04162977722343619
2021-05-28,0.17004193698698877,0.15950006924248725,0.17317845828933476,0.1593820517271307,0.03607383579455187
2021-06-01,0.16928922183590805,0.1601924941143886,0.17092087535957473,0.16205519875021696,0.03735304112974461
2021-06-02,0.16688770206817444,0.15714582467802243,0.17459855077740966,0.1623329283110571,0.03073836386756974
2021-06-03,0.16584823828811068,0.15534552001107885,0.17022903542948697,0.15681305328935952,0.02515535020514408
2021-06-04,0.1643069644073264,0.15643608918432353,0.17124858901066892,0.15844471445929525,0.019521872207382784
2021-06-07,0.1636259364134915,0.1517449106771915,0.16742526308123662,0.15556327026557892,0.0352820998645627
2021-06-08,0.16376931072798306,0.15299127544661403,0.1654589811746714,0.15886130880055543,0.0620264209771232
2021-06-09,0.17000609340836587,0.1627544661404238,0.1753271674616757,0.1618121853844819,0.07647398371046787
2021-06-10,0.16846481952758163,0.1685708350643955,0.17616429377708187,0.17427529942718278,0.1387332258960465
2021-06-11,0.18219291014014838,0.17213682315468773,0.18530386337982013,0.17146328762367646,0.06623996032564175
2021-06-14,0.17918204953582567,0.16843235009001525,0.18137129956668974,0.16806110050338485,0.04996942106620776
2021-06-15,0.1742535574751783,0.16188893505054705,0.1712850016385683,0.1595903488977608,0.07810584718790135
2021-06-16,0.16452202587906373,0.16048677468494668,0.17022903542948697,0.16386044089567786,0.05086563889752052
2021-06-17,0.16678017133230583,0.16417393712782166,0.1743800750100135,0.1677833709425447,0.04457523623273288
2021-06-18,0.17133230581741282,0.1634122697687301,0.17266868149874381,0.16236764450616215,0.10792650463878492
2021-06-21,0.16882325531381054,0.16922863869270185,0.17343334668463023,0.16660302030897411,0.0820694759805415
2021-06-22,0.1738055127423922,0.1674283340257582,0.17791209991625095,0.16726262801596942,0.08485330529552346
2021-06-23,0.17452238431485,0.16773819415593408,0.18260932891526788,0.17354625932997741,0.03730338050134223
2021-06-24,0.20208609627585217,0.19235562941420856,0.2035101773294979,0.18854365561534459,0.24350852255062064
2021-06-25,0.1984300512563174,0.1966832848635923,0.205876998142956,0.2002082971706301,0.1938755162865288
2021-06-28,0.20920104663249578,0.21250519318653924,0.21792957797764262,0.21701093560145807,0.15075456659934422
2021-06-29,0.22296784830997524,0.21454784655864842,0.23078323562611514,0.216872070821038,0.07189276959016615
2021-06-30,0.22058138284526324,0.20861030328209387,0.2233186469067473,0.20937337267835449,0.06311265204760415
2021-07-01,0.2195419190651995,0.20558094446752526,0.2205148745584969,0.2081930220447839,0.04416293457597141
2021-07-02,0.2156349689953045,0.20616950560864147,0.22275425117430725,0.2104495747266099,0.03931425524835433
2021-07-06,0.219685293379691,0.20959700872455342,0.22091650584422678,0.21173407394549554,0.054504147085475255
2021-07-07,0.22249471307215307,0.21454784655864842,0.22550850234861453,0.2120118035063357,0.0680139530291672
2021-07-08,0.21222982902612997,0.20184185015925774,0.21166660597895348,0.20729040097205342,0.06810578712138318
2021-07-09,0.21556328183805873,0.21025481235285973,0.22208061755816916,0.21642076028467283,0.04919820081319913
2021-07-12,0.22649557331804004,0.2199487605594793,0.235480464625132,0.22249609442805068,0.08514577001849964
2021-07-13,0.22653141689666295,0.21593269630245124,0.22987291992863124,0.21728866516229822,0.06222637480204486
2021-07-14,0.22502598659450163,0.21091261598116604,0.22386483632523763,0.2077417115084187,0.06541413030153646
2021-07-15,0.21154880103229506,0.19931449937681764,0.2056221097476605,0.19232772088179134,0.09737954315436698
2021-07-16,0.20140255923151362,0.1883049439135854,0.19895859884207845,0.18500260371463284,0.08610949923220608
2021-07-19,0.18387755833542418,0.1777454646170891,0.18814404835596987,0.18347509113001215,0.07380618429642945
2021-07-20,0.1924800172049177,0.17961501177122283,0.1939336561919674,0.18219059191112658,0.08183047891880944
2021-07-21,0.19043693322341304,0.18598324331810004,0.19863088519098426,0.1909043568824857,0.05578830156336227
2021-07-22,0.1966737159037958,0.18470433457969812,0.19717438007501004,0.1856622114216282,0.02922117667940274
2021-07-23,0.19258754794078636,0.17888796565572637,0.1952080981684448,0.18312792917896198,0.03701231169040803
2021-07-26,0.1888598157640059,0.17829940451461015,0.18914539562320215,0.17757333796215935,0.04767141144219794
2021-07-27,0.18377002759955552,0.17057886719290957,0.18373848450642682,0.17760805415726438,0.062212711784179475
2021-07-28,0.18520377074447114,0.1817269076305221,0.19207661216910027,0.18496788751952786,0.07720489171571887
2021-07-29,0.19437972687193084,0.1843581221437474,0.20054327640825836,0.1858705085922583,0.055440423362356175
2021-07-30,0.1862790781031578,0.19386165351059412,0.19036521865783057,0.1938552334664121,0.14705045054541668
2021-08-02,0.21159754829922217,0.19934912062041268,0.21188508174634962,0.20159694497483072,0.09500243184797857
2021-08-03,0.21502562815871534,0.20935466001938788,0.224010486836835,0.2157264363825725,0.12602733838743732
2021-08-04,0.21932685759346215,0.2107395097631907,0.2282343516731603,0.21527512584620723,0.0636116694524277
2021-08-05,0.22215850030467038,0.20838526519872594,0.22594035611550084,0.2132268703350113,0.03490093127637375
2021-08-06,0.2195419190651995,0.2179293034205789,0.2285256526963551,0.21853844818607882,0.07858362980954091
2021-08-09,0.22531273522348472,0.2182523196233209,0.23092888613771256,0.22395417462246137,0.04313727762803918
2021-08-10,0.23154951790386752,0.22247611134191944,0.2398135673451553,0.22756465891338307,0.05074888989037353
2021-08-11,0.23563568586687694,0.2230646724830356,0.239886392600954,0.22812011803506332,0.035316913064882244
2021-08-12,0.23563568586687694,0.2248995983935743,0.2430178786002986,0.23169588613088005,0.02776477511560901
2021-08-13,0.23972185382988637,0.22427641600886303,0.24553034992535416,0.23051553549730947,0.053680981984359194
2021-08-16,0.23563568586687694,0.2263190693809722,0.24298146597239928,0.23131400798472485,0.050182699506075554
2021-08-17,0.23592243449586003,0.22256266445090708,0.23041910934712162,0.2197882312098594,0.06810206468927126
2021-08-18,0.22896878024301948,0.21908322946960254,0.23540763936933334,0.22027425794132965,0.03829227843216912
2021-08-19,0.22061722642388615,0.21212435950699352,0.2291446673706442,0.2179829890643985,0.02557226260168056
2021-08-20,0.22574285816695938,0.21686746987951808,0.23282234278847908,0.22336399930567613,0.019079960295185484
2021-08-23,0.23344922757088066,0.22199141393158847,0.24086953355423663,0.2285714285714286,0.024426853320692856
2021-08-24,0.23653177533244918,0.22656141808613764,0.24010486836835016,0.22312098593994095,0.030027971539299283
2021-08-25,0.23556399870963118,0.22026035175183498,0.2363907803226159,0.2202048255511196,0.021867638943374106
2021-08-26,0.22534857880210757,0.21728292480265896,0.23317918654189274,0.2203784065266447,0.025491638106165285
2021-08-27,0.22753503709810385,0.21839080459770113,0.23609947929942104,0.2230168373546259,0.020484543911966514
2021-08-30,0.2337718197784867,0.22129898905968706,0.2408331209263373,0.22735636174275298,0.04372114956486883
2021-08-31,0.2354206243951396,0.22206065641877856,0.23762880967119399,0.2214893247700052,0.03088176210460897
2021-09-01,0.23101186422452413,0.2187716382772469,0.23755598441539527,0.2216976219406353,0.02527510253819956
2021-09-02,0.2328398867342915,0.22185292895720812,0.24006845574045083,0.22450963374414168,0.01957398625694984
2021-09-03,0.23022330549482056,0.21704057609749342,0.23544405199723267,0.2216976219406353,0.011705187775972868
2021-09-07,0.22868203161403633,0.21690209112311318,0.23544405199723267,0.22315570213504599,0.017811753054868904
2021-09-08,0.2451270654862181,0.24227946267829945,0.24279940283290252,0.2264537406700226,0.14307831937942994
2021-09-09,0.23484712713717337,0.23358953053593687,0.2428358154608018,0.2384655441763583,0.09723555271221902
2021-09-10,0.2515860783540629,0.2454299958454508,0.2582747696901286,0.24027078632181909,0.11431652466293166
2021-09-13,0.2522671063478978,0.258412962193602,0.25627207515566397,0.26373893421281025,0.14188887541857267
2021-09-14,0.2723753539553389,0.2602132668605456,0.2753158795470269,0.2602325985072036,0.0726538800559617
2021-09-15,0.26856088031829095,0.25290818446198593,0.2683246549903507,0.25863565353237283,0.038636095798144005
2021-09-16,0.26671206853292234,0.25270045700041543,0.26959909696682816,0.25374067002256556,0.034582536429708766
2021-09-17,0.2614072188967346,0.2503808336795458,0.2670138003859739,0.2562749522652317,0.16560347519493912
2021-09-20,0.2528047600272411,0.2370343442736463,0.23711903288060304,0.22735636174275298,0.16355469932096917
2021-09-21,0.23886160794293704,0.22367746849466832,0.23092415249608567,0.22499566047561187,0.08467695507422064
2021-09-22,0.2347754399799276,0.2245187647140285,0.2405964388449915,0.227425794132963,0.04465632603226215
2021-09-23,0.23581490375999137,0.2239994460601025,0.23580817827622624,0.21957993403922932,0.07074397627998577
2021-09-24,0.22366393060683176,0.211622351474865,0.2247023267669228,0.21159520916507552,0.0801886325552576
2021-09-27,0.21889673464998743,0.2201907630522089,0.22506645304591633,0.22690505120638776,0.0704388214475371
2021-09-28,0.22828775224918457,0.2205373217005955,0.23635436769471652,0.22582884915813228,0.057019284482559524
2021-09-29,0.2359941216531058,0.22344550616258138,0.23580817827622624,0.22173233813574028,0.06344551361906779
2021-09-30,0.22936305960787123,0.22247611134191944,0.23660925609001204,0.2265578892553376,0.04784645035218861
2021-10-01,0.23749955195526717,0.2263883118681623,0.24203837890980595,0.23041138691199442,0.03645301626559011
2021-10-04,0.23588659091723713,0.22219914139315886,0.235480464625132,0.22499566047561187,0.045909855045955544
2021-10-05,0.23514893006917809,0.22349743802797398,0.2424352765539089,0.22704391598680784,0.022159173058322306
2021-10-06,0.23094017706727837,0.2199314499376818,0.23411134981611625,0.22558583579239716,0.05188203206553782
2021-10-07,0.2402953510878526,0.23462816784378895,0.24589447620434768,0.233709425446971,0.05087642549057214
2021-10-08,0.24357037886662602,0.2308198310483313,0.2508830062265594,0.2377017878840479,0.02696491751555744
2021-10-11,0.2483959998566257,0.2537390943082676,0.25714597822524854,0.2502690505120639,0.11376281288628165
2021-10-12,0.2587547940786408,0.26277523888658083,0.2684703055019481,0.2606144766533588,0.09081173469651053
2021-10-13,0.27122835943940643,0.26377925495083787,0.2793212686159561,0.263218191286235,0.06509302823151734
2021-10-14,0.27735761138392057,0.2644370585791441,0.281979390452609,0.26384308279812535,0.07458844494467916
2021-10-15,0.2740600021506147,0.2632599362969118,0.2784837781742709,0.26005901753167854,0.10199772779359859
2021-10-18,0.25992329474174697,0.2566819000138485,0.26956268433892877,0.258913383093213,0.04034668025467188
2021-10-19,0.26732140936951143,0.2695263813876194,0.27560718057022177,0.27106405137996875,0.0791834066835761
2021-10-20,0.26524248180938387,0.25314430134330423,0.2646469795725158,0.2535323728519354,0.10479166689579364
2021-10-21,0.26578013548872714,0.2596593269630245,0.27258493245457527,0.2641555285540705,0.061764666319070474
2021-10-22,0.27162263880425824,0.2568203849882288,0.27469686487273787,0.26391251518833536,0.024615978252197992
2021-10-25,0.27785942148464104,0.2682107741310068,0.2844190365218658,0.27370248220795,0.03702267527981057
2021-10-26,0.285995913832037,0.272780778285556,0.28591195426573934,0.27335532025689985,0.04286837420831695
2021-10-27,0.3021076024230259,0.29248026589115084,0.29723664566871794,0.277833709425447,0.08832273892493961
2021-10-28,0.2920893221979282,0.29756958869962613,0.300622655937079,0.3043915986807846,0.09735386683286762
2021-10-29,0.31133732391842,0.30740202188062604,0.32090448967702,0.3103280680437424,0.10315548878113952
2021-11-01,0.3234524534929567,0.315105248580529,0.32552889342023816,0.31570907828501993,0.0896403106911042
2021-11-02,0.32530735868669125,0.3124567234455061,0.32724028693150786,0.3070647457038709,0.05822425267733815
2021-11-03,0.3086132119430804,0.2958731477634676,0.31365837672504826,0.30074639819475785,0.06619626404869144
2021-11-04,0.3091150220438008,0.2932073120066473,0.31187415795797985,0.30015622287797256,0.07552582103104771
2021-11-05,0.30029750170256997,0.29216867469879515,0.30233769071113864,0.298941156049297,0.09986536639856977
2021-11-08,0.31531596114556076,0.303792064810968,0.30630302588937847,0.2944974830758549,0.06239802968284286
2021-11-09,0.30431198250833363,0.2897798088907354,0.30065906856497837,0.2912688769310883,0.036380344238677614
2021-11-10,0.2959962722678232,0.28697548815953466,0.2998579907511925,0.2804721402534282,0.05169895608621458
2021-11-11,0.2800817233592602,0.28439620551170197,0.2867858573353239,0.2895330671758375,0.05082503054720852
2021-11-12,0.2998673787590953,0.2854739648248166,0.2998944033790919,0.2802291268876931,0.02807855922249899
2021-11-15,0.29173375389798917,0.2776969948760559,0.2937406692641008,0.2850546780072904,0.03966234495118495
2021-11-16,0.2949568084877594,0.27880487467109816,0.26508393110730805,0.25790661343516746,0.17471759641881726
2021-11-17,0.26552923043836696,0.2581013710012464,0.2724392819429779,0.25599722270439157,0.05288649653065097
2021-11-18,0.2676081579984946,0.2512117435258274,0.2645570403816043,0.25422669675403575,0.03759741033782002
2021-11-19,0.26434639234381163,0.27077274615704194,0.27076430105960747,0.2713764971359139,0.06278583942832242
2021-11-22,0.29829026129968816,0.28683700318515437,0.28933474128827885,0.2706474570387085,0.06349720466498576
2021-11-23,0.27979497473027704,0.26734524304113005,0.27946691912755345,0.2671064051379969,0.050382568730267405
2021-11-24,0.2741675328864834,0.27243456584960535,0.27480610275643597,0.27106405137996875,0.07639412062152096
2021-11-26,0.26800458797806376,0.2618404653095139,0.27247569457087717,0.26287102933518486,0.02337894638081885
2021-11-29,0.27201691816911,0.26100955546323223,0.27560718057022177,0.26609963547995136,0.03159181602996017
2021-11-30,0.27456181225133514,0.26229054147624986,0.26887448567163097,0.254816872070821,0.04297374441730359
2021-12-01,0.2720348399584214,0.263363800027697,0.2660306594326913,0.24801249783023782,0.043488201455318676
2021-12-02,0.25180830854152475,0.24639939066611274,0.2570371044678295,0.2494011456344385,0.02661632020834791
2021-12-03,0.268109968099215,0.25225038083367957,0.24880748643629613,0.2362437076896372,0.05084960705922026
2021-12-06,0.24459658052259936,0.23365877302312696,0.23944944106616178,0.23922930046866864,0.037565177459759874
2021-12-07,0.2587189505000179,0.2489613626921479,0.26238939664275573,0.24648498524561707,0.03561504603675614
2021-12-08,0.25362916233556754,0.24196787148594381,0.2596584495503041,0.24478389168547127,0.022756454210827896
2021-12-09,0.25065414530986774,0.2389904445367678,0.24749663183191933,0.23065440027772954,0.032084995984426365
2021-12-10,0.2442381447363705,0.23005816368923973,0.24188908713541862,0.23259850720361047,0.035904972737837826
2021-12-13,0.24031864941395747,0.23293172690763056,0.23544405199723267,0.23214719666724526,0.057585263365032946
2021-12-14,0.2306892720169182,0.22122974657249692,0.2339329279394094,0.22607186252386735,0.03609147504671864
2021-12-15,0.2343499767016739,0.2190877302312699,0.22867130320795254,0.22558583579239716,0.045044431880296054
2021-12-16,0.23703358543316966,0.2256958869962609,0.2220077923023705,0.21176879014060057,0.05405199848497014
2021-12-17,0.21352019785655396,0.21347458800720123,0.21953173360521433,0.2185731643811838,0.10364147767357129
2021-12-20,0.20710419728305673,0.1934981304528459,0.20503950770127083,0.19288318000347165,0.11308262301855573
2021-12-21,0.20498942614430626,0.19768730092784934,0.21312311109492776,0.20454782155875717,0.04249160485807847
2021-12-22,0.21049141546291983,0.19651017864561696,0.21188508174634962,0.20038187814615516,0.021559692286841483
2021-12-23,0.21011505788737944,0.19567926879933525,0.2102101008629793,0.19847248741537926,0.027363386952993885
2021-12-27,0.2078569124341374,0.1934981304528459,0.20911772202599865,0.20017358097552507,0.018625485174610407
2021-12-28,0.20875300189970963,0.19593685085168264,0.21341441211812257,0.1984030550251692,0.011429304796040752
2021-12-29,0.2048460518298147,0.19398282786317686,0.20937261042129413,0.19781287970838396,0.021345314037486077
2021-12-30,0.20699666654718807,0.1979528458662235,0.21456140989695227,0.2007984724874154,0.023129585729684255
2021-12-31,0.20606473350299293,0.1968906661127268,0.21352365000182066,0.1977434473181739,0.00896057089926092
2022-01-03,0.2078927560127603,0.19702949729954303,0.21217638276954448,0.20267314702308625,0.020299818218411845
2022-01-04,0.21930893580415067,0.2051308683007894,0.20747915377052767,0.19816004165943413,0.06428953280008365
2022-01-05,0.2053478619305351,0.19289225868993218,0.19895859884207845,0.1850720361048429,0.05032952407267237
2022-01-06,0.18997096670131547,0.18131145270738128,0.19163966063430798,0.18666898107967367,0.04746452035743132
2022-01-07,0.1915122405820997,0.1865392604902368,0.19972326402796492,0.18913383093212988,0.03195403405467018
2022-01-10,0.19000681027993832,0.18099986151502565,0.19069293230892476,0.18781461551813922,0.05341960802959063
2022-01-11,0.1952041291802573,0.18338872732308545,0.1999781524232604,0.18833535844471444,0.02552991993640732
2022-01-12,0.19760564894799093,0.1883049439135854,0.20172595856242947,0.18718972400624895,0.021122475715149
2022-01-13,0.1987526434639234,0.18795873147763473,0.19721079270290937,0.1825377538621767,0.03129089123400232
2022-01-14,0.1869601060969927,0.1807557817476804,0.19145759749481123,0.1833709425446971,0.03935875523223789
2022-01-18,0.18437936843614466,0.17442182523196234,0.18912718930925243,0.17809408088873457,0.02680070749898331
2022-01-19,0.18509624000860248,0.1752873563218391,0.1900047336416269,0.17764277035236942,0.028884888778381534
2022-01-20,0.1906269041901143,0.1842542584129622,0.1930233404944835,0.17805936469362954,0.05617606900847691
2022-01-21,0.18075916699523276,0.1685708350643955,0.1748170265448058,0.16184690157958687,0.08498765125447232
2022-01-24,0.16090182443815193,0.15873840188339564,0.16050686378035905,0.16570039923624375,0.0532595011484126
2022-01-25,0.16280153410516507,0.156938097216452,0.1663692968721553,0.15879187641034542,0.03919289550143233
2022-01-26,0.1748091329438331,0.16372386096108574,0.1704839238247825,0.16028467279986114,0.0482974145424763
2022-01-27,0.17043621635184059,0.15953469048608224,0.15919600917598226,0.14587745183127931,0.09826120966015126
2022-01-28,0.15086562242374274,0.1446821769837973,0.15071186687543242,0.15004339524388127,0.046732427941962876
2022-01-31,0.1571024051041256,0.16081567649909986,0.16520409277937592,0.16726262801596942,0.08699438056572338
2022-02-01,0.17316032832718015,0.16188893505054705,0.1720871718311911,0.16490192674882836,0.04166141789638762
2022-02-02,0.17333954622029463,0.16054666943636617,0.17270509412664314,0.16028467279986114,0.03735422553996204
2022-02-03,0.15133158894584037,0.14575508932280848,0.15493573171175762,0.14261412949140773,0.0816245607424357
2022-02-04,0.14789060539804294,0.1363730785209805,0.14172814332010342,0.1416420760284673,0.10883913501168209
2022-02-07,0.14652854941037313,0.13609610857221993,0.14821760186432653,0.1372678354452352,0.04215265203406804
2022-02-08,0.14262159934047813,0.13323985597562665,0.14728907985289302,0.13952438812706125,0.04113329784050715
2022-02-09,0.15767590236209184,0.14582467802243457,0.15781232931580674,0.1526471098767575,0.07130834774859268
2022-02-10,0.1505129216100935,0.1446821769837973,0.154407748607217,0.14240583232077764,0.04546096357354837
2022-02-11,0.14814151044840318,0.13786144578313256,0.14597822524851622,0.13577503905571947,0.03392556946231752
2022-02-14,0.13925230294992652,0.13235701426395238,0.14350253067763902,0.1320256899843777,0.03219988377551737
2022-02-15,0.1436969066991648,0.13872732308544528,0.14856352182937044,0.14546085749001908,0.03246231523940864
2022-02-16,0.14674361088211046,0.13834648940589944,0.15129446892182208,0.14396806110050336,0.030327246621025702
2022-02-17,0.1462776443600129,0.13758482204680791,0.15082110475913046,0.13799687554244056,0.034122139258046524
2022-02-18,0.14323094017706728,0.13194155934081153,0.14357535593343768,0.13320604061794822,0.024983653023981176
2022-02-22,0.13344564321301838,0.12522503808336796,0.1349451989950115,0.12376323554938375,0.03813276375609982
2022-02-23,0.13215527438259433,0.12037806398005815,0.13199577613516367,0.12046519701440724,0.04267171981185813
2022-02-24,0.11512957453672175,0.12792549508378342,0.11932418162618798,0.13483770178788407,0.09573211314264723
2022-02-25,0.14018423599412166,0.1337072427641601,0.14423041910934714,0.14053115778510678,0.05585572834502614
2022-02-28,0.15027420337646508,0.15036006093338875,0.1579397735134545,0.15653532372851936,0.120194541070228
2022-03-01,0.16186960106096993,0.155189724414901,0.1679714524997269,0.1576809581669849,0.1240995415571052
2022-03-02,0.12842754220581382,0.1300027696994876,0.12576921676437386,0.1364693629578198,0.33824078196792967
2022-03-03,0.13857127495609162,0.13166458939205097,0.13989731638932384,0.12904009720534632,0.09867456882603544
2022-03-04,0.1316534642818739,0.13976596039329733,0.1382951607617522,0.14459295261239363,0.12199175667408813
2022-03-07,0.15695903078963402,0.15427226145963166,0.1589047081527874,0.1555285540704739,0.13028326270159402
2022-03-08,0.16305243915552525,0.17203295942390248,0.17124858901066892,0.17122027425794134,0.155923628890777
2022-03-09,0.1744865407362271,0.16718598532059273,0.17336052142883152,0.1690331539663253,0.08667158648110794
2022-03-10,0.1719416466540019,0.15998476665281816,0.16520409277937592,0.16073598333622635,0.07844205048819274
2022-03-11,0.1665292662819456,0.15884226561418088,0.1696828460109966,0.15688248567956953,0.05279533924427353
2022-03-14,0.15989820423671097,0.14890596870239584,0.15613734843243637,0.14507897934386388,0.057508149799805064
2022-03-15,0.14810566686978027,0.14849051377925496,0.15311510031678988,0.1553896892900538,0.04881123707501775
2022-03-16,0.16283737768378792,0.15773438581913865,0.16578669482576558,0.16452004860267316,0.0642069201874177
2022-03-17,0.1672102942757805,0.16022711535798365,0.17295998252193862,0.16670716889428916,0.05091398821461074
2022-03-18,0.16971934477938277,0.1616465863453815,0.1773294978698613,0.16455476479777814,0.06927683042350533
2022-03-21,0.17100971360980677,0.16052001107879796,0.1728871572661399,0.16382572470057283,0.036922634916802366
2022-03-22,0.1705795906663321,0.16735909153856807,0.17849470196264067,0.1696927616733206,0.03655314122932812
2022-03-23,0.1760278146170114,0.1650740894612935,0.17893165349743295,0.16590869640687378,0.03542930513444367
2022-03-24,0.17301695401268863,0.16493560448691316,0.18013327021811165,0.17125499045304637,0.029517490735585575
2022-03-25,0.1779992114412703,0.16521257443567375,0.1800240323344136,0.17167158479430655,0.032460623224812316
2022-03-28,0.1780350550198932,0.18584683561833545,0.18597749699595822,0.18708557542093385,0.16805025520233152
2022-03-29,0.19316104519875266,0.18392224068688548,0.19426136984306158,0.1888213851761847,0.05378043014225867
2022-03-30,0.19291014014839242,0.18110372524581084,0.19276845209918803,0.17962159347335532,0.033999806602731636
2022-03-31,0.18749775977633604,0.18408115219498686,0.19466190874995454,0.1858705085922583,0.08281561211715949
2022-04-01,0.1938779167712104,0.1876471402852791,0.19815752102829265,0.18680784586009375,0.04787699121565242
2022-04-04,0.19158392773934546,0.18233277939343587,0.196555365400721,0.18663426488456863,0.04729730701494869
2022-04-05,0.18420015054303024,0.17591053870655035,0.18701525689108983,0.17403228606144766,0.0940978808447789
2022-04-06,0.17570522240940534,0.16576651433319486,0.1782034009394458,0.16639472313834403,0.041250385250573396
2022-04-07,0.17294526685544287,0.16545492314083923,0.17696537159086773,0.16781808713764973,0.027565371195431152
2022-04-08,0.17337538979891748,0.16382772469187099,0.1765284200560755,0.16458948099288317,0.02536482161217012
2022-04-11,0.16717445069715758,0.16708212158980754,0.17397953610312056,0.16892900538101024,0.04316773389077318
2022-04-12,0.17878777017097386,0.17134053455200113,0.1841750719149401,0.1697621940635306,0.05281433210811737
2022-04-13,0.17498835083694753,0.16569727184600472,0.17947784291592328,0.1718451657698316,0.02094984792595812
2022-04-14,0.17825011649163047,0.16800997091815542,0.1807158722645013,0.16636000694323905,0.023052810567375643
2022-04-18,0.17147568013190434,0.16358537598670544,0.1786403524742381,0.1682346814789099,0.011218606678432372
2022-04-19,0.17255098749059106,0.164347043345797,0.17929577977642647,0.16847769484464503,0.024176223658611013
2022-04-20,0.1774615577619269,0.1660781055255505,0.17576375487018897,0.16222877972574207,0.02581125966341261
2022-04-21,0.17197749023262482,0.1626852236532336,0.16542256854677206,0.15354973094948798,0.058986462952621305
2022-04-22,0.15921717624287612,0.15030812906799615,0.1590248698248553,0.14639819475785454,0.10807848984990054
2022-04-25,0.14717373382558513,0.13983520288048748,0.14961948803845176,0.1466759243186947,0.041646781970129346
2022-04-26,0.15004122011541632,0.14225868993214238,0.15526344536285186,0.14316958861308798,0.03871109434512647
2022-04-27,0.15204846051829818,0.14710566403545214,0.15821286822269964,0.14559972227043916,0.03285651233998935
2022-04-28,0.15305208071973903,0.14336656972718462,0.15125805629392275,0.1460163166116994,0.05411849465860602
2022-04-29,0.15434244955016307,0.1484212712920648,0.1606889269198558,0.14868946363478563,0.09440083605825234
2022-05-02,0.15326714219147636,0.14610164797119515,0.1563922368277319,0.15080715153619162,0.04661225260525832
2022-05-03,0.1535538908204595,0.1542030189724415,0.1605796890361577,0.15591043221662904,0.032383467359219514
2022-05-04,0.1636259364134915,0.16220052624290263,0.1694643702436005,0.16837354625933,0.0467975282035568
2022-05-05,0.16979103193662853,0.1585999169090154,0.1701926228015876,0.16042353758028116,0.03298772807193498
2022-05-06,0.16226388042582168,0.15084475834371971,0.15577322215344286,0.14559972227043916,0.04684333949875252
2022-05-09,0.1439478117495251,0.1350920925079629,0.14033426792411613,0.13209512237458776,0.049976950531161454
2022-05-10,0.14326678375569019,0.13353413654618476,0.1382951607617522,0.12976913730255163,0.03802616683653083
2022-05-11,0.13244202301157748,0.12214374740340675,0.12048938571896735,0.10942544697101196,0.08205978919697748
2022-05-12,0.10917954048532204,0.10569865669574852,0.11335251065069367,0.10831452872765145,0.0752916039105503
2022-05-13,0.12487902792214774,0.11736047638831185,0.12773549867093908,0.11820864433258114,0.05663638157940934
2022-05-16,0.120900390695007,0.11120343442736466,0.12344463459927903,0.1130706474570387,0.02412901645137332
2022-05-17,0.12441306140005017,0.11570419609472374,0.12813603757783198,0.12220100676965805,0.028772073705171024
2022-05-18,0.12136635721710455,0.12028285556017176,0.1287186396242217,0.12206214198923797,0.03661185413582088
2022-05-19,0.12663536327466934,0.12373632460877995,0.13388923278593012,0.1259156396458948,0.03341466565495474
2022-05-20,0.13459263772895086,0.1265752665835757,0.12879437789025233,0.12348550598854362,0.047035213953976696
2022-05-23,0.12975375461486072,0.11888935050547017,0.12937406692641007,0.12449227564658914,0.024740806629042465
2022-05-24,0.1274239220043729,0.1159811660434843,0.12875505225212103,0.1193889949661517,0.03426189966370363
2022-05-25,0.1249865586580164,0.11802381941559342,0.12995666897279978,0.1244228432563791,0.02068153671134459
2022-05-26,0.12900103946378005,0.12591746295526937,0.1357462768087973,0.13150494705780247,0.02161612097362919
2022-05-27,0.13832036990573138,0.13862345935466006,0.1461238757601136,0.14514841173407395,0.054357491720338075
2022-05-31,0.15104484031685722,0.14326270599639937,0.1511488184102247,0.1402881444193716,0.04812127582299801
2022-06-01,0.14552492920893223,0.13723860961085724,0.14938280595710596,0.14119076549210208,0.043519292223526296
2022-06-02,0.14638517509588156,0.14724414900983243,0.15347922659578345,0.15289012324249263,0.05380551425864931
2022-06-03,0.15459335460052331,0.15264506301066336,0.16265520882642104,0.15528554070473877,0.035571180558346197
2022-06-06,0.16742535574751782,0.154445367677607,0.15697483887412156,0.14507897934386388,0.13657408837003074
2022-06-07,0.14767554392630555,0.1381733831879241,0.15315151294468926,0.1451136955389689,0.0601054345055413
2022-06-08,0.14961109717194165,0.1411161888935051,0.15344281396788406,0.14403749349071338,0.024028976088365125
2022-06-09,0.1466719237248647,0.137619443290403,0.15038415322433818,0.13758028120118032,0.034914509693509316
2022-06-10,0.13699415749668448,0.12754466140423765,0.14055274369151222,0.1312272174969623,0.04019367983479846
2022-06-13,0.12591849170221153,0.11753912200526245,0.12489531369478936,0.11432043048081929,0.04693559659461759
2022-06-14,0.12113337395605576,0.1109264644786041,0.1187233732658486,0.11022391945842737,0.03368090415168776
2022-06-15,0.11645578694576868,0.11210358676083645,0.12030732257947056,0.11744488804027077,0.050088877296708884
2022-06-16,0.11469945159324706,0.11141116188893507,0.11761278811491828,0.11043221662905743,0.08341386617805797
2022-06-17,0.11771031219756982,0.12262844481373772,0.1251866147179842,0.12674882832841516,0.09295416357838752
2022-06-21,0.1368507831821929,0.127717767622213,0.13873356880166043,0.13192154139906265,0.08135933745446049
2022-06-22,0.13138105308433995,0.12681761528874116,0.13907439099879837,0.12983856969276164,0.05003219480773173
2022-06-23,0.13814115201261695,0.1307298158149841,0.1421184866911845,0.13678180871376494,0.04500327362524026
2022-06-24,0.14423456037850818,0.13325716659742418,0.1447037832720387,0.13841346988370073,0.04150215702250777
2022-06-27,0.14470052690060575,0.1364769422517657,0.149437424898955,0.14032286061447663,0.02647820951692222
2022-06-28,0.14649270583175023,0.13450353136684667,0.14233696245858063,0.13035931261933692,0.04826556236770031
2022-06-29,0.13179683859636548,0.12248961362692151,0.13490878636711212,0.12720013886478043,0.039813991759381315
2022-06-30,0.1293236316713861,0.12688685777593134,0.13501802425081016,0.13167852803332752,0.03212243180737023
2022-07-01,0.13466432488619662,0.12733693394266724,0.14117175836580126,0.1317479604235376,0.033376510725807426
2022-07-05,0.13211943080397148,0.12193601994183631,0.12351163383461385,0.1250824509633744,0.0530725335355178
2022-07-06,0.1298971289293523,0.12210877994737573,0.1348359611113134,0.12483943759763928,0.04623907878603706
2022-07-07,0.13315889458403524,0.134642016341227,0.1408804573426064,0.1403922930046867,0.04562969972916768
2022-07-08,0.14294419154808413,0.14343581221437476,0.14969231329425048,0.14688422148932478,0.04452155706966422
2022-07-11,0.14853578981325494,0.13813876194432906,0.14805374503877944,0.13570560666550946,0.030202798947465397
2022-07-12,0.1414746048245457,0.13076443705857915,0.1416815351563922,0.132685297691373,0.04764471991194079
2022-07-13,0.13362486110613286,0.1286137654064534,0.13791282816880895,0.13525429612914425,0.028853163504700286
2022-07-14,0.13817699559123986,0.13585375986705442,0.1408804573426064,0.14178094080888737,0.0502285954020011
2022-07-15,0.13541704003727734,0.12470571942944189,0.11830462804500601,0.1217496962332928,0.2935743038480895
2022-07-18,0.13007634682246677,0.127717767622213,0.13469031059971598,0.12777295608401318,0.06979099135896606
2022-07-19,0.1344851069930822,0.13741171582883258,0.1403160616101664,0.14042700919979173,0.07693658050110536
2022-07-20,0.1456683035234238,0.14298573604763884,0.15256891089829955,0.14851588265926058,0.04527928350626709
2022-07-21,0.15545360048747264,0.14329732723999447,0.15650147471142994,0.14948793612220102,0.035728622516535
2022-07-22,0.1554177569088498,0.14499376817615287,0.15675636310672542,0.14716195105016494,0.04012117700934559
2022-07-25,0.1515466504175777,0.14637861791995568,0.15517241379310343,0.1525776774865475,0.036997718064514656
2022-07-26,0.15688734363238827,0.14568619304805427,0.1610894658267487,0.1505641381704565,0.02525416385756993
2022-07-27,0.16290906484103368,0.15714582467802243,0.166442122127954,0.16163860440895678,0.06023191259661721
2022-07-28,0.21369941574966844,0.20921617504500764,0.21436114044350585,0.20239541746224615,0.31372006413750525
2022-07-29,0.21656690203949963,0.24238332640908464,0.22462950151112404,0.23943759763929873,0.3919869488146126
2022-08-01,0.2471773181834474,0.23982135438304944,0.24731456869242258,0.24054851588265924,0.1374186997561553
2022-08-02,0.24373633463565003,0.24070419609472374,0.2504824673196665,0.24134698837007462,0.09207647330690463
2022-08-03,0.2573210509337252,0.24155241656280294,0.2450569857626625,0.2349939246658566,0.11496676587230248
2022-08-04,0.2416574070755224,0.2345935466001939,0.24589447620434768,0.23943759763929873,0.06276875008089945
2022-08-05,0.2581454532420517,0.24854590776900712,0.25812911917853115,0.24891511890296825,0.1282448927173915
2022-08-08,0.2838452991146636,0.2846212435950699,0.2843826238939664,0.2657177573337962,0.2543362738573
2022-08-09,0.26631778916807053,0.27042653372109127,0.2732403597567637,0.27359833362263497,0.12868841204345532
2022-08-10,0.2932721602924836,0.2881526104417671,0.29224775152022725,0.29269224093039403,0.1278263306066236
2022-08-11,0.31305781569231866,0.29736186123805564,0.31143720642318756,0.29293525429612916,0.1204068889020678
2022-08-12,0.3049930105021685,0.2977426949176014,0.3101991770746095,0.3046866863391772,0.09244372507503873
2022-08-15,0.31327287716405605,0.310898767483728,0.31877435094490775,0.3055719493143551,0.1143380978490349
2022-08-16,0.31359546937166205,0.30210497161058025,0.3204311255143284,0.3013018573164381,0.06419951762355873
2022-08-17,0.3051363848166601,0.2932419332502424,0.31103666751629466,0.29890643985419196,0.06236922313434029
2022-08-18,0.3180400731209004,0.30892535659880904,0.32447292721115684,0.30418330151015444,0.08566716431635969
2022-08-19,0.3035951109358758,0.2913443428887966,0.30932527400502496,0.2958166984898455,0.05772849240061255
2022-08-22,0.294777590594645,0.28951668743941283,0.3012416706113681,0.292588092345079,0.06654587656465877
2022-08-23,0.3056023513387576,0.293518903199003,0.3099078760514147,0.2923797951744489,0.032811081748077814
2022-08-24,0.3003333452811929,0.30281470710427927,0.3107089538652005,0.3063357056066655,0.07006594373087019
2022-08-25,0.3189361625864726,0.31031020634261186,0.327458762698904,0.3176184690157958,0.06987415387637583
2022-08-26,0.34227033226997383,0.32564741725522783,0.33681680806903835,0.31782676618642597,0.13073604580757275
2022-08-29,0.3211584644610918,0.31794419055532475,0.3264756217456214,0.3176184690157958,0.08748180767056205
2022-08-30,0.34047815333882936,0.3397728846420164,0.33430433674398286,0.3197708731123069,0.2433097954362813
2022-08-31,0.34037062260296064,0.33852651987259375,0.3481775479736373,0.33796215934733553,0.24595564096093228
2022-09-01,0.3387935051435535,0.33539122005262434,0.3468666933692605,0.338968929005381,0.15058164270759897
2022-09-02,0.3574680096060791,0.34219637169367123,0.34788624695044246,0.3340045131053636,0.11998337764860562
2022-09-06,0.3447793827735761,0.3379725799750727,0.3484699413756691,0.3381357403228606,0.1160310007530311
2022-09-07,0.3482920534786193,0.35691040022157594,0.3535666169027419,0.3631314007984725,0.1719866848603356
2022-09-08,0.38496003440983545,0.3732149286802382,0.3856461420820741,0.37260892206214197,0.21767788932008
2022-09-09,0.387397397756192,0.36802381941559337,0.3821141171758366,0.36667245269918414,0.14113939755312693
2022-09-12,0.3749596759740493,0.36338457277385405,0.37938317008338496,0.3700399236243707,0.08290283546960046
2022-09-13,0.36556865837485214,0.3740132945575405,0.37537778101445585,0.36993577503905567,0.1356509675066363
2022-09-14,0.38065880497508875,0.3613765406453401,0.38204129192003783,0.36646415552855405,0.10092338312565687
2022-09-15,0.3749596759740493,0.35829524996537876,0.37384845064268285,0.35348029855927793,0.09388532151111455
2022-09-16,0.3613032725187283,0.3612380556709597,0.37042566362014345,0.36663773650407916,0.19601523794505166
2022-09-19,0.37675185490519375,0.36660434842819556,0.3861559188726651,0.37090782850199616,0.07920730638974931
2022-09-20,0.3816265815979067,0.36646586345381527,0.381021738338856,0.357958687727825,0.07000156257547971
2022-09-21,0.3746370837664432,0.375744356737294,0.3784000291301023,0.36580454782155875,0.11917738649564233
2022-09-22,0.3784006595218467,0.3607187370170337,0.3680770491206351,0.35261239368165254,0.09410342219258189
2022-09-23,0.3536685902720528,0.3421929095693118,0.3590285110876452,0.3459468842214893,0.1433542869600919
2022-09-26,0.3580415068640453,0.3492937266306606,0.36095838036631106,0.34025342822426663,0.10111906461372279
2022-09-27,0.363668948707839,0.3590222960808752,0.36896915850416934,0.3544870682173234,0.10656544809749456
2022-09-28,0.3622352055629234,0.36206896551724144,0.36635181881076356,0.36795695191806976,0.11191843237554873
2022-09-29,0.38159073801928384,0.3672621520565019,0.36689363871390596,0.3496962332928311,0.09435451715867772
2022-09-30,0.3580415068640453,0.36037252458108293,0.3686778574809744,0.3543482034369033,0.13380692539882263
2022-10-03,0.36807770887845437,0.3657041960947238,0.37457670320067005,0.3694497483075855,0.12587150384311505
2022-10-04,0.39463780063801573,0.39340119097077975,0.4065105778684049,0.3918069779552161,0.17996157265650267
2022-10-05,0.3984372199720419,0.3826339842127129,0.3789462185485927,0.36240236070126713,0.15030089518570242
2022-10-06,0.37438617871608304,0.3675045007616673,0.3764337472235371,0.35361916333969795,0.10760912500087773
2022-10-07,0.3574500878167677,0.35202880487467114,0.36212358445909043,0.34445408783197357,0.16697218810227787
2022-10-10,0.3530234058568407,0.3443775100401607,0.3521101117867677,0.35014754382919633,0.09828388265574212
2022-10-11,0.3540987132155275,0.3475626644509071,0.3527655390889561,0.3510501649019267,0.11680509743085349
2022-10-12,0.36341804365747876,0.34531228361722754,0.35444051997232645,0.3356361742752994,0.10900558694759636
2022-10-13,0.32689343704075413,0.33392189447444953,0.3349597640461712,0.3344558236417289,0.11842359399297595
2022-10-14,0.3497974837807806,0.33689932142362555,0.34486399883479596,0.32341607359833363,0.0746739762825238
2022-10-17,0.3429155166851859,0.32467940728430966,0.3174817026544806,0.30578024648498525,0.1643869590005405
2022-10-18,0.3284347109215384,0.3142916493560449,0.3272766995594072,0.3162992536018052,0.10193106241850305
2022-10-19,0.3236316713860712,0.30574020218806264,0.3214870917234097,0.3124804721402534,0.08177405023202174
2022-10-20,0.32352414065020246,0.31072566126575263,0.3204311255143284,0.30730775906960595,0.07923928546562
2022-10-21,0.316534642818739,0.31896551724137934,0.32152350435130905,0.3207776427703523,0.14079896421634472
2022-10-24,0.33384709129359474,0.3245741587037807,0.3339121727415068,0.32761673320604057,0.06072746137151827
2022-10-25,0.33911609735115955,0.3342681069104002,0.3500527983104541,0.3365561534455823,0.07427005009801417
2022-10-26,0.3595827807448296,0.35185569865669575,0.3655463714816299,0.3513278944627669,0.11208801453846622
2022-10-27,0.3646008817520341,0.3507478188616535,0.3649273568073408,0.3505641381704565,0.12035160232513262
2022-10-28,0.3625219541919065,0.3690624567234455,0.3607763172268143,0.35573685124110394,0.227541911413053
2022-10-31,0.37266568694218427,0.4019152471956793,0.38062119943196304,0.40052074292657525,0.28875510787481357
2022-11-01,0.4229183841714757,0.40662650602409633,0.418417507191494,0.41093560145808017,0.14089562055016022
2022-11-02,0.42424459658052266,0.42459493144993765,0.43341950988602856,0.41614303072383263,0.14027795062176884
2022-11-03,0.42747051865658264,0.4375083090984627,0.43909987983832793,0.44273563617427525,0.13585646267936094
2022-11-04,0.46674791211154526,0.4484489682869408,0.4392819429778248,0.42846727998611356,0.12568110990066267
2022-11-07,0.4473995483709094,0.42642985736047634,0.4216618723373266,0.406353063704218,0.09865210733226912
2022-11-08,0.42675364708412483,0.4157318930895998,0.42894075665440784,0.4064051379968755,0.0993342007164159
2022-11-09,0.418581311158106,0.4285382910954162,0.4288970615009286,0.41992709599027944,0.10484103142164167
2022-11-10,0.4482956378364816,0.44464063149148314,0.43964461275170236,0.44027078632181915,0.14913687374415505
2022-11-11,0.4491558837234309,0.43473514748649766,0.4428139678840623,0.4173580975525082,0.0948049737445865
2022-11-14,0.4350693573246352,0.4284032682453953,0.43432982558351235,0.42850199618121854,0.06449968101294823
2022-11-15,0.4663966450410409,0.44470987397867334,0.4592724756945709,0.4493317132442284,0.07405034200268032
2022-11-16,0.45675472239148357,0.4515299127544661,0.4680479190183156,0.4456865127582017,0.06420171724253397
2022-11-17,0.45338542600093196,0.4604971610580252,0.46010996613625615,0.4679048776254122,0.09702806942234368
2022-11-18,0.48494569697838635,0.4690139869824125,0.4858536940611004,0.47352890123242486,0.0782563941866101
2022-11-21,0.4863615183339904,0.46904860822600747,0.4915340640133999,0.46932824162471787,0.0484427162959364
2022-11-22,0.4887630381017241,0.47105664035452144,0.4925397807959801,0.4772088179135566,0.0589747457515417
2022-11-23,0.49421126205240323,0.47919263259936296,0.5032589301969923,0.4834924492275646,0.05731822116136667
2022-11-25,0.4982615864367899,0.4885057471264368,0.5055529257546517,0.49029682346814785,0.03494957669601832
2022-11-28,0.4928492060647334,0.47946960254812354,0.4923351418271857,0.47012671411213325,0.1352752556655205
2022-11-29,0.4853937417111725,0.4697410330979088,0.48224884389906425,0.456899843777122,0.08316780495538623
2022-11-30,0.476755439263056,0.4901329455754051,0.4899319083858283,0.49411560492969964,0.35543427288929846
2022-12-01,0.5109502132692929,0.4899598393574297,0.5025306776390052,0.4802638430827981,0.07751905652589303
2022-12-02,0.49636187676977667,0.4898559756266445,0.506499654080035,0.4795000867904877,0.10626037786577569
2022-12-05,0.49460554141725505,0.47673417809167706,0.49830681280268,0.4754035757680958,0.06600324748361475
2022-12-06,0.47535753969676325,0.46444398282786314,0.46706477806503305,0.4418330151015448,0.12875968815832586
2022-12-07,0.4534212695795548,0.439150394682177,0.4544113898700069,0.4323554938378754,0.07917287389271392
2022-12-08,0.452381805799491,0.4332152748926742,0.44914976513855004,0.425308106231557,0.05047283770898178
2022-12-09,0.434531703645292,0.42445644647555747,0.4420128900702765,0.4192327720881791,0.06601589529272234
2022-12-12,0.4292626975877272,0.42116742833402576,0.4372803408221972,0.41687207082103805,0.0625699383658303
2022-12-13,0.4404458941180687,0.43927433873424737,0.44561810435859156,0.44047908349244924,0.12365970236278839
2022-12-14,0.45836768342951356,0.45142639523611683,0.46207624804282127,0.45092865821905914,0.10305747883564692
2022-12-15,0.46055414172550985,0.4503531366846697,0.46764738011142265,0.4485679569519181,0.10385319099993748
2022-12-16,0.4612351697193448,0.4453330563633846,0.45182609328915274,0.433535844471446,0.9451619338339384
2022-12-19,0.45152155991254167,0.4487605594792965,0.45894476204347673,0.4394028814441937,0.10851439511028085
2022-12-20,0.45449657693824147,0.44754881595346907,0.45723883042639196,0.43877798993230344,0.08014265205860224
2022-12-21,0.4552851356679451,0.4503877579282647,0.4434224228962604,0.45776774865474745,0.0948186790628168
2022-12-22,0.4694433492239865,0.4483797257997507,0.4590539999271747,0.4398194757854539,0.07635211635916699
2022-12-23,0.45869027563711956,0.4357775931311453,0.4538652004515166,0.43933344905398364,0.031185182622096404
2022-12-27,0.4527760851643428,0.4350159257720537,0.44255907948876666,0.41666377365040785,0.07040252773444576
2022-12-28,0.4300870998960536,0.4098113142224068,0.4146670065178604,0.40260371463287614,0.10500761025865066
2022-12-29,0.42424459658052266,0.4069200941697826,0.42336962458580646,0.4116646415552855,0.048939999385798696
2022-12-30,0.418903903365712,0.40780362830632877,0.42662855478279865,0.41517097726089214,0.04856982889248593
2023-01-03,0.4337073013369654,0.41663204542307153,0.423333211957907,0.4018052421454609,0.06817554042311702
2023-01-04,0.4180795010573856,0.40056640354521533,0.4243167170374686,0.40472140253428224,0.07812907008823602
2023-01-05,0.4143159253019821,0.3978327101509487,0.4127007246112952,0.40013886478042004,0.06674096584761598
2023-01-06,0.42361733395462203,0.43293865115634955,0.43341950988602856,0.43950703002950875,0.1090337166902604
2023-01-09,0.4571490017563354,0.4509067303697548,0.46123875760113603,0.4477347682693976,0.08999906008589173
2023-01-10,0.46449693537402775,0.48258551447167986,0.4727087353894331,0.4888387432737371,0.14298957321385228
2023-01-11,0.5034230617584861,0.5037183215621106,0.5164038888686596,0.49369901058843946,0.1473075521633295
2023-01-12,0.5128857665149289,0.5095208419886442,0.5215380694024687,0.5160562402360701,0.10764135787893787
2023-01-13,0.5294454998387039,0.5209458523750173,0.5399264464916433,0.5207082103801423,0.06953625856148811
2023-01-17,0.5412021936270117,0.5302935881456862,0.5387612423988639,0.511716715847943,0.09597842816750843
2023-01-18,0.5327072654933869,0.5150602409638554,0.5256894731092743,0.5116125672626279,0.07610114829416588
2023-01-19,0.5207534320226531,0.4987536352305775,0.4941921858500528,0.46800902621072726,0.12279360239129039
2023-01-20,0.48664826696297353,0.4719567926879934,0.4889123548046463,0.47793785801076205,0.10518049185003099
2023-01-23,0.49580630130112197,0.5029947375709736,0.5026035028948039,0.5068911647283457,0.0880788773212431
2023-01-24,0.5172228395282985,0.4963993906661127,0.5165313330663074,0.4904877625412255,0.058665699285521455
2023-01-25,0.4941037313165347,0.4764229331117573,0.49284491861777663,0.47929178961985763,0.059590808266066594
2023-01-26,0.5024911287142908,0.5019387896413239,0.5080653970797072,0.5041833015101544,0.07626768483080996
2023-01-27,0.5132083587225349,0.5147140285279047,0.5240323344135746,0.5177920499913209,0.0608856224359105
2023-01-30,0.5282626617441485,0.5085514471679823,0.5158576994501692,0.48804027078632184,0.05099571251961363
2023-01-31,0.506003799419334,0.5037390943082676,0.5165859520081564,0.511716715847943,0.0513572537384851
2023-02-01,0.5282985053227715,0.5201495637723307,0.5336270618650548,0.5205693455997222,0.06931553525739645
2023-02-02,0.5295888741531954,0.5174144855283201,0.5066088919637329,0.4807151536191633,0.12817006337186868
2023-02-03,0.487150077063694,0.4734455061625814,0.4975239413028438,0.47904877625412257,0.06184600992078919
2023-02-06,0.49241908312125876,0.4801274061764298,0.5011469977788297,0.4765492102065614,0.03479644937505018
2023-02-07,0.49596759740492485,0.471818307713613,0.4831227469686488,0.47106405137996865,0.05540518715838755
2023-02-08,0.4950356643607298,0.4833125605871763,0.4967046571751083,0.4699878493317132,0.05323919697325662
2023-02-09,0.49370945195168287,0.4736186123805567,0.485598805665805,0.4642943933344905,0.053879201494319615
2023-02-10,0.4753216961181404,0.4684946683284864,0.4833412227360449,0.46235028640860953,0.045471157961491274
2023-02-13,0.48671995412021934,0.47528043207312,0.494519899501147,0.47582017010935596,0.04410362946436994
2023-02-14,0.47302770708627545,0.46132807090430694,0.4680115063904163,0.4681131747960423,0.08344038850685549
2023-02-15,0.4838524678303882,0.4870170336518488,0.4941921858500528,0.49352542961291446,0.06214570800616469
2023-02-16,0.5013082906197356,0.4835549092923418,0.4968685140006555,0.46800902621072726,0.04757247088867736
2023-02-17,0.4805548585970824,0.4669713336103033,0.488475403269854,0.4654747439680611,0.03548619912524538
2023-02-21,0.47385210939460193,0.4600124636476942,0.4813749408294797,0.4540531157785107,0.03916924959744858
2023-02-22,0.47087709236890213,0.45630799058302174,0.47747878964424867,0.463148758896025,0.03909306664024868
2023-02-23,0.48930069178106744,0.47084891289295117,0.48658194661908755,0.4699878493317132,0.03329258680182931
2023-02-24,0.47664790852718736,0.4581844619858745,0.4821763827695445,0.45811491060579757,0.03588069232838044
2023-02-27,0.4782967131438402,0.4664520149563772,0.48705531078177916,0.47182780767227916,0.04812465985219068
2023-02-28,0.4882970715796265,0.4765960393297327,0.4948840257801406,0.482346814789099,0.13503126716072927
2023-03-01,0.5395892325889817,0.5705234732031574,0.5418927283982085,0.5744835965978129,0.6312792670937255
2023-03-02,0.5939997849385282,0.5790056778839495,0.5979317627353167,0.5833015101544871,0.1767495790479186
2023-03-03,0.609699272375354,0.6209666251211744,0.6199836143174453,0.6245790661343517,0.267314491115189
2023-03-06,0.6512061364206603,0.6373078520980474,0.6544805738630157,0.6321819128623503,0.1802888928801633
2023-03-07,0.6541094662891144,0.6427433873424733,0.6646396970469358,0.6390904356882485,0.13685644330579383
2023-03-08,0.6641456683035235,0.6372102201911093,0.6619087499544842,0.6392293004686687,0.09532277251142934
2023-03-09,0.6618158356930357,0.6444398282786318,0.6629647161635654,0.6285367123763235,0.09825981374810928
2023-03-10,0.6463314097279473,0.6283059825508932,0.6456323052834723,0.6163166116993577,0.0956588066102611
2023-03-13,0.6257930391770314,0.6132114665558787,0.6310672541237301,0.6019093907307759,0.12028184902339878
2023-03-14,0.636976235707373,0.6186296911785071,0.6399883479590721,0.614789099114737,0.07259736676844417
2023-03-15,0.6225312735223485,0.6066680515164105,0.6194880384517351,0.6006596077069952,0.10432077923363414
2023-03-16,0.6179074518799957,0.6043484281955408,0.6222918107999854,0.6122548168720708,0.07523090288690684
2023-03-17,0.6296999892469265,0.6009555463232239,0.6075559844153953,0.5881617774691894,0.22899852447867125
2023-03-20,0.6117781999354815,0.600020772746157,0.6125332265229582,0.6057281721923277,0.11230560761555465
2023-03-21,0.6401304706261873,0.6199497991967872,0.6463241452135601,0.6215934733553202,0.07206400146731506
2023-03-22,0.6438582028029678,0.6211051100955546,0.6422095182609329,0.6068738066307932,0.05050232106332289
2023-03-23,0.6390910068461235,0.6442663758482206,0.6529479663547317,0.6248567956951918,0.08989686240427322
2023-03-24,0.6380873866446827,0.6229400360060933,0.6503295342824892,0.6280159694497482,0.05637428851843733
2023-03-27,0.6550772429119324,0.6287910261736601,0.6518952772821615,0.6246832147196666,0.04204389779588873
2023-03-28,0.6479802143446002,0.6233208696856392,0.6565925062811783,0.6242319041833014,0.032209782060905925
2023-03-29,0.6528728628266247,0.636615427226146,0.6486909660270181,0.6427703523693803,0.05621595825258546
2023-03-30,0.6760815799849458,0.6489405899459909,0.6702472417434366,0.6357229647630619,0.05293801837510932
2023-03-31,0.6578371984658948,0.6437474034067304,0.6738885045333721,0.6502343343169589,0.042268681935011584
2023-04-03,0.6712426968708556,0.6453746018556987,0.6524414667006518,0.618955042527339,0.08100350678485163
2023-04-04,0.6355424925624574,0.6140423764021604,0.6456687179113716,0.6177399756986633,0.03670254611818434
2023-04-05,0.6362952077135382,0.6125017310621798,0.6238939664275571,0.5950703002950877,0.05992912658460339
2023-04-06,0.6131760995017743,0.5973203157457415,0.6240760295670539,0.6051379968755424,0.050487769737794425
2023-04-10,0.6200222230187463,0.6235632183908046,0.6354731820995522,0.6312445755945149,0.0461097665705123
2023-04-11,0.6528907846159361,0.6246018556986568,0.6567017441648764,0.6243013365735115,0.060767689018546095
2023-04-12,0.6523172873579699,0.6285760282509348,0.6525871172122492,0.6168720708210379,0.05459238564667403
2023-04-13,0.6253629162335568,0.6261944329040299,0.6396173032807777,0.6285714285714286,0.07062553525824246
2023-04-14,0.6498799240116133,0.6222129898905969,0.6445399264464916,0.6186425967713939,0.03879666798333602
2023-04-17,0.6386967274812717,0.6570073397036421,0.6537523213050286,0.655059885436556,0.11196242475505339
2023-04-18,0.6661887522850282,0.6513000276969949,0.6803699522994574,0.657108140947752,0.055462038848824335
2023-04-19,0.6725689092799025,0.6516407007339704,0.6813895058806394,0.6526297517792049,0.05282338438620775
2023-04-20,0.6571203268934371,0.64360891843235,0.6694825765575502,0.6433952438812706,0.04625629503455474
2023-04-21,0.6613857127495609,0.6463786179199557,0.6726868878126935,0.6481166464155528,0.04473999615405082
2023-04-24,0.6433922362808703,0.6176083644924526,0.6290685649783345,0.6238500260371463,0.15843347874224772
2023-04-25,0.6361876769776695,0.6181969256335688,0.6417361540982413,0.6260371463287623,0.07502253128936842
2023-04-26,0.6272626259005699,0.5995706965794211,0.6147543968248189,0.5877798993230341,0.1254196936455292
2023-04-27,0.6114197641492527,0.5938280709043069,0.6195972763354332,0.5923624370768964,0.10309728347902566
2023-04-28,0.5543926305602352,0.529220329594239,0.5173509813203219,0.5290053810102413,0.4251271274016772
2023-05-01,0.5468654790494284,0.5405587868716244,0.5472453846994138,0.5229994792570734,0.15472382134051718
2023-05-02,0.5391949532241299,0.5190070627336935,0.531806430470087,0.5075507724353411,0.10415762672618271
2023-05-03,0.524857521774974,0.5053316715136408,0.5295852601682263,0.5003645200486027,0.051893114761143805
2023-05-04,0.5209147281264562,0.5015233347181831,0.5186796781123694,0.49085228258982816,0.05184349643310633
2023-05-05,0.5125631743073229,0.5077032266999031,0.5235407639369333,0.5151883353584447,0.05760082989931921
2023-05-08,0.5365425284060361,0.5147832710150949,0.5387976550267632,0.5112306891164728,0.03420970101340676
2023-05-09,0.5254668626115633,0.5065780362830633,0.5330080471907657,0.5131053636521437,0.0388422677767072
2023-05-10,0.5390157353310154,0.5177606979642708,0.5418199031424098,0.5226176011109183,0.026917371905400476
2023-05-11,0.5368292770350193,0.5240963855421688,0.5473546225831117,0.5311230689116473,0.03517787176542857
2023-05-12,0.6229255528872003,0.6920440382218529,0.6369660998434257,0.6994966151709772,1.0
2023-05-15,0.7099537617835766,0.6839426672206066,0.7019990532716746,0.6644332581149106,0.29705228215121715
2023-05-16,0.6809921502562817,0.6556571112034345,0.6691912755343553,0.6339177226176012,0.13500609844360884
2023-05-17,0.6598444388687766,0.630210497161058,0.6512496813895059,0.623363999305676,0.12036467313788929
2023-05-18,0.6391268504247464,0.6121728292480266,0.6371481629829224,0.6112827634091303,0.07936665186435897
2023-05-19,0.6308469837628589,0.6098532059271569,0.6269890397990022,0.6017358097552508,0.07413879206570363
2023-05-22,0.6290906484103373,0.6073691316992106,0.6249499326366383,0.5953480298559277,0.0884329313755258
2023-05-23,0.6065808810351626,0.5911920094169782,0.6155922513927831,0.5925707342475264,0.08145218675543427
2023-05-24,0.6082296856518155,0.5976665281816923,0.6134799548483414,0.5844471445929527,0.06066405312452068
2023-05-25,0.6080504677587011,0.588595762359784,0.6117685613370717,0.5927443152230515,0.05067905198790988
2023-05-26,0.6130327251872827,0.5946544799889212,0.6192331500564395,0.5956257594167679,0.05915989444874545
2023-05-30,0.6316713860711854,0.6171929095693117,0.6235662527764628,0.5978128797083839,0.06843890249503626
2023-05-31,0.6153267142191478,0.5925252735078244,0.6201798783818228,0.5997569866342649,0.0984285922040935
2023-06-01,0.6258647263342773,0.6195125328901815,0.631358555146925,0.6198229474049645,0.05155310442801066
2023-06-02,0.6514570414710205,0.6240132945575405,0.6396242216800786,0.6128797083839611,0.05020148086809485
2023-06-05,0.6347180902541311,0.6123113142224069,0.6260058988457197,0.602221836486721,0.043548183372758675
2023-06-06,0.6091974622746336,0.5921617504500762,0.6108582456395878,0.5784412428397847,0.06406085702738923
2023-06-07,0.5958278074482957,0.5765821908322947,0.5863889596912208,0.5608748481166463,0.08534813496422108
2023-06-08,0.5752177497401342,0.5576789918293865,0.5824199832501911,0.5628536712376324,0.03655314122932812
2023-06-09,0.5854331696476577,0.567591053870655,0.5921421548993191,0.5617080367991668,0.04151404342504701
2023-06-12,0.5782286103444568,0.5739855975626644,0.5870443869934093,0.5764277035236938,0.04809894123032642
2023-06-13,0.6063658195634253,0.5889419747957346,0.6066707934311619,0.5755597986460684,0.04166319451171377
2023-06-14,0.5938922542026596,0.5682384711258829,0.5851873429705422,0.5652838048949835,0.052149581873583
2023-06-15,0.57851535897344,0.5628375571250519,0.5914503149692313,0.5647630619684082,0.05337138561359514
2023-06-16,0.587583784365031,0.5645686193048055,0.5785966573207588,0.5512584620725568,0.1191259069515489
2023-06-20,0.5709165203053873,0.5476734524304113,0.5676000436951535,0.5412254816872071,0.07561207147509579
2023-06-21,0.5594824187246855,0.5368370031851544,0.5638131303936205,0.5359486200312445,0.05877432662260604
2023-06-22,0.5507365855407004,0.5413377648525135,0.5554018133488694,0.5446276688074987,0.04877781978674017
2023-06-23,0.5496971217606367,0.5422375709735493,0.5622109747660489,0.5357403228606145,0.09539650204746457
2023-06-26,0.5483709093515897,0.5368370031851544,0.5407002148345046,0.5150147543829197,0.060587574064766433
2023-06-27,0.5426717803505502,0.530407492037114,0.5552925754651713,0.5295261239368164,0.0556436766157407
2023-06-28,0.5386572995447866,0.5370101094031298,0.5527801041401158,0.5346988370074639,0.04199487167295997
2023-06-29,0.5580845191583929,0.5354521534413517,0.5604995812547792,0.5339697969102586,0.025683301059564918
2023-06-30,0.5594824187246855,0.5494045146101648,0.5639591450314969,0.5550772435341087,0.06469218997364602
2023-07-03,0.5774400516147533,0.5661985874532613,0.5873721006445035,0.5595903488977607,0.03390932612219272
2023-07-05,0.5828882755654324,0.5596177814707104,0.5718544951389142,0.5441763582711334,0.04131620461837075
2023-07-06,0.5522420158428618,0.5365600332363939,0.557732221534428,0.5309494879361222,0.03810311120029908
2023-07-07,0.5767231800422955,0.56193740479158,0.575587881877435,0.551779204999132,0.073216221107053
2023-07-10,0.5662926986630346,0.5579905830217421,0.5618493973710083,0.5576115257767749,0.04956583328461742
2023-07-11,0.5817054374708772,0.5557402021880625,0.5804901139715253,0.5534455823641729,0.03348374215085004
2023-07-12,0.5777984874009822,0.5701426395236117,0.5901394603648545,0.5719840305502517,0.06822710456794026
2023-07-13,0.5974407684863257,0.5730854452291926,0.6043039726177039,0.5788925533761499,0.04589504991823762
2023-07-14,0.6032474282232339,0.5754050685500623,0.5894112078068674,0.5592779031418157,0.040386019594036635
2023-07-17,0.5806301301121904,0.6096108572219914,0.5918326475621746,0.6127755597986461,0.09639813238812886
2023-07-18,0.6317789168070541,0.620308821492868,0.6297381932054036,0.5949314355146675,0.0639444041227966
2023-07-19,0.6175848596723897,0.5939274338734247,0.6158835524159778,0.5845512931782677,0.03798725050081517
2023-07-20,0.5985519194236353,0.5833160227115358,0.6124421949532097,0.5842735636174275,0.044132224511047966
2023-07-21,0.610380300369189,0.5843719706411854,0.6057968903615774,0.5822253081062315,0.043841113399748846
2023-07-24,0.6038209254812,0.5779324193325024,0.6027746422459308,0.5813574032286061,0.042880641314140364
2023-07-25,0.6067959425068999,0.5890454923140839,0.6124968138950588,0.589515709078285,0.04485463014295239
2023-07-26,0.5953259973475752,0.5791960947237225,0.5909405381786403,0.5804894983509807,0.06616775360274323
2023-07-27,0.6075128140793578,0.5835064395513087,0.6040126715945089,0.585315049470578,0.11171467151778532
2023-07-28,0.6938599949818991,0.6660777593131145,0.6035393074318174,0.6186425967713939,0.4683295052913103
2023-07-31,0.645435320262375,0.6453559063841573,0.6453045916323781,0.6151709772608922,0.1448756195840199
2023-08-01,0.6357575540341948,0.621018556986567,0.6332887885518698,0.5987849331713244,0.08722123742272675
2023-08-02,0.6052905122047385,0.5812560587176291,0.588530750464261,0.5696233292831105,0.09477494048550159
2023-08-03,0.5862575719559842,0.5750415454923141,0.6001529330371772,0.5764277035236938,0.03790747201259806
2023-08-04,0.597046489121474,0.5824678022434566,0.599096966828096,0.5699704912341607,0.04935627727686155
2023-08-07,0.5864367898490986,0.5679615011771223,0.5922193496704657,0.5742058670369727,0.048722575510169897
2023-08-08,0.586938599949819,0.5748511286525412,0.600844772967265,0.5759416767922235,0.03568962158008952
2023-08-09,0.6026022438080219,0.612605594792965,0.6161020281833739,0.6019788231209859,0.09481394142194707
2023-08-10,0.6241083909817556,0.613419194017449,0.6395878090521793,0.6068738066307932,0.059436073531231925
2023-08-11,0.6163303344205886,0.600505470156488,0.6294104795543094,0.606387779899323,0.03912348060261776
2023-08-14,0.6263665364349977,0.6277523888658081,0.6173094709245166,0.6291616038882138,0.06250555721043984
2023-08-15,0.641564213771103,0.6165697271846005,0.6163565524523905,0.5888908175663947,0.07583393688903997
2023-08-16,0.6067959425068999,0.5793518903199002,0.5941510395805265,0.5613261586530116,0.059829932228893365
2023-08-17,0.5786945768665545,0.5516895166874395,0.5607180570221753,0.5319909737892726,0.10190822022145256
2023-08-18,0.5403419477400624,0.5288741171582884,0.5492844918617776,0.5266793959382051,0.08514242828967189
2023-08-21,0.5447865514893008,0.5217248303559064,0.539380257073153,0.5259503558409998,0.10200787988117659
2023-08-22,0.5466504175776911,0.524754189170475,0.5307504642610057,0.5078979343863912,0.09462299757475087
2023-08-23,0.5266497007061185,0.5202534275031159,0.5402905727706369,0.522062141989238,0.06708469861286105
2023-08-24,0.5408079142621599,0.5157526658357569,0.5289662454939373,0.5006769658045478,0.06277526433709534
2023-08-25,0.5200544822395068,0.5065780362830633,0.5321705567490805,0.5111959729213678,0.05371088834234937
2023-08-28,0.530413276461522,0.5099882287771776,0.5332265229581619,0.5088005554591216,0.04387250027051083
2023-08-29,0.5256102369260548,0.5218113834648941,0.5356297563995193,0.5256379100850547,0.05035799221825567
2023-08-30,0.5414172550987492,0.5359022296080875,0.5556202891162655,0.5372678354452352,0.050708916045535166
2023-08-31,0.5591239829384567,0.5498649771499792,0.5732804136474529,0.5517097726089221,0.07883912401358721
2023-09-01,0.5780135488727195,0.5586830078936436,0.5650329534282489,0.5421628189550425,0.07034220741408648
2023-09-05,0.5515968314276498,0.5468252319623321,0.5612642464406656,0.5425446971011977,0.06268622206896331
2023-09-06,0.5702354923115525,0.545596177814707,0.5434948840257801,0.5273042874500955,0.08318409059587593
2023-09-07,0.5357898132549554,0.5143872039883672,0.5292211338892328,0.5217844124283978,0.08217954153003296
2023-09-08,0.5561848094913797,0.53863800027697,0.5560208280231583,0.5311925013018574,0.09546130620650412
2023-09-11,0.5563640273844941,0.535140562248996,0.5456068164439427,0.517861482381531,0.06988862060117448
2023-09-12,0.5304491200401449,0.5226076720675806,0.5432399956304846,0.5233119250130185,0.04199356036164781
2023-09-13,0.5422775009856985,0.5199418363107603,0.5159669373338673,0.48706821732338135,0.07446839650906932
2023-09-14,0.5196960464532779,0.5036698518210774,0.5174234424498415,0.5096337441416421,0.10105379515066924
2023-09-15,0.5257536112405463,0.5038429580390528,0.5214652441466701,0.4993924665856623,0.12529249644824986
2023-09-18,0.5162909064841035,0.49459908599916913,0.5059170520336452,0.4774865474743968,0.06326197233573055
2023-09-19,0.4931717982723394,0.4900290818446199,0.5031861049411935,0.48248567956951915,0.049002096321484126
2023-09-20,0.4998028603175741,0.48940589945990864,0.5086479991260969,0.48269397674014924,0.030619330640717705
2023-09-21,0.489730814724542,0.47055463232239303,0.49524815205913414,0.4722791182086443,0.036774287537068864
2023-09-22,0.49460554141725505,0.471783686470018,0.4858536940611004,0.45912168026384303,0.05267647521888112
2023-09-25,0.472203304777949,0.4646690209112311,0.4851618541310127,0.4656830411386912,0.04904811911850439
2023-09-26,0.4762894727409584,0.45918155380141257,0.48157885154571606,0.45544176358271127,0.039390988110298036
2023-09-27,0.4704111258468045,0.4583506439551308,0.4722353712267415,0.44579066134351675,0.07262367759541714
2023-09-28,0.4627047564428833,0.45284413516133504,0.4698139314714343,0.45582364172886647,0.0519098657056475
2023-09-29,0.47844008745833183,0.46240132945575396,0.4808287514109894,0.4561360874848116,0.046275837803142386
2023-10-02,0.46772285745008785,0.44966071181276834,0.46469795725157487,0.437910085054678,0.05625876622187269
2023-10-03,0.4467543639556974,0.42660296357845173,0.44117539962859126,0.4202395417462246,0.10860720211088973
2023-10-04,0.43510520090325816,0.41812075889765954,0.4301787860029859,0.42221836486721054,0.13051540710421092
2023-10-05,0.4380443743503351,0.4168051516410469,0.4190729344936825,0.39975698663426484,0.11454541193745063
2023-10-06,0.4050324384386537,0.4085999169090153,0.41524960856425003,0.4109008852629752,0.09247917278083191
2023-10-09,0.41324061794329553,0.39831740756127954,0.4171430652150166,0.3943759763929873,0.0903869544321011
2023-10-10,0.40646618158356923,0.4191247749619166,0.4173615409824128,0.4213157437944801,0.12004687049633303
2023-10-11,0.4405534248539374,0.4284032682453953,0.4412482248843899,0.42110744662385,0.06678614263733808
2023-10-12,0.45281192874296566,0.4316230438997368,0.4343662382114117,0.41378232945669147,0.07774675939019456
2023-10-13,0.4253199039392092,0.4159915524165627,0.43283690783963885,0.40867904877625405,0.06047057125543
2023-10-16,0.4253378257285208,0.41507028112449795,0.4271383315733897,0.4203784065266446,0.047971109527573455
2023-10-17,0.4268611778199935,0.4371970641185431,0.4369151221643666,0.44388127061274085,0.0899572250249974
2023-10-18,0.4524534929567368,0.43029012602132677,0.44813021155736815,0.42676618642596764,0.04782948790586036
2023-10-19,0.45338542600093196,0.4306536490790749,0.4460546917671048,0.42273910779378576,0.06132533472913257
2023-10-20,0.4235635685866877,0.42276000553939896,0.4317809416305575,0.41857316438118386,0.1225894185298779
2023-10-23,0.42714792644897664,0.4226561418086138,0.43068856279357687,0.42048255511195964,0.05336863608987609
2023-10-24,0.44356428545826015,0.43795873147763476,0.4503877944871281,0.4363825724700573,0.08679303082875975
2023-10-25,0.44471127997419263,0.42286386927018416,0.44102974911699383,0.4206214198923798,0.04610748235080725
2023-10-26,0.442954944621671,0.4234870516548954,0.43979171976841575,0.41989237979517446,0.03690715298324593
2023-10-27,0.42607261909029,0.4071112034344273,0.4147762444015585,0.3925013018573164,0.12148186807548314
2023-10-30,0.40833004767195963,0.38813876194432906,0.37767177657211526,0.368408262454435,0.21166734586952587
2023-10-31,0.38614287250439083,0.3825647417255228,0.39252849288133135,0.38968929005381003,0.15378458403809267
2023-11-01,0.4246747195239973,0.41600782440105244,0.40010195535811816,0.3910432216629057,0.18759310839070883
2023-11-02,0.4143159253019821,0.41455477080736736,0.42620980956195614,0.40753341433778856,0.08452361625142796
2023-11-03,0.43632388257643645,0.4253912200526242,0.4368787095364673,0.4226349592084707,0.09653933100619286
2023-11-06,0.43704075414889415,0.41486636199972304,0.4265011105851509,0.4053810102412775,0.0644949856724434
2023-11-07,0.41926233915194083,0.4011909707796705,0.42085715326075085,0.3962159347335532,0.09438675003673787
2023-11-08,0.4066812430553067,0.3855421686746988,0.39027054582529225,0.3736504079152925,0.11308397663023279
2023-11-09,0.39022904046740026,0.37352859714720954,0.3739212758984816,0.35525082450963374,0.11673813595320362
2023-11-10,0.3668590272052762,0.35351751834925915,0.366839019772057,0.360076375629231,0.09603143052473856
2023-11-13,0.3662855299473099,0.35351751834925915,0.3678767796671886,0.3597986460683909,0.09822504284815463
2023-11-14,0.38589196745403054,0.41041753219775656,0.3959509157775917,0.412914424579066,0.15540489951590616
2023-11-15,0.4300870998960536,0.43612380556709596,0.4329832866037942,0.42430133657351143,0.11412871104273867
2023-11-16,0.4355711674253558,0.4324539537460186,0.44711065797618615,0.4315570213504599,0.086058315790667
2023-11-17,0.452381805799491,0.42968425425841295,0.4492954156501476,0.4333275473008158,0.06721024609590898
2023-11-20,0.44800888920749843,0.4509285417532197,0.45653788733932926,0.4481513626106578,0.07631497663877747
2023-11-21,0.4653571812609771,0.4513568065364908,0.47187124494774796,0.44575594514841166,0.04610430982343912
2023-11-22,0.4659306785189434,0.44817199833818033,0.47487528674944474,0.4496441590001735,0.04322251286332947
2023-11-24,0.46238216423527717,0.43958592992660295,0.45770673269489853,0.43110571081409477,0.03471049503355646
2023-11-27,0.4419154808416072,0.43460047084891285,0.4493318282780469,0.43204304808193017,0.05591782528071157
2023-11-28,0.44180795010573853,0.43231512255920224,0.4480573863015695,0.4333275473008158,0.04217024898586989
2023-11-29,0.4587619627943654,0.4456100263121451,0.4592724756945709,0.43475091130012156,0.06057615296624118
2023-11-30,0.45144987275529586,0.4367816091954023,0.4517135782689437,0.44290921714980036,0.10214603287296718
2023-12-01,0.4571131581777124,0.4464928680238194,0.4589083494155774,0.4516229821211595,0.07795783821108711
2023-12-04,0.47005269006057565,0.46253981443013437,0.47695080653970806,0.44901926748828325,0.06948680943491027
2023-12-05,0.46023154951790385,0.44432904029912745,0.46102028183374005,0.4346120465197014,0.055755307278733776
2023-12-06,0.45428151546650414,0.43176187508655306,0.4242435276553909,0.39954868946363475,0.12491213156699418
2023-12-07,0.4134915229936557,0.3955823293172691,0.41514037068055204,0.395695191806978,0.08784905943869616
2023-12-08,0.4336356141797197,0.4193671236670822,0.41552270327349533,0.3998611352195799,0.17019357239187158
2023-12-11,0.4132764615219184,0.40536283063287626,0.42165823107453676,0.40239541746224616,0.0679458917420297
2023-12-12,0.41481773540270267,0.3956169505608641,0.39715253249827037,0.3808366603020309,0.13530270860234603
2023-12-13,0.388042582171404,0.39696717906107193,0.39580526526599424,0.40395764624197184,0.12373152838240273
2023-12-14,0.43614466468332197,0.4571735216728985,0.4473251283545134,0.4445408783197361,0.22280033660938378
2023-12-15,0.48188107100612915,0.47465724968840883,0.4792997851654954,0.4807151536191633,0.24378495543529657
2023-12-18,0.48922900462382163,0.4751765683423349,0.48967701999053276,0.47123763235549376,0.0969809468158358
2023-12-19,0.49428294920964905,0.5033928818723168,0.5044241342897717,0.4945669154660649,0.14994349940259194
2023-12-20,0.508942972866411,0.4848012740617642,0.48873029166514953,0.4665856622114216,0.11244003817523332
2023-12-21,0.4929567368006021,0.48414347043345796,0.4981975749189819,0.4854712723485506,0.0766559175799386
2023-12-22,0.5061830173124485,0.4845069934912062,0.5122761533699887,0.48668633917722615,0.04331303564423329
2023-12-26,0.5046775870102872,0.4903752942805706,0.517350617194043,0.4920673494185037,0.02937980304780897
2023-12-27,0.5132442023011577,0.49432211605040843,0.518758693514911,0.4938031591737545,0.032948600234394776
2023-12-28,0.5108426825334241,0.4984420440382219,0.519826675891199,0.4965110223919458,0.03457843329431265
2023-12-29,0.51414029176673,0.49106771915247194,0.5193533117285074,0.4932477000520743,0.033353626228392025
2024-01-02,0.5052869278468762,0.5047084891289295,0.5129993081600699,0.492831105710814,0.0624358462090709
2024-01-03,0.4981898992795441,0.4788464201634123,0.4939372974547574,0.47637562923103616,0.0703804046435987
2024-01-04,0.48897809957346144,0.4714028527904722,0.4946655500127444,0.4725221315743794,0.04124839713342271
2024-01-05,0.48413921645937136,0.47912339011217286,0.4953209773149329,0.4744662385002604,0.03433414868696706
2024-01-08,0.48284884762894725,0.4671790610718738,0.484579252084623,0.4718972400624891,0.053019361976828036
2024-01-09,0.48309975267930744,0.46946406314914835,0.4913155882460038,0.4746051032806804,0.03947994577770024
2024-01-10,0.4899100326176565,0.46617504500761664,0.4778793285511416,0.45870508592258286,0.06820396626833541
2024-01-11,0.4748557295960429,0.4553732170059548,0.47303098714634245,0.4516229821211595,0.05265748235503728
2024-01-12,0.46779454460733366,0.45288048746710974,0.47001420092488083,0.4521437250477347,0.04227819951711595
2024-01-16,0.46435356105953624,0.44124774961916635,0.43851727779193833,0.412775559798646,0.1161102716368693
2024-01-17,0.4155704505537832,0.39934704334579696,0.41981429559771327,0.40638777989932295,0.07182056286726764
2024-01-18,0.42553496541094654,0.40447998892120207,0.42690164949204396,0.4070473876063183,0.05962359104887055
2024-01-19,0.4218072332341661,0.4004293034205789,0.40636492735680735,0.4017358097552508,0.12156135046114588
2024-01-22,0.4246747195239973,0.440091400083091,0.43502166551360016,0.41558757160215243,0.10391981407466809
2024-01-23,0.4439944084017348,0.43470433457969804,0.4417944143028803,0.42096858184343,0.06270936036856815
2024-01-24,0.44277572672855653,0.42245776208281405,0.43615045697848015,0.4119770873112307,0.054868860831714855
2024-01-25,0.43076812788988855,0.4125813599224484,0.427629902050031,0.41322687033501126,0.05204831479999246
2024-01-26,0.426717803505502,0.410400221575959,0.4331282088628336,0.408366603020309,0.03628982145777379
2024-01-29,0.4192981827305638,0.4058302174214098,0.42187670684193285,0.41346988370074644,0.057613985312805704
2024-01-30,0.4243521273163913,0.4107464340119097,0.42974183446819364,0.41253254643291093,0.0449801776260003
2024-01-31,0.42650274203376465,0.42516618196925626,0.42813967884062204,0.4030550251692415,0.09002499020958055
2024-02-01,0.4292985411663501,0.4230542861099571,0.4308888322470233,0.408574900190939,0.08549546713519679
2024-02-02,0.408509265565074,0.3874463370724277,0.4018497614972873,0.38750216976219404,0.09853408931417487
2024-02-05,0.390139431520843,0.3761823154687717,0.3911080362669774,0.3804894983509808,0.0815067119258011
2024-02-06,0.39406430338004944,0.38197618058440663,0.40032043112551435,0.38503731990973794,0.07345183413959239
2024-02-07,0.4243521273163913,0.4090846143193464,0.4154316717037469,0.40013886478042004,0.08372515456341835
2024-02-08,0.41617979139037237,0.39475141947098735,0.413392564541383,0.3921888561013712,0.050630787271549474
2024-02-09,0.4103731316534643,0.41858814568619296,0.4206750901212541,0.42110744662385,0.10399921185960102
2024-02-12,0.4386895587655472,0.4402783547985044,0.44663729381349454,0.4409651102239195,0.10803407446674679
2024-02-13,0.4300870998960536,0.4268799335272123,0.44175800167498086,0.4240236070126714,0.09386751305748814
2024-02-14,0.45324205168644044,0.43788948899044455,0.45599533918362883,0.4445061621246311,0.06140968165675978
2024-02-15,0.4659306785189434,0.45464617089045845,0.47074245348286786,0.4498524561708037,0.0703144160743417
2024-02-16,0.45747159396394127,0.4408322946960255,0.4608382186942432,0.4401145634438465,0.036580932569072896
2024-02-20,0.4476146098426466,0.428749480681346,0.45107963441721594,0.42718278076722793,0.055617746492051895
2024-02-21,0.4279723287573031,0.410400221575959,0.4331282088628336,0.4160041659434126,0.038587111975580166
2024-02-22,0.43044553568228244,0.40939620551170197,0.4230783235626115,0.39760458253775377,0.07807255680071849
2024-02-23,0.4090110756657945,0.39057955961778146,0.41230018570440224,0.3912168026384308,0.06720132071891331
2024-02-26,0.40557009211799705,0.3943013433042515,0.4125368677857481,0.39708383961117866,0.0983818080005049
2024-02-27,0.41933402630918665,0.39970225730508235,0.4216946437024361,0.3985072036104843,0.14451416296587824
2024-02-28,0.444245313452095,0.43626229054147625,0.4295965480828751,0.41329630272522133,0.34695173841386656
2024-02-29,0.43671816194128815,0.43318099986151504,0.441980118705167,0.42940461725394885,0.16048627315088396
2024-03-01,0.4399082404387254,0.44792964963301485,0.452317663765794,0.4438465544176359,0.1098850115340405
2024-03-04,0.4659306785189434,0.4469256335687577,0.4576703200669992,0.4391598680784585,0.08849113667763966
2024-03-05,0.4473995483709094,0.4573120066472788,0.4512616975567127,0.44735289012324253,0.10471789505939352
2024-03-06,0.46980178501021547,0.4551308683007893,0.467574554855624,0.4451310536365214,0.06364056060166008
2024-03-07,0.4659306785189434,0.44929718875502,0.47230819648254024,0.45183127929178957,0.034516632461181584
2024-03-08,0.4739596401304706,0.46129344966071184,0.47962713469031065,0.45530289880229124,0.05644344961506245
2024-03-11,0.472203304777949,0.47292618750865534,0.4846884899683211,0.45811491060579757,0.06069611680112119
2024-03-12,0.47141474604824546,0.45094169782578597,0.4702173833885592,0.44846380836660293,0.05807247896804707
2024-03-13,0.45757912469980994,0.4435327516964409,0.46440665622838,0.4438118382225308,0.044847269879458335
2024-03-14,0.4578658733287931,0.4349813045284586,0.43753413683865566,0.41378232945669147,0.10198943692207656
2024-03-15,0.4211620488189541,0.40659188478050134,0.4310526890725704,0.40694323902100327,0.09086021091469548
2024-03-18,0.4241370658446539,0.4129964686331533,0.4283217419801187,0.4140947752126366,0.047867008329534055
2024-03-19,0.4208036130327251,0.40652264229331114,0.42712012525944004,0.40715153619163336,0.06720491624993052
2024-03-20,0.4213054231334457,0.41493560448691325,0.4296937697993664,0.4194410692588092,0.04717150572971132
2024-03-21,0.4372558156206316,0.430168605456308,0.44721989585988425,0.42520395764624197,0.05932541577663174
2024-03-22,0.4381877486648266,0.42137515579559615,0.4473655463714817,0.427391077937858,0.030684980807055427
2024-03-25,0.44130614000501805,0.4291649356044869,0.4508429523358701,0.43245964242319046,0.036472389832718125
2024-03-26,0.4498010681386429,0.43428887965655727,0.4520991879983978,0.4268703350112827,0.03971412059783275
2024-03-27,0.44750707910677806,0.46942944190555325,0.4589083494155774,0.4764797778163513,0.13059628540191565
2024-03-28,0.49689953044912,0.48784794349813043,0.5049339110803626,0.48116646415552855,0.07796346415961992
2024-04-01,0.5007706369403921,0.485147486497715,0.5057714015220478,0.49182433605276865,0.06646842459651163
2024-04-02,0.5009140112548837,0.48255089322808475,0.49947201689545934,0.4755077243534108,0.05714415515976891
2024-04-03,0.4882612280010035,0.46723099293726633,0.48680042238648363,0.4739802117687901,0.04068415256591053
2024-04-04,0.502132692928062,0.5028043207312006,0.5087936496376942,0.4904009720534629,0.12965002623891636
2024-04-05,0.49227570880676724,0.4991517795319208,0.504460546917671,0.5013018573164381,0.08602092226808804
2024-04-08,0.5251442704039572,0.5188329178784101,0.5374503877944871,0.5173407394549557,0.08122998293857082
2024-04-09,0.5412021936270117,0.5360060933388727,0.5551833375814732,0.5363652143725047,0.07240396950008329
2024-04-10,0.5344994444245313,0.5322843096524027,0.547063321559917,0.5384134698837006,0.0728555258954797
2024-04-11,0.5662926986630346,0.5408184461985874,0.5502676328150603,0.5354625932997743,0.05517481937109679
2024-04-12,0.5579053012652784,0.5392951114804043,0.5555474638604667,0.5286582190591911,0.06860535443095053
2024-04-15,0.5425642496146815,0.5189374740340673,0.5367221352365,0.5060232598507204,0.0559967577616305
2024-04-16,0.5169002473206925,0.49698760559479294,0.5226668608673487,0.49602499566047564,0.06622033295632428
2024-04-17,0.5215957561202911,0.5246503254396898,0.524123365983323,0.5131400798472486,0.1291103581834159
2024-04-18,0.5321696118140435,0.5087937958731478,0.5269635509594727,0.5002256552681825,0.05681645423282408
2024-04-19,0.5355389082045952,0.5109749342196371,0.5304227506099114,0.5028293699010588,0.12564502768939587
2024-04-22,0.5210939460195706,0.5075128098601301,0.5162582383570622,0.5071341780940809,0.07281009530356815
2024-04-23,0.5277608516434281,0.5231962332086968,0.5359429049994539,0.5203957646241971,0.07150276022571136
2024-04-24,0.5419190651994695,0.5251004016064257,0.5332993482139606,0.5113001215066828,0.07592915501044861
2024-04-25,0.526506326391627,0.5016271984489683,0.5173870298219423,0.5027599375108488,0.05897508415446097
2024-04-26,0.5214882253844224,0.5145063010663343,0.5353748680042238,0.5156396458948098,0.0443431764308458
2024-04-29,0.5381554894440662,0.5204265337210913,0.5441138987000692,0.5229300468668634,0.044889824046556115
2024-04-30,0.531703645291946,0.5127752388865808,0.5380329898408768,0.507203610484291,0.04272015372967816
2024-05-01,0.5254668626115633,0.5247888104140701,0.5338091250045516,0.511647283457733,0.09251948502858955
2024-05-02,0.5323846732857809,0.5168605456307991,0.5229581618905437,0.5218191286235028,0.13375201952517163
2024-05-03,0.5555396250761676,0.5587868716244287,0.5699668645086116,0.560145808019441,0.11495310285443708
2024-05-06,0.5841069572386107,0.5745031851544107,0.595929068200852,0.5679916681131748,0.06252869551004468
2024-05-07,0.5885157174092261,0.5731893089599778,0.5936714852710919,0.5709772608922061,0.06151936650296708
2024-05-08,0.5806301301121904,0.5599293726630661,0.5894476204347667,0.5572643638257246,0.05409429884987846
2024-05-09,0.5765798057278039,0.5599639939066611,0.583557149619488,0.5672973442110745,0.039759001285000484
2024-05-10,0.5985519194236353,0.5781401467940728,0.5915231402250299,0.5584099982641902,0.06279311509108665
2024-05-13,0.5824223090433349,0.5614700180030466,0.5822379201106944,0.5531678528033327,0.0722272385754963
2024-05-14,0.5890175275099466,0.568827032266999,0.5639587809052179,0.5442457906613435,0.08864054156649588
2024-05-15,0.5809168787411736,0.5674075612796011,0.5738266030659432,0.5614650234334317,0.08823335825388831
2024-05-16,0.5845370801820854,0.5677537737155518,0.5950915777591669,0.5708036799166811,0.05322942558896279
2024-05-17,0.5880855944657516,0.5778285556017172,0.6016094381531515,0.581114389862871,0.06042450615804483
2024-05-20,0.6047528585253952,0.5783132530120482,0.6045588610129993,0.576774865474744,0.0469762895456594
2024-05-21,0.6010968135058605,0.6240825370447307,0.6159742198594472,0.631522305155355,0.15336246869667244
2024-05-22,0.6570844833148143,0.7681761528874118,0.6726140625568947,0.7691373025516403,0.5962103187679358
2024-05-23,0.7706010968135059,0.7612172829248026,0.7613625605359938,0.7624023607012671,0.19388922160475908
2024-05-24,0.8024301946306319,0.8540714582467803,0.8102902086443579,0.8558930741190766,0.3588105611151865
2024-05-28,0.8844403025198035,0.8708104833125606,0.8849360958380367,0.8677660128449922,0.18660437966134158
2024-05-29,0.8759095308075558,0.8810760282509349,0.887230091395696,0.8609269224093039,0.1731705028726601
2024-05-30,0.8706763683286141,0.852928957208143,0.8725743727924844,0.8560319388994965,0.13508638453620483
2024-05-31,0.893759632961755,0.8616881318376957,0.8474675017295997,0.8386044089567782,0.20553595027642865
2024-06-03,0.8718950500017922,0.8703434427364631,0.8846083821869425,0.84193716368686,0.1264416281613495
2024-06-04,0.8747266927130005,0.8516479711951255,0.8628336307031279,0.8191980558930742,0.08467894319137133
2024-06-05,0.85363274669343,0.8773369339426672,0.8668754323999563,0.8431175143204305,0.1106408344542225
2024-06-06,0.8602100433707301,0.8530328209389282,0.8698612678877035,0.844471445929526,0.07883112924461955
2024-06-07,0.84891931610452,0.8580525550477773,0.8615956013545497,0.8232598507203609,0.09583769485345842
2024-06-10,0.8455500197139684,0.8719360199418362,0.85424025051888,0.8665162298212116,0.1339392832406208
2024-06-11,0.895659342628768,0.9087037806398006,0.899218949131559,0.9176531852109008,0.16124344968274304
2024-06-12,0.9695150363812324,0.9509067303697549,0.9756035393074318,0.9391077937858009,0.14552188455908932
2024-06-13,0.9686010251263486,0.9431197202603516,0.9414484943378363,0.9073424752647109,0.09649191229713062
2024-06-14,0.9253736693071437,0.8959631629968148,0.8897061500928523,0.8450269050512064,0.12195178282924976
2024-06-17,0.8717158321086778,0.8377291926325994,0.8220879000837491,0.8023954174622461,0.20361449850083277
2024-06-18,0.8074841392164593,0.8017930342057887,0.8196482540144922,0.8060059017531678,0.11294117059830228
2024-06-20,0.8243664647478405,0.7989198171998338,0.8197942686523686,0.798021176879014,0.10675524983483822
2024-06-21,0.8219291014014839,0.8116947098739787,0.8285329352219349,0.7938552334664121,0.1565159186002234
2024-06-24,0.8123588659091724,0.8170959700872455,0.8230710410370317,0.802221836486721,0.09428848628905583
2024-06-25,0.8237212803326285,0.7924456446475557,0.8251829734551943,0.7864606839090436,0.04877261684185645
2024-06-26,0.8115703071794689,0.7766237363246088,0.7822197137967447,0.755875716021524,0.10646849566112467
2024-06-27,0.773827018889566,0.7600398144301344,0.7827258493245458,0.7627842388474222,0.06897011047755505
2024-06-28,0.7839707516398438,0.7499653787564049,0.7160543276408259,0.6778684256205519,0.2452230832414499
2024-07-01,0.6980178501021542,0.6718944744495222,0.6874340021119324,0.6683214719666725,0.13965939238571434
2024-07-02,0.6904906985913474,0.6766029635784517,0.6769107526490187,0.6475611872938726,0.12257292138756365
2024-07-03,0.6811713681493962,0.691074643401191,0.685649783344864,0.6974830758548863,0.1564596168145304
2024-07-05,0.7222481092512276,0.6975141947098741,0.7003244365145832,0.6662732164554764,0.09237532538498197
2024-07-08,0.7095236388401018,0.6920094169782579,0.7090266904562502,0.6836313140079847,0.08163335921833663
2024-07-09,0.7060826552923044,0.6843581221437474,0.7072424716891818,0.6770699531331366,0.054230844427802544
2024-07-10,0.7056166887702069,0.6895166874394129,0.7152532498270401,0.6886651622982121,0.057179645165926996
2024-07-11,0.7383418760529051,0.7230646724830356,0.7278884317081163,0.70560666550946,0.09257608291683689
2024-07-12,0.7372665686942185,0.7155518626229054,0.7425627207515566,0.7048776254122548,0.05711890184191863
2024-07-15,0.6817807089859852,0.6517449106771915,0.6581218366529512,0.636070126714112,0.20754737492818454
2024-07-16,0.6698806408831859,0.66341226976873,0.671922222626807,0.66325290748134,0.1188689322347308
2024-07-17,0.6650776013477186,0.6433665697271846,0.6495284564687033,0.6178441242839784,0.13090177863728358
2024-07-18,0.6582314778307466,0.6428818723168537,0.6601245311874158,0.6366255858357924,0.12452897486165454
2024-07-19,0.6594860030825478,0.6447860407145825,0.667511561009358,0.6465197014407221,0.09621108017450423
2024-07-22,0.7007419620774938,0.6721714443982828,0.6894731092742963,0.6597465717757334,0.09453103658144017
2024-07-23,0.6912434137424281,0.6740409915524166,0.6974110621563558,0.6693629578198229,0.06875763574462052
2024-07-24,0.6954012688626834,0.695056086414624,0.7010887375741907,0.6635306370421802,0.08491552913230362
2024-07-25,0.6766192336642891,0.6647278770253428,0.6792557258857372,0.6456865127582017,0.05767104850506703
2024-07-26,0.6866195921000753,0.6878548677468495,0.6992316935513236,0.6823120985939941,0.0811551958934129
2024-07-29,0.7051865658267322,0.6822116050408531,0.6926774205294396,0.6603020308974136,0.07318745685891534
2024-07-30,0.6881608659808596,0.6659396205511703,0.6582674871645486,0.6272869293525429,0.13355591503345662
2024-07-31,0.6814222731997563,0.6764644786040714,0.6602337690711139,0.6449921888561013,0.21004961071397177
2024-08-01,0.6777662281802216,0.67816091954023,0.6804063649273568,0.6537059538274604,0.12978919443946474
2024-08-02,0.669163769310728,0.6619581775377371,0.6636332520117977,0.634768269397674,0.10539825412857906
2024-08-05,0.6128893508727912,0.6233554909292341,0.6073626333612497,0.6140947752126367,0.10127278413979966
2024-08-06,0.6319222911215456,0.6362345935466002,0.6427921203073226,0.6257594167679221,0.06372118509717536
2024-08-07,0.6684468977382703,0.649340119097078,0.6550995885373048,0.6198923797951744,0.051206495237951816
2024-08-08,0.6397720348399585,0.634122697687301,0.639150857517387,0.6350633570560666,0.06062010304538093
2024-08-09,0.6456145381554895,0.6286871624428749,0.6500746458871937,0.6304461031070995,0.022176093204285634
2024-08-12,0.6553639915409155,0.6522988505747127,0.6690092123948584,0.6562402360701266,0.0592515593395018
2024-08-13,0.6881608659808596,0.6927710843373495,0.7034919710155482,0.694566915466065,0.08776894254755978
2024-08-14,0.7258683106921396,0.6947012186677746,0.7161271528966245,0.6781461551813921,0.04128786337388218
2024-08-15,0.7114591920857379,0.6958177537737156,0.718530386337982,0.6921714980038188,0.04131666992238475
2024-08-16,0.7132513710168824,0.6850159257720537,0.7066234570148927,0.6776601284499219,0.050291792147174136
2024-08-19,0.6989139395677265,0.6919574851128653,0.7155445508502348,0.6880055545912167,0.041626266293148806
2024-08-20,0.7061543424495502,0.6882010801828001,0.6871609074026872,0.6596077069953132,0.06409300530471956
2024-08-21,0.6881608659808596,0.6658011355767899,0.6954083676218912,0.6680437424058323,0.02504426944689481
2024-08-22,0.6881608659808596,0.664347043345797,0.6892910461347995,0.6528727651449401,0.027516260471772584
2024-08-23,0.6809921502562817,0.689551308683008,0.6939136292466227,0.6973268529769137,0.04160672352456116
2024-08-26,0.7391304347826088,0.7343165766514334,0.7448749226231657,0.7047040444367297,0.09180866969667001
2024-08-27,0.71855622065307,0.7042999584545077,0.7225357754069112,0.7124457559451484,0.04270881723188273
2024-08-28,0.7350084232409764,0.7131976180584407,0.7192859483668936,0.6886651622982121,0.03368327297212262
2024-08-29,0.7204200867414603,0.6999376817615289,0.7069875832938863,0.669675403575768,0.03788619492904917
2024-08-30,0.6977311014731711,0.6796150117712229,0.7099734187816334,0.6844992188856102,0.039957770699704714
2024-09-03,0.7048281300405033,0.6833541060794904,0.6642391581400429,0.6337094254469711,0.09338888442855041
2024-09-04,0.6511702928420374,0.6435050547015648,0.6650038233259294,0.6429439333449054,0.03658918114023002
2024-09-05,0.6673357468009606,0.6408738401883396,0.6728689509521901,0.6407220968581843,0.03345946174139265
2024-09-06,0.6594860030825478,0.6417739925218113,0.6516403888868659,0.6195105016490192,0.043488286056048486
2024-09-09,0.6436072977526076,0.6165697271846005,0.6406099115173142,0.6080888734594688,0.047240539925241715
2024-09-10,0.629879207140041,0.6108226007478188,0.6324145213560063,0.6180177052595035,0.03924018730939985
2024-09-11,0.6648625398759813,0.7254881595346905,0.6770928157885154,0.7277903141815657,0.22257352205274533
2024-09-12,0.7410301444496219,0.7197064118543138,0.7285438590103048,0.7142857142857142,0.09704262074787215
2024-09-13,0.7622853865729955,0.7329317269076305,0.724465644685577,0.6894289185905225,0.07976017215910115
2024-09-16,0.7124986558658016,0.7035209804736187,0.7183483231984852,0.7051206387779899,0.05550848464949368
2024-09-17,0.7288791712964623,0.7249172552278078,0.7411062156355824,0.7282763409130358,0.057449013889663225
2024-09-18,0.752679307502061,0.7601436781609195,0.7607690347012344,0.7346294046172539,0.0929154587444964
2024-09-19,0.7934692999749096,0.7595208419886442,0.7691803517459855,0.7299080020829716,0.07564646167176625
2024-09-20,0.7388795297322486,0.7253669851821077,0.7512653388195025,0.7290400972053462,0.06805798770903677
2024-09-23,0.7568192408330048,0.7535832987120897,0.7556712667953246,0.7605624023607013,0.06181081601718545
2024-09-24,0.7894906627477688,0.7559894751419471,0.7795943633252012,0.7447665335879187,0.0641318370397054
2024-09-25,0.7696333201906879,0.7388865808059826,0.7677515202272148,0.7343169588613088,0.045649284798120235
2024-09-26,0.7862288970930859,0.7816091954022989,0.7997596766558642,0.7827113348377017,0.10028735483889525
2024-09-27,0.8183805871178178,0.7984004985459079,0.8226705021301387,0.7830237805936469,0.07279791279847454
2024-09-30,0.7946879816480877,0.7738540368370032,0.7967811236936969,0.7611178614823815,0.05825136721124438
2024-10-01,0.7865156457220689,0.7644024373355491,0.7447474784255179,0.730637042180177,0.11629800065633247
2024-10-02,0.7480554858597083,0.7162442874948068,0.7269052907548338,0.7090435688248568,0.0982208128116638
2024-10-03,0.7314599089573104,0.7118473895582329,0.7422714197283617,0.7114042700919979,0.028753715346800813
2024-10-04,0.7511021900426539,0.7218183077136131,0.7193318282780469,0.6975525082450963,0.061118232142541404
2024-10-07,0.7174450697157604,0.689101232516272,0.7203510177329498,0.6923103627842389,0.042800862825923255
2024-10-08,0.7099896053621995,0.6906591884780501,0.7089538652004514,0.6784933171324422,0.05152645519811841
2024-10-09,0.7047205993046346,0.6816230438997369,0.7125226668608674,0.679916681131748,0.05191807197643972
2024-10-10,0.6809921502562817,0.653960670267276,0.6361650220296399,0.6069779552161082,0.2754728778943284
2024-10-11,0.6351482131976057,0.6314568619304806,0.6442122127953974,0.6293699010588439,0.11621830676884518
2024-10-14,0.6487329294956808,0.6286525411992798,0.6546080180606635,0.6240583232077764,0.051809529240084945
2024-10-15,0.630811140184236,0.6093685085168259,0.6313403488329752,0.5963547995139732,0.10645914728047993
2024-10-16,0.6198788487042546,0.607429718875502,0.6241856315770309,0.6089914945321993,0.0891145594556586
2024-10-17,0.6322090397505287,0.6073258551447168,0.6290827659032153,0.6011803506335706,0.07473556561383032
2024-10-18,0.6266532850639809,0.598012740617643,0.6248406947529402,0.5913903836139559,0.07995716495847922
2024-10-21,0.6070826911358831,0.5813599224484144,0.6049229872919928,0.5764624197187987,0.09639064522354009
2024-10-22,0.6146456862253128,0.5972164520149564,0.6232024906237483,0.5943412601978822,0.1582885999924367
2024-10-23,0.6045736406322808,0.5819484835895306,0.5911226013181371,0.5631314007984725,0.14344096040778906
2024-10-24,0.588909996774078,0.5682384711258829,0.6002985835487747,0.5757333796215934,0.0663240111507146
2024-10-25,0.5985519194236353,0.5845450768591608,0.6027746422459308,0.5841694150321124,0.06705944529501079
2024-10-28,0.6221369941574968,0.6017518349259104,0.6236754906601609,0.6069432390210032,0.10013613103434799
2024-10-29,0.6323165704863973,0.6047985043622768,0.6198051924407384,0.5883353584447144,0.2008682742102543
2024-10-30,0.5649664862539876,0.5857914416285833,0.5651603976258966,0.5808019441069259,0.28707984422298416
2024-10-31,0.6040001433743146,0.5893532751696441,0.6033572442923205,0.5703176531852109,0.1085694701853915
2024-11-01,0.594429907882003,0.6020807367400637,0.6088737574190729,0.6066307932650581,0.10778352940539476
2024-11-04,0.6440015771174594,0.6546530951391774,0.658813676583039,0.6321124804721402,0.2375412523733677
2024-11-05,0.6404889064124162,0.636650048469741,0.6450682736773113,0.6446450269050511,0.10680144183331812
2024-11-06,0.5682282519086705,0.5743318099986151,0.5276189782616612,0.5687207082103801,0.5695933217537494
2024-11-07,0.5904871142334851,0.579248026589115,0.5815824928085059,0.5780246484985245,0.18325605197665798
2024-11-08,0.5895910247679129,0.5637100124636476,0.5783417689254634,0.568408262454435,0.13829093328056505
2024-11-11,0.5842144879744794,0.5727783547985044,0.5912318392018352,0.5680611005033849,0.09006805198105722
2024-11-12,0.5754328112118715,0.5535587176291372,0.555984415395259,0.5278944627668807,0.11406246867129224
2024-11-13,0.5509516470124378,0.5305359368508517,0.5476459236063067,0.5274431522305155,0.10036827543696489
2024-11-14,0.5457184845334958,0.5724968840880764,0.5505953464661545,0.5726089220621419,0.22078573943025975
2024-11-15,0.5899136169755189,0.5950699349120621,0.5886465426209809,0.5563270265578892,0.16053703358877394
2024-11-18,0.5666869780278864,0.5665416839772884,0.5744456177402323,0.5740670022565526,0.06126882144161505
2024-11-19,0.5895193376106671,0.5671790610718737,0.577795579506973,0.5455997222704392,0.0841449010844037
2024-11-20,0.5632818380587118,0.5494045146101648,0.5609729454174708,0.536851241103975,0.09384830869181976
2024-11-21,0.554105881931252,0.5405068550062317,0.558424061464516,0.5268182607186251,0.07658743328915202
2024-11-22,0.5447865514893008,0.5422032959423903,0.5581691730692203,0.541051900711682,0.06094640806028377
2024-11-25,0.5730671350227606,0.5602063426118266,0.5672723300440592,0.5645547647977781,0.15328721634750053
2024-11-26,0.5819204989426146,0.5570211882010802,0.577795579506973,0.5628189550425273,0.0634384071577632
2024-11-27,0.5877988458367683,0.5667151364076998,0.586717037468594,0.5636868599201527,0.060238299951718366
2024-11-29,0.5895910247679129,0.580667497576513,0.5937443105268907,0.5869467106405138,0.07843194070097965
2024-12-02,0.6248969497114593,0.6233208696856392,0.6319047445654152,0.6169762194063529,0.15029865326636227
2024-12-03,0.6289651958851573,0.6097008724553387,0.6306667152168371,0.6155528554070473,0.06882476642373003
2024-12-04,0.6368687049715044,0.6082606287217838,0.6222918107999854,0.5949314355146675,0.08516357847212605
2024-12-05,0.6164737087350801,0.5928541753219776,0.6100207551979027,0.5822947404964416,0.060452678201073765
2024-12-06,0.6118857306713502,0.5874781886165351,0.5987692531770018,0.5693108835271654,0.08168192003725139
2024-12-09,0.5950392487185922,0.5989128929511148,0.6038488147689619,0.58948099288318,0.07183841362125895
2024-12-10,0.6109537976271552,0.598497438027974,0.6050322251756909,0.5996181218538448,0.0905099215928896
2024-12-11,0.6296641456683036,0.6028943359645479,0.6147908094527182,0.5929526123936816,0.08581094325668309
2024-12-12,0.6153267142191478,0.587072427641601,0.6099479299421039,0.5767054330845339,0.049081621007511775
2024-12-13,0.5981576400587835,0.5872109126159811,0.6081225649055092,0.5883353584447144,0.04751625370371419
2024-12-16,0.6008459084555002,0.5775519318653927,0.5889378436441758,0.5566047561187294,0.06456824990446462
2024-12-17,0.5745367217462992,0.5667843788948899,0.5799803371809343,0.5487588960249956,0.08406233077210264
2024-12-18,0.5700383526291265,0.5607949037529428,0.5668353785092669,0.5348724179829891,0.08082808717157679
2024-12-19,0.5504856804903402,0.5299127544661404,0.5349379164694316,0.5057455302898802,0.09470150705202074
2024-12-20,0.517760493207642,0.5224345658496052,0.5275825656337618,0.5283457733032458,0.13418255263920859
2024-12-23,0.5498046524965053,0.535659880902922,0.5536543713359794,0.5421281027599375,0.06040644390222896
2024-12-24,0.5621348435427793,0.5436573881733832,0.5681462331136438,0.5416073598333623,0.01612396849502662
2024-12-26,0.5537653679343346,0.5345170336518488,0.563558241998325,0.5329283110571081,0.018686186198253858
2024-12-27,0.5520986415283702,0.5284081152194987,0.5536540072097004,0.5291789619857663,0.03144587977102643
2024-12-30,0.5442488978099573,0.5186262290541476,0.5359210574227142,0.5133483770178788,0.04524891184426291
2024-12-31,0.534965410946629,0.5147735770668882,0.537231912027091,0.5069953133136609,0.04623658306450747
2025-01-02,0.5301265278325389,0.5376959562387481,0.5426573935840949,0.5425099809060927,0.06369284385268678
2025-01-03,0.5648947990967419,0.5397105664035452,0.5665440774860722,0.5423711161256726,0.041762431167788716
2025-01-06,0.5787662640238002,0.5731546877163828,0.5880275279466919,0.5591737545565006,0.08054281351063503
2025-01-07,0.588264812358866,0.5854106079490375,0.6027382296180315,0.5816004165943411,0.07690697024566952
2025-01-08,0.5881572816229973,0.5639800581636892,0.5820194443432982,0.5586877278250303,0.06302648620428589
2025-01-10,0.5753252804760028,0.5523819415593408,0.5771401522047847,0.5521263669501822,0.047374632082001114
2025-01-13,0.5614896591275673,0.5362484420440382,0.5527801041401158,0.532581149106058,0.0510255765772389
2025-01-14,0.5591239829384567,0.5442113280709043,0.561919673742854,0.5386217670543308,0.03911434372379756
2025-01-15,0.5738198501738414,0.555905691732447,0.5745912682518297,0.5437250477347683,0.04591666540470578
2025-01-16,0.5713107996702391,0.5624394128237086,0.5799075119251356,0.5578545391425099,0.06521751820544255
2025-01-17,0.5873687228932937,0.5604833125605871,0.5902486982485525,0.5647630619684082,0.05280676034279877
2025-01-21,0.5727445428151547,0.5540783824954992,0.5502676328150603,0.5322339871550078,0.1299529814523898
2025-01-22,0.5491953116599161,0.5246503254396898,0.5214652441466701,0.4919284846380837,0.1731080675340554
2025-01-23,0.5053944585827449,0.49729954299958457,0.5002439646069257,0.49960076375629237,0.16706516430434637
2025-01-24,0.5153410516505968,0.4913793103448275,0.5067909551032298,0.47925707342475266,0.15312706716595761
2025-01-27,0.48851213305136393,0.4718529289572082,0.48465207734042165,0.46557889255337614,0.11647274346376876
2025-01-28,0.48213197605648955,0.46008135992244836,0.4719440702035466,0.4514494011456345,0.11358493985184212
2025-01-29,0.4836015627800279,0.48258551447167986,0.4941557732221535,0.47148064572122894,0.1292469460617049
2025-01-30,0.4951073515179755,0.4772718460047085,0.49910825474274484,0.4762714806457211,0.04589555752261652
2025-01-31,0.4884404458941181,0.4765960393297327,0.501074172523031,0.4767227911820865,0.06360786241958595
2025-02-03,0.47779490304311983,0.47721264367816096,0.48621782034009403,0.4755771567436209,0.07769714106215708
2025-02-04,0.48575217749740135,0.4770461154964687,0.4878928012234644,0.47224440201353923,0.05712947693314571
2025-02-05,0.500483888311409,0.48272399944606004,0.48691002439646075,0.458843950703003,0.08773015311293884
2025-02-06,0.47808165167210287,0.46956792687993354,0.488366165386156,0.4772435341086616,0.06719865579592409
2025-02-07,0.4934227033226997,0.4798850574712643,0.4982674871645488,0.4795695191806978,0.05714487426597234
2025-02-10,0.5015591956700958,0.47875986705442464,0.48867567272330054,0.46064919284846373,0.09714934456853586
2025-02-11,0.48550127244704117,0.4665212574435674,0.47995484834140484,0.4561708036799167,0.09804298207758919
2025-02-12,0.4647119968457651,0.450006924248719,0.4711433565160397,0.44579066134351675,0.07069896869172332
2025-02-13,0.46048245456826403,0.44792964963301485,0.4682667589119907,0.4517965630966846,0.04797707387902553
2025-02-14,0.47021398616437865,0.4556155657111204,0.4764956486909661,0.44978302378059365,0.047188087472755394
2025-02-18,0.4680633714470052,0.45402298850574707,0.4734737647015986,0.4605797604582538,0.06907476158033825
2025-02-19,0.48847628947274097,0.4798158149840742,0.4872373739212759,0.45929526123936815,0.09370364144383328
2025-02-20,0.47288433277178393,0.4585237501731062,0.47647744237701634,0.46481513626106574,0.08424075371128596
2025-02-21,0.4747481988601742,0.45738124913446887,0.4553763245093399,0.43478562749522653,0.15179608618411708
2025-02-24,0.44879744793720205,0.42769768730092783,0.4461639296508029,0.42600243013365735,0.10237733126828592
2025-02-25,0.43342055270798235,0.41739336656972725,0.428649455631213,0.4070821038014234,0.20322224721703783
2025-02-26,0.44677228574500877,0.4703295942390251,0.45947274514801734,0.43964589480992877,0.2861004215738967
2025-02-27,0.45114520233700134,0.44595623874809576,0.4091686997050578,0.385280333275473,0.17451328565631002
2025-02-28,0.39815047134305886,0.37809860130175876,0.38389833594290507,0.3679222357229648,0.23236047288085535
2025-03-03,0.37732535216316,0.3596800997091816,0.3571077449659542,0.33823988890817563,0.1864566667870817
2025-03-04,0.3422344886913509,0.35857221991413935,0.3513454466008812,0.35073771914598156,0.17188330276849967
2025-03-05,0.3641707588085595,0.3474241794765268,0.3668572260860066,0.34959208470751607,0.12481145669851235
2025-03-06,0.3535610595361841,0.35189031990029085,0.360230127808324,0.3503905571949314,0.09001678393878833
2025-03-07,0.3618409261980716,0.3725592023265476,0.3730109602009977,0.3781635132789446,0.13391957127057352
2025-03-10,0.3847808165167211,0.3726284448137378,0.3774168881768198,0.35726436382572474,0.12991533412762138
2025-03-11,0.37736119574178284,0.3768020357291234,0.38790408913811314,0.37805936469362955,0.1476011589961582
2025-03-12,0.3932040574931001,0.37692147901952633,0.3857189673378728,0.3674362089914945,0.0780009422829287
2025-03-13,0.37657263701207927,0.3694086691593962,0.376215271456141,0.3562228779725742,0.07654445611840516
2025-03-14,0.37997777698125385,0.3597493421963718,0.3752321305028585,0.3551813921194237,0.07705506382321357
2025-03-17,0.3706584465393024,0.35864146240132944,0.3771987765357026,0.3569866342648846,0.09099561438276703
2025-03-18,0.3638123230223305,0.34584891289295117,0.35393074318173545,0.33723311925013016,0.11535017637983155
2025-03-19,0.3508369475608445,0.34326963024511836,0.3605942540873175,0.34417635827113346,0.07454487556882358
2025-03-20,0.350496433563927,0.3423348566680515,0.35733313913265125,0.341121333101892,0.06525901486341762
2025-03-21,0.3540987132155275,0.3446198587453262,0.36168663292429815,0.3510501649019267,0.17848249809711808
2025-03-24,0.37167998853005485,0.35621693671236665,0.3648909441794415,0.3423711161256726,0.15123848277389548
2025-03-25,0.35352521595756115,0.3504036837003186,0.3630703127844737,0.351536191633397,0.14686449814127966
2025-03-26,0.3622352055629234,0.34756231823847117,0.3497797036012089,0.33376149973962854,0.14410689505254085
2025-03-27,0.3419118964837449,0.34223099293726633,0.34901503841532244,0.3346641208123589,0.09967721437545753
2025-03-28,0.3446001648804617,0.336137654064534,0.34901503841532244,0.3371636868599201,0.11827647332382477
2025-03-31,0.34164306964407326,0.32886719290956934,0.33546954083676217,0.3340739454955737,0.12250401409312797
2025-04-01,0.3444567905659701,0.331186816230439,0.3418781633470488,0.33803159173754554,0.1180886174032669
2025-04-02,0.3479694612710133,0.33880348982135444,0.353504715435313,0.34584273563617424,0.07021691373322801
2025-04-03,0.35427793110864186,0.37532890181415324,0.36450861158649817,0.3680958166984898,0.36078306943122673
2025-04-04,0.37445786587332874,0.3557678991829387,0.3528019517168554,0.3419198055893074,0.18606230048504135
2025-04-07,0.34463600845908454,0.3739786733139454,0.3551323599024142,0.3466412081235897,0.2040978224702753
2025-04-08,0.3779884583676834,0.3639482066195818,0.32807777737319305,0.31307064745703866,0.1726114189496667
2025-04-09,0.3254955374744614,0.33998061210358677,0.3207679423223974,0.34518312792917893,0.24266010413165431
2025-04-10,0.34047815333882936,0.32402021880625953,0.3247281797327313,0.31935427877104666,0.14577602515145857
2025-04-11,0.33320190687838275,0.3262013571527489,0.33383097258129124,0.3323381357403229,0.10150319422745532
2025-04-14,0.35520986415283706,0.34978881041407006,0.3567709281578852,0.3508418677312966,0.10215216642587889
2025-04-15,0.36273701566364386,0.3528597147209528,0.3551494738375269,0.3354278771046693,0.09644783531689614
2025-04-16,0.34427757267285564,0.3344065918847805,0.33994829406838295,0.32695712549904526,0.08994897645384027
2025-04-17,0.3390085666152909,0.33329871208973827,0.3449368240905947,0.33945495573685125,0.08413787922382891
2025-04-21,0.3456933940284598,0.3268072289156626,0.3348505261624732,0.32025689984377714,0.06938118542373417
2025-04-22,0.36377647944370767,0.37858329871208973,0.3672588573717365,0.36504079152924834,0.3294010632112119
2025-04-23,0.38732571059894616,0.36698518210774134,0.3694789352947602,0.35028640860961635,0.14516546168437175
2025-04-24,0.3691530162371411,0.3655657111203434,0.3763976987219168,0.36882485679569516,0.12487545715061865
2025-04-25,0.3763575755403419,0.3811452707381249,0.38761242398863927,0.38764103454261417,0.1020384630450053
2025-04-28,0.4073085056812072,0.38955823293172687,0.4008848268579544,0.3837181044957472,0.10427661765266984
2025-04-29,0.3968242589340119,0.3873770945852375,0.39453082328951683,0.37160215240409655,0.2248915397493568
2025-04-30,0.32526255421341266,0.33059825508932283,0.3299715981502386,0.33195625759416764,0.5690648632949497
2025-05-01,0.3510161654539589,0.3391497022573051,0.3562975639951935,0.33455997222704387,0.1780280652769079
2025-05-02,0.35008423240976383,0.34676637584822056,0.35349379164694317,0.3483423016837354,0.13135396953815362
2025-05-05,0.3535610595361841,0.3362415177953192,0.34229690856789136,0.33660822773823984,0.14576828418468035
2025-05-06,0.3476468690634073,0.34164243179615006,0.3559698503440994,0.3352195799340392,0.10204442739645737
2025-05-07,0.34399082404387255,0.33890735355213963,0.35440410734442707,0.3457038708557542,0.0751671985373549
2025-05-08,0.35961862432345243,0.35725661265752673,0.3599570330990788,0.35952091650755075,0.16830566480564801
2025-05-09,0.3731495752535933,0.3860268660850299,0.3833521465244147,0.38354452352022217,0.21740860519707358
2025-05-12,0.4262876805620273,0.4320038775792826,0.4154680843316462,0.43745877451831283,0.4953401072009687
2025-05-13,0.5237105272590417,0.5654687716382772,0.5344281396788406,0.5603193889949661,0.842641331229708
2025-05-14,0.5751639843721997,0.5773438581913862,0.5766908203765065,0.5651102239194583,0.349069506183002
2025-05-15,0.575253593318757,0.5494910677191525,0.5551105123256744,0.5415032112480472,0.24061966142957128
2025-05-16,0.5637836481594323,0.5397105664035452,0.5356297563995193,0.5147023086269745,0.21004521147602132
2025-05-19,0.5067923581490377,0.491517449106772,0.48175727342242297,0.46769658045478213,0.4476346016646547
2025-05-20,0.48517868023943506,0.48739786733139445,0.49604922987291994,0.47568130532893593,0.2453055689530211
2025-05-21,0.47182694720240875,0.45945852375017304,0.4775152022721481,0.46231557021350456,0.19480629351597165
2025-05-22,0.4657514606258288,0.44623320869685634,0.4524269016494921,0.43794480124978297,0.322377087618184
2025-05-23,0.44446037492383234,0.4483797257997507,0.4519535374868005,0.44499218885610137,0.1383968956946604
2025-05-27,0.4607333596186243,0.43823570142639523,0.4562866402068238,0.4357923971532719,0.14993186680224216
2025-05-28,0.4498189899279544,0.4335272122974657,0.4565961475439683,0.4382919632008331,0.08167549038178533
2025-05-29,0.4587619627943654,0.4406245672344551,0.45625022757892447,0.4365561534455823,0.09406657857474673
2025-05-30,0.4506971576042152,0.4449868439274338,0.45779776426464697,0.4439507030029509,0.21012037922446342
2025-06-02,0.45951467794544604,0.43866846697133355,0.4381531515129448,0.414684950529422,0.16389301763950598
2025-06-03,0.4267894906627478,0.4415593408115219,0.42756982121399706,0.44842909217149796,0.17697766261550432
2025-06-04,0.4655722427327144,0.45372870793518905,0.4652805592979646,0.44995660475611876,0.1160345539836834
2025-06-05,0.4682605111294312,0.46769837972579975,0.4707792302370462,0.4639472313834404,0.14033222198994622
2025-06-06,0.4843542779311086,0.4667289849051377,0.4880384517350617,0.4726609963547995,0.07744469248438418
2025-06-09,0.4940678877379117,0.47264921755989475,0.47926300841131714,0.4511716715847943,0.09774226878345589
2025-06-10,0.47478404243879707,0.45985666805151637,0.47838910534173257,0.4666550946016317,0.1156866757826773
2025-06-11,0.5017742571418331,0.492732308544523,0.5034045807085897,0.4779031418156571,0.14072857640913725
2025-06-12,0.4928850496433564,0.4737224761113419,0.49262644285038054,0.47779899323034203,0.07741089449282243
2025-06-13,0.48252625542134125,0.5102825093477358,0.4938644721989586,0.5033848290227391,0.1766514845016962
2025-06-16,0.5244273988314994,0.5038083367954577,0.5140006554273021,0.5035584099982642,0.19619759481817145
2025-06-17,0.3868955876554715,0.397521118958593,0.3897243564068019,0.3947231383440375,0.8607835347352407
2025-06-18,0.407541488942256,0.4107464340119097,0.4115719331464152,0.39392466585662206,0.30963693681399906
2025-06-20,0.4085809527223198,0.4002908184461985,0.41994683756326706,0.3985419198055893,0.20234519145102856
2025-06-23,0.4096562600810065,0.39776000553939894,0.4034169610020755,0.3973962853671237,0.1445601857628985
2025-06-24,0.41553460697516037,0.4202326547569589,0.4164348396023741,0.4199965283804895,0.20551010475346965
2025-06-25,0.4372558156206316,0.4184323500900152,0.4326912573280414,0.4252733900364519,0.130959264833194
2025-06-26,0.45449657693824147,0.43927433873424737,0.4570877180206096,0.4354452352022218,0.16231322591127464
2025-06-27,0.45291945947883433,0.43650463924664173,0.44084768597749696,0.42332928311057105,0.17262131723505525
2025-06-30,0.47175526004516294,0.4697410330979088,0.4771874886210538,0.4698489845512931,0.32350176972036665
2025-07-01,0.483924154987634,0.47611134191940174,0.47460219204019954,0.4608922062141989,0.2658484027678313
2025-07-02,0.4838524678303882,0.5061625813599224,0.4960856425008194,0.4871376497135914,0.25555938890862434
2025-07-03,0.5304491200401449,0.5449037529428057,0.5439318355605723,0.5375108488109703,0.2584114064118385
2025-07-07,0.5483709093515897,0.5254462678299404,0.5348286785857335,0.5098420413122722,0.14410368022480782
2025-07-08,0.49573461414387615,0.4864630937543277,0.497687798128391,0.469640687380663,0.19775602486212407
2025-07-09,0.48492777518907487,0.46783686470018004,0.4905509230601173,0.4714112133310189,0.11371788989874901
2025-07-10,0.4895515968314276,0.4721298989059687,0.4956851035939264,0.4682867557715674,0.11542881275819614
2025-07-11,0.47883436682318364,0.46229746572496877,0.48534391727050946,0.45908696406873806,0.07810288616235776
2025-07-14,0.47489157317466574,0.4606010247888104,0.4783927466045225,0.4535323728519354,0.0685579357218883
2025-07-15,0.4922398652281444,0.487086276139039,0.5003936205075921,0.49203263322339874,0.16488783762142
2025-07-16,0.50930140865264,0.48905968702395797,0.4992174926264428,0.47429265752473526,0.12356076180926781
2025-07-17,0.49367360837306,0.49763536906245676,0.5065906856497834,0.4976219406353063,0.14210904881792052
2025-07-18,0.5139610738736156,0.5024234870516548,0.5221206714488585,0.5056413817045652,0.09817288649822266
2025-07-21,0.5266138571274956,0.5163408807644371,0.5342985107235189,0.5142509980906093,0.08491629053887197
2025-07-22,0.5316498799240117,0.5156754604625399,0.535484105887922,0.520013886478042,0.06997140241530007
2025-07-23,0.5400551991110794,0.5185268660850298,0.5403998106543348,0.5192501301857316,0.06783493788487516
2025-07-24,0.5386572995447866,0.5189031990029083,0.5410552379565233,0.5225481687207082,0.07428785855164058
2025-07-25,0.5377970536578373,0.5355906384157318,0.5492844918617776,0.5385176184690157,0.07433481195668883
2025-07-28,0.5510591777483065,0.5289430134330425,0.5529075483377636,0.532477000520743,0.0986190284469108
2025-07-29,0.5504498369117173,0.5276277523888657,0.5551469249535739,0.52636695018226,0.05473798350268849
2025-07-30,0.5447507079106779,0.5223999446060102,0.5394530823289517,0.5170282936990106,0.08502512937778109
2025-07-31,0.537223556399871,0.5116327378479435,0.5225940356115502,0.5017531678528032,0.1387641474627945
2025-08-01,0.5603426646116348,0.5453534828971056,0.5481192877689983,0.5338309321298386,0.23324691932787425
2025-08-04,0.5530126527832538,0.533651848774408,0.5571132068601391,0.5319215413990626,0.0786688227444663
2025-08-05,0.548585970823327,0.5425837834095001,0.5564941921858501,0.5437944801249783,0.0939109978326139
2025-08-06,0.5617047205993047,0.5466348151225592,0.5645049703237083,0.5374414164207603,0.06209321325331345
2025-08-07,0.5647514247822503,0.5489198171998338,0.5707679423223974,0.5394896719319562,0.08145074854302738
2025-08-08,0.5641062403670383,0.5414416285832987,0.5655245239048902,0.5361916333969797,0.05669788630998604
2025-08-11,0.5529588874153196,0.5380487467109819,0.5572952699996359,0.5274431522305155,0.05152472088315717
2025-08-12,0.5529947309939425,0.5389142778008587,0.5572952699996359,0.5364693629578198,0.0731064516601159
2025-08-13,0.5568299939065917,0.555428610995707,0.5634125914867275,0.536851241103975,0.1077578530838954
2025-08-14,0.5454675794831356,0.5225384295803905,0.5389068929104613,0.5202221836486721,0.09407211992254973
2025-08-15,0.5452166744327754,0.6041060794903753,0.5483377635363944,0.5893074119076549,0.4501494429591846
2025-08-18,0.6440015771174594,0.6556917324470295,0.6591778028620325,0.6565873980211769,0.3898546720203136
2025-08-19,0.6642531990393922,0.6492868023819416,0.6555875177511561,0.6275299427182781,0.18095567353221328
2025-08-20,0.6403813756765475,0.626229054147625,0.6437388486327058,0.6118382225308105,0.11653881663375557
2025-08-21,0.6257751173877201,0.5971645201495638,0.5932709463641991,0.5617080367991668,0.20862556892933293
2025-08-22,0.5883364995161118,0.5921877163827725,0.5921785675272184,0.5973962853671237,0.17522249357436306
2025-08-25,0.6093049930105022,0.5864492452568897,0.6068164439427594,0.587536885957299,0.06966548617628304
2025-08-26,0.6056131044123446,0.5847181830771361,0.6092560900120161,0.5780940808887346,0.08487360947067946
2025-08-27,0.5917057959066634,0.569880902922033,0.5919965043877217,0.5590348897760805,0.07360491916019563
2025-08-28,0.5869027563711962,0.5804895443844343,0.5988420784328005,0.579135566741885,0.07302861898868457
2025-08-29,0.5990895731029786,0.5805636338457277,0.6065251429195645,0.572782503037667,0.046827138458992626
2025-09-02,0.5739990680669559,0.5682730923694779,0.5795797982740414,0.574830758548863,0.06956261168882599
2025-09-03,0.5943582207247573,0.5917462955269354,0.6038306084550122,0.5946537059538275,0.09512214188066914
2025-09-04,0.6179074518799957,0.5957969810275585,0.615482649382806,0.5959729213678181,0.06135777910901727
2025-09-05,0.6317609950177425,0.6271292064810968,0.62203692240469,0.6073251171671584,0.11740588951364647
2025-09-08,0.6317072296498083,0.6042445644647555,0.6207544696500746,0.6006248915118902,0.09134937233449537
2025-09-09,0.624000860245887,0.6062872178368647,0.6165750282197866,0.600104148585315,0.06582342863238944
2025-09-10,0.6227463349940858,0.6128687162442875,0.6291373848450642,0.6026384308279812,0.05927850467194841
2025-09-11,0.6249327932900822,0.6117227530812908,0.6339802643556786,0.6009720534629405,0.05762849433796925
2025-09-12,0.6219936198430052,0.6000900152333472,0.6303754141936424,0.5953827460510327,0.04012747976371693
2025-09-15,0.6157926807412453,0.6082260074781886,0.6129337654298511,0.6137823294566915,0.06915665508680077
2025-09-16,0.6357396322448834,0.6104590776900707,0.6391144448894877,0.6077069953133136,0.06583713395061974
2025-09-17,0.6307036094483673,0.6340534552001108,0.6400611732148709,0.6266620378406527,0.1000859205012018
2025-09-18,0.6487329294956808,0.625098670544246,0.6498197574918982,0.6229126887693108,0.08631368309361857
2025-09-19,0.6487687730743038,0.6390735355213959,0.657794123001857,0.6328415205693456,0.15100849568988892
2025-09-22,0.6567260475285852,0.649944606010248,0.6664606925681826,0.6561360874848116,0.10159684723536236
2025-09-23,0.6809921502562817,0.6625813599224485,0.6806252048210318,0.6440895677833709,0.09258513519492727
2025-09-24,0.6720312556005592,0.6793553524442598,0.688307905181517,0.6560319388994965,0.1069379874112422
2025-09-25,0.6619592100075272,0.6689170475003462,0.6646761096748351,0.669501822600243,0.07448916598823932
2025-09-26,0.6854725975841428,0.6622351474864977,0.6925452426901649,0.658982815483423,0.0672525887611822
2025-09-29,0.6885551453457114,0.6744910677191525,0.7037654298510724,0.6711681999652838,0.06749661956633835
2025-09-30,0.694218430768128,0.6654549231408392,0.6902377744601828,0.6607533414337788,0.05991833999155177
2025-10-01,0.6873723072511561,0.6820384988228778,0.7025452426901649,0.6756465891338309,0.09878378836822874
2025-10-02,0.7169074160364172,0.699002908184462,0.7247216254597094,0.701024127755598,0.10500701805354194
2025-10-03,0.7249005340693215,0.705442459493145,0.7218803481047227,0.6940808887345946,0.08039497373528043
2025-10-06,0.7222660310405391,0.7044384434288881,0.725703674034155,0.6921367818087137,0.07359743199560685
2025-10-07,0.7152944549983871,0.68858156764991,0.7174380075010014,0.6863044610310709,0.04763795185355546
2025-10-08,0.7143625219541919,0.695505816368924,0.726209809561956,0.6983856969276168,0.035426386409265
2025-10-09,0.7210294275780494,0.7100467386788534,0.7298183009867822,0.7085575420933866,0.05189852920785207
2025-10-10,0.7272303666798093,0.7004223791718598,0.711976477442377,0.6794306544002777,0.07994151382346315
2025-10-13,0.7092548120004302,0.7054770807367401,0.7125587153624877,0.6802638430827981,0.08407738970201001
2025-10-14,0.6962615147496326,0.688434427364631,0.6977751884353494,0.6742926575247353,0.08041489720715225
2025-10-15,0.7228932936664397,0.747576512948345,0.7304821031933875,0.7436208991494532,0.18302394987440598
2025-10-16,0.7602064590128679,0.7382980196648664,0.7580016749808833,0.7206734941850372,0.08474789278617191
2025-10-17,0.7364063228072691,0.7104275723583992,0.7332046753814223,0.7000520742926575,0.08617612230693669
2025-10-20,0.7330370264167175,0.712816784378895,0.727961256963915,0.6901579586877278,0.047876610512368245
2025-10-21,0.7181440194989068,0.6865392604902368,0.7125587153624877,0.6826939767401492,0.0428981113648475
2025-10-22,0.7067636832861394,0.6904867746849467,0.685140370680552,0.6705780246484986,0.0883709613409351
2025-10-23,0.6910283522706908,0.6880106633430273,0.7069875832938863,0.6901579586877278,0.05881514647474258
2025-10-24,0.7515323129861287,0.7335895305359369,0.7483887412154535,0.7332407568130532,0.09749231592721258
2025-10-27,0.7656009175956128,0.7528389419747957,0.775370498488876,0.7550425273390036,0.0752194817883816
2025-10-28,0.7744363597261551,0.7518349259105388,0.7587335688016604,0.7269571254990452,0.09567466924710173
2025-10-29,0.752679307502061,0.7408599916909016,0.7556712667953246,0.7342822426662038,0.08631541740857981
2025-10-30,0.7424280440159146,0.7284655864838665,0.7439099879838328,0.7060579760458254,0.09469139726480764
2025-10-31,0.7854044947847594,0.8224691870932005,0.7926664967410698,0.8218712029161603,0.24821828747987876
2025-11-03,0.8456217068712141,0.8411923556294142,0.8467028365437134,0.8175837528206907,0.10223410223270632
2025-11-04,0.8128248324312699,0.8228773715551863,0.8204129192003787,0.8071515361916333,0.09664761994035817
2025-11-05,0.8329689236173339,0.8635923002354245,0.8468026071441576,0.8581496268009026,0.13987229012229796
2025-11-06,0.8903186494139574,0.8580875225038083,0.8817317845828934,0.8393681652490887,0.0866343198596237
2025-11-07,0.8318219291014015,0.8179130314360892,0.8230710410370317,0.8243013365735115,0.09401742555072326
2025-11-10,0.8712140220079573,0.8541057332779395,0.8724101518406584,0.8416594341260197,0.07827733286723972
2025-11-11,0.8565181547725726,0.8339907907492038,0.8469213123111095,0.8121853844818606,0.06901291844684228
2025-11-12,0.8534356070110041,0.8248857498961363,0.8495066088919637,0.8238847422322513,0.05129714491995037
2025-11-13,0.8513208358722535,0.822808475280432,0.8279139205476459,0.7859399409824682,0.0871701808822824
2025-11-14,0.7684863256747554,0.7810206342611826,0.7838910534173251,0.7737545565006075,0.1068369318394762
2025-11-17,0.7933617692390409,0.7820592715690348,0.8075592615519062,0.7753515014754382,0.05049576450676209
2025-11-18,0.7777698125380839,0.7799127544661404,0.7863306994865819,0.7706648151362611,0.062171722730583315
2025-11-19,0.7963726298433635,0.7814707104279185,0.8041004260277463,0.7695538968929005,0.0517731932266287
2025-11-20,0.8173411233377541,0.8055670959700874,0.7856024469285948,0.7486200312445755,0.08502242215442696
2025-11-21,0.7693107279830819,0.7682107741310068,0.7738775807450023,0.7627495226523172,0.0690470971416882
2025-11-24,0.7885228861249508,0.7940036006093338,0.8030076830644868,0.7972574205867037,0.07628151705013499
2025-11-25,0.8298505322771424,0.7955961778147072,0.8195026035028948,0.7990279465370596,0.05416536346292446
2025-11-26,0.8369117172658519,0.839599778424041,0.8528565706587045,0.8401666377365039,0.06823378802559578
2025-11-28,0.8748342234488691,0.8448622074504916,0.8813312456760004,0.8426314875889602,0.033859411691600894
2025-12-01,0.8575934621312592,0.8312387480958315,0.8528565706587045,0.8100676965804549,0.07441399823979722
2025-12-02,0.840101795763289,0.8095520011078797,0.8430615737537778,0.8066655094601631,0.054254363430691566
2025-12-03,0.8351195383347074,0.7993698933665697,0.8150602628991734,0.7840999826419024,0.06650463370887315
2025-12-04,0.8080217928958028,0.7907145824678022,0.8237628809671194,0.7883353584447144,0.04545876395457313
2025-12-05,0.8171977490232625,0.8028320177260767,0.8252922113388923,0.78948099288318,0.06854744523139103
2025-12-08,0.8140793576830712,0.7845173798642847,0.8114554127371372,0.7834750911300121,0.06162697863129386
2025-12-09,0.8021792895802717,0.7933800720121867,0.8153879765502676,0.774934907134178,0.07216636835039321
2025-12-10,0.796229255528872,0.8106217975349674,0.8113825874813386,0.8055198750216976,0.06493575547478818
2025-12-11,0.8283451019749812,0.8355802520426534,0.8207406328514729,0.842319041833015,0.08566348418461267
2025-12-12,0.8709631169575971,0.8367608364492453,0.8030076830644868,0.7797257420586704,0.11329568995659897
2025-12-15,0.801103982221585,0.7794626782994045,0.8057786840476276,0.7835098073251171,0.05387894769213017
2025-12-16,0.8073407649019678,0.7901606425702811,0.8139314714342935,0.7926054504426314,0.050703670800286524
2025-12-17,0.8243664647478405,0.8028320177260767,0.8128390925973127,0.7770525950355841,0.061767162040600065
2025-12-18,0.8203878275206996,0.8122489959839359,0.8266758911990678,0.803992362437077,0.06696845721009297
2025-12-19,0.8368041865299833,0.8197964270876609,0.8495794341477625,0.8220100676965805,0.10225592922099902
2025-12-22,0.857306713502276,0.8789641323916355,0.8636175945818011,0.8831452872765143,0.13486316551058358
2025-12-23,0.9032223377181978,0.8698847112588285,0.850344099333649,0.8303766707168894,0.1504964074723087
2025-12-24,0.8603175741065987,0.8357221991413931,0.8695317336052143,0.8401666377365039,0.023650303221705773
2025-12-26,0.8659091723717696,0.8296115496468633,0.8685504132833266,0.8314181565700398,0.022496983772480213
2025-12-29,0.8530054840675294,0.8409153856806537,0.8650912136328879,0.8264190244749176,0.03256806615167947
2025-12-30,0.8539374171117244,0.8216310067857636,0.8567163092160361,0.8127061274084361,0.022300033273467034
2025-12-31,0.8397792035556831,0.8107949037529428,0.8448822051487456,0.802048255511196,0.03346961382897065
2026-01-02,0.8453708018208539,0.8498126990721507,0.8643993737028002,0.8475611872938724,0.05017165911083449
2026-01-05,0.8902828058353346,0.8599570696579422,0.8548228525652697,0.8394375976392987,0.07259136011662719
2026-01-06,0.8709631169575971,0.8501935327516964,0.865928704074573,0.8282589828154833,0.05625643970180273
2026-01-07,0.8029320047313525,0.7748580529012602,0.7701452863853184,0.7321992709599028,0.2502971389132985
2026-01-08,0.7514606258288828,0.7448414347043346,0.7648472490259622,0.7500781114389862,0.08504653336242471
2026-01-09,0.7814258575576186,0.747576512948345,0.7524669555401814,0.7236938031591738,0.1447232113692552
2026-01-12,0.7366572278576293,0.7348012740617643,0.7447474784255179,0.7208123589654574,0.07722807231568864
2026-01-13,0.7473027707086276,0.7343338872732309,0.7595310053526563,0.7330671758375282,0.07499473994962365
2026-01-14,0.7512814079357684,0.7366015787287079,0.752940319702873,0.7160215240409651,0.06833475899663197
2026-01-15,0.7347575181906162,0.7630868300789365,0.7513381640753013,0.7409824683214719,0.12334689116429132
2026-01-16,0.7657263701207928,0.749740340673037,0.7811601063248734,0.741294914077417,0.0704454626048277
2026-01-20,0.7490949496397721,0.7370516548954439,0.7506827367731129,0.7356708904704045,0.06557567539512137
2026-01-21,0.7688089178823614,0.7462262844481374,0.7637548701889816,0.741260197882312,0.04961853953929318
2026-01-22,0.7682712642030181,0.745533859576236,0.7683792739321997,0.7272348550598854,0.07129806875991997
2026-01-23,0.7559769167353668,0.7418986289987537,0.7626624913520008,0.7358097552508245,0.06999635963059599
2026-01-26,0.7583784365031006,0.7526312145132253,0.763390743909988,0.7386564832494358,0.08154905459107434
2026-01-27,0.7617118893150293,0.7401675668190002,0.7497906273895787,0.7111612567262628,0.07976575580726905
2026-01-28,0.7539696763324851,0.7590707658219084,0.7652842005607544,0.7610137128970664,0.0810536750176329
2026-01-29,0.7176242876088749,0.6927364630937543,0.6755634854167425,0.6728345773303245,0.2100868350350911
2026-01-30,0.6845765081185706,0.695505816368924,0.700506135527801,0.678076722791182,0.10695922219442618
2026-02-02,0.6998100290332987,0.6887550200803213,0.7139423952226632,0.6955389689290054,0.0735682024434552
2026-02-03,0.7124448904978674,0.729711951253289,0.7253548410588793,0.7250130185731644,0.06778493885355351
2026-02-04,0.7628947274095846,0.7429545769284033,0.7375741907293449,0.7216108314528727,0.0789152646704222
2026-02-05,0.7211728018925411,0.715794211328071,0.7284229690856788,0.7087658392640167,0.06022518683859679
2026-02-06,0.7311373167497044,0.7085237501731062,0.6782580198812949,0.6545044263148758,0.21036546753874227
2026-02-09,0.6856338936879458,0.6659392743387342,0.6876342715653788,0.6663079326505814,0.09985445290442342
2026-02-10,0.6774077923939926,0.6824712643678161,0.6903470123438809,0.6805762888387432,0.09173929709822035
2026-02-11,0.7161547008853364,0.6891704750034621,0.7068783454101882,0.6857837181044958,0.03896345832216956
2026-02-12,0.7173016954012689,0.6856044869131699,0.6884899683210137,0.6604756118729387,0.05744461465171276
2026-02-13,0.676332485035306,0.6813460739509763,0.6854859265193168,0.6785280333275473,0.09893069753555536
2026-02-17,0.699379906089824,0.6782644370585792,0.6990860430397262,0.679916681131748,0.07908916147056035
2026-02-18,0.7073013369654827,0.7166943636615427,0.712704365874085,0.7233813574032285,0.09587491917457774
2026-02-19,0.7475178321803649,0.7272884642016342,0.7380111422641372,0.7050859225828849,0.09999620142723123
2026-02-20,0.7257249363776479,0.7503081290679962,0.7338236900557114,0.734872417982989,0.10632501282335562
2026-02-23,0.7616581239470949,0.7439759036144579,0.769034701234388,0.7358097552508245,0.058354537801255796
2026-02-24,0.7615326714219148,0.7577897798088907,0.7649564869096603,0.7394896719319562,0.12885296046294872
2026-02-25,0.6004874726692713,0.6334995153025896,0.6116593234533736,0.6246137823294566,0.4021731304867274
2026-02-26,0.6380156994874369,0.621243595069935,0.6166114408476859,0.5898281548342301,0.19901619503310808
2026-02-27,0.5948600308254777,0.5740375294280571,0.5949459272475695,0.5797604582537753,0.14741808301683496
2026-03-02,0.5845729237607082,0.5839911369616396,0.5947015985143648,0.5889949661517098,0.08682974754550017
2026-03-03,0.5817054374708772,0.5796115496468633,0.5946182135964753,0.5809060926922409,0.05935984827366712
2026-03-04,0.5979425785870462,0.5932350090015234,0.6109674835232858,0.5800034716195105,0.06731426269321855
2026-03-05,0.5985519194236353,0.5783478742556433,0.5890106688999744,0.5610137128970665,0.06802850435469567
2026-03-06,0.5695186207390946,0.5545977011494253,0.5781232931580672,0.5520222183648672,0.0639007078458463
2026-03-09,0.5639628660525468,0.5694675252735079,0.5776135163674762,0.5734421107446623,0.07043234949170613
2026-03-10,0.5938922542026596,0.5853413654618475,0.6072533954775516,0.5818434299600764,0.07038256196220902
2026-03-11,0.5985519194236353,0.5922656141808614,0.607508283872847,0.5903488977608053,0.047802627174143575
2026-03-12,0.6083730599663071,0.5843719706411854,0.6117867676510214,0.581010241277556,0.05270638157687131
2026-03-13,0.6072619090289976,0.5881456861930481,0.6018643265484469,0.5758375282069085,0.03733413286663059
2026-03-16,0.6110254847844009,0.5881803074366432,0.6160288388012963,0.587675750737719,0.03222830962073578
2026-03-17,0.6076203448152264,0.5906730369754881,0.6167570913592834,0.5909390730775906,0.04516799124619328
2026-03-18,0.6050037635757555,0.5881803074366432,0.615482649382806,0.5818781461551814,0.039304779966614856
2026-03-19,0.5974766120649486,0.5813945436920094,0.6032844190365219,0.5882659260545045,0.04350287968194186
2026-03-20,0.5904512706548622,0.5737086276139038,0.5873724647707825,0.5645547647977781,0.13849981248248236
2026-03-23,0.5851464210186745,0.5706273369339427,0.5812547791574117,0.5544870682173233,0.07747201852011497
2026-03-24,0.5723502634503029,0.5634607395097633,0.5742089356588864,0.5646589133830932,0.07827906718220096
2026-03-25,0.5929603211584645,0.5720641185431381,0.600225758292976,0.5669501822600242,0.035965504560021636
2026-03-26,0.575576185526363,0.5570211882010802,0.570786148636347,0.5402881444193717,0.054044257518191904
2026-03-27,0.5575110219004267,0.5639450907076582,0.5699668645086116,0.5557715674362089,0.08330536574206811
2026-03-30,0.5838202086096276,0.5595831602271154,0.5626479263008412,0.5363652143725047,0.06121133524570463
2026-03-31,0.5608444747123553,0.5738121451322531,0.5753559334377162,0.5799687554244054,0.08416330174313881
2026-04-01,0.60220796444317,0.5837834095000692,0.6114044350580781,0.587467453567089,0.05456222548649438
2026-04-02,0.597691673536686,0.5845104556155657,0.6050686378035902,0.5732338135740322,0.05231154997081698
2026-04-06,0.5931753826302019,0.5769630245118404,0.6029202927575283,0.5741017184516577,0.05539186254344142
2026-04-07,0.5842503315531022,0.5587349397590362,0.5844955030404545,0.5627842388474223,0.06632206533392881
2026-04-08,0.6056847915695904,0.588665004846974,0.6143902705458253,0.5921888561013713,0.0467467677656668
2026-04-09,0.6111330155202696,0.595554632322393,0.6129701780577504,0.5799340392293004,0.03231705578631344
2026-04-10,0.6027097745438905,0.6054909292341781,0.6146815715690201,0.6015275125846207,0.0558255258844816
2026-04-13,0.6221369941574968,0.6020114942528736,0.6204347667771184,0.5906960597118556,0.05628253902695117
2026-04-14,0.6169038316785549,0.5934081152194987,0.6070713323380548,0.591598680784586,0.09328787115714933
2026-04-15,0.6487329294956808,0.6193394266722061,0.6027385937443105,0.5728172192327721,0.13640518301295176
2026-04-16,0.592816946843973,0.5729296496330148,0.583221061063977,0.5604929699704913,0.09339692149788299
2026-04-17,0.5807376608480591,0.5638415731893089,0.5862433091796235,0.5562923103627841,0.13178424885000112
2026-04-20,0.5739990680669559,0.5584406591884781,0.5784513709354403,0.5634091303593126,0.06675154093884306
2026-04-21,0.5848955159683144,0.5652260767206758,0.5704402286713032,0.542996007637563,0.06641825636373035
2026-04-22,0.5711315817771246,0.5631145270738125,0.5808910170046973,0.5502864086096164,0.07092011499946406
2026-04-23,0.5719201405068283,0.5730508239855976,0.5863525470633215,0.5762541225481687,0.08129013405747046
2026-04-24,0.5994121653105847,0.573258551447168,0.5882095910861886,0.5678180871376497,0.05143711682743203
2026-04-27,0.5915265780135489,0.5766168120758898,0.5949823398754688,0.5807325117167158,0.07229094292504824
2026-04-28,0.5964371482848848,0.5733970364215483,0.6032115937807231,0.5751084881097032,0.05908730702256276
2026-04-29,0.5985519194236353,0.574262567511425,0.5779776426464698,0.5568824856795695,0.05840445223184762
2026-04-30,0.5820997168357289,0.5948968286940867,0.5863525470633215,0.596042353758028,0.12555721213184617
2026-05-01,0.6095917416394854,0.6431588422656142,0.6242216800786513,0.6301336573511543,0.20206524763606526
2026-05-04,0.6559016452202588,0.6357672067580667,0.6434843243636893,0.6290227391077937,0.11154221293005406
2026-05-05,0.6592350980321876,0.6559687023957901,0.6712303826967192,0.6567609789967019,0.1215863922771716
2026-05-06,0.6743969317896699,0.6489059687023958,0.6777482430907038,0.6519701440722097,0.09401247640802898
2026-05-07,0.6770493566077638,0.6639662096662512,0.6693372901722318,0.640062489151189,0.11540157132319517
2026-05-08,0.6699523280404316,0.6546877163827725,0.6683173724647707,0.6587398021176878,0.06970787114192119
2026-05-11,0.6850066310620453,0.7113280709043068,0.7014892764810836,0.7049817739975699,0.15904277319838728
2026-05-12,0.7345783002975017,0.7093546600193879,0.7120853511997961,0.6868946363478562,0.1016767949250391
2026-05-13,0.7323559984228827,0.7226319069380972,0.7380839675199359,0.709599027946537,0.09894469895634002
2026-05-14,0.7258324671135167,0.7063426118266168,0.7198958598842079,0.6992536018052421,0.06615328687794458
2026-05-15,0.7033943868955878,0.7110857221991413,0.7065142191311947,0.70532893594862,0.08713316806298761
2026-05-18,0.7332162443098319,0.7020841988644232,0.7253763245093399,0.7062662732164554,0.07239529792527709
2026-05-19,0.7102046668339368,0.6817961501177122,0.7033099078760514,0.6648498524561708,0.06587258165641292
2026-05-20,0.7028208896376215,0.7132668605456308,0.705531078177912,0.7209165075507724,0.08598940849623134
2026-05-21,0.7426431054876519,0.7785971472095278,0.7584022138877763,0.7591737545565006,0.1694235788494453
2026-05-22,0.7829671314384028,0.7859368508516826,0.7793394749299057,0.7903141815657004,0.09248615234104178
2026-05-26,0.8463385784436719,0.8457623597839634,0.8580963478134218,0.8323207776427702,0.1556414008561086
2026-05-27,0.8602100433707301,0.8402748926741449,0.8630885190984233,0.8452352022218365,0.0759285628053399
2026-05-28,0.8802824473995485,0.9635438304943915,0.8963696609984342,0.9483770178788403,0.22453376326296215
2026-05-29,0.9772393275744651,0.9750727046115497,0.978698612678877,0.960215240409651,0.24138466352893836
2026-06-01,0.9752320871715832,0.9509416978257859,0.9608203765065726,0.9470578024648498,0.13031892190921174
2026-06-02,0.9749094949639772,0.9724761113419194,0.9773877580745003,0.9748654747439679,0.11302750564308017
2026-06-03,0.9872468547259758,1.0,0.9959946109310709,0.9999999999999999,0.10200255003519813
2026-06-04,1.0,0.9989267414485528,1.0,0.9885436556153445,0.10275443902144366
2026-06-05,0.9874547474819886,0.9501454092230994,0.9015402541601427,0.8637736504079152,0.15283976308750025
2026-06-08,0.9200329760923331,0.8928126298296635,0.8955321705567492,0.8512063877798992,0.08409198332790338
2026-06-09,0.8888849062690419,0.8513017587591747,0.8066853584823216,0.8053810102412775,0.10688308153759118
2026-06-10,0.8201727660489623,0.7884642016341228,0.8017696537159087,0.7605276861655963,0.09869648041505795
2026-06-11,0.8093480053048497,0.833160227115358,0.8082146888540946,0.8365561534455823,0.09208658309411771
2026-06-12,0.8843506935732465,0.8553870655033929,0.8660925609001201,0.823155702135046,0.06381115797333538
2026-06-15,0.8697802788630418,0.8441697825785902,0.8577722754251175,0.8446797431001561,0.07486014018848534
2026-06-16,0.861858847987383,0.8547638831186817,0.8562793576812439,0.8129144245790662,0.06795773584420403
2026-06-17,0.8334348901394315,0.810344827586207,0.8186287004333103,0.7797257420586704,0.06144618687167566
2026-06-18,0.8315351804724184,0.8022088353413654,0.8014419400648145,0.7897934386391251,0.1434990811091731
2026-06-22,0.8257643643141331,0.812422102201911,0.8395113425335906,0.808574900190939,0.07576139176322219
2026-06-23,0.8028603175741067,0.8043899736878548,0.8024796999599461,0.7604235375802811,0.06381581101347529
2026-06-24,0.7875192659235098,0.7820246503254398,0.7858937479517897,0.7573685124110398,0.05104782656918068
2026-06-25,0.8016057923223056,0.7716728984905138,0.7793431161926957,0.7583405658739801,0.0388326232935081
2026-06-26,0.7575540341947741,0.7518003046669436,0.7593128937115392,0.7251171671584794,0.0652959430819826
2026-06-29,0.7497759776336069,0.7284863592300236,0.7243928194297782,0.703350112827634,0.06765296171503953
2026-06-30,0.7480196422810853,0.7218529289572082,0.7407420893565889,0.7143204304808193,0.07524532731134058
2026-07-01,0.7239686010251264,0.7232031574574159,0.7379383170083385,0.7008505467800729,0.04766130165498486
2026-07-02,0.7242911932327325,0.7113280709043068,0.693842624622219,0.6747786842562055,0.09757539384389254
2026-07-06,0.7157604215204846,0.7136476942251766,0.7238466300112879,0.7042527339003645,0.05841612713256232
2026-07-07,0.7379834402666763,0.712332086968564,0.7190947820704221,0.6857142857142857,0.06893665088891256
2026-07-08,0.6956880174916664,0.6752873563218391,0.6942431635291119,0.6738413469883701,0.06019253095688755
