Date,Close,High,Low,Open,Volume
2019-01-02,0.004160014033036008,0.0010026342621621276,0.0,0.0,0.048429732408325085
2019-01-03,0.0,0.0,0.003014361918880548,0.00496265989221778,0.048634291377601585
2019-01-04,0.00411424665224408,0.0011392953977412135,0.003199870897591106,0.005472887988726971,0.05281585728444005
2019-01-07,0.018971095511727654,0.014810404819813827,0.009507001363081524,0.008116592375426002,0.09729078295341924
2019-01-08,0.01865100344014564,0.017544553336212076,0.016463290499564076,0.02374682162993763,0.08342200198216056
2019-01-09,0.021759593626952456,0.019823151329827482,0.018643043575099383,0.020036427634734122,0.07183191278493559
2019-01-10,0.012616871082471948,0.00774695225775629,0.00820841384375437,0.013403928274155374,0.19692368681863232
2019-01-11,0.01865100344014564,0.0155394470901844,0.015303892774245209,0.01502725281581413,0.05598731417244797
2019-01-14,0.015131130535817994,0.014673675688091803,0.0179473944180345,0.01896968656976139,0.048726263627353814
2019-01-15,0.012251140673464889,0.00970646341871978,0.014098159418666767,0.0171607782197159,0.036072150644202175
2019-01-16,0.010605450615458367,0.009114020408588164,0.013170613686789734,0.013914097807407322,0.05381169474727453
2019-01-17,0.017553962763719233,0.0138078568312765,0.011176508671797925,0.011363238412639143,0.04183151635282459
2019-01-18,0.02354234924782883,0.019367356890570564,0.02351246615169955,0.022772847769995996,0.04739583746283449
2019-01-22,0.021713912275071856,0.020096604439649057,0.022724189249449134,0.024674546543479003,0.06768999008919722
2019-01-23,0.021896745218733638,0.02196494608777627,0.0211937504206815,0.02680803244287505,0.04680118929633301
2019-01-24,0.023222407726841532,0.01945856772647736,0.023466131117316602,0.025462991400388435,0.040623191278493564
2019-01-25,0.03135932325529017,0.026476347664373845,0.02866018832205658,0.027781971000728156,0.06420614469772053
2019-01-28,0.030125109479854806,0.02547382610664911,0.02991235404759246,0.03228090653596494,0.03196669970267592
2019-01-29,0.028205159252741696,0.025337158429301565,0.030329793684061412,0.032744780877749124,0.028945887016848363
2019-01-30,0.031085106100639193,0.027433372664843192,0.030376126235874434,0.033579617906609405,0.03637819623389495
2019-01-31,0.03414790739942625,0.029347333019368316,0.03390071985246207,0.033625987191476414,0.08252447968285431
2019-02-01,0.02578237003929612,0.029484056875672737,0.026434211942256258,0.037290090454295044,0.07010505450941527
2019-02-04,0.031587945086971714,0.027023210565568112,0.02805731956855101,0.028524085635131258,0.03373002973240832
2019-02-05,0.03309639752428584,0.02925612055366461,0.034735400200352706,0.03548113662666508,0.03220614469772051
2019-02-06,0.03190792962241462,0.02784347062750009,0.03297318307341934,0.03511013733143542,0.030193855302279488
2019-02-07,0.02893657705630015,0.02693210092814874,0.031164548663855707,0.03237371316563009,0.03514608523290387
2019-02-08,0.024456664516732562,0.02529157869318488,0.027732718436690562,0.030796762241836362,0.0420376610505451
2019-02-11,0.02111962455606664,0.018957318896271724,0.019987964847113515,0.026529757455866887,0.08191555996035679
2019-02-12,0.022308221501304737,0.020734599805487308,0.025506750923940058,0.026158743022809072,0.04773518334985134
2019-02-13,0.03218208225538216,0.027934514450615344,0.024161638234721616,0.02574112462853262,0.09025490584737364
2019-02-14,0.030399369648961394,0.028982718784612782,0.029448593109442367,0.03093588672307429,0.04962695738354807
2019-02-15,0.033416446581412185,0.030759972607498076,0.0345963354099898,0.034785475822822653,0.037115559960356787
2019-02-19,0.038489528464138556,0.03524130799498848,0.03662946171364723,0.03949996494276753,0.085198017839445
2019-02-20,0.03576841249366053,0.03487340297262881,0.03882835424985748,0.04183945578723364,0.05566541129831516
2019-02-21,0.03263248662029983,0.03183925803369414,0.0350387589913384,0.03870455024412017,0.039481466798810705
2019-02-22,0.033647025570824995,0.03032202178291782,0.03560013971799125,0.03613090492581911,0.0261581764122894
2019-02-25,0.037567169492031816,0.034689637709908905,0.03938994763808373,0.03903208733794,0.09969157581764124
2019-02-26,0.03383155758548423,0.032988593226902785,0.035179091978065846,0.0394531793237341,0.061458077304261644
2019-02-27,0.037198191491624566,0.03418393172494322,0.03793954081468348,0.03659886777438165,0.05818354806739347
2019-02-28,0.03544567503305718,0.032528831131491354,0.03779912670721142,0.04038901206033274,0.06153260654112984
2019-03-01,0.03682929952012859,0.03868942403176978,0.036348794016208996,0.04258825512938036,0.08465569871159564
2019-03-04,0.035584052536823785,0.03643666718436023,0.038641321900207526,0.04193314539994342,0.09337720515361744
2019-03-05,0.050941503630947016,0.04834394773325568,0.046454733346461885,0.056157838153579,0.24610346878097128
2019-03-06,0.05509218352711098,0.05238970883763183,0.05585889558493473,0.05770197972654256,0.10115361744301289
2019-03-07,0.05172557112819848,0.05032090436787756,0.05300494540065581,0.055409247600343214,0.06537482656095145
2019-03-08,0.05006525615527724,0.04553952970475461,0.04958947067383457,0.053303547182026734,0.048946679881070376
2019-03-11,0.05218672910702399,0.0471486805153189,0.05263065552377699,0.05302282986390067,0.030774231912784934
2019-03-12,0.05177174714631888,0.04806822097496821,0.05417466863992537,0.05592400975138173,0.03410901883052528
2019-03-13,0.05610687302823081,0.05206796529902519,0.05609292014630857,0.05508172077507051,0.03649395441030724
2019-03-14,0.05320128956477693,0.04944734143754326,0.055484611267590356,0.056953312518285115,0.036222794846382564
2019-03-15,0.053985357062028394,0.049815134052793086,0.055578194660980795,0.05728087961475059,0.05992309217046582
2019-03-18,0.05961175539477087,0.05501021305560405,0.05955504366980957,0.058169862162315567,0.03850624380574827
2019-03-19,0.06228667383990072,0.058504266566194785,0.06465487783551455,0.06476756800892469,0.04276868186323092
2019-03-20,0.05804374944363494,0.05703306684475057,0.06180084411127951,0.06523545567312578,0.0448777006937562
2019-03-21,0.06703693223311247,0.06383735207177788,0.06554385676261837,0.06415930078212184,0.060682656095143714
2019-03-22,0.06164102686087153,0.062274167860613794,0.06577776635092036,0.06860451203599993,0.026629137760158576
2019-03-25,0.0626095403438709,0.06084900355220818,0.06484206829005795,0.06467400253536204,0.02245708622398414
2019-03-26,0.06768253619768605,0.06429703454335967,0.06952072720042002,0.06865130022722221,0.03168919722497522
2019-03-27,0.06855874065890022,0.06710140911462043,0.07186001679167164,0.07108440212534617,0.03352547076313181
2019-03-28,0.07086478863976187,0.071331155994044,0.07335731958175201,0.07300297142899165,0.06182596630327057
2019-03-29,0.07058803363222865,0.06769912696775726,0.07326367032073833,0.07604439591248707,0.0379211100099108
2019-04-01,0.06925058516327764,0.06696355103222901,0.0706904011842796,0.07543610866998335,0.051356987115956404
2019-04-02,0.06689859774380152,0.06535452819930632,0.07097118268837299,0.07071018912034222,0.022422200198216054
2019-04-03,0.06620688228279098,0.06351561970124042,0.0701758833981852,0.07136534464056288,0.027853320118929634
2019-04-04,0.07575329549337334,0.07133110391811359,0.07003539480261367,0.06874487603050228,0.04600198216055501
2019-04-05,0.07372417457786745,0.071423145209014,0.07677277231735496,0.0775418122262313,0.04343944499504461
2019-04-08,0.07828990095642002,0.07441147789981661,0.07798924045226246,0.07683995815133582,0.04937641228939545
2019-04-09,0.07243283760535346,0.07050361584471637,0.0756966687144705,0.0781033053005128,0.05341684836471755
2019-04-10,0.07284792710219767,0.07064160751465892,0.07508845417615195,0.07693354767506788,0.01221328047571853
2019-04-11,0.07146441015126531,0.0691245020947388,0.07462064663860579,0.07585737410976162,0.017959960356788898
2019-04-12,0.07275561808041242,0.07105527156598435,0.07602412759757604,0.07726100065913111,0.032063429137760155
2019-04-15,0.07852054446751622,0.07395174323680576,0.0771939062708078,0.07651241710411238,0.028717542120911797
2019-04-16,0.07847426091325671,0.07546874830443923,0.0816852987260901,0.08376501806042419,0.018527651139742318
2019-04-17,0.08174886539157344,0.07979053375007833,0.08472665238098342,0.083812011953107,0.02457561942517344
2019-04-18,0.08442363328610852,0.08015821751425634,0.08538154804483644,0.08549640320814722,0.02644202180376611
2019-04-22,0.0787048614098973,0.08093972926902548,0.082995358028085,0.0873680426096754,0.029113974231912785
2019-04-23,0.07935055140338215,0.07454930279208027,0.07532229046734717,0.08025565335383938,0.07521585728444004
2019-04-24,0.08267118134922458,0.07951462199738374,0.0817790053962939,0.0803961451647916,0.018470564915758176
2019-04-25,0.07741361046629458,0.07698600144376105,0.08168539221394705,0.08563679532725665,0.03650029732408325
2019-04-26,0.05610687302823081,0.05661941165839901,0.04930881779978702,0.05910582686532839,0.17217205153617443
2019-04-29,0.05924294945218622,0.05717112693526888,0.05978910928549652,0.06518876337354768,0.12054390485629336
2019-04-30,0.057490346964707506,0.05560790831759643,0.05997618743481664,0.06350417693163135,0.06096491575817642
2019-05-01,0.04941960917624805,0.055148186715597236,0.05347281102537682,0.06228762805976207,0.06292170465807731
2019-05-02,0.05287855210417364,0.05036690485118156,0.05403428169112895,0.054239466648952905,0.04695500495540139
2019-05-03,0.05066483465232502,0.050366859516821905,0.052069190650205766,0.05372470738870622,0.06785490584737364
2019-05-06,0.050849280638073036,0.046459018561266885,0.04940230026102693,0.04918585550527471,0.03985569871159564
2019-05-07,0.046514068727249835,0.04494180384166585,0.04809221539653841,0.05129142091236477,0.04665213082259663
2019-05-08,0.04822055971829142,0.04475799379235984,0.04729693617983738,0.04974740810906231,0.03968285431119921
2019-05-09,0.046836956738447844,0.043746522122316334,0.04696939710932024,0.04895188703406134,0.048429732408325085
2019-05-10,0.04466945831917535,0.041585805329664105,0.04275864002482532,0.04759503535559567,0.058752824578790885
2019-05-13,0.031018283143815606,0.03441374656997448,0.03358831257709688,0.04118445293449363,0.07230921704658078
2019-05-14,0.032042048695073766,0.029294858503058963,0.030270639484808348,0.033320473977346,0.10414905847373639
2019-05-15,0.029948040473247672,0.026743559445146003,0.03135649727184153,0.033178886145633024,0.0647563924677899
2019-05-16,0.02980837253581209,0.03008346375523857,0.03300871579363163,0.03577553083045665,0.04727056491575818
2019-05-17,0.03032035209396633,0.028459941519530463,0.030553955788091225,0.029401826793958474,0.037994053518334986
2019-05-20,0.03585792557582973,0.031846324099962964,0.03532203345047641,0.035445149793607245,0.06747115956392469
2019-05-21,0.035299361362226556,0.03476864228369142,0.03348076199711897,0.03468961012279953,0.09848483647175421
2019-05-22,0.061358421887372394,0.06371507021005746,0.062230753042767706,0.06183732871346381,0.30576967294350843
2019-05-23,0.06992079339647239,0.06557066749718798,0.06232523940903684,0.0656144678047349,0.16054549058473735
2019-05-24,0.08001865192825097,0.07517309192196409,0.07535477311982858,0.07406565290827394,0.10079682854311199
2019-05-28,0.07629605189453192,0.0779101365385691,0.08059506137436157,0.08435832680580663,0.07972249752229932
2019-05-29,0.07103766373694498,0.06835406765236585,0.07323045686971813,0.07609592134828724,0.06782160555004955
2019-05-30,0.07452781365243122,0.07113746447543512,0.07686562804096447,0.07600160556076535,0.039670168483647184
2019-05-31,0.0748068484261129,0.0702095150475292,0.07455226156264039,0.07496274428484817,0.04189177403369673
2019-06-03,0.08644040905284817,0.08491473503020758,0.07998125475261181,0.07878706485454351,0.08842973240832508
2019-06-04,0.099935377232582,0.09512026819006014,0.09268043585255337,0.09177084161940507,0.10239841427155601
2019-06-05,0.09825996418573413,0.10184643460880577,0.10155544037766517,0.10607632501564473,0.0832396432111001
2019-06-06,0.09923729563213801,0.09549132132076388,0.09952559408206224,0.10182726668142905,0.04857403369672944
2019-06-07,0.10458859501388906,0.10193919184690375,0.10589864587955533,0.10550978270523281,0.058971655104063436
2019-06-10,0.10784607973886445,0.10449065153351672,0.11109165401466442,0.11060888638211047,0.02417125867195243
2019-06-11,0.10924202786747428,0.1075522201327469,0.11335758916072036,0.11372493740703105,0.044238652130822606
2019-06-12,0.11114997706146623,0.10639254372994406,0.11316878665850738,0.11330006974552131,0.03418354806739346
2019-06-13,0.11133614362543942,0.10991810446259015,0.11496275939588857,0.11589681383289901,0.027038255698711596
2019-06-14,0.10896295007933698,0.10796985093020728,0.11165819627903562,0.11528310708289202,0.04448919722497523
2019-06-17,0.10593825958823944,0.10272796038907617,0.10698459463890331,0.11117555606604712,0.042803567888999014
2019-06-18,0.10282035677178836,0.10277422946611625,0.10698446502367931,0.11141150626520951,0.045889395441030725
2019-06-19,0.10137778097327393,0.09878478609589958,0.10391587340029984,0.10683176520533505,0.0411179385530228
2019-06-20,0.10161044616378484,0.09850648279317709,0.10320779094024729,0.10739835590195601,0.03678255698711595
2019-06-21,0.1080787019149197,0.10736668778958719,0.1059458807367557,0.10598196230992485,0.10073181367690784
2019-06-24,0.10398381176770982,0.10453708353093505,0.10778710557179189,0.11117553046042838,0.024797621407333995
2019-06-25,0.09923729563213801,0.10110432426669624,0.10358552944720317,0.10966468034290339,0.05654866204162538
2019-06-26,0.0987253375812116,0.09808898429639329,0.1034438281502234,0.10456553727637002,0.02351476709613479
2019-06-27,0.10002833147120171,0.09618708529969205,0.10231084439496102,0.10244095733220882,0.022935976214073343
2019-06-28,0.10347185371678341,0.10054758982044709,0.10448244287234487,0.10333803561189997,0.06008166501486621
2019-07-01,0.10500755581174015,0.108480086715327,0.1057099438457893,0.11160045869018492,0.05209910802775025
2019-07-02,0.10547284317830635,0.10017653195760079,0.10679567307823662,0.1085787539332056,0.01313617443012884
2019-07-03,0.10947473607244085,0.10449062264363101,0.11236623876950469,0.11136428951043104,0.0005978196233894957
2019-07-05,0.11291830133247815,0.10820173415560957,0.11246073039214771,0.11254468012665858,0.00851219028741328
2019-07-08,0.11417466755256378,0.11112415769750972,0.11486826486243396,0.11632169582062724,0.05136491575817642
2019-07-09,0.10900940569141904,0.11107778158996184,0.11416018835189684,0.11594400211970579,0.03951159563924678
2019-07-10,0.099935377232582,0.1045835257350754,0.1041521088061248,0.11301689665698617,0.06569990089197225
2019-07-11,0.10282035677178836,0.10096508158929313,0.10594587209408424,0.10617081171264459,0.060455896927651145
2019-07-12,0.10775291042796653,0.10866550446836087,0.10910882345006179,0.10923964621795607,0.05132685827552032
2019-07-15,0.10435597283783377,0.10555751438048172,0.10778698426349498,0.11160034738182867,0.02662438057482656
2019-07-16,0.11138259923752147,0.10838722293825909,0.11085555289763388,0.11098655824940701,0.05996749256689793
2019-07-17,0.10928869855183448,0.10514016151979078,0.11137496813533909,0.11396114780680988,0.034503865213082255
2019-07-18,0.11226684740193876,0.10699564376069237,0.11052518418267471,0.11141158781119953,0.037297918731417246
2019-07-19,0.10998673713782287,0.10987179267815728,0.11510446618501202,0.11769099957565021,0.03052844400396432
2019-07-22,0.10631046367281899,0.10755228998203153,0.10981702091164308,0.11490534409858905,0.02148662041625372
2019-07-23,0.11245297095145634,0.10718118500819768,0.1089200950060421,0.11254468337381385,0.044539940535183356
2019-07-24,0.11501237407598769,0.11158816307821623,0.11378261672418433,0.113819481180989,0.02710802775024777
2019-07-25,0.10980044153048274,0.10936135999962687,0.11236620693567695,0.11759642970359191,0.03343191278493558
2019-07-26,0.10556596947474856,0.1038412653334807,0.10740948105256476,0.11296964515829316,0.060585926660059464
2019-07-29,0.10635704832826792,0.1020784878839483,0.10877850483018814,0.1097591371391331,0.029075916749256688
2019-07-30,0.10472826295132465,0.10128982758514876,0.10670125370329459,0.11027838635265913,0.01963448959365709
2019-07-31,0.10249469432820207,0.10231042705492305,0.10486017175670703,0.10820106705907845,0.04718176412289396
2019-08-01,0.0849047499723471,0.10013008838944104,0.0821999993479447,0.10517933468417257,0.08888483647175421
2019-08-02,0.07978598673774007,0.08013667730460472,0.08418276043142525,0.08789921144605434,0.057709415262636274
2019-08-05,0.0763890491476073,0.0747556260077964,0.07747919024382605,0.0820920084320193,0.09134430128840437
2019-08-06,0.08560278855833547,0.082363348279958,0.08097262352594442,0.08143103658007561,0.06423944499504461
2019-08-07,0.0867196158843524,0.08254889053599007,0.0826721171252805,0.08511366359598965,0.05180416253716552
2019-08-08,0.09039584633490066,0.0889041606301556,0.09140575565811193,0.09356490951087071,0.047078691774033704
2019-08-09,0.08392759058376575,0.08774442554344875,0.0870153395224188,0.09247896133011396,0.055042220019821606
2019-08-12,0.0821591802838425,0.07749248162051631,0.08229439499995678,0.08218633545444881,0.05865609514370665
2019-08-13,0.0924432914085056,0.09827458902011837,0.08304979866538525,0.0835083926049307,0.10968325074331021
2019-08-14,0.08150776936775872,0.08240971251635593,0.0827665362309204,0.08473592915360251,0.08747353815659069
2019-08-15,0.08462562916975414,0.08626005216668176,0.08682655750663221,0.09181803327887911,0.06174509415262637
2019-08-16,0.09230370949998129,0.08816191244699345,0.09230267757783345,0.09153471438538074,0.05337403369672944
2019-08-19,0.10333231482271477,0.09938793540692054,0.1042936623829478,0.1066430204977869,0.09290148662041627
2019-08-20,0.10150346921262926,0.10360562260592426,0.10654546426928713,0.10849554061440358,0.11578989098116947
2019-08-21,0.18342299445692073,0.17961270369202054,0.16648513134607684,0.17338938908846974,0.6335651139742319
2019-08-22,0.1989909582969046,0.19429055402049278,0.19145996374979063,0.19965136888465718,0.24754013875123887
2019-08-23,0.1857207406478455,0.19157947514491253,0.19084164468290787,0.19670173083255127,0.11884083250743312
2019-08-26,0.19172289175775714,0.1906445983243985,0.19331536986800946,0.19736787150216084,0.06482299306243806
2019-08-27,0.19139456241792174,0.1876528418482437,0.19564629184915938,0.19784353390927223,0.06064935579781963
2019-08-28,0.19936600133555588,0.19522537409130652,0.19678784782125047,0.19622578526104983,0.08159841427155601
2019-08-29,0.20654051143370472,0.20377979754416986,0.20834775048472287,0.21202116698677487,0.05869415262636274
2019-08-30,0.2023671199049673,0.20742583814445104,0.20787199684727342,0.21444750888922792,0.0604765113974232
2019-09-03,0.20081963184916757,0.1987779947233249,0.20397110475844626,0.2062167653314103,0.03959405351833499
2019-09-04,0.20386776521858435,0.20083492035384032,0.2077769534772156,0.20731121158730892,0.03914370664023786
2019-09-05,0.20940088670428986,0.20775308959168592,0.21448442224624575,0.21796817079738628,0.042009117938553026
2019-09-06,0.21554360905520548,0.21495174007635676,0.2172435015584876,0.21658840310726202,0.05992784935579783
2019-09-09,0.20663428294698144,0.2118198810091635,0.21115443502586528,0.21968092896646674,0.055663825569871164
2019-09-10,0.2107607026901694,0.20508859397655466,0.20791953849501443,0.20926172674609866,0.038913776015857285
2019-09-11,0.21141714629756198,0.20826720801876486,0.21291448805142177,0.21539897797295993,0.035036669970267595
2019-09-12,0.21127661807101378,0.20924898596127162,0.21605434279910052,0.21887219313405282,0.02680673934588702
2019-09-13,0.20682182597353488,0.20667793026263948,0.21262913757768198,0.2171593725448807,0.016065014866204163
2019-09-16,0.2019920768663161,0.20092840985519067,0.20535083057718506,0.20850059430981316,0.049907631318136775
2019-09-17,0.20349259313656615,0.19868463138004355,0.2047799524448617,0.20555085044967258,0.044885629335976215
2019-09-18,0.20203887659404313,0.19975968704502667,0.20397116043984875,0.207882014354678,0.023083448959365708
2019-09-19,0.2062591538794189,0.2046679049241391,0.2081098602639304,0.2146854339088743,0.02288999008919723
2019-09-20,0.20063217485152546,0.2037798030032022,0.20677789935791435,0.21354360680371753,0.042887611496531225
2019-09-23,0.21052627390697748,0.21247432704711622,0.20967972695369064,0.20930931992531843,0.05470921704658077
2019-09-24,0.2042897370283296,0.21149269963663342,0.20906135979533247,0.2225355202130581,0.061883052527254706
2019-09-25,0.20124190476010234,0.2018166117040655,0.20687318067884664,0.2076442976826277,0.03867433102081269
2019-09-26,0.19885030102698953,0.19840413258742606,0.1976442388357435,0.20683538421742964,0.05821843409316155
2019-09-27,0.1980531571352261,0.1956461730735573,0.20168778254261444,0.20231563486976967,0.026852725470763134
2019-09-30,0.20175760506866863,0.19835739453670598,0.20592162520264679,0.20574113451555665,0.03399484638255698
2019-10-01,0.19720917050127995,0.20186330607942604,0.2032577021971641,0.2088812261188292,0.03270089197224975
2019-10-02,0.19355160832447582,0.19167290374669876,0.1944570173249877,0.19732019796745448,0.06568721506442023
2019-10-03,0.200397703053878,0.1951319470157804,0.19626464456866816,0.1988901546866394,0.03199048562933597
2019-10-04,0.2120268331916832,0.20714541674104314,0.2064925005326954,0.20621689692935996,0.04156511397423192
2019-10-07,0.20663428294698144,0.20518212499260802,0.2093467444664573,0.21520879866947695,0.03584380574826561
2019-10-08,0.20930707217655747,0.21069798881607527,0.2088710140331692,0.2117356997394655,0.045107631318136776
2019-10-09,0.21793508374495124,0.21640081518964094,0.2207161718336741,0.2212032888716836,0.06876987115956393
2019-10-10,0.21891994272109067,0.21331578131994866,0.21862317154321587,0.21949068817052775,0.034121704658077304
2019-10-11,0.22482815025990316,0.22430070804910773,0.22870813286360603,0.2303854874519442,0.04864856293359762
2019-10-14,0.22163957469284928,0.2209818798598202,0.22747132270608428,0.2303855375563253,0.013654707631318135
2019-10-15,0.22510955082864453,0.2213091056851788,0.22932660815156503,0.2290058395249992,0.019201585728444003
2019-10-16,0.2265162525711622,0.22088832565636318,0.2285654300789267,0.23010004726400035,0.013010901883052529
2019-10-17,0.23139293044947512,0.22790000361147844,0.2340836191258424,0.23304973459225808,0.04131774033696729
2019-10-18,0.22942355661284147,0.22804032978725652,0.2343691686379331,0.23519074331040601,0.03793855302279485
2019-10-21,0.23350304758493517,0.22836745786904167,0.23598648530470534,0.23737915492605544,0.022062239841427158
2019-10-22,0.23120538742292157,0.23313546297428123,0.23750877458819952,0.24037645106874939,0.031934985133795835
2019-10-23,0.22262430462562194,0.2254693906646008,0.22637721902781938,0.23676076851339123,0.0580788899900892
2019-10-24,0.2174194264508406,0.2199068304516475,0.22304730173396814,0.23029050000415496,0.03718374628344896
2019-10-25,0.21165179015303198,0.21051114798543769,0.21595924788093512,0.2212034815013031,0.0660376610505451
2019-10-28,0.21493400818999536,0.2128014587770437,0.21829001197348918,0.21763505909386016,0.04682656095143707
2019-10-29,0.2075722561664825,0.20859463511227827,0.21310499230251345,0.21806348273039977,0.023936570862239843
2019-10-30,0.20654051143370472,0.204808153639346,0.20972731812145062,0.21216388952836418,0.03286580773042616
2019-10-31,0.20175760506866863,0.2008816191938394,0.20349552274053317,0.21040361001792007,0.07884558969276512
2019-11-01,0.2060247250962271,0.20293841267474444,0.21072633140032893,0.21235422202397602,0.025511199207135776
2019-11-04,0.21047943116479467,0.2066312834127132,0.21443690096787782,0.21444760861713197,0.026963726461843408
2019-11-05,0.21652838200243357,0.21252104513131687,0.21738626472668998,0.21668363128249035,0.028498711595639246
2019-11-06,0.2186384131089823,0.21336234469644033,0.2198122577982684,0.22106051535135585,0.027578989098116947
2019-11-07,0.21901367121991183,0.21925235518496677,0.22456952652986784,0.22929135443995385,0.03170029732408325
2019-11-08,0.21695043984109003,0.2151387948804082,0.22019296061088822,0.2242482320260495,0.020776214073339943
2019-11-11,0.21835722761251902,0.2145779077491099,0.2218104625584213,0.22458132794723296,0.025173439048562934
2019-11-12,0.20851001431370536,0.21186670000198282,0.21300980710645112,0.22263072656740168,0.062388899900891984
2019-11-13,0.20958838671638774,0.20695836564729087,0.2087757925066529,0.21506595342186274,0.03423111992071358
2019-11-14,0.2214519886518404,0.21640085623669414,0.2208589205885364,0.22496184749445647,0.07093280475718533
2019-11-15,0.23129924496510962,0.22775989258029128,0.22927907757717136,0.23133710990176626,0.060972844400396436
2019-11-18,0.22543783715402427,0.23047113415380727,0.23180037588757318,0.23980568686289094,0.08567373637264619
2019-11-19,0.22331520281197542,0.21877936707180135,0.22294469456076027,0.226649577594634,0.0932773042616452
2019-11-20,0.29680535724397966,0.2944847320260692,0.2660604060300429,0.2836486513796518,0.4895191278493558
2019-11-21,0.3025600031761874,0.2981053979141498,0.3012324802304035,0.30403622118487006,0.14761704658077304
2019-11-22,0.29958843553779485,0.2980114733666249,0.3039602533370901,0.31059291781072407,0.09580812685827553
2019-11-25,0.2909564666394831,0.2958485044200695,0.2982179179636464,0.307290764029193,0.10894112983151637
2019-11-26,0.29897522145831185,0.29749420584855213,0.2978350213473786,0.29771905253335385,0.09651060455896929
2019-11-27,0.2943054000971311,0.29424966873889813,0.30147183553858437,0.306764214380157,0.03068701684836472
2019-11-29,0.2901073612853167,0.29250989339195965,0.2975957504313671,0.3012605622523149,0.018470564915758176
2019-12-02,0.28524883550728036,0.28978254310924456,0.29261898048500845,0.29982473482420635,0.042801982160555016
2019-12-03,0.28553178459642453,0.28216494301978035,0.2850581028815672,0.2849886312363059,0.04348067393458871
2019-12-04,0.28779597951195673,0.28663209500604947,0.2944852722041261,0.29652255961177865,0.038691774033696724
2019-12-05,0.28855058210710055,0.285691540735605,0.2913746753595634,0.2967616985654947,0.01774271555996036
2019-12-06,0.2902016489720611,0.29072303368815344,0.2971650526219872,0.29728828307012456,0.04456055500495541
2019-12-09,0.29689968794517946,0.29439071117333426,0.29735643604084205,0.2963789673739037,0.03192864222001983
2019-12-10,0.2936922290321036,0.2915224401022072,0.29936633846172955,0.3016912737642581,0.0329609514370664
2019-12-11,0.293833789605587,0.2883249629420285,0.2965430361990754,0.2983891015916462,0.020947472745292368
2019-12-12,0.3019467890967044,0.29758816645185515,0.29845699727872355,0.2996332859890859,0.034603766105054515
2019-12-13,0.30053174254979415,0.2955662379134225,0.30343375764418623,0.3047062666610587,0.02338632309217047
2019-12-16,0.2945883922007308,0.29824651865677787,0.3024288716523734,0.30982712445823335,0.04745926660059466
2019-12-17,0.3060034824073135,0.3025255622316576,0.30262031206850215,0.30350986166080485,0.06536531219028742
2019-12-18,0.3045883928459476,0.3033249403777064,0.31099464195557924,0.3132729231403645,0.03877106045589693
2019-12-19,0.30751281664096813,0.3028546239445077,0.30917616396428005,0.3094920861350321,0.02850346878097126
2019-12-20,0.30963549399747253,0.30877950399149,0.31458362772134063,0.3177716019786059,0.07500019821605551
2019-12-23,0.30581473497600237,0.3054878714011803,0.3122387582341224,0.3178673041710258,0.04054073339940535
2019-12-24,0.3068052718602851,0.30247840943894544,0.3119515938635269,0.31513929253155926,0.0023500495540138763
2019-12-26,0.3084091948818734,0.304829684530755,0.3118560792218591,0.3162402619047239,0.011142913776015857
2019-12-27,0.30991848610107237,0.30403014893997116,0.3132914832754803,0.3156179087772292,0.011709018830525272
2019-12-30,0.3084091948818734,0.3074159100590047,0.31415305122267656,0.3156180813264928,0.01667076313181368
2019-12-31,0.30520164993988624,0.3028077248341591,0.30917626152461475,0.31274650945836224,0.040667591674925674
2020-01-02,0.29510718955010257,0.30247839876464333,0.29907908793349236,0.31437360544971815,0.05795203171456889
2020-01-03,0.2889279909408116,0.2866320101803256,0.2927146039051781,0.29484744279225883,0.055869970267591676
2020-01-06,0.28336204942545923,0.28249415721370796,0.28931709983870024,0.29154528469224295,0.043317343904856295
2020-01-07,0.28439977316756976,0.28145965425322783,0.2882643097028883,0.2869030167052309,0.034036075322101095
2020-01-08,0.2825129870857485,0.2853154623756853,0.2898913068853405,0.2919281508429633,0.06717779980178396
2020-01-09,0.28298476963511515,0.28371682584065006,0.2866374162497751,0.28929602842301205,0.0614390485629336
2020-01-10,0.28878664543960636,0.2874315339071112,0.29328901475529123,0.2950868718030968,0.05047056491575819
2020-01-13,0.28472995212899727,0.2826351978403825,0.28792933175012725,0.29451245210321997,0.03389653121902875
2020-01-14,0.2912865595719993,0.2872434088629553,0.2903698952358902,0.28977453501812467,0.028490782953419228
2020-01-15,0.25232440977660947,0.2578075560689206,0.252661456694683,0.2605330857706739,0.40036788899900894
2020-01-16,0.24911695086353353,0.24802704401140974,0.25395358939836576,0.25885813058518015,0.12473974231912786
2020-01-17,0.25194704395735407,0.2502370091499222,0.2555805065131669,0.25574726176659124,0.09210862239841427
2020-01-21,0.2383622615942616,0.2449235802185199,0.2443350481435409,0.25656092552712806,0.10612963330029733
2020-01-22,0.23770186065695081,0.23749406368453052,0.24409573733118617,0.24450059883615094,0.05669613478691775
2020-01-23,0.24539056555771893,0.23979820770879923,0.24088965440080434,0.24158131905076186,0.04989177403369674
2020-01-24,0.23968310648333885,0.24182021353769845,0.24347379145886372,0.25340236950601214,0.04509335976214074
2020-01-27,0.2465696348010346,0.24280744333716664,0.23835327010624396,0.2388053634465639,0.08378989098116948
2020-01-28,0.24496614192400262,0.24398325025952616,0.2520395557444448,0.2541202789520376,0.03758017839444995
2020-01-29,0.23944712917974426,0.24219628193636356,0.2463927260184443,0.2523493640617245,0.059550445986124884
2020-01-30,0.2413340012904766,0.23575433464330509,0.23988476397109104,0.2427299301569552,0.047115163528245796
2020-01-31,0.22279627641923677,0.23142824192297762,0.22782568733863362,0.24100699029374406,0.08668701684836472
2020-02-03,0.2311452532139488,0.22964135809917696,0.2308403682767073,0.23014308972648856,0.05852606541129832
2020-02-04,0.23463583327399123,0.23617745589181582,0.2413681070153818,0.24210768982368702,0.03378870168483647
2020-02-05,0.24539056555771893,0.2413499428873782,0.24447864773201755,0.24387853076372124,0.0339583746283449
2020-02-06,0.24355088030481414,0.24360690493842785,0.2488332355499958,0.2533543666019612,0.04011258671952428
2020-02-07,0.24576780233360734,0.24017426423348043,0.24739756941503388,0.24871205718968026,0.023399008919722495
2020-02-10,0.2522301220898651,0.24765082041752806,0.2528529097549349,0.2514879180633388,0.037531020812685834
2020-02-11,0.2508620903429601,0.24718049793282382,0.25055586515072215,0.25852297345005637,0.02489435084241824
2020-02-12,0.25756017233053424,0.25475105418557364,0.2570160547662578,0.2565608159517718,0.035989692765113976
2020-02-13,0.25836217685578405,0.25357563427506136,0.2615622283933313,0.26220818371823906,0.018389692765113975
2020-02-14,0.2505792702971828,0.25338762556965666,0.2562027722200789,0.26440977994173087,0.02844638255698712
2020-02-18,0.2594026965375105,0.25376757138738903,0.2596106083260066,0.2611341516565977,0.025804558969276515
2020-02-19,0.2573153340490795,0.2549969981202721,0.2629793429338836,0.26469576454059396,0.02174826560951437
2020-02-20,0.2614424850380131,0.25575367855395803,0.26066932847088753,0.26123038472911386,0.01845946481665015
2020-02-21,0.2555126412280179,0.25854365798309276,0.2617761420826872,0.26536952802013913,0.03744380574826561
2020-02-24,0.24019033294414577,0.24487715568348833,0.24406612219434642,0.24924597914548752,0.060411496531219036
2020-02-25,0.23041792178367532,0.24090465291707608,0.23689519461756847,0.24784999393365936,0.057097324083250744
2020-02-26,0.22538970397817265,0.22936618025958777,0.2304465893527904,0.23817594070428394,0.044766699702675924
2020-02-27,0.20148080704667976,0.21361860200348182,0.2075868143942008,0.21988616859243304,0.08274648166501487
2020-02-28,0.18905208119314015,0.18912262966254612,0.1844865738185703,0.19018964671991184,0.12176650148662042
2020-03-02,0.21779945916634508,0.21390235791267376,0.19512226471395933,0.19582086051399017,0.1299647175421209
2020-03-03,0.20252442376921181,0.22695428428960074,0.19998297475099602,0.2373094716293993,0.1495690782953419
2020-03-04,0.21191727537318966,0.20742378901270764,0.20339998992349528,0.21324427498525722,0.08467155599603568
2020-03-05,0.2031411650340566,0.2091734370818198,0.20619120260567947,0.20669842787825377,0.060252923686818644
2020-03-06,0.20304623213047784,0.1996681761833421,0.19415977149445468,0.1995750821001785,0.061456491575817646
2020-03-09,0.19393822225169194,0.20557946483242395,0.1797703155390904,0.17839769042580972,0.09278731417244797
2020-03-10,0.2143364513723624,0.21461162114133925,0.204025474981414,0.20958616451867718,0.09460138751238852
2020-03-11,0.20129107028288912,0.2069981042184057,0.19738419837698284,0.2085755040864833,0.07305926660059466
2020-03-12,0.13981145516677496,0.17649635614930492,0.1443980356938812,0.1758948973013742,0.13817403369672943
2020-03-13,0.1796593586325292,0.19356789157394005,0.144975498081096,0.16342906384490963,0.1232428146679881
2020-03-16,0.14536161037691053,0.16897722999417658,0.13838225151084627,0.14388794462346172,0.08671555996035679
2020-03-17,0.19204068255596285,0.1999519765089368,0.15715125836298754,0.15606507934127467,0.1441617443012884
2020-03-18,0.1881982442488544,0.20874788273266554,0.1657657722050523,0.1744510017272367,0.1165589692765114
2020-03-19,0.1771926516598838,0.20293131221158767,0.1800109735551274,0.19264440077992706,0.09385926660059465
2020-03-20,0.16248686956857816,0.18098893051146125,0.16350389925161718,0.17618374336564535,0.10405550049554015
2020-03-23,0.15911870864926292,0.16547783511181874,0.15113556084088553,0.16294775866517552,0.08894509415262637
2020-03-24,0.1774771492694307,0.1770637574744099,0.16167502002828227,0.18022657244204815,0.07934033696729435
2020-03-25,0.13231622928743741,0.16609264499297738,0.13530225931465611,0.17531734617493078,0.17550842418235876
2020-03-26,0.15617755223100177,0.1525678023622979,0.13862293077092708,0.13811236033740631,0.08751318136769079
2020-03-27,0.14986823489342538,0.1589991439403851,0.14690048838079311,0.1530327930079428,0.0540352824578791
2020-03-30,0.15589301160699925,0.1587155095341823,0.15926888820293666,0.1611670053930832,0.047419623389494556
2020-03-31,0.14147177013969614,0.15403377264544427,0.14319488670828723,0.15683516901336547,0.07759286422200198
2020-04-01,0.15238242982508798,0.15100717091036314,0.1390078813880819,0.1393155625199693,0.1123615460852329
2020-04-02,0.14806571413018632,0.14878468085622537,0.14300243859108924,0.15197402684618416,0.07031119920713579
2020-04-03,0.13957414441505583,0.14150191576368154,0.13361777292664728,0.14841221248903502,0.08436233894945491
2020-04-06,0.16300850587202165,0.1589517591308835,0.14305034570230518,0.14692013952810018,0.08900059464816651
2020-04-07,0.16656648958403886,0.1771111255305296,0.16663201510317927,0.173536488830765,0.08093716551040635
2020-04-08,0.19678448878082994,0.19616883039924538,0.18092531093415065,0.18123737050147243,0.09590009910802776
2020-04-09,0.19474457123696048,0.19210183898545025,0.18814406912372927,0.1891788488031233,0.08838850346878098
2020-04-13,0.1970215844602709,0.19465545442484844,0.1949297649030589,0.19976753832978444,0.027596432111000994
2020-04-14,0.21457376212408136,0.2161250673236802,0.20922314990100943,0.2204156937443531,0.05608880079286423
2020-04-15,0.20442196346494096,0.21182163152550992,0.20619118994191532,0.22171517746502512,0.04329672943508425
2020-04-16,0.21893792276354457,0.2160303009469665,0.21292867566043305,0.21324407744228047,0.07064578790882062
2020-04-17,0.2384824869977517,0.23579748179179083,0.22149513875430038,0.23201513762908998,0.09708305252725472
2020-04-20,0.21742002865321947,0.22837301735926474,0.22289078981843513,0.2397160324324703,0.06080317145688802
2020-04-21,0.2075528566469927,0.20832217485133997,0.20936746117870308,0.21930861176792538,0.0479603567888999
2020-04-22,0.20726835903744584,0.2095991358219268,0.2118219959398111,0.2189718584598639,0.023142120911793854
2020-04-23,0.19313170120860085,0.19527024052854225,0.18333151703520606,0.18292186127368648,0.23806223984142716
2020-04-24,0.21191727537318966,0.20922078197487481,0.19950182903110186,0.20121162127232994,0.0728388503468781
2020-04-27,0.22168934241801513,0.22222527068827547,0.2218800763678973,0.22133006097843222,0.04512190287413281
2020-04-28,0.23174625118803255,0.23489892335365425,0.22958019440158317,0.23495106369794005,0.05406541129831517
2020-04-29,0.23222070063364814,0.23565565202186511,0.22958027050193497,0.24452912192334408,0.05446342913776016
2020-04-30,0.22102528525197568,0.22222534375913594,0.2237089077630091,0.2328814866709047,0.05192309217046581
2020-05-01,0.21386213097011347,0.21409152164627376,0.2102818296306942,0.2221483073730548,0.049083052527254714
2020-05-04,0.23037060588248065,0.22615041300304373,0.21764509579976965,0.21723906088951972,0.04888959365708623
2020-05-05,0.23060774457637728,0.23253443837327537,0.23131271409703957,0.23586551614544915,0.04290822596630328
2020-05-06,0.2392415200818256,0.24312739500745117,0.24137099748809243,0.24159312539217204,0.05421129831516354
2020-05-07,0.23819786034483786,0.24156681138462055,0.2439697659162563,0.25059354466472195,0.034800396432111
2020-05-08,0.24991499805886525,0.24884935454238455,0.24887853302939666,0.25035281404148735,0.04395163528245788
2020-05-11,0.27055058094571033,0.2673396233743942,0.2575892966501053,0.26050842056532475,0.07137522299306244
2020-05-12,0.26680290348435803,0.27779055483891446,0.27424067279490594,0.28062694442162306,0.05394331020812686
2020-05-13,0.2656171239859639,0.26681953844532746,0.2682251484584156,0.2731668610184912,0.050468979187314175
2020-05-14,0.2694120313195994,0.26776520155281425,0.2633162056759383,0.2658990146715051,0.06565550049554014
2020-05-15,0.2741558805589221,0.2763719571556945,0.2762139075846407,0.27749851716162766,0.10876511397423193
2020-05-18,0.294364458944713,0.29008595667486414,0.29050717581816954,0.2915045431684613,0.07652249752229931
2020-05-19,0.2878310362932965,0.29522908863574093,0.2936383454689152,0.30359988096896373,0.1017990089197225
2020-05-20,0.27094898083376956,0.290189843988222,0.2768019180407518,0.2986645300673122,0.180801585728444
2020-05-21,0.26641848329437917,0.26860655705735825,0.26881909196276466,0.27708450681586005,0.09713379583746284
2020-05-22,0.2607434571195452,0.26380501161981007,0.26659361607150334,0.27321370365959574,0.0540368681863231
2020-05-26,0.2494410217722614,0.26665735348607145,0.2551273316650061,0.2730684870003588,0.09164558969276512
2020-05-27,0.26036187588363796,0.2547247160520414,0.25232125467989397,0.25773017156245404,0.10727611496531218
2020-05-28,0.26522629464209585,0.2679885585403665,0.2679482867544173,0.2690041556904902,0.07361110009910803
2020-05-29,0.2838251000403325,0.2800637010423619,0.2713348722478496,0.2727781518880874,0.11434212091179387
2020-06-01,0.27028135346791254,0.2703655605436459,0.27452804486329285,0.2810521693000626,0.07175262636273538
2020-06-02,0.2672292197541221,0.27055571292680347,0.2714800659534835,0.2772297202238272,0.05786957383548068
2020-06-03,0.28096377845172354,0.2777818272585699,0.27201223434745725,0.27471362279744527,0.06851298315163529
2020-06-04,0.27252270770750436,0.27987355167718364,0.2780597910243642,0.28797126593786304,0.039142120911793865
2020-06-05,0.28000993289809456,0.278780132570177,0.2786887117892225,0.2856971561058723,0.048897522299306245
2020-06-08,0.284015912165514,0.27854246503574387,0.2830430230682417,0.2827940345838288,0.03303389494549058
2020-06-09,0.27614710573901674,0.27982602852992666,0.2816399375424101,0.291164728902257,0.022648959365708623
2020-06-10,0.2727135198326858,0.277211361084459,0.2791725752751013,0.28250374925549604,0.03422794846382557
2020-06-11,0.26322319747224704,0.27131624410184585,0.2694963138388563,0.2719555325567449,0.055657482656095145
2020-06-12,0.25792975253332023,0.2656590315483546,0.2551273497589336,0.27684258231029035,0.054837661050545106
2020-06-15,0.2638909968959264,0.2606198441809787,0.2571594286450698,0.2569077367012096,0.04913538156590684
2020-06-16,0.2689459266783763,0.2731703230636584,0.26678702424172274,0.2810036785670259,0.05776491575817641
2020-06-17,0.26446321819919255,0.2643279480391645,0.2694964370004824,0.2763103747928607,0.03668424182358772
2020-06-18,0.25983740062612287,0.2585756110693064,0.2650938467721893,0.27035894796173854,0.028002378592666004
2020-06-19,0.2753841583394802,0.28077692125529186,0.27651170502372546,0.2798425645039654,0.17626957383548067
2020-06-22,0.28430213035328616,0.2816326809938946,0.2758827666948447,0.281294183542507,0.05036273538156591
2020-06-23,0.2798669528475753,0.28790793230207457,0.28633294182770774,0.29353569599860796,0.044587512388503475
2020-06-24,0.2713780930431496,0.27630795454101253,0.273608667034955,0.2845358069615369,0.0425990089197225
2020-06-25,0.27180729128144093,0.26660975508483886,0.2719637548083489,0.2759231752521957,0.02004836471754212
2020-06-26,0.2585018878076752,0.2699375418662875,0.26451308577958577,0.2788746524703447,0.08207096134786918
2020-06-29,0.26589379296458576,0.2634245488122018,0.2646098610633826,0.2667298712081827,0.027967492566897918
2020-06-30,0.27237968464252965,0.2689393595624455,0.27186708011720895,0.2734556036540714,0.03391397423191278
2020-07-01,0.26775378104054853,0.26855900612418726,0.27457639714806215,0.2784393361589127,0.02126778989098117
2020-07-02,0.2685166854256292,0.2696522658592875,0.2748665232612493,0.2787778872494243,0.011431516352824581
2020-07-06,0.26908912180117356,0.26803610335892414,0.27046409437043106,0.27892322889497123,0.03601506442021804
2020-07-07,0.26346175564317936,0.2647082899211439,0.2696415842934632,0.2706492709231366,0.038265213082259664
2020-07-08,0.26174496269001396,0.25971658037466816,0.2644165347758276,0.26992350854706326,0.021405748265609512
2020-07-09,0.26269872221473173,0.26356727656961054,0.2663516788428886,0.2665848332307317,0.021657879088206145
2020-07-10,0.2672768367565062,0.26199840987932677,0.26601294934939734,0.26832665343739204,0.00853597621407334
2020-07-13,0.2666569124219447,0.2752146132663744,0.27239921463190875,0.275874831708508,0.03131020812685828
2020-07-14,0.2730951010685931,0.26765582037675895,0.2677548016345441,0.2727782749949116,0.017173439048562934
2020-07-15,0.28067756026395135,0.27977845120268985,0.2802852593054712,0.28521324786175684,0.03232824578790883
2020-07-16,0.2820128580101208,0.28106202100522615,0.28575225528954007,0.28497134123962753,0.025604757185332016
2020-07-17,0.28067756026395135,0.2821079122643876,0.28725204301763785,0.29164855084056707,0.01935064420218038
2020-07-20,0.27185508034164746,0.27573759677864884,0.27559239101146993,0.28632619316502217,0.03695857284440039
2020-07-21,0.2736672793574037,0.2715540467177666,0.2803336851007687,0.28056829992463095,0.026960555004955405
2020-07-22,0.28768792719941033,0.28196531253139046,0.28023688337382147,0.2803263368233052,0.03776253716551041
2020-07-23,0.28392059213183457,0.2839621286506746,0.28962287077731685,0.2955679311512387,0.028103865213082262
2020-07-24,0.29040626873750014,0.2931373054145171,0.2902033244395271,0.291164762615843,0.03706957383548068
2020-07-27,0.2855418929934979,0.28819304635177967,0.2906870898899534,0.29943863711401686,0.014718731417244797
2020-07-28,0.2884033436254739,0.28805052432707656,0.29049365571799846,0.2915034834052873,0.01334866204162537
2020-07-29,0.2902632456725253,0.2881456421683498,0.29426735559069295,0.2956646717924033,0.009523885034687807
2020-07-30,0.2945552280554388,0.2926143253703257,0.2890421656813327,0.2901486335511271,0.03347631318136769
2020-07-31,0.3007548155166992,0.2950388707240631,0.29857313692353404,0.299583808213292,0.028097522299306243
2020-08-03,0.31010189973988517,0.3060206489933919,0.31047472487971683,0.3103253934375225,0.02892368681863231
2020-08-04,0.3225489067370682,0.31804838445449357,0.31690941892037106,0.317244609045904,0.038522101090188304
2020-08-05,0.3173984418486607,0.3235629985806613,0.3221345370555835,0.33088936970167837,0.03478453914767096
2020-08-06,0.31568169190995093,0.31405502500352145,0.3195704431536429,0.32484123440522505,0.0076860257680872145
2020-08-07,0.32874853721278424,0.3233253430151488,0.32377944802227354,0.3235831472604008,0.01281110009910803
2020-08-10,0.33442360640207375,0.3339268096457485,0.33466510263131743,0.3372763167983811,0.02390802775024777
2020-08-11,0.3286055141478094,0.3362087450749751,0.3351489627978015,0.34521158912239214,0.038385728444003966
2020-08-12,0.3423400298309552,0.3386807932223346,0.3420189378951676,0.35198548862705614,0.05337086223984143
2020-08-13,0.3433415784158797,0.33787272913702093,0.34608300394551716,0.3465664294772728,0.013155203171456891
2020-08-14,0.35154409098916634,0.34766593007500757,0.35387221088971266,0.3559047529227878,0.026730624380574827
2020-08-17,0.35969890053115766,0.35570012567994147,0.36441903441613976,0.3658720731181301,0.04974588701684837
2020-08-18,0.3565359615796602,0.35551977248061073,0.35443208965456174,0.36445590780391013,0.06757740336967295
2020-08-19,0.4395423760888492,0.4353999529126392,0.4121437209627984,0.4203258723517129,0.6139401387512389
2020-08-20,0.43005321511871236,0.44213628280759076,0.43732881018696357,0.4515916255631254,0.16730703666997027
2020-08-21,0.4367147778334553,0.43979523554340716,0.4393222049834089,0.43894917219648877,0.08826481665014867
2020-08-24,0.4348457137073543,0.4350654755915908,0.44175320889560965,0.44950077264860355,0.04535341922695739
2020-08-25,0.43297647752343077,0.4334409767274594,0.4404402950026409,0.44779871197610976,0.023614667988107036
2020-08-26,0.4323057101023127,0.4300491587406804,0.4391277242786237,0.4409914474818809,0.024838850346878095
2020-08-27,0.42080368768089876,0.42613161883068884,0.4273618103885317,0.44055390745286327,0.036121308225966306
2020-08-28,0.4233915663750581,0.42097176132365954,0.4270213876625114,0.4291269110401382,0.021255104063429137
2020-08-31,0.4251167901615273,0.42211830774283365,0.43052193156557317,0.4331626964983726,0.024267988107036672
2020-09-01,0.42195385121003,0.4214495977793813,0.4295496180370232,0.43058572707102993,0.03343191278493558
2020-09-02,0.4185511496828426,0.41714980069485463,0.4212842881539186,0.4300508691921483,0.041752229930624385
2020-09-03,0.40029164231062747,0.4128977802908965,0.40664973349563305,0.42504248712798676,0.04186481665014867
2020-09-04,0.4060425889996509,0.4060658958152148,0.3982870658236819,0.4115247214366393,0.05148701684836472
2020-09-08,0.3905630198659898,0.3976576526251968,0.3967801080581528,0.41147629820001863,0.03184142715559961
2020-09-09,0.4075763124296486,0.4063048697174456,0.4034894258935321,0.40214016807210196,0.02829098116947473
2020-09-10,0.40033934534192267,0.4050624456190678,0.40616330833760284,0.41594946121670007,0.02113617443012884
2020-09-11,0.40805562250875066,0.40324735926654875,0.4103935288670708,0.41235152183224577,0.01365629335976214
2020-09-14,0.41184166886452617,0.41485662453325844,0.418464346820018,0.42056905103809084,0.019214271555996035
2020-09-15,0.41486081049084716,0.41222880321825006,0.4161304493861686,0.41842937577851635,0.011274529236868187
2020-09-16,0.40968509611698417,0.41170348711512594,0.4188047672481837,0.4244104293480979,0.009154410307234889
2020-09-17,0.40786377803663404,0.4071169659633814,0.41219233438506686,0.41492845573012227,0.014208126858275518
2020-09-18,0.4136627718725981,0.4107001244461521,0.4156443129059756,0.4165331007560872,0.03361110009910803
2020-09-21,0.4186471579478121,0.41294576613902234,0.411706321081847,0.42124991939188283,0.029570664023785925
2020-09-22,0.4388714366099086,0.4342055819754167,0.4334878123220782,0.4332114406874771,0.045023587710604565
2020-09-23,0.42415851411896816,0.43783661949248454,0.43076525980674185,0.4464862279769777,0.020711199207135777
2020-09-24,0.42890300857512537,0.4300013551988502,0.4294524532639692,0.4354968328935146,0.027399801783944498
2020-09-25,0.44016531143530496,0.43764527942582154,0.4374745450069524,0.43666371325383746,0.019791476709613478
2020-09-28,0.45027783789645387,0.4498282926500342,0.4515745636616064,0.451689089327435,0.033814073339940534
2020-09-29,0.45257790686798266,0.45326772209951427,0.4575058625095816,0.46044125741776465,0.0204400396432111
2020-09-30,0.4548782339262453,0.4567074836018369,0.46056887093742715,0.4638449207887677,0.020785728444003965
2020-10-01,0.46053343043703315,0.465020388463774,0.4683480527558097,0.4685129277791995,0.03759444995044599
2020-10-02,0.4629297657602654,0.46072072445342704,0.4589158823924525,0.4615110150208116,0.00766699702675917
2020-10-05,0.47438408515038405,0.47180474777878556,0.4775374728745986,0.4761959493156641,0.01226402378592666
2020-10-06,0.4596229864691363,0.4702280194376294,0.4659658045605456,0.48339227017166886,0.022793260654112985
2020-10-07,0.4705018584718164,0.46846026907891436,0.4756896699415597,0.47653605685811007,0.02270445986124876
2020-10-08,0.4761572270404268,0.47663002736598525,0.48434414623482847,0.4888869745211757,0.011004955401387514
2020-10-09,0.4850235386930191,0.483748616596954,0.4877963085803939,0.48694206072434965,0.017244796828543112
2020-10-12,0.48914501177380937,0.48699727539617743,0.49518636678522465,0.4971532159301879,0.01492329038652131
2020-10-13,0.49427293708746595,0.4926824370945163,0.4977631784295986,0.4984660769042394,0.008245787908820617
2020-10-14,0.48626958144375315,0.4901983187227079,0.490227312473727,0.5053222700159589,0.012519326065411302
2020-10-15,0.4934103251942313,0.48685393094938356,0.48303139619097646,0.48519144245708057,0.005768880079286422
2020-10-16,0.4908220593699712,0.49540539890221125,0.4987839645768577,0.5049815260944405,0.05633617443012885
2020-10-19,0.48665266818560754,0.49402002502874376,0.4961586052625372,0.5064403628822469,0.0131187314172448
2020-10-20,0.49058255488101493,0.4962177066010305,0.4961586668270447,0.500313646275137,0.0190810703666997
2020-10-21,0.4830104621694638,0.49038921658853485,0.49192878999951994,0.5042037451503154,0.024393260654112982
2020-10-22,0.4653259290256751,0.4769164281675752,0.47437683864000024,0.49117210618047114,0.03412804757185332
2020-10-23,0.4683452857242743,0.4626317301295919,0.47180011867445804,0.4781407317412102,0.005099702675916751
2020-10-26,0.45751450388299025,0.4578544887537146,0.45959686303634995,0.4706041505227011,0.012930029732408328
2020-10-27,0.4530093418579669,0.455417792968802,0.4614441799058647,0.46685990225767693,0.014444400396432109
2020-10-28,0.44428695657391765,0.44772593483925494,0.44894889299420493,0.45149438684692644,0.018402378592666007
2020-10-29,0.43968604437065845,0.4420883550458795,0.44535093872942666,0.4530989514036612,0.010505450941526263
2020-10-30,0.429957292882654,0.4327722517841801,0.43285574745357935,0.44376304170196357,0.03486858275520317
2020-11-02,0.44035706987851025,0.43745422775859677,0.442579726471627,0.4470695198054736,0.018697324083250744
2020-11-03,0.451571368606205,0.4546054173862504,0.45536650256429334,0.45835034590878343,0.016653320118929633
2020-11-04,0.4510443554958076,0.45833204840605113,0.45449154988295215,0.4627267221903615,0.026345292368681866
2020-11-05,0.46067727077666504,0.4601473658734718,0.46076337717385885,0.4749801136707982,0.025684043607532212
2020-11-06,0.47443183119613513,0.46984579252418146,0.47043879909591957,0.4696800086166214,0.031758969276511395
2020-11-09,0.44284924140888954,0.47586560415895807,0.45206061133501363,0.4915612806620536,0.05704816650148663
2020-11-10,0.4579935128609029,0.456277623697937,0.46086067751024395,0.4618513843317127,0.033025966303270565
2020-11-11,0.4657576221023931,0.47304703635865974,0.4715086775457765,0.47357025041938927,0.029198017839444996
2020-11-12,0.46499050230066047,0.46549823699956505,0.4709735549563062,0.4746396996251535,0.0192396432111001
2020-11-13,0.48104547580730456,0.4772509160446917,0.480503076127201,0.481058228616127,0.02014826560951437
2020-11-16,0.4920682741785278,0.48938593401431285,0.4938735823274625,0.5005568367917437,0.056141129831516354
2020-11-17,0.4850422069667632,0.48652350194747696,0.48329139148493916,0.498990719157393,0.07618949454905848
2020-11-18,0.5033771186797007,0.5220711110937808,0.5030148991988722,0.5084628266037804,0.18389851337958374
2020-11-19,0.5251290127190951,0.5284037747260536,0.519370031901039,0.5219878350696041,0.08467314172447969
2020-11-20,0.52965267096004,0.5330571934740844,0.5367014755469647,0.5391257440666815,0.08178711595639247
2020-11-23,0.5549172975041272,0.5551725254440718,0.5471490172529487,0.5490372891417126,0.0675599603567889
2020-11-24,0.5563611207218548,0.5591063618704539,0.5642852627497107,0.5759404234737493,0.0506354806739346
2020-11-25,0.5657932445238243,0.5621765406232271,0.5655057086904439,0.5660287054092553,0.03624182358771061
2020-11-27,0.5655526216590216,0.5651988542286875,0.5733169942185458,0.5810670879985071,0.013902081268582753
2020-11-30,0.5643976835253153,0.560209769765309,0.560086656305482,0.5685677268455501,0.10330703666997028
2020-12-01,0.5620878932868136,0.5654868342835002,0.5642853524727284,0.5761846588060847,0.056130029732408326
2020-12-02,0.5493830576425751,0.551286653967338,0.556327251382592,0.5674445649569374,0.025595242814667987
2020-12-03,0.5422125478888,0.5429392585169086,0.5480764161164217,0.5598764250758975,0.04312229930624381
2020-12-04,0.5427421418665355,0.5366550790975831,0.5453914961028143,0.5496720785253837,0.02284241823587711
2020-12-07,0.532539887250939,0.5356474765881606,0.5365060136724064,0.5491348460893026,0.030693359762140732
2020-12-08,0.5316256580109466,0.5300348022727815,0.5381172333129244,0.5404927757799827,0.018822596630327055
2020-12-09,0.5381222172738871,0.535503576648005,0.5413881013813925,0.5446428890825699,0.021543706640237862
2020-12-10,0.5300853963836931,0.5322412965101524,0.5397280425085494,0.5458144892228641,0.01821209117938553
2020-12-11,0.5267651105534956,0.52509349462787,0.5348461277451317,0.5356100659269225,0.01873221010901883
2020-12-14,0.5233002961523763,0.5261010218984661,0.5304522832895939,0.5427387423183831,0.03997938553022795
2020-12-15,0.5253214593935904,0.5252374690510819,0.5327956529943293,0.5314599011105099,0.031598810703667005
2020-12-16,0.5266690162596148,0.5262450398442322,0.5330887519744593,0.5381003332514381,0.011076313181367693
2020-12-17,0.5245033244474788,0.5228387847325374,0.531038054346298,0.538051372575408,0.0317161546085233
2020-12-18,0.5205573503456653,0.5223591993418963,0.5245939244325374,0.5340477899742249,0.08278453914767096
2020-12-21,0.5270059054761209,0.5265808755693906,0.5244475202511517,0.5264798931191114,0.04094667988107037
2020-12-22,0.5298449455767129,0.5268204636784813,0.5367500819274221,0.5400043103446299,0.02549851337958375
2020-12-23,0.5421645437563152,0.5422677366028348,0.5388493901914859,0.5381001570044224,0.05165986124876115
2020-12-24,0.5435117565066947,0.5431309762897798,0.5524213178144336,0.557483788796627,0.00707234886025768
2020-12-28,0.5492867912908719,0.5476887006385395,0.5534956394546882,0.56300139516584,0.015013676907829534
2020-12-29,0.5427902320279314,0.5491759572900801,0.5513964966274993,0.5630015107653897,0.013708622398414274
2020-12-30,0.5372081600917171,0.5409727634849455,0.543390069462939,0.556117224172697,0.006977205153617445
2020-12-31,0.5499605697238841,0.5438988700146329,0.5496388881396286,0.5498184851643153,0.017064023785926658
2021-01-04,0.5552542727495444,0.5507111007962564,0.5497365881488185,0.5600719841051046,0.031205550049554016
2021-01-05,0.568439923978832,0.5693244608119448,0.5610140908934015,0.5614878938397725,0.053091774033696734
2021-01-06,0.609585401513167,0.6053040616337355,0.5789802234445083,0.5787234704234032,0.06525113974231914
2021-01-07,0.6200761110682282,0.6191200254695404,0.6232116165690186,0.6220806536891009,0.043314172447968285
2021-01-08,0.6321071682794543,0.6264600836234366,0.6312184553057414,0.6336525959513197,0.0289601585728444
2021-01-11,0.6401918212443107,0.6534207104062927,0.6379557205844775,0.6407811061712319,0.09076551040634293
2021-01-12,0.6585749951764666,0.6524132942168217,0.6548477061150774,0.6560636682832673,0.037605550049554015
2021-01-13,0.647602781805066,0.6556274207185045,0.6530412513871751,0.6675376641091065,0.04127651139742319
2021-01-14,0.6533293823122022,0.6529408780891769,0.6609501820582474,0.6600673051643601,0.028955401387512392
2021-01-15,0.6378820310058091,0.6503026210768246,0.6468411687257433,0.6632899416783151,0.0443163528245788
2021-01-19,0.605928140437552,0.6306337415947545,0.6135942091309222,0.6475191779579209,0.06109177403369673
2021-01-20,0.6066017468127418,0.6016101065368445,0.6006077511777739,0.6186141555248473,0.03088999008919723
2021-01-21,0.620894332043251,0.62746736730328,0.6223818071732312,0.6264262866776904,0.048997423191278505
2021-01-22,0.623974425153202,0.6192642781008583,0.6247253890768035,0.6303325036283155,0.02793894945490585
2021-01-25,0.6155047067815322,0.6227662958261291,0.6235048982378354,0.6335550576104815,0.030583944499504464
2021-01-26,0.6037142724351088,0.6105329881966307,0.6110065486238498,0.6264750726489363,0.031213478691774033
2021-01-27,0.5583821119052466,0.5968127456644009,0.562918108013221,0.6142685673107587,0.08706759167492567
2021-01-28,0.5838875333719589,0.5858750400886756,0.5675072641324057,0.5670051685118892,0.03916749256689793
2021-01-29,0.5722899758445874,0.5766644583255578,0.579712626916374,0.5874633900027199,0.03357145688800793
2021-02-01,0.5838394432105629,0.5838602010816072,0.5768808476861693,0.5877561652961273,0.01811060455896928
2021-02-02,0.5935605381254649,0.6032413988283788,0.603732513272036,0.6039666343766681,0.022601387512388504
2021-02-03,0.5912505758291409,0.5931190827204728,0.5965069946009283,0.6024529786416252,0.010151833498513379
2021-02-04,0.6079973938401624,0.6018021423018967,0.6006567229677642,0.6057730346286235,0.01291258671952428
2021-02-05,0.6092966884869682,0.6094297342791177,0.6169627857753502,0.623447992898433,0.01147591674925669
2021-02-08,0.6337913562752511,0.6293383205838051,0.6296561468916743,0.637363251236763,0.025073538156590688
2021-02-09,0.6354276261674743,0.6378296102308001,0.6462552724978573,0.6461032189438023,0.021778394449950448
2021-02-10,0.6265247522275952,0.6291943933959534,0.6278497133338552,0.6449312592054506,0.019318929633300296
2021-02-11,0.6167556531802083,0.6230538108286319,0.628923696242327,0.6358983651540238,0.005821209117938552
2021-02-12,0.6216642907990553,0.6168174584073568,0.6282403257081942,0.6310647708696369,0.005174231912784936
2021-02-16,0.6208915791180907,0.623516983942328,0.631305564263712,0.6348311204366348,0.015938156590683848
2021-02-17,0.6354284864565869,0.6314126692367557,0.6261612832409769,0.6253252377029385,0.031145292368681864
2021-02-18,0.6248520060769964,0.6186065159469872,0.6207719262952718,0.6207683824878317,0.023600396432111
2021-02-19,0.612343402379349,0.6228910474194445,0.6225354837429438,0.6388000567928451,0.025766501486620418
2021-02-22,0.6131644623084436,0.6130698132956328,0.6189098987702271,0.6200331373750056,0.010424578790882062
2021-02-23,0.600462809733922,0.6049815385080507,0.6017126636790328,0.6198860548409457,0.02113617443012884
2021-02-24,0.6039401843560857,0.6001673053129805,0.6026437174344796,0.6097432535782653,0.03557106045589693
2021-02-25,0.594281374372938,0.6125404457375185,0.6040157259511878,0.6219933973322641,0.0453581764122894
2021-02-26,0.5863607785418603,0.5958343093103213,0.5922566807320554,0.6103801123510305,0.04511714568880079
2021-03-01,0.5991589555548191,0.599445165367658,0.6053384334421711,0.6094002050040739,0.03470049554013875
2021-03-02,0.5383074375198365,0.6283313421809199,0.5432129197268426,0.6194941063026889,0.32658553022794845
2021-03-03,0.5388869282661044,0.547883091198192,0.5452706684218952,0.5557452171210387,0.1076725470763132
2021-03-04,0.5205831590190442,0.5370025712713283,0.5170496325991228,0.5428581543761137,0.08906243805748267
2021-03-05,0.5340576093034419,0.5387840932192864,0.5181277447408558,0.5326174156964152,0.0715623389494549
2021-03-08,0.5546309932874438,0.5555860945043,0.5502191663743747,0.5570682110421273,0.04857720515361745
2021-03-09,0.5657871364711247,0.5665147928376459,0.567857296909979,0.5720132487145078,0.03579306243805748
2021-03-10,0.5628894246530514,0.5707995162421544,0.5722177644248745,0.5800981377353567,0.028853914767096134
2021-03-11,0.5664633237136523,0.5633853942473649,0.5688371666966433,0.5760801646543875,0.02457879088206145
2021-03-12,0.5697957396203377,0.5646373125549384,0.5745207162967745,0.5797552944022608,0.015012091179385529
2021-03-15,0.5750597626716125,0.5715697798633798,0.574569588057933,0.5824011594555047,0.031046977205153616
2021-03-16,0.5707616722359992,0.5662741592303271,0.5723649095985338,0.5800493332467128,0.030796432111000995
2021-03-17,0.5620201885336495,0.5613153033366909,0.5711399833784205,0.5778442203035026,0.02274093161546085
2021-03-18,0.5678637883601034,0.5684885657352695,0.5653094821588867,0.5667211842633032,0.021630921704658076
2021-03-19,0.6062100571797611,0.6029115436056622,0.579763162157825,0.579706287046168,0.09910802775024778
2021-03-22,0.6085762823840513,0.6129252755162351,0.6145982949013389,0.615035087078891,0.038961347869177404
2021-03-23,0.6128263686871798,0.6148992312866987,0.6179789912419158,0.6183181907533511,0.02259663032705649
2021-03-24,0.6097355219633209,0.6084961978930091,0.6177340971964602,0.6239041988156998,0.015770069375619426
2021-03-25,0.6310816176282876,0.6273201322766928,0.6191547017843422,0.619885957222959,0.030913776015857288
2021-03-26,0.6709251336195674,0.6651613932207713,0.6503156690380046,0.650315210881386,0.07216491575817642
2021-03-29,0.6576923385469078,0.6686758833802342,0.6673657842272305,0.6786860764111302,0.027537760158572847
2021-03-30,0.6646468297045014,0.6657873259661867,0.6678558587657479,0.6688372162671569,0.02086184340931616
2021-03-31,0.6570162373332913,0.6656428277728444,0.6699135588137272,0.6784410860278409,0.03268820614469772
2021-04-01,0.6698143283173388,0.6663168250426202,0.6617314234157197,0.6691311186501797,0.01958374628344896
2021-04-05,0.6921748769039193,0.6871630903124479,0.6893645035087161,0.6880451051229008,0.021213875123885038
2021-04-06,0.6925610606865793,0.6947697004130287,0.6940188845753567,0.6998049451739411,0.01585252725470763
2021-04-07,0.6878281801334425,0.6881258331366953,0.6995553132724565,0.7064199562150567,0.009596828543111991
2021-04-08,0.6830471233899986,0.6823968011621845,0.691422244391205,0.6995600843093165,0.024378989098116945
2021-04-09,0.6922233111809604,0.686537363785972,0.6969098372737732,0.6978452566444963,0.02228424182358771
2021-04-12,0.6909674611343424,0.6898109662172943,0.696615668486269,0.7041170278574295,0.02689554013875124
2021-04-13,0.6901946634244664,0.6881258430151181,0.6967625838349103,0.7054889558914818,0.014243012884043605
2021-04-14,0.6939134351716343,0.688125891730532,0.6944109033036302,0.6992170218021122,0.010721110009910804
2021-04-15,0.6941547462677271,0.6891368386475195,0.696860538844123,0.7077429287163369,0.02973399405351834
2021-04-16,0.7076291105232135,0.7049280440890573,0.7081294216001683,0.7076449728015844,0.04514727452923688
2021-04-19,0.7081122488888669,0.71152394926848,0.7199863911205628,0.7247462091234355,0.022664816650148665
2021-04-20,0.7014474170754958,0.7049280840093977,0.7110691047092805,0.7219040069203856,0.00942874132804757
2021-04-21,0.6990326715652533,0.6997285471491699,0.7104322194595862,0.7137210258457304,0.021275718533201187
2021-04-22,0.693237333958018,0.6960696039098361,0.6973996128291392,0.7139170214103593,0.015922299306243805
2021-04-23,0.6953623340951267,0.6919775188059117,0.6987715508123917,0.7073511405455738,0.01505490584737364
2021-04-26,0.6838680112612705,0.6882221101842436,0.6935289429876625,0.7069589267438291,0.0187195242814668
2021-04-27,0.6873936481026528,0.6849003152267454,0.6957827976553579,0.6989230803736476,0.012127651139742322
2021-04-28,0.6878767864683062,0.6845153170444445,0.6964199160233898,0.6975022032178071,0.0016428146679881087
2021-04-29,0.7019787316314565,0.6997286193179026,0.7078355735207515,0.7082330568205714,0.006179583746283451
2021-04-30,0.7013990688273661,0.6984767601734982,0.7088643473255618,0.7086740376301349,0.004865014866204165
2021-05-03,0.7208136433766548,0.7209599827713116,0.7227789569000864,0.7232269739494085,0.011964321110009914
2021-05-04,0.7224073289578028,0.7162417899917739,0.7241507523051576,0.7253339561596178,0.011228543111992072
2021-05-05,0.7262710594204487,0.7250041156628924,0.7367914750062161,0.740230028844521,0.01607611496531219
2021-05-06,0.729120422990392,0.7262558122398268,0.7380653732252478,0.7451790542282913,0.011588503468780969
2021-05-07,0.7373789403849111,0.7333330161945235,0.742327964759659,0.7433660738555888,0.012738156590683846
2021-05-10,0.7340945286107103,0.7429614384164109,0.7467861819944299,0.7542437322741057,0.025332011892963333
2021-05-11,0.7109613543720765,0.7206708818694068,0.7136167031703646,0.7395928241875983,0.028573240832507434
2021-05-12,0.6806322058219336,0.7010282272572008,0.6930878717319402,0.7172488757233909,0.03745649157581764
2021-05-13,0.7079187698674363,0.7080091423868498,0.6986243216056137,0.6989228964552722,0.025959960356788898
2021-05-14,0.7202341526303868,0.7182638951014138,0.7257675919302695,0.7282740584072654,0.01831674925668979
2021-05-17,0.7147284743673741,0.7249076851891858,0.7254245969230715,0.7411609152277531,0.017260654112983154
2021-05-18,0.7006290240426505,0.718781903244113,0.7132731523994209,0.7365357944908201,0.05232428146679882
2021-05-19,0.7615812819327221,0.7580982720144136,0.7309193945765025,0.7321114229526836,0.1884400396432111
2021-05-20,0.7750508285691777,0.7724916661737247,0.766654314605834,0.771291196355195,0.08865966303270566
2021-05-21,0.7910398179008831,0.7931640243338325,0.7901989330233614,0.7906106645513608,0.056921308225966305
2021-05-24,0.7925904890263997,0.8000228161998244,0.8072555420265366,0.8109134982545504,0.0368808721506442
2021-05-25,0.7920573678633023,0.7940817702198235,0.7970804872602106,0.8070298115722686,0.04135262636273539
2021-05-26,0.800827241106369,0.7973662689032726,0.8104996956348538,0.8100777773045987,0.02682418235877106
2021-05-27,0.8020868764250826,0.8016648947994289,0.8107945239429206,0.818729665648278,0.08131456888007929
2021-05-28,0.7999067317558544,0.799298403802053,0.8114336438033756,0.8190739861359665,0.01803290386521308
2021-06-01,0.8016027057124941,0.8014236825423606,0.8107948287359359,0.8169111103983476,0.03062358771060456
2021-06-02,0.8069805450133698,0.8031139116586277,0.8112860166775777,0.811257537095006,0.029117145688800795
2021-06-03,0.8108566636392378,0.808378648827871,0.8155133003019495,0.8207452454884095,0.026326263627353814
2021-06-04,0.8213222527522102,0.815044091433766,0.8238695330753054,0.829888839436406,0.02521149653121903
2021-06-07,0.8191417639673371,0.8201154427243693,0.8321271824143293,0.8362793561618175,0.0115203171456888
2021-06-08,0.839540251174741,0.8379867601668194,0.8427447392612066,0.8498967308968416,0.03086620416253717
2021-06-09,0.8242293417216111,0.8401118269090941,0.8395004096437984,0.8515188376189963,0.02977522299306244
2021-06-10,0.8228728378488155,0.8251388963781989,0.8370919791179701,0.8370661951045074,0.01719246778989098
2021-06-11,0.8290744039750351,0.8216610335058887,0.8390087300602953,0.8377049619007494,0.016095143706640235
2021-06-14,0.8297043936922142,0.8241727543401134,0.837829177967502,0.844439902028317,0.022342913776015858
2021-06-15,0.8272819916088692,0.8218062048229047,0.8338970317622665,0.8437026573379215,0.016218830525272548
2021-06-16,0.8209346064780592,0.8217577828982672,0.8280475501307554,0.8421785867431032,0.020176808721506446
2021-06-17,0.8207408693698945,0.8214196839882579,0.8293747653333523,0.8316094511448827,0.02111238850346878
2021-06-18,0.8173977858782124,0.8138849720183656,0.8204288070221126,0.8282175600044034,0.04735302279484639
2021-06-21,0.8330959974898486,0.8267809275669942,0.8363545432022923,0.8358370611506284,0.024650148662041623
2021-06-22,0.8497634108157743,0.8452316244313047,0.8492820683150284,0.8509780803132753,0.02229851337958375
2021-06-23,0.8502481837307414,0.8457632288355657,0.8589165030755581,0.8626781952254438,0.01191199207135778
2021-06-24,0.862506271238791,0.8549400336931299,0.8711065451179458,0.8753119234610479,0.010254905847373635
2021-06-25,0.8659463093134663,0.8639721422534441,0.8783320402728652,0.8781138852898988,0.07123567888999009
2021-06-28,0.8693862613592307,0.8663870704224306,0.8782828343805498,0.8824889615992305,0.009002180376610509
2021-06-29,0.8722450020805017,0.8722797255469588,0.8843287829515458,0.8842587255329749,0.009425569871159566
2021-06-30,0.8717121390041387,0.8698164807314477,0.8832967018774622,0.8868642613069969,0.020265609514370665
2021-07-01,0.8800943659730538,0.8726179975941033,0.8849188924216989,0.887700133229622,0.009991674925668981
2021-07-02,0.8951628459542444,0.8892815219446899,0.9000583122529244,0.9001865013462648,0.010841625371655107
2021-07-06,0.8896876219258185,0.8910201732343985,0.8938647089902909,0.9100181609561765,0.012841228939544102
2021-07-07,0.8998625193476335,0.8961399830594303,0.9065464453295793,0.905643013123517,0.008572447968285431
2021-07-08,0.9048529704610915,0.8988447827971191,0.9041870070035813,0.9042173629171423,0.012646184340931618
2021-07-09,0.9048529704610915,0.907490473336162,0.9156398861627966,0.920734742886313,0.01914449950445986
2021-07-12,0.922586454055389,0.9157982401541891,0.9241927647507759,0.9247659633797415,0.024764321110009913
2021-07-13,0.9202120561045286,0.9204831210201767,0.9309757951039628,0.9296816328347947,0.014235084241823587
2021-07-14,0.9293212273736167,0.9234296576621346,0.9364321139149421,0.9400052983066868,0.01718136769078295
2021-07-15,0.92592945151816,0.9257479466185758,0.9384964734438581,0.9454126548139189,0.018251734390485632
2021-07-16,0.9173049671351277,0.9234294750237333,0.932745383811062,0.946395734009528,0.03045708622398414
2021-07-19,0.9171596643040048,0.9126586139017292,0.9213416786881701,0.9261422634297084,0.026832111000991084
2021-07-20,0.9345540219301032,0.934683597787155,0.92699456391047,0.9326314352687258,0.020773042616451933
2021-07-21,0.9410463657763917,0.9349249450530963,0.9496544445244952,0.9530323312638597,0.012167294350842416
2021-07-22,0.9456976048927395,0.9414936075056772,0.9529966438062925,0.9636012688624104,0.015492566897918735
2021-07-23,0.965175238633984,0.9575292369798052,0.9655310156808208,0.9654694396640987,0.00827274529236868
2021-07-26,0.9643515978375516,0.9636635507161044,0.9731991232468389,0.980708889115938,0.013364519326065413
2021-07-27,0.9522383830160692,0.9534236591453493,0.9564865226054446,0.976382573024844,0.02443448959365709
2021-07-28,0.9476843565694486,0.9466618229601915,0.959878456872342,0.9630608081031075,0.020857086223984144
2021-07-29,0.9682277164634197,0.9610551956805622,0.9647937330463825,0.9674849764566237,0.024734192269573834
2021-07-30,0.9652721932169774,0.9688799007562572,0.9714296540924416,0.9800205909648932,0.020795242814667988
2021-08-02,0.9468121954670636,0.9633255098658724,0.9521122063057152,0.9866079861540175,0.026635480673934588
2021-08-03,0.9708441137416628,0.9681069361588237,0.9676445595611196,0.967091583480692,0.01664697720515362
2021-08-04,0.9627529225795501,0.966127071610422,0.9788519658355794,0.9822821848443241,0.014303270564915756
2021-08-05,0.9669679090868835,0.9652572672469162,0.9775737730169878,0.9850838449413831,0.011222200198216053
2021-08-06,0.9606210401295407,0.9666099600856053,0.9744281448771595,0.9858707075108571,0.015012091179385529
2021-08-09,0.9718617497329931,0.9656439213410588,0.9780653642428214,0.9768745346279611,0.01607294350842418
2021-08-10,0.9799046786758872,0.9799406450332195,0.9875521169791668,0.9909830939757821,0.029726065411298314
2021-08-11,0.974769096789128,0.9862682411645769,0.9897151939580817,0.9987504566082696,0.022894747274529236
2021-08-12,0.9692937007028799,0.9743861182193998,0.9828331881341459,0.9958006958017714,0.012229137760158573
2021-08-13,0.9676464191100151,0.9700391954640781,0.9807196638665447,0.9896066635255333,0.02497839444995045
2021-08-16,0.9754469185809695,0.9690246317183382,0.9616969559485147,0.9768251162544527,0.03016372646184341
2021-08-17,0.9384973291356677,0.9586587559953785,0.94284648979243,0.9829889531476371,0.08127333994053519
2021-08-18,0.9041246496983388,0.936073767858659,0.9142395478217809,0.9264594802741702,0.11754687809712587
2021-08-19,0.8935745801945059,0.9057341733324586,0.9051148557696689,0.904459277774606,0.05664856293359763
2021-08-20,0.9324204189018681,0.9273015873373467,0.9160645939888072,0.9150155283093419,0.04203607532210109
2021-08-23,0.9281904633639753,0.9333111704192512,0.9442769386992871,0.9524550926375362,0.023115163528245792
2021-08-24,0.9190504937446553,0.9249752703680745,0.9341167268049677,0.9487064505359458,0.01540376610505451
2021-08-25,0.92148106857457,0.9189651466968336,0.9298253526947706,0.9339077810712387,0.014951833498513378
2021-08-26,0.9108338724299214,0.9104836982423785,0.9194183552787436,0.9335625332859444,0.02259187314172448
2021-08-27,0.9119036419414772,0.9102901096465905,0.921292808355167,0.9223160473730477,0.018488007928642223
2021-08-30,0.9127783839112,0.9147001013876848,0.9285428174348398,0.9275444309715132,0.00947472745292369
2021-08-31,0.9012074093174087,0.9060733110751968,0.9101456274217716,0.9272485337518824,0.039180178394449955
2021-09-01,0.8982418206883489,0.8961379015141575,0.9044242958253801,0.9166432028692674,0.021684836471754215
2021-09-02,0.8955190916757847,0.8932782983375998,0.9088138732390887,0.9133381143329936,0.01630287413280476
2021-09-03,0.8882264208680162,0.8846513303337615,0.8982095643778369,0.9072214696312745,0.0294390485629336
2021-09-07,0.8804962930464748,0.8817919762112181,0.8912551704374079,0.9014502444723042,0.019504459861248765
2021-09-08,0.896977797895161,0.8895465557078241,0.8952010041972327,0.8955802322287051,0.021377205153617445
2021-09-09,0.8937202271412743,0.8950230504198216,0.9061997566151876,0.9115622879091009,0.015530624380574825
2021-09-10,0.8893445386277019,0.896864678493799,0.9040788940706077,0.9176789349864115,0.0071421209117938575
2021-09-13,0.8823436778869373,0.8898372080010328,0.8913044175047817,0.9092439192441254,0.02183230921704658
2021-09-14,0.8781624147128195,0.8809193889810527,0.8921920744129836,0.8988356375122543,0.00651100099108028
2021-09-15,0.8874001131753344,0.8831006496293059,0.8922910530537851,0.893607217428786,0.0072594648166501505
2021-09-16,0.9010615903128179,0.895895474348154,0.9068410489324896,0.9079120786708367,0.010722695738354809
2021-09-17,0.8997003548499027,0.9008875175015181,0.9102936815508578,0.9089973590505734,0.03553141724479683
2021-09-20,0.8776762653352719,0.8894494185065054,0.8812425043128054,0.8992796308787406,0.029080673934588703
2021-09-21,0.87364116528139,0.8840699067803333,0.889528950911755,0.896122861655131,0.0073752229930624386
2021-09-22,0.8758774008007615,0.8759274465698317,0.8820316617004407,0.8938042204270734,0.012538354806739347
2021-09-23,0.8802531753432452,0.8846029938069642,0.8954476120948895,0.8993784730247195,0.00861684836471754
2021-09-24,0.8742731336635283,0.8731649914183719,0.8852871103324393,0.8886743010681025,0.0064412289395441025
2021-09-27,0.860368452793904,0.8708871576868069,0.8729071484260256,0.88334696011921,0.017335183349851336
2021-09-28,0.8353786025923913,0.846750958275774,0.8481963257395824,0.8668219095278656,0.026619623389494553
2021-09-29,0.8470956542775072,0.8480111440135092,0.8528820604552825,0.8553287015641121,0.018399207135777997
2021-09-30,0.8126743685053146,0.8395783952615838,0.8248671021119645,0.8617909030696999,0.062322299306243806
2021-10-01,0.8109724585537978,0.808608438464784,0.803756765275436,0.8290862918026348,0.031416451932606546
2021-10-04,0.7986720448214071,0.8062335148940956,0.7989723954977082,0.8225749179921894,0.03680792864222002
2021-10-05,0.8067914534664136,0.8087054629570802,0.8126842968943069,0.8182836406274842,0.01446342913776016
2021-10-06,0.8032422447033452,0.7991575602548728,0.8083437637521422,0.813794676041861,0.020517740336967297
2021-10-07,0.8177792380707527,0.8183502723094029,0.8261987236139197,0.8256335796195077,0.013586521308225966
2021-10-08,0.813306250858542,0.8194164615421742,0.8258041420564339,0.8330326825040292,0.00808245787908821
2021-10-11,0.8124309927153515,0.8171383874775018,0.8259025612034536,0.8257320174667812,0.007982556987115957
2021-10-12,0.8198209622217587,0.8178653603369501,0.8266917556798163,0.8327858695442586,0.010659266600594648
2021-10-13,0.8514714288199907,0.8438917724032804,0.8366551283183095,0.8401852174458863,0.0394767096134787
2021-10-14,0.8774332336609538,0.8779631010065325,0.8648181301267686,0.87619433589364,0.044186323092170465
2021-10-15,0.895032942298237,0.8951684508755855,0.8940170682737605,0.8983917864426926,0.03380297324083251
2021-10-18,0.9336354912445475,0.9261380764999421,0.9058051047252327,0.9065307706392504,0.0455199207135778
2021-10-19,0.9265376759207897,0.9416960321365191,0.9416137584469855,0.9537871755451416,0.027109613478691775
2021-10-20,0.9247872456633204,0.9309848556557154,0.939196740123974,0.9527017742665028,0.01132368681863231
2021-10-21,0.9363583062860232,0.9285615156622207,0.9396405800302801,0.939432540207002,0.004173637264618436
2021-10-22,0.9447205745475251,0.9439252352325624,0.9553745561579681,0.958473112825423,0.011266600594648169
2021-10-25,0.9662099083497449,0.961324587054839,0.9628224381322235,0.9650832096118717,0.015749454905847376
2021-10-26,0.9583337034368788,0.9637962811578928,0.9697768350953524,0.9876751585184534,0.014977205153617442
2021-10-27,0.94768650729223,0.953521693832075,0.9609481983838708,0.9755407238653163,0.012281466798810706
2021-10-28,0.9558540060986327,0.9572047105163382,0.9698752924525196,0.9721861758634339,0.0038057482656095147
2021-10-29,0.9626606995866767,0.9554117006975666,0.964844643057778,0.9635540183641594,0.014629930624380578
2021-11-01,0.9543956439949015,0.9652016714795473,0.9696780794847697,0.9884150310785563,0.003534588701684837
2021-11-02,0.9657722792781496,0.9622938791623048,0.9748570900206988,0.9759845248289415,0.011620218037661053
2021-11-03,0.966501460330015,0.9596281073665913,0.9658802738885377,0.9743567142133126,0.014304856293359761
2021-11-04,0.9666471072767835,0.9686426374583494,0.9791972435424181,0.9840247149307683,0.024353617443012888
2021-11-05,0.9366499442952048,0.9624875037344418,0.9465950316055365,0.9857019714375043,0.04067552031714569
2021-11-08,0.9320799164710887,0.937576191120084,0.942747947749764,0.9474730116373954,0.01629970267591675
2021-11-09,0.9409769404450024,0.9342803948125116,0.9454113345144628,0.9451545214295033,0.01350406342913776
2021-11-10,0.9355805188992938,0.9370916041282671,0.9458060292403223,0.9513206758247356,0.009481070366699703
2021-11-11,0.9451095972842567,0.9399024792809816,0.9509848398325862,0.9525044877734755,0.011166699702675916
2021-11-12,0.964605211067955,0.9655408750298107,0.9656828647389946,0.9678453329859532,0.015895341922695736
2021-11-15,0.9855593590132075,1.0,0.9889629608396775,0.9945314890705953,0.05323607532210109
2021-11-16,1.0,0.9974026220119447,1.0,1.0,0.04536134786917741
2021-11-17,0.9385806051217702,0.9470203258879102,0.9442233661157726,0.9554036805948466,0.1642925668979187
2021-11-18,0.9300434400836703,0.9444429160229402,0.9352159925412122,0.9657979147667931,0.06804519326065411
2021-11-19,0.9234575828108387,0.9310206079889598,0.9389773939925292,0.9410993256598547,0.039099306243805754
2021-11-22,0.8935528148799563,0.9203214529223125,0.8934453828314006,0.9427324631689352,0.0645978196233895
2021-11-23,0.916042492862343,0.9107900110018776,0.9044326288761404,0.9141238843388461,0.040566105054509416
2021-11-24,0.913993284196057,0.910303381102775,0.9177454753646681,0.92526026889762,0.024686620416253715
2021-11-26,0.9033096978219439,0.919251695032925,0.9160628620681919,0.9291705882066631,0.026730624380574827
2021-11-29,0.9159447640191478,0.9198352530914566,0.9221502561324246,0.9284281023585365,0.02429970267591675
2021-11-30,0.8899915620693113,0.8975133974856888,0.8985430042519202,0.9176379119560109,0.10168800792864223
2021-12-01,0.873161123956542,0.904370438252607,0.8885952949659406,0.9142721839240505,0.03736610505450942
2021-12-02,0.8980898076021471,0.8957140513418573,0.8943362950176521,0.8955131216649369,0.03470842418235877
2021-12-03,0.9081882253218487,0.9044192006051552,0.9137368910255317,0.9194693966485131,0.05301883052527255
2021-12-06,0.8857474977899711,0.9065589839272046,0.8989390718261316,0.9280323009255852,0.03611337958374629
2021-12-07,0.8987241847938008,0.893817587007989,0.9056204319793464,0.9090753017261847,0.03283567888999009
2021-12-08,0.8693072007897797,0.899166896682354,0.8785485853368944,0.9195188439246752,0.05445708622398415
2021-12-09,0.8593552903059591,0.8620611485299443,0.8668192943743327,0.8817532180824948,0.02009117938553023
2021-12-10,0.8623799807970567,0.8623044213898183,0.8710756375210771,0.872101552031164,0.015730426164519324
2021-12-13,0.8428174365203958,0.8563226216586213,0.8498437419874199,0.8758630944419802,0.03628622398414272
2021-12-14,0.8482326123687598,0.8448457299823742,0.8424697468534197,0.8411663401944597,0.029646778989098118
2021-12-15,0.8549160264269635,0.8480554413107362,0.8456371937265299,0.8544808796470579,0.030736174430128844
2021-12-16,0.7970094500823373,0.8472287753553513,0.8106965796620351,0.866162151836919,0.09208166501486621
2021-12-17,0.7898379079816271,0.7968462806484446,0.7957499536533046,0.8110724331723723,0.06877462834489594
2021-12-20,0.7697389734432409,0.7735519280574465,0.7617496464665228,0.7922639078150503,0.0592745292368682
2021-12-21,0.7740319881730895,0.7700504461253506,0.771053922154934,0.7865718510029601,0.03933399405351834
2021-12-22,0.7626650741568142,0.7724818069589512,0.7736272707769201,0.7861756561301151,0.042614866204162535
2021-12-23,0.7786175012012326,0.7766641996862444,0.7800116787730063,0.7799887009726273,0.029337561942517344
2021-12-27,0.7936920032062116,0.7890653998031967,0.7927311005621822,0.7975600700357873,0.04504103072348861
2021-12-28,0.7976434831583459,0.8027308122711729,0.806489614975481,0.8091916402602172,0.027071555996035678
2021-12-29,0.812327499935102,0.8127975931585154,0.8150515932532216,0.8137453227888579,0.024905450941526266
2021-12-30,0.8317922293396571,0.8337089144371372,0.8320269450407303,0.8307224476390201,0.039836669970267594
2021-12-31,0.8294994728255856,0.8324932301694921,0.8341056665104445,0.8503725955088995,0.015697125867195242
2022-01-03,0.8319873429104017,0.8259765384947726,0.8318289481145207,0.8419581428363981,0.02414747274529237
2022-01-04,0.8428174365203958,0.8423167342820217,0.845736043068396,0.8466107521399903,0.029056888007928643
2022-01-05,0.8169130129632449,0.845672234121402,0.831878423934115,0.8604696519307088,0.03790842418235878
2022-01-06,0.829060381262499,0.8278245975321277,0.8020353696378104,0.8007277396387357,0.04278295341922696
2022-01-07,0.8262797547926546,0.8304507678270281,0.833511847502515,0.8375530417088949,0.024700891972249752
2022-01-10,0.8098882361851496,0.8082747684026801,0.8034211588042257,0.829386119364775,0.05332646184340932
2022-01-11,0.8105223552900698,0.808615126162266,0.8082711726950729,0.8272081694957606,0.024637462834489598
2022-01-12,0.7954969757934218,0.8155695237054688,0.808766246208654,0.8277032971256634,0.04341883052527255
2022-01-13,0.8021313533722054,0.7993263656173664,0.8070337614058396,0.8132995830176867,0.03114053518334985
2022-01-14,0.7805202026316373,0.7871687407807715,0.7805067453337764,0.7991438783635935,0.060057879088206145
2022-01-18,0.7737390597302389,0.7708770107825558,0.7750130678517855,0.7811270625957073,0.05006620416253717
2022-01-19,0.7924235929385492,0.8066213899375052,0.7916423130960828,0.7958276925943081,0.04116551040634292
2022-01-20,0.7820811972265054,0.8115329463432324,0.7941166784463989,0.8120128160567165,0.04460178394449951
2022-01-21,0.7602745027706366,0.7705850568691863,0.7598686147796925,0.7871654396244542,0.1009173439048563
2022-01-24,0.7765199442868169,0.7712662268881401,0.7484859626042673,0.7643479691301199,0.06537165510406344
2022-01-25,0.7477370793877163,0.7598375952956848,0.7533854103295414,0.7790481739646847,0.05445232903865213
2022-01-26,0.7332484342684384,0.7524944351885337,0.7408643192583686,0.7654863233228725,0.043009712586719526
2022-01-27,0.7355412768114211,0.7532240115280286,0.7458629574153726,0.7640510235088379,0.039787512388503476
2022-01-28,0.762323625408011,0.7555094743782562,0.7415571054278232,0.758903215217447,0.022374628344895935
2022-01-31,0.7757879242808796,0.7698070543261044,0.7703113660575633,0.7718712176690335,0.04211536174430129
2022-02-01,0.7699340009850741,0.7785122822876012,0.7703115186527378,0.7970155098292359,0.04158097125867195
2022-02-02,0.7620309550518942,0.7666947494298375,0.7653623572034003,0.778553281332618,0.04905133795837463
2022-02-03,0.7406147458242482,0.7580870376093962,0.7517028324589721,0.7587052902878079,0.07710763131813678
2022-02-04,0.7446150041690687,0.7443729289323489,0.7416560613612495,0.758061815403274,0.03582953419226957
2022-02-07,0.7311993976599751,0.7427194962844419,0.7404683415538866,0.7610811135936301,0.046106640237859264
2022-02-08,0.7392976431928109,0.740287991067246,0.7422005546751964,0.7430150560659593,0.022698116947472747
2022-02-09,0.7572990208167814,0.752543102694859,0.759027625427954,0.7623681697411723,0.01692765113974232
2022-02-10,0.7436394363153453,0.7540993233917352,0.7523958069395189,0.7593488688174691,0.024466204162537166
2022-02-11,0.7325165863203233,0.7407255854125103,0.7428933567505085,0.7582598599273965,0.021521506442021807
2022-02-14,0.7179303844156737,0.724920554276812,0.7177521144654493,0.7435596474360707,0.04077700693756195
2022-02-15,0.7155291454444994,0.7187301464333555,0.7226112227564634,0.7387935253068191,0.05144261645193261
2022-02-16,0.7186160348384403,0.7164347050181421,0.717640808957887,0.7266642242740388,0.029263032705649162
2022-02-17,0.6999487074123822,0.7071545874798433,0.7130180960774317,0.7252225175217929,0.03759286422200199
2022-02-18,0.7018596676182685,0.7055918144085174,0.7110797192665688,0.7149325575367839,0.02896333002973241
2022-02-22,0.662467287237652,0.6887411666930512,0.6664440620625228,0.7055371957942628,0.06542874132804757
2022-02-23,0.6308649968297271,0.662805826590541,0.6421378854500152,0.6770527085750458,0.04719286422200199
2022-02-24,0.6389493056789384,0.632963229381372,0.6142530298049463,0.6153616435748419,0.03841427155599604
2022-02-25,0.6765290568992424,0.670767341829513,0.6506377850220658,0.6502587837230762,0.0412812685827552
2022-02-28,0.679223740486735,0.6789727162098113,0.6731045946355505,0.6793395647337412,0.07448166501486621
2022-03-01,0.7755488499364795,0.8055718250141453,0.785986105682603,0.8258373566747877,0.22645629335976214
2022-03-02,0.8023494366622574,0.8007852668982527,0.7865329042108944,0.8018270529666919,0.07710604558969276
2022-03-03,0.797155871289307,0.8157798140254953,0.8049735993999876,0.8223078354858265,0.04930664023785927
2022-03-04,0.7984297874072903,0.7957544552119995,0.8013450942924194,0.80545585378639,0.039657482656095144
2022-03-07,0.7344414832098343,0.7934099423241099,0.7463208971009483,0.8122661797806429,0.06736491575817642
2022-03-08,0.7235157254505158,0.74114900245918,0.727084988479697,0.7482885297376886,0.04706442021803767
2022-03-09,0.758743446236888,0.7631767530469673,0.7605865460065675,0.760666483779964,0.02676709613478692
2022-03-10,0.7527660714534203,0.7488172094298713,0.743885533236829,0.7600700630593892,0.026324677898909816
2022-03-11,0.7145002396657933,0.7539453016780873,0.7275817425449131,0.7703101197801062,0.040394846382557
2022-03-14,0.7232707151112387,0.7264963143269518,0.718386484120781,0.7332758957918516,0.026533994053518337
2022-03-15,0.7555589140286636,0.752333918391549,0.7460229008257218,0.7447094203666488,0.02174826560951437
2022-03-16,0.7567346711588958,0.7645443892378851,0.7521366620922938,0.7766236768335851,0.024334588701684836
2022-03-17,0.7814283238189301,0.7752895352579097,0.7657558293067452,0.7670293939801237,0.03425490584737363
2022-03-18,0.8079841582921647,0.8008831640666689,0.7836501565406164,0.7863671717607209,0.08007294350842419
2022-03-21,0.7930402481744827,0.8122143339372809,0.7997545506506902,0.8218604379029893,0.02423468780971259
2022-03-22,0.7919134414947593,0.7935078211549762,0.8018919262982489,0.8103276367530524,0.01536253716551041
2022-03-23,0.7622712338010516,0.784227849596906,0.7730130602305165,0.8031693641758731,0.0237589692765114
2022-03-24,0.7638389386509985,0.764593211071509,0.7741064762519809,0.777120746690288,0.011816848364717542
2022-03-25,0.7715312997804953,0.7705519239807261,0.7749514923223197,0.7821913018067196,0.015389494549058472
2022-03-28,0.775989834135614,0.7685493737138294,0.7755478600156152,0.7822409090922479,0.011366501486620415
2022-03-29,0.7926972509052772,0.7932147173948547,0.7941874755202423,0.8018269893086433,0.025006937561942517
2022-03-30,0.7879449278181947,0.7889167512093365,0.7963250315732093,0.8001866982787808,0.01537680872150644
2022-03-31,0.7402229701623562,0.7718704811308676,0.7537269647581777,0.7835829930643167,0.0494794846382557
2022-04-01,0.7319918099616187,0.7422234165132178,0.7415492267273283,0.7586780280406332,0.02730465807730426
2022-04-04,0.7509531842063739,0.744567882095627,0.724549967783118,0.7431185751832315,0.026510208126858278
2022-04-05,0.75281510793284,0.7629326810788457,0.7592943040527833,0.7595233093387942,0.016543904856293357
2022-04-06,0.7584496575049247,0.7566809001810033,0.74845852991105,0.7504759206602257,0.03462120911793855
2022-04-07,0.8184691039101712,0.818808162996773,0.7853897175103999,0.7869139026819189,0.10216689791873142
2022-04-08,0.8437017276992684,0.8493834102876381,0.8459808646312803,0.8565090264305139,0.08144301288404361
2022-04-11,0.823956544043996,0.8488461474968663,0.8374812477251532,0.8578014854876747,0.026592666005946484
2022-04-12,0.8339025185329396,0.8461596981335828,0.8448375498034761,0.8530291762414378,0.029675322101090192
2022-04-13,0.8460536721042888,0.8450853757819019,0.8404636409949007,0.8430872231800893,0.015161149653121906
2022-04-14,0.8626139794356922,0.8597379183218619,0.8583575741340461,0.8610327084132193,0.03828741328047572
2022-04-18,0.873343935392976,0.8747323702518934,0.8681495164362003,0.869135447507157,0.029282061446977207
2022-04-19,0.9059750455506959,0.9037447459585328,0.8899703646923787,0.8928476108516542,0.05106838453914768
2022-04-20,0.9219963817530359,0.9221580687066859,0.9246149799221466,0.9341570755946574,0.03552507433102081
2022-04-21,0.916362090267685,0.9412067490497769,0.9304307691944789,0.9452428860842294,0.03920713577799802
2022-04-22,0.884563912028814,0.903744704047732,0.8997125854317929,0.9238671527864645,0.030701288404360757
2022-04-25,0.8844659250988858,0.8828401850961622,0.8840056125627904,0.8912568122596923,0.028065807730426166
2022-04-26,0.8591843508592796,0.88078895257314,0.874760492869906,0.8891193402323888,0.022522101090188307
2022-04-27,0.8320898033437161,0.8565143242589655,0.845235300071782,0.8736592368841941,0.023787512388503473
2022-04-28,0.8586454657591278,0.8569539868422664,0.8467762618997108,0.86361772893207,0.01304420218037661
2022-04-29,0.820722631240707,0.8482109786609353,0.8340016752628572,0.8639157738775515,0.027361744301288408
2022-05-02,0.8262591078539516,0.8343885792767352,0.8188414032101623,0.8423411790276557,0.024639048562933596
2022-05-03,0.8397819063864789,0.841666162691205,0.840413692436536,0.8467655043045147,0.02429970267591675
2022-05-04,0.8637405280286818,0.8616912498680569,0.8386241096385159,0.8507919654672823,0.027926263627353818
2022-05-05,0.83106089756501,0.8483577138309917,0.8344492189771782,0.869483579635998,0.03125946481665015
2022-05-06,0.8038682770906067,0.818075373755305,0.8063653204707357,0.8209656668156714,0.03469732408325074
2022-05-09,0.7989198941147557,0.8108468851638695,0.8047253143191557,0.8077924669813764,0.050380178394449956
2022-05-10,0.7739809730287106,0.813630701407414,0.7767407952965175,0.8246442073389971,0.035723290386521306
2022-05-11,0.7464456133718351,0.7753873259888489,0.7553177757684177,0.7889022121575412,0.02693201189296333
2022-05-12,0.7649659173885444,0.774898953095172,0.758697727188685,0.758876910595483,0.032542319127849356
2022-05-13,0.77701873991432,0.7870117724753833,0.7823078711159386,0.7918351800614615,0.02618830525272547
2022-05-16,0.7746669675671221,0.7789527511658536,0.7746532282983871,0.7924316770046483,0.029342319127849358
2022-05-17,0.7595634738190475,0.7536457258261267,0.7434481510341131,0.7496217612857398,0.08160792864222002
2022-05-18,0.4955207004164252,0.5202965344644188,0.47428073841450025,0.512222609252765,0.784009514370664
2022-05-19,0.45527697792994964,0.4880747249144374,0.4547156746649812,0.5032376033947451,0.34606620416253714
2022-05-20,0.4647720748949636,0.4604632050180879,0.4527691156063729,0.46505197547846233,0.17133795837462834
2022-05-23,0.45758909094905537,0.4619834201626217,0.4646976012219862,0.47189035695831816,0.09839286422200198
2022-05-24,0.43815627827057896,0.4422680658425304,0.42591728579646093,0.4548692516576467,0.14971496531219028
2022-05-25,0.4699869754379071,0.46625028897541176,0.4459313825282103,0.4481804956457097,0.10485629335976214
2022-05-26,0.5033429652019292,0.4973930862362196,0.48750695857259374,0.4868153289767051,0.09315361744301288
2022-05-27,0.5227266553720744,0.5163727925983269,0.5142089146091628,0.5130709268847482,0.0764368681863231
2022-05-31,0.49684890077741534,0.5143620743631863,0.5053748174150228,0.5293933986733508,0.11808761149653123
2022-06-01,0.4704790608103318,0.49655932198470665,0.48066913431780356,0.5062824749995275,0.047345094152626374
2022-06-02,0.4920767050118315,0.4862601063400004,0.4786727044781969,0.4797272328393638,0.04552309217046581
2022-06-03,0.492716243938161,0.4950879828351018,0.49324658701570456,0.4928551152002404,0.04269573835480675
2022-06-06,0.48597613682743496,0.4911153880886684,0.49199874516412756,0.503886367090879,0.03610862239841427
2022-06-07,0.467822229943795,0.47100747310861424,0.43410249743558005,0.4369993035135691,0.5043330029732408
2022-06-08,0.4713646424228736,0.4792470193544217,0.4650472587169764,0.4690952622697787,0.08056769078295342
2022-06-09,0.46078704366743667,0.47267495005642035,0.47073687937289455,0.4806755702669404,0.06737918731417246
2022-06-10,0.4367789554012575,0.4453580369385082,0.44648067112975487,0.45452001060728897,0.05715599603567889
2022-06-13,0.4128688540650071,0.4192176841396905,0.41773203564787653,0.4296618676616736,0.06962616451932607
2022-06-14,0.40248817548745125,0.41450946055446336,0.404855104024168,0.42142579322104357,0.0587607532210109
2022-06-15,0.4258077743767921,0.428437857330483,0.4089477747038949,0.4096456500649943,0.07703310208126858
2022-06-16,0.40342270755050164,0.41769709844842184,0.408448433431858,0.42162518402232063,0.06557145688800793
2022-06-17,0.38576097206819765,0.3918022514578061,0.3913293024136686,0.40245770486448706,0.14958017839444995
2022-06-21,0.41232756015533983,0.41092919248991766,0.40265899742165845,0.4048037380798506,0.0802426164519326
2022-06-22,0.39318991267140707,0.4041613999674546,0.39961461737978965,0.41299008066601206,0.049863230921704665
2022-06-23,0.42270832476180703,0.41877628674552336,0.4025592495712127,0.40615157902856236,0.05892408325074332
2022-06-24,0.4404685633475071,0.4369223352175968,0.4307586096727565,0.43285639724033986,0.08718176412289395
2022-06-27,0.4364835321199802,0.44148330014671466,0.4384947053671322,0.4527727487794374,0.03349058473736373
2022-06-28,0.4114422366295319,0.43844282753044483,0.42002803006605693,0.449179016449355,0.04180931615460853
2022-06-29,0.3985524388260779,0.4049951512857015,0.405004982347571,0.41808152684914934,0.04350763131813677
2022-06-30,0.3952561550621228,0.39881555246851275,0.3842421264296427,0.3979653536697608,0.06984658077304262
2022-07-01,0.4009138894257929,0.3952353742563194,0.39592114926971445,0.40086045524944425,0.024023785926660064
2022-07-05,0.41729671911326055,0.4126949302206686,0.3949230157099235,0.40410508570881576,0.03520158572844401
2022-07-06,0.4128688540650071,0.41279299063955455,0.4135395705876639,0.42432092425994306,0.02114251734390486
2022-07-07,0.4382055728367326,0.4326556212194753,0.4245698050330615,0.4259181648110757,0.0390771060455897
2022-07-08,0.42851372775166,0.43216521869813196,0.4356500082535171,0.44643359583004294,0.016645391476709615
2022-07-11,0.42064212538554674,0.4256915318715673,0.4273149082069233,0.4369496612064322,0.008810307234886027
2022-07-12,0.4116388126917679,0.4303504837107649,0.41638440112489183,0.4303106888281216,0.025967888999008922
2022-07-13,0.41596826066553644,0.4189233761704553,0.4095466564874355,0.4103444471198956,0.0201990089197225
2022-07-14,0.42015012604203333,0.41509811092339055,0.4129906186544837,0.414737104343031,0.023481466798810708
2022-07-15,0.4220195342837794,0.4255442167623976,0.4276143199071728,0.4366000974703885,0.037047373637264625
2022-07-18,0.4352536628045636,0.4456520999727349,0.4372470101678463,0.4397448104741155,0.04547076313181368
2022-07-19,0.4549326902270749,0.44937942348575344,0.4471293106420974,0.4537212696090942,0.02633419226957384
2022-07-20,0.4703805577069356,0.4644356953815941,0.45935731463137497,0.46595047324847483,0.027796233894945493
2022-07-21,0.48100727897070367,0.47493106232768867,0.47323248051893685,0.4793279012210582,0.025530227948463827
2022-07-22,0.4764811258913321,0.4849359176275273,0.4814178056484876,0.49365377009481326,0.020370267591674925
2022-07-25,0.47525125657591566,0.4736069377120973,0.48131803118909045,0.48891178415932823,0.013205946481665013
2022-07-26,0.44730708753271825,0.44486744576814874,0.44583168471342083,0.44563488995711376,0.04955084241823589
2022-07-27,0.4610331723825602,0.46065942424419315,0.4523200160990978,0.46195730307129457,0.03352388503468781
2022-07-28,0.4847463535409296,0.4813558494104041,0.4716354005131116,0.4724396764210199,0.025669772051536175
2022-07-29,0.5042284607855598,0.5008750384927049,0.49090074060513866,0.49689822988958743,0.06386997026759168
2022-08-01,0.5149042185287478,0.5257400677542227,0.5249396597878441,0.5400253243381292,0.048198216055500495
2022-08-02,0.5047206321868956,0.5121062975162421,0.5146583599168325,0.519460403957742,0.02559682854311199
2022-08-03,0.5265640609878739,0.5283884555968705,0.5200984035621765,0.5187613254602583,0.040623191278493564
2022-08-04,0.5198731624143902,0.5227484367668574,0.5268362350892531,0.5349838927715189,0.0263611496531219
2022-08-05,0.5177577975153431,0.5149015300681353,0.52019821902352,0.5221057190399638,0.011261843409316154
2022-08-08,0.521890282296775,0.5349603118114186,0.5303299612807607,0.5301420682071334,0.020792071357779978
2022-08-09,0.5127890256875232,0.5108802188095143,0.5177528744516108,0.525699881396995,0.017655500495540138
2022-08-10,0.5351736623692573,0.5444747785166864,0.536918265778493,0.5420220392150378,0.04828067393458871
2022-08-11,0.5348294606952939,0.5447692465757807,0.5425583207132951,0.5521551458465748,0.04414033696729436
2022-08-12,0.5489981642935844,0.5423169517532533,0.5483977247470996,0.5521550276895401,0.013670564915758177
2022-08-15,0.5534751948646246,0.5505072586176666,0.5491463949533457,0.555948638732677,0.03636709613478692
2022-08-16,0.5924856068792332,0.6038790805046717,0.5813902455040527,0.5878450139433261,0.11991912784935581
2022-08-17,0.5684754539191836,0.5747622598262514,0.557634827301288,0.5730277987692524,0.18892051536174428
2022-08-18,0.5571385639929392,0.560697120745129,0.5614014886895514,0.5721235538185614,0.043545688800792876
2022-08-19,0.5273858091482586,0.5448064121211406,0.5373447638213505,0.5613247445700115,0.05582715559960358
2022-08-22,0.5022366334030863,0.5154916495107251,0.510073240421058,0.5273699532320039,0.04971100099108028
2022-08-23,0.5022861000270626,0.4998967974347669,0.5039961708521659,0.5116483700351242,0.036470168483647175
2022-08-24,0.5080289599984276,0.5083852572630702,0.5018367695610317,0.5123015339756364,0.030317542120911794
2022-08-25,0.5296627363426576,0.523239694091197,0.5112785404886582,0.515114078522732,0.024994251734390485
2022-08-26,0.49560294405559263,0.5260529025424063,0.5062564447931276,0.5421372496398865,0.03349692765113975
2022-08-29,0.48604822905507333,0.48820060624217165,0.49400180883364275,0.49813690226490737,0.016426560951437064
2022-08-30,0.4963949262126803,0.49135906162413,0.4890798645910014,0.49537431289309586,0.027821605550049557
2022-08-31,0.4942165881505886,0.49244471843765747,0.4945039245175945,0.5081825460564388,0.05401149653121903
2022-09-01,0.516494376924534,0.5101618565405804,0.493700574872731,0.498337877404613,0.040058671952428154
2022-09-02,0.5153062316310801,0.5172683509607492,0.5197663722346454,0.5295800118974557,0.03279286422200198
2022-09-06,0.5102565926266729,0.509618915826225,0.4998779487551166,0.5245571291620263,0.04812844400396432
2022-09-07,0.5459502459964458,0.5438191544530363,0.517204981621733,0.518077671319715,0.058849554013875136
2022-09-08,0.551445342703373,0.5462373249741459,0.5470376049095035,0.5474613716198554,0.020961744301288405
2022-09-09,0.5601088842121185,0.5578841725624414,0.5612005686816509,0.5609226176460458,0.0298798810703667
2022-09-12,0.5610991630096673,0.5655830102591298,0.5692364363293371,0.5777995289098659,0.02425213082259663
2022-09-13,0.5234252101315304,0.5439672568420151,0.531820046379941,0.5523838602833888,0.03314489593657087
2022-09-14,0.5191675532842108,0.5298034040231415,0.5203187049893003,0.5413836299533855,0.033674529236868186
2022-09-15,0.5173359117345091,0.5303463950713126,0.526847880349645,0.5292786512440605,0.02242378592666006
2022-09-16,0.5127813691144207,0.5138137827677571,0.5118311347435913,0.5156164537154444,0.053094945490584744
2022-09-19,0.5160982998170789,0.5110995152182312,0.5134382911290515,0.5169726966471042,0.017633300297324083
2022-09-20,0.4926819184025671,0.5044863577993735,0.494303063463135,0.5184794187691749,0.024172844400396434
2022-09-21,0.4877313847039349,0.504831900036783,0.4983711901835045,0.5069268796395691,0.020841228939544102
2022-09-22,0.45768157202866305,0.478231858923989,0.4662786653365921,0.49306400961377517,0.0394767096134787
2022-09-23,0.4559486916690915,0.45034845528263834,0.45156311558098516,0.4614700330564604,0.03649395441030724
2022-09-26,0.4366413951721479,0.44901590242361056,0.4398107405332523,0.4595110643380601,0.03920872150644203
2022-09-27,0.4354532498786939,0.4477821510306186,0.43724939968273424,0.454036189568896,0.022932804757185333
2022-09-28,0.47208762939312826,0.4709278557468539,0.44955420023068193,0.44936498993893637,0.043747076313181366
2022-09-29,0.45188924543332204,0.4600706658049105,0.45753969682485107,0.4727715344543755,0.02656412289395441
2022-09-30,0.4350573448290614,0.4476342582413544,0.4304191725679384,0.45966192241972037,0.04492527254707632
2022-10-03,0.45188924543332204,0.44955888992845117,0.44493366508327914,0.45001798943592064,0.02144380574826561
2022-10-04,0.4774837068231918,0.4775407486394605,0.4748164209412995,0.4752828451903687,0.02431555996035679
2022-10-05,0.47476089178171627,0.47388884762712513,0.4701457076056038,0.4767897383443349,0.015801783944499503
2022-10-06,0.47149351373194565,0.48104474384184526,0.4805419233350994,0.48914602859383205,0.01757304261645193
2022-10-07,0.45461206047479746,0.45893559420200647,0.4566356926726025,0.4734747103985355,0.020244995044598615
2022-10-10,0.4583746209377982,0.4557772060129105,0.45543037386977137,0.46664368947719714,0.008889593657086223
2022-10-11,0.465305282086972,0.4747278255557711,0.46663010996149723,0.4692554716072611,0.014476114965312193
2022-10-12,0.4636219543802879,0.47117440161336854,0.47330959676248874,0.4754836931690707,0.012208523290386523
2022-10-13,0.46342400185547167,0.4665355159785325,0.44734425552588386,0.457753124847323,0.030108225966303272
2022-10-14,0.42169060274156517,0.4622419791145569,0.42886207665294007,0.4741777865711506,0.05181526263627355
2022-10-17,0.4393147435896471,0.4415640056142258,0.43634538523251565,0.4403238536904095,0.02667512388503469
2022-10-18,0.47882033801748575,0.49155650178115273,0.4781814036804214,0.47945185520188616,0.06451060455896929
2022-10-19,0.469711252777309,0.47704728056824797,0.4737617699720824,0.4877897858150305,0.017701486620416252
2022-10-20,0.46481018570265314,0.48183436516466893,0.47019591612032596,0.48171213103487365,0.02512745292368682
2022-10-21,0.48852336686102255,0.4823276791145039,0.4746154462436397,0.4744790542202957,0.03192229930624381
2022-10-24,0.5015436705228624,0.5002916667444912,0.5013847402353088,0.5034110138581671,0.02345133795837463
2022-10-25,0.5212469580983499,0.5171203465502614,0.5132374412131149,0.5159681499831055,0.042540336967294354
2022-10-26,0.5260490919250533,0.5390322428064991,0.5299618866197982,0.5412833891022246,0.031053320118929636
2022-10-27,0.5266925021523896,0.5368113488826671,0.5373948047891045,0.5431919833611029,0.023186521308225964
2022-10-28,0.5297620137062553,0.525164621984671,0.5185108773871923,0.5333472463660405,0.0249213082259663
2022-10-31,0.513573523329331,0.522302194644966,0.52343275749751,0.5320412667481704,0.036428939544103076
2022-11-01,0.5152565929492812,0.5204267229363396,0.5161502774891141,0.5342512236351813,0.02467076313181368
2022-11-02,0.49352345321254226,0.5150473985846606,0.503644550836311,0.5249086134618101,0.029854509415262635
2022-11-03,0.4915433257620006,0.48987846727519513,0.4919425807179778,0.4917577976653008,0.024521704658077303
2022-11-04,0.49070179095202543,0.49955134038209303,0.4844593308725922,0.5140091557661196,0.01836749256689792
2022-11-07,0.4918898502165682,0.4929382998252497,0.49319818715069463,0.508132387658179,0.014729831516352824
2022-11-08,0.5005533056964022,0.5089772910299326,0.5022885352629184,0.5085341613396713,0.02837502477700694
2022-11-09,0.4578299719005919,0.4938266604672964,0.46557542867188395,0.5073287929720856,0.040011100099108035
2022-11-10,0.5142171056144897,0.5084345731962887,0.49515697372016243,0.4965798781461104,0.05498830525272548
2022-11-11,0.5584753672450555,0.5591673792449087,0.528103512490425,0.5276211473466027,0.06871119920713578
2022-11-14,0.5581781373566417,0.5688893881904274,0.5652687004201326,0.5653929354814996,0.06752983151635283
2022-11-15,0.5920533976290476,0.5925382016819899,0.5936932082698538,0.5928692844296115,0.11275797819623391
2022-11-16,0.4749351863559352,0.4834340855781992,0.45142773802668434,0.45564331965663085,0.5587520317145689
2022-11-17,0.5075149372536307,0.5017586352521507,0.47149137015443354,0.47399050417299726,0.15548543111992072
2022-11-18,0.5118492458608856,0.5142733377825557,0.5082835268210301,0.5169528372371718,0.09174549058473737
2022-11-21,0.4876383874508596,0.5005172502608195,0.49195954855678636,0.51240383253094,0.07087413280475718
2022-11-22,0.48684132958800735,0.4904859054483378,0.48680463511671235,0.5008293158485035,0.07720753221010902
2022-11-23,0.5144893010897262,0.5114921551449266,0.499439108219614,0.4992623545017353,0.05293637264618435
2022-11-25,0.5143399548997736,0.5105983993869202,0.516369588766468,0.5246353839640328,0.006149454905847375
2022-11-28,0.5242532384024372,0.5251487669117382,0.5224845659438402,0.5211477370747778,0.04961585728444004
2022-11-29,0.5292348285380353,0.5255460151784958,0.515914519054011,0.5293357376821981,0.05925074331020813
2022-11-30,0.5327220964849944,0.5268372234720634,0.522130855210747,0.5366646905878258,0.15669375619425172
2022-12-01,0.5225594151685791,0.5278303137600344,0.523697428643721,0.5396466413432814,0.05540535183349851
2022-12-02,0.5182255367058803,0.5150677263438814,0.5206652158474182,0.5236749535208985,0.030885232903865214
2022-12-05,0.4722449762718283,0.5052845879541503,0.4819527948100196,0.5215521151694509,0.07513181367690784
2022-12-06,0.47284270514728405,0.4744452661091171,0.47432140999974604,0.4858176773914423,0.051165113974231916
2022-12-07,0.4664164315048455,0.4695290040070629,0.4748774130690361,0.47409159481153484,0.03472745292368681
2022-12-08,0.46865834493236064,0.4673936807507828,0.4737656807850469,0.47682103607554716,0.0255603567888999
2022-12-09,0.459043667780691,0.4647119648768572,0.4684590542858741,0.4736367557460289,0.022369871159563928
2022-12-12,0.4478351329900508,0.444649225931828,0.4498105296419477,0.4589286833474333,0.046598216055500505
2022-12-13,0.4520194932049742,0.4616329864079445,0.45622872781897494,0.472575252744449,0.04255619425173439
2022-12-14,0.4601895728787148,0.46436445699601303,0.458452629709991,0.45892868737923254,0.03574073339940535
2022-12-15,0.4357296607705821,0.44127221278567685,0.4340930358643502,0.455693755223054,0.062165312190287425
2022-12-16,0.4300007374828419,0.4296516772788327,0.43525539932572777,0.4364366416688963,0.10896808721506442
2022-12-19,0.4210338150185274,0.4263741025862642,0.42519827283045575,0.4392165944100105,0.0426798810703667
2022-12-20,0.41405936515352065,0.41127715281347,0.41958831832123966,0.42051519010658345,0.026643409316154613
2022-12-21,0.40932695775939604,0.4124194537768445,0.4171626301301161,0.4172805321742368,0.03195242814667988
2022-12-22,0.4045943352929931,0.40010358761598963,0.40558921680441495,0.4134391572270182,0.03728523290386522
2022-12-23,0.41356134378621895,0.4078507391621736,0.4066001721357403,0.41020449493042577,0.015375222993062442
2022-12-27,0.4255174268012793,0.42279863511492544,0.41933589727264764,0.42102094467748286,0.025645986124876115
2022-12-28,0.42676269529181193,0.42746659340173365,0.43171771924691804,0.43269637428291896,0.01788701684836472
2022-12-29,0.4395654318370677,0.4395837406998485,0.44197697525821855,0.44108661170240104,0.021150445986124877
2022-12-30,0.44290309550734014,0.4367034004311233,0.4415726365767033,0.4424006960473219,0.01420654112983152
2023-01-03,0.4563038190147854,0.4543826383655819,0.4556224091399561,0.45630031165171936,0.03472745292368681
2023-01-04,0.4612356844396735,0.46272566105005253,0.44602009128015074,0.44760681668384683,0.04674886025768088
2023-01-05,0.46890722657264455,0.46366900399674604,0.45921046766510054,0.46757147664067245,0.028080079286422203
2023-01-06,0.49824910733713274,0.49619669803892696,0.4925153620393963,0.4950672079446319,0.05469177403369674
2023-01-09,0.4793189615871664,0.492770118114377,0.48978625354169714,0.5063385025577586,0.0374009910802775
2023-01-10,0.477425895394823,0.47871616773360626,0.4822054780185172,0.4939047111156035,0.016803964321110008
2023-01-11,0.49237083785943986,0.4859666711415973,0.48756256992250835,0.49254004912406446,0.026189890981169476
2023-01-12,0.4962563336366355,0.49217405984029017,0.49049363199204354,0.5069448425103431,0.02739187314172448
2023-01-13,0.5204174673359516,0.5154153094439968,0.5038865173034582,0.5035080874797219,0.05813280475718534
2023-01-17,0.5079632339102225,0.5191894073562525,0.5187446616384299,0.5296389928022881,0.03223310208126859
2023-01-18,0.5016367538048492,0.5167066047165823,0.5114673453353764,0.5241804941699651,0.020660455896927655
2023-01-19,0.4930184635034281,0.493962003003404,0.49580033704028925,0.5044178251514911,0.021979781962338952
2023-01-20,0.5085113241038794,0.5045893189302425,0.5007025375105042,0.5050748898343531,0.02579663032705649
2023-01-23,0.5205668995548156,0.5181963501955069,0.5151060301321321,0.5181151870906685,0.013894152626362736
2023-01-24,0.5151869095311583,0.5396995459768876,0.5247589866813323,0.5565790984618025,0.006450743310208128
2023-01-25,0.5184746764328982,0.511839866929775,0.5115178262931703,0.5195809735404099,0.011940535183349855
2023-01-26,0.5325229395554203,0.5261918391700084,0.5309246323417898,0.5357550169117352,0.00925906838453915
2023-01-27,0.5398956172506637,0.5421824050107444,0.5425988618657912,0.54737994902113,0.037345490584737365
2023-01-30,0.5407424858531371,0.5385571337928933,0.5372923947321063,0.5423255841602631,0.031053320118929636
2023-01-31,0.5579790664559792,0.5516179583296889,0.5493205622803412,0.5479865364107969,0.035215857284440044
2023-02-01,0.5825881526962418,0.5787323445757238,0.5583667733029265,0.5681532775553426,0.04007135777998018
2023-02-02,0.6022160789454629,0.5986961577900355,0.5936933097301853,0.5964580193827459,0.03977958374628346
2023-02-03,0.5809940369705375,0.5856352699820743,0.5851015762653407,0.5942338585995576,0.022935976214073343
2023-02-06,0.5664476664518023,0.5673105292583662,0.5675142413885984,0.5811935835608106,0.01819623389494549
2023-02-07,0.5710307706704301,0.5676084894686457,0.5686261008858613,0.5754316209356211,0.012075322101090188
2023-02-08,0.5562353464535883,0.5603084282798885,0.5664529488946278,0.5752800343625283,0.008591476709613476
2023-02-09,0.5541430373027596,0.5605567139723397,0.561651787714744,0.5711353862376637,0.0025514370664023803
2023-02-10,0.5474179852515046,0.5465525277621479,0.5527065858974406,0.5591061629468982,0.005489791873141726
2023-02-13,0.5638571638758494,0.5579742250756403,0.5604893051205451,0.5624923442588252,0.014864618434093164
2023-02-14,0.5584934333164209,0.5607783209839589,0.5583095481348976,0.5707597084884796,0.0146394449950446
2023-02-15,0.58280597789956,0.5773190902407067,0.5639545717482419,0.5629272253951474,0.02313894945490585
2023-02-16,0.5753869306211459,0.5823163372645143,0.583381376116699,0.5842378752932926,0.013058473736372648
2023-02-17,0.5687700169113483,0.563477027531089,0.5687350733320569,0.5799148111231163,0.018757581764122896
2023-02-21,0.5336798563540859,0.5508340882750101,0.5447313261028304,0.5604351437395011,0.041837859266600594
2023-02-22,0.5311732319666143,0.5423886351307153,0.5397981689864535,0.5404976175149471,0.02292646184340932
2023-02-23,0.5300704273531334,0.5253981845059189,0.5228633944807031,0.5420234058768938,0.0193982160555005
2023-02-24,0.5373893369788372,0.533043960237536,0.5286101463924667,0.532766908011471,0.02209871159563925
2023-02-27,0.5366373582654869,0.545237109799866,0.541222226121616,0.5561118880111721,0.059461645193260665
2023-02-28,0.5451092273599383,0.5592293588124454,0.5494609352835575,0.5564171449179351,0.1454763131813677
2023-03-01,0.514530767024955,0.5378914331187317,0.5174221941327029,0.5535182264187889,0.06882854311199207
2023-03-02,0.5322762946668291,0.5258481807093924,0.5181849094966624,0.5181700561443803,0.021153617443012886
2023-03-03,0.5325768796827823,0.5269473936426846,0.5353230100810032,0.5432949371089403,0.013056888007928643
2023-03-06,0.5285666419842552,0.5296958608431294,0.5363401747524035,0.5455328904443062,0.011507631318136768
2023-03-07,0.5166360665413843,0.5289962641847993,0.5264742491245341,0.5416675219156153,0.014518929633300297
2023-03-08,0.5200948589187151,0.5145543680986743,0.5243891401201207,0.526765309881153,0.004083250743310209
2023-03-09,0.5057079860014617,0.5194016910368345,0.5157438060207893,0.5339367134348066,0.005978196233894947
2023-03-10,0.49337625774537114,0.5052596072349838,0.5006905845544725,0.5133890458380025,0.019964321110009915
2023-03-13,0.4920730917975585,0.4995629708975462,0.49418127156392766,0.4932992906217126,0.013435877106045591
2023-03-14,0.49432876985087565,0.4975140811179284,0.49580857784292354,0.5108460730062948,0.017110009910802772
2023-03-15,0.4981384741572485,0.4952152134290878,0.4935199801132104,0.49334989714937016,0.01805668979187314
2023-03-16,0.5177889399812203,0.512105753765396,0.49926659129813533,0.49955491265954055,0.016093557978196237
2023-03-17,0.4992915196549071,0.5132052292953753,0.5046573225092581,0.5259007372956019,0.18520991080277502
2023-03-20,0.5187414520867248,0.5127553905940798,0.5095902552933537,0.5088115489793938,0.02189256689791873
2023-03-21,0.5160847072490995,0.5197515715746608,0.5208801998221215,0.5335298608890665,0.015888999008919723
2023-03-22,0.48981724168641877,0.5114562306115616,0.49997869496527747,0.5267654062756781,0.022433300297324082
2023-03-23,0.4830498634108223,0.4921171640780124,0.48512899736505255,0.5056583296543465,0.020558969276511397
2023-03-24,0.4835509818189296,0.4787744793088933,0.47612739628648226,0.48516132363436315,0.019163528245787907
2023-03-27,0.49939182936543985,0.49611480825919196,0.49545256384680836,0.49848692383762283,0.025110009910802773
2023-03-28,0.5013467503449813,0.5022112880678874,0.5036910725005903,0.5071840189445289,0.02244440039643211
2023-03-29,0.49302543184524045,0.5009121136400055,0.4926046527324265,0.5165424127058657,0.043198414271556004
2023-03-30,0.5038532887035416,0.5029610152078219,0.5116754109704004,0.5109986653742968,0.011769276511397423
2023-03-31,0.5307221823848622,0.5250484782403547,0.5181847772066241,0.5196448459097319,0.025354212091179388
2023-04-03,0.5328777227854691,0.5356925562720027,0.5404594465421227,0.5445665356790771,0.019808919722497525
2023-04-04,0.5328275679302028,0.5309951331371121,0.5385268678366214,0.5410571672484876,0.013562735381565907
2023-04-05,0.5287672614053207,0.530845331256678,0.5340008609708348,0.5415150025117477,0.020089593657086225
2023-04-06,0.5304715801663529,0.5250984792235116,0.5168117193612924,0.5250870202050372,0.01677224975222993
2023-04-10,0.5476155076317646,0.5442875806142976,0.5366960608704432,0.537852912003628,0.019491774033696733
2023-04-11,0.5505231127746331,0.5520833895724273,0.5610559030870155,0.5614015111801366,0.010470564915758176
2023-04-12,0.5200948589187151,0.5497346161334332,0.5295763979316793,0.5652159641139451,0.03813835480673934
2023-04-13,0.5188918306236128,0.5206010113909322,0.5219989488155183,0.5325634235699462,0.015372051536174432
2023-04-14,0.5075127865308491,0.5232497152711632,0.5127943566462679,0.5272741593025755,0.013873538156590686
2023-04-17,0.5160344663649217,0.5113062471858308,0.5196596596693462,0.5196957152221391,0.01698790882061447
2023-04-18,0.514530767024955,0.5110565500379173,0.5234739834539881,0.5270198301399688,0.011103270564915762
2023-04-19,0.5150822123461511,0.510157118788358,0.5144217782242068,0.5158305444595508,0.010917740336967293
2023-04-20,0.5039034435588079,0.508358042483023,0.512234876227219,0.516695079371181,0.02084757185332012
2023-04-21,0.5134277043247402,0.5185521070851092,0.518133938645514,0.5187293816934656,0.019796233894945493
2023-04-24,0.5222503993193222,0.5169030186937269,0.5251010764074716,0.523764520830948,0.012969672943508422
2023-04-25,0.4905189795155915,0.5164533559503177,0.49977524610921253,0.5321057174411077,0.019474331020812686
2023-04-26,0.47969112265729036,0.4889687828019339,0.4868579307862081,0.49650328187078563,0.025089395441030723
2023-04-27,0.4932258792084833,0.4889188577687973,0.4885870877530355,0.4928413342765178,0.024463032705649156
2023-04-28,0.49122088940258674,0.49421599451585685,0.4927573069737249,0.5051497132839717,0.030726660059464814
2023-05-01,0.4880626820412089,0.4896684601652668,0.49474058511280183,0.5002161564137593,0.007441823587710606
2023-05-02,0.48104461551819183,0.4799238805067886,0.48065365722172804,0.4944688863509339,0.012403567888999007
2023-05-03,0.4752798181744549,0.48901869677575505,0.4845694296551524,0.4882130318444271,0.014120911793855304
2023-05-04,0.4650535614926163,0.4684303500799203,0.466922693830257,0.48241489717655794,0.018369078295341925
2023-05-05,0.4839522206610604,0.48477129061192326,0.4837050566940204,0.48399175299798824,0.010973240832507437
2023-05-08,0.48495462953509744,0.4848710284819,0.4912314623814307,0.4941128054099554,0.0
2023-05-09,0.4895665534389983,0.4852209598617967,0.49006190506346126,0.4901457794666181,0.006197026759167494
2023-05-10,0.49112049366314275,0.4924168856986645,0.48802768805667307,0.5027591410511372,0.02076669970267592
2023-05-11,0.49683505012270207,0.49246671621771176,0.4957575173853137,0.49869024307178444,0.021198017839444996
2023-05-12,0.49242374563986663,0.49241674140188185,0.493163897277171,0.5008263467176244,0.02959603567888999
2023-05-15,0.5053570740724196,0.4998626149950961,0.5001311540143301,0.501691079921369,0.04059464816650149
2023-05-16,0.4923363402660234,0.5056055668425071,0.49172773515200474,0.5041106685514096,0.06835599603567889
2023-05-17,0.5127758632641,0.5156171612319749,0.49387801206539395,0.49602017398191767,0.10929633300297324
2023-05-18,0.47855837998268974,0.5094793035247412,0.48430370858217786,0.5219810554020522,0.10127096134786918
2023-05-19,0.4689696835622215,0.4775325557899335,0.47242558301251325,0.4914119115617922,0.046950247770069384
2023-05-22,0.46710234001434586,0.4648040143357445,0.4664864385802002,0.47144195188287374,0.03523171456888008
2023-05-23,0.4431297816885183,0.45771006596332475,0.45199675399553896,0.46801104500871515,0.04565153617443013
2023-05-24,0.42263975971953033,0.4303413072780027,0.4273697869719152,0.44481523969638637,0.08314132804757186
2023-05-25,0.41077968496943956,0.41177677920250777,0.409552235297177,0.4262789598295119,0.09378473736372647
2023-05-26,0.4015944211283394,0.4031233851547509,0.4021795335889161,0.41670363311250624,0.10474053518334984
2023-05-30,0.37590614521073723,0.3951240704051995,0.3835940448305202,0.4060018124010496,0.1496404360753221
2023-05-31,0.3612199346967439,0.3768614624882337,0.368490214893177,0.38562230030795286,0.2971528245787909
2023-06-01,0.36238072279641614,0.3606112310009507,0.348624700331439,0.35674266294205836,0.19319246778989096
2023-06-02,0.3727772306936446,0.36690009335999607,0.3681318230339089,0.3702608512486739,0.09671040634291378
2023-06-05,0.3595545010036026,0.36302608515056867,0.3638309776796821,0.37246253115297157,0.09843726461843409
2023-06-06,0.3701527897121983,0.3652901298578638,0.3649061471356254,0.3644234126000092,0.07246778989098117
2023-06-07,0.3653583554730529,0.36201994205368915,0.3704357418804106,0.37430596084642875,0.06357502477700694
2023-06-08,0.36293591037525225,0.3643342535494375,0.3663910110193983,0.3715921087626747,0.074002775024777
2023-06-09,0.34133542721968096,0.3534168553349545,0.34964863360628295,0.36135103468058416,0.12541367690782954
2023-06-12,0.3387617002814242,0.33726734819622783,0.34007445137689496,0.35008608126951835,0.10708741328047573
2023-06-13,0.3500665014237678,0.3473796280997292,0.3485735120992365,0.3511101072711942,0.08596392467789891
2023-06-14,0.37282764363564463,0.3731888500350048,0.35466630763739027,0.35981496498816157,0.21365312190287414
2023-06-15,0.3960935174699018,0.3910490586958483,0.38881653516981296,0.3900771705777314,0.13586362735381566
2023-06-16,0.3757547773413699,0.3909483402396059,0.3839012609252449,0.4051825459907934,0.1333248761149653
2023-06-20,0.37025374463956545,0.3669502982261533,0.3725349162947569,0.379887254867433,0.061209117938553034
2023-06-21,0.3727772306936446,0.3704217972475107,0.37207421641225236,0.37599578374620424,0.03726937561942517
2023-06-22,0.36858831094642414,0.36931491207074774,0.3725861128511828,0.3815258769098515,0.049560356788899904
2023-06-23,0.36576221819697735,0.3625231837816615,0.3669031417819534,0.36908314069623893,0.08690267591674926
2023-06-26,0.3792370556114755,0.3778676784731335,0.37724525672694664,0.37594451269731355,0.05289831516352825
2023-06-27,0.36919391146726027,0.3747484378469105,0.3776037397383878,0.3802969367599045,0.07218870168483647
2023-06-28,0.36899208764143726,0.3674031962067845,0.3748901808828472,0.3777367032410499,0.04926382556987116
2023-06-29,0.3712127089134147,0.3708242676321871,0.374326991595895,0.3766101973278243,0.07230921704658078
2023-06-30,0.366115495921079,0.36976791733162184,0.3710503405897623,0.38342059311203325,0.09230525272547077
2023-07-03,0.3810538141595286,0.3771632394598352,0.37340518770346554,0.3720527876061128,0.04185371655104064
2023-07-05,0.36939590735090594,0.3729877054276658,0.37801342735201837,0.3856223801394283,0.058540336967294354
2023-07-06,0.3607657880741863,0.3653404930686325,0.3674662087815712,0.37353797269778355,0.05371020812685828
2023-07-07,0.3567787781817003,0.36156716311524606,0.3645478111995414,0.3664716011389838,0.04379147670961349
2023-07-10,0.36530794253105286,0.3597560226406109,0.36669821863188523,0.36534511799668623,0.037044202180376615
2023-07-11,0.3736350679823041,0.3720316501627461,0.37227886833828616,0.3743570741538714,0.041133795837462836
2023-07-12,0.3712127089134147,0.3776161852350305,0.37980531120137084,0.3887458297893974,0.03588662041625372
2023-07-13,0.37075839023303453,0.3720316171711745,0.3790372226870188,0.3811673110789945,0.025089395441030723
2023-07-14,0.3611694787402882,0.3638813875201783,0.3686437918141985,0.3746131680537331,0.04169038652130823
2023-07-17,0.35657686832696606,0.3545740444822377,0.357840678660618,0.36800777201895796,0.0513189296333003
2023-07-18,0.36061424814699644,0.3603093231438732,0.3603493215922776,0.3657034741478289,0.036332210109018825
2023-07-19,0.3701527897121983,0.36513912842409935,0.3697701739345255,0.3715920774221858,0.02749653121902874
2023-07-20,0.37994374010304593,0.37701246991461546,0.3779621814097812,0.3799386279060408,0.042489593657086225
2023-07-21,0.3771174752957766,0.3823956460672582,0.3836965331745683,0.3901795630929228,0.040261645193260656
2023-07-24,0.38382957999588657,0.37857192262524986,0.3848739316972001,0.38603180083167665,0.01787750247770069
2023-07-25,0.3746949871835204,0.37972916950020297,0.3823652546530626,0.38997466074394915,0.03733121902874133
2023-07-26,0.3790856877421082,0.3782701236583391,0.3778597357559146,0.37804388761241814,0.05843250743310209
2023-07-27,0.3792370556114755,0.39205513409576875,0.3883043940013786,0.39120357204731104,0.0641205153617443
2023-07-28,0.3817605416655547,0.38430746541231164,0.38989164886146277,0.39386633206500843,0.02318810703666997
2023-07-31,0.3891793738716906,0.3850620944253611,0.39219562217302617,0.3908451847223404,0.07231080277502479
2023-08-01,0.3716163995795166,0.3833011285142267,0.3803684454295073,0.3963240779094651,0.04068186323092171
2023-08-02,0.37439220843033,0.37097524980084295,0.374583062878347,0.37517652193592954,0.03278493557978196
2023-08-03,0.3703041575815656,0.3707235407228009,0.37857648468103433,0.38045048467876186,0.035328444003964316
2023-08-04,0.36929486639462744,0.37364160273332825,0.3753509406821286,0.38336926342979727,0.03149732408325075
2023-08-07,0.36631727673244646,0.36901308064805405,0.37212535288294646,0.3793752955385232,0.02444400396432111
2023-08-08,0.3614723435223898,0.3564859164213975,0.3619367216371696,0.36708609967578976,0.045413676907829534
2023-08-09,0.3595545010036026,0.3608124978580991,0.36659572292411513,0.37082401273105947,0.020075322101090188
2023-08-10,0.3611694787402882,0.3630261221345866,0.3679270001833267,0.370311969058441,0.045675322101090196
2023-08-11,0.36182553521758015,0.35890066549791555,0.36536696427426907,0.36406490143180725,0.036611298315163535
2023-08-14,0.3535993216792405,0.3595548463803707,0.3594790831883139,0.36764935763926665,0.046460257680872155
2023-08-15,0.3369547490292552,0.3525544978868421,0.34494449981069897,0.35903064833532394,0.125610307234886
2023-08-16,0.35578802622513944,0.38264419766185964,0.35821559850572826,0.39543962701709345,0.35297046580773045
2023-08-17,0.3627105146277431,0.37046623387324384,0.3628630116601538,0.3620775967019906,0.11360792864222004
2023-08-18,0.36830966330284315,0.36828433770591096,0.3661162943259737,0.3676035643460869,0.0675615460852329
2023-08-21,0.3509014980364869,0.36488459757810976,0.357699163869869,0.37214818847636466,0.07030168483647176
2023-08-22,0.33639478684584406,0.3360634052906799,0.33296431292568307,0.34648112266950093,0.11569316154608524
2023-08-23,0.3275889535178695,0.3326129995302358,0.3337389193924232,0.3402838894111776,0.05236551040634292
2023-08-24,0.33211914995607045,0.32779259716754794,0.33027917667366224,0.3315044681413005,0.04460495540138752
2023-08-25,0.32036110549473756,0.32606739144896724,0.3232047110473636,0.3386313425568739,0.09172646184340932
2023-08-28,0.32870883487023633,0.3241899806783284,0.32676778401378925,0.32794105388200423,0.05742556987115957
2023-08-29,0.34260465476200036,0.3441312959487729,0.33879941729399177,0.3377016379807042,0.059816848364717554
2023-08-30,0.3466258611467134,0.34255836016052366,0.34706169055370606,0.34777226418854656,0.028249752229930623
2023-08-31,0.3445898579183065,0.34433430403793064,0.34948866565209635,0.3507676184487042,0.04343944499504461
2023-09-01,0.33934699797920237,0.344334257824248,0.34592558802359497,0.3569648655191672,0.02381605550049554
2023-09-05,0.33766728348679137,0.3431672057870009,0.34515098413579237,0.3459646678797358,0.030637859266600596
2023-09-06,0.33013403282867554,0.33301898133239305,0.33549465041859217,0.34477696527093193,0.032775421209117944
2023-09-07,0.33395156576597346,0.3300251830719957,0.337508522968075,0.3378566322939447,0.028099108027750248
2023-09-08,0.3300323036411071,0.32926417313011214,0.3323964021998722,0.3404905667357393,0.022644202180376608
2023-09-11,0.32484037281747075,0.32865523270712227,0.33244802390100414,0.3404388834998515,0.017726858275520316
2023-09-12,0.3234660179455879,0.32292140061118946,0.3309504506988711,0.33295047890682894,0.022761546085232908
2023-09-13,0.3261638415883415,0.3239363041362172,0.3321898530536842,0.33212424622321823,0.016591476709613476
2023-09-14,0.33552946504190456,0.33043111187445484,0.33384217948283,0.3365655213520349,0.03592784935579782
2023-09-15,0.3267745608293979,0.3311414898369667,0.3333774510836288,0.3425562342201318,0.054304856293359766
2023-09-18,0.3078903115035903,0.32007980940075287,0.31184417422428934,0.33305371049995836,0.0621605550049554
2023-09-19,0.31211514832126314,0.3092719364222084,0.31390974578792197,0.31518498248643123,0.040610505450941525
2023-09-20,0.3133367158467428,0.31307747260832053,0.3196931946890822,0.3209690351226957,0.0280404360753221
2023-09-21,0.2976084371306202,0.3069885514043429,0.3032205798475587,0.3156498062951868,0.04183151635282459
2023-09-22,0.2735832721255553,0.2919183612028695,0.2808094944161851,0.3023256827268517,0.08084836471754213
2023-09-25,0.2718524994743096,0.26847558605075295,0.2704299747693425,0.2772265661106885,0.06117898909811695
2023-09-26,0.2577021630485739,0.26664896442210806,0.26314904043125475,0.2733533503660027,0.07178592666005947
2023-09-27,0.25902554579053333,0.2577691843611922,0.2598957784279702,0.2631278276701666,0.04761783944499505
2023-09-28,0.25810933788558194,0.25695734769592904,0.25814009546199623,0.26395415719154625,0.05044677898909812
2023-09-29,0.26325038260820605,0.2628941534607234,0.2670735923109909,0.26824066645733435,0.05142358771060457
2023-10-02,0.24350089750737042,0.2565007170213882,0.2457469039554202,0.2681373662355422,0.0733573835480674
2023-10-03,0.24589327550068457,0.2473672573820611,0.24796739681922375,0.24660189483949702,0.06144856293359763
2023-10-04,0.2431446087713745,0.2464031750108554,0.24574691932937143,0.25806683298853905,0.06387155599603568
2023-10-05,0.23566215818535957,0.23777706059669879,0.23996336233129756,0.24500089887382637,0.051601189296333005
2023-10-06,0.23494953769891208,0.23559515988964197,0.2311848160785076,0.23921675294580425,0.09612210109018832
2023-10-09,0.23876711365066555,0.23483408412451634,0.23536754045605068,0.24174731059440902,0.05272071357779981
2023-10-10,0.2584656696360334,0.2604078022904007,0.24812223680017753,0.24799619400788797,0.08398969276511398
2023-10-11,0.2552080558676913,0.2566022204873206,0.25184025057562076,0.26694957676488984,0.0393609514370664
2023-10-12,0.26442110704712923,0.269744243667831,0.26516298105753966,0.281771337242707,0.07931972249752231
2023-10-13,0.27042747357369284,0.26583723279850946,0.2677449784637441,0.2725787976537847,0.05004876114965312
2023-10-16,0.2674242903104111,0.2686787314116398,0.26660890856872,0.2795507035769845,0.03770069375619425
2023-10-17,0.27337968470705126,0.27065765917064655,0.2715662131227745,0.2724238664136647,0.030013082259663034
2023-10-18,0.26141796679830304,0.2645178975725586,0.26733181679927664,0.27634877686842885,0.02292329038652131
2023-10-19,0.2520013282003611,0.25908855419496746,0.2590696609780506,0.2674660168331744,0.043675718533201194
2023-10-20,0.2543936631792196,0.25573958456939283,0.25581639975230275,0.2572921490519031,0.04313974231912786
2023-10-23,0.24721657221373278,0.24665678203227093,0.25044596687262666,0.25646576595041615,0.02687175421209118
2023-10-24,0.25363015659175997,0.250614729098774,0.25380251343820426,0.2542968053112691,0.016220416253716553
2023-10-25,0.26218147338576264,0.2600018895549643,0.256952448449123,0.2582217359682957,0.04167294350842418
2023-10-26,0.26477739578312526,0.26421341820272504,0.2676415928983016,0.2673626634362224,0.02532725470763132
2023-10-27,0.24624952122222482,0.26010333769880045,0.25163366885736393,0.2690152784572927,0.030969276511397425
2023-10-30,0.25357918446183664,0.249955003657077,0.2501361224127441,0.2547615602778871,0.037383548067393454
2023-10-31,0.26437022094611723,0.2610167168890074,0.25974094541736825,0.2605457084583951,0.06428860257680873
2023-11-01,0.25800760869801337,0.26000188848144035,0.2605155183967862,0.2719073818922152,0.02515441030723489
2023-11-02,0.2657953758901009,0.2638074562630566,0.26211625219780754,0.26756922349268275,0.03683012884043607
2023-11-03,0.27485581178095836,0.2758840322007017,0.2784341466033755,0.27769152874648295,0.04512824578790882
2023-11-06,0.2656936467025324,0.2719769043272475,0.2724440128726543,0.28332069111302205,0.034901883052527255
2023-11-07,0.26722061686299575,0.2680697526820004,0.2718243450585409,0.27061626037197595,0.021627750247770073
2023-11-08,0.2595854649594889,0.26436560793272834,0.26407853292968464,0.2717007440981405,0.04786997026759168
2023-11-09,0.24400988756085823,0.2560947648991805,0.24874193781411869,0.26793077519850517,0.06516392467789892
2023-11-10,0.25184854085395786,0.24757010950876868,0.24306163503542733,0.2514046623041367,0.07517304261645194
2023-11-13,0.2466058529726763,0.24858505157604815,0.25287301055940037,0.2597194250939152,0.03997304261645193
2023-11-14,0.27021123990523316,0.27214572117448876,0.2635594254371907,0.26308258267025364,0.09769514370664024
2023-11-15,0.37137018483548173,0.3706811410106745,0.3512107053053767,0.35611747122921744,0.48738315163528245
2023-11-16,0.36869589009995857,0.36698988615529893,0.36326276868893537,0.3622745594751424,0.16710406342913775
2023-11-17,0.36843879269864893,0.3684254178462145,0.37218443175097604,0.37855442970381636,0.0711563924677899
2023-11-20,0.3672044068653911,0.36401635705113355,0.36941916286892695,0.37317992936786404,0.06842418235877107
2023-11-21,0.3731187224569032,0.3672974965238832,0.37119316576449346,0.3777195102593488,0.0406374628344896
2023-11-22,0.3715757939334004,0.37493625193503033,0.3773495140626385,0.3791804378097885,0.03318453914767096
2023-11-24,0.37651307917969806,0.3703736436259537,0.3766713968663007,0.3791806009880748,0.005833894945490584
2023-11-27,0.375844419466906,0.37488510491458227,0.37922785104456436,0.38257212267941576,0.03554410307234886
2023-11-28,0.37759308613169423,0.37206553046043567,0.37907147070180003,0.3835115177676376,0.03662556987115957
2023-11-29,0.375793060206882,0.37873017975083634,0.3840278342667115,0.3867987167208563,0.02257601585728444
2023-11-30,0.38859846364838685,0.38313903294273155,0.3799581948333586,0.38810306477573875,0.06762021803766105
2023-12-01,0.39358706514025293,0.38821450530951573,0.39101900459970795,0.39431235761255556,0.049151238850346876
2023-12-04,0.38808439788913446,0.3948280982639395,0.3945669267780988,0.3985911516092657,0.09720356788899902
2023-12-05,0.3838157293411732,0.3826263634535778,0.3909668148355203,0.3938949516570114,0.023827155599603567
2023-12-06,0.38638713349882575,0.38329286461228274,0.3898711423733676,0.39347751510124496,0.038041625371655105
2023-12-07,0.39569559074085464,0.3926747559465209,0.3994711055270842,0.4005738395836538,0.03875520317145689
2023-12-08,0.39569559074085464,0.3956481798039475,0.40453193023867184,0.4038610520132141,0.021971853320118927
2023-12-11,0.4037697051640812,0.39846784438424165,0.406566646362426,0.4084527720167084,0.03292765113974232
2023-12-12,0.3981127450606125,0.39826288447682523,0.40521016199110704,0.4126271698842463,0.029445391476709614
2023-12-13,0.4121011750753512,0.4060041952154856,0.4024449829053881,0.4078788807404322,0.03229335976214073
2023-12-14,0.4262953002169198,0.4253831813344514,0.42722736372902015,0.4271850562838403,0.04981090188305254
2023-12-15,0.4120496437575046,0.4223071252952486,0.4207578391279062,0.4344900645937879,0.06636273538156591
2023-12-18,0.4087068613670119,0.409746626621311,0.41653173510842545,0.4235324847890646,0.025717343904856294
2023-12-19,0.4182725450537173,0.41256640406204903,0.4191404751260941,0.4183146722809108,0.021239246778989102
2023-12-20,0.40448976715135293,0.40831119440881847,0.41209708598347594,0.4221236754107699,0.03514767096134787
2023-12-21,0.4171925381017209,0.41225882973789674,0.41595791107626323,0.41805377812800093,0.03940535183349851
2023-12-22,0.42146112062077096,0.41625770657655214,0.4229492538002012,0.4258285021249869,0.027399801783944498
2023-12-26,0.42572966012536523,0.4214869796025196,0.4263926417498012,0.42875050909301793,0.011774033696729438
2023-12-27,0.43267253737993844,0.42810046736377305,0.43327963127533276,0.4336031667618264,0.020792071357779978
2023-12-28,0.4334953178872582,0.4300486350474996,0.4405317221916223,0.43949939375724356,0.010331020812685828
2023-12-29,0.4328781464778571,0.43138149178186425,0.43907081260484415,0.43929065245832777,0.016209316154608525
2024-01-02,0.43637522172070004,0.4356366012544013,0.43834031710207,0.44017761175587244,0.0334001982160555
2024-01-03,0.4135925722810074,0.42933076946881843,0.4213839676652209,0.44106464447043336,0.050218434093161554
2024-01-04,0.4217182180220806,0.41887224326385986,0.4180970285994745,0.42280206099180395,0.03818116947472745
2024-01-05,0.4242895361508218,0.42410142832749054,0.4265490888763259,0.4252022396192515,0.019823191278493562
2024-01-08,0.42932953991716755,0.4243066212648646,0.4278012798310552,0.4297940038799797,0.03279444995044599
2024-01-09,0.43982085167460766,0.434457441855858,0.4328620580363649,0.43396827981276664,0.03439762140733399
2024-01-10,0.4414664987181585,0.4367131989748939,0.44533148557225954,0.4463868595702333,0.02033221010901883
2024-01-11,0.43082102315173504,0.4371746674499437,0.4352621429723168,0.4522309483103176,0.027276114965312192
2024-01-12,0.42511257474487546,0.4302536401881166,0.4335926217194308,0.4428388074497317,0.011753419226957381
2024-01-16,0.4259353552521952,0.4267161869143523,0.42967952978934143,0.4401776263431112,0.031511595639246784
2024-01-17,0.4139525602601876,0.41794941637555505,0.42169694892278187,0.4291678287467774,0.03284202180376611
2024-01-18,0.40706121432346104,0.409592919299257,0.40750584902459364,0.4216019824295434,0.04226759167492568
2024-01-19,0.41086700431437156,0.40692717385920174,0.40818421685527195,0.414244836070213,0.03325906838453915
2024-01-22,0.42228385811363506,0.41800064040862395,0.41919263382231897,0.420401728103857,0.020352824578790885
2024-01-23,0.4249581528491582,0.4228710951839184,0.42931429950351674,0.4331333928057308,0.020798414271555998
2024-01-24,0.41631831230546584,0.4233325883388094,0.42467097894360384,0.43709914488828094,0.021418434093161545
2024-01-25,0.4316438036590548,0.42579335201842483,0.42493174606760675,0.4302114629049505,0.01698790882061447
2024-01-26,0.4334439586272341,0.42948473402511134,0.4386535175152808,0.44383028887960063,0.02409672943508424
2024-01-29,0.4282496189940825,0.42938203970632327,0.4110536892805541,0.4429952677983391,0.053657879088206156
2024-01-30,0.42310681067877737,0.42025649169770063,0.4188274670635753,0.43198552251539857,0.021951238850346878
2024-01-31,0.4157011839105204,0.42153819019888017,0.4246709614347405,0.4315159527611524,0.06833221010901884
2024-02-01,0.4431635910506447,0.437020747803047,0.4222708183220589,0.43365517000146847,0.033596828543111995
2024-02-02,0.4486664303595857,0.4501963599783462,0.4435054279888958,0.44696079284804635,0.03616412289395442
2024-02-05,0.4324152249063506,0.43917402704321884,0.4379229025856878,0.4507698913808805,0.05077819623389496
2024-02-06,0.44321503633958,0.43702079320361087,0.4377142198824845,0.44262998114038876,0.02185133795837463
2024-02-07,0.455043581493693,0.4602448784723697,0.4575401299489995,0.4757114330315152,0.039395837462834496
2024-02-08,0.45848921144760063,0.4607062256619263,0.46583572154281083,0.4653277766555248,0.023020019821605554
2024-02-09,0.4540150198306319,0.4529137004623288,0.46296619007127693,0.46569308772128726,0.020570069375619424
2024-02-12,0.46877482807821075,0.467422219463029,0.46922697360842724,0.4679889619967872,0.031673339940535186
2024-02-13,0.451854919897728,0.4544515176869037,0.45404437205019454,0.46642345269036267,0.024842021803766105
2024-02-14,0.44630072132876303,0.44532601380420633,0.4496097182454736,0.4532222509137329,0.02364638255698712
2024-02-15,0.4529863721386596,0.4564509620249717,0.4584269470361968,0.4589618685730653,0.02081110009910803
2024-02-16,0.46985483503020703,0.46685826206900993,0.45686188993089527,0.45864888937058346,0.04479207135777999
2024-02-20,0.47700461181636783,0.4819651531044299,0.48391491754848115,0.4867266860979562,0.03138473736372646
2024-02-21,0.4713054545319246,0.47029284903942903,0.4768191641158339,0.48309952132707557,0.012871357779980181
2024-02-22,0.47933590928268516,0.4761289431897713,0.47750252106012614,0.48036615581481656,0.015993657086223984
2024-02-23,0.48524213815653855,0.48542540550743873,0.49022200471263067,0.49187798800184246,0.031847770069375614
2024-02-26,0.47835148045110215,0.47597396253994495,0.48333661952079987,0.4899330366532495,0.03745014866204163
2024-02-27,0.4878845161659831,0.48299806827200664,0.4904322804192168,0.49087930575963534,0.02151040634291378
2024-02-28,0.48503489450930587,0.4826880857245228,0.49148334643499847,0.49371776329505035,0.012734985133795836
2024-02-29,0.49270247931235894,0.4899184972196563,0.4985788390911483,0.49928955743862635,0.04682021803766105
2024-03-01,0.5049813858169339,0.4996799623149696,0.49857905246567125,0.5037578565980093,0.044246580773042624
2024-03-04,0.4801130944670356,0.4957031488942406,0.48854004233707604,0.5034949514048307,0.12052963330029733
2024-03-05,0.5738354852354279,0.5767887290416623,0.5680106039879402,0.5711465351114347,0.340798414271556
2024-03-06,0.5995325791164345,0.6029219270618805,0.6015962395759861,0.6035266982316646,0.11829534192269574
2024-03-07,0.5891707408704454,0.6015790857856589,0.600124519411185,0.6181397993045193,0.03408523290386521
2024-03-08,0.5797415420514589,0.5861882544415096,0.5902957627357476,0.5989008588468239,0.02961189296333003
2024-03-11,0.5711931932548946,0.577356782564921,0.5757367618584605,0.5928559755591819,0.026120118929633302
2024-03-12,0.5686026046500305,0.5695062964461123,0.5802042363148074,0.5847081895564641,0.012636669970267595
2024-03-13,0.5639398376595732,0.561656038487327,0.5626493577162897,0.577349163154805,0.06423944499504461
2024-03-14,0.5517129786463124,0.5597451842546181,0.5566049825239157,0.5748260247759056,0.029664222001982165
2024-03-15,0.5512467019472667,0.5498289827207545,0.5548705632530174,0.5543781013014815,0.05676432111000991
2024-03-18,0.5687062694881024,0.5650131501326142,0.5587073892644181,0.5602128359783969,0.02686858275520317
2024-03-19,0.5719185030057534,0.5671823339954752,0.5737395303715052,0.5764556074733125,0.01261129831516353
2024-03-20,0.5835754204818966,0.5773050580387177,0.5794159085818968,0.5809235180666822,0.023381565906838455
2024-03-21,0.5820730115755988,0.57890619222241,0.587772997264519,0.5953790768174612,0.01790445986124876
2024-03-22,0.5740944322583297,0.575239193392239,0.5852501097309037,0.5918571714345218,0.015039048562933598
2024-03-25,0.594973390935138,0.5928507513728963,0.5917674409908047,0.591857134761881,0.04388344895936572
2024-03-26,0.5948696400681548,0.5960527192113327,0.6045394092506137,0.6056817270946899,0.03199524281466799
2024-03-27,0.6053869325567962,0.6026635950343743,0.6117926973386011,0.6134089218427942,0.051566303270564925
2024-03-28,0.6185465170259712,0.6125798509987717,0.617837196804421,0.6181398396093178,0.035219028741328054
2024-04-01,0.6217068751101305,0.6356143908775469,0.6334474833757048,0.6379569985655111,0.03840951437066402
2024-04-02,0.6135210521456289,0.6151105834882504,0.6199395664928714,0.6320696265721986,0.024212487611496535
2024-04-03,0.6096352982816995,0.61149523563729,0.6199920931276307,0.6261822508405416,0.024399603567889002
2024-04-04,0.592693882873401,0.6117019195955518,0.6035935017713844,0.6278118961584415,0.03360475718533201
2024-04-05,0.5903624133492611,0.5874794495565167,0.5933442664724511,0.6003727055992334,0.013301090188305251
2024-04-08,0.5796379632422981,0.5853620266542451,0.5911893322666212,0.5965880344889893,0.009953617443012885
2024-04-09,0.5896371035984023,0.5833477768626858,0.5892971492302294,0.5918571615508544,0.0055722497522299325
2024-04-10,0.5895852281649108,0.5839674979633441,0.586616610824495,0.5913314602799276,0.010362735381565905
2024-04-11,0.588082905287524,0.590113587720818,0.5952365222367068,0.60652293854742,0.01193577799801784
2024-04-12,0.5610903880607185,0.5798358108551369,0.5710064101676317,0.5961676181417995,0.03261050545094153
2024-04-15,0.5553396134295174,0.5733283571841504,0.5666965665727376,0.5875468495617071,0.05677224975222994
2024-04-16,0.546584107014632,0.553702676925869,0.5522427508629029,0.5658901025604957,0.03100733399405352
2024-04-17,0.5525419532352431,0.56372202678459,0.5609674711676665,0.5748260377130587,0.03496531219028741
2024-04-18,0.5634736469894388,0.5616044909769564,0.5673797816653,0.56935928326578,0.026549851337958372
2024-04-19,0.5723846936758878,0.5664592105555734,0.5762097778219056,0.5778222055983977,0.029841823587710602
2024-04-22,0.5662193457213103,0.5696612172732396,0.5723202489298119,0.5853389340737368,0.010470564915758176
2024-04-23,0.5631108630706425,0.5640834340185027,0.572688292049618,0.579451731035896,0.006265213082259663
2024-04-24,0.5570492659830479,0.5564913800414608,0.5658029261943924,0.5657322185272345,0.018017046580773046
2024-04-25,0.5523864989925908,0.5493124767339285,0.5573407956930918,0.5597397807957457,0.026109018830525275
2024-04-26,0.5539407833323802,0.5551485965394745,0.5623865753907886,0.5663629830639427,0.0093605550049554
2024-04-29,0.5487079887758941,0.5522563439450701,0.5514540790259188,0.563997517546612,0.0190810703666997
2024-04-30,0.5344604826948867,0.5362974375536557,0.5428342207638129,0.5521702705330497,0.032336174430128845
2024-05-01,0.5108874426329648,0.531132794522371,0.5213373112175608,0.5436547567852089,0.045713379583746286
2024-05-02,0.5196431211056729,0.5156903141022401,0.5185516022973795,0.5250465436444285,0.03781645193260655
2024-05-03,0.5192287198401189,0.5243154084648662,0.5291161795581943,0.53403532961031,0.03658275520317146
2024-05-06,0.5208347935844886,0.5144507715062385,0.5222307843393349,0.5289889527042404,0.028849157581764127
2024-05-07,0.5315074542868712,0.5349029906791476,0.5397857812161118,0.5449163516154747,0.031671754212091174
2024-05-08,0.5272590885619681,0.5291701923308312,0.535318248730269,0.5340352967754719,0.018760753221010906
2024-05-09,0.5517648540798039,0.5454389998292212,0.5355810641197759,0.5363482643292141,0.01653597621407334
2024-05-10,0.5455995061252263,0.5518947843397858,0.5495619280189259,0.5635244551424929,0.014571258671952431
2024-05-13,0.5340460814293326,0.5454389537180276,0.543727808903973,0.5614219003431482,0.01797898909811695
2024-05-14,0.5296641988341493,0.5367230034105468,0.5389007114638719,0.546669075101701,0.019230128840436077
2024-05-15,0.5221001928402569,0.5340189245024133,0.530750800732197,0.5483098713796977,0.016943508424182362
2024-05-16,0.5384801835736526,0.5473834964598587,0.5449338454933378,0.5464044946507547,0.059269772051536176
2024-05-17,0.5357676059726175,0.5308467560052524,0.5416527045379921,0.5460339402066946,0.03980654112983152
2024-05-20,0.5179271024127088,0.5325629582653265,0.5250354276565034,0.5445521021190987,0.04652527254707632
2024-05-21,0.5130755879909406,0.5119699083714752,0.518102549927374,0.5276683270938154,0.07604836471754213
2024-05-22,0.4478164647163067,0.45388325020454867,0.44046649833865925,0.4420850109572517,0.273201982160555
2024-05-23,0.4537632992362763,0.4534152102869732,0.4498865056917454,0.45245873295973005,0.0819171456888008
2024-05-24,0.45804082876209756,0.4541952082945172,0.4594124099989746,0.46516121335944827,0.03258830525272548
2024-05-28,0.4677959050969485,0.46308770856055204,0.46454587548865733,0.4656905781492544,0.04517898909811695
2024-05-29,0.4711344290563337,0.46667581529231117,0.46967921125358236,0.4712478768301619,0.024472547076313186
2024-05-30,0.4822457511772466,0.4782724307554749,0.4824863468760767,0.48432100254575794,0.043493359762140735
2024-05-31,0.5150579521931749,0.5124379576983734,0.4869317543950211,0.48622639298986614,0.0952356788899901
2024-06-03,0.4987300949800045,0.4997494388436834,0.5007972725035338,0.5032159620557248,0.04229613478691774
2024-06-04,0.4857929812753559,0.4981892770133717,0.4940761275811171,0.504697841061403,0.050560951437066404
2024-06-05,0.46910010339169633,0.4814965727843027,0.4762945448736734,0.4948005796201257,0.06740773042616452
2024-06-06,0.45751923547310974,0.46178760339133895,0.46729777714798715,0.47468813333882587,0.05054826560951438
2024-06-07,0.46205769068679187,0.4587195590049866,0.46253485793652316,0.46373232950033527,0.025619028741328046
2024-06-10,0.4752032524434308,0.47073190891109007,0.4700496173635652,0.4712477924699703,0.024680277502477702
2024-06-11,0.46304882977345346,0.4679239018894419,0.47190199079163375,0.48289191775589635,0.03325589692765114
2024-06-12,0.4661266001028003,0.4661558610431016,0.4675624791709597,0.47278283068600946,0.024881665014866206
2024-06-13,0.45517167854256363,0.4612675047917646,0.46465165227607397,0.4767522454300105,0.03132447968285432
2024-06-14,0.4368095816936672,0.4441588892982121,0.43729130452415643,0.45918060042020237,0.05588899900891972
2024-06-17,0.4566846690049469,0.450711175397707,0.44480618317342224,0.44637225126059576,0.05567651139742319
2024-06-18,0.44400830893033655,0.4496190853378068,0.4533793784100003,0.4622503158716237,0.023378394449950445
2024-06-20,0.44839019152552,0.4440027342845926,0.44972768661185625,0.4506061892111092,0.017974231912784935
2024-06-21,0.46273585659427846,0.4570034592015224,0.46168816105527055,0.46034498204770535,0.06590921704658077
2024-06-24,0.48130665958189917,0.4805083446089007,0.47613561770170854,0.4762759016508059,0.038656888007928644
2024-06-25,0.4660742945247524,0.47182392971447995,0.4741245401036539,0.4841090679637504,0.029198017839444996
2024-06-26,0.4681610117963489,0.4624116414668986,0.4666098051805675,0.47103618167710315,0.01509296333002973
2024-06-27,0.4658135408947141,0.46079954468619166,0.4686208169358881,0.4696600681333999,0.012343310208126856
2024-06-28,0.4726992949522086,0.46969192447009145,0.47296028907285526,0.47913393402471094,0.17882418235877107
2024-07-01,0.46070127284290735,0.4708879507637804,0.46740357682016076,0.4833681168249846,0.018135976214073344
2024-07-02,0.4588753952302604,0.46074745461793243,0.4641753028238643,0.4683367719720011,0.028562140733399407
2024-07-03,0.45579771092982485,0.4567952897416373,0.4636990122984356,0.46738418789536273,0.0021898909811694754
2024-07-05,0.4602318130741449,0.4578353980901354,0.4643870966117545,0.46325587262284196,0.03277700693756194
2024-07-08,0.4762466971081403,0.48664477031554854,0.4817982946219763,0.5019986105828717,0.05849117938553024
2024-07-09,0.4704041296286216,0.4744241324074774,0.4788346464830846,0.4815686723891469,0.021458077304261646
2024-07-10,0.46263141749600517,0.46313961471679066,0.45861861106643775,0.4786576483952564,0.0413954410307235
2024-07-11,0.49022699739076475,0.4862287069235539,0.4749714047997734,0.47627597129596266,0.051260257680872154
2024-07-12,0.49779100338465704,0.49532905568876195,0.4977805507044957,0.5052270690044353,0.0187195242814668
2024-07-15,0.4897054041017768,0.49434107831190677,0.49830987958143735,0.5072384081434599,0.03410426164519326
2024-07-16,0.5090587260662462,0.5024533749030927,0.5008500356808445,0.49982849713147637,0.03007492566897919
2024-07-17,0.5138580209388779,0.5114499134345413,0.51487430799646,0.5135366842417116,0.02947076313181368
2024-07-18,0.49382644703801065,0.503701518244189,0.5032315506882109,0.5176650634045834,0.02271080277502478
2024-07-19,0.4815153657206233,0.4839926522832443,0.4901070044312432,0.49988153011414094,0.02682735381565907
2024-07-22,0.48824471921744156,0.48544866245367957,0.48671997339997874,0.48881964196733785,0.034847968285431116
2024-07-23,0.4843323824199319,0.48139256525020824,0.49158883536662734,0.4932126877411369,0.0020170465807730423
2024-07-24,0.464405247617338,0.481184667693045,0.46862101762530173,0.49368917131126455,0.024329831516352828
2024-07-25,0.46357033703353007,0.47338406411398126,0.47227237904842145,0.4740529884970138,0.02417443012884044
2024-07-26,0.4777073819924757,0.47634837880804526,0.47894061716055647,0.47759924015898125,0.014775817641228938
2024-07-29,0.4663351341837019,0.465479631296256,0.4677739569031324,0.4782871252386903,0.01572725470763132
2024-07-30,0.47222992121235735,0.46750785258013794,0.47634736798106003,0.4782342803271059,0.014017839444995048
2024-07-31,0.48506276787655517,0.4888809111785233,0.48253927042792844,0.4853266627897419,0.06736967294350843
2024-08-01,0.46737866487732277,0.4834207505610183,0.47274883998693695,0.4985584807033253,0.03626878097125867
2024-08-02,0.4264285590004662,0.4525832019047854,0.4301996986781893,0.46738428032814394,0.07898989098116949
2024-08-05,0.3987807165421144,0.40541701983147116,0.4004576914956981,0.4180560493859803,0.08551040634291378
2024-08-06,0.3986765785450305,0.40312904060782884,0.40485033371146395,0.4101700122091517,0.055663825569871164
2024-08-07,0.39669417132834045,0.41269736597878903,0.405326518069013,0.41900874669916144,0.027187314172447966
2024-08-08,0.39930248188892487,0.40354501032139,0.4038977243791826,0.4116519071516377,0.038038453914767095
2024-08-09,0.4072837281024429,0.4015168412270088,0.40220411369383413,0.4054064604610208,0.03620059464816651
2024-08-12,0.4047798566401319,0.40640505066182464,0.40945440511594466,0.4105933534186901,0.034892368681863226
2024-08-13,0.4133350017206859,0.4083291868957717,0.4070729424111861,0.4163623893442746,0.02893320118929633
2024-08-14,0.40864001690296053,0.40832915097926414,0.4168104675512809,0.42176094596715863,0.05300773042616452
2024-08-15,0.43941772019642905,0.4445747757732875,0.4435358780211869,0.45663989429042695,0.0498775024777007
2024-08-16,0.45183306855426725,0.44644686186818905,0.4452822993602251,0.4451547087691937,0.031376808721506444
2024-08-19,0.4549109249125253,0.46932789781939244,0.4639636559007253,0.4630441415289689,0.04649038652130823
2024-08-20,0.4533459729877392,0.45403922119268725,0.4558137913723974,0.46304417303578227,0.0843591674925669
2024-08-21,0.5376740066462067,0.5736924876833143,0.5475442694930812,0.590803215099344,0.38179425173439047
2024-08-22,0.5248986272947325,0.5355386469017558,0.533943648160784,0.5511706927166276,0.09446501486620416
2024-08-23,0.5337309575273761,0.5329182074348067,0.5356504375105521,0.5387956159065409,0.02684796828543112
2024-08-26,0.5358337622053788,0.5445529194363774,0.5422105778272011,0.5480234950707692,0.034251734390485636
2024-08-27,0.5346771895223583,0.5337043378999365,0.5410905482218018,0.5458365434496728,0.027862834489593657
2024-08-28,0.5251089679827707,0.5261051618599191,0.5300502604327387,0.5397024744034751,0.018573637264618432
2024-08-29,0.507023454083585,0.5153086228525161,0.5128760126918418,0.5317544144915954,0.03780852329038652
2024-08-30,0.5080750714948645,0.5042504718360243,0.5113827884780738,0.5180459639529963,0.038660059464816654
2024-09-03,0.49850667789745434,0.5084956223362032,0.5069025734799417,0.5143120524936515,0.04084519326065411
2024-09-04,0.5020816093049902,0.5021016792410604,0.4936752756474456,0.5124983621834398,0.037198017839445
2024-09-05,0.4990324005741828,0.5011059610076477,0.5032757515116574,0.5146854339784527,0.029553221010901885
2024-09-06,0.49577276512642593,0.4999528527479066,0.5035423429187447,0.5069508888572217,0.040434489593657086
2024-09-09,0.4921453560830194,0.4978042422328367,0.4994356652248715,0.5056708549187957,0.035520317145688804
2024-09-10,0.4785812636730857,0.4865885957324678,0.4855683691035074,0.5015101453156741,0.0413557978196234
2024-09-11,0.47479599157751157,0.4718616913186443,0.47127443698996785,0.4836942706754206,0.04113855302279486
2024-09-12,0.4808419314032561,0.4771549121610509,0.4816214750551454,0.4842276478175521,0.031053320118929636
2024-09-13,0.49619344650250224,0.4962318583213544,0.4969287934763703,0.4968695108013478,0.03325431119920713
2024-09-16,0.5039742453527774,0.5021016646100964,0.5034890579412467,0.5087644876283295,0.030667988107036668
2024-09-17,0.4993478685917844,0.5018396437487309,0.5054091801992979,0.514045325430966,0.02643567888999009
2024-09-18,0.507969944165301,0.5141557435737075,0.5125027506155575,0.5116450108237732,0.02813557978196234
2024-09-19,0.5231636822412906,0.5212309865465234,0.5263700056356665,0.5334614844985047,0.057143310208126866
2024-09-20,0.5140157979621343,0.5212309265951885,0.5207163940118185,0.5351682962096231,0.09347234886025768
2024-09-23,0.5168547520338149,0.5125834822241193,0.5152228608061065,0.5238067188529612,0.022715559960356787
2024-09-24,0.5215339505463235,0.5235371144295766,0.5290368982148876,0.529834365053378,0.025669772051536175
2024-09-25,0.5156982653797058,0.5187677708024323,0.5218898581898784,0.5319145641401678,0.013077502477700693
2024-09-26,0.5204823331350439,0.5230652882027758,0.5270099582622649,0.533194714781712,0.02002299306243806
2024-09-27,0.5162764656923047,0.5218598543346928,0.525196602344478,0.5330347304720616,0.02492765113974232
2024-09-30,0.519851483128752,0.5157804389293715,0.5222098012317019,0.525993642419737,0.022821803766105053
2024-10-01,0.5006095686043683,0.5108015346964105,0.5070091668771314,0.526367089868693,0.03963052527254708
2024-10-02,0.4911463023365216,0.49534086457608595,0.4994889077062048,0.5072176455197503,0.02061129831516353
2024-10-03,0.48694052092269374,0.4825006983559845,0.48658167871110447,0.49777628848270294,0.05224816650148663
2024-10-04,0.5041845860408156,0.50278292961793,0.5067425292607898,0.5086044725030362,0.03269613478691774
2024-10-07,0.4837861848623228,0.49628441832310666,0.48855525757982,0.5123918892268065,0.028641427155599603
2024-10-08,0.4959831058144641,0.4918294343703299,0.49335524179787593,0.49297555224856404,0.02741565906838454
2024-10-09,0.5118077799256568,0.5057703310770858,0.5010356362379679,0.5066842367569626,0.03201744301288405
2024-10-10,0.5204297694702622,0.5153086708480067,0.5120760601900487,0.5214596729746548,0.026067789890981168
2024-10-11,0.5335207028682492,0.5287779307912618,0.5339969722503569,0.5340482663042014,0.033282854311199206
2024-10-14,0.5309444810915658,0.5326036801946462,0.5346369640866508,0.5421026510630864,0.016477304261645193
2024-10-15,0.5452444648084438,0.5427710253047847,0.5447173480949903,0.5445029586042638,0.023668582755203175
2024-10-16,0.5356760712110336,0.5390499758352534,0.5447706831510202,0.55543792632317,0.025836273538156592
2024-10-17,0.5200093461809197,0.5295117383408904,0.5290901976252674,0.5457300635823229,0.021954410307234887
2024-10-18,0.5250036685953847,0.5195538987230722,0.5248232719012662,0.5329813942650389,0.023682854311199205
2024-10-21,0.49382756541385714,0.5142604985656142,0.5000221749139078,0.5303676171920052,0.046937561942517345
2024-10-22,0.4847849805220867,0.48396813977380093,0.4925019185911411,0.4985763662338749,0.020928444003964323
2024-10-23,0.47879160436112383,0.47930374083369465,0.48588837080749525,0.489455089982756,0.0391167492566898
2024-10-24,0.4899896436245899,0.48512107942054616,0.49234185209352554,0.49414906071194076,0.024818235877106045
2024-10-25,0.495141915120134,0.49864263313267276,0.5047690438166227,0.5064174523368271,0.04102279484638256
2024-10-28,0.4853631808346857,0.5002148665613019,0.4958619688432142,0.5124982777985599,0.01630921704658077
2024-10-29,0.4781605822970095,0.48365361658096384,0.4875416727527665,0.4924954029583296,0.02198295341922696
2024-10-30,0.4812625267504212,0.48140003063090997,0.4873817179630483,0.4876947833015647,0.01625847373637265
2024-10-31,0.48925383834655706,0.48627430643810665,0.4895152976814795,0.49324241341091546,0.027501288404360755
2024-11-01,0.4934595337314737,0.49203913091311147,0.500288890549801,0.5057240840886488,0.015184935579781966
2024-11-04,0.4889909339937372,0.496546337652528,0.49863560685952113,0.500816818663398,0.02845272547076313
2024-11-05,0.4942481607610221,0.49209148694409155,0.4971953966034106,0.4984162755666459,0.01898275520317146
2024-11-06,0.47479599157751157,0.4914102500233388,0.47346121287478127,0.50743104018299,0.09532447968285432
2024-11-07,0.49382756541385714,0.49429266035565655,0.4869016840857435,0.4866279440269232,0.053388305252725476
2024-11-08,0.4878869249754985,0.49088630026286706,0.4977289844323777,0.5064176409184759,0.028993458870168482
2024-11-11,0.5062874767477294,0.5071328722822854,0.49916879580895024,0.49836297503479055,0.032451932606541126
2024-11-12,0.5187474741105134,0.5195015084149568,0.5195964023925145,0.5239668077082948,0.05687849355797821
2024-11-13,0.5152775840036294,0.5190297479057582,0.5250365498339051,0.5277005688978187,0.03376491575817642
2024-11-14,0.507286444465316,0.5135268421995715,0.5149028959331664,0.5237533613200819,0.04091020812685828
2024-11-15,0.5002416229508964,0.5045649512943517,0.5099426643802327,0.5187926932423014,0.037954410307234884
2024-11-18,0.5235317139236739,0.5193443156967585,0.5145295720147954,0.5143654228155252,0.07941010901883053
2024-11-19,0.5205875464935186,0.5266291102179201,0.5210897566698952,0.5314344936797487,0.12170941526263628
2024-11-20,0.3449929893964851,0.37764733787460203,0.3454520961941121,0.38594997295274913,1.0000000000000002
2024-11-21,0.3443045860485581,0.3514644903212333,0.34749350832114856,0.3541974248056998,0.28735777998017836
2024-11-22,0.3624147902452764,0.3601745277095394,0.35109286099790005,0.3521020826142822,0.19401228939544102
2024-11-25,0.3916452205552234,0.39269198134593075,0.3846686102259004,0.38632611636569136,0.22138830525272546
2024-11-26,0.37056968581617916,0.3806034964834234,0.3792427808727993,0.3929345169782277,0.1330901883052527
2024-11-27,0.38931521352257487,0.38656851746650633,0.38289577040173184,0.3858962206822347,0.08325074331020814
2024-11-29,0.40107097821775933,0.3976540728793325,0.3989584320788798,0.3993816958932669,0.05594925668979188
2024-12-02,0.3926513716869004,0.3931143130415914,0.3866025943743998,0.40061740587093253,0.2013938553022795
2024-12-03,0.39651699478559416,0.3919529933311606,0.3922433206559347,0.3993817360569971,0.10574747274529238
2024-12-04,0.38920935494726566,0.38762425302163706,0.39288786768825257,0.4008323008551501,0.07224737363726462
2024-12-05,0.3844435253211154,0.38524886079877496,0.38998701268039215,0.39750123719714836,0.08504895936570862
2024-12-06,0.4014945845768186,0.397337243793093,0.39804514838155747,0.39669532190945944,0.0917962338949455
2024-12-09,0.41685113236737353,0.4254205268907779,0.414161511763945,0.4146938400380632,0.12882616451932605
2024-12-10,0.4155803132901959,0.4175023379227414,0.41577318284952236,0.42780313348921994,0.06470247770069376
2024-12-11,0.42050499530099344,0.42352019763884097,0.4222734279319229,0.4228066036028024,0.05259385530227949
2024-12-12,0.41685113236737353,0.4232561974821948,0.4260876261306292,0.43468022270124995,0.03750247770069376
2024-12-13,0.4127738351325169,0.4144406843232117,0.4159880945419515,0.42742715244614415,0.04386124876114966
2024-12-16,0.4018122463316573,0.4080532438251312,0.40750000309720513,0.4157683097431488,0.06356551040634292
2024-12-17,0.397311299723286,0.3932198057117333,0.39750792698093174,0.40496923946236285,0.06815143706640238
2024-12-18,0.39254542708267987,0.41581309682182355,0.40132217970373996,0.40373355651973164,0.08098632309217046
2024-12-19,0.39111562657748805,0.3931670298330957,0.400247744138161,0.40206801030511863,0.05973280475718534
2024-12-20,0.39667576114133,0.3948034242831848,0.3945532872077132,0.3952446592809695,0.09028979187314173
2024-12-23,0.39900576817397854,0.393747709861733,0.39374745026091884,0.40099349865224776,0.041270168483647174
2024-12-24,0.40154749235724535,0.39670379612988527,0.4043841944332155,0.4067421934961586,0.0024182358771060453
2024-12-26,0.42267614994899455,0.41924441082422936,0.41115321231767177,0.4099122315738095,0.05624261645193261
2024-12-27,0.41796322810327097,0.4200361555209384,0.42490578545407365,0.4242572394475381,0.025273339940535187
2024-12-30,0.4155803132901959,0.41660495070413384,0.41862040030168046,0.42033510894497217,0.03885668979187315
