Date,Open,High,Low,Close,Volume
2019-01-02,0.0,0.0,0.0,0.0013486905116222858,0.044442557232395805
2019-01-03,0.00441736687234523,0.0029583794993240375,0.0030288770814825283,0.0,0.04535649029589009
2019-01-04,0.00441736687234523,2.7909240233880972e-05,0.003000302769726626,0.001629667701034676,0.04353571955790243
2019-01-07,0.005570946756805362,0.0042422045650155615,0.0044004440620109,0.004720416790208237,0.04177879998339566
2019-01-08,0.009622544397263011,0.005888849757480885,0.006486368845037116,0.00657486624333653,0.037458544559957674
2019-01-09,0.011451390554819085,0.006949400899434688,0.008943759684712449,0.0057038369545608925,0.03064477719837726
2019-01-10,0.006302485219639609,0.00371192899403866,0.0042289981895642925,0.005900520987055624,0.05356705138692523
2019-01-11,0.00942559173364943,0.004577115451555425,0.00831512481843788,0.005563348359384934,0.024204622057219818
2019-01-14,0.007990650903320462,0.005023663299964121,0.007543618392428175,0.005872423268396265,0.03660872681093087
2019-01-15,0.010776124280782284,0.008233225965126267,0.010686792721889937,0.009525126736394551,0.036411611474714944
2019-01-16,0.012070384638176779,0.008958866219607009,0.011972636766195033,0.009806103926746523,0.02431731180311038
2019-01-17,0.013167692332898662,0.009935689638992606,0.012915589064651345,0.010901914967615778,0.02581812232106263
2019-01-18,0.014940266300716487,0.012698704454812804,0.014887216598742814,0.013683589146838482,0.029532041167363823
2019-01-22,0.015502988195276735,0.013340616987658593,0.014687196414540304,0.013009243891497158,0.04378562106627207
2019-01-23,0.02034239648830699,0.015908267119041697,0.016830269821078325,0.016437165607401827,0.045858824759584194
2019-01-24,0.018457278141953415,0.013424344709293545,0.013687095491616619,0.015453745443049116,0.04045837523917527
2019-01-25,0.020004763351758936,0.014680260533817935,0.014601473478316973,0.01146386934738014,0.03761393137781967
2019-01-28,0.013758550321857632,0.009544960271051728,0.012686994567737364,0.01180104197505083,0.02773535953184775
2019-01-29,0.014433816595894489,0.009796143435956584,0.01391568998757503,0.010817621809758593,0.023168401761988828
2019-01-30,0.014180591742542659,0.008791410776337105,0.007486469767960802,0.005450957483807861,0.07156649038892994
2019-01-31,0.008412692324005433,0.00898677545984089,0.008543719315351916,0.00834502253954722,0.09265198335469188
2019-02-01,0.012042248543778111,0.006558671531493809,0.004200423877808335,0.002809771898821589,0.07701522817719314
2019-02-04,0.006246213029901304,0.0031258349425939413,0.004886207367594764,0.0053666643268902026,0.03795541990326223
2019-02-05,0.010157130196483677,0.0063912160882239055,0.009658117486254836,0.007698775002865199,0.0293795233227173
2019-02-06,0.010663579902246534,0.00658658077172769,0.010229603728062031,0.007811165878442217,0.01591514585894069
2019-02-07,0.009763224871138287,0.008847229256804867,0.009600968862742976,0.010873817248016893,0.036060422738042566
2019-02-08,0.01322396452263691,0.008484409130031123,0.010001009232103564,0.0076425795646068995,0.029888182735034772
2019-02-11,0.011282573985604227,0.007535494950879407,0.01142972483614374,0.009384638142158175,0.025291816155335416
2019-02-12,0.014574497068828907,0.009824052677123774,0.013887115675819128,0.011548162504297799,0.02777550314428213
2019-02-13,0.01592502961596176,0.012140519643602021,0.015573000089484756,0.014273641245262203,0.024673783559514568
2019-02-14,0.016994201215344007,0.015489628509933628,0.015372979904326733,0.01590330894723646,0.037457436593319474
2019-02-15,0.020651893530456267,0.017722367754776924,0.020630653329526183,0.02003367363808145,0.05418862800848284
2019-02-19,0.030218165737980973,0.029388430309736313,0.029803007510197044,0.02624326953414835,0.13648830918117702
2019-02-20,0.028614408338437092,0.024253130046036797,0.020030592775007516,0.01972459872907012,0.11399539774627745
2019-02-21,0.02256514797214937,0.01750188475468928,0.02077352488926132,0.018347810498788475,0.031678414683961584
2019-02-22,0.023015325487233063,0.018168915604118874,0.02143073406729179,0.018797374002975764,0.043959843316983466
2019-02-25,0.02385940832954392,0.018085187882483922,0.021173565258621907,0.01758917208652938,0.05238350087892327
2019-02-26,0.02076443790899196,0.015098899142926003,0.01780179643224611,0.01638097017008311,0.04690323373539951
2019-02-27,0.01823218938394111,0.013228980024856452,0.017001715693524988,0.014751302468108851,0.04260504959439665
2019-02-28,0.01820405328860153,0.01624317800558156,0.017516053311820323,0.017223901739259806,0.06809283153998782
2019-03-01,0.02203056217198779,0.016494361170486416,0.015658723025708032,0.014245543526602844,0.06058319509187117
2019-03-04,0.01823218938394111,0.01378716483606729,0.016373080828205933,0.014020761774509172,0.0410020199821612
2019-03-05,0.018260325478339834,0.015461719269699747,0.018430431298520678,0.015397550004790816,0.029523801124087676
2019-03-06,0.018654230804626137,0.0149314436996561,0.017773222120490206,0.015172768253636781,0.019083717655897923
2019-03-07,0.017078609499481034,0.012698704454812804,0.016001614770601247,0.012896853014980503,0.029575442641966158
2019-03-08,0.016628431984397285,0.013312707746491403,0.015315831280814818,0.013290221080909548,0.02614724711282727
2019-03-11,0.018007100625928862,0.013759255595833408,0.01765892487155546,0.01579091807071986,0.02384261046762463
2019-03-12,0.01938576926746044,0.014205803444242104,0.01831613404958593,0.015481843161708475,0.02182856192025401
2019-03-13,0.01986408287788366,0.015908267119041697,0.019287660660753714,0.017336292615776405,0.02484793977247932
2019-03-14,0.020542233802694265,0.014822969329524982,0.018506440364909338,0.016549556483918426,0.02076719591860506
2019-03-15,0.020174490862233996,0.015048289846797847,0.01853516886548484,0.017114543197079612,0.09174988572290234
2019-03-18,0.020231066699372635,0.01858298791743157,0.02043124989773537,0.020617460820933853,0.02696007638620396
2019-03-19,0.025011724924415057,0.020603296412342542,0.024194683463571953,0.02115419819834302,0.024350161913303903
2019-03-20,0.02277697936402512,0.01796567143303096,0.021235647911938604,0.017736028581744834,0.03101773637886115
2019-03-21,0.020089627107466923,0.01678715814386622,0.01997159389043829,0.018922500680510768,0.03268962134826792
2019-03-22,0.021023128417431758,0.017909551752461228,0.019511937882185637,0.01671905249749095,0.03384275046764752
2019-03-25,0.018816670774670252,0.015356106294004246,0.018621354367211407,0.01640830980515834,0.024298784546412006
2019-03-26,0.020400794210788553,0.016001482618689666,0.01977049438640971,0.01683204984049902,0.020915186508842516
2019-03-27,0.019778460003204434,0.016029542458974533,0.011065758735918307,0.013696373580481425,0.04677911212181149
2019-03-28,0.01822262448659634,0.01325161827823862,0.015461219312505048,0.013470378895404866,0.04372047849796783
2019-03-29,0.01822262448659634,0.012690421473474489,0.01692637283707843,0.014600352321727184,0.039212118221967615
2019-04-01,0.0192975653894078,0.014626550448464115,0.018420254863182828,0.015419583056656527,0.04703287316959631
2019-04-02,0.018703519101333832,0.014486251247039783,0.016524173830932354,0.012933641517056116,0.030657610533809127
2019-04-03,0.016893092317601888,0.011932805787649547,0.01620816032460176,0.01363987490897739,0.026353666433793114
2019-04-04,0.017260835258062157,0.014402071726185184,0.017500942847633094,0.016238813791585816,0.014164507207892862
2019-04-05,0.020089627107466923,0.01698357702586034,0.020143964892935795,0.01827276596009353,0.01878829412750582
2019-04-08,0.020655385476971544,0.01712387622635142,0.02043124989773537,0.019402739387355483,0.02440882544490926
2019-04-09,0.021645462624075018,0.01706775654671494,0.02011523639236029,0.017877275260504866,0.01666856317291669
2019-04-10,0.020825112987446548,0.018442688716940492,0.02112073390963659,0.02044796480736133,0.014640419235400489
2019-04-11,0.0241913752887275,0.021557330979228295,0.023907398458772322,0.023837885088207555,0.025762151662015013
2019-04-12,0.02786880469238917,0.024896451964728394,0.02830285903440355,0.025984834599723283,0.02249798655802156
2019-04-15,0.028717442247586933,0.027393777743548897,0.02904980004745572,0.028442526802632095,0.022132262179559294
2019-04-16,0.03321522128787707,0.028740650073489582,0.03272704811156579,0.029854993586474643,0.0200501067028127
2019-04-17,0.0335263883911987,0.02876870991377445,0.03235357760503965,0.030504728306891826,0.011984872679566883
2019-04-18,0.03383755549452028,0.029891103521436146,0.03373254562884204,0.03056122697839586,0.011975495319542909
2019-04-22,0.03290405418455544,0.02916154767589607,0.03166409359313849,0.028273030789059572,0.021892229645549783
2019-04-23,0.03219685622220425,0.028460051670640918,0.031003338080857257,0.03025048428606325,0.021682332336593824
2019-04-24,0.033922419250228264,0.030031402722860534,0.03430711563844119,0.03154995372689773,0.019091957699174076
2019-04-25,0.0342052984349806,0.03087319792860682,0.03356017462538896,0.03152170439208529,0.01368602704579338
2019-04-26,0.026312969175781076,0.025794366851044415,0.02445323996779597,0.02590008659246723,0.0441140341178784
2019-04-29,0.03035814151990296,0.02484033228415866,0.02767083202365339,0.025984834599723283,0.03143511695025672
2019-04-30,0.030046974416581385,0.02742183758290051,0.02959564155647937,0.029600749565646067,0.02962811141368139
2019-05-01,0.03287576626598615,0.027113179340700233,0.029107257048606783,0.02541984788562257,0.023783558047066795
2019-05-02,0.029085185188047202,0.025008691324934607,0.02611949299639793,0.024826611836709367,0.02136045702190562
2019-05-03,0.03160280993318948,0.026944820299924288,0.03060113907471118,0.027453800054130284,0.02363720372544072
2019-05-06,0.02716160673003798,0.026383623495160158,0.02698134801175217,0.028527274809888148,0.01847458548081971
2019-05-07,0.030131838172289316,0.025317349568068193,0.02761337502250233,0.025250351872050047,0.018195025686677854
2019-05-08,0.025747210805335596,0.022146587624277292,0.02502780997739512,0.022425418304365008,0.02778110901521978
2019-05-09,0.024470187765309792,0.020553152908983907,0.023638287389827484,0.021775683583947825,0.030409301268886437
2019-05-10,0.025863676093154597,0.0266745589913589,0.026093211930759974,0.028506424109578377,0.048771412237952796
2019-05-13,0.027825935168076077,0.023966471508410803,0.024100390833017626,0.02276967480089631,0.0386371935996529
2019-05-14,0.026944340511377285,0.0231766126584399,0.026641959770085766,0.023905664763123224,0.03124207394175073
2019-05-15,0.027114971734465365,0.021737941182540355,0.02444696841564914,0.022741275051652743,0.034079026187625525
2019-05-16,0.03459430704671684,0.03189326924639563,0.02938569896289267,0.026802439166238035,0.1102546602373099
2019-05-17,0.02722872588444525,0.02622321107815645,0.02669972269988735,0.025524450458732806,0.07539630548059781
2019-05-20,0.027655303944047138,0.026307838811648554,0.027681692517024736,0.027398833896595087,0.03741109277022761
2019-05-21,0.030840420121843626,0.02537693373950184,0.028114914494836385,0.026262843934368174,0.03517058611454728
2019-05-22,0.03109636695835749,0.02757725481963047,0.030021091196443028,0.02941521607973574,0.038485526908185394
2019-05-23,0.03172201477854242,0.026166792588539434,0.028836951124522392,0.028364425364300005,0.031982525844801574
2019-05-24,0.03274580212177519,0.02887488007242084,0.03296700064594427,0.0306648050379974,0.017517016141846104
2019-05-28,0.03382646653905702,0.030793108706331285,0.03389120753232455,0.0299548113116056,0.059991731682784905
2019-05-29,0.032546732360251296,0.028846670827612386,0.031205231269319234,0.02910281883993543,0.03246401439313722
2019-05-30,0.03362739677847404,0.03056743474973006,0.03247601573737552,0.029301617083700993,0.021453423494130746
2019-05-31,0.030385403525687638,0.026420675789949166,0.028692543798585157,0.027171635904525537,0.028114731711283873
2019-06-03,0.031181682569901503,0.02828248593517596,0.03100306101358047,0.028648422854856748,0.03315815182320582
2019-06-04,0.033968659225591,0.0281978582016838,0.031118586874139098,0.03035240779819709,0.028390057752112865
2019-06-05,0.03436679874863885,0.03420642730575818,0.03446883683607338,0.035634761122740055,0.035271711917247095
2019-06-06,0.03931510423983292,0.03668884083210505,0.03908987126606395,0.037594343807393515,0.04378945859310504
2019-06-07,0.041419556000347524,0.03866348795656577,0.04154479580699644,0.040292319968621926,0.03458564576732433
2019-06-10,0.044974373163696846,0.04266920069230423,0.04535714921116535,0.04443868332999851,0.03103630032319656
2019-06-11,0.04929703083470599,0.04602610080211417,0.04934279140760556,0.0456314727907125,0.034129867915016834
2019-06-12,0.04906952253568708,0.04585684533512985,0.04983377631521868,0.04813065070723588,0.01863164525493011
2019-06-13,0.052140884565385404,0.04774686472423184,0.05055581294490474,0.04764785497385321,0.02486775843400103
2019-06-14,0.05151523674425956,0.04777507396904035,0.05139337543610489,0.04884064443362768,0.017830445962490813
2019-06-17,0.05248214701250242,0.04766223699073974,0.05081574613235612,0.04909624217588038,0.015050352216479677
2019-06-18,0.054415967549929,0.048818816020420985,0.052693041369539784,0.05048782987942041,0.020657470533786238
2019-06-19,0.054415967549929,0.04848030508458584,0.052577515508025585,0.05040263063168965,0.013420027002296518
2019-06-20,0.054472844623978056,0.050313905985004126,0.05376165558090179,0.05239061306558673,0.02132061424809485
2019-06-21,0.05595164856430768,0.055109477570713605,0.05659203916984429,0.05469099273928413,0.08131981064209341
2019-06-24,0.05922208035458909,0.05519410530513902,0.058815911988704006,0.05500338997908444,0.02888776223601423
2019-06-25,0.057487329578686464,0.05296557497926857,0.05699637968227744,0.05352660302781359,0.029420107186796
2019-06-26,0.057402013967142396,0.05197825141750484,0.056129935726654145,0.05193621708144763,0.015158250556974583
2019-06-27,0.05515536952009381,0.05037032447462103,0.052548634043602604,0.05176581858692564,0.02484091775875245
2019-06-28,0.05654885784793856,0.053191248936803104,0.056534276239087244,0.05287340879990893,0.03236712234375026
2019-07-01,0.05868174814594812,0.05448887418959353,0.05589888400458137,0.053242605537256904,0.025096065599216875
2019-07-02,0.057345136892152426,0.053473341383021344,0.05682309089096166,0.05602578094527655,0.014435562807771973
2019-07-03,0.05834048569789024,0.05570187170795843,0.05872926759352387,0.058070562877660714,0.008155380439104836
2019-07-05,0.060672445757423754,0.05525052379382267,0.05933577836265119,0.05710497140901627,0.010885725749308055
2019-07-08,0.06044493745934576,0.057196961672541624,0.06075097015664471,0.05920655283988768,0.01922292522583124
2019-07-09,0.0632034755775403,0.058466377680523485,0.06335030202351444,0.05966094882402673,0.02441819546740583
2019-07-10,0.0638575619361611,0.059115190307385324,0.06274379125438706,0.05994494631458347,0.01822037684386316
2019-07-11,0.06448320975634603,0.06004609537953204,0.06456332356176914,0.06261452272656831,0.01321283724095312
2019-07-12,0.06661610005435564,0.0623874626837031,0.06629621147301562,0.06454570566197826,0.012088456553947472
2019-07-15,0.06826553521871426,0.06326194926623291,0.06869337308319101,0.06562489612571792,0.009173579767028418
2019-07-16,0.07014247868021001,0.06441852829591421,0.06750923301031486,0.06500010164705688,0.010216154360992397
2019-07-17,0.06866367474082119,0.0635158324685759,0.067971336453505,0.06454570566197826,0.004350021326278819
2019-07-18,0.06735550202452045,0.0624156719275783,0.06664278905469156,0.06488650265102208,0.008283699118368688
2019-07-19,0.0692040069494621,0.06391076189309469,0.06698936663732308,0.06255772322808117,0.012478534185867925
2019-07-22,0.0666445385918506,0.061174465164404834,0.06254162099864824,0.05949055033044437,0.01779332541134741
2019-07-23,0.0638575619361611,0.05795861127770402,0.06037551110863465,0.05741736864881658,0.026843960015015125
2019-07-24,0.060757761368967766,0.05680203224802277,0.06037551110863465,0.057161770907503406,0.015273750575861379
2019-07-25,0.06118433942856971,0.05567366246314992,0.06063544429608608,0.05778656538710403,0.012882450394474766
2019-07-26,0.06101370820548163,0.05835354070222287,0.061097547739276226,0.0600585453115578,0.01932115270520596
2019-07-29,0.06306128289100632,0.05733800789565069,0.0609242589479605,0.0579285641323824,0.012112398905870961
2019-07-30,0.06084307698145269,0.05570187170795843,0.060664325760509064,0.057332169402025346,0.00689248924726938
2019-07-31,0.0604164989218508,0.055532616240040855,0.05477250686246221,0.05256101156010867,0.030197070626215603
2019-08-01,0.05589477148931776,0.05505305908202984,0.053877181441460475,0.04972103665454142,0.03932268008491065
2019-08-02,0.05424533632590001,0.049326582423240395,0.05049805001510316,0.04977783615302861,0.02612791272811431
2019-08-05,0.04929703083470599,0.04328980407435762,0.043104394926927136,0.03961072599053417,0.04016653242415694
2019-08-06,0.04414965558198802,0.042838456160221805,0.043104394926927136,0.04372868960360671,0.03610488815411868
2019-08-07,0.04651005417807558,0.0450951957299674,0.04405748327773046,0.046369866266347926,0.03802770188573182
2019-08-08,0.050825628420320956,0.04715887925702489,0.050920692944996515,0.04878384493608007,0.01672167953380364
2019-08-09,0.05096851556128251,0.046081692666215646,0.04784430591451583,0.04524507709001052,0.015391561915880845
2019-08-12,0.04713914020082399,0.04148947614912374,0.042417094832865154,0.0393661563122481,0.023547238301924362
2019-08-13,0.042938258275558916,0.04508954712258967,0.04244611735157894,0.04561607694486308,0.033950516732649136
2019-08-14,0.04359553912040692,0.04494781204519538,0.04328777040765569,0.042162924449552,0.0529547127123709
2019-08-15,0.06374262590472629,0.06076544671393436,0.057857075023651505,0.06068437874130306,0.1299993081200825
2019-08-16,0.06817212725477717,0.06442221171854451,0.0633713536623991,0.06154053225264594,0.06507921364677567
2019-08-19,0.06894371781201813,0.06399700648542861,0.06784082161311794,0.06388068518339923,0.03729382440723614
2019-08-20,0.06754342383755702,0.06189932733588782,0.06322624106691915,0.05885791791791928,0.02948418581362647
2019-08-21,0.06788635297379486,0.06198436838213778,0.062848948317907,0.05877230256716082,0.04447727841207767
2019-08-22,0.06279957077889597,0.05835595039356628,0.06131075480314435,0.05845837961218747,0.02861370558742635
2019-08-23,0.06114207995108034,0.05586141302601516,0.05777000746559913,0.05537622697266853,0.03038765556304081
2019-08-26,0.06097061538249099,0.056881905585680015,0.06093346205413219,0.058686687215462774,0.02818269189011174
2019-08-27,0.06342827419611624,0.05841264442471067,0.06177511510925343,0.05991384058165827,0.026693782841610888
2019-08-28,0.06302819020368183,0.05917801384375937,0.06226849793503175,0.0607699940930011,0.02402909372663028
2019-08-29,0.06851505639101513,0.06345841319002404,0.06699916855704113,0.0646512233439836,0.023294086268914178
2019-08-30,0.07080125063605092,0.06569782741789226,0.06871149718695291,0.06516491545041353,0.026484171696223743
2019-09-03,0.06702903013178885,0.06549939830935375,0.0675215739015333,0.06624937656503171,0.02822601265191262
2019-09-04,0.07277309317247665,0.06734195431921158,0.0713815689497076,0.06987375976185972,0.027054106799902857
2019-09-05,0.07843142392934016,0.07301135742617948,0.07268758231189343,0.06853245259496621,0.02737096324584584
2019-09-06,0.0720586574714322,0.06674666699266268,0.07080111856683241,0.06650622261824668,0.01649954322913565
2019-09-09,0.06937237923302114,0.06918451032906947,0.07016262314461863,0.07107237467811561,0.028419187735911896
2019-09-10,0.07363041601448267,0.07017665587269556,0.07329705521348234,0.07027329806759153,0.020262733571963423
2019-09-11,0.07365899344211047,0.06943963346875237,0.07254246971545802,0.07018768271589348,0.023382723599970175
2019-09-12,0.07551652626614325,0.07048847304352274,0.07451600101857137,0.07275614324992213,0.01743447629606391
2019-09-13,0.07697397509774173,0.07366333878387271,0.0775633655293827,0.07421160421845335,0.025993768052090648
2019-09-16,0.0752021745575332,0.07077194319831115,0.07300683002252256,0.06890345244981877,0.028931105010397324
2019-09-17,0.07171572833425344,0.06941128645271355,0.07262953727351035,0.07158606678454549,0.019672334104350927
2019-09-18,0.07625953939575641,0.07094202529174415,0.07532863155497876,0.07344106605880851,0.014810547145819728
2019-09-19,0.0776598333711584,0.07258615219306347,0.07704096018489054,0.0732983738072312,0.00953642783474781
2019-09-20,0.07751694623113764,0.07210425292880324,0.07712802774198746,0.07292737395237864,0.06958879928985257
2019-09-23,0.0754022165546912,0.07428697312552718,0.07643148728234611,0.07475383477576242,0.02795908074243528
2019-09-24,0.08008891475621488,0.07839729037835885,0.08063975255986339,0.07697983390487811,0.04117765837566181
2019-09-25,0.08071761817437595,0.07516573060686454,0.08005930217698815,0.07717960305821375,0.01859087061513887
2019-09-26,0.08166067330020627,0.07751853289608823,0.081162157905311,0.07669444940172349,0.013907187459316468
2019-09-27,0.08283234785082244,0.0766114283996453,0.07988516706183896,0.0771225261573949,0.00982416897194657
2019-09-30,0.08128916673539971,0.07720671572526094,0.08223599111396457,0.07777891051540209,0.01106523835727867
2019-10-01,0.08180356044022696,0.0762712642127793,0.07979809950474209,0.07541021913470919,0.0120711840144354
2019-10-02,0.0776598333711584,0.07184912978912039,0.07367434796249456,0.07047306721998764,0.0287058722691643
2019-10-03,0.07331606430587262,0.06972310362354084,0.07068502849006625,0.07101529777729682,0.023766564333596123
2019-10-04,0.07480209056509884,0.07397515595469994,0.07535765407369255,0.07629491109599168,0.02034565496917069
2019-10-07,0.07966025333521193,0.07397515595469994,0.07736020789551973,0.07364083521120462,0.01949759088919376
2019-10-08,0.07597376511571502,0.07502399552947037,0.07672171247426146,0.07463968097412477,0.025316558297746077
2019-10-09,0.07988887275999773,0.07680985750818387,0.08066877507953268,0.07849237177516766,0.013458094094475206
2019-10-10,0.08194644758024772,0.07845398440950319,0.08235208119073067,0.0804329864001892,0.01688509360664703
2019-10-11,0.08486134524344457,0.08080678669872687,0.08270035142007359,0.08223090877363337,0.029739318979036086
2019-10-14,0.08466130324628657,0.0800981113098892,0.0838032071483964,0.07917729458405409,0.018375910412273263
2019-10-15,0.08317527698706029,0.07876580158033042,0.08313568920746883,0.0802046787969139,0.024135385148623425
2019-10-16,0.08311812213086384,0.07910596576626322,0.0838032071483964,0.07989075584288008,0.015030269403971376
2019-10-17,0.08414690954145931,0.07950282398427361,0.08455779264642077,0.08108937075913591,0.013682116143686356
2019-10-18,0.08637594893029865,0.08049496952789958,0.08389027470549326,0.07909167923235605,0.025655192525027983
2019-10-21,0.08308954470323604,0.0783122493311757,0.08299057661198894,0.08080398625504182,0.010098724572398007
2019-10-22,0.08437552896624512,0.07927604785969622,0.08464486020351764,0.08034737104943074,0.0036712853662339458
2019-10-23,0.08271803813842954,0.07836894336232003,0.08261328386297673,0.07969098669048397,0.005660034119111101
2019-10-24,0.08266088328223303,0.07757522692723257,0.08209087851752911,0.07897752543165798,0.006061807769715596
2019-10-25,0.08223222186123008,0.07689489855443371,0.08119118042402479,0.07880629472920148,0.003435787424160907
2019-10-28,0.08294665756321534,0.07794373812920413,0.08214892355591219,0.07931998683563135,0.009600961388277405
2019-10-29,0.08080335045820025,0.07519407762290337,0.07794065827839491,0.0734125276088689,0.01976892531511427
2019-10-30,0.07703112995393818,0.07417358506323846,0.07785359072129805,0.07612368039353518,0.006604542659303273
2019-10-31,0.07917443705895327,0.07391846192355561,0.07721509530003984,0.07372645056290267,0.020432912845074497
2019-11-01,0.07914585963038467,0.07303970444128499,0.07837599606579015,0.07475383477576242,0.012229784669300917
2019-11-04,0.080517576177218,0.0762712642127793,0.07820186095064097,0.07461114252418516,0.018689010044184728
2019-11-05,0.07846000135696796,0.07635630525902914,0.07794065827839491,0.07829260262277155,0.01553274328068618
2019-11-06,0.08174640558403051,0.07771696200556005,0.08267132890135981,0.08011906344615538,0.011133968976484096
2019-11-07,0.08508996466728957,0.08140207402527577,0.08508019799091293,0.08220237032369376,0.017202830555878647
2019-11-08,0.0859758649378643,0.0812886859629871,0.08333884684133186,0.07994783274369888,0.012744218715686359
2019-11-11,0.08137489901922396,0.07774530902066557,0.08142336057755706,0.07880629472920148,0.017190107283357865
2019-11-12,0.08394686754524211,0.07879414859543593,0.08296155409231959,0.07903460233247683,0.021766941365104316
2019-11-13,0.08268946070986083,0.0826493427085847,0.08252621630492435,0.0843427541011113,0.043393041337506405
2019-11-14,0.09823558157648077,0.09404484295459797,0.08499313043381601,0.08340098523901007,0.14974559960899392
2019-11-15,0.08703322977608752,0.08162885014891985,0.08171358576851695,0.07832114107271121,0.05897670216670042
2019-11-18,0.0806604633181795,0.08126033894694829,0.0813072705007909,0.08225944722451262,0.0326674400029217
2019-11-19,0.08540431637589974,0.07981464115510079,0.08557358081669125,0.08123206301071323,0.011875682934248642
2019-11-20,0.08569009065688199,0.08015480534103353,0.08177163080689998,0.07906314078241644,0.021859790436890954
2019-11-21,0.08174640558403051,0.07879414859543593,0.08255523882459365,0.08114644765995477,0.016187536888807568
2019-11-22,0.08551862608829264,0.07964455906166779,0.0842965899732192,0.07971952514136316,0.012820382250153351
2019-11-25,0.08508996466728957,0.07885084262658026,0.08032050484923425,0.07846383332428847,0.027776427672735204
2019-11-26,0.08211791214883712,0.07680985750818387,0.08191674340333538,0.07923437148487295,0.030790463805009455
2019-11-27,0.0833467415556497,0.0782272082849258,0.08272937393974289,0.07800721811867745,0.009812942555016461
2019-11-29,0.08263230585366438,0.07870910754918609,0.08351298195648105,0.07894898698077879,0.0077885480940043696
2019-12-02,0.08266088328223303,0.0770366336327612,0.08014636973408507,0.07949121753808785,0.026228099327306246
2019-12-03,0.080517576177218,0.0758460589796634,0.07994321210022204,0.07775037206546248,0.034197175053905626
2019-12-04,0.08257515099840879,0.07652638735246214,0.08148140561594014,0.07780744896628133,0.025393587660446897
2019-12-05,0.08191404088335114,0.07683972388178767,0.0804495432839219,0.07923437148487295,0.016560209905722652
2019-12-06,0.08398080595041074,0.07974403400945135,0.08482236570698887,0.08244495436649851,0.016472284314824965
2019-12-09,0.08538735439819906,0.0799148757816669,0.08558032159333528,0.08124098578565403,0.019959158050624027
2019-12-10,0.0847558428505581,0.07906066692058927,0.0851138872021785,0.0806103355772666,0.016042818835792876
2019-12-11,0.08489936820212363,0.07931692957891257,0.08368543187699146,0.08020901271635872,0.00920940157582108
2019-12-12,0.08375116538677685,0.08062671649860931,0.08412271411929817,0.08238762252962861,0.015065203371948
2019-12-13,0.08421044651310372,0.08216429244854895,0.0851138872021785,0.0839069162146669,0.023997300220383124
2019-12-16,0.08782728538045803,0.08415744645804102,0.08919518813005584,0.08462356417976846,0.023882805442750853
2019-12-17,0.08934865411006326,0.08515402346232043,0.09001144831601354,0.08674484215522893,0.01819681604336475
2019-12-18,0.09095613805173691,0.08509707620522633,0.08750436345948476,0.08267428171585722,0.022060016884726728
2019-12-19,0.08644944200241833,0.08176566164702387,0.08732945056256214,0.0833049319242446,0.01737703079400783
2019-12-20,0.09087002284060941,0.08634991586782897,0.08802910215025284,0.0839069162146669,0.042979953219642944
2019-12-23,0.08719577383187621,0.08227818696367034,0.0850847350523729,0.08029501047213333,0.017536379876668683
2019-12-24,0.08412433130197627,0.07917456143477752,0.0850847350523729,0.0816709745645271,0.0009654327225096133
2019-12-26,0.08550217468001597,0.07988640215265319,0.08490982215545018,0.08169964048343181,0.015613588157637755
2019-12-27,0.08644944200241833,0.08014266481097648,0.08578438664006366,0.08190030191388575,0.010624296985384692
2019-12-30,0.08604757101747035,0.07977250763753174,0.08543456084621831,0.08135564946033341,0.006236624360146822
2019-12-31,0.0851864189061955,0.07974403400945135,0.08269425879411113,0.07975035801952052,0.020662981016867612
2020-01-02,0.08334929440182892,0.08000029666777464,0.08418101841795389,0.08003701720480955,0.03425540567139408
2020-01-03,0.08165569524996869,0.07686819750986806,0.08094512982488433,0.07702709575269828,0.024238704872017427
2020-01-06,0.07915835412727168,0.0748750435013093,0.07855465356757807,0.07633911370650137,0.0318606862022366
2020-01-07,0.07875648314138278,0.07325204666526192,0.07689298104681264,0.07321452858065042,0.03487889738760447
2020-01-08,0.07600079638624418,0.07100262999744655,0.07537706927316429,0.07206789183667578,0.02773190355643985
2020-01-09,0.07557022033060679,0.07282494223472308,0.07654315525296729,0.07550780206766006,0.025444018486303514
2020-01-10,0.07869907300094481,0.07273952134861533,0.07625163375777766,0.07269854204600273,0.02904856414910133
2020-01-13,0.07623043694893722,0.07049010468080003,0.07447335263970073,0.07126524611673918,0.02946911453233599
2020-01-14,0.07361827554442324,0.06952200130553432,0.07377370105201003,0.0721252236744852,0.03294405744857404
2020-01-15,0.07120704963285374,0.06855389792933536,0.07199541993297764,0.06954529100124701,0.03930202494526473
2020-01-16,0.07370439075555074,0.0687247397015508,0.07421098329431675,0.07132257795360908,0.02400485787361058
2020-01-17,0.07528316962653492,0.06977826396385756,0.072345245726823,0.06862798160569145,0.058314864532269944
2020-01-21,0.07109222935197768,0.06804137261268878,0.07199541993297764,0.07043393447695823,0.0385687711565985
2020-01-22,0.07290064878565478,0.07043315742370593,0.07391946179912712,0.07189589632512661,0.020766880404926632
2020-01-23,0.07574245075286179,0.06980673759193795,0.07351133170662599,0.07106458468628524,0.016205733956772706
2020-01-24,0.07513964427496939,0.06900947598888774,0.0709167904016359,0.0669366924091041,0.01677828122020811
2020-01-27,0.06707351949873447,0.06957894856262836,0.0666314244270303,0.0712079142789297,0.03611100031444729
2020-01-28,0.0750822341335905,0.07148668168507943,0.0761641773093163,0.07332919225439016,0.02329194371091183
2020-01-29,0.07674712821570212,0.07211310151684741,0.07598926441239362,0.07129391203470431,0.01232478363661731
2020-01-30,0.07402014653031208,0.0709741563684329,0.0743608253425786,0.07327186041752026,0.018238375798588353
2020-01-31,0.07456554286682554,0.06966436944873611,0.07018798666509513,0.06728068343220256,0.041661810446445596
2020-02-03,0.07198208653300109,0.06718716375161121,0.07077102965451887,0.0666500332228755,0.01651804847325181
2020-02-04,0.07295805892609286,0.06960742219164207,0.07307404946431934,0.0695166250823423,0.023003336745479244
2020-02-05,0.07399144145962266,0.07162904982921453,0.07295744086605233,0.0739311765448124,0.02631329535800916
2020-02-06,0.07752216511584953,0.07242631143226474,0.07648485095431157,0.0724978806155488,0.023889658693347405
2020-02-07,0.07545540004878987,0.0710880508835543,0.07561028646969814,0.07289920347551715,0.011694394644645945
2020-02-10,0.07442201751526006,0.07171447071532233,0.07354048385547612,0.06945929324547245,0.029659002404057697
2020-02-11,0.07350345526354718,0.06750037366702855,0.07176220273739925,0.06988928202434547,0.0271559590178158
2020-02-12,0.07370439075555074,0.0701199475082886,0.07458996123701223,0.07117924836096456,0.019333399038445404
2020-02-13,0.07470906821933199,0.07330899392235596,0.07508554777893012,0.07573712941607919,0.023735445879870257
2020-02-14,0.07993339102741903,0.07624177767903334,0.07969158739757548,0.07702709575269828,0.04405531922358119
2020-02-18,0.08222979665717162,0.08017113843999013,0.08027463038699928,0.0820149655876255,0.06909864512165126
2020-02-19,0.0851864189061955,0.08014266481097648,0.08120749917026837,0.07642511146227604,0.03734062315702713
2020-02-20,0.0786129577898173,0.07493199075840334,0.07881702291296211,0.07645377738118075,0.021477681359732662
2020-02-21,0.07927317440814774,0.07675430299567992,0.0801288696398822,0.07900504413551424,0.030423242570956504
2020-02-24,0.07933058454952663,0.0759285677626827,0.0761641773093163,0.07252654653445356,0.033164990398747554
2020-02-25,0.07614432173780972,0.07197073337364551,0.07062526890740184,0.06699402424597395,0.04157892573687534
2020-02-26,0.07140798512579816,0.06656074391984323,0.06945918292759873,0.06524540321251665,0.033587184388121
2020-02-27,0.06526510006505737,0.06342864476286991,0.05983897359685142,0.05555632272795119,0.054239433048237126
2020-02-28,0.05128573079265647,0.04762578083293506,0.04240598820323932,0.04775919287136665,0.11270236399186104
2020-03-02,0.051027385159273964,0.07006300025026124,0.05091841585379481,0.07126524611673918,0.10988434256669191
2020-03-03,0.07536928483766236,0.07328052029334226,0.06564025134510543,0.06275146829505307,0.06615223164194423
2020-03-04,0.07008755188819643,0.07131583991286389,0.06893444423683076,0.07381651287107266,0.04483764639553407
2020-03-05,0.0705468330145233,0.0724832586902921,0.07021713881394526,0.07137990979047892,0.04732802520947442
2020-03-06,0.06902546428491807,0.07436251818466272,0.06759344536010503,0.07513514512565689,0.056550930281563716
2020-03-09,0.06888193893241168,0.0821073451914549,0.06677718517510284,0.07493448369614253,0.1294627734411523
2020-03-10,0.0811677090529524,0.0822497133346567,0.07316150591278064,0.08247362028540323,0.07704457828681432
2020-03-11,0.07947410990109216,0.07755156459873008,0.0669812502208757,0.06710868792065328,0.06235574359975121
2020-03-12,0.04649198403926591,0.056082448557602915,0.03835383942516757,0.037353464422639204,0.12136705932906489
2020-03-13,0.05286450966269968,0.06490927345571551,0.040977532879007794,0.06616271260713263,0.08965471347253874
2020-03-16,0.044138168269075295,0.055626870498050485,0.035496928775749004,0.045121928361258556,0.07446272251871212
2020-03-17,0.06586790654294972,0.07823493168759216,0.060159647240891234,0.08095432660036506,0.11372255178971147
2020-03-18,0.07226913723707296,0.10332019857519203,0.07193711563432187,0.09047141157244176,0.17374811925720468
2020-03-19,0.1010392211726972,0.10187980720764345,0.08261196895101997,0.08304693865692075,0.12423110172612004
2020-03-20,0.08673714154413692,0.08983821785624646,0.06580298842965004,0.06726699962573846,0.12013280650669231
2020-03-23,0.0713681729108902,0.07482198410389257,0.06674007445156421,0.06815966040991883,0.08082426339124921
2020-03-24,0.076270095364804,0.07433574415413097,0.06410452001463202,0.07031932359911885,0.0889548380960392
2020-03-25,0.0679079923556844,0.06469675220221471,0.054557956164768995,0.05410745192915695,0.11471462218254477
2020-03-26,0.057613955203782485,0.05574421665094992,0.051043883580918714,0.055316863315296894,0.12708165041027686
2020-03-27,0.059661228699439905,0.0597771480012782,0.05616857276442638,0.05462577109437705,0.07301078727080658
2020-03-30,0.06470732534256596,0.06984517520336841,0.06302101430140561,0.0707800517454592,0.05604795745298535
2020-03-31,0.07177186064313057,0.07096066685326058,0.06799928379360098,0.0662591568047382,0.048828615601604494
2020-04-01,0.06554353564338383,0.06907291175286873,0.06553943298643461,0.06775652328151865,0.05366337844670199
2020-04-02,0.06851352395357457,0.07931255305465512,0.06712076564859387,0.08074329792240048,0.05677493765572006
2020-04-03,0.08013396365130937,0.08160074105496057,0.0808549326600504,0.08313332518524047,0.05460786497431194
2020-04-06,0.08546840867380068,0.10013506385762061,0.08644816485403728,0.10210956573606295,0.10140148583364617
2020-04-07,0.09965514895042665,0.10042108735742544,0.09435482816578944,0.09036099798982145,0.08577265518574514
2020-04-08,0.09881893864960883,0.09275565755668247,0.09128001465587599,0.08992906535198142,0.052756716872866344
2020-04-09,0.08304628228506256,0.0900670366555304,0.08269982076638066,0.08981388331516149,0.06491457420685559
2020-04-13,0.09184090786275967,0.09807569465753246,0.09297848307089396,0.0998923115289227,0.04372130030103723
2020-04-14,0.10865161839377357,0.10985986285845178,0.10723976096973686,0.11054664992584429,0.06793544157714418
2020-04-15,0.11413023760641794,0.11011728400892945,0.11040242629501101,0.10985555770586403,0.0394580721405932
2020-04-16,0.11413023760641794,0.11881239840971652,0.11371151131064194,0.1201355544838254,0.06234328447821702
2020-04-17,0.12128127742069811,0.11895541016008554,0.11804553416259211,0.11953084879028558,0.06022779461446816
2020-04-20,0.12390524767508598,0.12012810651049871,0.1181333859769973,0.1129942682066245,0.04424974902476678
2020-04-21,0.11721556526854299,0.11340655425901847,0.11344795586647094,0.11115135561844447,0.05284488460216841
2020-04-22,0.11701372140289318,0.11726787150965035,0.11561496729292386,0.11800468680406523,0.03218779317396478
2020-04-23,0.11658119883337492,0.11357816835964796,0.11218874652443422,0.10919326099438403,0.055114117677640476
2020-04-24,0.11513945693560768,0.11014588635918993,0.11461931339410253,0.1118136523299244,0.02704040029870976
2020-04-27,0.11701372140289318,0.11134718505893026,0.11347723980492452,0.10853096428290415,0.02842145503188014
2020-04-28,0.11205412927348263,0.1111469686089735,0.1121008947100291,0.10766709900816368,0.03531412282564972
2020-04-29,0.10423988818581564,0.09833311580707682,0.09701966654117522,0.09499707496736237,0.09360163550159517
2020-04-30,0.09706001353425758,0.09169737060637795,0.09259779187481981,0.08909399558574133,0.08359538334124367
2020-05-01,0.09244643946064984,0.09241242935635674,0.09183640948171595,0.09303898034330199,0.06076281042522545
2020-05-04,0.09925146121912709,0.09444319620618441,0.09455981573305328,0.09528503005988209,0.028153481193511246
2020-05-05,0.09913612186719284,0.09690299830711929,0.09909882615322291,0.09825096750494278,0.031906604448738954
2020-05-06,0.10320183401934802,0.09756085235751044,0.09789818468713773,0.0941332096926219,0.02691205226933629
2020-05-07,0.09973287455868546,0.0948129078034981,0.09552112605142637,0.09162800039390157,0.05150247662584173
2020-05-08,0.09767653118358982,0.09202618851613564,0.09587409012336495,0.09466492376622171,0.035569865005833964
2020-05-11,0.09851644608279969,0.0957609669425939,0.09996259061432211,0.0967763085870939,0.046585225297653896
2020-05-12,0.10268705799877814,0.09963939069293132,0.1022274434039262,0.09709446246388986,0.03128197541578075
2020-05-13,0.09984872488931895,0.10130567645328947,0.10019789999434048,0.09689200090567257,0.0559404186513333
2020-05-14,0.10375867356113672,0.09811675025738548,0.09493285260042506,0.09605323159292373,0.03896588547730062
2020-05-15,0.09976183714157905,0.10044380450814788,0.10019789999434048,0.10334184768686783,0.06220028340661517
2020-05-18,0.11143375798936356,0.10797081949098936,0.10905141544643521,0.10831661740172238,0.07908603249904374
2020-05-19,0.12374285565892545,0.11782488872459318,0.10525705168097876,0.10047846279288541,0.16723790540438144
2020-05-20,0.10850853713216446,0.10231119372137698,0.10472760557450417,0.10192461678028619,0.06344899849550359
2020-05-21,0.10387452389177027,0.10101838580459793,0.10360988601607274,0.10059415511240366,0.03970076085952344
2020-05-22,0.10448273812971315,0.0987487896837605,0.10219802973118508,0.09868523184974876,0.0392909012537183
2020-05-26,0.10228158184014957,0.09920845472129375,0.10178623831471967,0.09732584710198672,0.042615982510230535
2020-05-27,0.1012099662787318,0.09627809010911886,0.09413868344023546,0.09333446209833912,0.06057800745999563
2020-05-28,0.10048590171015542,0.09759962709086045,0.10040379570257313,0.09683415474591345,0.04435877734448211
2020-05-29,0.10199195601309535,0.09691012953549383,0.09678591397356373,0.09790430869675903,0.05631028873277956
2020-06-01,0.09967494939289828,0.09604825759035218,0.09805070189474557,0.09761507789890311,0.034867377469578145
2020-06-02,0.10010938813442044,0.09530130190506059,0.09937431716236517,0.09755723173914399,0.031528178810338106
2020-06-03,0.10100722819941749,0.09484163686846053,0.09893311207315864,0.09619784699232148,0.034129911940181265
2020-06-04,0.09782134409711696,0.09455434621976888,0.0964623635753219,0.09226430814749348,0.0433128348254391
2020-06-05,0.0971552046933869,0.09107812937703985,0.0908443521094679,0.09067353876257411,0.08078990908793761
2020-06-08,0.08849539245148225,0.08694114404204001,0.08952073684184819,0.08974800021018664,0.053907299870236305
2020-06-09,0.0943458341668213,0.08912455296892324,0.09275624082808892,0.09006615408792218,0.0353238010242973
2020-06-10,0.09422998383618775,0.09056100620958152,0.09443282016573606,0.08951661557302937,0.05323536579809615
2020-06-11,0.09257911661877988,0.0907908387283482,0.08957956418733054,0.0864218460409501,0.06813770785759862
2020-06-12,0.09118891264741424,0.08553341986634416,0.08246145541932082,0.07962492230307933,0.06372376688424979
2020-06-15,0.08507780768697376,0.07958650344804025,0.08231438705657051,0.08060830701334676,0.06450900705458255
2020-06-16,0.0891325692713778,0.08403950849576086,0.08681467896303752,0.08514923053282669,0.046175761918328645
2020-06-17,0.08930634476779847,0.08375221784706921,0.08640288754752767,0.08335599958875045,0.03389198527653707
2020-06-18,0.08548328384466147,0.08067820791194852,0.08422627577519154,0.08034799929630987,0.03367287937068747
2020-06-19,0.08649697424123293,0.084240611949565,0.08449099882795108,0.08572769212759912,0.08264682448592377
2020-06-22,0.09252119145393356,0.08938311455265241,0.09228562206614116,0.09102061571924963,0.05142671665538204
2020-06-23,0.09767653118358982,0.09156652347860234,0.0939327877320027,0.08925630785505295,0.03285183206661685
2020-06-24,0.0918550520502035,0.08659639526435664,0.08987370091378677,0.08702923071560204,0.034870349168177286
2020-06-25,0.08901671894074425,0.08383840504195672,0.08634406020204533,0.08532276901116448,0.03490980305303558
2020-06-26,0.08855331761632856,0.08579198145007327,0.08528516798814068,0.08130246092763732,0.05061030666863155
2020-06-29,0.08536743351402798,0.08245940993029016,0.08585873460420479,0.08344276882838914,0.025005821349659115
2020-06-30,0.0874527394720172,0.08375221784706921,0.08681467896303752,0.08552523056938177,0.03477094768441771
2020-07-01,0.08811887887574721,0.08314890748565679,0.08716764303497604,0.08526492285140536,0.03290144108940406
2020-07-02,0.08997248417152853,0.08590689770898996,0.08775591648693298,0.0838766150237637,0.02785905556884626
2020-07-06,0.0891325692713778,0.08300526216177762,0.08587344144009756,0.08295107647231587,0.037639135784456865
2020-07-07,0.08522262060050084,0.10506918394471021,0.08587344144009756,0.1062630787406093,0.21266152918434508
2020-07-08,0.11288188712745717,0.10673546970413517,0.10405109110432376,0.09900338572654477,0.11192945086756917
2020-07-09,0.10595982984975949,0.1068791150280144,0.10566884309744407,0.1085769251196988,0.08904534649658355
2020-07-10,0.11502511825123363,0.11604368670625154,0.11246340146721195,0.11705138748212762,0.09276664689545448
2020-07-13,0.12252642718303969,0.12253645535510971,0.11725783010013519,0.11369631023301158,0.08811191762277339
2020-07-14,0.11658909771901987,0.119290071030214,0.11766962151660054,0.120898157087317,0.04917882110960456
2020-07-15,0.12524890996186538,0.12397290859670129,0.12287584156598919,0.12086923400743749,0.062196563280220676
2020-07-16,0.12461173314102886,0.1199508395215515,0.12417004316086766,0.1214476956022098,0.02774573479559884
2020-07-17,0.12843479406416597,0.12178949966981811,0.12484655763009256,0.12011723393432727,0.0290744142581502
2020-07-20,0.12435106989686828,0.11997956858651393,0.12387590643441143,0.1193363107813376,0.029455077842409656
2020-07-21,0.12319256658676975,0.12357070168909307,0.12478773028461021,0.12182369563876494,0.03772597542129856
2020-07-22,0.12611778744396884,0.12081271146575984,0.12402297479716179,0.12277815727009239,0.024157551818914835
2020-07-23,0.1273631785027482,0.1211574602443764,0.12437593886910042,0.11982800313741088,0.02570265165228545
2020-07-24,0.12142584903872833,0.11900278038245565,0.12202284506127276,0.11867107994786613,0.01650895727679665
2020-07-27,0.12116518579362684,0.11779615965963075,0.12305232360148072,0.1185843107082275,0.018974858099312927
2020-07-28,0.12301879109034908,0.11894532225253068,0.1232288056369722,0.1201750800940864,0.019876427429129293
2020-07-29,0.12319256658676975,0.11745141088194738,0.1200815426699105,0.11708031056200724,0.019409672635823477
2020-07-30,0.11699457387764844,0.11331442554788085,0.11675779766640176,0.1154316950173287,0.018345819212384134
2020-07-31,0.1176607132813785,0.11236636640878506,0.1135222936811166,0.11334923327633611,0.03753649111358415
2020-08-03,0.11841374043284841,0.11243818907072467,0.11543800617678307,0.11306000247848008,0.02125123792647776
2020-08-04,0.1176607132813785,0.11702047490937662,0.117404898463841,0.11982800313741088,0.029184110292859406
2020-08-05,0.11997771990157557,0.1142624846869767,0.11708134806464365,0.11453507954482078,0.04701685534727054
2020-08-06,0.11615465897843857,0.1127685733163934,0.11766932737997826,0.11320461787693825,0.020077615093055157
2020-08-07,0.11745797520206419,0.11342934180679753,0.11790493089757442,0.11499784882101455,0.025121042542504506
2020-08-10,0.11936950566363269,0.118830405993614,0.11949326921795361,0.12052215705076191,0.027871639428346345
2020-08-11,0.12617571260975602,0.12035304642915978,0.11972946100879445,0.11566307965448597,0.046648379396031295
2020-08-12,0.12003564506642189,0.11851438628089317,0.1178166898793509,0.12055108013064147,0.0313772018464467
2020-08-13,0.12373526410133517,0.11929136530945261,0.12424479203677002,0.12199723411710267,0.03321401975686976
2020-08-14,0.12702143979570168,0.12220488468805002,0.12690286447007543,0.12417534931985702,0.03379840245200991
2020-08-17,0.13286676116380697,0.13132045026769734,0.13345944313921415,0.13288781013087442,0.07796340548108796
2020-08-18,0.13815953971661143,0.13565409399334105,0.13145112174473644,0.1303031134232176,0.18085778708645853
2020-08-19,0.1324596243526317,0.1270799814693665,0.12756738257768518,0.12362356013483355,0.07794327130588782
2020-08-20,0.12373526410133517,0.11960867930141206,0.12223647064229226,0.11827991750487793,0.0501962720097328
2020-08-21,0.12181590484650151,0.12133948289188184,0.12238414133297837,0.12135832032475818,0.04543503852676381
2020-08-24,0.12675970898865202,0.12079139508860637,0.12306342651032554,0.1204870742430928,0.03308272204147936
2020-08-25,0.1225429348671293,0.11720488158031811,0.12111417339288671,0.11845416672045933,0.0377513632661209
2020-08-26,0.1208271440178833,0.11617591884548706,0.12120277580653399,0.11865745747338041,0.03063936944067956
2020-08-27,0.12335720849042059,0.14060909620769824,0.12474687238491167,0.13587908834249424,0.2757227124522115
2020-08-28,0.15220575972097306,0.14557073316872488,0.14524356426036106,0.1465373320678845,0.14128016216600833
2020-08-31,0.14196917702601808,0.1392821467879648,0.1384211783483696,0.14232630934249685,0.09526259489269545
2020-09-01,0.1527873837374753,0.1701481441634753,0.15177060879193582,0.16770861183854413,0.24663160287337177
2020-09-02,0.18201399057894246,0.17516747457826415,0.16819158960234648,0.16796998566238608,0.11098846434053156
2020-09-03,0.16878204419787207,0.17017699089035637,0.1569686171054246,0.15885094334740568,0.10205880355119498
2020-09-04,0.1609882823737317,0.15701769118625442,0.151918279482622,0.15388484068501307,0.06773649185907693
2020-09-08,0.15339808895517898,0.1479650114699947,0.1464839980628888,0.14116464790152888,0.06769898241898105
2020-09-09,0.1495593704445708,0.15001312905242392,0.14999856050274707,0.14534662909051665,0.0669709749624096
2020-09-10,0.14947212684190736,0.14402743329971607,0.1415390973122595,0.13640183599111771,0.06706917309167469
2020-09-11,0.1407186853903502,0.13798404409417914,0.1384802466244529,0.13608237909447568,0.055256927973529796
2020-09-14,0.13807229611394795,0.14565727334843503,0.13945487318317235,0.13788295432872755,0.09647966322588482
2020-09-15,0.1441502670888422,0.13982994612383143,0.14181760423510564,0.13799912047338808,0.05904342230339679
2020-09-16,0.14467372870388245,0.13868357721241403,0.13995695353226956,0.1348045515088473,0.05280672212213344
2020-09-17,0.13600753085498873,0.13547437888725133,0.13691493730203352,0.13605333755901527,0.07571724892930555
2020-09-18,0.13894473213870123,0.13535899198066004,0.13611751557251967,0.1319875225137485,0.11843139532700664
2020-09-21,0.1391192193440282,0.13452243691137306,0.1377123590325029,0.13715691592812268,0.10025008837073422
2020-09-22,0.14077684779181227,0.1395706140530431,0.14149272871521396,0.1407580663966264,0.06558406488236979
2020-09-23,0.1463895195531284,0.14029178221573885,0.13927560096517816,0.13402043003638187,0.04120212169203108
2020-09-24,0.13687996687974202,0.13612343023321088,0.13706260799271963,0.13608237909447568,0.05665925419864813
2020-09-25,0.13917738174549033,0.13537341534456726,0.13969114628846124,0.1377377466486066,0.039943647691693604
2020-09-28,0.14103857859980273,0.13685902175981385,0.1419357407882278,0.13767966357674616,0.036466121965808895
2020-09-29,0.1413003094068524,0.13711864229894427,0.14096111422855284,0.13736020668010412,0.05242707111665593
2020-09-30,0.14170744621896847,0.14750346384549612,0.14335751419849385,0.1454047121623771,0.06980166829740767
2020-10-01,0.15162413570447092,0.15511871117951415,0.15239082569224421,0.154610879085618,0.0905046192718944
2020-10-02,0.1561026406330433,0.15142661865280083,0.15200599587263913,0.14711816278836848,0.044752501727522986
2020-10-05,0.15304911454546583,0.14880127807187293,0.15476832381391492,0.15089356247339325,0.01949720933776868
2020-10-06,0.1547358241935104,0.1509647825608934,0.15236129155468026,0.14749570275687096,0.037147205934623465
2020-10-07,0.15296187094280228,0.14695537604222064,0.15236129155468026,0.14825078269387593,0.026076718799407542
2020-10-08,0.15368890096343002,0.14851309927420342,0.15493076157338298,0.14961573488776486,0.020518967366483832
2020-10-09,0.15412511897580672,0.15211894008861543,0.1562302636519941,0.15373963300489207,0.020073667503311108
2020-10-12,0.15808016229027977,0.15803251902552035,0.16054224782232168,0.15800873880214028,0.02963114181249978
2020-10-13,0.16290764162856536,0.16153739629724823,0.16449982233423827,0.16375896293699838,0.04283355487285244
2020-10-14,0.16790960817311879,0.161306622484999,0.16272806938657797,0.15710845118501438,0.03285936036973468
2020-10-15,0.15828373069586743,0.1567921097845637,0.1600029544597411,0.1588219018110057,0.018142965929737267
2020-10-16,0.165001488088726,0.1602248702404887,0.16482469785317438,0.15934464945962912,0.02605917477138148
2020-10-19,0.1641290520639727,0.15797482557269138,0.15974777950618202,0.1542333391171155,0.020436640308996386
2020-10-20,0.16125001318078136,0.1584363731962567,0.16231429611055498,0.15699228504129342,0.020158856196486618
2020-10-21,0.1604648207586915,0.15900148056918523,0.1629640471503383,0.1584443618425032,0.016697120829578107
2020-10-22,0.1614826627875704,0.15563824072425053,0.15956762126264679,0.15597583127950693,0.01728522365111274
2020-10-23,0.16084287636960615,0.15442667821017503,0.16004016747322447,0.15684707736023284,0.010401977242531567
2020-10-26,0.15755670067523964,0.15149585079638228,0.15439914708672187,0.15193905777064015,0.024028558087129694
2020-10-27,0.15525928580855053,0.1531574222432706,0.15744116331600239,0.15400100682873402,0.013558302706249359
2020-10-28,0.15208943491710814,0.14862848617986146,0.15126852844283867,0.14578225213087959,0.02583244517455777
2020-10-29,0.14929763963752118,0.14568612007531617,0.14778350014149982,0.1454337536987771,0.02168605980051572
2020-10-30,0.14691298116816853,0.14274375396983763,0.14385545976714725,0.1420358939822548,0.030134422817229164
2020-11-02,0.15101343048676724,0.144820718279148,0.14875812670021932,0.14682774742812654,0.025163093912064272
2020-11-03,0.1540960377755461,0.1544843716630041,0.15625979779051352,0.15373963300489207,0.022319970805641628
2020-11-04,0.1538633881687571,0.15514784637380408,0.15556899429928706,0.15135822705015628,0.028469449798638188
2020-11-05,0.16093011997226964,0.1546862987493055,0.16030597471703278,0.15574349899112544,0.019359234472439455
2020-11-06,0.16197704320234996,0.1604267973267901,0.1621075571437856,0.16242305227950948,0.02424054659139616
2020-11-09,0.17256260030701814,0.16613614143905647,0.16190081817701613,0.15594678974310683,0.05359092036357467
2020-11-10,0.16020308995070098,0.16105305975958684,0.16204878420923075,0.16181318002262546,0.029134354519524074
2020-11-11,0.16942183061677718,0.16831637702938812,0.17052478651671588,0.16884123174405158,0.03061773107236133
2020-11-12,0.17395849794681162,0.1676113630331858,0.17259217618727696,0.1695672701446565,0.01538299902139886
2020-11-13,0.17529623318514304,0.1740280288809249,0.17383260998884914,0.17627586496850106,0.033077497721966775
2020-11-16,0.17992014411878177,0.1811387469679981,0.17903061830329337,0.18179375681591714,0.06915097636710583
2020-11-17,0.17983290051611833,0.18069104577165584,0.1787352769219212,0.1728780052529183,0.08908759597938326
2020-11-18,0.17797170366274673,0.17614826328009037,0.1783513331259462,0.17206484224405288,0.045613303755075524
2020-11-19,0.1768084556288015,0.1783983079478877,0.17914875485641563,0.1808644276623912,0.03009134419383266
2020-11-20,0.18178134097215337,0.17929255647000375,0.18059592762571275,0.17540461888777514,0.03833862960953133
2020-11-23,0.1794548449052037,0.17536940166363224,0.17929642554710168,0.17740848487400845,0.030009501413153967
2020-11-24,0.18343896941993731,0.17704251180220637,0.1819544979804072,0.17865727092417638,0.02650121677238625
2020-11-25,0.18201399057894246,0.17822522758940068,0.18473070696587934,0.18002222311712573,0.018455779398079925
2020-11-27,0.18463129865414324,0.1791771695643457,0.18440583144694322,0.17935426778838132,0.01152489776158356
2020-11-30,0.1830318326078213,0.17984064427421242,0.18145241763130998,0.1828102105767641,0.06458982991895192
2020-12-01,0.18884807277566595,0.18188789645534859,0.18605974318300983,0.18237458753640112,0.0384024440853752
2020-12-02,0.18419508064176654,0.17888870229926745,0.1797748785844278,0.1762177818966405,0.04221402542144091
2020-12-03,0.17919311409721322,0.1721385682930755,0.17640208000850738,0.17267471449999727,0.047543029437504464
2020-12-04,0.17695386163292698,0.16991737035122595,0.17400981481805466,0.1715420945954294,0.035713357691771974
2020-12-07,0.1739003355453495,0.1684173405720722,0.1727693810155269,0.16921877171255406,0.02981890180127395
2020-12-08,0.17070140345364654,0.17089815905305217,0.1728284492925658,0.17311033754129979,0.03529061338784313
2020-12-09,0.17837884047392188,0.17133085995066955,0.17492537310069073,0.16968343628837745,0.03388017185741454
2020-12-10,0.17341353791932101,0.1675636979765937,0.17261661255296312,0.16767957030214414,0.035134059903123696
2020-12-11,0.17099093386312297,0.16570522639428098,0.17074912866548908,0.16756297754150307,0.02586048186677341
2020-12-14,0.17326759791641172,0.16631873337131092,0.1691484281907844,0.1636279718630575,0.04598284364778854
2020-12-15,0.16690461376848992,0.1623811708959455,0.16754772771512422,0.1634239345317009,0.06263057802624405
2020-12-16,0.1690061498175347,0.16391566215474823,0.16819986494601952,0.1629867116790622,0.04736006819165335
2020-12-17,0.16848076580574395,0.16261279221764152,0.16840736315563265,0.16493964042285253,0.05965856391341995
2020-12-18,0.1701006998431181,0.1647552894465963,0.16843700575673298,0.16450241756927436,0.08584096756588847
2020-12-21,0.16684623776770252,0.16327870351868418,0.16815184393141525,0.16456071395006466,0.047120277796048216
2020-12-22,0.1658246577435738,0.16200478624748949,0.16244920027714055,0.15940148428347928,0.07673739270199154
2020-12-23,0.16112538963502798,0.15618530052984397,0.15995922175987148,0.15654496164260712,0.03459131767600862
2020-12-24,0.16112538963502798,0.15667749583914803,0.16256777068249723,0.15736111096803362,0.006767465117810508
2020-12-28,0.1625847896688255,0.15931218837834005,0.16301240970282382,0.1623745996840527,0.03146407083339803
2020-12-29,0.16725486977697762,0.1608901086350774,0.1637831173390759,0.15969296618555145,0.028495520033509216
2020-12-30,0.1650365817254172,0.1588778983989934,0.16482060838809726,0.15934318790268892,0.030484026647981995
2020-12-31,0.1630517976798289,0.15633006385660403,0.161589564836632,0.1592557433319733,0.028192025224971277
2021-01-04,0.16334367768658836,0.16391566215474823,0.1658284568350628,0.16619301260185737,0.06333434962979581
2021-01-05,0.17005691784205712,0.16443681012903094,0.16645095146390226,0.16391945376512984,0.049431488865806006
2021-01-06,0.1656495297393299,0.16741893465076702,0.16799562742284269,0.16657193907464524,0.03823184657320203
2021-01-07,0.1730340939104396,0.16643454403215896,0.17104555467935872,0.16654279088378038,0.034854155245193794
2021-01-08,0.17087418186060738,0.16423414147231352,0.1703637748473631,0.16648449450392966,0.04449147652760692
2021-01-11,0.1683056378015001,0.16710045533320161,0.170926984274002,0.1684082750577946,0.04906285882649124
2021-01-12,0.17706203800428538,0.17271727239319656,0.17780406779615876,0.17330517101223308,0.04156342887899536
2021-01-13,0.17633233798785702,0.17022734318076443,0.17516587627243274,0.16887464610035857,0.023925421801920827
2021-01-14,0.17361785392489948,0.16712940799818032,0.1710307333783308,0.1674755329707875,0.04091785120529502
2021-01-15,0.1657954697431801,0.16104934829386014,0.16402322241018608,0.16068400465240934,0.07247748844146211
2021-01-19,0.16433606970938253,0.1586462770772974,0.16105599801109338,0.15704048087603606,0.04362383592451265
2021-01-20,0.16127132963793728,0.16035448432690552,0.1617081352419888,0.16321989720034424,0.04277329909780013
2021-01-21,0.1664376057574865,0.16055715298455614,0.16562095862544957,0.1612961166464793,0.019719140191669326
2021-01-22,0.16713811777446197,0.16521853209092158,0.1683184353513762,0.1656100487977128,0.03162917253754463
2021-01-25,0.1664376057574865,0.1620626915774469,0.16579881423396248,0.16523112232492487,0.031168882105882884
2021-01-26,0.16722568177658392,0.1665793073579857,0.1693559264003976,0.1690495352417899,0.021386299793427082
2021-01-27,0.17110768586657954,0.16672407068474565,0.16366454693371918,0.1583521494358311,0.05777764012576364
2021-01-28,0.16381068569665092,0.1620916442433588,0.16390168774443264,0.15808981572368414,0.039167909619350696
2021-01-29,0.1600746216105055,0.15482452526277996,0.15417891448989218,0.14858750571593987,0.06413383194082227
2021-02-01,0.1534489454562179,0.14828122291413443,0.1507403727288138,0.14503142651028217,0.04807925594028363
2021-02-02,0.15009232537895395,0.15019209882139317,0.15148173418904964,0.14940365504136643,0.05005643341244263
2021-02-03,0.15271924543978954,0.14990257216880648,0.15500890732834477,0.15065702722037116,0.021228080689986637
2021-02-04,0.1560174895162661,0.15317422334312925,0.1568763912158188,0.1545337365180265,0.02704789191419057
2021-02-05,0.16089188562905582,0.1580093184412334,0.16064100159186712,0.15986785532604325,0.03464340678305883
2021-02-08,0.16483226572077964,0.16012286300520945,0.16636202365964586,0.1618207840707731,0.02332797097047184
2021-02-09,0.16416094170513867,0.1622653602341642,0.16671773487667152,0.1641526392873514,0.023280805344310585
2021-02-10,0.167809441790103,0.16104934829386014,0.1636313472201429,0.15919744695118304,0.02983050243210172
2021-02-11,0.16287666967558495,0.15829884509382008,0.16413882855610168,0.15887681685918537,0.01590755151807621
2021-02-12,0.16293504567637235,0.15731445447521208,0.1640202581507449,0.1601884854189804,0.01745364925517395
2021-02-16,0.16813050979725613,0.16246802889088158,0.16775522592569292,0.16365712005298289,0.052838860492168654
2021-02-17,0.16436525770977622,0.16568177473524692,0.1664805940659581,0.1681459413456477,0.0461876193626156
2021-02-18,0.14787403732739346,0.14599396235841966,0.14573077309413102,0.14033856788720034,0.22169080424573595
2021-02-19,0.14437147724627936,0.14228802120568357,0.14623469731761368,0.142320644820916,0.0741541061160453
2021-02-22,0.1441963492420355,0.13916113335718744,0.14202544792028327,0.14042601245791597,0.06287265773039964
2021-02-23,0.14235750519935647,0.13641063015714744,0.13849797835494848,0.13395511423153544,0.06117699183467232
2021-02-24,0.13873819311572672,0.13284945233023798,0.13253981547645627,0.12736762324451395,0.09851405873675033
2021-02-25,0.13065311692764153,0.12662462930009105,0.1278977840984749,0.12369495127821528,0.06583868442086104
2021-02-26,0.12592466081870202,0.12025504294225092,0.12308382563372955,0.117777868666054,0.08784039975866774
2021-03-01,0.12621654082546152,0.1224554455020963,0.1268484360097778,0.12200435624563233,0.06933229400681816
2021-03-02,0.12601222481988306,0.12297659347731232,0.12352846465405615,0.11833168427933366,0.056115337967148196
2021-03-03,0.12014543668429917,0.11481194187399474,0.11623638471267306,0.11098634034673632,0.08694905894205435
2021-03-04,0.11535860457363134,0.11379859858947478,0.11247177433662481,0.11081145120624458,0.0955355068870081
2021-03-05,0.11235224050391435,0.11427892330685613,0.1138649766017163,0.11544601344947575,0.06796028644493851
2021-03-08,0.11964924067290206,0.1145513678863867,0.11700709234892509,0.1118316378630278,0.08487280283734161
2021-03-09,0.11810227663698264,0.11466717854723474,0.11851886501937337,0.1147756050746156,0.06286085164880452
2021-03-10,0.11827740464122649,0.12384517343507234,0.11896350404065553,0.12436535965307555,0.09451175305083871
2021-03-11,0.13141200494540445,0.1251190907062671,0.12803414006525626,0.12421961870156956,0.07142378281842429
2021-03-12,0.1289602128888127,0.12810121522800316,0.12966477956805644,0.13002010855308987,0.05417544980926292
2021-03-15,0.13543994903925016,0.12876712652904582,0.13187285694548856,0.12800888342850925,0.04600759312772662
2021-03-16,0.12983585290909128,0.1274063512619818,0.13185803564446064,0.12789229066786828,0.033247104667940244
2021-03-17,0.1289018368870845,0.12410574742268032,0.12936805712814714,0.12465684155514778,0.04370386633592223
2021-03-18,0.1266101848262276,0.12227653847451553,0.12492066370907184,0.11964335283912869,0.057545458746077804
2021-03-19,0.12359110250274591,0.12387567160802737,0.124831359700798,0.12470732233681353,0.1257554803820981
2021-03-22,0.12614120116471123,0.12373029586887174,0.12807607199981952,0.1265514268367688,0.044921088757187116
2021-03-23,0.12822231616421925,0.12910919822696304,0.12998122417568975,0.13114705233509133,0.05592966917368454
2021-03-24,0.13619503841846614,0.12948717514988756,0.13420828056572282,0.12871751783546342,0.042214964624948795
2021-03-25,0.1327655953899815,0.12977821738026885,0.13367245651608012,0.13135195283446,0.05341342557564051
2021-03-26,0.13493464482708234,0.13172596153643085,0.13531267346772335,0.13463036083375401,0.054703612369423685
2021-03-29,0.13786579271391214,0.13698856330357095,0.13882232099192732,0.13913817183207872,0.058355272295690916
2021-03-30,0.1417642194039132,0.1386749218807628,0.14141213723091145,0.13641592233308436,0.051222381192199296
2021-03-31,0.13947792405190373,0.13655243608517076,0.1398939690912127,0.136679365833078,0.04465739269729552
2021-04-01,0.1406210717283789,0.13663966152885076,0.140995385192619,0.13606466433309283,0.047223370056092645
2021-04-05,0.14290736708038843,0.14614723488717501,0.14358520143160308,0.147217105829064,0.08256093139011736
2021-04-06,0.14991281053146405,0.14843893804313296,0.1504913780688939,0.14917829632838997,0.0605520766381453
2021-04-07,0.15340087651740308,0.14786266861163805,0.1538551623792656,0.14830015132841134,0.03442286272183778
2021-04-08,0.15384054870066277,0.1489384490840029,0.15388493038234202,0.1480367078284177,0.031326139993233235
2021-04-09,0.1514370074328037,0.14594370885161045,0.15106828196176925,0.14824160832872596,0.03519307563604451
2021-04-12,0.15272671250338515,0.1467868881402064,0.15293235429440688,0.14830015132841134,0.030415464791906887
2021-04-13,0.15193530257351773,0.14568203252057033,0.15153325816510288,0.14704147682906826,0.02717440556171272
2021-04-14,0.14994212200972074,0.14411197453526303,0.15019369804099614,0.1468951193284454,0.038245509049230686
2021-04-15,0.15076284341878576,0.14704856447124648,0.15251560225611444,0.14935392532838576,0.037721704980348686
2021-04-16,0.15513025377030337,0.14847324671739826,0.15403377039581317,0.15067114282741417,0.049408067478328294
2021-04-19,0.15337156503820548,0.1473393159495578,0.1537360903679154,0.1480367078284177,0.03177987801292205
2021-04-20,0.15082146637624017,0.150828333695826,0.15138441815163173,0.15119802982740144,0.044427339200557206
2021-04-21,0.15477851602463644,0.1506248076611948,0.15647474662132616,0.15239816132705913,0.02702055228707843
2021-04-22,0.1556871718694126,0.1498979289635501,0.15317049831615182,0.14791962182810736,0.03281725763748308
2021-04-23,0.14988349905226644,0.14667640257852277,0.1520095462085927,0.14859286632871743,0.04083688892790496
2021-04-26,0.15225772884092786,0.14568203252057033,0.14787179382683346,0.14276783783042468,0.040499942331926275
2021-04-27,0.1466592363762832,0.14261460441906676,0.14760388180201212,0.14414359833007812,0.02412553084931811
2021-04-28,0.14768513813690887,0.14158243666947518,0.14854157388888678,0.1427092948307393,0.019564399076218996
2021-04-29,0.1463661215871298,0.14568203252057033,0.14864576189822098,0.1478025358287366,0.03255028170284131
2021-04-30,0.15167149926356188,0.14565295737236594,0.1522476902312931,0.1486221378280903,0.03275588655826517
2021-05-03,0.15158356482690993,0.15364862304085836,0.15394446638753934,0.15509113932574103,0.05100085390230594
2021-05-04,0.1570354998974483,0.15158428754074188,0.15519472250337224,0.15099312932709325,0.03129828673920272
2021-05-05,0.1546026471513326,0.14858954730928275,0.1557900825582123,0.15064187132710172,0.013716309021395045
2021-05-06,0.15412166251110077,0.1512301437882077,0.15487847044949865,0.15356902132640438,0.024493427135892348
2021-05-07,0.15891806365702693,0.1522896871145868,0.1544899774369392,0.1510712420009146,0.041874950942514685
2021-05-10,0.1554458223369345,0.1533404738842642,0.15744850114995362,0.1528931516262012,0.04896623092809087
2021-05-11,0.1566817048409832,0.14980866279757815,0.15150156964566813,0.14916117545816932,0.04934876558183866
2021-05-12,0.15079655006033627,0.14429203225653858,0.14429950686988963,0.13855295973399956,0.04820972451507724
2021-05-13,0.14302814575078554,0.14429203225653858,0.1438512457017722,0.14531165673227314,0.0371587405277046
2021-05-14,0.1506199954177072,0.1479697859499428,0.15183029450266972,0.14907301854071064,0.023979381978459387
2021-05-17,0.15412166251110077,0.14843680229274753,0.15284635315193118,0.14722172327595795,0.03274545259429483
2021-05-18,0.16445010914959313,0.16063760422857198,0.16013806816152426,0.15609618629136024,0.1269297635929872
2021-05-19,0.15621089245781639,0.15812739138984638,0.15801629863014222,0.15612557192988674,0.06991982450121517
2021-05-20,0.15853552859658593,0.15564636707283774,0.15861398018858752,0.15759485388627825,0.05931952612213075
2021-05-21,0.1615369575344524,0.15625932602142734,0.16130354720015821,0.15562601606554038,0.04069859854889732
2021-05-24,0.15930059871746793,0.15433288361050768,0.16058632933059713,0.15565540170406694,0.030960459639935396
2021-05-25,0.15941830181349487,0.15497503108081423,0.1597196910707081,0.15735976877336832,0.03721972271797003
2021-05-26,0.1611544224730706,0.1556755555936214,0.1617816924465323,0.1568602129080825,0.03181200904542984
2021-05-27,0.16397929676736722,0.1580106373039119,0.16157250390160194,0.1554497022306231,0.12299984995245625
2021-05-28,0.15980083687393581,0.1544204491747252,0.16142308351222945,0.15644881396025528,0.03644883475124201
2021-06-01,0.16062475854330166,0.1554420474226857,0.1603173726291534,0.15536154531316443,0.03541599705614487
2021-06-02,0.15821184508368802,0.15226020670780205,0.1567910514359504,0.15445059050005133,0.04160484188367086
2021-06-03,0.15821184508368802,0.15266913789224074,0.15876340057795996,0.1551852314782471,0.029562719369445375
2021-06-04,0.158417825500559,0.1539534328328538,0.16025760447359555,0.1559198724564429,0.017972713281352134
2021-06-07,0.15956543068282286,0.15301940014911092,0.15768757377314063,0.15312823673911108,0.02529817779159581
2021-06-08,0.1556223769805044,0.14989622836086247,0.15595429725431803,0.1499839733528841,0.033833395120205764
2021-06-09,0.15217956143371308,0.14729844995885255,0.15362333917800564,0.14778005041923642,0.02640980585597105
2021-06-10,0.15141449131283108,0.14782384334322463,0.15377275956737807,0.15013090154927494,0.024680585447419284
2021-06-11,0.15479845531113862,0.14975028575414429,0.15610371764369046,0.1526874521527573,0.04633630701795656
2021-06-14,0.15685825948361237,0.14998379392508004,0.15661204580895094,0.1521291250094789,0.021653393128507333
2021-06-15,0.15659342751919825,0.14992541688257943,0.15550603608620067,0.15048352921817004,0.03189288327249104
2021-06-16,0.15368027590311673,0.14738601552307012,0.14746721912783428,0.14210862206805364,0.05470088280922891
2021-06-17,0.1452939303410712,0.14245315540983655,0.1466902331027154,0.143783603497889,0.03192874176892073
2021-06-18,0.14070350961295686,0.13672636751542144,0.13978701110568176,0.13629026552141965,0.09422653602306738
2021-06-21,0.14135087663875273,0.1377829919892556,0.14262599850662488,0.13990469913346631,0.03543420146163741
2021-06-22,0.14302814575078554,0.1406142785631344,0.14525579736263766,0.141755994398219,0.03135402993490077
2021-06-23,0.14382264164685027,0.138483516502996,0.1443592750254475,0.13861173101199215,0.03204788853892797
2021-06-24,0.14285159110815648,0.13921322953752008,0.14486730435007822,0.14140336672932396,0.04196188596721266
2021-06-25,0.145676465402453,0.14394177000060165,0.14731779873846185,0.14616384026739365,0.05467255995344446
2021-06-28,0.14835421082742156,0.1432996225302951,0.1463615082457137,0.14490025778444587,0.022652221384080923
2021-06-29,0.14794224999273864,0.14280341766670673,0.1482442051539088,0.14254940665440735,0.07258015512491704
2021-06-30,0.15282692845950896,0.15479989995237914,0.15260728052874417,0.1534808644089457,0.09593452162730821
2021-07-01,0.15532811924090756,0.15091782660975617,0.15356357102149226,0.14848530575796615,0.04906605798843994
2021-07-02,0.152208987207955,0.1504216217461678,0.15457962967075378,0.15080677124853858,0.048917245595133094
2021-07-06,0.15382740477244472,0.14945840054070791,0.15507271695625618,0.15030721538325276,0.02932963547388868
2021-07-07,0.1534154439377618,0.15074269548132108,0.1546095137490105,0.14963134568398906,0.047253461255981774
2021-07-08,0.1492369840443304,0.1491665153272716,0.15120541843354585,0.14927871801415443,0.036637732056764016
2021-07-09,0.15532811924090756,0.14972109723336058,0.15631290618957633,0.15136509839181705,0.021762480148441895
2021-07-12,0.1561520409102734,0.1495751546257092,0.15451986151519592,0.1506304574136213,0.03235209508762421
2021-07-13,0.15409223673779965,0.15071350695960412,0.15634279026687753,0.15218789628747142,0.030964509955063124
2021-07-14,0.15621089245781639,0.15252319528552255,0.1560140654098759,0.1550383032827959,0.03063287572892587
2021-07-15,0.16000681729080685,0.15497503108081423,0.15977945922722153,0.15536154531316443,0.02858527266873082
2021-07-16,0.15912404407389796,0.15348641649098238,0.15936108213640537,0.15506768892132233,0.028880189907731963
2021-07-19,0.158270696631231,0.15596744080799102,0.15583476094320226,0.1540979628302167,0.051596551064705065
2021-07-20,0.15697596257963925,0.1544788262172258,0.15884408758810648,0.15597864373443548,0.0311423129191483
2021-07-21,0.16147810598596862,0.15468314586737786,0.15862892222771585,0.153921648996239,0.030094506668144342
2021-07-22,0.1574467749618652,0.15344876329856483,0.1589128209673324,0.15421550538714146,0.016450124982060967
2021-07-23,0.15859438014412897,0.15520853925175,0.15954038660307895,0.15762423952574434,0.023626747748888167
2021-07-26,0.16106614515128564,0.15853603068921718,0.16088517010934206,0.15821195230848883,0.02991213976201307
2021-07-27,0.1629493946811303,0.15602581785049163,0.1623793740049776,0.1582413379470154,0.022277148995704304
2021-07-28,0.16141925443842553,0.1567555308850157,0.16148285166778736,0.15653697087771395,0.01903823232351248
2021-07-29,0.1618900668206515,0.15558799002940382,0.16256734485468965,0.15706591238246587,0.011304845314698674
2021-07-30,0.1576527553796771,0.15589446950463193,0.16010818408422312,0.15797686719463944,0.0245676022004325
2021-08-02,0.1624491565246624,0.15564636707283774,0.16151273574508856,0.1570071411035337,0.0334370585774086
2021-08-03,0.1613015513423986,0.1586527847742184,0.1635747371209127,0.1617088433636108,0.030885631535456166
2021-08-04,0.16406757408915218,0.15876953886015294,0.16471033208129,0.1588290507297599,0.02204691939830827
2021-08-05,0.16656876487055078,0.1634397022807339,0.16844584182037886,0.16661624509713174,0.05067271233921361
2021-08-06,0.17239506810271382,0.16615423476867824,0.17131471329957865,0.16585221848040949,0.03173760651754012
2021-08-09,0.17151229488580494,0.1661834232894619,0.1726594968058418,0.1668807158495077,0.023294761321435462
2021-08-10,0.1746314269196984,0.17339298807048542,0.17519964342804,0.17599026397781986,0.07820481013272226
2021-08-11,0.18210557348965228,0.18106956919244704,0.18389591009945405,0.17989855398170862,0.08601571811857305
2021-08-12,0.18222262513619797,0.17868849588110125,0.18449083500829033,0.17872312841621957,0.02932498348151372
2021-08-13,0.1833449303903068,0.17912793919471376,0.18554063704373241,0.18010934951622437,0.023506030748016205
2021-08-16,0.18423096085462154,0.1831415214534417,0.185180704917923,0.1837076255607865,0.10184341043421245
2021-08-17,0.18635743396841248,0.18539733046145268,0.18536067098034992,0.1835601552308988,0.1092375395259149
2021-08-18,0.18680044920104033,0.18560240400687195,0.18512071623012888,0.1788411046801297,0.05362335957223349
2021-08-19,0.18024382376567544,0.1800068258200722,0.18206129315549385,0.18182000534104265,0.039971977885005464
2021-08-20,0.18659370875914738,0.18311222523346748,0.18731030333174875,0.18577221017733525,0.03207194829128994
2021-08-23,0.18969481538377864,0.18330850991308106,0.18928993002608907,0.18282280358239988,0.02416135999563818
2021-08-24,0.186652777456831,0.1795380862864855,0.18416089722637802,0.1782512233615185,0.03067398055745035
2021-08-25,0.18048009855641028,0.17596394734043674,0.18213627901571428,0.17842818775738373,0.03823737173133822
2021-08-26,0.1777038697680985,0.17300502903157905,0.17807204542196053,0.17367964314063705,0.04201787863884249
2021-08-27,0.17782200716346597,0.17130584822174383,0.17660232257291492,0.17123163566731986,0.041092381632157435
2021-08-30,0.17460276314346718,0.1722137381059407,0.17612241307151727,0.17471193544891145,0.024832861153661432
2021-08-31,0.17923965590693408,0.17350306478700656,0.17978172302218276,0.17589169808613392,0.045959840499372934
2021-09-01,0.17796967890767523,0.17201628157711746,0.17777210198394533,0.17494788797579214,0.031231287776464948
2021-09-02,0.17962360244093734,0.1745137844069154,0.18113146849659556,0.17724842511922168,0.03359278292153124
2021-09-03,0.17985987723167218,0.1770399975325494,0.18176134971747865,0.17928351566979284,0.026723675928260072
2021-09-07,0.18213402208967244,0.17564168891045429,0.17924182483299095,0.17344369061281673,0.046638312308431226
2021-09-08,0.1761680836302038,0.17315151013611657,0.17825201148534298,0.17400407786545047,0.032336011227551795
2021-09-09,0.17767433541925665,0.17107147845448384,0.17558251488232546,0.17093669500754444,0.03923391067836135
2021-09-10,0.17690644235030928,0.16998751828183956,0.17433774961203014,0.16937350951261393,0.02320531686236488
2021-09-13,0.1748981066318857,0.16972385229460535,0.17197119588093973,0.16692550203929674,0.032387234506368184
2021-09-14,0.1718265343560963,0.16600323224308583,0.1698236008607758,0.16468395302782235,0.02506060332926707
2021-09-15,0.16766219117409908,0.16269275928520466,0.16943367439011386,0.16542130467632127,0.0209423133476599
2021-09-16,0.16875496208030677,0.16432778137204573,0.16913403089539425,0.16683701984230376,0.029694295910877178
2021-09-17,0.16786893161599203,0.1668235264275626,0.170123544298791,0.16595219786391707,0.1632638345239254
2021-09-20,0.16597873329199503,0.16396714489328107,0.16292490177209284,0.16008287874096339,0.04590077340376028
2021-09-21,0.16361598538746924,0.16219472352977715,0.16607430787746358,0.16090871258739503,0.027270960084839032
2021-09-22,0.1658901302454695,0.15932369388457518,0.1649345228112858,0.15993540841107567,0.021418203362585316
2021-09-23,0.16515177152536398,0.1594115825472977,0.16541443231268343,0.16017136093889606,0.022741137541178322
2021-09-24,0.16302529841157304,0.15958735987274264,0.16553440968827177,0.1613511235770581,0.017299627217409342
2021-09-27,0.16411806931778083,0.15917721278003766,0.1635847773378285,0.15863766950994307,0.0365974270187267
2021-09-28,0.16119416878525972,0.15485543427717618,0.15803582372260283,0.15347620797045042,0.03495895714912367
2021-09-29,0.15756144388241594,0.15413826279048048,0.15902563707025075,0.15329924357458513,0.036902734196533754
2021-09-30,0.15753190953357404,0.15384530058140544,0.1558162422770859,0.15017287258472412,0.039581460001440694
2021-10-01,0.15345616939810236,0.14769309419829652,0.14582842571507748,0.1433007552194736,0.05803249446513187
2021-10-04,0.1470472157069468,0.1435916232759128,0.1421838129925872,0.1394075385151361,0.05792417054804745
2021-10-05,0.14368029994367965,0.1420682197905893,0.14576813708398773,0.14203251038431852,0.03499968776375048
2021-10-06,0.14453679605915254,0.14230258955784936,0.14645800699266492,0.1449819169783143,0.03201392312456884
2021-10-07,0.1520385206555751,0.150827789831666,0.15434651942804029,0.14975995566103856,0.03615097516375135
2021-10-08,0.15463754335083568,0.149040720358175,0.1550963780245116,0.15099870643115565,0.018489928250624187
2021-10-11,0.15422406246704973,0.151062159598926,0.15638613481113034,0.1506152835734476,0.01653569522666155
2021-10-12,0.15369244418883726,0.14997819942628177,0.15529134125936483,0.15017287258472412,0.023239788566114968
2021-10-13,0.15416499376936604,0.14880635059091502,0.15245687576443562,0.14719397192475075,0.028511082929135848
2021-10-14,0.15121155888894405,0.1489967760272804,0.15356666648767192,0.15161808181574443,0.03302882056516003
2021-10-15,0.1574728408358903,0.15198499055611236,0.15794584069186712,0.15362367829939855,0.03534148446534406
2021-10-18,0.1556417112095771,0.15465094665496182,0.15755591422120518,0.15695650775110231,0.0332618751106071
2021-10-19,0.16931611470736124,0.1652122342795166,0.16904374792040738,0.16583422160000694,0.0664211373462936
2021-10-20,0.1700840077763086,0.16779030171657688,0.17273305221496998,0.16969794423836693,0.027310406632169913
2021-10-21,0.17507531272493687,0.1690353911037457,0.17549253185063418,0.17208696357972897,0.01875189265404813
2021-10-22,0.1766110988628316,0.17716509239577777,0.17936180220857922,0.17659955566865532,0.03646306221688089
2021-10-25,0.18157286946261803,0.17959667872830054,0.1820912874993909,0.18167253501115493,0.03179703315199564
2021-10-26,0.18517606001662001,0.179684567391023,0.18344103297380376,0.17780881237279494,0.02722508586350111
2021-10-27,0.1821044877408306,0.17520224559777509,0.18023163818063886,0.17421053632729322,0.02024700191320646
2021-10-28,0.18027335811451728,0.17508506071414504,0.18119145718438967,0.17692399039440826,0.015435388967072687
2021-10-29,0.1790033811161993,0.1783633078294946,0.180743341686663,0.17978491479047148,0.038485915797137865
2021-11-01,0.18511699131893633,0.18027049180823973,0.18611052957682128,0.18087619523070086,0.01430422106721714
2021-11-02,0.1850874569700945,0.17858595910839165,0.18590056917049724,0.1806697367688581,0.017968362127600796
2021-11-03,0.1839946860638867,0.17892286564836124,0.18515071057402593,0.18202646380194587,0.019376081435362024
2021-11-04,0.1857076782948326,0.18348721686015024,0.1875502580829253,0.18527081105571708,0.02167425371892059
2021-11-05,0.1910829297774641,0.183932519417011,0.186905379689616,0.18217393413183358,0.02150956291630868
2021-11-08,0.18582581569019996,0.17956738250739301,0.18425088025806924,0.17934250380174793,0.022222242278130463
2021-11-09,0.18375841127409276,0.17769242437117955,0.18465580390020198,0.18087619523070086,0.021128796606665553
2021-11-10,0.18142519771840876,0.1769600188494253,0.1820013044686552,0.17689449632843074,0.025720694632175082
2021-11-11,0.18154333511377618,0.17511435693505256,0.18263118568953823,0.17707146072429597,0.017892814945435844
2021-11-12,0.18222262513619797,0.1758467624568068,0.18068155333813946,0.1748888998438371,0.028328591285038684
2021-11-15,0.17971220548746292,0.17353236100791408,0.17726219813769506,0.1723819042395044,0.05529663133431986
2021-11-16,0.1707042291010467,0.16834692991288608,0.16496451715518284,0.1613511235770581,0.165581451255108
2021-11-17,0.16497456543325373,0.16260487062248213,0.16352478865003428,0.15772335346557886,0.06561869801172279
2021-11-18,0.16196206185420708,0.1584155110373759,0.16064533163878175,0.1613216295110806,0.04431848698149962
2021-11-19,0.16633314547809736,0.16049554271900862,0.1638847207758437,0.15905058643268905,0.05345300419846469
2021-11-22,0.16349784799210182,0.16447982875776235,0.16406468683922615,0.16609966819380478,0.055918853658289136
2021-11-23,0.1681938094532524,0.16629619445216087,0.16781397982158286,0.16913755698573318,0.05779476591472761
2021-11-24,0.17256489307620182,0.1694601863064379,0.17498262800438397,0.17129062379927495,0.02886533141473623
2021-11-26,0.17466183184115092,0.17186247641805308,0.17132331805371848,0.16645359698459566,0.036081481441695776
2021-11-29,0.17040888561356893,0.1641575703287131,0.1647545567479033,0.15975844401615003,0.06543110678607895
2021-11-30,0.16001279483346725,0.15610110958848322,0.158095812410397,0.15385963082721882,0.1431588259952238
2021-12-01,0.1571479629995708,0.15087173416256067,0.14918749228443212,0.14356620181327157,0.07435260090741341
2021-12-02,0.1486420705425252,0.14420684391403704,0.14378851038869184,0.1386406928006596,0.08198007804565915
2021-12-03,0.14341449080410296,0.14256625554508356,0.14393848210817722,0.14465748225350095,0.09258749382632672
2021-12-06,0.14843533010157312,0.14690209623472728,0.14936745834685905,0.14905209807851716,0.06433017683666063
2021-12-07,0.15446033725778463,0.14827901861551324,0.1523368983898029,0.14772486511140687,0.07692529944131381
2021-12-08,0.1499120475417841,0.1443826212394821,0.14609807486590004,0.14359569587924903,0.06899407801859836
2021-12-09,0.1472910926606748,0.14619980130547378,0.1468147014618949,0.14919956840840487,0.06374883187786629
2021-12-10,0.15236152194149538,0.15422943009135753,0.1524158040870464,0.15669119957800587,0.07897155239646628
2021-12-13,0.15799533225414558,0.16143521308145986,0.15976348710125116,0.16421244193684198,0.11679342440926715
2021-12-14,0.1670687320209635,0.1659356288342913,0.16620806760004525,0.16826917502082445,0.09889453154529725
2021-12-15,0.17273219396662026,0.16943572343283558,0.16997194833705986,0.17072690382316563,0.06653271912554595
2021-12-16,0.17439268542722053,0.1696004337670055,0.16843616213414442,0.163531384558129,0.08017944882039903
2021-12-17,0.1654378921933698,0.16202375839985572,0.15488510739494998,0.1499398481684065,0.17713836509460337
2021-12-20,0.1517091860106461,0.1496704833445781,0.15250614445226102,0.1512723517356579,0.060486501155724154
2021-12-21,0.1540220134020957,0.14999402150028335,0.15374079610669056,0.1525160217323856,0.04483936337694691
2021-12-22,0.15698717672439455,0.15037638477580162,0.15530669576531453,0.1530490231592861,0.026269094092919647
2021-12-23,0.1566906603924469,0.15087639829001265,0.15627032632410026,0.1521310762572975,0.027650501027405478
2021-12-27,0.15609762772761082,0.1529646900261099,0.15843849508256247,0.1558916974367155,0.023885681753493728
2021-12-28,0.15906279105085053,0.15914132755328203,0.1615401809450573,0.1618731578961386,0.02323917955134033
2021-12-29,0.16517102749442875,0.16078843089404787,0.1667196951998443,0.16166587956303746,0.016528306336564418
2021-12-30,0.16695012548799631,0.1612737381290057,0.16720151047971493,0.16302799432140302,0.021184532464836193
2021-12-31,0.16677221568901585,0.16524443368232117,0.16852650249840356,0.1675288952608227,0.027484900371395306
2022-01-03,0.16914434634647862,0.1644941192856061,0.16879752359309186,0.1674104504991849,0.03527452952777073
2022-01-04,0.16926295287944587,0.1655235588734681,0.16503334172125267,0.1595634850456098,0.0676091710835402
2022-01-05,0.16573440852625831,0.1679062703307625,0.16798415917420223,0.1652488336004685,0.07124829117547178
2022-01-06,0.16801758428376046,0.16405322501613984,0.1669606028397796,0.16406438598502954,0.038011537312857946
2022-01-07,0.16766176468579969,0.16617092931167693,0.16864695631837123,0.168121119069012,0.032862449468772315
2022-01-10,0.17341418153141697,0.16684741818346055,0.16912877159824186,0.16729200573754704,0.040219487359440975
2022-01-11,0.16976703064432141,0.16399439989726006,0.16929439560081683,0.1660779469319335,0.033527955866905435
2022-01-12,0.16819549408368173,0.1620534650851606,0.1687674101383389,0.16382749646175382,0.03096258018535553
2022-01-13,0.1674542032528718,0.167112131220286,0.1690986581434888,0.1698385681113515,0.04393967979167371
2022-01-14,0.16979668227732791,0.16990632438760678,0.17244125164496343,0.16862450930573797,0.05033498062780256
2022-01-18,0.17036006330915748,0.16422970037371243,0.1661475395557146,0.16110326694596233,0.030828773035592515
2022-01-19,0.16481520789552706,0.16508266460400184,0.16551515700112335,0.16530805598175724,0.03786184441626246
2022-01-20,0.1642518268646384,0.16352379894248892,0.16295551332800512,0.157253812195081,0.03937703648792909
2022-01-21,0.16090119231043126,0.15705774182729254,0.15991405437597178,0.15420385958455052,0.05190232050673864
2022-01-24,0.15452609116697114,0.15197319264030795,0.15163285425773443,0.15423347077472516,0.05484515327307188
2022-01-25,0.15725404142333566,0.15149406204291654,0.15012718150957205,0.1452020577057111,0.056723707039376264
2022-01-26,0.14939635861919653,0.1468468776178175,0.14515846143901184,0.1410564910502653,0.04866724136137979
2022-01-27,0.14815099002351112,0.14769984184717366,0.14579084399360315,0.1413229917637156,0.05257644849957298
2022-01-28,0.14542303976714666,0.14325854533908705,0.14151473338714027,0.14629767174968672,0.046090624587844964
2022-01-31,0.14865506778838655,0.15052344757486757,0.14979593350442216,0.15307863434946073,0.034011711711209314
2022-02-01,0.15494121403188604,0.15378794757109443,0.1566919146935093,0.1563358652930923,0.03432875159533744
2022-02-02,0.16024885637958197,0.15522945711977965,0.16018507547066013,0.15615819815016574,0.029013160579370773
2022-02-03,0.1580546355210996,0.1562588967076417,0.1590407641814452,0.15657275481636806,0.035351368114759
2022-02-04,0.15992268841368684,0.15334705330162818,0.15476465357593788,0.151657297210746,0.03851951433512674
2022-02-07,0.15746160285626343,0.1506116852531872,0.15253625790701403,0.14760056412770312,0.033563843713444744
2022-02-08,0.15230221867548221,0.14817044280194486,0.15223512335757272,0.14768939769822687,0.032215008063111034
2022-02-09,0.1528359480733643,0.1468468776178175,0.152114669537605,0.14680106198641274,0.03714311159433131
2022-02-10,0.1470538795947403,0.14162614827850778,0.14606186508829144,0.14203366033354275,0.052641994631884514
2022-02-11,0.14785447369156346,0.1421114555125323,0.14216217266863035,0.13981282105447723,0.04266982528633062
2022-02-14,0.14343638034159212,0.1385231232347351,0.1377806649700541,0.13572647678032018,0.056440170305380746
2022-02-15,0.14168693398103122,0.13767015900537888,0.14103291810726964,0.1369701467761083,0.038059759542965574
2022-02-16,0.14047121701929322,0.1353465667918961,0.13775055151530102,0.13448280678359248,0.05430514060615156
2022-02-17,0.13949271312254885,0.14884693167372853,0.1410028046525167,0.1503247936434946,0.11628511719826512
2022-02-18,0.15164988274463287,0.14919958826487517,0.15118326037543373,0.14768939769822687,0.060695796787432865
2022-02-22,0.15067137884788856,0.1452291868364915,0.1475073109269478,0.14312927437845796,0.04654390768083466
2022-02-23,0.14797308022453065,0.14214086807290544,0.14419483087927065,0.13898370772301227,0.036060019174035285
2022-02-24,0.1392258484236078,0.13572893006741443,0.13567272312205347,0.13744392582265974,0.06219753183383818
2022-02-25,0.1418944954139591,0.1409349531265376,0.14193632175654936,0.14292199604535683,0.045762262898930484
2022-02-28,0.14245787644484775,0.13884666139137364,0.14097269119776362,0.13930943081775127,0.04891473616076049
2022-03-01,0.14503756853523836,0.14419974724862944,0.1447368730686473,0.14176715962009245,0.04338312100045444
2022-03-02,0.14441488423739568,0.14108201592467018,0.14521868834851787,0.14227054985681847,0.0429898588816401
2022-03-03,0.14924810045322268,0.1517881876401152,0.14934423168026006,0.1515388524491082,0.057716166321162055
2022-03-04,0.15078998538085575,0.15905308987496236,0.152476030997508,0.16199160265777646,0.07164635937473661
2022-03-07,0.16113840537636576,0.1610825564912466,0.1610884791199398,0.1585863157623324,0.09681264755706465
2022-03-08,0.16173143804026102,0.15764128701158214,0.1554572630400352,0.14991023697823191,0.05385251789062835
2022-03-09,0.15728369305728307,0.15111169876739827,0.15413227102134658,0.15204224268583416,0.03873087181203634
2022-03-10,0.1557714597626566,0.15922956523253495,0.15675214160397083,0.16142899004070133,0.05191359828636058
2022-03-11,0.1641035686986646,0.16231788399612102,0.16539470318115562,0.15977076337871093,0.031489524715967
2022-03-14,0.16327332296789399,0.16467088876904368,0.16572595118630562,0.1656337790755566,0.04001092548047279
2022-03-15,0.1707158829071183,0.16849452152422645,0.17132705381145708,0.17075651501334022,0.040564145696722634
2022-03-16,0.17326592336450236,0.17081811373677597,0.17087535198633952,0.16948323382643793,0.044828408448530796
2022-03-17,0.17213274881246976,0.16764485127329287,0.16937234772897392,0.17013468001591597,0.031148960718977502
2022-03-18,0.17430567717662498,0.1684420571933259,0.17377984486957404,0.17141287836329383,0.058619012380746946
2022-03-21,0.17504983072576125,0.17352055415971895,0.17230463320641876,0.16781608766394063,0.03658161464716829
2022-03-22,0.17260900708414273,0.16667048848348953,0.1703699293860126,0.16653788931656277,0.0337337221479322
2022-03-23,0.1682333842123237,0.16300924648459214,0.16595638629642756,0.16103866386838855,0.03262262238553014
2022-03-24,0.16600092356397406,0.1635407170967031,0.1670295423210328,0.16365451164930928,0.01749594276313809
2022-03-25,0.16915613461404294,0.16359976938724874,0.16820850246195113,0.16549749531290486,0.018321906210570265
2022-03-28,0.16930496532405842,0.16988883830562773,0.17133728129621567,0.1730775087693343,0.03379689092136441
2022-03-29,0.17853246933748773,0.17591217191701808,0.1802550567187588,0.17673375055391283,0.03337815290739887
2022-03-30,0.18011007486252223,0.1820536101094996,0.182643206747431,0.184581293896675,0.045747103567311126
2022-03-31,0.18505125443089454,0.18311655133558807,0.186089397926813,0.18175736731464692,0.05106022183654221
2022-04-01,0.18764090878346928,0.18527195993163792,0.1880836543497369,0.18797000579492085,0.03583710509146233
2022-04-04,0.19136167653103237,0.19097050594736037,0.1918330498943605,0.1880591824236984,0.04659315716477902
2022-04-05,0.19127237810521125,0.1913543458345071,0.19425142966986825,0.1893373807710763,0.029842550652101226
2022-04-06,0.19168910409268997,0.19752531017179487,0.1930975602189094,0.1998007718947592,0.05315032385546874
2022-04-07,0.20383369002035173,0.2037848529444345,0.20501321967039998,0.20440823105421801,0.05087478784395552
2022-04-08,0.20922136171877026,0.20635362757337045,0.21036388492430808,0.20699435329252602,0.04159641840220958
2022-04-11,0.20939995857041238,0.20585168310606572,0.2025646101480567,0.1977199838874435,0.045065161107790144
2022-04-12,0.20127380181034454,0.19746625788124927,0.19929979745064347,0.19456907633291776,0.05007533488303868
2022-04-13,0.19892227659360623,0.20452300657392175,0.20171817722615126,0.20642956797536877,0.05624716398451178
2022-04-14,0.2098166845578911,0.20599931383196318,0.21102893936233386,0.20601341037409354,0.03931186456951524
2022-04-18,0.20874510344709724,0.20508400333177218,0.20734091020444567,0.20244634521829258,0.020506603632805907
2022-04-19,0.20850697431126075,0.2049954248964203,0.20984997922141552,0.20770776632368626,0.02340028964057846
2022-04-20,0.21350768616382737,0.21208169973389912,0.2166667872135683,0.213593423830523,0.03274900395755899
2022-04-21,0.2181809704547364,0.21332179783069122,0.21900959262150943,0.21430683686168317,0.029058455136043677
2022-04-22,0.2191632531397092,0.2121112258787053,0.21172422354719517,0.20535944842909826,0.03609763133951484
2022-04-25,0.20761399005210907,0.20357816992892458,0.20474115194601367,0.20559725277281832,0.028787546286712668
2022-04-26,0.20761399005210907,0.20552689550946457,0.20731068045761009,0.20072226372608726,0.031864472366377725
2022-04-27,0.20511363412535533,0.19982834949374212,0.20374357028801954,0.19757135617250104,0.027416023001641778
2022-04-28,0.20422064986620364,0.20213138881568943,0.20398540826557027,0.20342728813672506,0.021238433941155512
2022-04-29,0.2059470861012535,0.19988740178428782,0.19978347340574504,0.19385566330175757,0.03620119320131321
2022-05-02,0.20341696403287307,0.1962556859301966,0.1925585638270128,0.1908533834621743,0.03357764560249411
2022-05-03,0.19588613011192596,0.1941445665508894,0.19697210691659783,0.19242883723943716,0.028527108088989023
2022-05-04,0.19469548443274343,0.1957537414619585,0.19615590374248337,0.19870092680493645,0.033073036505304354
2022-05-05,0.20116455925069732,0.19449591685339368,0.19750139072191836,0.19477715513308558,0.041449139552130435
2022-05-06,0.1953986310973127,0.19485152963748353,0.18800478906797174,0.18528977537582347,0.06841150769272732
2022-05-09,0.1857190418654998,0.19233260575049155,0.18776206442468385,0.19051081769536993,0.05361172225376869
2022-05-10,0.19456212338607248,0.18993221945881833,0.18888466589809866,0.18415606332870815,0.0454285228024279
2022-05-11,0.18849744247887512,0.18536852206424304,0.1838784701378111,0.17950187703318915,0.05280864455431364
2022-05-12,0.1838966500656425,0.18359045814379377,0.18269518750429103,0.179084193647212,0.046365781865543645
2022-05-13,0.1834485209344529,0.17834516957940183,0.18154224544986808,0.18078476171741514,0.033445973673206036
2022-05-16,0.18843769192773624,0.18235114759155796,0.18251314402206398,0.1812621141578608,0.03708251829301837
2022-05-17,0.1497492102774653,0.14592513743796592,0.1345143458857025,0.1309611007241786,0.3097723616259487
2022-05-18,0.12465397893649471,0.11875039385998865,0.10687407717393688,0.10434870215782704,0.23960833442931534
2022-05-19,0.10326328174637767,0.09954700717953974,0.0979842871277321,0.09432430090471128,0.15829722364888213
2022-05-20,0.09958862287156406,0.09673203565038091,0.09394898993868506,0.09471214976251457,0.10533849486317805
2022-05-23,0.10042513058280428,0.10541491445941925,0.101807200253544,0.10485588912644644,0.09145812362068548
2022-05-24,0.10427904111009373,0.10772639755600327,0.10550996468062745,0.10942057184026271,0.06921071117771237
2022-05-25,0.11261424294833794,0.10808201033915982,0.11012051927301503,0.10715314774697171,0.050957503790395445
2022-05-26,0.1164980287507264,0.1132087613091663,0.1155818237388701,0.11499962849037826,0.05358880715568194
2022-05-27,0.11706565898325288,0.11978759781296189,0.11834281655137252,0.12239859132057351,0.04650097580798626
2022-05-31,0.1229510882379744,0.1235808008426314,0.12474467900841535,0.12284610923378486,0.07490363454049648
2022-06-01,0.12605811688026147,0.1206766297731865,0.11643135998894433,0.11335872947558318,0.05441300225900944
2022-06-02,0.11730466118686761,0.1165574483587235,0.1153694396756349,0.11950464214878653,0.04140040369510445
2022-06-03,0.12059094148163052,0.11623146997299671,0.11767532378352524,0.11297088061777977,0.029387227726492864
2022-06-06,0.11805154307186988,0.11291241732273577,0.11614312447557745,0.11162832687814572,0.033185014511036615
2022-06-07,0.10436866693633168,0.10458515129685403,0.10489405089982523,0.10715314774697171,0.10130761684555019
2022-06-08,0.1076848225061936,0.10582979604116849,0.108148381549526,0.10396085330002369,0.03970856065115527
2022-06-09,0.10663918786643761,0.10713370958220908,0.10523568583484916,0.10014203377551933,0.033260202154358695
2022-06-10,0.09991725090047582,0.10236257139722577,0.10022949007456172,0.10217078164811783,0.04637140974906351
2022-06-13,0.0998873756253768,0.09791741159703599,0.09947097556560092,0.0953386748410105,0.04551795258644367
2022-06-14,0.09806498382551959,0.09424274616175199,0.09667964217209035,0.0954878474790608,0.03731571958901354
2022-06-15,0.1005745069592403,0.09545775650770338,0.09586924526999735,0.09524917125836824,0.04800285760493968
2022-06-16,0.09573471234427466,0.09945840032778086,0.09686168565431735,0.09894865267299602,0.059725893064890956
2022-06-17,0.10072388333661703,0.09685057324476642,0.09607283056434845,0.09199720775695175,0.07472378440626523
2022-06-21,0.09558533596689789,0.10248110899161128,0.0968313450733092,0.1035730044422204,0.04311769328409519
2022-06-22,0.10693794062119122,0.10387392572867438,0.10402206262032093,0.09915749436645438,0.03413811529582039
2022-06-23,0.10589230598143529,0.10597796803391707,0.10587283802168829,0.1078990109353441,0.02874692573499694
2022-06-24,0.11288312042705168,0.1099786118539946,0.11181959177316353,0.10819735621144472,0.06251185683282634
2022-06-27,0.11195698688863265,0.10828945113050109,0.11069699029974872,0.10939073731302845,0.033267143455284115
2022-06-28,0.11458601112463118,0.11074910621983369,0.10917996128182728,0.10416969499348205,0.022291479186726856
2022-06-29,0.1092980873775351,0.10417026971510479,0.10517500467378832,0.10282714125384795,0.03136566725336558
2022-06-30,0.10329315702147668,0.10034743228707227,0.10189822199465753,0.10181276731754874,0.03149924693977903
2022-07-01,0.10645993621490263,0.10289599057242726,0.10575147570052212,0.1049453927090887,0.027328434937004733
2022-07-05,0.10726656865010303,0.10760785996068445,0.10711680181722472,0.1097785861708318,0.029184198343188267
2022-07-06,0.11404825616720371,0.11285314852507639,0.11527841793452137,0.11240402459375243,0.03671840083305786
2022-07-07,0.11616940072087373,0.11061575142533331,0.11473228748879583,0.11297088061777977,0.02739280706493141
2022-07-08,0.11805154307186988,0.1138310836813235,0.11785736726575224,0.11320955683753287,0.020700446431799063
2022-07-11,0.11566152103948613,0.11300132051875822,0.11624931650671733,0.11335872947558318,0.012831704054939726
2022-07-12,0.11593039851819986,0.11537207241206837,0.11655272231011049,0.11222501742940738,0.018208622124959873
2022-07-13,0.11392875506586675,0.1133865677012112,0.11409513530100124,0.11312005325489055,0.015657239108171874
2022-07-14,0.11309224735462647,0.11889856585273728,0.1147929686489011,0.12042951250244349,0.03575294365212356
2022-07-15,0.12695437514264063,0.12467727359326397,0.126656135571799,0.12415882844524512,0.03643499617455563
2022-07-18,0.12650624601145105,0.12476617678928642,0.1272932877595936,0.12326379261882242,0.01945958983476172
2022-07-19,0.12871701639135902,0.1237586072346763,0.12832486749189487,0.12562072029475574,0.026189371857661087
2022-07-20,0.13206304723726087,0.12775925105475378,0.13105551972434465,0.12884284926893796,0.030028270808256718
2022-07-21,0.1325709269186484,0.13146355088840078,0.1340895777611431,0.13454124402892997,0.03051703818377843
2022-07-22,0.13812772814445823,0.13392320597773338,0.13630747418496975,0.13352687009263076,0.01792498266558067
2022-07-25,0.1376795990132686,0.13187783978162282,0.13699681217102821,0.1329600140695429,0.034847426732563136
2022-07-26,0.104040038906479,0.10221439940354393,0.10241401186033045,0.10300614841913247,0.21793434975306625
2022-07-27,0.10436866693633168,0.1142904168606173,0.10534703576469356,0.11675986561504992,0.08773763768735654
2022-07-28,0.11939593046543856,0.12538849916144368,0.12125551226700476,0.1261875763178436,0.06597607962152524
2022-07-29,0.125520361922834,0.1305893361273578,0.12654235839516825,0.13304951765218515,0.05834384042799347
2022-08-01,0.13370618738464224,0.13641249546542905,0.1356066067790646,0.13451140950169577,0.04575860881028264
2022-08-02,0.13995011994431544,0.13487150673468418,0.13682022999359283,0.1349290928876729,0.032792566857764244
2022-08-03,0.13699246767940515,0.13258965803739653,0.13214778061770677,0.12842516588390035,0.06289621119337066
2022-08-04,0.1325410516435494,0.12624789672237197,0.11840349771243336,0.11371674380615227,0.11451056554540343
2022-08-05,0.11712540953439177,0.11442377165418438,0.11776634552463877,0.11673003108781571,0.06290540511520949
2022-08-08,0.12053119093049158,0.11857999606706787,0.1222870919993061,0.11980298742394757,0.029095216148344216
2022-08-09,0.1242357250804042,0.12082480176686833,0.1241075268206207,0.12356213789398346,0.03188758557770442
2022-08-10,0.1305394081912163,0.12430684360999261,0.12768771530410028,0.1243676701377639,0.04638157956204725
2022-08-11,0.13131461888843876,0.1266401747135666,0.1300079727411178,0.12806715155333126,0.04296596055488104
2022-08-12,0.13221474330848548,0.13399144590265927,0.13372549079668905,0.1352583252406231,0.04974196166290637
2022-08-15,0.13710541932535886,0.1361640888050502,0.13840803997262896,0.13639692774161216,0.04947591759424508
2022-08-16,0.15891843443967607,0.15806909121667595,0.1592301023694339,0.15668203018604915,0.20908474138772148
2022-08-17,0.15792829757696603,0.16339653066276327,0.1598700030180617,0.15713147854197468,0.08683852642922095
2022-08-18,0.16080869572149203,0.1565512174084886,0.1601747176123734,0.15578313347513767,0.0315757993631985
2022-08-19,0.15897844273447126,0.15253331615080856,0.15532975555765788,0.14964067261708597,0.040677121606182004
2022-08-22,0.15081731465831422,0.14553889411709553,0.14780330506936834,0.1422996828105259,0.030278737306236567
2022-08-23,0.1460466552319722,0.14030103898911883,0.14405531555570367,0.1405917790595122,0.02609112970323155
2022-08-24,0.14526654740057504,0.14129807374598952,0.14524370247485702,0.14349821175809468,0.023184118745690974
2022-08-25,0.1480569331033787,0.14336654883755723,0.1496011211781006,0.1461949018917687,0.03210671349613624
2022-08-26,0.15054727733220613,0.14586657628705002,0.1388904031761964,0.1334006053712808,0.03679598784784148
2022-08-29,0.13470508753825383,0.13704207463553247,0.13607179317499124,0.1372358980050042,0.028584172039620024
2022-08-30,0.14223612851953138,0.13640218665782727,0.13957601101339767,0.13603736905743546,0.02000818007121882
2022-08-31,0.14055589626902826,0.1368188578992539,0.14015496874392758,0.13624711162328346,0.03955710674798252
2022-09-01,0.13983579673242635,0.14083675915693394,0.14158712733833917,0.14203001379715846,0.03779867564283025
2022-09-02,0.1467667547676333,0.14241415742831554,0.14167854171739708,0.13759545668918088,0.026774627718562465
2022-09-06,0.14136600824735263,0.1363128999625693,0.13646792214836084,0.13561788392573937,0.03788856769107256
2022-09-07,0.14139601239427985,0.1432921432587977,0.14262315696033656,0.14580537998336252,0.026345213602222205
2022-09-08,0.14841698287120925,0.14598562521250524,0.14914404928567754,0.14787284241855286,0.026093419011782002
2022-09-09,0.15111735613134952,0.14786064579985814,0.15295298171935123,0.14910133459035113,0.024110481580609845
2022-09-12,0.15345767962365936,0.15008983694158368,0.1554973485843381,0.15278681110574593,0.01955933618230934
2022-09-13,0.1527975883827935,0.1491999462184626,0.14893074906946824,0.14424729235067751,0.027882066054789278
2022-09-14,0.14910707825994313,0.14497370934006926,0.14676727544737095,0.14334839563976604,0.03337877659722832
2022-09-15,0.14736683771464482,0.1408665213880645,0.14332400052801786,0.1390037282035373,0.034001585923390004
2022-09-16,0.13821557277671853,0.13908078749596964,0.13817432387803508,0.13816475794014516,0.08703982415605789
2022-09-19,0.14067591285861875,0.13970579435810948,0.1418004275545484,0.14158056544123293,0.025841881234800985
2022-09-20,0.14265618658215712,0.1370867179831614,0.14199849204123322,0.13924343399267525,0.018774051986812135
2022-09-21,0.14853699946079968,0.14771183464233906,0.14835179133989385,0.1428989472847801,0.04553186453840412
2022-09-22,0.1459266386423818,0.13958674543172095,0.14292787155464826,0.1387640224134598,0.024939893665922513
2022-09-23,0.14082593359513645,0.13498848065953,0.1305259875525943,0.12878626892168465,0.05113730256193487
2022-09-26,0.12846422489178078,0.13190808969552636,0.12900241457912487,0.1325316718845988,0.040903139462847404
2022-09-27,0.1389056681654524,0.13574741756362368,0.1351987858611034,0.13145299583112918,0.0261510332769684
2022-09-28,0.13644532808355214,0.13640218665782727,0.1334207762014219,0.13792505215006767,0.02580544307370627
2022-09-29,0.14271619487695236,0.1378010115396261,0.13924082496003704,0.13534821491237203,0.021900205537839338
2022-09-30,0.13893567231237958,0.13256285878879676,0.13335983328236845,0.12770759286821504,0.0325655070722073
2022-10-03,0.1329348428450875,0.1338426347451403,0.1343044485262635,0.13618718517576406,0.027606791376652114
2022-10-04,0.14379634418138482,0.14101533254558346,0.14454285890717572,0.14134085965209503,0.024083772980854557
2022-10-05,0.1434963027083495,0.1392891231166829,0.14192231339265532,0.13735575090004298,0.020218026017482942
2022-10-06,0.1414560206890751,0.13887245187525626,0.13908846766192562,0.13364031116135827,0.019353753339467702
2022-10-07,0.13614528661051684,0.1304497403496001,0.1283929853895459,0.12429178536712726,0.02639759621036863
2022-10-10,0.1308045483840905,0.1253306365251593,0.12903806618703384,0.1265689903681656,0.012532523712516105
2022-10-11,0.13074454008929537,0.1368486201303844,0.1326132825261137,0.13660667030746015,0.036659700613815474
2022-10-12,0.14124599165776214,0.1397334732339381,0.13722970863509554,0.1321121867529027,0.026072763872136088
2022-10-13,0.13005444470056138,0.13428906821863063,0.12930712917343656,0.13543810458318123,0.03487272652705661
2022-10-14,0.13953575525939105,0.13512241070148379,0.13442633436437035,0.12989490819844418,0.025326992261716415
2022-10-17,0.13509514145301155,0.13394710017788286,0.13605655744546669,0.1327114512262173,0.02818796757231615
2022-10-18,0.14250616584563952,0.1407177102305454,0.14442097306906881,0.1410112641912083,0.025814937834168727
2022-10-19,0.1452065391057798,0.1396236505991813,0.14332400052801786,0.1398726616911588,0.012356239616603822
2022-10-20,0.14415639394921537,0.14161057717659287,0.14538082404248837,0.1408614480728796,0.01581822445944411
2022-10-21,0.1466467381780428,0.14759278571595058,0.14646256085305925,0.1489814816953124,0.028976252816522125
2022-10-24,0.15456783307595984,0.15671490968250612,0.15600012766629018,0.1568018830810879,0.030619726879815578
2022-10-25,0.15948851323881952,0.1566107418716829,0.15962623134280346,0.158779455845469,0.021434507348479886
2022-10-26,0.16329903995126038,0.16137269891789136,0.1641969502622564,0.16198552078164835,0.03540511550300281
2022-10-27,0.16524930952787154,0.16155127230747413,0.16564434458714794,0.16075702860985008,0.025229806711233243
2022-10-28,0.16236891138334553,0.16393225082964513,0.1648673223708887,0.1660904824277996,0.01800292921920715
2022-10-31,0.16923986112375722,0.16443820876632975,0.17013888485802292,0.16555114440200436,0.03982938771493831
2022-11-01,0.17113012240557324,0.16586679588019226,0.16931615545223472,0.16363349808514266,0.020856765115641534
2022-11-02,0.16569937173836535,0.165911439226888,0.16687843869487468,0.16081695505736948,0.022600858692243837
2022-11-03,0.1607486874266968,0.16040453352545986,0.16194206226205665,0.1607270653856206,0.01146811263699396
2022-11-04,0.16830973255584247,0.16187865685364267,0.16107362566673955,0.16147614597820342,0.020500462122367672
2022-11-07,0.16599941321140066,0.164137610227432,0.16858484042550448,0.16591070308618105,0.012416473379073912
2022-11-08,0.16995996065941832,0.16742931303600855,0.16934662691223917,0.16692945269213127,0.02147685955666327
2022-11-09,0.1705000353116346,0.16470606885023725,0.1623381912344708,0.15698166242364603,0.02358923097126488
2022-11-10,0.16974993162810548,0.16330724396750518,0.16626900950625134,0.1656410340728136,0.03429821280627658
2022-11-11,0.17022999798552646,0.16458701992384872,0.16471496507277733,0.1663002249936476,0.031755289958586896
2022-11-14,0.16713957080968755,0.16518226455485813,0.15947387404469215,0.1537456342641768,0.07640411486971549
2022-11-15,0.17905121730349022,0.1858670154733345,0.1786099505892519,0.18086235171266857,0.17184766297159546
2022-11-16,0.18586215874910672,0.18565867985262124,0.18644111567280852,0.18403845342461844,0.06433957620926682
2022-11-17,0.1832517979306888,0.18128363181670887,0.18519178583460177,0.18254029223945278,0.04527318734725774
2022-11-18,0.19123290112246016,0.18577772877900978,0.1914689064846845,0.18922209112423927,0.031060499488579228
2022-11-21,0.19405329097219093,0.19143255277126564,0.1957958537288791,0.19197870770449316,0.03636853285131844
2022-11-22,0.19822386745246234,0.19235488432652426,0.19862969945865322,0.19359672178469756,0.02595282464916909
2022-11-23,0.1984639006307024,0.1950784261342149,0.2009455303779064,0.19578403711492665,0.02600696092636538
2022-11-25,0.1985839172202929,0.19425996476692697,0.20089281475342685,0.19773164665507825,0.00608984446193124
2022-11-28,0.20038416606038645,0.19887311065561641,0.2035051329733733,0.19905002849768583,0.027864059762536673
2022-11-29,0.2013142946283013,0.19610522312221607,0.20298711816285236,0.1974320144184209,0.018477381078761127
2022-11-30,0.20005412043948312,0.19330757335768528,0.19887347113486703,0.19578403711492665,0.061269356629650204
2022-12-01,0.19837388818898005,0.19580760080717802,0.19744131253949992,0.19863054336598973,0.04022095486492204
2022-12-02,0.19666365179060885,0.1946915171239188,0.19972667199970412,0.19818109501100373,0.035331630166038755
2022-12-05,0.2004741785021089,0.19399210468301942,0.19677094043182314,0.19347686888965876,0.04236376968072823
2022-12-06,0.19582353566535737,0.190733140329433,0.1928096507009936,0.18820334151922868,0.03506863850877806
2022-12-07,0.1937232453512876,0.1886646652378653,0.1916212637818403,0.1858662100697313,0.02754670436473013
2022-12-08,0.19138721335144737,0.1845779035625546,0.19124826591960475,0.18655536421479474,0.017671449081145412
2022-12-09,0.1862974266031895,0.17991751978358916,0.18231710941345936,0.17611899093906902,0.05293270013015501
2022-12-12,0.1815690448308609,0.18106767860076806,0.18335703859546582,0.18426958793543108,0.03215007094557415
2022-12-13,0.19391704818483424,0.1873412721490164,0.18696620458041358,0.18267555974092076,0.04187556729481673
2022-12-14,0.18515297751149218,0.18235227156554273,0.18458048469183153,0.18020932743868617,0.034356942375628585
2022-12-15,0.1806052982280691,0.17604880376216936,0.17745391117863785,0.1762693709571886,0.027467847957705394
2022-12-16,0.17729241927891431,0.17097018041332068,0.17421177902240864,0.16841953399706555,0.08329483088119526
2022-12-19,0.17286520832048735,0.16750476683375493,0.171634283958517,0.16856991401518517,0.0214742767470166
2022-12-20,0.17259415458806993,0.17073118637325413,0.17323302214550712,0.17232941447475136,0.026223726160972693
2022-12-21,0.17681054597798884,0.17461483952270307,0.17938083878084388,0.17572800289045482,0.018194563422451317
2022-12-22,0.17816581463819414,0.17174691104283718,0.17225426526765014,0.17061508226499378,0.01662843423553711
2022-12-23,0.1729856766464244,0.16822174895395475,0.17332478060220902,0.17148728637177846,0.007973835336042956
2022-12-27,0.17596726770019322,0.17016357552867922,0.17610812047301772,0.17160759038702578,0.00919067620588276
2022-12-28,0.17425059406311777,0.16783338363919653,0.16913447772163087,0.16402843745933016,0.021911424617242038
2022-12-29,0.17024502224264776,0.16589155706447206,0.17170371452457223,0.16661497377587248,0.00705549975610548
2022-12-30,0.1684982315250289,0.16282197736367904,0.1688286161970617,0.16553223764334457,0.012763391674796402
2023-01-03,0.17147982257879774,0.16795288065876313,0.1727436437065787,0.17097599430979615,0.026811667556904405
2023-01-04,0.17410000865569653,0.16896860532834623,0.17268247140147375,0.1714572103689062,0.0172465255315772
2023-01-05,0.1742204769816335,0.16920759936841284,0.17445646824187294,0.1699834861877641,0.017088798042472913
2023-01-06,0.17765382425578446,0.17942459457636012,0.1793196664766944,0.18054016347967677,0.03655131065898441
2023-01-09,0.18283396224755427,0.1803506964815016,0.18103249101198865,0.17503625480654106,0.028051548262796846
2023-01-10,0.17867780502154473,0.17315100102811176,0.17775977270320703,0.17476557077317417,0.013899996682459274
2023-01-11,0.18108717152899456,0.17533182164196953,0.18081838794507687,0.17858522324036402,0.02090474520734478
2023-01-12,0.18310501597997164,0.17604880376216936,0.17977845876307041,0.1746151907550546,0.015128107994393621
2023-01-13,0.18045471282064784,0.17425634846213656,0.17815769854624253,0.17605883893144536,0.018130154606887616
2023-01-17,0.17973190286878926,0.17392773165762826,0.17918202879068612,0.17341215060727938,0.021608744274246094
2023-01-18,0.1764491410011187,0.16956609042897935,0.16780398009085368,0.16267501729437484,0.04007972213742486
2023-01-19,0.16798624114167837,0.1614253559433524,0.16265021340917252,0.15662974055450546,0.02703770008862461
2023-01-20,0.16199294195265634,0.15919972394634047,0.16075387195951896,0.16177273718377833,0.05687913788240269
2023-01-23,0.16518535257587408,0.16586168280934704,0.1669628608999606,0.16808869795607506,0.016784026504166456
2023-01-24,0.1835266551188695,0.17643716907692764,0.16940975309364759,0.16923158609622668,0.018054365286318295
2023-01-25,0.17054619305654944,0.16533888334699304,0.16754399779559098,0.16718641784641808,0.015174473830067696
2023-01-26,0.17292544248345582,0.16807237767926314,0.1717343006771247,0.16679542979780387,0.023312672225831794
2023-01-27,0.17163040798527812,0.1702233240379959,0.17170371452457223,0.1700737141991996,0.029656331544082166
2023-01-30,0.1701847880806201,0.1641887245298141,0.17023557920874222,0.16661497377587248,0.023504357791767797
2023-01-31,0.1707871297074826,0.16846074299402136,0.1714284391525555,0.17178804640895717,0.019116523740927014
2023-02-01,0.17482281860849597,0.17362898910731167,0.17460939900463524,0.17419412670356815,0.016048718207826735
2023-02-02,0.1770815997094654,0.17138841998320392,0.17533000875494942,0.17103614631648018,0.028174217045958624
2023-02-03,0.17391930616773182,0.16869973703408792,0.16898154695982398,0.1652916296147291,0.026581313221542485
2023-02-06,0.16928127563985595,0.16314312560510608,0.16644289630847964,0.16219380123526478,0.02731117707254747
2023-02-07,0.16310727396286934,0.16075318520537335,0.16234435188460333,0.16309608134586134,0.024590018346655692
2023-02-08,0.16479383051846058,0.16015570010567354,0.16630525862247125,0.16081030506649768,0.013216425291854308
2023-02-09,0.16642015291108325,0.1626651375249729,0.16808843130911394,0.16472018554418344,0.016576433178815766
2023-02-10,0.17310614497142052,0.16863998852383794,0.17298833292604293,0.1713369063536589,0.021316241081761295
2023-02-13,0.17798511215022955,0.17515257611215296,0.18014549259178908,0.1779235511593225,0.023794036036201557
2023-02-14,0.18105705444845116,0.1781719670643359,0.18029842335359592,0.1766603590048632,0.018452279397507602
2023-02-15,0.17873803918451325,0.17658654035161925,0.18029842335359592,0.17990856740244704,0.020521858352281517
2023-02-16,0.1803041274141674,0.17476421079739468,0.17913614956233515,0.17299108655579287,0.02451862420500214
2023-02-17,0.1791897954039544,0.17685540864681082,0.18032900950614839,0.17951757935477242,0.045207178950719684
2023-02-21,0.17247368626307374,0.18178466072096788,0.17292716062093794,0.1821943436818107,0.11766041197242236
2023-02-22,0.18418923090870043,0.1794843430866101,0.17479291591899454,0.17290085854529696,0.05761526798181181
2023-02-23,0.17696113138446923,0.1699245814886126,0.16852275467344796,0.16643451775394114,0.03848218099568858
2023-02-24,0.16632980166757133,0.16505507792470558,0.16491358868754463,0.16757740589409276,0.0350637150278891
2023-02-27,0.1719616958797232,0.16610067684941365,0.16836982391068567,0.16447957751462844,0.02533832140403019
2023-02-28,0.16681167496943766,0.164786209629514,0.16925682233088524,0.1665548217691884,0.028779159492888413
2023-03-01,0.16699237745740236,0.16069343669605674,0.16442451611038056,0.1605997730407545,0.019304181004317505
2023-03-02,0.1633180935323182,0.15908022692584045,0.16482183023084274,0.1616524331694706,0.02079210682414605
2023-03-03,0.1669321432944338,0.1604245684008651,0.16564765634593742,0.16216372523145295,0.025928698859060472
2023-03-06,0.16530582090181112,0.15979720904604028,0.1664123101559271,0.1621035732238293,0.025518186213316262
2023-03-07,0.16735378243333165,0.16188840689545642,0.16265021340917252,0.15789293270896482,0.027148775578486013
2023-03-08,0.15946310711926948,0.15364311251735857,0.15803170439381525,0.1544341922865773,0.031314554037460265
2023-03-09,0.16027626831558078,0.1538223580471752,0.15693060290670385,0.15163712394429174,0.02232600225316878
2023-03-10,0.1548250765913936,0.15173116019775906,0.15439195225631497,0.1510356038708739,0.033697687550844777
2023-03-13,0.15380109582563328,0.15238839380770886,0.1558906737246974,0.15223864401770953,0.05345272537242329
2023-03-14,0.15684292104142983,0.15170128594263405,0.1571752921261681,0.1544341922865773,0.04709497800155475
2023-03-15,0.15443355453398006,0.15630192121134956,0.15628829370596847,0.1590658968529282,0.06566126300820094
2023-03-16,0.16381424348002466,0.1575436363676379,0.1616052410945843,0.15668989256212906,0.055336855659555706
2023-03-17,0.16006433144360216,0.15706367798653476,0.16071458640414682,0.16007229022158842,0.08999149864291452
2023-03-20,0.16584040562938934,0.1643530458948141,0.16753270162303768,0.16460228708777458,0.06760563439533085
2023-03-21,0.16974152379696522,0.16276318375875148,0.16667275916267887,0.16315268809059502,0.031125297193095414
2023-03-22,0.16747343183907226,0.16225322797853775,0.1664577735473503,0.16043468997088334,0.029988171220986768
2023-03-23,0.16614281789075536,0.16342312653171837,0.1665499102394975,0.16384728761070327,0.03853829840528429
2023-03-24,0.1685923572043389,0.1660029028290979,0.16995896784894288,0.16732028520748626,0.0402714590660527
2023-03-27,0.17397529545138518,0.17351725122744033,0.17665423414465237,0.17447768025606047,0.05011034956381677
2023-03-28,0.17657604089612222,0.17182239819589057,0.17748346437397694,0.17278648142539127,0.03667614401273074
2023-03-29,0.17875340917569943,0.17347225512924103,0.1787119536029244,0.17465888013070796,0.04385359592015474
2023-03-30,0.1821706677252779,0.1783918285320486,0.18353377382465613,0.17900767712130705,0.038134235446129344
2023-03-31,0.18543672014464374,0.18391134991146835,0.1879870472787547,0.1843832734028279,0.035661466697961705
2023-04-03,0.18891446114611915,0.18544121724930973,0.1911504070418374,0.18812807081158206,0.032967757662093145
2023-04-04,0.19133375923516555,0.1849612588691399,0.18967621996748257,0.18371887386214075,0.02892481674941098
2023-04-05,0.18722095248453935,0.1882309753376636,0.1900447667360713,0.1910876687638438,0.04953600460616707
2023-04-06,0.19215027233906612,0.1917034742227937,0.19428305457484124,0.19450026640272428,0.028381722320980445
2023-04-10,0.1968679036114836,0.19195065278911316,0.1981220834139883,0.19362446700890817,0.020133079462711808
2023-04-11,0.19880334208253253,0.19159068400351914,0.19766139995325244,0.19229566792847336,0.02955282838250303
2023-04-12,0.19514415372348487,0.19150069180712065,0.19627934957104481,0.19009106945328286,0.012038810843523227
2023-04-13,0.19472077655832515,0.1885909441232576,0.19330026319225657,0.19054406913990152,0.017084564289160057
2023-04-14,0.1928458205401139,0.18826097273677417,0.19313134592300157,0.18749387125031602,0.010218671132892414
2023-04-17,0.19166641272200957,0.18760102996287398,0.19422163011372834,0.1906346690772252,0.022472143786500098
2023-04-18,0.19511391249800686,0.18961085568275182,0.1971085798003694,0.19163126838778616,0.017598829572415178
2023-04-19,0.19831948246453507,0.19282057735398767,0.1981220834139883,0.19211446805382587,0.015032147810987134
2023-04-20,0.196414285219905,0.19276058255669976,0.19759997549213948,0.1950136660481851,0.01798777722511521
2023-04-21,0.20170649978863553,0.1954903458468324,0.20243715182891064,0.1973088644597597,0.046588864711246916
2023-04-24,0.20095046913569092,0.19744017676848902,0.2040802561725204,0.2004194623081874,0.01783498789195469
2023-04-25,0.20572858286000517,0.19983996867307152,0.2029131914056414,0.19682566479465957,0.026804117241204354
2023-04-26,0.1987428596296948,0.19282057735398767,0.19950413379619591,0.19483246617353767,0.01517223588420908
2023-04-27,0.19813803510790362,0.19441043949005027,0.20122401871595802,0.19625186519129612,0.01607756202805696
2023-04-28,0.19968033763927084,0.19510037966306104,0.19938128487301454,0.1950136660481851,0.01908010025488711
2023-05-01,0.19892430698632624,0.1962102834180205,0.20168470217669388,0.1968860647525622,0.012529082412163023
2023-05-02,0.2002246797091652,0.19306055654407261,0.19717000426148235,0.1956478656094512,0.012333427243900751
2023-05-03,0.20049685074411233,0.19489039787115342,0.19965769494945607,0.19395666677972145,0.014789539804858361
2023-05-04,0.19916715325709627,0.1932764473070075,0.19900133659478592,0.19522506590131405,0.018891180936782905
2023-05-05,0.1984082586617631,0.19634777265881798,0.20004950806532995,0.19916593537577426,0.020223118261502217
2023-05-08,0.201352769692145,0.19917820974750344,0.20384142250105985,0.20204580152982615,0.021130007298687425
2023-05-09,0.20575435834526534,0.19987076350387106,0.20778747980080758,0.2028339754247182,0.021822288334322478
2023-05-10,0.20869886937564713,0.20339375434799106,0.2043655082358541,0.20153045706045042,0.023333481453553222
2023-05-11,0.20523831002070225,0.20014176279907014,0.2067393083302635,0.2032583767528815,0.013792876119869329
2023-05-12,0.20842566732091322,0.20255064542845352,0.2089281369888069,0.2031068048492949,0.02404682119284148
2023-05-15,0.20812210948315635,0.20188820270509306,0.20482793682599676,0.19949939356178564,0.024034031882574042
2023-05-16,0.2000778267713078,0.19490244308193455,0.19925659717599425,0.19313337364215422,0.02263006938884433
2023-05-17,0.20095814450249644,0.19375822383325741,0.19659670792757294,0.19237551412797949,0.05062500373602437
2023-05-18,0.20296162623376202,0.20321308815088063,0.20041945093706187,0.1982565039589525,0.09901020766484177
2023-05-19,0.20174739488179344,0.1946916658518168,0.1978360165483526,0.19352746058960024,0.0521125039792634
2023-05-22,0.19658691163333997,0.19053634331734381,0.19528649358963168,0.18952596235464497,0.02404324047946769
2023-05-23,0.19145678416790946,0.18686219508717272,0.19157165058543302,0.18867715969925786,0.024494351664345413
2023-05-24,0.1929745733585757,0.1858992442566208,0.18916702191822005,0.18661578181987576,0.0347984780872424
2023-05-25,0.1880265805969284,0.18258703064168536,0.18543676462714187,0.18215956787603982,0.03671746896707738
2023-05-26,0.18444459810706892,0.18070509108852956,0.18660825038794476,0.18294774177093182,0.0230723902158905
2023-05-30,0.18626594513549205,0.18213536514937595,0.18700902183248025,0.18185642407074576,0.023125565276996694
2023-05-31,0.18359463615984417,0.18219558721445722,0.18519013604662427,0.1843118888966343,0.053655886831221175
2023-06-01,0.18599274308169905,0.18397213815348745,0.18805719330302434,0.185948865447853,0.03412349894122904
2023-06-02,0.18905867724699543,0.1873295183174672,0.1916333077310402,0.190223193107385,0.03152861906198243
2023-06-05,0.19558517076723675,0.1940593341614637,0.19863139372305394,0.19319400240358886,0.022662332496845423
2023-06-06,0.19658691163333997,0.19086756467855742,0.19598013647436785,0.19313337364215422,0.021347638361528563
2023-06-07,0.19522090136155212,0.19137945223688135,0.19761405082531341,0.19380029001511656,0.04394957077861604
2023-06-08,0.198681460716497,0.1976124360385909,0.1999261937741157,0.20037851059882966,0.030787704894705063
2023-06-09,0.20405443445175675,0.20149675927786492,0.20550616542480898,0.2031674336107296,0.022790497088033764
2023-06-12,0.20790961899635013,0.2032431991838879,0.21033083704420336,0.20622918604814583,0.020613856270889148
2023-06-13,0.21121839943147575,0.20688663416003694,0.21312082287002782,0.2098669117163724,0.023116488755596343
2023-06-14,0.21543785338269467,0.2123668421402975,0.217868423057891,0.21462626946550245,0.036236552745879336
2023-06-15,0.21874663381782022,0.21507683509788705,0.22209193751191542,0.21723330619497755,0.02903901802594704
2023-06-16,0.22202505846992282,0.2148359468347621,0.21685108016015042,0.21056414247005206,0.06943308228325733
2023-06-20,0.21176480354094357,0.2067059679629265,0.21253507998962634,0.20641107233151018,0.03355750408976657
2023-06-21,0.21027737013330028,0.2063596910847426,0.21093199421148434,0.20732050374833189,0.031707610705507275
2023-06-22,0.2126147654872274,0.20860296303305254,0.21438479434828583,0.21123105884207483,0.017170200571507293
2023-06-23,0.2153467860308031,0.20923529472340568,0.21604953727203502,0.21035194180597033,0.0310315089178009
2023-06-26,0.21464860300339766,0.20769963204750047,0.2138915371862951,0.20910905220219766,0.01912372919283901
2023-06-27,0.21009523543045794,0.20791040927761817,0.2130899942972242,0.20741144689048385,0.014200629855309146
2023-06-28,0.21185587089189428,0.20739852171836087,0.21486263722435256,0.20995785485852436,0.0308233579403674
2023-06-29,0.21118804364845273,0.20459819566268272,0.21025376561267217,0.20677484489823883,0.0372813212605375
2023-06-30,0.21258440970326353,0.21296906279764327,0.21530965152761566,0.21556601526398106,0.031271350676097875
2023-07-03,0.21816987392532944,0.2157091667882402,0.22008808028923793,0.218658082081175,0.00577195342462411
2023-07-05,0.2222679047406929,0.2177567170224694,0.22320176612711112,0.21838525265659825,0.027633742114811777
2023-07-06,0.22156972171328748,0.21492627993378394,0.2217528232120316,0.21535381459989938,0.01990949766514497
2023-07-07,0.21513429554399688,0.20923529472340568,0.2112094513648055,0.20438000883378493,0.03298748093575858
2023-07-10,0.2113398225673312,0.20685652312702962,0.2138915371862951,0.20859370773282193,0.016338660603247086
2023-07-11,0.21197729402774973,0.20688663416003694,0.2124734228440191,0.20789647697914226,0.012658795221633878
2023-07-12,0.21361650635333057,0.20803085340871397,0.21543296581882992,0.20907873782148034,0.025002424074470463
2023-07-13,0.2139807757590152,0.2071576334552359,0.21194933710922487,0.2063201291902978,0.013628486155881032
2023-07-14,0.21000416807950723,0.2043573073995577,0.21161022280934105,0.20792679135985964,0.01012559459775621
2023-07-17,0.21085413002579112,0.2052907494181171,0.21235010855376035,0.20850276459066996,0.009412328233742003
2023-07-18,0.21167373618905194,0.20733829965234635,0.2124734228440191,0.20765396193528285,0.017494269806889683
2023-07-19,0.2120683613787005,0.2059531921414775,0.2121343085450908,0.20780553383792988,0.014883599568666875
2023-07-20,0.212462986568349,0.21302928486365785,0.21567959439934759,0.21647544668080282,0.021279472731933344
2023-07-21,0.22147865436139585,0.21673294190488823,0.2235100518532359,0.21917342655149036,0.026104102451684114
2023-07-24,0.22314822247094057,0.21884071420513201,0.22387999472592335,0.2219926639441076,0.01526774114091644
2023-07-25,0.22924973501851043,0.2219572061059868,0.22609965195631482,0.22159857699666152,0.022664100840950104
2023-07-26,0.2255463293927955,0.222484149181281,0.22812262289392027,0.22332649668909266,0.021539397302738624
2023-07-27,0.2280962152335288,0.2223335940171779,0.2287200806321973,0.2215682626159442,0.017396695367454026
2023-07-28,0.22569810831167392,0.22323692500272996,0.229213337794188,0.2238418411584684,0.011579400915150116
2023-07-31,0.22773194582784417,0.2223335940171779,0.22804185203338506,0.2236902692558213,0.016500849309013795
2023-08-01,0.22770159004388024,0.22176148439283933,0.22819599489644748,0.22141669071329717,0.01344232574808122
2023-08-02,0.22339106874171066,0.22170126232682474,0.22687036627258222,0.22175014889930855,0.01559086383526355
2023-08-03,0.2248785021484131,0.21889521517523913,0.2268241234138546,0.22187140642217784,0.016916644974489813
2023-08-04,0.2271248301513895,0.2211592637354935,0.22511313763137786,0.2190824834093384,0.01950694623663551
2023-08-07,0.22633557977209245,0.2240499228901936,0.22865842348659016,0.22560007523161685,0.019522883346159817
2023-08-08,0.23085859156012745,0.22528447523695921,0.22989156639300018,0.22608510532121484,0.011570229005893492
2023-08-09,0.23061574529029827,0.2267298048147759,0.23359099511127485,0.22687327921610684,0.01693029277546367
2023-08-10,0.2319874778148598,0.2274082049195179,0.23324935889394782,0.2266307641713079,0.021723833391598193
2023-08-11,0.2312563477936399,0.22764994995486026,0.2334659264422102,0.22949045100331683,0.01934088331639881
2023-08-14,0.23567359166702112,0.23052067224593414,0.23061961008597448,0.22583978696265428,0.03552861342676138
2023-08-15,0.22817950895869132,0.22450726449914288,0.22981521633337454,0.22334516653377195,0.020231769206313064
2023-08-16,0.22921527648757667,0.22505119082749653,0.22811361416367815,0.22358854413679596,0.050612786752894545
2023-08-17,0.23232257907329185,0.2255648990274824,0.21774931004055326,0.2127278186146503,0.1157537921637927
2023-08-18,0.215293342349628,0.2211228340080832,0.2186465184576497,0.2195423914918066,0.05299464353651054
2023-08-21,0.22236093254628525,0.2186147292686229,0.22399883073618176,0.21826465907710485,0.022970670073470856
2023-08-22,0.22035032499004764,0.2139913554734169,0.2215237730350657,0.2167435490593791,0.025399985984344318
2023-08-23,0.21925362995962921,0.21728513157657325,0.22235910500884604,0.22005956889717565,0.01937793782979556
2023-08-24,0.22388412008837627,0.21979323631510023,0.2233181898683032,0.2163784826553129,0.01894439268552613
2023-08-25,0.220990063758027,0.21619727891799928,0.2224519196723871,0.21920774728800085,0.014625795543281729
2023-08-28,0.22306159881579768,0.2185845111393218,0.22653576487965854,0.22194574531802802,0.013656552198206297
2023-08-29,0.22653446641259317,0.22279994018896243,0.22962958700629255,0.22599189796395697,0.015689245402713783
2023-08-30,0.23079939153120077,0.22601786878695695,0.23290903846000854,0.22949045100331683,0.011447068608395564
2023-08-31,0.23299278159203768,0.23115525296312445,0.23612661347136388,0.23377998125133026,0.03251833410851865
2023-09-01,0.23832393799123808,0.2310645985742878,0.23362061754906743,0.2306160724157762,0.01532521599308214
2023-09-05,0.23521663540458204,0.23058110850453634,0.23371343221260849,0.22666118637156846,0.021821349130814603
2023-09-06,0.23079939153120077,0.22867736635389863,0.23287810023882816,0.230311850412231,0.020317654964592074
2023-09-07,0.23567359166702112,0.23263594130261306,0.23776633919869955,0.23639629048125482,0.031388332875520536
2023-09-08,0.240182226792702,0.23378423021885597,0.24265457815761554,0.23730895649189027,0.015607945599063082
2023-09-11,0.24176634183726708,0.2356595673288467,0.24447993321298883,0.2390430219114399,0.013756819510199695
2023-09-12,0.2432895293793581,0.23702693768298944,0.2456555856207085,0.23959062151706945,0.013378298483942588
2023-09-13,0.24459947066608323,0.23979733578467144,0.24667654692252633,0.2397123103181117,0.01975439701085178
2023-09-14,0.24481271692144912,0.2394652385433348,0.24680029980724766,0.24181144214172756,0.021122691783864344
2023-09-15,0.24545245568942842,0.23922349350799244,0.24482025364692822,0.23995568792113575,0.14097233087877387
2023-09-18,0.24383787689409686,0.23783345955640717,0.24321146614077266,0.23624417947901244,0.01641196250202601
2023-09-19,0.23987758928409564,0.23354248518444692,0.2404424953374879,0.2361224906779702,0.018913553057841658
2023-09-20,0.24054779180284153,0.23635277121691856,0.24231456710651872,0.23773486729647758,0.009384951918992836
2023-09-21,0.24255839935907908,0.23571819049972814,0.238694485836021,0.23168084942771439,0.03057289144238756
2023-09-22,0.23637425793653355,0.2318804880682182,0.23909668271232082,0.23298900404267664,0.016948152317168164
2023-09-25,0.2368007504482062,0.23151787051567135,0.23893023508229422,0.2351794024670742,0.010203753939677443
2023-09-26,0.23853718424660397,0.23282540897409654,0.24042702622689777,0.23344533704752457,0.019929382364413325
2023-09-27,0.23567359166702112,0.22885867512970537,0.23405375264654776,0.23107240542156365,0.02304853591429588
2023-09-28,0.23567359166702112,0.23067176289243974,0.2380760307933455,0.2335670258495064,0.013035291090327125
2023-09-29,0.23881135800444375,0.23157830677427355,0.23063507919656467,0.22562683155989077,0.0307072929318704
2023-10-02,0.22802719020391765,0.2229359217708176,0.22792798483659604,0.22614400896525977,0.016400097720211646
2023-10-03,0.22863646522113046,0.22437883744914638,0.2290730084050222,0.22307136673142697,0.012145146290680805
2023-10-04,0.22851461021806424,0.22529293586283888,0.23009366032495315,0.22888200699622657,0.02315795312296368
2023-10-05,0.23095171028597444,0.22502097269819543,0.23006272210377282,0.2230409445311664,0.019522861333577602
2023-10-06,0.22546823513294129,0.21906800121000647,0.20732312947506765,0.21491821703904784,0.08885408650723706
2023-10-09,0.21459267608011556,0.20959461764796944,0.2123041830984801,0.21318415161949822,0.03603948143482785
2023-10-10,0.21809600742767765,0.21631815143613708,0.21972935620182826,0.21853845888038947,0.023790462660355182
2023-10-11,0.22428014884928238,0.22057890767879623,0.22399883073618176,0.2204550575015024,0.01403725247010278
2023-10-12,0.22510267012280177,0.22003498135044258,0.22625732088807993,0.22264545592589996,0.017676423924726205
2023-10-13,0.22732652393440528,0.22351006622940567,0.22975333989101387,0.2253226095563456,0.018400902030615705
2023-10-16,0.23122588404287342,0.22840540318925512,0.23414656731008876,0.2295208732035774,0.01971462761231507
2023-10-17,0.23183515906008612,0.22729035421487015,0.23436313485930665,0.2301597394109282,0.011265127278853797
2023-10-18,0.23530802665688166,0.22925151081155343,0.2353840961611246,0.23052480581499446,0.010449076830946175
2023-10-19,0.2339371578686234,0.2276260776325817,0.23383718509828538,0.22818229638835463,0.013350269129254352
2023-10-20,0.232109332817926,0.2254591355739951,0.22916551368667631,0.22206743412000984,0.021449299803728967
2023-10-23,0.22571194514001458,0.22619947974373944,0.2270307764194996,0.22891242919648708,0.026438488250598354
2023-10-24,0.23384576661632372,0.23263594130261306,0.23745695698594066,0.2357270020736434,0.02750966452638819
2023-10-25,0.2392073867653498,0.23520448229974233,0.24079828488201732,0.23423631425711777,0.02527590839592073
2023-10-26,0.23783651797709154,0.23375401208955487,0.23813759785381922,0.23122451642286646,0.02429339880129652
2023-10-27,0.23408947662339702,0.22807300376600936,0.2348581463991477,0.22939918440253515,0.018448177719688038
2023-10-30,0.23402854912092302,0.2319711424561216,0.23558519459879684,0.2350272914657714,0.015570494859186441
2023-10-31,0.23871996675214413,0.23305899511376227,0.23918949737681744,0.23621375727875188,0.019275197771066583
2023-11-01,0.24240608060430546,0.23837738588569413,0.24237613416699239,0.24065539852900775,0.021063213786716998
2023-11-02,0.2429239643692186,0.24082505436561885,0.24437164943790218,0.24263284155158138,0.0225131385521135
2023-11-03,0.24749352699643257,0.24114234472421403,0.24707874379882627,0.24001653232165676,0.026788524995468094
2023-11-06,0.2432895293793581,0.23913283912008898,0.24574840028424944,0.24068582072926825,0.02015788030534171
2023-11-07,0.2471584257370596,0.24209421579906631,0.24964661616348344,0.2430283301559082,0.021366774633001583
2023-11-08,0.2473716719933664,0.2410970175293291,0.2442324274425906,0.23892133310945807,0.022756817837243443
2023-11-09,0.24289350061845205,0.23577862675833045,0.24319599703018252,0.2377652894967382,0.021506664592983584
2023-11-10,0.2434418481331908,0.2415805076000137,0.24522245052322805,0.24467112897467613,0.019648949404510247
2023-11-13,0.2490167145385236,0.24590018919546341,0.25185869898361096,0.24920403682571357,0.022309258015629888
2023-11-14,0.2544697259407902,0.24975753341092577,0.255586754646353,0.24911277022399236,0.03303103649843643
2023-11-15,0.2551094647087695,0.2521568528834087,0.2563911483989529,0.25559269889734293,0.07210930599131907
2023-11-16,0.22577287264154772,0.22045803516159168,0.21923434466103175,0.21379259562658853,0.22347918713775664
2023-11-17,0.2172430224033916,0.21468637244920952,0.21771837181937287,0.2116934638029726,0.0886516588011797
2023-11-20,0.21599400861914042,0.21006299865400357,0.21771837181937287,0.21154135280166986,0.04993504869657679
2023-11-21,0.21575029861206713,0.2126013215218317,0.21499580834785853,0.21324499602001934,0.056485875763588336
2023-11-22,0.21654235613387918,0.21018387117120813,0.21576926388023365,0.2096247541796173,0.0492738861146676
2023-11-24,0.2148059223354814,0.21042561620655043,0.2167592869599157,0.2138534400271096,0.01880271970638463
2023-11-27,0.2172430224033916,0.21414244612085587,0.22062656461796926,0.21601341625124665,0.0418388282950984
2023-11-28,0.21940594871346197,0.21886825937415005,0.22282317832750675,0.22170236771594354,0.04218462394912788
2023-11-29,0.2258338001430808,0.21840320236351496,0.21957466509497103,0.21391428442763077,0.05774374808667858
2023-11-30,0.2174562686596983,0.21109041505304194,0.2161711513736912,0.2127278186146503,0.05781541371684612
2023-12-01,0.21550658860499383,0.2088542734782251,0.21035507515838536,0.20862082156820022,0.08067886294818583
2023-12-04,0.20923105593014862,0.20679944068014838,0.21245887420438186,0.20849913276715792,0.04548201337721253
2023-12-05,0.21267345977617763,0.20957950858331886,0.2137892177189586,0.21284950741569253,0.03814605620277928
2023-12-06,0.21602447236990696,0.20951907232471656,0.21351077372738003,0.2077081555585043,0.04905814813389703
2023-12-07,0.2141267821049671,0.20736686603505855,0.21086283760441105,0.20463551332373192,0.046654528243996934
2023-12-08,0.20694103547458825,0.20029971846145622,0.2046986405299125,0.19974976302254877,0.06795019000722882
2023-12-11,0.20431135798453415,0.19799455444565173,0.20252486826192606,0.20091012871883318,0.06260309164858381
2023-12-12,0.2045559791464434,0.19875283208219618,0.20466758664060192,0.2012765599914923,0.03691870799369508
2023-12-13,0.20556504143908388,0.2058806418672074,0.20594079611189203,0.2094907276857616,0.07107895571801232
2023-12-14,0.21158883755086416,0.20554699970679186,0.20994674786353718,0.20374997108170706,0.06017679879900133
2023-12-15,0.20626832727980826,0.20409110664417845,0.2087356461708682,0.2054905196266033,0.15583940144403907
2023-12-18,0.21106901758204222,0.20897441462479405,0.21367321460852023,0.2123000341085426,0.04898647516620208
2023-12-19,0.21562508672142605,0.21085494316353637,0.21665438800527115,0.21401004671428553,0.04372451413804074
2023-12-20,0.2173985901447978,0.21221984290950302,0.2151948551962063,0.2084525057460908,0.03835119145644919
2023-12-21,0.2130565645213789,0.20894408351862304,0.21607989104872505,0.2117809231391769,0.033753210620720675
2023-12-22,0.21749032308074895,0.21528328456185192,0.21996224831925137,0.21743007192483182,0.032084796301776616
2023-12-26,0.22115964050844694,0.21479798687431423,0.22292727369283455,0.21669720938045295,0.013189004951940711
2023-12-27,0.22012000057080305,0.2176946074464553,0.22308254314034315,0.22118599246982357,0.03080011265354742
2023-12-28,0.22458433677517664,0.21886235500697648,0.22724376433949683,0.2202393783485524,0.0256532700928478
2023-12-29,0.2238504732894488,0.21810407736949872,0.22618793209529198,0.22048366586365853,0.038303490190787354
2024-01-02,0.22299429922276637,0.22251725321566207,0.22628109376417926,0.22549155992239467,0.0421959971166061
2024-01-03,0.23069986582196722,0.22483758278361876,0.23168447054435704,0.22552209586154803,0.030496023505289658
2024-01-04,0.22898751768860243,0.22253241876781432,0.2272127104501862,0.22081956119716434,0.031783539439097286
2024-01-05,0.2250430014539917,0.2181647395809076,0.22134352532652724,0.21761328756163123,0.03761366722683307
2024-01-08,0.22131252873534596,0.21875619613724423,0.22468181845273894,0.2223158222269545,0.03520382511369327
2024-01-09,0.2250735790989951,0.22192579665839213,0.22795800379937392,0.22555263180164098,0.04166451799405814
2024-01-10,0.2300577352721906,0.22847761875039252,0.23364086558621366,0.23159874779910844,0.03383699050863437
2024-01-11,0.2355311337692046,0.22966022855282553,0.23553515284849358,0.23104910089058944,0.01973223034056038
2024-01-12,0.23559228905921148,0.22861380541418885,0.23618728452879395,0.23169035561750817,0.01795596170628584
2024-01-16,0.23580633257611733,0.2312071149311522,0.23882686514026158,0.23324768852560507,0.026280687386220015
2024-01-17,0.23562286670421495,0.22994837405491775,0.23696363176729224,0.2309269571330364,0.02088778084398373
2024-01-18,0.2349501585094349,0.23420989437302553,0.23711890121480084,0.23755325597911575,0.029113024327356875
2024-01-19,0.2418912839779045,0.2347558542710389,0.239478996820562,0.2349271651921946,0.03152140627254302
2024-01-22,0.23993431468263038,0.2328753257322967,0.23966532015738112,0.234957701131348,0.018712739607813462
2024-01-23,0.23788561245140516,0.2325720146771189,0.24050377517545624,0.23620967464603204,0.014134452695640762
2024-01-24,0.24027066878049091,0.23322413344486448,0.23600096119101927,0.22918640858814004,0.036173009758549465
2024-01-25,0.2356840219951627,0.2326326768885278,0.23631150008699192,0.23633181840358514,0.024659123179758786
2024-01-26,0.24072933345836506,0.2372126738139656,0.24326757134512184,0.24069845773540255,0.023134649135924456
2024-01-29,0.24470442733892006,0.24032161212370462,0.24593820584590004,0.24304972506806422,0.029234585143880446
2024-01-30,0.24577464492250833,0.24153485634254912,0.24624874474091724,0.24472920173465373,0.021969699259894917
2024-01-31,0.25525371494508076,0.24758591188368573,0.25087577428355207,0.243690979794983,0.048543442598997594
2024-02-01,0.24883240944543317,0.24926625512617873,0.25109315150968187,0.25303497724638313,0.03547696457135549
2024-02-02,0.2563239325277281,0.2560027936501692,0.2596019172457639,0.25688250560883497,0.03762473955568767
2024-02-05,0.262011374541648,0.2542890861916348,0.26006772558828967,0.25410373512520745,0.031447480683934645
2024-02-06,0.25828090182300223,0.25410709955834143,0.2609061806063648,0.2576153681541534,0.019327631741904838
2024-02-07,0.26280639331738265,0.25626060804702366,0.263576815107143,0.256302322760223,0.026402673779333096
2024-02-08,0.2600849828913774,0.2559269658866081,0.26339049177032375,0.25627178682106966,0.019910092004864797
2024-02-09,0.26011556053732166,0.2534398152384436,0.2627073061997573,0.2559969633668102,0.019670250246567825
2024-02-12,0.2596263182135031,0.2553506748824237,0.2631110067636618,0.2591116291839436,0.020807992570978515
2024-02-13,0.2638766109009708,0.2575041833711059,0.2606888033792794,0.25556946021584426,0.03005125928161752
2024-02-14,0.25815859124204765,0.25084650572148026,0.2584218694424056,0.253920519488408,0.029832080000493862
2024-02-15,0.26136924399187134,0.253803788504097,0.2597571866932726,0.2560274993059636,0.026075889658810743
2024-02-16,0.2628675486083304,0.26011265844115483,0.2638563001128495,0.25929484481980347,0.03934381216383791
2024-02-20,0.28791064005432165,0.2886845597907419,0.28230231050285687,0.2760896114810012,0.16020529628793803
2024-02-21,0.27726961951315066,0.27118351193601054,0.2747562153430478,0.2694938485740751,0.08380431209658212
2024-02-22,0.27384492324736187,0.27084986977652836,0.2763399637103106,0.27471549420876407,0.05680564520791123
2024-02-23,0.280602582843929,0.2774620507678307,0.2825507416192527,0.27517353329982297,0.16650860654298666
2024-02-26,0.28448594378853287,0.28313396749022846,0.280159592124181,0.2850671776597422,0.06305654105886135
2024-02-27,0.28925605644482255,0.28276999422457516,0.2898484056617104,0.2849755698422821,0.02867800189423651
2024-02-28,0.28843046002408446,0.28240602095892187,0.2906868606797854,0.28525039329654167,0.020828168325500617
2024-02-29,0.28751313066645434,0.2799492014159951,0.2839792205380514,0.2759980036635411,0.056150665715762244
2024-03-01,0.2815504898456218,0.2741256291664751,0.28034591546100024,0.27737212093577823,0.03116828532032059
2024-03-04,0.2787985017746131,0.2790392682523285,0.28220914883396947,0.28231894311526806,0.023836576574255006
2024-03-05,0.2913659139660547,0.28768363331042857,0.2931556448986115,0.2890979216589934,0.032748213950441696
2024-03-06,0.2936592373591892,0.2902314461690687,0.29748766249040676,0.29395313602102313,0.015680709412498953
2024-03-07,0.301731735700313,0.29432523547438094,0.3003290933838267,0.29202937183932753,0.02423281528335344
2024-03-08,0.29255844213059756,0.2871376734114819,0.2945996507625432,0.28983078420431185,0.014323098079388506
2024-03-11,0.2934757714872869,0.29105038601702193,0.29590391412314404,0.2947776063838017,0.019016635534516223
2024-03-12,0.30127307102243883,0.29883031456884546,0.30312394344280286,0.3016481927449872,0.025114666231189308
2024-03-13,0.30411679202845787,0.2978293880885321,0.3053132426549668,0.30045729110954955,0.023421221160423302
2024-03-14,0.3062118267585303,0.2995940052789431,0.3045777757860914,0.2999763500643605,0.021521584232041025
2024-03-15,0.30068913421049304,0.2969462257785235,0.3033158164792385,0.2968510927493857,0.109228350495761
2024-03-18,0.3007811790866073,0.2946636572440329,0.3026614672087001,0.2985056407395007,0.025715864093299925
2024-03-19,0.3033584356083975,0.2962158038475985,0.3046245150193601,0.2985975600725981,0.014836673635067524
2024-03-20,0.3021618522236166,0.29813316141709323,0.3059332135594816,0.30209049471808314,0.013990336319873304
2024-03-21,0.3062118267585303,0.30155701421882897,0.3088310460422031,0.3039288813734533,0.019513731003642943
2024-03-22,0.3065800062611055,0.30037920885545744,0.3069614766990358,0.2985975600725981,0.018935455577146477
2024-03-25,0.3024379868510185,0.2954397305453491,0.3023810318071772,0.2958399800890731,0.019319910217231995
2024-03-26,0.2986641469435066,0.2940245380538903,0.3011658117345484,0.2952884640923681,0.01822347572627066
2024-03-27,0.3024379868510185,0.29603319836510056,0.3025679887421628,0.2972187700808355,0.01975229358632893
2024-03-28,0.30050504445920545,0.29347672160546323,0.3005114624640099,0.29216320677833285,0.027509747685032112
2024-04-01,0.29728347380649733,0.29338541886468084,0.2983614577193198,0.29060057812131523,0.018344505794978583
2024-04-02,0.29350963389898554,0.28735943793198326,0.2885462186669751,0.28287935416838494,0.03229998641383425
2024-04-03,0.28872330035798055,0.281881273448646,0.2891070894700208,0.2853611761535574,0.018405607831524968
2024-04-04,0.2901960183711041,0.28471165843156354,0.2923788358208023,0.2860046114824202,0.019896656992185697
2024-04-05,0.29028806324627743,0.28681162148448947,0.2942484051639696,0.2892217881295528,0.00988532237118479
2024-04-08,0.29074828762590776,0.28681162148448947,0.29359405589438664,0.2885783527997504,0.011531256952001485
2024-04-09,0.2932334992715837,0.28617250229434676,0.2924723142882952,0.2886702721328478,0.008918970011907047
2024-04-10,0.29093237737719546,0.29338541886468084,0.29331362049286375,0.2962995767536203,0.021547903942843828
2024-04-11,0.30133344834141107,0.29457235450231734,0.2996701562594413,0.2914278521163727,0.011495594122969268
2024-04-12,0.2944300826573053,0.2930202078987517,0.2985484146543053,0.2918874487799804,0.014657992613536178
2024-04-15,0.29912437132219616,0.2928376024162538,0.2981745007852898,0.28995714279151286,0.01044285949939142
2024-04-16,0.29470621728470725,0.28909419001898007,0.29695928071170546,0.2891298687964554,0.02063976508015725
2024-04-17,0.2958107557943147,0.290372428398332,0.2949962329020009,0.28738340147418273,0.022115669584253445
2024-04-18,0.2928653197690084,0.28585294269974215,0.29172448655121935,0.2837985474956002,0.014122277291832904
2024-04-19,0.2893676144888985,0.2834334200522115,0.2893875248715437,0.28628036948077273,0.019268963318614548
2024-04-22,0.2903801081223917,0.2900528688037274,0.2900418741420822,0.2918874487799804,0.021089125041827573
2024-04-23,0.29673120455169366,0.2896420064674071,0.28550816848444766,0.28223591883858257,0.028558634998407117
2024-04-24,0.28499548288899623,0.28681162148448947,0.28789186939739203,0.28940562679480786,0.029941008040667978
2024-04-25,0.29489030703599484,0.2912854558126883,0.29745004266484826,0.2925308841097827,0.031735806377483355
2024-04-26,0.2954425762907986,0.290007217432403,0.29901580698985825,0.2920712874452355,0.011636533349370232
2024-04-29,0.29608689042171654,0.290007217432403,0.29845493618681257,0.29280664210813523,0.008562967857256798
2024-04-30,0.29627098017300413,0.2891854927606956,0.2911636157481737,0.28462582149065774,0.01937501015636085
2024-05-01,0.28807898622800343,0.28105954877600536,0.28705056319282346,0.28002985485270226,0.02246122309987855
2024-05-02,0.2846733258230669,0.2853964289920974,0.28574186465270196,0.28793491747088773,0.027605172228938015
2024-05-03,0.29093237737719546,0.2862638050360624,0.29097665881414353,0.28894603013120024,0.019370710365301348
2024-05-06,0.2944300826573053,0.28644641051856035,0.29331362049286375,0.28940562679480786,0.01181796105199363
2024-05-07,0.2959948455456023,0.2937506298296768,0.2994831993254113,0.2962995767536203,0.020135875060653226
2024-05-08,0.3002289098318036,0.29416149216599696,0.3010723332670557,0.2933581581048402,0.011564310067119884
2024-05-09,0.29817332723818346,0.2936399736342258,0.3004723674615461,0.2965523549179938,0.02020979575757666
2024-05-10,0.3001129057237688,0.2936408897964352,0.3024421547235489,0.2969212945432249,0.014843981812363204
2024-05-13,0.30205248420935416,0.3006495289445852,0.30366154683794006,0.29627565019954016,0.03172985808860013
2024-05-14,0.3011288754069633,0.2933660412017496,0.29564169870190155,0.29120273035496,0.030554916946087047
2024-05-15,0.29475597466726733,0.2877774531225643,0.29596999657874273,0.2909260256365064,0.03901855669485832
2024-05-16,0.335302401112361,0.3287757017394578,0.3285183860896767,0.32948021645343617,0.13270668696950716
2024-05-17,0.3354871228730274,0.33303585494728494,0.3349905442344829,0.3353832504543167,0.05635914688192897
2024-05-20,0.3371496187180836,0.3319364605713424,0.3372417296763623,0.3310482098592594,0.021312694610182068
2024-05-21,0.3381655884012781,0.33587595708614737,0.3426820944936803,0.3399949957668881,0.026523072820684165
2024-05-22,0.34232182801391864,0.34045676698699656,0.34530847750841004,0.34091734482996594,0.021014407000259427
2024-05-23,0.3440766847397786,0.33885348352188605,0.3437138878211686,0.3371357136727555,0.024300425706708328
2024-05-24,0.34370724121844587,0.34045676698699656,0.34793486052409534,0.3421163986105581,0.013470426032201041
2024-05-28,0.34453848914097396,0.3384412106303243,0.3454022769023393,0.338980411797972,0.017272720504414116
2024-05-29,0.340197527767667,0.3360591894822933,0.34455808236175395,0.33787359292321795,0.01284313592263718
2024-05-30,0.3418600236127233,0.33570280247150475,0.3456836750822158,0.3375968882038247,0.0165484136074974
2024-05-31,0.33945864072500165,0.3423807071460625,0.3399619120850213,0.3456213250483753,0.052205719927420305
2024-06-03,0.34721695466922475,0.3418310099576247,0.3493446654069398,0.34617473448622216,0.01294135361864203
2024-06-04,0.3516502769233354,0.3491144977004602,0.3556733104793018,0.3533690571744723,0.02077305371131696
2024-06-05,0.35700720797983676,0.3538327318991188,0.3598473834862194,0.3578885675812056,0.02126689865580313
2024-06-06,0.36153289111381015,0.3564896016418353,0.36444355376295207,0.35844197701905245,0.017043755407574256
2024-06-07,0.3646731610432563,0.3576348041170476,0.35379732261122826,0.3467281439240689,0.03405998530400878
2024-06-10,0.36273358255767096,0.3554818234634992,0.35975358409229036,0.35668951379967406,0.037616741650815896
2024-06-11,0.36051692143061553,0.3520920241361989,0.3605039792399019,0.35456811095600393,0.017316488855386714
2024-06-12,0.3595933126272839,0.3519087917409861,0.35626424665838047,0.3506942448929554,0.013249517540452203
2024-06-13,0.3545134642122524,0.35025970017567243,0.3567435615581482,0.3542914062375504,0.0120067825363991
2024-06-14,0.3567301253393077,0.3534662671068268,0.3600349822731224,0.3572429232375207,0.015415169187386155
2024-06-17,0.3602398387900866,0.3564896016418353,0.361090225449093,0.3609323194879537,0.014223794429327669
2024-06-18,0.36679746129044877,0.36042909815664026,0.3693680219165259,0.3625925478005545,0.014200571155089901
2024-06-20,0.36421135664206084,0.3628111193056045,0.3694149216134905,0.36637417895776503,0.018522898207098657
2024-06-21,0.3726161967481457,0.36665899962280313,0.374386289464029,0.36545182989468694,0.04794824928014697
2024-06-24,0.3706766182616196,0.3711481933260461,0.3750428852177114,0.37458308561493125,0.015122406735599704
2024-06-25,0.36254886079700466,0.35786384461246346,0.36237996710797565,0.3609323194879537,0.035749641764791174
2024-06-26,0.3646731610432563,0.3671161644504921,0.3685707270729051,0.36895675633250424,0.01929764082155692
2024-06-27,0.3728932793886748,0.3669338482165554,0.3728385994727966,0.3651751251762334,0.016171032343830587
2024-06-28,0.3690141224165632,0.3625188636336071,0.3696025204003934,0.36360713176947057,0.030644388309424783
2024-07-01,0.3691988441772296,0.3638188974839407,0.36894592464575543,0.36148572892580055,0.005817377610947843
2024-07-02,0.3650426045645889,0.362398846414976,0.3690397240396847,0.3669275883946722,0.007701816074231281
2024-07-03,0.36845995713550517,0.36391051368154714,0.3724165022020261,0.36849558180143505,0.0
2024-07-05,0.3716925879448141,0.3813175913070139,0.3769188730857849,0.38509786492838305,0.03741785552465282
2024-07-08,0.3877633811152592,0.3812259751084742,0.38864379726100623,0.3817774083031814,0.014161755635115875
2024-07-09,0.3877633811152592,0.3822337532868104,0.39164537784954184,0.38380657624101344,0.008546473095649688
2024-07-10,0.3896105987209819,0.38397446104973043,0.3921143748172769,0.38851055646036237,0.011045082169496314
2024-07-11,0.39034948576270634,0.3840660772473369,0.38779960272042086,0.38288422717793547,0.022837445034215326
2024-07-12,0.3877633811152592,0.3802172807688621,0.3869554081798355,0.37771907242751723,0.014327187527995725
2024-07-15,0.3822217282980914,0.37971430784097016,0.38817480029422674,0.38113176395949655,0.009498654243665333
2024-07-16,0.38702449407259387,0.3821421370892042,0.39080118330895647,0.38463669039731385,0.008680977310516206
2024-07-17,0.39034948576270634,0.3900211301197474,0.39427176086522703,0.39422912064768767,0.017723176203510296
2024-07-18,0.3949675297774833,0.39084567590193753,0.3987741317480305,0.3922921876166332,0.010749959479727827
2024-07-19,0.39977029555198573,0.392128302674026,0.400837718403007,0.39164654327294834,0.01315369432422395
2024-07-22,0.3966300256225396,0.39148698928798176,0.3968990818741254,0.38823385174096925,0.015601014081507544
2024-07-23,0.393027951290957,0.3863564821986947,0.3957725511594949,0.39072419420987037,0.007278866319535095
2024-07-24,0.3934897556921526,0.38763910897078313,0.39792993720744513,0.39026301967880117,0.03963056762652188
2024-07-25,0.39422864273481795,0.3869977955847389,0.39427176086522703,0.3849133951157674,0.03065534323784089
2024-07-26,0.3908112901639018,0.3820963289899342,0.383766228804397,0.3826997573653198,0.025685653047129848
2024-07-29,0.38730157671312293,0.3790271863565893,0.3865802106060297,0.38122399886533453,0.009851266460654335
2024-07-30,0.3845307503050094,0.3785232972674213,0.38517321970473556,0.37725789789644804,0.015249641906650038
2024-07-31,0.38111339773409336,0.3730721334841788,0.3787010615599294,0.372184978051868,0.04065287352394996
2024-08-01,0.3786196539665089,0.37811102437585953,0.3808584476088352,0.3827919922720975,0.026874885247185985
2024-08-02,0.38499255470620497,0.3820963289899342,0.37354209492344365,0.3705247497392671,0.04229135317692288
2024-08-05,0.37113842266375585,0.3669338482165554,0.36575674527031704,0.3625003128947166,0.03542291634448806
2024-08-06,0.3687370397760341,0.36739192920738695,0.37297929856273476,0.3638838364888638,0.02085698768730616
2024-08-07,0.3690141224165632,0.3617117249296621,0.36481875133675795,0.35622833926860487,0.029867784408848044
2024-08-08,0.35950095174742114,0.3608862629852625,0.3635055598284375,0.36314595723840126,0.015169785150055713
2024-08-09,0.368829400655897,0.36363566508779477,0.3696963197933672,0.36582076951991827,0.018387919498793263
2024-08-12,0.37335508378987026,0.3728430929896963,0.37663747490495286,0.37273838748971466,0.027143306674726597
2024-08-13,0.37418633171333926,0.36720869681124113,0.3679141313192226,0.367480997832519,0.049578097555048786
2024-08-14,0.36947592681869956,0.36885778837562144,0.37457388824997634,0.37236944786448356,0.040701279192242715
2024-08-15,0.42673967259515944,0.4206209402602572,0.4208169891981343,0.41405962549399933,0.10585595197085447
2024-08-16,0.4155213465458836,0.4148760355503138,0.4202998984914396,0.4184638422682002,0.033225789150827856
2024-08-19,0.4219122510550025,0.41832134874312077,0.428013177773273,0.42096122008138925,0.018152357964816044
2024-08-20,0.4252466360168955,0.42539572516490054,0.4315876242690098,0.4285458489975025,0.019924908918538566
2024-08-21,0.4396030157129157,0.43302135169704414,0.43977122545772435,0.4350205322176123,0.02089837134187204
2024-08-22,0.4402513683440029,0.43890135287861354,0.44503883082071777,0.4381653783534699,0.025005300385213338
2024-08-23,0.44238166984735616,0.4351344771218164,0.4437002946719701,0.43927532404853376,0.014703299399421426
2024-08-26,0.4451603239817966,0.4387635403507891,0.448989534842724,0.44232767470972456,0.007877251462807017
2024-08-27,0.45025452322874115,0.4410144783033858,0.45087082247215987,0.4432526294554545,0.012890120556455772
2024-08-28,0.44867995255284043,0.4408307282662868,0.4512000478076455,0.4427901520821197,0.008625799104428365
2024-08-29,0.44599392022203455,0.4411982283404847,0.44993017865744195,0.44593499821797744,0.013621488600578848
2024-08-30,0.4501619014241657,0.45043166769537835,0.45510371963886814,0.4534271316594237,0.04143851481244756
2024-09-03,0.45840524202385247,0.45350948081398723,0.4605124215742125,0.45287215881142184,0.0400594730076287
2024-09-04,0.45840524202385247,0.4504776052046531,0.4599010030940249,0.45351962713409055,0.028622273373593268
2024-09-05,0.4576642675881899,0.45020198014993773,0.45670281412360175,0.450929753845295,0.016620350726178946
2024-09-06,0.4544225044308723,0.44900760490972735,0.4558562346904513,0.44796989865877124,0.020205209802948352
2024-09-09,0.453959395407995,0.4503857301861035,0.45764345793927513,0.4544445818798205,0.03906666152452745
2024-09-10,0.4585904856330033,0.4635238578265516,0.46507454407545096,0.4680414166427087,0.02787951993277964
2024-09-11,0.4681305314948644,0.46370760786365073,0.4677553789482091,0.46831890306670965,0.03236147000180571
2024-09-12,0.47378046156832065,0.47275729718237847,0.4776989247141375,0.4759035319818833,0.021027658574753392
2024-09-13,0.4814680713414956,0.4799235486227077,0.4877440600121586,0.48459810659212066,0.016403177035879405
2024-09-16,0.4909154953987813,0.48300136174038344,0.49197695717886686,0.48422812469439236,0.02215645156157209
2024-09-17,0.4809123405140431,0.4760188603380864,0.47429285346045064,0.46609901167658174,0.03614562121458795
2024-09-18,0.47053869841194396,0.4682094837679106,0.4744809822235854,0.4700763170835025,0.022984396141403702
2024-09-19,0.4743361923957732,0.4652694831771259,0.46704989608645403,0.4609192650999303,0.037270089951922464
2024-09-20,0.4667412044271737,0.47004698413796764,0.4728818877388516,0.47035380350750344,0.08131620547029494
2024-09-23,0.47452143600492414,0.4776487231652883,0.4819120683607166,0.4821007287789316,0.014331949583281763
2024-09-24,0.48758111043782904,0.48199073653820523,0.4929176009935848,0.48524557491478937,0.020456018718873783
2024-09-25,0.4913786044216585,0.4883301128115889,0.4970564337787256,0.4919977445589,0.019264042283568057
2024-09-26,0.49276793148840825,0.48465511207334144,0.4836992916085851,0.47830841432134485,0.026350499067796494
2024-09-27,0.4822090457771582,0.47627151663816425,0.486897480579008,0.477013477676947,0.013724857240822216
2024-09-30,0.4821164239725828,0.4822663615929206,0.4893431544968924,0.48598553871118544,0.031112686429328174
2024-10-01,0.48943354652745596,0.4876869876826756,0.4947518564322368,0.4907953033891691,0.02388781941981114
2024-10-02,0.4923048224664718,0.4827257366856681,0.4917888284157322,0.4830256835246616,0.025267330826383935
2024-10-03,0.48591391795641214,0.47891292341959624,0.48924909011532497,0.4830256835246616,0.013092291449053946
2024-10-04,0.48359837284484886,0.48387417441660374,0.48924909011532497,0.4877429527279784,0.012972364455299288
2024-10-07,0.48952616833203155,0.4822663615929206,0.48106548892661055,0.47072378540523163,0.025691376318505977
2024-10-08,0.47961563525092776,0.4719763595256409,0.4819120683607166,0.476366009355218,0.021969579413613962
2024-10-09,0.4814680713414956,0.47822386078047496,0.48830844630060705,0.48274819710066075,0.014981971352747238
2024-10-10,0.4860065397609875,0.4765701104484503,0.48558057923802084,0.47544105460948805,0.011067816275240398
2024-10-11,0.48035660968753124,0.474824485097876,0.48473399980487025,0.4799733328634709,0.008030163088090958
2024-10-14,0.48359837284484886,0.4783157357990244,0.4884025106821745,0.48173074688026385,0.008870904315717406
2024-10-15,0.4893409247228806,0.4903522819679972,0.4954573392930363,0.4943101314236946,0.017093200558916093
2024-10-16,0.49730639990884096,0.488881362922886,0.4964920474893216,0.49033282601677397,0.011827382437182034
2024-10-17,0.4948982329917615,0.487411362627027,0.49672720844323986,0.4872804753555833,0.007672999158268207
2024-10-18,0.49119336081250753,0.4891569879776012,0.4968683050155909,0.4911652852878369,0.014764579982468006
2024-10-21,0.4945277457744005,0.4878670627190326,0.4974326913040395,0.4865405115582475,0.008469539120805138
2024-10-22,0.49341628412043614,0.4940723014653339,0.4984203673095409,0.4977324639826136,0.014559131660962128
2024-10-23,0.5006407848697931,0.5043163660242721,0.5075916445037572,0.5092943983056475,0.01656006315517455
2024-10-24,0.5105513179499559,0.5040866784778985,0.5149286662593211,0.5071670023901867,0.013105584602869879
2024-10-25,0.5127742412578847,0.5039488659500742,0.5135647327275501,0.502264742237536,0.0065349657786037685
2024-10-28,0.5086062600557536,0.5019276155438513,0.5138939580630357,0.5044846336267242,0.004164391666294655
2024-10-29,0.5078652856200909,0.49990636513762854,0.5063217753545091,0.49477260879608986,0.008303287870698367
2024-10-30,0.49795475253992816,0.49044323823636116,0.5028884254301675,0.49190524908423294,0.007291738788446453
2024-10-31,0.49508347660091223,0.49604761436228195,0.5021359103785845,0.4970849956608846,0.022627523266834693
2024-11-01,0.5065685803569757,0.4968744895282944,0.5051459705858727,0.49930488705101217,0.01441649991157301
2024-11-04,0.50351206080975,0.5003198027211013,0.5094729321331928,0.5017097693895344,0.013313938585228252
2024-11-05,0.5079579074246664,0.5082669918181681,0.5142702155893051,0.5130867127632344,0.010578131708793025
2024-11-06,0.5307428713285833,0.5245288700865001,0.5100373184225968,0.5108668213731066,0.03347500582330633
2024-11-07,0.5175905750911028,0.5139632429626385,0.5228300743033334,0.5146591358306933,0.015600150699116185
2024-11-08,0.522777396142623,0.5234263698648391,0.5304492892035995,0.5237236923395986,0.019833331684835507
2024-11-11,0.5289830570435318,0.5233344948462896,0.5294145810073141,0.517988972915885,0.010139535899826274
2024-11-12,0.5248150758414006,0.5244369950679504,0.5329890275030509,0.5252036199333304,0.01607566405430146
2024-11-13,0.5293535442618336,0.5268257455474381,0.5355287658034582,0.5299208891366471,0.015934852011708852
2024-11-14,0.5297240314791943,0.5265501204917895,0.5314839973998846,0.5203938552544071,0.02312100622663554
2024-11-15,0.525092941255127,0.5175463686832698,0.5277402350163709,0.5183589548136132,0.027107411490659882
2024-11-18,0.5277789735849919,0.518189493812183,0.5250876194590386,0.5167865317461542,0.04644795728079805
2024-11-19,0.5408386480178969,0.5497945001633515,0.5462521052916243,0.5400953913406162,0.07350566436081443
2024-11-20,0.5442656547843654,0.5397801231507872,0.5462521052916243,0.5454601288656621,0.029094881067926046
2024-11-21,0.5521385081657504,0.5530101258097847,0.5558466722028934,0.5566520812900282,0.030430381985121862
2024-11-22,0.5702923818455999,0.573865755000926,0.5746595484982067,0.5756136535789018,0.04329899380291023
2024-11-25,0.5803881585339726,0.5742332550741907,0.5758823854576265,0.5669190789686642,0.045960041058455345
2024-11-26,0.5747382284605164,0.5827776317918294,0.5832194072131904,0.5836607598674103,0.0253621072220357
2024-11-27,0.5942814292080566,0.5861770074744284,0.5970468712902122,0.5889330019187287,0.01974116744894003
2024-11-29,0.5966895961241953,0.5897601331950596,0.601844154745369,0.5946677213424424,0.011626637470742954
2024-12-02,0.6018764171757153,0.5929638150881482,0.6030669917047888,0.5959626579868401,0.02662399317261663
2024-12-03,0.6015059299574135,0.5984882599488641,0.6059829875305098,0.6040097642744089,0.028097058053606978
2024-12-04,0.6077115908583224,0.6069866991562948,0.6134140736676412,0.6127043388855861,0.026965486589744136
2024-12-05,0.6210491307049537,0.6169551386595844,0.6255483788783618,0.6205664542247604,0.038264667333285915
2024-12-06,0.6270695479967117,0.6222838897307899,0.634860752644929,0.6242662732076802,0.030612051826149633
2024-12-09,0.628181009650676,0.6200788892874681,0.6186064275253809,0.6069696194618723,0.035815784682665
2024-12-10,0.6132688991272033,0.6136476379946016,0.6201867091338011,0.613629293631316,0.016819916796548238
2024-12-11,0.6178073675476361,0.6177820138255968,0.6270534089815283,0.6174216080889028,0.03276093477712001
2024-12-12,0.6283662532588861,0.6180117013719705,0.6231967693410894,0.6093745018003943,0.019593842127853988
2024-12-13,0.612866080266494,0.6104177412586106,0.6152467871493001,0.6127737104915862,0.012738703340920043
2024-12-16,0.6186212748978325,0.6198556634554754,0.6252848135751723,0.6185210554247419,0.025569923119051017
2024-12-17,0.6253047267289576,0.6178760017264544,0.6273135356706117,0.6236195065759857,0.04224771200975863
2024-12-18,0.6271612411257084,0.6216051319599096,0.6160990012637875,0.606284772663072,0.0449498274061912
2024-12-19,0.6191782292173281,0.6093588524270039,0.6182634742796282,0.6048942859858016,0.025238540814688012
2024-12-20,0.6055328483972117,0.6018416624934195,0.6019545094809646,0.5941411890129695,0.10532541449765687
2024-12-23,0.5915161646968043,0.5811371631258705,0.5763126688736557,0.5766210568769208,0.048715884276391966
2024-12-24,0.5810268583525754,0.5920022833140546,0.5898877609596533,0.5982199499341526,0.006615715267699072
2024-12-26,0.6011700395636714,0.5937977904632195,0.6070451690132139,0.5992396401642135,0.01152007945192075
2024-12-27,0.597364185048686,0.5889637327524936,0.5962982211114805,0.5887646405270233,0.012466004134902144
2024-12-30,0.5843685842676676,0.5771778396678283,0.5878137885577321,0.5786604373370425,0.008566932567898127
2024-12-31,0.5828833727493262,0.5759808349020294,0.587106752511666,0.5766210568769208,0.012180557197938771
2025-01-02,0.5774066552777356,0.5728502070510071,0.5820632287156939,0.5733765879626637,0.020870112077991772
2025-01-03,0.5789846925156793,0.5792956173319749,0.587908060030286,0.5806071186855968,0.011121453600573126
2025-01-06,0.5852968414665134,0.5900686602297642,0.5929044480899812,0.5866325609543945,0.020134940748830283
2025-01-07,0.593372679094496,0.5851885638743076,0.59083047568806,0.5808852160212388,0.012108140694133417
2025-01-08,0.5878959616219644,0.5843138296216238,0.5943185201821133,0.590062428092726,0.01752710768787086
2025-01-10,0.6007059109637782,0.6002432007441874,0.6073279834318315,0.6011863215127677,0.028991351002079755
2025-01-13,0.5972713593290837,0.5897003510709851,0.5969581214212696,0.5875595520728878,0.030156092981499478
2025-01-14,0.5948578906128373,0.5855568730330866,0.5919145976252975,0.5806998177971642,0.017760763910565167
2025-01-15,0.587478245882813,0.5832089021452864,0.5942242487095595,0.5857982689484081,0.02705255613577787
2025-01-16,0.5915161646968043,0.5831628635005557,0.5877195170851781,0.5854274725011986,0.017072415789619353
2025-01-17,0.5968072307291904,0.5881350371454739,0.5964867640575442,0.591360215658429,0.023432804670353805
2025-01-21,0.6006130852441758,0.6063663405101736,0.608364969632792,0.6019279144071865,0.04148125835542589
2025-01-22,0.6125876031067462,0.6041564855574989,0.6103446705621591,0.6033184010844569,0.0226962245359305
2025-01-23,0.6050687197973184,0.6024070170521315,0.608459241105346,0.6086949495704033,0.019348798062626658
2025-01-24,0.6104526115502477,0.6134562918192383,0.6191590532708022,0.617501365194681,0.021245145332888894
2025-01-27,0.6323594814384921,0.6360152278016927,0.6320271093116892,0.6419739307180208,0.030800662968102816
2025-01-28,0.6447053021804124,0.6395141648114943,0.649986767599245,0.64095424048796,0.02043275386531405
2025-01-29,0.646515403718303,0.642552715372122,0.6546522627886702,0.6429009218365143,0.012165373407894742
2025-01-30,0.6489752852943504,0.6495505893907921,0.6565376922454835,0.6535613196968394,0.011555810764542082
2025-01-31,0.6611354545970661,0.6501951304188888,0.6591772934846398,0.6490190632178191,0.024767451988528134
2025-02-03,0.6404353190664746,0.6574692363068765,0.6475819023270539,0.6618115406498333,0.034722664308248385
2025-02-04,0.6701395494238945,0.6681502019152044,0.677937316576396,0.6732135314055169,0.021801381272902317
2025-02-05,0.6764516983747286,0.6831588001403535,0.6859503917654635,0.6888796813045789,0.023575896238126986
2025-02-06,0.6939029337098305,0.6872102008878571,0.699148397961245,0.6924949466660454,0.01663398385209799
2025-02-07,0.6982657425433708,0.6880388964958101,0.6913238657163299,0.676736097655416,0.015075016091931352
2025-02-10,0.6885190419578422,0.6863815052808374,0.6926436663359081,0.6931438404488968,0.021981028402208693
2025-02-11,0.694738365189074,0.6856448869623458,0.6982999547053923,0.6889723804170859,0.013858356214434209
2025-02-12,0.6900970791957859,0.6953130023837977,0.7000911126896516,0.6995400791658435,0.02170582465350312
2025-02-13,0.7075483145308877,0.707651359206165,0.7141375621393746,0.7128887512691418,0.015450064021883283
2025-02-14,0.7196156581130604,0.7082038229448002,0.7147974624491638,0.7035261409745195,0.019131171891470452
2025-02-18,0.7049491943744959,0.6961416979908174,0.7045218719121116,0.7011159640662488,0.029251710932844417
2025-02-19,0.7061559287321486,0.6980753210751077,0.7048989578032832,0.7031553445273101,0.02988926135156335
2025-02-20,0.65909328876017,0.6605077868684376,0.6495691449746459,0.6402126475935411,0.12024588024985042
2025-02-21,0.6382075017903738,0.6303985131286778,0.6253809704775215,0.6176867634187556,0.0702623549555493
2025-02-24,0.6163934576217316,0.6100494320998314,0.6065738116494881,0.6073971620047003,0.057399838177192256
2025-02-25,0.6179714948587345,0.6401587058395911,0.626559363887313,0.644662204960994,0.05636112067680099
2025-02-26,0.6490681110148936,0.6476630049512324,0.6438110434143831,0.6308500372979793,0.03126318889978072
2025-02-27,0.6323594814384921,0.6413547898327939,0.6413524434030655,0.6363192848964326,0.02481044011575331
2025-02-28,0.6499035424931962,0.6489060483626953,0.6541809054249448,0.65319052324963,0.04687142799994
2025-03-03,0.6516672311703446,0.6547069176155664,0.6509285396122764,0.6437352138434402,0.029557145294459814
2025-03-04,0.6310599213602962,0.6322400589225734,0.6286333362901899,0.6194480465432353,0.046324569419950556
2025-03-05,0.6237266894910138,0.6261629578013179,0.6313672090019002,0.6288106568378575,0.027763763100433655
2025-03-06,0.6221486522530701,0.6243214120064889,0.6260248446364411,0.6163889758530526,0.03343530001667379
2025-03-07,0.6141656403446899,0.603696099108325,0.5937528913458336,0.5893208351983072,0.07245957753706578
2025-03-10,0.5753644894408393,0.5694433473316001,0.5546302301241257,0.5531681815836419,0.07029842379443127
2025-03-11,0.5524365366332059,0.5612945071909288,0.5596266181838208,0.5496456153337427,0.0547869715724328
2025-03-12,0.5579132541057374,0.55903861359259,0.5383212653254623,0.5288810142834369,0.06607214497615788
2025-03-13,0.5306224924645639,0.5254304028430288,0.5287998465707533,0.5223920764558624,0.06168465578910513
2025-03-14,0.5308081439047094,0.5246937845254704,0.5305910045540569,0.5302715009616469,0.07145064550625509
2025-03-17,0.5323861811417122,0.5487719957887054,0.539263980053869,0.5498310135578173,0.04894185321620799
2025-03-18,0.5538289224310041,0.5459175998070005,0.54416609664101,0.5324962796449035,0.0282822181118372
2025-03-19,0.5399978901716833,0.5377227210215983,0.5452973543145248,0.5393560139206272,0.04468141331617799
2025-03-20,0.5386983300934872,0.5404390010681779,0.5443075038498411,0.5345356601059648,0.02910053830155553
2025-03-21,0.5359422116094448,0.5347825393770128,0.5395630107443707,0.5382899741347825,0.050163331403367956
2025-03-24,0.547018663844625,0.5478932509588661,0.5544040849435612,0.5523257980814053,0.028404025958450086
2025-03-25,0.5497179673299084,0.5447079020179088,0.5380505445839863,0.5269497720060777,0.05288162849357167
2025-03-26,0.5351044967348314,0.528596499405977,0.5375778989089259,0.5311326334465083,0.051250060791414545
2025-03-27,0.5312417003674088,0.5336745919201408,0.5395157461777247,0.5350366374588921,0.025669757516927506
2025-03-28,0.5373384030674473,0.5310893811855726,0.5388067776646563,0.5305749185885359,0.020797052317617217
2025-03-31,0.5311020812213263,0.5529713434720966,0.5356873162086841,0.5551143723750256,0.05865562664249939
2025-04-01,0.5569316231976661,0.5613732783587434,0.5640460567161316,0.5647814299279341,0.03862647347211376
2025-04-02,0.5631214053284264,0.570929325180682,0.5711121095587148,0.5734260102387208,0.03203220090533544
2025-04-03,0.5452501546637358,0.5684826078785727,0.5537423809980944,0.5501878911223994,0.06536607428068579
2025-04-04,0.539293071108839,0.5454926981342433,0.5194283049843125,0.5123562332005429,0.0731832020439338
2025-04-07,0.48903017861416176,0.535059526241931,0.492582030638205,0.5183051916943513,0.07483641789777902
2025-04-08,0.5412477391502307,0.5415687175553712,0.5041145851110169,0.4993428864951023,0.06864060975674541
2025-04-09,0.5177451829381693,0.5769768717201922,0.5229258829801418,0.5719387706152688,0.09867802801583406
2025-04-10,0.5680546151472663,0.5868560698836017,0.5715459982892019,0.5813269707382513,0.06957878356494433
2025-04-11,0.5862051041041219,0.6005207551934243,0.5890017483629526,0.6016835630843108,0.047010537736174585
2025-04-14,0.6103126766149334,0.6198175067463135,0.6163206683841205,0.6196233910423778,0.05247645512193605
2025-04-15,0.6247399883495078,0.6252649150794347,0.6254899944816306,0.6125590028307454,0.03811519700835507
2025-04-16,0.6171074750453844,0.6092920058990285,0.5946734964636777,0.5867182143731478,0.03899054446106737
2025-04-17,0.5969092386164154,0.6053218608426703,0.6042209391010449,0.605587567095755,0.03694780618154203
2025-04-21,0.6079856908515958,0.607260768893363,0.6015741233210887,0.5980584165027921,0.02953027771494408
2025-04-22,0.6066825788243149,0.6184325724245233,0.6161316101146697,0.6207388207602017,0.02230664341003114
2025-04-23,0.6265680683654945,0.6305276655026105,0.6282492999333382,0.6217612980013837,0.02876149561858139
2025-04-24,0.6237161146134511,0.6269730007426959,0.6235058279376331,0.6299411159299005,0.01750485296725059
2025-04-25,0.6338617725432965,0.6293273890907657,0.630121922097987,0.6229696801949102,0.022085162591144684
2025-04-28,0.6273462124050104,0.6249879282145167,0.6299328638275807,0.624178062389376,0.016295315383021525
2025-04-29,0.6249261472109512,0.6266498494012248,0.6306890969082506,0.6318001654599203,0.01563255322013798
2025-04-30,0.6351648845705772,0.6414224821688528,0.6355100827940581,0.6430474151119833,0.037549344015755756
2025-05-01,0.64517092335434,0.6425304296266583,0.6512019192081662,0.6445346547354353,0.01683776410904039
2025-05-02,0.6538738501108219,0.6547178516597181,0.6631125902217909,0.6569902865819641,0.023831868327503277
2025-05-05,0.6630887137343914,0.6595189573089639,0.6695405714031859,0.6623815302168605,0.015045812732858266
2025-05-06,0.6612271251237213,0.6570260755293683,0.6684062217826587,0.6551312370528838,0.01061117504054155
2025-05-07,0.6594586159437729,0.6548175669309019,0.6674609304325378,0.6577339063932203,0.01228460089070343
2025-05-08,0.6613202045544431,0.6557334701625509,0.6584333980378327,0.6447205596887192,0.019991274408077016
2025-05-09,0.6448923635266431,0.638247901121741,0.6505776037252429,0.6403053170557442,0.018124370189449773
2025-05-12,0.6534764773531355,0.6453745041361975,0.6442287633287094,0.6405848520238188,0.05013091665313381
2025-05-13,0.6425597238999506,0.639358540552541,0.640485790259097,0.6324783379628116,0.03291887016283411
2025-05-14,0.6381277086083879,0.6394510938382855,0.6462186983779412,0.6413302786037849,0.047284408500734856
2025-05-15,0.6220324951833618,0.6338053433976071,0.6088837264925941,0.636857719122109,0.09230262166234343
2025-05-16,0.6392007228372873,0.6567085795269995,0.6477822187748585,0.6544684220816774,0.06715951272908872
2025-05-19,0.6439593076755898,0.6482436559989421,0.646029180754478,0.6533502822112585,0.03364018579441193
2025-05-20,0.6617340216328882,0.6532257993789942,0.6527570563988936,0.6503685758904545,0.022800302470489708
2025-05-21,0.6483913229671526,0.6433901616860656,0.6475927011504394,0.6376031457030148,0.0231249293579549
2025-05-22,0.6429329462396193,0.6360266222601407,0.6460765601608216,0.6329442295756428,0.018159446016289566
2025-05-23,0.6317362760307419,0.6321393842514069,0.6383537169908344,0.6367645407997308,0.018052949143529073
2025-05-27,0.6500241707055552,0.6437548216324027,0.6533256092702393,0.6483186527943732,0.026643520778884596
2025-05-28,0.6520768935774963,0.647873442855031,0.6578740322410042,0.6451505898278729,0.012064247605194926
2025-05-29,0.6531032550134669,0.643523438417575,0.6558926254845319,0.6438460933126973,0.01970417897328992
2025-05-30,0.6468517808136672,0.6542596195825985,0.6535151268937025,0.6589409815633532,0.057948181383560046
2025-06-02,0.6643932308072614,0.6632835649580828,0.6672551546186845,0.6687247054299889,0.026199032935411395
2025-06-03,0.6711578857255167,0.6724000636193117,0.6721826128373318,0.6706814502027522,0.02277347891613841
2025-06-04,0.6732572613894461,0.6653660138905998,0.6792895237286742,0.6648112158835224,0.011808781805209605
2025-06-05,0.668638634928049,0.6603681364519992,0.6630383874894583,0.6518594290503866,0.023327787532286707
2025-06-06,0.6600078683086277,0.6508351480035203,0.6570212029344635,0.6472936912463325,0.022775071159585356
2025-06-09,0.6509572265566086,0.6442638647053972,0.6551260266960077,0.647107334601576,0.018021346412994448
2025-06-10,0.649930865120638,0.6464777393038766,0.6523780211510113,0.6458960164087786,0.026598348514335114
2025-06-11,0.649930865120638,0.6390808806943744,0.6416702754071764,0.6317329113828454,0.02470808405429187
2025-06-12,0.6275375247028834,0.6202925636565166,0.6234765835241167,0.6226946140971156,0.02826943613909717
2025-06-13,0.6240852180543621,0.6208478833719168,0.628925215207766,0.6190606595177841,0.030346041999282893
2025-06-16,0.6262312465112204,0.6251053345236284,0.6297780445152621,0.6176629846792906,0.02101985878312156
2025-06-17,0.6187667997056158,0.6162202190762939,0.6252770009498851,0.6172902713897774,0.02115185356361547
2025-06-18,0.6245517459798888,0.6224212892323725,0.6297306651089185,0.62511725048271,0.012342075742869128
2025-06-20,0.6308032201796885,0.6300106586764844,0.6402488932292902,0.6347146177036496,0.035018038919791133
2025-06-23,0.6371479999653463,0.6450042909922862,0.6447025573883234,0.6510208241480422,0.034595967222541116
2025-06-24,0.6540363108635794,0.6558793020854599,0.6596744496667728,0.6522321423408395,0.03941746626393229
2025-06-25,0.6594480347981837,0.6508351480035203,0.6587268615485002,0.6453369464735691,0.011904235699225125
2025-06-26,0.6462919473022826,0.6395436471240301,0.6470241482790939,0.6337828344789268,0.03197663136445264
2025-06-27,0.6408802233686189,0.6434308851318304,0.64934573917082,0.6454301247959474,0.06149916065045673
2025-06-30,0.6493710316101942,0.6469479099957198,0.6507671213496617,0.6501822192447582,0.028165062257599276
2025-07-01,0.6528233382577745,0.6566650794833808,0.6613213578180901,0.6544684220816774,0.02286447403933398
2025-07-02,0.6577218814748639,0.649184922916802,0.657826652835616,0.6485981877615081,0.015199492352677296
2025-07-03,0.6537563941088279,0.6500947217166313,0.661285349469078,0.6555865619520963,0.003420899581055556
2025-07-07,0.6587015901179056,0.6581468575903988,0.6631805257075336,0.6648112158835224,0.016248631587826547
2025-07-08,0.664206619637427,0.6564808984441987,0.6526622975871619,0.6437529149903191,0.025895134562866167
2025-07-09,0.648624586929916,0.6390808806943744,0.651430433032739,0.6411439219590283,0.018136093112400966
2025-07-10,0.644052613260507,0.6343606631130072,0.635842608475645,0.6229741490642505,0.030835327893407916
2025-07-11,0.6286105389308421,0.6228322258211152,0.6310572884750731,0.6186879462273314,0.020318841198189264
2025-07-14,0.623991912469445,0.6256606542390284,0.6324786706539147,0.6315465547380889,0.01832312424011955
2025-07-15,0.6341622212432926,0.6251053345236284,0.6377377847141006,0.6279126001587574,0.010182565606373411
2025-07-16,0.6324360679190321,0.6255643988212568,0.6346107439212219,0.6256763204179195,0.011969970161406721
2025-07-17,0.6292636780262032,0.6237170352346614,0.6373113700608304,0.62511725048271,0.011929794753020247
2025-07-18,0.6293569836111202,0.6223296614789348,0.6329524647135287,0.6247445371922572,0.020419724862484705
2025-07-21,0.6309431785575347,0.6330649171107182,0.6393013051100622,0.6305215931900482,0.017519114674684023
2025-07-22,0.6364015552850681,0.6333425769688847,0.6453658690714006,0.6321988029956767,0.00675440187318661
2025-07-23,0.6379877502305417,0.6298255521040622,0.6411017225358309,0.6306147715124265,0.00841890039833871
2025-07-24,0.6338823044876002,0.6359803456168018,0.6416702754071764,0.6391871771853253,0.021288544361648763
2025-07-25,0.6457321137918387,0.6424127989867748,0.6528518152106253,0.6472936912463325,0.016095896063200336
2025-07-28,0.6498375595357209,0.6468090800675697,0.6580161704590795,0.6485981877615081,0.01468854363180937
2025-07-29,0.6545028387891061,0.6523160005782316,0.6605272789742689,0.6553070269849613,0.01894725676705666
2025-07-30,0.6622472023504031,0.6537968531529428,0.6600534849146549,0.6484118311167514,0.018531050200045942
2025-07-31,0.6513304488972181,0.6514830210055981,0.6602430025381183,0.6520457856960828,0.022902387043437156
2025-08-01,0.6565555616610473,0.6533340867232872,0.6636590577068264,0.6567978801448937,0.025590512220950285
2025-08-04,0.6584216733622132,0.6633298416004885,0.668676536796571,0.6670474956243605,0.03121545828400925
2025-08-05,0.6721375943685584,0.6685128256115112,0.6754044124409866,0.6644385025930697,0.028590585038572255
2025-08-06,0.6701781770824752,0.698268707028287,0.6806161470957843,0.7021757232201792,0.042682091186309806
2025-08-07,0.7075004111123799,0.7002586026759927,0.7057272322467232,0.6999394434793412,0.015217870412985099
2025-08-08,0.7066606608471846,0.7078479721191715,0.7155821486840175,0.7056233211547539,0.014937192868835172
2025-08-11,0.7116058568562622,0.7042383939695377,0.7152031134361352,0.7074868876051389,0.016067132955771567
2025-08-12,0.7148715523330674,0.7040532873971156,0.7176668425459365,0.7045983596067134,0.02844950639915059
2025-08-13,0.6952773794675321,0.6901240178697082,0.6937876219484653,0.6800924607789349,0.032067328094867065
2025-08-14,0.6865999600551816,0.6774904943436568,0.6925557573940422,0.6787879642637595,0.011179706230643786
2025-08-15,0.6833014256774403,0.6734811739244201,0.6835927058727622,0.6730574974276274,0.01789720523266668
2025-08-18,0.6774093599253165,0.6744552671783312,0.6871526123084437,0.6795953078397864,0.0131307254176029
2025-08-19,0.6863877458329115,0.6888811244208684,0.69555847462479,0.6851057480435151,0.026198541321075238
2025-08-20,0.6881647180434664,0.6909220817154885,0.6967932340614726,0.6970606013680689,0.03024891025733403
2025-08-21,0.6718913935868323,0.6612354301557664,0.6589905990118625,0.6540044499429116,0.11137756363546461
2025-08-22,0.6593123008311875,0.6575245987109177,0.6571859506042561,0.6434505559921235,0.06458890783634132
2025-08-25,0.6493519039653756,0.6438872931505625,0.6506322274424561,0.636352361831022,0.03098539500390107
2025-08-26,0.6425713521079742,0.6335897358906644,0.6444584302609535,0.6361655672483543,0.039091430571205274
2025-08-27,0.639064170112864,0.6321517887055639,0.646168097172769,0.6364457591223558,0.01623577379397
2025-08-28,0.6399994186450816,0.6345174437521098,0.6471179121239898,0.6367259509972969,0.03168366101605638
2025-08-29,0.6409346671772991,0.6387385145206135,0.6480202363273153,0.6448515153658891,0.02277745585599208
2025-09-02,0.6515029755886291,0.646392104376372,0.6548114132266816,0.652977079735421,0.02216849978157159
2025-09-03,0.6573015164878135,0.6611426593699019,0.664214581242144,0.6678272490988398,0.03042445081713591
2025-09-04,0.6765676362469792,0.6788618795194973,0.6846356026890938,0.6817434455461017,0.02287682065211463
2025-09-05,0.6875100440710081,0.6800678997385364,0.683685787737873,0.6778207592988064,0.01824820808531145
2025-09-08,0.6853589724477545,0.68823172891795,0.6919491778114881,0.6943520799118714,0.018094807291533826
2025-09-09,0.6961143305659043,0.6894377491369891,0.7026820867575136,0.6944454772032053,0.013530689144780755
2025-09-10,0.6956467062993252,0.6890657382848229,0.6916642333260263,0.676886786383589,0.028487524574479905
2025-09-11,0.686668320392671,0.6920817165420621,0.6906194368799701,0.6978077797006186,0.023512482880447935
2025-09-12,0.7011179102118101,0.7032142108766078,0.7103755878611608,0.7056531521942698,0.013095972441968938
2025-09-15,0.7115459313442012,0.7032605962700067,0.7203011540986959,0.7075210980265837,0.010931279565282611
2025-09-16,0.7134164284076955,0.7053943243504913,0.7176891629835551,0.7049993711530539,0.02004201096424218
2025-09-17,0.712294130169599,0.7230207737142221,0.723388052689925,0.7129381409389786,0.046702065638213386
2025-09-18,0.7127617544352374,0.709337082760468,0.7080960319784215,0.7066805224017605,0.020989833620979084
2025-09-19,0.7130423289949966,0.7028895131256152,0.7078110874929597,0.6948190663694801,0.06971636220379367
2025-09-22,0.7003229489594721,0.6960244749520387,0.7062068500413767,0.6993955336579915,0.01607994917030615
2025-09-23,0.6999488495467734,0.6912003940740155,0.7005924938654009,0.6965936149095207,0.016805659980799744
2025-09-24,0.7058409152988971,0.698529286177848,0.711467875054157,0.6985549580331682,0.012484286807353678
2025-09-25,0.7074776002295723,0.6989003693222396,0.7124651807532734,0.7015436713643068,0.01731461289421343
2025-09-26,0.7042977552211616,0.6987148277495773,0.7114203843072171,0.7025710415717975,0.013627549398215623
2025-09-29,0.7059344401518367,0.6970449535993487,0.7076686152502287,0.7018238632392478,0.02247634818970334
2025-09-30,0.7054668158861984,0.7028431277322164,0.7137949216847916,0.7016370686556406,0.018553779414105086
2025-10-01,0.7013517223446293,0.692870268224244,0.693183937248171,0.691363366580733,0.024104318057589395
2025-10-02,0.690970463640119,0.686144386229931,0.6867251955812066,0.6889350369985371,0.02278991497752628
2025-10-03,0.6910639884930585,0.6924527996864536,0.6993577344296735,0.6923907367882237,0.013647649331621204
2025-10-06,0.694992032326867,0.6947720693396006,0.7029670312429754,0.6982747661582273,0.01716006744616057
2025-10-07,0.6996682749870139,0.6964883288832281,0.696983197052099,0.7033182199043472,0.022627246886635758
2025-10-08,0.7056538655920774,0.6965810996690927,0.7083809764638833,0.7001427119905411,0.017846184958775175
2025-10-09,0.7066826389772344,0.6983437446051858,0.6914742703363554,0.6895888180397529,0.03233519187032488
2025-10-10,0.6965819548315427,0.7000052693845091,0.7023971422720516,0.6902425990809689,0.029917276031196777
2025-10-13,0.6902222648137806,0.6890666659925976,0.6981229749929909,0.6928577232458324,0.011210854034479276
2025-10-14,0.7152869254721306,0.7398122860023721,0.7154295532148367,0.7403969446672275,0.060099140854786126
2025-10-15,0.745869552468965,0.7549803095336924,0.7572964464407719,0.7573952517379013,0.03700253679845815
2025-10-16,0.7634522248705155,0.7551658511063548,0.7417194812438066,0.7334855450897332,0.024650719265037254
2025-10-17,0.7444666796701681,0.7424098680140463,0.7470384449698793,0.7452536038306797,0.01821675455116741
2025-10-20,0.7508263696879304,0.7428737219443022,0.7507427232789718,0.738902588002128,0.010501652660647606
2025-10-21,0.7459630773219045,0.7357303714131319,0.746658518989582,0.7311506127998108,0.011280685282795497
2025-10-22,0.7386681387719247,0.7383743388172715,0.7416719904968665,0.7397431636269513,0.014696932871476096
2025-10-23,0.7461501270277834,0.7365653084877797,0.7428592591856538,0.7371280394620876,0.012524415744733251
2025-10-24,0.7435314311388915,0.7328080916504655,0.7402947588174531,0.7306836263422021,0.009857757726565552
2025-10-27,0.73670411685455,0.7253400433673692,0.7273772754844796,0.7148060867703528,0.02467442926192624
2025-10-28,0.7153804503250701,0.7047449288475729,0.7169293110229606,0.7026644388631313,0.017207599948692098
2025-10-29,0.70457832977998,0.7003847018998057,0.7080010504835863,0.6960332311605781,0.01393851870133709
2025-10-30,0.6979848276293986,0.6976015783164026,0.7065763280572326,0.6938850934533233,0.01902261806519401
2025-10-31,0.6933085849692517,0.6857733030855394,0.6896696219287493,0.6840783778360242,0.034118213475654746
2025-11-03,0.685031635461055,0.683036564894602,0.691759214820862,0.6879076667910462,0.020848708510550516
2025-11-04,0.6973301536569405,0.6906437693569616,0.7018272533020835,0.694258682619598,0.015528176892797618
2025-11-05,0.6936826843828914,0.6911540086806165,0.6960333821008782,0.6867868992922218,0.017158898333460664
2025-11-06,0.6899416902540212,0.6842425851145744,0.6882448995023955,0.6887482424158694,0.020981610698600214
2025-11-07,0.6973301536569405,0.693890746871554,0.7043917536693289,0.6972473959507366,0.026809297535552497
2025-11-10,0.6975172033637602,0.691061237894752,0.7031759905327599,0.6956596419933636,0.020104966949379643
2025-11-11,0.7007905732260513,0.7010340974027243,0.7099956618808634,0.7051861657366612,0.01686310303701335
2025-11-12,0.7087401857475486,0.6997176799473024,0.7132535271626053,0.7051861657366612,0.014178211263243489
2025-11-13,0.7109847822246825,0.7027967423388173,0.7071462170272007,0.6967804094931279,0.02886329158211756
2025-11-14,0.6792798569897517,0.6894377491369891,0.6773220275657439,0.6962200257432457,0.04191358547014605
2025-11-17,0.701538772051449,0.6970913389927476,0.707907018803613,0.7006096984481498,0.02201705321592624
2025-11-18,0.7052797661793785,0.6973492417783658,0.701067401341489,0.6860397209596719,0.027679391318642606
2025-11-19,0.6921862867311551,0.6822025555277289,0.6849205471736002,0.6787547322149633,0.03881425791931262
2025-11-20,0.7142581520869736,0.7397195152165075,0.7134149957044942,0.7394629717520101,0.1078332199391848
2025-11-21,0.7520421927799074,0.7419460140837901,0.732833012562198,0.7227448565562774,0.08593035821642474
2025-11-24,0.7275386812410759,0.7245051062917884,0.7236729971753868,0.7109767978153309,0.08861682022105934
2025-11-25,0.7205243172508554,0.735173746696078,0.7281371274450741,0.7384356015445194,0.03405918062183666
2025-11-26,0.7447472542299275,0.7553050072856182,0.756061687004089,0.7580490327791173,0.0281167593146902
2025-11-28,0.764387473402733,0.7656025645445832,0.7734433006077053,0.7712180508938294,0.00870470442830247
2025-12-01,0.7757039806394607,0.7753898824808265,0.7863607839416342,0.7807445746361873,0.02678003058457523
2025-12-02,0.7846823665470558,0.7836696751423373,0.790444988231024,0.788963536297053,0.030387692250677837
2025-12-03,0.7943154264261681,0.804473523931029,0.8040368401802911,0.8076429946154938,0.04449167464084686
2025-12-04,0.8047902099854997,0.80442713853763,0.8129850468336861,0.811659078154123,0.04798156410040949
2025-12-05,0.8151714686900099,0.8172758924158032,0.8273452990773087,0.8141808050276528,0.0432153019653254
2025-12-08,0.8136750710392143,0.8054012317924744,0.8047871939913065,0.7997042248305087,0.03806689895713092
2025-12-09,0.8078765301409708,0.8121734991792531,0.8116353597881474,0.8137138185691045,0.039682945342983375
2025-12-10,0.8209700095891942,0.8169048092714117,0.8113409171531063,0.7961551277494884,0.04053258209966751
2025-12-11,0.8003010170312316,0.8135650609709546,0.8100111762215882,0.8180100939826748,0.03741917627958577
2025-12-12,0.8222990001572353,0.8257690896836842,0.8328220932365336,0.8312258107435236,0.03131869240291686
2025-12-15,0.837902245487368,0.8304169696639947,0.8387228043759036,0.8320680790439424,0.030392522789552994
2025-12-16,0.8346222840068193,0.8251183864866087,0.8321558839135759,0.8192468838075754,0.03266373944326696
2025-12-17,0.8217367210457732,0.8205606753766306,0.8332979570374175,0.8214929326080657,0.024189883410505045
2025-12-18,0.8199561705278685,0.8214000825019871,0.8289200100631695,0.8137253471723321,0.03715021921254458
2025-12-19,0.8211275853420815,0.8102451705471889,0.8185937655678384,0.8093268349382735,0.10702079667565786
2025-12-22,0.8105848520113431,0.8013212409840968,0.8061737203459423,0.7928558104013447,0.0371434613498043
2025-12-23,0.7916547886074908,0.7829992980995237,0.7917074607772829,0.7769462980640683,0.03432097137044535
2025-12-24,0.7814400514242427,0.7770593074842074,0.7902798693717643,0.7835908590986173,0.00665778864984105
2025-12-26,0.7891245326073234,0.7794762050737449,0.7979888629579335,0.7848074688657846,0.006643509821510341
2025-12-29,0.7879062612008806,0.787005770642837,0.7999874909248952,0.7922007128338303,0.01636764628234048
2025-12-30,0.7907176567553679,0.7861691522460639,0.8025095690734978,0.7864920054656824,0.013312830618590052
2025-12-31,0.7892182457927238,0.78207901786298,0.7975605855368513,0.7817191517648755,0.012718109347335839
2026-01-02,0.7863599936450659,0.787098728242686,0.7957047167102504,0.7943531762683381,0.019613247441998532
2026-01-05,0.799432982975972,0.7958367426070134,0.8054916457247066,0.7938852494346677,0.032456512994286535
2026-01-06,0.7954970291995017,0.8056902481657942,0.8039847468588184,0.8091396642053691,0.0338340041349804
2026-01-07,0.8122248327516174,0.8051325025685676,0.8050316472221009,0.7939788348015898,0.04162446732363756
2026-01-08,0.7850948656454525,0.7934198450165426,0.7832599265711251,0.7972543226354031,0.043464374333098243
2026-01-09,0.7941381880144877,0.8118719285403442,0.806506825007421,0.8109177861721889,0.03819259813911108
2026-01-12,0.8432907536342525,0.8433380760112548,0.8460653828350195,0.8431111523134897,0.10491327781251363
2026-01-13,0.8469455678564032,0.8588619951477501,0.8586139112840048,0.8654780549514706,0.060985890825086264
2026-01-14,0.8684996004448825,0.865647899919918,0.8709863701251435,0.8624833232174834,0.06475734566961487
2026-01-15,0.866531623556177,0.8622084687339095,0.8681311873160173,0.8546221524157674,0.0691485769956443
2026-01-16,0.8542551962988226,0.85969861354359,0.8507145721767175,0.8593014207505921,1.0
2026-01-20,0.87505952340598,0.8691802887048419,0.8574718381601631,0.8500364694478649,0.0948561154411817
2026-01-21,0.8486792617820781,0.8586760799480524,0.8568532152179629,0.8561195182827611,0.0697655823376284
2026-01-22,0.860065413779539,0.8496591927851116,0.8578525292014436,0.8418009571794004,0.04466056740081954
2026-01-23,0.8495695370410304,0.8412000512203306,0.8529635045032136,0.8408651035129994,0.0355120697483049
2026-01-26,0.8461958623750813,0.8434310336111037,0.8553780374326425,0.8400228352125806,0.03244332501169675
2026-01-27,0.8432907536342525,0.8320902064575411,0.8372000402107815,0.8334718595440139,0.04074508423085235
2026-01-28,0.8351845631173404,0.8304792512559587,0.840864191483226,0.8300092009763566,0.02459160325257523
2026-01-29,0.8334508691916654,0.8323226004566966,0.8428152330703857,0.8378703717780728,0.024687272380727977
2026-01-30,0.837714819116567,0.848636659189574,0.8478593893675914,0.8540606402161147,0.03895698994824294
2026-02-02,0.8620333906682446,0.893163349406118,0.8711767156462615,0.9001046406271055,0.06095654316130754
2026-02-03,0.9009243625125315,0.9300210376551967,0.9149561853944757,0.9342632994681302,0.0627601758811189
2026-02-04,0.9429078694675072,0.9415942588069817,0.9476956149455549,0.936977275102291,0.05196007663078821
2026-02-05,0.9471249628001789,0.9433604532003765,0.9426514586483494,0.9270572262329891,0.059263369579055536
2026-02-06,0.9350359619136256,0.9628815491191738,0.9473149239042746,0.9667374217092574,0.04966498855458233
2026-02-09,0.9737395073871115,0.9637172379397525,0.9572128909775679,0.9465229825048446,0.051141944770939946
2026-02-10,0.9504986374661281,0.9409435556099062,0.9410335217226684,0.9248111774324989,0.044940907418708834
2026-02-11,0.92946002739594,0.9446618595945275,0.9433176679703514,0.9441833483374323,0.03166044507934601
2026-02-12,0.9546220176133994,0.9888167194126094,0.9688239677371011,0.9897594219147526,0.0662704612210258
2026-02-13,0.9857347950892051,0.9903040410064583,0.9920461212552121,0.9920990560821651,0.043642717828368954
2026-02-17,0.9895770356812158,0.9906758714049202,0.9578791002995697,0.9449320312709292,0.07755370730088575
2026-02-18,0.9429078694675072,0.936528069627818,0.9351328105823427,0.924062494499002,0.07385820809421431
2026-02-19,0.9463752573188567,0.9480083331806872,0.9220941424182463,0.9076850553289951,0.08977638679781585
2026-02-20,0.8948330054765546,0.8864704022337992,0.8902112677102869,0.8900910063908815,0.07059535151594147
2026-02-23,0.8997060911051479,0.917332325307092,0.9083892649321479,0.9164820797971124,0.04738883863660953
2026-02-24,0.9220098291749493,0.9288590676594191,0.9269479531952893,0.9252791042661693,0.03393266942015698
2026-02-25,0.9286166087292175,0.9229097812840243,0.9318017639713769,0.9159205675974597,0.02704660784689464
2026-02-26,0.9227595346562715,0.9222590780869488,0.9177161954439983,0.9034737138278409,0.030208120942487978
2026-02-27,0.9184018715459695,0.9340646932378893,0.9291845130622152,0.9365093482686205,0.05605363425335458
2026-03-02,0.9366290860616703,0.9354590572328223,0.9473149239042746,0.9285545920999826,0.026424830666254628
2026-03-03,0.9278200466556655,0.9319108656553923,0.9341810829796191,0.9361350068018724,0.0249300931751515
2026-03-04,0.9333491245801807,0.9300675164546544,0.9396068820459114,0.9351991531354712,0.02481694605671934
2026-03-05,0.9171367435463561,0.9069136375415288,0.8959216333294946,0.8930857381248686,0.05458469550860848
2026-03-06,0.8901004896255916,0.8930239130068114,0.895636115048773,0.8976714210927713,0.03733701798522865
2026-03-09,0.9012851582752414,0.8959985561945087,0.9040113179569444,0.9027250308943443,0.03201214744293676
2026-03-10,0.9061723008817858,0.9108141384220036,0.9121010025843941,0.9100246894954679,0.030587940711095826
2026-03-11,0.9164338946572638,0.9051548797567561,0.909245819775268,0.8947702747257061,0.029078410764743618
2026-03-12,0.8882262259222865,0.9042253037610672,0.9019175172303793,0.9119899821961318,0.037822593536329066
2026-03-13,0.9172304567317565,0.9162633129111633,0.9275189897567326,0.9231266408326008,0.021784015791376444
2026-03-16,0.9300691630996317,0.9190055620997051,0.9261865711127284,0.9181666163979499,0.03467137743752782
2026-03-17,0.9290383180630492,0.9209576716918648,0.9264730411212563,0.9096503480287196,0.03328176225571794
2026-03-18,0.9073249730596714,0.896973681414394,0.8976347430157348,0.8806388843552498,0.03289002389676142
2026-03-19,0.8892102143666393,0.8796844974616314,0.8732705163728265,0.8723097867198636,0.02846994875050175
2026-03-20,0.8749737567872579,0.8685504193501008,0.8637096561425299,0.8552538536413165,0.12536923049364077
2026-03-23,0.8735651358864293,0.8669668539941724,0.8734851498593297,0.8711964495296992,0.03887403430924111
2026-03-24,0.8749268027574185,0.8947258231813697,0.8872662117328376,0.8836691863130629,0.026860361834608434
2026-03-25,0.8954457138866415,0.8889038917245706,0.8995537689079458,0.8931409638703119,0.025215960797019443
2026-03-26,0.902958358693884,0.8918381451791633,0.8996643988857822,0.8848883259989658,0.024837444662447274
2026-03-27,0.8881208851996975,0.8962162376343925,0.8999505108967025,0.8915467042818496,0.025084049175169463
2026-03-30,0.9038974392953775,0.9054381770631119,0.912539439390579,0.8972672828069247,0.034587546186922294
2026-03-31,0.9012680136130776,0.9030162535763666,0.9096783192785081,0.904582120920462,0.036792331313351176
2026-04-01,0.904742611836251,0.9051587243525285,0.9124440687196351,0.9088959998078848,0.02629796237157456
2026-04-02,0.9174201999484143,0.9113998348752026,0.9221718771014407,0.9187428972686328,0.013723147596936783
2026-04-06,0.923618131914507,0.9214601324328724,0.9338070988906566,0.9281208948504768,0.011159975619450941
2026-04-07,0.9271866381973596,0.9156847764275262,0.8996643988857822,0.8877955052487362,0.023941050735294112
2026-04-08,0.8904685867020196,0.9244409613389177,0.8952773480472096,0.9325285537133045,0.03401364392675939
2026-04-09,0.9355914095753152,0.946704027230419,0.9476358461001142,0.9500654091910895,0.01850408723267394
2026-04-10,0.9508984233707191,0.9396059283985867,0.9419136058759723,0.9279333348987272,0.018604083056153343
2026-04-13,0.9281257187988529,0.9151258710072925,0.920264463693075,0.9073017402184828,0.02011235828531924
2026-04-14,0.8986385879298372,0.9048792716428784,0.9068648845014313,0.911803179057655,0.02209387712785971
2026-04-15,0.9125369808234715,0.9036683098995058,0.9129199683657625,0.9090835597596344,0.026204399113787132
2026-04-16,0.909719739020873,0.9117724384877581,0.9204075196990129,0.9096462396139436,0.02944059845499653
2026-04-17,0.9119735324625754,0.9269560357285684,0.9147329648098652,0.9347792731333603,0.045189644706063486
2026-04-20,0.9429631922930396,0.9446547073580962,0.952404379620551,0.9387180321172838,0.030930221689498164
2026-04-21,0.9425875600524422,0.9474492344573968,0.9539303103470524,0.9544730680539172,0.0269650243255176
2026-04-22,0.9629656090921469,0.9537825643739661,0.9669007215218377,0.958036707135281,0.027728381543285312
2026-04-23,0.9683183685173659,0.9725068274481989,0.9826368821387057,0.977261602177873,0.024674769234029347
2026-04-24,0.9811837727498277,0.9693396967363426,0.971108475500603,0.9574740272800318,0.02379504861498349
2026-04-27,0.9593501487785142,0.9478218380708858,0.9531196596483298,0.9356232929148244,0.026273051466033568
2026-04-28,0.9567676771260539,0.9474492344573968,0.94725436341825,0.9356232929148244,0.02459104560049243
2026-04-29,0.9317881331423247,0.9317067317972867,0.9389571150929577,0.9395620518996873,0.025072949942047718
2026-04-30,0.9443718131938682,0.9722273747385488,0.9584127318556133,0.9763238024191246,0.03321491982689814
2026-05-01,0.9809490025996898,0.9809835596499403,0.9873100449891541,0.9732290632176047,0.01025620992309792
2026-05-04,0.9668158395559175,0.9658931133129693,0.9749118578362097,0.9613190062885503,0.009913297917338724
2026-05-05,0.96775492015647,0.9657068115071581,0.9808248394012835,0.9656328851759729,0.010638832627174587
2026-05-06,0.9710417022593444,0.9603040591143674,0.9734812977796963,0.9589745068930894,0.024663875451674953
2026-05-07,0.9619795744608138,0.9551807594321604,0.9652317347893982,0.960099866603587,0.021151325261642286
2026-05-08,0.9682458882057131,0.9650487899690752,0.982705152637108,0.9645778604484384,0.021758488533533415
2026-05-11,0.9669757237339417,0.9574892492147229,0.9457266668391013,0.9378938083724607,0.030356901539842735
2026-05-12,0.9471705666000233,0.9623422877236898,0.9585305869862148,0.9638261970096783,0.028488715699762034
2026-05-13,0.957661184274284,0.9755014882960809,0.96856350948955,0.9743494851523175,0.0183413897916738
2026-05-14,0.9780308589512118,0.9778346798869302,0.9885338028533315,0.9836513202069718,0.01935361637228947
2026-05-15,1.0,0.9887540165321056,0.9878171655316645,0.9741615692926274,0.04655765331550725
2026-05-18,0.9795832821944882,0.9842742886776747,0.9910659213898874,0.9919196180333308,0.026649094853870157
2026-05-19,0.9929435307123807,1.0,1.0,1.0,0.026096158355346646
2026-05-20,0.992614228812292,0.9859541866230863,0.9834695657802195,0.968524093501928,0.053425234103078104
2026-05-21,0.9126691360964233,0.9126919706704133,0.8884912327486467,0.8791701022193411,0.11426737542876717
2026-05-22,0.8838034723972018,0.8767608201713317,0.8743495896010884,0.8691166037259271,0.05880546628964298
2026-05-26,0.8776408225526809,0.8683613304442737,0.8648899769550868,0.8531437556522784,0.05505371759788254
2026-05-27,0.8554835089895562,0.8532413156589329,0.8660365966697539,0.8528618818627437,0.038582399390832606
2026-05-28,0.8614109431911564,0.8508157296810859,0.8592524300246414,0.8562443673371632,0.037483856583663475
2026-05-29,0.8534136113318546,0.8499757807083801,0.8342178995877478,0.826647619435991,0.08781419011077601
2026-06-01,0.8215654132803992,0.8210442049818467,0.8232294606555237,0.8158424575038169,0.04864457818506729
2026-06-02,0.8135210382925132,0.8078794047496378,0.8152986742957447,0.8013729363076884,0.05155556119077659
2026-06-03,0.8062763964905574,0.8332701289178981,0.8174963620821893,0.8373588234383199,0.06504231322145443
2026-06-04,0.8702080082363884,0.8579832942481753,0.8588224476316413,0.8453452474751443,0.04055911704460753
2026-06-05,0.8556716815038926,0.8668680878261301,0.8666099065270871,0.8560564514774732,0.0742327644098301
2026-06-08,0.854683775803626,0.8602418237081177,0.8670876647415318,0.8649824548127475,0.03235016042623168
2026-06-09,0.8747711917090489,0.8632283089444048,0.8656543900981981,0.8560564514774732,0.043221585334626805
2026-06-10,0.8684674124787756,0.8662073279676015,0.8611634628824194,0.8721232574809669,0.039444898833058226
2026-06-11,0.8765588305952458,0.8759208711986259,0.8796049299599784,0.8712776361123619,0.039501537207099716
2026-06-12,0.8767470031095824,0.8735876796077766,0.8802737914602008,0.8763513643239914,0.020748805629084915
2026-06-15,0.8687496712502804,0.8724677476441687,0.8711963853857545,0.8742842898674016,0.03530553302690058
2026-06-16,0.8819217472538367,0.8860002588710956,0.8836180989613123,0.8762574063941465,0.0410245657580352
2026-06-17,0.8672442911355883,0.8679880197897378,0.8603990497393084,0.849009606739099,0.037723510012090386
2026-06-18,0.8542603876463689,0.8443761208903413,0.8541404171300848,0.8400836034038247,0.07396037093412075
2026-06-22,0.8425466486289207,0.8436294995812696,0.8555736917734185,0.8400836034038247,0.02633283519348947
2026-06-23,0.8684674124787756,0.8608951173535555,0.8497928173786398,0.8611301796891028,0.04188230803665974
2026-06-24,0.8670561186212519,0.8622950323080651,0.8745406928868664,0.8571839466356131,0.03500620104224392
2026-06-25,0.847392090873086,0.845309397526681,0.8406198596613046,0.8269294932255259,0.03452818559021344
2026-06-26,0.8456985382440575,0.8387764610723025,0.8378488620175264,0.8260838718569209,0.07422746916088593
2026-06-29,0.8379834651562602,0.8286970733998329,0.8293447658004138,0.8158424575038169,0.03443609472959201
2026-06-30,0.8144619008641957,0.8082583150639917,0.8172097071535227,0.8032520949045882,0.040959188388854
2026-07-01,0.7783327781115846,0.7718605262467402,0.762936373992624,0.7615347740534119,0.08341264222121472
2026-07-02,0.7708058775381242,0.7880995397190524,0.7811867377844051,0.7899100688665993,0.056838172466898915
2026-07-06,0.7902817327719535,0.7873529184099808,0.7831933222850722,0.7787290752150454,0.05683092788150741
2026-07-07,0.8050344578959364,0.7978989444006201,0.801634789362631,0.7870913309712496,0.03339519309187644
2026-07-08,0.8067468277763986,0.8012587402914433,0.8065079231499652,0.8017487680270682,0.03327446141594967
