Date,Open,High,Low,Close,Volume
2019-01-02,215.5855901972,216.7735107962,212.479397816,214.2568790086,4063606
2019-01-03,214.2480795968,214.2480795968,207.7805118909,208.4140695437,4623172
2019-01-04,211.0098960379,214.2304807731,210.1299548534,210.8515066247,5367608
2019-01-07,211.5378607486,212.9281678201,209.6283883783,211.2562795696,4132953
2019-01-08,213.2361472346,215.4008025485,210.9307013313,214.0808907717,3618666
2019-01-09,215.3744043129,217.0198943279,212.9985631148,214.3888701863,3425451
2019-01-10,213.0161619385,215.708781963,212.4266013449,215.4711978432,3374481
2019-01-11,214.2216813613,218.0142278664,214.0632919481,217.9350331598,3967094
2019-01-14,216.9846966805,219.9149008248,216.562324912,218.2782102217,4955469
2019-01-15,219.9852961196,226.0744891162,217.3454725662,226.030492057,5325776
2019-01-16,227.6671826601,230.7117791584,227.1744155968,230.0694220937,6069471
2019-01-17,229.655849737,230.3158056254,226.9280320651,228.5823214919,3583901
2019-01-18,231.072555044,234.2931397792,229.1542832619,233.624384479,4844751
2019-01-22,232.3572691734,235.384266848,232.0756879943,233.7915733041,4052696
2019-01-23,235.6042521441,237.1177509814,232.0140921114,234.9618950794,2971227
2019-01-24,234.7683080188,235.9650280297,232.5332574103,234.1787474252,2927350
2019-01-25,236.5281903878,237.9448956948,233.8003727159,235.8682344994,2809188
2019-01-28,234.8563021373,234.8827003728,232.8412368248,234.7419097833,2837679
2019-01-29,234.0643550712,236.2202109732,233.5715880079,235.2434762584,2173024
2019-01-30,237.311338042,239.7311762993,235.1114850808,237.9096980474,3659233
2019-01-31,238.0064915777,239.1152174702,236.6953792128,237.7601080461,4055122
2019-02-01,236.2378097969,237.0473556866,234.0907533068,236.457795093,3946753
2019-02-04,236.0970192074,236.4313968575,232.5420568221,236.0090250889,3398925
2019-02-05,237.6897127513,239.4231968847,233.9235644817,234.3371368384,3597224
2019-02-06,233.3076056526,237.5225239262,233.1668150631,237.1441492169,2569965
2019-02-07,236.3873997983,238.0944856962,235.1730809637,236.7041786247,2458498
2019-02-08,235.384266848,236.4401962693,229.0662891434,230.4565962149,4547448
2019-02-11,229.8142391502,229.8230385621,225.5641232292,226.2680761768,4856174
2019-02-12,228.0983538405,232.3044727023,226.0744891162,231.8645021101,4327961
2019-02-13,231.8821009337,234.3195380147,231.5565226955,232.1284844654,3066743
2019-02-14,231.6357174021,235.0058921386,231.1693485743,233.4747944776,3015655
2019-02-15,235.6394497915,238.5784533476,234.6099186056,238.5784533476,3673690
2019-02-19,238.613650995,239.7751733585,236.9505621563,237.9448956948,2486689
2019-02-20,236.8889662734,238.103285108,235.9826268534,237.1529486288,2802803
2019-02-21,237.1177509814,237.5313233381,233.2724080052,234.416331545,2554273
2019-02-22,234.5043256635,236.1674145022,234.020358012,235.041089786,3191090
2019-02-25,235.4546621427,235.9738274416,232.6388503524,232.832437413,3679125
2019-02-26,232.885233884,233.5627885961,231.2485432809,231.4069326941,3212929
2019-02-27,230.2014132714,230.2014132714,219.052558464,220.0556914144,8952928
2019-02-28,219.7213137643,221.7011814293,210.437934268,213.1393537044,11034345
2019-03-01,214.3184748916,218.2254137506,214.3184748916,216.5975225594,6921274
2019-03-04,218.3310066928,218.6213872837,206.355007172,207.6837183606,8646329
2019-03-05,208.1324883647,214.0016960651,206.7333818814,212.4442001686,6924867
2019-03-06,212.7169819358,212.7169819358,208.5724589569,210.3675389732,4878747
2019-03-07,211.4498666302,212.2242148725,207.2701460039,208.282078366,5033537
2019-03-08,207.7029744211,211.4657414678,207.2525023098,209.5931907309,4921739
2019-03-11,211.2890857379,215.5376560418,208.8247383059,214.7692036168,4539618
2019-03-12,216.3591051858,218.5938001689,215.2903380199,217.1805543298,4235832
2019-03-13,219.0177739207,223.2575114381,218.2404887091,222.8070393269,4882034
2019-03-14,223.469498314,225.2890523318,222.8865344053,223.7079835493,3865160
2019-03-15,224.6530917042,225.006403164,220.7666656466,222.0562524748,6466186
2019-03-18,223.1691835731,225.5098719942,221.1906393983,225.2360556129,3927379
2019-03-19,226.0751703299,228.9899898731,225.3597146238,227.1174391362,4164789
2019-03-20,227.3824227311,227.6120751799,220.7931640061,221.2613016903,4193496
2019-03-21,220.1042066595,223.434167168,219.6360689753,222.6038852375,2699799
2019-03-22,221.3231311958,221.8795967449,218.1609936307,218.2493214956,3778238
2019-03-25,218.54080345,218.54080345,212.6758332175,218.0461674063,4110942
2019-03-26,218.399478866,218.9559444152,213.506115148,214.9811904926,4416183
2019-03-27,214.5837151004,217.0038985999,210.3616431559,213.4972823615,4819232
2019-03-28,214.2745675731,214.5042200219,211.00643657,213.9565872592,3601531
2019-03-29,215.7761412771,218.8411181908,213.6386069454,218.399478866,4294167
2019-04-01,220.5635115572,220.9963180955,214.6897085383,216.880239589,4809459
2019-04-02,216.8537412295,217.6398592275,214.4600560894,215.8821347151,4057091
2019-04-03,217.5603641491,218.6467968879,216.041124872,217.1452231838,2851456
2019-04-04,216.82724287,220.0335443675,216.0852888045,218.5143050905,2255521
2019-04-05,219.8922197836,220.2102000974,216.5534264887,219.7420624132,3343112
2019-04-08,220.5370131977,220.5370131977,217.5603641491,219.7155640537,2195490
2019-04-09,218.6732952474,220.7666656466,217.2423838352,219.7508951997,2904072
2019-04-10,219.7420624132,220.7048361411,216.862574016,217.3130461272,2753784
2019-04-11,217.3307117002,218.0991641252,205.5212761569,207.9414596564,8223350
2019-04-12,208.8954005978,209.1427186197,195.0014274418,197.165460133,13979434
2019-04-15,199.4178206891,204.0108696663,198.2165617258,203.3307451062,10021785
2019-04-16,210.2291513585,210.2291513585,190.6291981269,195.1692503852,27361432
2019-04-17,197.6689289632,198.0664043554,183.7837885936,191.5301423494,22101404
2019-04-18,191.7951259442,196.9711388301,189.2071195013,195.8670405183,13927214
2019-04-22,197.8544174796,200.9988894716,195.6462208559,200.6014140794,11191845
2019-04-23,201.6083517398,204.8676499563,199.7093026434,203.666390993,10261445
2019-04-24,203.2335844548,204.5938335749,201.166712415,203.4632369036,6104122
2019-04-25,201.8556697616,205.0266401132,201.5023583018,203.8518795094,5954533
2019-04-26,205.0443056862,209.434200574,204.2051909692,209.3370399226,6186619
2019-04-29,209.6903513823,210.273315291,206.8285285581,209.7345153148,5345317
2019-04-30,210.290980864,210.290980864,203.3219123197,205.8657548302,7632279
2019-05-01,205.8657548302,207.2348367368,203.4632369036,204.8764827428,4823160
2019-05-02,203.9490401608,206.1042400655,201.4581943694,205.3181220675,5499206
2019-05-03,205.6626007408,206.5988761092,200.6632435848,204.8764827428,4323138
2019-05-06,201.5376894478,212.4903447011,200.9458927527,212.4285151957,7180213
2019-05-07,211.2714201649,214.7692036168,208.8070727329,210.2644825045,5104669
2019-05-08,210.220318572,212.702331577,208.0386203079,211.2360890189,3768388
2019-05-09,208.9837284628,212.4638463417,208.1622793188,210.1938202125,4299681
2019-05-10,211.9603775115,214.3010659325,208.7805743734,212.5080102741,4374392
2019-05-13,208.8512366654,212.0752037359,208.630417003,211.5894004787,4684437
2019-05-14,212.5521742066,212.8613217339,208.7010792949,208.8335710924,5329698
2019-05-15,207.5704826236,209.8051776068,205.4682794379,208.5244235651,5099948
2019-05-16,208.3566006217,212.3843512632,208.2064432512,209.1515514062,4456363
2019-05-17,208.6039186435,214.1420757756,208.1446137458,213.2058004072,4486406
2019-05-20,211.9868758709,217.9401739683,211.7837217816,217.2777149812,5390767
2019-05-21,218.1786592037,221.8619311719,217.9931706873,220.7666656466,5345383
2019-05-22,220.0247115811,221.7294393745,219.6802329078,220.2366984569,4038028
2019-05-23,219.0354394937,219.1855968641,215.8644691421,217.7281870925,3934570
2019-05-24,218.3906460795,220.2543640299,216.8537412295,218.7262919663,2974038
2019-05-28,219.4947443914,220.2013673109,213.7357675969,213.8064298888,6172696
2019-05-29,211.8543840735,214.6632101788,210.1319907071,214.1067446297,3958382
2019-05-30,213.6827708779,216.7124166456,213.1704692612,215.0783511441,2646971
2019-05-31,213.7092692374,215.184344582,211.5275709732,213.57677744,3285843
2019-06-03,213.3029610586,215.3433347389,208.4714268461,208.9483973168,4999517
2019-06-04,210.3351447965,212.9143184529,207.4203252532,212.6581676445,4992042
2019-06-05,214.7868691897,217.1010592513,213.0733086098,214.43355773,3194422
2019-06-06,214.7515380438,215.4669937498,213.5149479345,213.594443013,2630136
2019-06-07,214.5483839544,218.2316559226,213.9212561133,217.9666723278,2837457
2019-06-10,218.2404887091,220.5281804112,217.2777149812,219.1767640776,2330953
2019-06-11,219.5124099644,221.4291246337,217.0480625324,217.1717215433,3043114
2019-06-12,217.4632034976,217.7281870925,214.0184167647,215.9616297935,3251825
2019-06-13,216.2442789614,216.7035838591,214.7427052573,216.3679379723,3108249
2019-06-14,217.1073649905,218.3316546427,215.3951338102,217.68402316,2165579
2019-06-17,218.2429380012,219.2188210573,217.5509481978,218.2163230088,2270430
2019-06-18,219.5736876232,221.2060738261,217.4888465488,217.9767880768,3482480
2019-06-19,218.2429380012,223.0070216478,217.808226458,221.9601652785,4204589
2019-06-20,223.2110699232,224.293412949,219.4849709817,219.804350891,3800826
2019-06-21,220.7092606339,224.8878144468,219.0413877744,223.8143430851,6323527
2019-06-24,222.9715349912,224.1248513303,219.8930675324,221.4722237505,3163758
2019-06-25,221.1705871695,222.714256731,219.50271431,219.7156342495,3183010
2019-06-26,220.0172708305,220.0882441437,215.6967703912,215.9984069722,3852920
2019-06-27,216.6992684397,220.1503457927,215.7233853836,218.5445745822,3366173
2019-06-28,218.6865212085,218.9083128122,211.7222648536,216.4774768361,6727648
2019-07-01,218.1985796805,218.3937562917,213.5586993319,215.262058848,4109079
2019-07-02,215.2177005273,216.4597335078,212.5118429626,216.4419901795,3864785
2019-07-03,216.7524984246,219.5914309515,216.5040918285,217.5420765336,2559448
2019-07-05,216.8146000736,220.6915173056,216.5218351568,219.1212327517,2965094
2019-07-08,218.6066762312,219.9995275022,217.2493116168,219.8753242041,1902630
2019-07-09,217.0275200131,218.3139113144,216.1935835834,218.2429380012,2775012
2019-07-10,218.9704144612,221.0020255507,217.7816114656,219.5559442949,2753028
2019-07-11,226.9371688647,232.1625790469,220.9487955659,231.6923808471,10268790
2019-07-12,232.109349062,236.4475928296,232.109349062,235.8975496525,5336201
2019-07-15,235.1523298642,237.4500908781,234.4337250684,235.9507796374,2611403
2019-07-16,235.3918647962,236.9976360067,233.4933286688,234.7974632984,3121564
2019-07-17,234.2119334647,238.3727439494,233.7683502574,236.5629244635,3995150
2019-07-18,235.6668863847,236.4387211654,228.23243183,231.1955676549,5827020
2019-07-19,231.6391508623,233.076360454,227.4694687134,227.6912603171,4413227
2019-07-22,229.0131382749,229.7317430708,225.8104675181,226.5113289856,4104305
2019-07-23,225.7572375332,227.2033187891,223.5836798173,226.2363073971,2889283
2019-07-24,224.2667979566,224.3022846132,217.4711032205,222.7941017083,4864203
2019-07-25,222.7941017083,224.2313113,220.2745490907,220.6382873207,3362958
2019-07-26,220.9221805734,225.2338093486,218.6953928727,224.3998729188,3362651
2019-07-29,224.3111562773,226.4935856573,223.86757307,225.1805793637,2005512
2019-07-30,224.1514663227,226.2806657178,222.2085718746,226.1653340839,1908834
2019-07-31,227.3984954003,228.1437151886,220.4431107095,220.9133089093,3532351
2019-08-01,221.0729988639,223.1933265949,219.3785110119,221.1262288488,3613635
2019-08-02,221.5165820712,223.1844549307,218.3316546427,221.8359619805,2677632
2019-08-05,220.1326024644,221.7383736749,215.2177005273,217.4090015714,5812447
2019-08-06,218.1808363522,220.2656774266,216.0871236136,220.2656774266,3532969
2019-08-07,218.4824729332,219.1655910724,214.0377691958,218.6421628878,3205805
2019-08-08,218.41149962,219.7245059136,215.9096903307,219.6801475929,2830705
2019-08-09,219.7688642344,222.1642135539,218.3671412993,220.5761856717,2535030
2019-08-12,218.9437994688,219.9817841739,215.6080537497,215.7588720402,3550184
2019-08-13,214.41037909,222.1997002105,214.2595607995,221.0996138563,2774735
2019-08-14,218.8905694839,220.3810090605,215.5903104214,215.7588720402,3464315
2019-08-15,216.779113417,217.5864348544,214.2063308146,216.6903967756,2513465
2019-08-16,217.6928948241,219.2276927215,216.6282951266,217.9679164127,2810022
2019-08-19,219.564815959,220.4519823737,216.5484501492,217.0984933263,2672254
2019-08-20,216.654910119,217.0009050207,212.8489662002,213.0618861397,3201507
2019-08-21,213.0885011321,214.596684037,212.2989230231,213.2304477585,2761928
2019-08-22,213.2304477585,213.2304477585,206.4170096941,206.656544626,4498791
2019-08-23,206.6210579694,208.5728240816,203.4982321899,204.6338052006,4827798
2019-08-26,206.2839347319,208.0937542177,204.4563719177,205.0064150948,2918839
2019-08-27,205.5742016002,206.1774747621,197.4832438986,197.7760088155,4988764
2019-08-28,197.323553944,203.8442270916,195.868601024,201.6972843682,4847412
2019-08-29,202.6465524318,206.0887581206,202.2828142018,204.5983185441,4052586
2019-08-30,207.3041761087,208.5284657609,206.0798864565,207.5969410255,3384133
2019-09-03,205.5919449284,205.9734264867,202.6909107526,204.5983185441,3381979
2019-09-04,205.7782498755,206.6654162902,200.9431929157,201.1472411911,4526047
2019-09-05,204.048275367,205.3878966531,201.9013326436,203.684537137,4256911
2019-09-06,204.1990936575,205.7871215397,202.7973707223,203.1611089523,4183195
2019-09-09,203.1611089523,205.8226081963,202.7707557299,204.6515485289,3895558
2019-09-10,205.3346666682,207.8542192858,204.7846234911,206.230704747,4257570
2019-09-11,206.2573197394,207.8187326292,202.7884990582,207.7832459726,3167732
2019-09-12,208.4841074402,209.7261404207,203.7821254426,204.1369920084,4710026
2019-09-13,207.6564997756,210.8383260522,206.3641613719,208.2090858516,4523112
2019-09-16,207.5049842386,210.3837794413,206.9078347693,208.9399255006,2973582
2019-09-17,207.7278012047,208.5477676402,206.034392262,207.2376038792,2408251
2019-09-18,205.7046231521,207.7812772766,204.3053326046,205.5352822578,2977007
2019-09-19,206.7741445896,208.5121169256,206.0878683339,207.5317222745,2725773
2019-09-20,209.2429565746,209.4479481834,206.7028431604,207.5673729891,6253041
2019-09-23,204.7866172515,205.6867977948,203.4942788478,203.8953493869,3483928
2019-09-24,204.4390227843,204.8490060021,198.6814323789,200.5352695373,5047174
2019-09-25,199.8935566748,201.8721713343,197.9773307659,198.0129814805,4672081
2019-09-26,198.7883845227,199.3142325628,190.2233003438,192.0503994662,10455488
2019-09-27,194.4568227007,195.0807102059,191.6404162485,191.854320536,4834816
2019-09-30,190.4104665954,194.7687664533,189.9470073058,193.6903323371,5329871
2019-10-01,195.357003244,195.357003244,189.0200887266,193.592292872,5529703
2019-10-02,192.6475489355,195.5085187809,191.8721458933,193.1823096543,4925322
2019-10-03,192.1840896459,192.8347151871,189.8846185552,191.9434473225,3858573
2019-10-04,193.2625237621,195.9541527132,191.7473683923,195.9006766414,3711041
2019-10-07,195.2322257429,198.3338379118,195.178749671,197.1841023664,3874304
2019-10-08,195.6243836033,197.8436405862,194.6529016309,196.1769696794,4876735
2019-10-09,197.6029982628,199.1716297045,196.2304457513,197.9327673727,4501243
2019-10-10,194.4657353793,199.7598664951,193.8685859101,199.4033593493,5300342
2019-10-11,201.0165541842,203.9666508161,197.496046119,197.923854694,5918800
2019-10-14,197.5316968336,199.0557648821,195.9898034278,196.6047782544,4291254
2019-10-15,207.3891194162,213.7616846482,205.9630908328,212.6475998174,13467446
2019-10-16,210.5976837288,211.6582924877,208.627981748,211.221571234,5395723
2019-10-17,212.7367266039,218.0130323623,211.4711262361,217.1752405696,6627446
2019-10-18,217.870429504,219.6173145186,215.4729189482,218.6636579035,4922121
2019-10-21,218.3784521868,218.8953875483,215.8205134154,217.3980575358,3179077
2019-10-22,217.1485025337,224.1538679495,216.71178128,222.353506863,5797356
2019-10-23,221.3820248906,224.3766849157,219.9025202353,220.8561768505,3910170
2019-10-24,221.0611684593,221.471151677,217.3891448571,217.9239055759,2558234
2019-10-25,217.3891448571,219.3231961233,215.8205134154,218.2804127217,2814949
2019-10-28,218.5923564743,221.3820248906,218.2893254004,220.187725952,2954092
2019-10-29,220.1788132734,225.6690233194,219.5281877322,224.8579695626,3510607
2019-10-30,224.7510174188,227.5228604777,224.5816765245,227.0950519027,3299164
2019-10-31,226.7207193996,227.9150183382,222.7367520448,225.223389387,3960344
2019-11-01,226.3731249324,228.4586917356,224.7421047402,224.7866681334,2918412
2019-11-04,226.0522685011,226.2305220741,222.7367520448,223.9310509834,3185927
2019-11-05,226.1503079662,226.6226799345,222.8971802604,223.084346512,5391566
2019-11-06,222.5584984719,224.5905892032,222.0059123958,223.2804254422,3667273
2019-11-07,224.5549384886,228.8330242387,223.939963662,228.574556558,3643880
2019-11-08,228.850849596,230.2501401434,227.2733054757,229.0291031689,2200245
2019-11-11,227.3178688689,228.574556558,225.7848881418,226.4622517189,1753781
2019-11-12,226.0166177866,227.9506690528,225.8561895709,227.4961224418,1892490
2019-11-13,227.1574406533,228.9488890611,225.6601106407,225.9987924293,3423640
2019-11-14,226.2037840381,228.2358747694,225.9096656428,228.0130578033,2101895
2019-11-15,228.2626128054,245.6066854507,227.5941619069,240.107562726,10135764
2019-11-18,239.7510555802,248.1735369008,239.7510555802,243.2537382881,6985184
2019-11-19,245.3125670554,245.4195191991,242.023788635,244.4123865121,3996075
2019-11-20,242.6476761402,246.0166686684,241.7474955969,245.597772772,4141566
2019-11-21,245.2947416981,247.487260645,244.1271807954,246.480127958,3309835
2019-11-22,246.4623026007,247.5674747528,245.0986627679,246.7385956387,2802656
2019-11-25,247.5763874315,252.2288056847,246.8901111757,251.9346872894,4082902
2019-11-26,250.1878022748,251.5603547863,249.6976049492,250.8027771014,3000164
2019-11-27,250.4551826342,251.2751490696,248.3874411883,250.1521515602,2323945
2019-11-29,247.8615931482,250.3749685264,247.1753168924,249.4391372685,1520936
2019-12-02,251.1414588899,251.3375378201,248.2804890445,249.2519710169,2517060
2019-12-03,246.8544604611,248.1467988648,244.0737047236,246.7920717106,3256979
2019-12-04,250.9988560316,251.1949349618,248.342877795,248.948939943,2694083
2019-12-05,248.8776385138,252.0683774691,247.3090070721,251.3375378201,3357292
2019-12-06,253.0578759734,253.2368166296,249.7206327356,250.686912279,2828890
2019-12-09,251.2058401819,251.29531051,248.2085841908,248.3159485845,2697049
2019-12-10,248.3696307814,250.1590373432,245.1576460029,250.0874610808,2515210
2019-12-11,248.995923078,251.107422821,248.7543531922,250.964270296,2546407
2019-12-12,251.4384630349,254.0867847464,250.5527067868,253.7467974997,2995769
2019-12-13,254.9635939617,257.5045512795,254.203096173,255.419892635,3599254
2019-12-16,257.6477038045,264.3311373129,256.8335238188,261.280199125,4663327
2019-12-17,260.5733835331,261.9512265857,258.7213477416,259.8844620068,4409072
2019-12-18,260.3586547456,263.81220941,260.3497077128,262.0585909794,3535608
2019-12-19,263.9374678693,265.9058150873,262.7027773416,263.5974806225,2905870
2019-12-20,267.4268106648,268.4109842738,261.7096566998,261.7812329623,6606636
2019-12-23,262.5327837183,264.6979656581,261.9780676841,264.0179911646,2098935
2019-12-24,264.1700907223,264.6800715924,262.6490951448,263.5259043601,714032
2019-12-26,264.2058788536,265.0647940032,263.5259043601,264.5190250019,1050578
2019-12-27,264.841118183,265.3153109219,263.9464149021,264.8053300518,1547073
2019-12-30,264.8769063142,265.3153109219,262.5506777839,262.9085590962,1511688
2019-12-31,262.7385654729,263.1232878837,260.4928602378,263.0248705228,2224187
2020-01-02,263.0248705228,264.5637601659,259.2760637757,261.700709667,2543430
2020-01-03,257.0214115078,261.1459936328,254.4178249604,259.0523879555,2711442
2020-01-06,257.6745449029,260.949158911,256.9766763438,260.8507415501,3075610
2020-01-07,260.0902437614,260.7970593533,257.2987695249,259.2760637757,2496065
2020-01-08,260.8060063861,266.0668616779,259.499739596,264.7427008221,3379131
2020-01-09,263.3022285398,265.9058150873,262.7922476697,263.2395993102,2838201
2020-01-10,264.8948003799,264.8948003799,261.4412457155,264.0537792958,2477918
2020-01-13,263.3738048023,263.4453810648,255.0083291258,255.7509328489,6994688
2020-01-14,255.5272570287,257.8892736903,254.3194075995,257.8892736903,6052841
2020-01-15,258.5871422494,268.0888910927,258.5692481838,265.1989994954,6081200
2020-01-16,266.621577712,269.296740522,264.7695419205,269.0730647017,3709349
2020-01-17,268.4199313067,269.0372765705,264.7248067565,267.0420882541,4363150
2020-01-21,265.6284570702,270.6835306074,264.841118183,268.8851770127,4962781
2020-01-22,270.1914438029,270.3167022622,266.0400205794,268.9388592096,3117557
2020-01-23,268.4199313067,268.9299121768,265.4137282828,267.9278445022,3169596
2020-01-24,266.9257768275,268.3483550442,260.8596885829,261.9780676841,3677979
2020-01-27,257.6745449029,257.7461211654,250.5795478853,254.1762550745,4399151
2020-01-28,254.015208484,258.0055851168,253.4694394826,255.7688269146,4340903
2020-01-29,254.0957317792,256.0551319644,251.3132045756,253.1115581702,3962202
2020-01-30,252.1631726925,252.1631726925,246.8665292695,251.3937278709,4211121
2020-01-31,248.8796116515,249.4253806529,242.6256357179,243.7619088847,5532583
2020-02-03,246.1597136775,247.6986033207,242.3035425368,245.1665930357,5646834
2020-02-04,248.0833257315,253.6483801388,247.7254444191,251.2684694116,4290155
2020-02-05,255.5272570287,265.7268744311,255.3841045038,264.5906012644,5760323
2020-02-06,265.7268744311,265.968444317,259.4639514647,261.6649215358,3043940
2020-02-07,262.0317498809,262.496995587,258.4887248885,258.7660829056,3425916
2020-02-10,256.0909200957,258.8287121353,255.3930515366,256.8066827204,3145784
2020-02-11,256.6456361298,260.8686356158,255.795668013,260.1707670566,2990166
2020-02-12,263.9374678693,272.8845006784,263.0517116212,271.5245516914,6701787
2020-02-13,268.5362427332,273.6897336312,268.5362427332,270.3793314919,3565456
2020-02-14,270.3882785247,271.9629562991,266.0042324482,267.3194462711,2485560
2020-02-18,268.1157321911,271.4082402649,267.5162809929,270.325649295,3241661
2020-02-19,271.4261343305,274.4144432888,270.8535242307,273.1618586955,3020954
2020-02-20,271.2740347728,272.1329499224,266.5231603511,270.3167022622,2883665
2020-02-21,268.8314948159,270.6566895089,267.1673467134,269.6904099656,2987070
2020-02-24,256.6814242611,258.560301151,248.4054189126,248.5396244048,8783911
2020-02-25,250.6511241477,252.2884311518,234.421206632,235.6558971596,8167844
2020-02-26,236.8458525232,241.4177862887,231.468685805,235.3069628801,6806558
2020-02-27,231.2092218535,234.5464650913,225.5278560197,227.1830570894,7600729
2020-02-28,220.2759477607,230.0282135227,219.4707148079,228.1135485015,9959339
2020-03-02,230.2429423101,244.4687244766,223.9621252781,244.3524130501,8863396
2020-03-03,246.3565483993,250.8300648039,231.933931511,233.8754376306,9179952
2020-03-04,259.4639514647,264.6890186253,252.4942129064,258.9450235618,14530318
2020-03-05,251.9484439051,258.9450235618,250.4632364587,253.1652403671,5907644
2020-03-06,246.419177629,254.9635939617,243.2698220802,253.9794203527,5361322
2020-03-09,236.6132296702,251.8052913801,231.9428785438,244.6476651328,8057145
2020-03-10,250.2664017369,254.0062614512,243.8066440487,250.5169186556,7363915
2020-03-11,245.8286734636,255.2051638476,244.4866185422,248.530677372,7724616
2020-03-12,232.6228530373,243.5650741629,223.6758202282,224.0426485734,10361301
2020-03-13,234.4356394943,245.421301286,217.6203010855,244.3613600829,9302268
2020-03-16,219.1024222593,220.6833515114,201.1642647793,202.1433630093,10294054
2020-03-17,207.3352783941,223.4499777026,205.0626925942,219.3718988364,9640576
2020-03-18,202.7811242417,207.901179206,179.8217198757,194.9752860594,12655441
2020-03-19,194.9034256388,203.1134786868,187.6814533735,197.4365054633,8062892
2020-03-20,200.4726082315,208.9701029617,182.7590145658,185.5705535198,9362637
2020-03-23,181.483492101,184.816019104,168.6204768224,175.0340193566,10651402
2020-03-24,181.5733176267,197.858685434,178.7527961201,197.4365054633,8885537
2020-03-25,196.7987442309,222.3271586315,194.0231354871,210.6318751869,10012757
2020-03-26,210.2186777687,231.713926066,208.6646961743,229.4054100558,7517518
2020-03-27,218.2221321076,226.0010226322,214.0003324002,217.7819870317,4879463
2020-03-30,217.9526555305,228.2376782218,217.9526555305,225.71358095,5327921
2020-03-31,218.7071899463,228.6329105349,218.276027423,224.0068959619,5449215
2020-04-01,214.4045472658,221.5187289003,211.4852176809,213.1739375639,4546746
2020-04-02,211.359461945,217.3777721661,203.0326357136,215.9764939654,4336650
2020-04-03,214.0721928208,214.9884131828,204.1464722322,206.1405989025,4649266
2020-04-06,215.5812616523,223.9260529888,211.1977759987,223.0727104947,6365311
2020-04-07,233.3756982912,239.5736595637,221.4558510324,222.8032339177,4982587
2020-04-08,222.4888445778,241.7743849431,221.2043395604,240.5797054514,6385882
2020-04-09,238.0376430744,242.8882214616,234.983575201,237.256161001,4922000
2020-04-13,235.3967726192,238.0017128642,231.9115422225,236.6992427417,2964686
2020-04-14,241.630664102,245.2865629975,239.8341535882,242.9780469873,4772207
2020-04-15,248.2148751349,254.1972551458,243.1397329335,253.0205407593,7839788
2020-04-16,254.6014700114,269.4765770654,251.5204544803,268.0663163121,7735550
2020-04-17,270.3658497697,273.0695980929,257.8890842516,260.9970474404,5856978
2020-04-20,256.2722247892,259.6047517922,252.652256104,253.4337381774,4071143
2020-04-21,246.9752828804,251.5114719277,245.4482489437,246.2926088852,3975331
2020-04-22,251.1342047198,254.942807009,248.5562121326,248.8346712622,3663332
2020-04-23,250.6671119862,259.110711401,250.2000192527,256.2991724469,4417842
2020-04-24,258.0597527504,262.2007094846,255.1044929553,261.6527737779,3264950
2020-04-27,263.3774238712,266.6560555588,261.0599253084,264.069080419,3705579
2020-04-28,267.6800665516,267.9046303659,256.5596664714,259.0208858753,3861362
2020-04-29,262.2905350103,262.964226453,256.9908289947,258.3831246429,4254069
2020-04-30,257.484869386,264.985300781,256.4698409457,262.7127149811,7629191
2020-05-01,259.047833533,259.5957692397,251.152169825,255.5626031363,3526099
2020-05-04,255.5446380311,258.6436186674,253.4067905197,258.2843165646,2894192
2020-05-05,260.4580942863,265.8835560379,258.0597527504,263.2247204775,2500455
2020-05-06,265.0751263067,267.3926248694,259.0927462958,259.3891705306,2578448
2020-05-07,261.4461750689,262.5510290348,255.5715856888,256.0027482121,3162328
2020-05-08,260.0359143156,260.4940244966,256.5955966817,257.7992587259,3199949
2020-05-11,256.505771156,260.5838500223,256.2362945789,259.31731011,3490697
2020-05-12,262.0839363012,263.3235285557,258.4280374057,258.4280374057,4211716
2020-05-13,255.5446380311,257.2603055718,247.5232185871,249.7149614139,5472173
2020-05-14,247.8555730322,262.6947498759,247.5950790077,261.0419602033,5704273
2020-05-15,262.6588196657,269.4765770654,261.1407682815,261.3563495432,12182186
2020-05-18,268.1112290749,269.2250655935,262.3085001155,263.5121621597,4014769
2020-05-19,261.1587333867,264.6529463359,259.4879786089,259.6406820025,3058582
2020-05-20,263.0989647415,263.0989647415,257.5297821488,258.6885314302,3199609
2020-05-21,256.9369336793,260.61079768,255.9398703442,257.7184157528,3604782
2020-05-22,258.068735303,260.7096057582,255.8141146082,260.4401291811,2922192
2020-05-26,266.3326836663,266.8087589525,262.7396626388,264.8864927027,4567935
2020-05-27,267.1590785026,272.8899470416,261.2126287021,272.8629993839,5617624
2020-05-28,274.8211958439,278.1537228469,272.4318368606,273.0426504352,4387457
2020-05-29,273.7163418779,276.9949735655,270.2400940338,273.8331150613,6251466
2020-06-01,273.0875631981,274.8481435016,269.9796000093,274.8032307387,2893945
2020-06-02,274.4888413988,276.7524446462,271.0305586598,275.1445677364,2756763
2020-06-03,276.527880832,278.5669202651,271.9377964693,274.2822426897,4360043
2020-06-04,272.3330287823,273.4917780637,264.3475395486,267.7519269722,4373644
2020-06-05,273.0695980929,282.3036621337,269.9257046939,280.1209018595,5553228
2020-06-08,277.2375024849,283.7049403345,276.5997412525,277.9920369007,4633521
2020-06-09,278.3693041086,280.839506065,276.0607880984,277.7495079813,3061520
2020-06-10,277.506979062,278.7375887639,272.0455871001,274.6415447925,3293695
2020-06-11,272.4947147285,272.4947147285,252.2300761332,254.8619640359,6637443
2020-06-12,261.0778904135,264.1768710498,250.3437400938,256.1374865007,5416185
2020-06-15,249.7329265191,257.7992587259,245.8614463619,257.152514941,4494376
2020-06-16,265.380533094,267.2938167912,258.1944910389,263.1887902672,4245320
2020-06-17,265.0751263067,265.0751263067,261.5988784625,262.8294881645,2537809
2020-06-18,260.880274257,262.0929188538,257.4399566232,261.8234422768,2922872
2020-06-19,265.6084127791,267.4938238537,262.4329836007,262.7306800862,5172840
2020-06-22,261.4226197713,264.3183946754,258.2381694873,264.0206981899,2170290
2020-06-23,265.229526343,269.9836490049,262.5773212907,268.4681032607,4023359
2020-06-24,265.2114841318,268.0170479797,257.6157131995,260.8723323284,3398554
2020-06-25,260.0604328226,267.7283725999,258.0577473749,267.2231906851,3111352
2020-06-26,266.2489112781,267.5479504875,257.84124084,258.7974780357,5043217
2020-06-29,260.2137916181,263.6688750707,258.5584187368,261.3955564544,2356713
2020-06-30,260.3220448856,267.4306761144,259.5011242741,266.0775102713,2931403
2020-07-01,266.8713675659,270.9940128344,266.3391223343,268.5853776338,2306448
2020-07-02,271.0842238906,273.4116691407,268.0892168247,269.0634962317,1971686
2020-07-06,273.3395002957,273.7815344711,270.028754533,273.1680992889,2394544
2020-07-07,271.2285615805,273.8446822104,266.9796208334,267.6110982268,2075305
2020-07-08,268.2425756202,271.4180047986,266.7360509816,269.1537072879,1986571
2020-07-09,266.2128268556,269.3251082947,259.3567865842,262.6585112412,3061029
2020-07-10,265.4370117723,265.4370117723,258.9959423594,262.7216589806,2391551
2020-07-13,263.4974740639,274.71070835,263.2087986841,270.3715565466,4261793
2020-07-14,268.6575464788,279.4197254838,267.6652248605,278.3191505981,4225643
2020-07-15,271.6435324391,280.2767305177,269.4243404565,274.3047585971,5114764
2020-07-16,275.1527425254,280.4210682077,273.4838379856,277.0832591281,3843930
2020-07-17,278.8333536185,280.5293214751,276.2713596223,276.5239505797,3016515
2020-07-20,276.7584993258,278.3913194431,272.7801917472,273.7544711542,2374932
2020-07-21,275.1707847366,276.9479425438,273.4387324575,275.2429535816,2339785
2020-07-22,275.0174259411,276.8658504827,272.2614781741,276.6863304808,1935771
2020-07-23,278.0304752183,278.3011083869,271.7788490234,273.3124369788,2367675
2020-07-24,273.6371967812,274.4942018151,269.9385434768,271.3458359536,2415759
2020-07-27,269.2168550272,272.5546641067,268.2606178315,269.3702138228,2060506
2020-07-28,268.7297153237,271.8961233964,268.1117695887,270.5700208703,2257492
2020-07-29,271.9502500302,279.4287465894,270.6331686096,276.659267164,2672724
2020-07-30,272.1487143538,276.4608028403,269.6318258857,275.351206849,2205343
2020-07-31,273.736428943,274.0070621116,268.8740530136,273.1410359721,3913650
2020-08-03,273.8717455273,275.0625314692,269.91148016,273.8897877385,2628889
2020-08-04,272.3561997831,278.6258681892,270.6963163489,274.6926661387,3595182
2020-08-05,276.7945837483,282.3245214935,275.161763631,281.8824873181,3014732
2020-08-06,281.458495354,285.283444137,280.0151184547,283.3168431118,3305601
2020-08-07,282.6673235071,287.7732692882,282.6673235071,285.996111481,2600751
2020-08-10,285.9690481641,289.0993718144,284.6898553872,287.8634803444,2563849
2020-08-11,291.3095426914,292.7980251187,283.858109449,284.6609878492,3018248
2020-08-12,286.8711587262,291.6433235993,286.5463989238,290.7231708261,2916495
2020-08-13,289.2888150324,290.3623266012,286.7268210363,290.0465879045,2159587
2020-08-14,289.1625195537,292.220674359,287.5251888837,292.0131889298,1787375
2020-08-17,289.9834401652,292.103399986,288.0890079849,289.1354562369,2700639
2020-08-18,290.4615587631,291.0840150509,284.8053255391,285.7976471574,2520285
2020-08-19,285.7615627349,288.2153034636,284.3272069413,284.5256712649,2066691
2020-08-20,284.0114682445,284.4174179975,281.4675164596,282.6583024015,2245791
2020-08-21,280.8089757493,284.418229897,279.7354641805,283.3890119567,2488477
2020-08-24,285.7976471574,285.8788371079,276.4878661572,278.607825978,2922446
2020-08-25,281.6389174664,281.7832551563,277.6696309935,281.6569596776,1879520
2020-08-26,280.5383425807,280.8811445943,273.8897877385,278.5897837667,3178972
2020-08-27,280.0241395604,283.9618521636,275.5857555952,281.1607988685,2321100
2020-08-28,281.7652129451,284.904557701,278.725100351,283.596497386,2883586
2020-08-31,284.0655948783,288.278451203,281.9456350575,281.9546561631,4341556
2020-09-01,279.7986119199,283.9122360827,279.6542742299,282.2072471205,2487188
2020-09-02,281.9636772687,289.8300813696,281.9636772687,288.8918863851,2846460
2020-09-03,290.4796009743,292.1214421972,283.0191466263,285.2744230314,3872533
2020-09-04,285.4999506719,286.7152740211,276.6141616359,281.458495354,2901147
2020-09-08,280.5834481088,280.9713556505,274.0882520622,277.1734701843,2594530
2020-09-09,279.3655988501,284.4489918671,278.2259625771,281.4765375652,2195680
2020-09-10,282.1170360643,283.6596451253,273.9890199004,274.782877195,2421619
2020-09-11,276.3479351882,277.6070679443,269.3004151575,273.095930444,3086088
2020-09-14,274.4818823266,281.8283331555,274.4818823266,279.5184133511,1795515
2020-09-15,280.8590726886,282.1363224628,277.2356690738,278.3045731402,1468486
2020-09-16,279.9713388029,282.8518540916,277.3715467094,277.6614189985,3438228
2020-09-17,275.8316001731,278.4404507757,273.6666165133,276.2664086069,2394205
2020-09-18,276.293584134,281.1670619958,275.1703290134,279.0201953541,3795806
2020-09-21,272.1810210312,272.2353720854,264.2004745697,271.0215318745,4124741
2020-09-22,270.3421436967,272.3168986668,265.3418467084,266.5556869193,3163604
2020-09-23,267.2260165881,268.2224525821,264.3499399688,264.6352830035,3710122
2020-09-24,264.6805755487,267.1626070248,262.3706557443,265.1063254734,2869110
2020-09-25,263.8290756992,274.7174035616,263.8019001721,274.0198983657,2455819
2020-09-28,277.5436583811,280.8228386524,274.3188291639,274.6811695254,2575710
2020-09-29,275.079743923,276.7374510768,272.371249721,275.5145523568,1797818
2020-09-30,275.3967917393,284.908226228,275.3696162122,282.4171362429,3497316
2020-10-01,283.4498062731,285.4970293154,280.0438068752,283.5947424177,2731236
2020-10-02,282.7160670411,287.5080183216,279.3281846613,282.6073649327,2338048
2020-10-05,285.4064442251,288.4410447524,283.6400349629,288.1964650084,1638618
2020-10-06,288.9211457314,290.1440444514,283.9751997972,284.8448166648,2434408
2020-10-07,286.0858324028,294.1660224637,286.0858324028,292.743836545,2596552
2020-10-08,292.9793577799,294.718591515,290.7690815749,292.0553898581,2056700
2020-10-09,294.0935543914,297.2730910634,293.4232247227,296.9741602652,2028946
2020-10-12,298.1336494219,302.157348551,298.0340058225,298.90362269,2424163
2020-10-13,297.5720218616,302.2824465608,296.8563996477,300.2171065004,2713530
2020-10-14,291.7474005509,299.4471332322,290.053459361,291.5481133521,4455722
2020-10-15,288.830560641,296.186069979,286.5478163637,294.0120278101,3172686
2020-10-16,294.8182351144,301.0595478408,294.1569639547,298.8402131268,3293344
2020-10-19,297.6082558978,299.637361922,291.7383420419,293.6949799938,2482339
2020-10-20,295.8690221627,297.6807239701,292.8434801444,292.9612407618,1988669
2020-10-21,292.9612407618,295.7512615452,291.8470441503,292.3996132016,2139034
2020-10-22,291.9738632768,297.173447464,291.9104537136,295.0628148584,2100739
2020-10-23,298.169883458,304.048855823,297.2368570272,299.4743087594,2349525
2020-10-26,295.5972668916,296.8926336838,288.5452176064,292.6441929455,2408460
2020-10-27,292.6441929455,293.0382380887,289.3559541652,290.3342731411,2427684
2020-10-28,283.8302636527,287.8884757012,278.4948018299,279.002078336,3301655
2020-10-29,277.7248285618,280.3382084189,273.0778134259,275.0888024321,3279189
2020-10-30,274.6811695254,278.2502220859,271.392930745,276.4113447515,3557355
2020-11-02,283.2052265291,283.2052265291,278.4223337576,282.7160670411,4519209
2020-11-03,287.5804863939,295.705969,285.3566224254,291.0951879002,4043876
2020-11-04,312.7269074803,326.5048997254,309.0228831351,321.1784964117,10344924
2020-11-05,324.3580330837,326.9940592134,316.7579440017,321.0335602671,4786472
2020-11-06,317.3739226162,318.8595180983,312.1290458839,314.7469549955,2994932
2020-11-09,331.8222445301,333.3078400121,316.1238483691,317.0478162909,4635344
2020-11-10,316.58583233,322.3923366227,315.3901091372,320.3904061255,3733236
2020-11-11,322.6278578576,323.216660945,316.5088350032,318.5877628272,2048494
2020-11-12,318.3160075561,326.5773677977,316.821353565,321.0426187762,2908228
2020-11-13,323.2619534902,324.2402724662,319.5751403122,322.1839909148,2442331
2020-11-16,325.1551818789,325.7258679482,317.9627257036,323.2257194541,2790381
2020-11-17,319.2127999507,320.0914753273,314.7831890317,318.9501031887,2557624
2020-11-18,320.1548848906,320.7165124508,310.7883865464,312.0746948297,2722477
2020-11-19,310.0637058235,310.7702695283,302.8531326301,305.271754543,3935570
2020-11-20,303.4600527356,305.8695255543,300.4798032625,303.1882974645,3702637
2020-11-23,303.9582707326,304.6005190233,300.371101154,303.5144037898,2538118
2020-11-24,304.5289568019,307.989307254,302.939188466,304.3749621483,3753225
2020-11-25,306.9204031877,306.9204031877,298.15176644,301.8204625999,3145335
2020-11-27,302.1284519072,306.99287126,300.5930346254,306.1232543924,1558621
2020-11-30,303.559696335,306.1232543924,299.1934949792,304.6738929465,5265707
2020-12-01,312.3102160646,320.761804996,307.9258976908,309.0672698294,3752691
2020-12-02,309.5926633536,318.7055234447,309.3480836096,314.8375400859,2864281
2020-12-03,315.1455293932,319.5570232941,313.868279619,315.852093098,4169186
2020-12-04,314.5441374921,319.5168439432,314.3168657164,318.0804863211,3255426
2020-12-07,317.0168544111,318.0804863211,313.8355950043,316.2350395029,2999382
2020-12-08,313.4077786139,318.0895771921,312.7986902551,316.2350395029,2471262
2020-12-09,317.1713992185,317.6441245119,310.5532451118,313.098688999,2600442
2020-12-10,313.7805043259,314.0532304567,308.4169813294,308.7714343907,2896940
2020-12-11,307.3896219948,308.0714373217,303.935091005,306.4259896661,3071737
2020-12-14,309.1168874897,312.0259662179,305.3259942719,305.5714477896,2478953
2020-12-15,308.3077999684,310.0077928502,306.398717053,308.7896161328,2616862
2020-12-16,306.2078087614,310.5986994669,303.8714549078,308.4896173889,2365672
2020-12-17,308.9168883271,311.4532413433,306.6396251352,310.6077903379,2525662
2020-12-18,311.3805143751,311.4623322143,303.6350922611,307.6168937704,8743007
2020-12-21,301.8805541532,306.3168992138,299.4532915893,305.5259934345,2893022
2020-12-22,304.6896333001,306.3441718268,303.1532760968,304.5532702347,2069883
2020-12-23,305.8987191466,310.5895176872,305.4805390794,306.8987149594,2348234
2020-12-24,305.8532647914,310.3714276913,305.8532647914,309.8077936877,1360598
2020-12-28,312.0077844759,316.1714034057,311.8714214105,314.498683137,2260528
2020-12-29,316.3532208262,319.3532082647,313.6350503895,315.7714050806,2275855
2020-12-30,315.5259515629,317.2804896708,313.1532342251,313.6259595185,1866024
2020-12-31,313.6714138736,319.1713908442,312.7714176421,318.7986651322,1969227
2021-01-04,319.4986622011,320.0668416402,309.4350679756,317.7259423511,4203821
2021-01-05,316.989581798,319.4168443619,313.1623250962,313.453232969,3160458
2021-01-06,306.4623531502,326.8077225059,304.644178945,326.6077233433,6561435
2021-01-07,325.9440897584,333.1349687398,325.3804557548,331.8440650541,3366710
2021-01-08,333.6349666462,334.0804193265,326.144088921,330.3531622059,2948002
2021-01-11,329.6531651369,331.1713405982,326.5349963751,327.9531722551,2695180
2021-01-12,325.3986374969,327.3440838964,322.9350114489,324.8804578484,2346279
2021-01-13,323.671372002,324.371369071,319.2986630386,322.7622848994,1974477
2021-01-14,324.4077325551,326.1895432761,318.5623024855,318.6623020668,2919879
2021-01-15,317.3804892521,320.9532015653,314.3077748454,319.3622991357,3776994
2021-01-19,323.8259168094,324.5077321363,319.5986617824,320.171386657,3361269
2021-01-20,319.8895696552,320.0713870758,314.3895926846,318.9441190686,3036808
2021-01-21,318.9168464555,328.0804444495,318.8532103583,322.7259214153,3750194
2021-01-22,321.1895642119,322.3804683163,315.9441316301,315.9532225011,2585351
2021-01-25,315.58958766,318.5350298724,313.2755973491,316.1895851478,2506366
2021-01-26,318.6441203247,319.5532074273,311.4259687302,311.9168757656,2467549
2021-01-27,306.398717053,307.2714406715,299.0987476193,302.7169142875,4770898
2021-01-28,306.035082212,315.0714080116,304.0987266835,307.4078037368,2770191
2021-01-29,305.9350826307,308.1987095161,300.5714687255,303.2532756781,3899501
2021-02-01,304.5714519768,307.4078037368,302.4903697816,303.6350922611,3020168
2021-02-02,306.4532622791,313.3064154019,306.4532622791,307.9259833853,2465453
2021-02-03,307.2714406715,309.235068813,304.1805445227,307.1714410902,2537417
2021-02-04,302.1078259288,304.8078146235,298.5351136157,299.3805646211,5962249
2021-02-05,301.9169176373,303.1623669678,294.0737686598,295.0078556577,7227908
2021-02-08,297.2805734141,297.2851188496,294.3669492504,294.8533108502,4758181
2021-02-09,294.4533125251,300.9486489643,292.4624117705,299.6623816229,4080414
2021-02-10,302.4169155437,305.2350855617,299.7896538172,303.0896399996,4094804
2021-02-11,304.5441793637,306.0396276475,301.3623745047,302.7896412557,2776664
2021-02-12,301.5260101832,302.180552897,298.0714791934,298.3987505503,2760970
2021-02-16,297.5987539,299.8532899144,293.1624088394,295.107855239,4339162
2021-02-17,294.0533142,298.7260219072,292.9442279348,297.1442103487,2579836
2021-02-18,296.2714867303,299.6169272677,295.6351257585,298.5532953577,2385100
2021-02-19,298.8623849726,298.9532936829,294.6442208166,295.0714917549,2313753
2021-02-22,292.2715034789,299.1351111034,291.226053311,297.8532982887,2685816
2021-02-23,299.9896529798,303.580547035,296.9442111862,299.5532911706,3225724
2021-02-24,298.6260223259,303.2714574201,296.3987589246,302.0078263475,3360533
2021-02-25,300.9078309534,303.2714574201,297.5942084645,298.9714754249,2471516
2021-02-26,300.4987417573,307.1896228322,299.8623807854,302.0169172186,5385981
2021-03-01,303.9623636181,308.0941644993,303.3441843883,304.2259988778,4199115
2021-03-02,304.5441793637,306.9714419276,303.5350926799,304.2169080068,2568915
2021-03-03,303.0169130314,307.4168946079,302.526005996,302.6078238352,3039667
2021-03-04,303.7896370686,309.8532480428,302.4260064147,303.4623657117,4991609
2021-03-05,304.5714519768,316.625946957,304.5623611058,315.5441333049,4563095
2021-03-08,315.4623154657,321.8168343127,314.1805026511,318.3350307098,3419860
2021-03-09,320.8350202419,328.4077158064,319.3986626199,319.9804783655,4277593
2021-03-10,321.7350164735,322.2531961219,316.8168552485,317.8168510614,3012275
2021-03-11,318.8713921004,323.6077359048,318.0623045791,320.9986559204,2520563
2021-03-12,322.1895541518,325.5193722922,321.1130649995,324.7895491381,2088664
2021-03-15,325.6106001865,326.5411247079,320.7117534927,322.837272201,2343695
2021-03-16,322.5179745711,324.187445036,321.0400826841,323.4941130397,2904194
2021-03-17,324.0141120369,326.6597209704,320.9671003687,321.2863979986,2633061
2021-03-18,321.915870469,332.3614643616,321.4323626294,330.2905911619,3311649
2021-03-19,330.1719948994,337.9627658411,327.5172631765,333.5109358292,8572926
2021-03-22,332.9818140425,336.247772657,328.5207700133,334.6786528757,3505213
2021-03-23,336.4940879715,338.948118327,335.0070732951,336.1747903416,3100090
2021-03-24,333.9397069322,341.0098687373,333.4470763032,338.090576121,3407781
2021-03-25,338.090576121,339.4681173243,331.513044945,338.5375928029,3021494
2021-03-26,339.0712759843,343.9838980901,337.8032082541,343.4547763034,2959773
2021-03-29,343.3453028303,347.1221376526,342.0954806789,345.8084559752,2740463
2021-03-30,344.4309147719,346.5565247082,339.1853108521,340.790921791,3066057
2021-03-31,340.0975897947,343.9291613535,339.1853108521,339.4316261666,3356472
2021-04-01,339.5502224291,339.997239111,333.6705846442,334.8702314537,2977791
2021-04-05,337.1965427573,339.9425023744,335.3902304509,337.7074189651,2709486
2021-04-06,336.4302284455,337.3516301775,330.9018180534,332.4070783087,2698564
2021-04-07,332.242868099,333.784619512,328.922172748,333.5656725658,2159172
2021-04-08,331.2576068411,334.7242668229,331.2576068411,332.8814633588,2426651
2021-04-09,336.0379485002,343.5733725659,334.8063719277,343.2905660937,2483494
2021-04-12,341.6302184182,346.510910761,341.219692894,343.2723205149,3057307
2021-04-13,343.2449521466,346.0365257109,341.4933765768,341.6484639971,2652332
2021-04-14,342.4147783088,344.8505630855,341.7214463125,342.6793392022,2805633
2021-04-15,346.6659981813,357.9419483674,346.6659981813,355.7979103965,4488251
2021-04-16,359.364921062,359.364921062,351.6424798131,356.7101893391,4532625
2021-04-19,355.7887876071,358.8814132224,354.3930008249,355.6428229763,2965522
2021-04-20,355.6610685551,362.9775456746,355.257385123,361.7459691021,3348284
2021-04-21,363.8715790384,366.2590130311,360.7515850547,363.8259650912,2473336
2021-04-22,363.4884218825,363.7803511441,358.6989574339,361.7550918916,2718851
2021-04-23,360.9157952644,366.7270121286,359.8940428487,365.1943835051,2263403
2021-04-26,364.7382440338,364.9115770329,360.5417608979,361.1347422106,1642260
2021-04-27,360.0400074795,361.5635133136,357.887029175,359.8940428487,1758509
2021-04-28,360.5143925297,362.1656174157,358.7993081176,359.9761479535,1886514
2021-04-29,361.9466704695,366.8820995489,361.5361449454,366.3256093939,1996547
2021-04-30,365.8238559755,366.6084158661,363.4063167776,363.8168423018,2328135
2021-05-03,365.8238559755,371.0877054742,365.3950848725,370.2940227941,2568596
2021-05-04,369.9108656383,376.2876954469,368.1045533319,375.2568202418,3237206
2021-05-05,374.49050593,376.5431335508,373.69682325,376.3150638152,2047018
2021-05-06,376.7712032865,380.2834772154,376.3698005517,378.5683928034,3058890
2021-05-07,378.5957611716,382.2631225208,377.7427803603,381.0133003695,1851063
2021-05-10,382.4911922565,388.6125839612,381.528737972,383.9690841435,2489255
2021-05-11,384.0694348271,385.2462746631,374.5908566137,375.5852406611,3024021
2021-05-12,373.3866484095,374.8098035599,369.1811337121,369.8105149546,2888410
2021-05-13,370.6406887923,376.9354134961,368.8480606702,372.7206847814,2638499
2021-05-14,374.9375226119,376.39716892,372.6659480449,373.8519106702,2072948
2021-05-17,373.4048939884,376.3241866046,372.7298075708,372.7845443074,1584082
2021-05-18,373.7515599865,376.7347121288,370.6315660029,374.3810324569,2694776
2021-05-19,373.569104198,374.6912072974,368.7887625389,373.5782269874,2783146
2021-05-20,373.6055953557,377.5283948088,372.5017378352,372.7936670968,2105974
2021-05-21,374.7276984551,381.9073337332,373.5417358297,375.5213811351,4295746
2021-05-24,376.1964675527,377.5922543348,373.9613841433,374.9010314542,1883815
2021-05-25,375.7220825025,377.5557631771,373.025568404,376.8168172336,2285601
2021-05-26,375.9501522382,378.8694448544,374.9557681907,376.9627818644,1903928
2021-05-27,378.5227788562,378.6915504606,374.3810324569,376.4975196037,2041955
2021-05-28,376.4975196037,379.0245322747,374.0526120376,375.7859420285,2368025
2021-06-01,377.4371669146,377.4371669146,370.5266539245,371.0420915271,2199581
2021-06-02,373.2498065681,373.2498065681,369.0624462217,370.248408847,2232967
2021-06-03,368.1045533319,373.8108581178,367.5024492298,372.1733174159,2281157
2021-06-04,374.9101542436,374.9466454013,369.1536741159,370.0568302691,2991121
2021-06-07,371.2610384733,371.4891082089,363.7164916181,365.1396467686,3353805
2021-06-08,365.5684178716,367.420344125,363.76666696,366.498942393,3051309
2021-06-09,367.9494659117,370.184549321,365.3905234778,365.9150838698,1925796
2021-06-10,366.6540298132,367.5115720193,363.5157902508,366.2708726574,4033653
2021-06-11,367.9677114906,367.97683428,360.1494809526,362.9866684641,3094507
2021-06-14,362.4484238879,364.4280691933,360.4687785825,364.1452627211,2675015
2021-06-15,364.8750858752,366.2799954468,361.6912323656,365.1670151368,2845842
2021-06-16,365.9150838698,367.7847995626,361.8736881541,362.4028099408,3292435
2021-06-17,361.2624612626,363.1508786737,359.9943935324,362.4940378351,3532149
2021-06-18,354.623093005,359.5494311592,354.5956227179,356.53685634,5521433
2021-06-21,356.53685634,365.5370380719,356.3995049045,364.5032396005,3839370
2021-06-22,366.8290572421,366.8656842916,364.2743205413,365.0709588674,3964629
2021-06-23,364.2743205413,365.3548185008,361.9347677562,362.2048922461,2942116
2021-06-24,364.7321586598,368.2485385445,363.3769578292,365.23578059,3309150
2021-06-25,366.3620623613,375.4089435814,365.3731320256,370.80309211,16928876
2021-06-28,370.80309211,370.8397191595,364.3759606036,367.6073820435,3193451
2021-06-29,368.0743769242,369.2006586956,363.9629906208,364.5307098877,2458834
2021-06-30,364.017931195,367.5524414692,363.3403307798,366.6733922819,2875702
2021-07-01,368.1293174985,371.0365895504,367.9278687263,370.7481515358,2678291
2021-07-02,370.9312867832,375.3082191953,369.8233185366,374.8412243145,1982443
2021-07-06,374.2094077111,376.4894415408,371.49900605,375.6653329277,2615260
2021-07-07,375.747743789,377.4234313024,372.8633636429,376.9472796593,2270451
2021-07-08,374.1544671369,376.1872683827,370.9175516396,375.3814732943,2032596
2021-07-09,377.7439179853,378.4032048758,376.0087115165,377.3593339658,2078874
2021-07-12,376.3612468677,381.2875850219,375.7111167395,380.9579415766,2802629
2021-07-13,381.2692714972,384.3001598411,380.6557684185,383.2471321687,2948990
2021-07-14,385.2890901769,386.9006803538,378.4947724995,379.7675624687,3538730
2021-07-15,377.1761987185,386.1681393643,372.8633636429,384.6298032864,3546506
2021-07-16,385.8293391566,386.6809180569,382.4243055023,384.3093166035,2625375
2021-07-19,382.0567530609,384.1536516432,372.5062499106,374.5665214435,3611295
2021-07-20,376.3429333429,382.5054344169,375.9858196106,378.1468155295,3186929
2021-07-21,381.8919313382,382.0475962985,376.1872683827,379.6759948451,1863958
2021-07-22,380.9396280519,381.6767474226,378.8427294695,380.7107089927,1421946
2021-07-23,382.6610993772,383.9796731582,380.9121577648,382.4779641298,1611877
2021-07-26,381.6813258037,382.4504938427,376.2513657193,378.6687509845,2232878
2021-07-27,377.2586095798,380.2437141119,374.9327919382,380.097205914,2630593
2021-07-28,379.5386434095,379.5386434095,372.4970931482,374.6672458295,2446949
2021-07-29,376.5993226893,377.7897017972,373.9804886519,377.3318636787,1548884
2021-07-30,376.1231710461,378.879356519,375.6564508682,377.4600583519,1864207
2021-08-02,378.6962212716,381.3242120714,378.0003073316,380.5275737453,1806710
2021-08-03,380.7564928045,386.5435666214,380.0788923893,386.3238043245,2496628
2021-08-04,386.4611557601,387.9353945014,384.3184733659,385.9941608793,1995410
2021-08-05,386.4703125224,386.6442910074,373.4951802464,376.5169118279,3598649
2021-08-06,377.2677663422,381.6263852295,377.2677663422,380.1155194387,1944057
2021-08-09,379.9598544785,381.1319200616,375.747743789,376.2238954322,1509781
2021-08-10,375.8942519869,378.7694753706,374.1178400874,377.0571608077,1441848
2021-08-11,378.2017561037,379.0258647169,373.1472232764,373.3578288108,1542591
2021-08-12,372.6802283956,374.2643482853,370.2079025561,371.7279251092,1940158
2021-08-13,372.7534824945,375.4730409179,371.6912980598,375.1250839479,1536032
2021-08-16,375.2807489082,382.2215747835,372.9824015537,382.0292827737,2377942
2021-08-17,381.9285583877,386.8732100667,381.4981905564,386.2139231761,2257975
2021-08-18,385.8201823943,386.0399446911,381.9194016253,382.1300071598,3037085
2021-08-19,380.3535952603,392.2321136752,377.6248800745,391.8087049832,3204670
2021-08-20,392.2299160522,394.9815231439,390.9113422711,393.4752357343,2401874
2021-08-23,394.2535605356,394.2535605356,389.0708330351,389.492044104,2375913
2021-08-24,389.6385523019,390.0231363214,386.1589826019,387.7064754422,1619511
2021-08-25,386.2780205127,387.8941890707,384.0803975443,384.345943653,1939263
2021-08-26,384.3734139401,385.8568094438,381.4981905564,381.6996393285,1385426
2021-08-27,382.7618237632,384.9045061574,381.0266172944,383.4485809409,1621625
2021-08-30,383.4485809409,385.1059549295,382.6519426148,383.0273698719,1284534
2021-08-31,381.836990764,385.2604295107,379.2868324444,381.1685471111,4249141
2021-09-01,381.4157796951,384.4649815638,376.5626956398,382.1574774469,2034426
2021-09-02,383.8148514356,388.6129949167,382.9724292977,387.9811783132,3137553
2021-09-03,386.3512746117,388.2467244219,385.142581979,387.2028535119,1604878
2021-09-07,384.8587223456,386.6534477698,382.3680829814,385.7194580082,1920360
2021-09-08,385.6736741964,387.2120102743,379.2730973008,380.3627520227,2262485
2021-09-09,380.3169682108,384.7854682466,379.0258647169,379.5935839837,3508654
2021-09-10,381.8844433369,382.2887872465,369.9654876384,371.1785193671,4215812
2021-09-13,374.9187005308,383.0331476255,373.5126864816,380.9287213688,3068508
2021-09-14,383.7499391016,383.7499391016,378.0293917444,379.1091737756,2879816
2021-09-15,379.090794507,387.2695690419,376.3155249458,383.6856116614,3180913
2021-09-16,385.6613830378,389.089116635,381.3345356199,383.0607165284,2262750
2021-09-17,381.3422549127,386.9663111097,381.3422549127,386.111675119,4534224
2021-09-20,383.1342336029,385.3189772635,375.5987334697,379.2562079246,2799803
2021-09-21,381.3790134499,384.8435055843,378.8059158435,378.9253810895,2382332
2021-09-22,372.125051701,378.612933523,372.125051701,375.5803542011,3629528
2021-09-23,376.591213975,381.231979301,374.4867877183,374.9646487024,2681575
2021-09-24,373.9629785627,374.835993822,372.3915510959,374.091633443,1950406
2021-09-27,374.7808560162,378.7507780376,372.1434309696,372.4283096331,2608595
2021-09-28,369.9746772727,371.2612260759,364.8468613284,366.3172028178,3115355
2021-09-29,364.8284820598,369.2854546995,363.7257259427,367.9621473591,2056513
2021-09-30,368.9546278644,370.7925547262,358.8184612218,359.0757709824,3779978
2021-10-01,359.866079533,361.7867131035,352.0732696391,360.6288191806,3146595
2021-10-04,359.8844588016,363.1283997126,353.5803696658,355.6480373853,3074800
2021-10-05,357.7892221792,363.9187082632,357.6973258361,361.5477826115,3269575
2021-10-06,359.0849606167,362.783788426,354.5728501711,362.3013326248,2809162
2021-10-07,364.6079308363,375.0933035827,364.5619826648,371.9045004775,2813903
2021-10-08,373.4759279443,375.966318842,370.0114358099,375.3598029777,2012300
2021-10-11,374.9370797994,377.8915472297,371.4542083964,372.1709998725,2164172
2021-10-12,372.2812754842,375.2862859032,369.7081778777,370.5628138685,2415888
2021-10-13,370.6547102115,372.4650681704,365.848531468,370.847692532,3022259
2021-10-14,391.1659739888,398.3706472869,383.9429214221,386.2954678051,6038968
2021-10-15,387.8485160033,395.60456736,387.3430861163,393.3806758572,3312213
2021-10-18,393.3163484171,393.3163484171,389.4934605446,390.2102520207,2232846
2021-10-19,392.2411612029,393.1509349995,389.089116635,389.9897007973,1616762
2021-10-20,392.3973849862,400.2361430516,392.2503508372,399.831799142,2764103
2021-10-21,400.2085741487,406.6413181648,399.8226095077,406.43914621,2465157
2021-10-22,405.1158388696,412.8810798605,404.7666327658,412.7616146145,2736159
2021-10-25,413.5335438964,415.9550125368,410.2620340825,413.0648725467,3553683
2021-10-26,413.9838359776,420.6187519485,411.318842028,417.7975342157,3103922
2021-10-27,417.7975342157,423.1275221148,416.7315366359,416.7315366359,3520637
2021-10-28,416.2904341891,420.7933550004,415.8493317423,418.5327049604,1672551
2021-10-29,417.5861726266,424.0005373742,416.3455719949,423.1550910178,2497757
2021-11-01,424.3956916495,428.0164075671,414.6147043729,417.3104835974,2188357
2021-11-02,419.2862549738,419.4516683913,413.8827500002,415.4082292954,2595664
2021-11-03,413.9195085374,420.4441488967,410.813412141,420.2695458448,2438191
2021-11-04,420.5176659711,421.3539226932,415.5185049072,419.7457366892,2517324
2021-11-05,420.7290275602,424.1200026202,417.7378015927,418.8727214299,2904970
2021-11-08,419.828443398,426.5736349806,417.4942762835,425.1308623942,2279871
2021-11-09,425.1308623942,426.8309447413,422.9896776002,426.7206691296,2654207
2021-11-10,427.6763910977,428.2369587905,419.621676626,422.6312818622,2818195
2021-11-11,422.7231782053,423.5042971215,418.5327049604,420.3246836507,2246838
2021-11-12,423.3388837039,423.6412226727,420.0398049871,421.7950251401,2570170
2021-11-15,420.8852513435,421.0736388468,413.9930256119,414.2687146412,2849840
2021-11-16,416.2812445548,421.2068885443,412.954596935,413.1843377927,3383816
2021-11-17,413.8919396345,417.1726390827,412.3664603392,412.568632294,2281511
2021-11-18,412.3664603392,416.1158311372,410.8777395812,413.0464932781,2073808
2021-11-19,411.8150822807,413.0235191923,403.8844278722,404.3439095876,3536082
2021-11-22,406.9353864627,407.7900224534,401.945415033,402.0832595477,2598754
2021-11-23,400.6772454984,411.2545145879,400.6680558641,410.8961188498,2857609
2021-11-24,410.4458267687,414.4341280587,409.5268633378,413.6805780454,2248937
2021-11-26,408.8652096676,411.8610304522,402.6989650464,404.2612028789,2480600
2021-11-29,407.6154194016,416.3593564464,404.8493394746,415.3714707582,4079718
2021-11-30,410.8317914097,414.7741445281,405.4926138762,408.221935266,7435449
2021-12-01,416.1893482117,418.9738074073,408.1484181915,408.3322108777,4325958
2021-12-02,407.2386443949,411.5899362401,403.6258315627,409.8760694415,4738801
2021-12-03,412.8121557625,418.9614223032,410.4151403193,414.2411457382,3038334
2021-12-06,416.8502048552,425.728381285,416.2693895747,424.1887598273,4721697
2021-12-07,426.6180427861,429.3884394809,424.2993913093,428.448071884,3105216
2021-12-08,429.7018953466,433.4633657343,426.3829508868,432.2556387226,3228297
2021-12-09,431.9514021471,437.4368797959,430.8727451977,436.3674421366,2977510
2021-12-10,435.1504958347,441.1245958623,434.2377861083,440.8941136081,2572300
2021-12-13,439.778579498,442.7626793389,437.0044028942,440.8111399966,2724800
2021-12-14,442.2954457133,445.3239825329,439.9260881407,442.0280862985,3018220
2021-12-15,443.0790853774,456.7236348231,442.6549980298,455.7832672262,4188582
2021-12-16,455.44215349,458.161844089,451.8466303253,454.3819351209,4080828
2021-12-17,453.054357337,454.6308559554,448.4078350934,449.0900625657,5716464
2021-12-20,444.3697860007,447.1447923406,438.1559844288,445.9647231994,3145690
2021-12-21,448.997869664,450.8232891169,444.5495621589,449.1730361772,2535993
2021-12-22,449.1177204362,456.7697312739,447.9653091654,455.552784972,1687590
2021-12-23,456.3548632165,459.2589396188,454.3358386701,456.7051962428,1706591
2021-12-27,459.7475619975,461.2410870044,457.8668268037,460.5035437912,1349434
2021-12-28,462.8083663327,465.8691706678,461.3332799061,463.6749796083,1495560
2021-12-29,465.3713289988,467.6208357993,462.8083663327,466.1088722121,1573962
2021-12-30,468.2754054011,469.4739131227,464.32954921,465.048653843,1309798
2021-12-31,464.7812944282,467.2981606435,462.8452434933,462.937436395,1638257
2022-01-03,460.9645082995,463.6381024476,454.5571016341,463.0665064573,3034118
2022-01-04,463.9146811526,464.4217421117,452.5565156681,452.5749542484,3908144
2022-01-05,456.1428195426,458.1987212497,451.4594201383,451.4594201383,3921068
2022-01-06,442.5259279675,446.3381044511,426.9637661673,432.9839626457,6555181
2022-01-07,431.1769817731,431.4351218978,419.9847635116,422.7966470123,5494221
2022-01-10,420.3996315691,429.4898516728,418.9614223032,428.6969927185,5831782
2022-01-11,430.725236555,433.7168962139,424.7050400766,432.3847087849,3330330
2022-01-12,432.3570509144,438.2113001698,429.9323776007,436.7362137432,3502254
2022-01-13,438.7367997093,439.3452728602,429.6004831548,430.9372802288,3005301
2022-01-14,433.2052256097,436.2290605912,428.7707470398,432.0989107897,3665568
2022-01-18,428.8537206513,429.3515623203,422.5661647581,425.0000573619,3850100
2022-01-19,431.4628719612,438.3680281026,425.4794604506,426.4106087573,3961802
2022-01-20,428.1253967282,434.8093820985,425.9312056687,426.8531346853,3228619
2022-01-21,427.3140991936,434.0349617246,425.0738116833,425.1660045849,4273182
2022-01-24,422.3080246335,427.9041337642,413.1420219646,426.1801265032,4782531
2022-01-25,418.6203085671,423.617163837,412.3511912542,421.1740519431,3428905
2022-01-26,422.6583576598,427.6644322199,418.0487125768,422.6399190794,4435865
2022-01-27,422.3172439236,432.0896914996,421.3348363635,425.5624340621,3508851
2022-01-28,425.3780482587,429.8770618597,419.5514568738,429.6742374761,3364353
2022-01-31,428.6969927185,436.2383720743,428.1438353085,435.6759953742,3500457
2022-02-01,437.9162828845,437.9162828845,426.6226524311,431.8407706651,3148584
2022-02-02,432.4400245259,444.3513474203,432.4400245259,442.3231035838,3026806
2022-02-03,459.7199041271,461.131838416,445.8172145567,450.6112454431,4370853
2022-02-04,444.1393037465,451.3994947522,442.7010944806,445.4484429501,3066628
2022-02-07,447.052599439,449.219132628,443.7233293742,445.9370653289,2937150
2022-02-08,443.7705321399,456.9725556576,443.7705321399,454.8889960801,3534674
2022-02-09,458.1987212497,461.8219022849,457.5441516479,459.2128431679,2818193
2022-02-10,453.8103391307,455.6357585835,447.2001080816,448.721290959,2626102
2022-02-11,446.8405557652,452.1416476106,439.24422944,440.8019207064,2493767
2022-02-14,438.0176950763,440.44236839,432.6889453604,437.3631254745,2549550
2022-02-15,438.7828961601,443.6045849169,438.1006686878,440.8941136081,3001062
2022-02-16,438.3772473928,444.1208651662,434.5927287796,442.5720244183,2651838
2022-02-17,440.8387978671,441.8713583657,432.2832965931,433.6200936671,2403087
2022-02-18,433.5371200556,437.8425285632,430.3795131738,431.2876132551,2992317
2022-02-22,427.6183357691,430.7160172648,422.0775423793,426.4013894672,2770194
2022-02-23,430.7160172648,431.2046396436,423.0179099762,423.7370146092,2840271
2022-02-24,414.4255315415,420.9435696889,410.9360302137,420.2982193773,3933013
2022-02-25,420.9988854299,438.6353875174,420.6116752429,438.6077296469,3314383
2022-02-28,429.4806323826,440.0459389128,429.2596459973,438.7183611289,3918405
2022-03-01,434.1271546263,439.723263757,431.2092492887,439.0686941552,2917576
2022-03-02,440.8572364474,449.1361590165,440.5806577425,447.4859060768,3675930
2022-03-03,448.0575020671,453.0174801764,444.5726103843,448.6014401869,3139373
2022-03-04,443.1620589889,460.6510524338,440.2118861358,459.7199041271,4172420
2022-03-07,460.9645082995,460.9645082995,445.3101535976,448.8595803115,4123289
2022-03-08,441.4196131476,446.665389252,434.7079699067,436.4965121989,3849520
2022-03-09,444.9045048303,449.6386103305,436.6195897226,447.6610725899,3115667
2022-03-10,441.9082355264,455.1655747851,440.5253420015,453.0727959174,2834819
2022-03-11,451.0951607086,456.61560453,446.1757702345,446.5086613192,2615085
2022-03-14,453.4716331744,458.270812979,448.7325587046,451.1783834797,2704148
2022-03-15,453.1017541914,462.2932469193,450.6096945433,460.4161110805,3043036
2022-03-16,462.191530199,467.4344723134,453.111001166,460.7397551906,3497127
2022-03-17,458.6499389366,468.9325746644,457.8916870214,468.8401049186,2357157
2022-03-18,470.4305845456,472.2244051434,463.7912568005,468.0078772068,4991611
2022-03-21,466.981463029,474.3697957147,466.3804096816,469.4319112914,2610551
2022-03-22,470.9206741981,473.3063936385,466.8242644612,467.2681192408,2682975
2022-03-23,464.4477919953,468.8770928169,463.5830149331,465.3355015546,2753285
2022-03-24,466.9722160544,476.9404546466,465.9180609528,474.7951565451,2789323
2022-03-25,475.4701856891,477.6339777398,470.8929332743,474.3975366384,2492800
2022-03-28,475.5903963586,478.1980431889,470.4953133676,474.5547352062,2643027
2022-03-29,478.1610552906,480.4635519598,469.0990202067,472.2707324861,3478451
2022-03-30,476.3209073501,481.9523148664,473.8889530368,481.6009298326,3041170
2022-03-31,478.1610552906,482.5903561121,471.2905531811,471.5679624183,3979655
2022-04-01,472.2244976132,476.0167743563,468.4517319865,473.9906697571,2344164
2022-04-04,473.6392847232,473.8889530368,466.5377007191,471.6141972912,2658095
2022-04-05,471.5957033421,485.2164044218,469.746308427,478.7713556125,2905259
2022-04-06,479.196716443,493.3421833299,478.9932830023,491.7078730434,3955553
2022-04-07,490.0896524927,497.7461474411,488.6008895861,496.5162998226,2866953
2022-04-08,498.4119296105,507.6311632622,497.5797018988,504.847823915,3986655
2022-04-11,502.6655379152,506.3735747199,496.2296436108,496.9694015768,3573972
2022-04-12,495.092265738,500.0070327248,490.8109165096,493.5202800602,3575727
2022-04-13,493.1596480518,497.7461474411,488.8167139727,496.5625346955,3011998
2022-04-14,497.9495808818,511.6258562787,493.8531711449,494.5466942381,4211268
2022-04-18,497.3947624073,500.2613245256,490.4410375266,493.8624181195,2087301
2022-04-19,495.5361205176,501.6298767628,494.9350671702,497.2098229157,2207570
2022-04-20,501.3154796272,507.0670978131,498.4119296105,504.8940587879,2955637
2022-04-21,504.4224630845,506.7342067283,495.6655781617,496.9694015768,2539864
2022-04-22,491.9945292553,493.1873889755,481.0137469471,481.7118935275,3453260
2022-04-25,481.2125569004,486.6312840016,473.1954299436,484.7911360611,3030378
2022-04-26,484.7633951373,486.6312840016,474.841391418,475.0910597315,2869754
2022-04-27,476.1359678586,481.6749056292,471.4292577997,475.1188006553,3353693
2022-04-28,477.846658155,486.6497779507,474.5269942825,484.9298406797,2584196
2022-04-29,479.7792758412,480.7525199153,468.7849929502,470.2548920286,2873166
2022-05-02,472.3447082827,474.841391418,456.1902436996,463.4121308429,3184294
2022-05-03,463.3936368937,467.4530587323,460.0184911738,461.9973437329,2763469
2022-05-04,461.886380038,471.3830229268,455.9590693352,469.3949233931,3950604
2022-05-05,469.0157974356,472.2152506386,452.3897371491,457.466326191,3359731
2022-05-06,448.4875138783,463.8005037751,448.4782669037,461.9973437329,3260260
2022-05-09,453.4716331744,457.3831034198,447.9511893529,449.7913372934,3862856
2022-05-10,456.6248515046,458.9735830467,444.8904407685,451.2616062509,4275796
2022-05-11,447.9142014546,462.8295714447,447.9142014546,449.5416689799,3936256
2022-05-12,449.495434107,450.2259450985,435.9208754304,442.745142667,3997597
2022-05-13,444.7609831245,450.3276618188,439.980297269,448.8481458867,2453460
2022-05-16,448.8573928613,458.2430720553,447.6922740648,452.3804901745,2338841
2022-05-17,456.8005440215,457.466326191,451.678737274,455.441238759,2289028
2022-05-18,451.4927806153,452.3712432,433.0913012104,435.8838875321,3240456
2022-05-19,429.3555234819,445.315801599,428.440072999,442.5139683026,3813778
2022-05-20,445.1308621075,450.7622696238,436.7438561676,449.1532960477,3068172
2022-05-23,449.671126624,458.4095175976,449.671126624,455.0251249031,2279825
2022-05-24,453.8322651829,460.5733096483,451.8626595983,460.0924669704,2658056
2022-05-25,460.9801765296,464.4847798936,454.2668729879,460.5825566228,3161599
2022-05-26,463.9577023428,469.0574088211,461.8031572668,464.410804097,2705786
2022-05-27,454.0264516489,468.9233276898,452.5376887423,468.9233276898,3349142
2022-05-31,465.696133563,466.1492353172,458.335541801,459.3712029535,4003074
2022-06-01,460.7952370381,463.6247187884,451.0489258357,455.4597327081,1766078
2022-06-02,456.8005440215,458.7886435552,446.6011310649,455.1915704454,2093659
2022-06-03,451.5575094373,454.6459989455,448.385797158,449.0423323528,1756929
2022-06-06,452.5746766406,456.4584059622,449.671126624,453.2681997338,1781544
2022-06-07,452.6394054626,460.1387018432,450.4386255137,459.6671061399,2341954
2022-06-08,456.8005440215,460.4068641059,451.760942878,456.3659362165,3268069
2022-06-09,455.7648828691,459.0752997671,450.8917272679,452.5746766406,3148961
2022-06-10,448.2933274122,453.2450822973,444.7147482516,448.1361288444,2600182
2022-06-13,439.3515029979,445.0892507219,432.0741340071,434.3303958035,3764760
2022-06-14,432.2960613969,433.8495531256,422.9704875377,426.9790510161,3814182
2022-06-15,429.244559787,433.6969780451,422.124389364,429.3647704565,2550650
2022-06-16,420.7745792353,424.8672477277,418.250302977,423.2710142114,3135644
2022-06-17,418.3152659689,428.2546037361,417.3416563283,419.531001961,5277373
2022-06-21,424.8672477277,450.2074547987,424.2083373808,445.7574898507,5726819
2022-06-22,441.4884932374,460.2349566263,440.3934028018,454.4439699161,5062327
2022-06-23,459.3347551666,467.3391238166,456.5599073679,463.8450428928,4687671
2022-06-24,463.5016670783,463.7986407557,451.548476561,459.9751046586,15861102
2022-06-27,457.3673045535,475.0557992165,457.135293868,469.2740929337,3907063
2022-06-28,475.2321273375,481.2922464429,468.7358281433,471.8540517565,4978896
2022-06-29,472.2345492807,481.3757702897,469.5989078934,478.6009224911,3823386
2022-06-30,476.5963501683,479.1670285637,473.0419464663,476.6705935876,3568973
2022-07-01,475.4548575956,480.2899602815,466.1651497479,480.1693147251,2426595
2022-07-05,471.1116175629,474.2298411761,456.8290397631,468.884314982,3029679
2022-07-06,469.2555320788,480.1785951525,468.0119548045,478.2111445394,2506694
2022-07-07,478.1740228297,480.0765104509,475.3713337488,477.3666256442,2385476
2022-07-08,475.4455771682,490.3499436051,474.2391216035,481.3108072978,3092242
2022-07-11,477.8120861603,483.9464486851,474.9815557972,479.7516954912,1743844
2022-07-12,476.3179373457,481.7841090962,473.8771849341,477.4037473538,2706479
2022-07-13,471.510675942,475.0279579343,465.1257418768,465.1721440139,3467663
2022-07-14,459.3811573037,469.4875427643,456.8568810454,466.2765148769,3765477
2022-07-15,488.206164871,493.7094583313,478.3596313781,491.6306425891,5742524
2022-07-18,492.7906960167,493.8672255974,481.4221724268,481.9975589269,3211973
2022-07-19,483.5937924432,495.426337404,483.1297710722,495.0644007346,2953499
2022-07-20,495.0644007346,495.6212263798,478.6194833459,482.0903632011,4327501
2022-07-21,482.0161197817,484.8744914272,474.35976716,484.8652109997,2667760
2022-07-22,488.1504823065,489.6353506938,481.0973574671,483.8907661206,1850361
2022-07-25,488.2340061533,494.5446967991,486.49865903,491.3707906214,2337174
2022-07-26,495.3892156943,498.9528998237,492.8185372989,493.3382412345,2637778
2022-07-27,495.1479245814,499.1569764227,490.0436895003,496.1409303154,2254226
2022-07-28,498.8136934124,505.1661459816,493.4774476458,502.5258643805,2344515
2022-07-29,501.1523611223,504.7160452517,498.0712592188,503.3147007113,2945668
2022-08-01,503.2497377193,504.5304367033,492.7906960167,496.8555232267,2335110
2022-08-02,498.8693759769,501.6349433482,493.4588867909,496.9297666461,2114181
2022-08-03,498.6002435818,504.502595421,497.1432164768,501.7463084772,1802871
2022-08-04,500.4841703481,501.542139074,494.4194110289,495.3428135572,2368022
2022-08-05,491.8626532746,496.9668883558,489.5982289841,496.5585495493,2373351
2022-08-08,501.0595568481,502.3495362595,495.0365594524,497.987735372,1656562
2022-08-09,501.1430806949,506.4700460341,497.7835659688,498.6002435818,2147371
2022-08-10,501.3843718078,502.9806053241,495.3984961218,499.0271432431,2291822
2022-08-11,499.5097254689,499.8750030922,491.5610393835,494.5168555168,3006208
2022-08-12,497.0689730574,505.2218285461,495.9924434767,504.5768388404,1981072
2022-08-15,502.6929120741,507.8342688649,499.8066991464,505.4491990179,1447471
2022-08-16,505.9781833809,508.0477186956,503.3611028484,506.8227022761,1773163
2022-08-17,506.0060246631,508.3725336553,502.6001077999,505.783294405,1471658
2022-08-18,505.7925748325,508.6880681876,502.8321184854,505.9874638083,1486507
2022-08-19,506.2473157761,513.3281890935,505.6116064978,508.8643963086,2257960
2022-08-22,502.4330601063,509.978047599,502.3959383966,505.384236026,1673062
2022-08-23,504.1963413162,504.1963413162,494.8416704765,497.2453011784,2039750
2022-08-24,498.0619787914,501.013154711,496.5214278396,497.8578093881,1761303
2022-08-25,496.5121474122,503.0177270338,493.0227067022,502.6001077999,1966031
2022-08-26,503.2404572919,504.103537042,490.2107371938,491.1666212181,1906675
2022-08-29,488.1504823065,494.5539772265,485.245708524,491.649203444,1674213
2022-08-30,492.2431507989,492.8742198634,484.2434223626,485.2178672417,2013614
2022-08-31,483.3432209028,489.1713293228,481.7980297373,481.9604372172,2891267
2022-09-01,481.9604372172,486.5356879354,478.025535991,486.2943968225,2085325
2022-09-02,491.5099970327,491.6677642988,476.8376412812,479.194869846,1944395
2022-09-06,482.5172628624,489.4961442825,479.7238542089,480.4291666929,2711803
2022-09-07,479.7980976283,485.8303754515,477.6450384668,484.141337661,2504420
2022-09-08,483.4638664593,490.4613087342,481.4778549913,489.551826847,1557462
2022-09-09,491.3902631648,491.3902631648,486.5027067895,488.1412018791,2495566
2022-09-12,488.7556375377,498.0838879913,486.4282297399,494.5741570322,2792131
2022-09-13,487.8246744186,488.9976879487,476.6251880956,478.4778047026,3172459
2022-09-14,478.5150432274,479.7997723318,471.1604345864,474.5770692335,2648242
2022-09-15,480.6562584014,491.5299076327,478.6455642567,486.8099246188,3058112
2022-09-16,482.7229965258,486.726137938,481.3824096343,485.0504043236,3981880
2022-09-19,482.7881639442,487.8246744186,477.5561512147,487.405741015,2130831
2022-09-20,488.0481055672,488.4484197084,479.2691233539,486.7075186757,2421736
2022-09-21,488.7835664313,491.5578365263,476.6717362516,476.7275940387,2427676
2022-09-22,475.7500827636,485.0038561677,471.1698373139,481.7361756196,2276736
2022-09-23,478.105419455,479.129478886,471.4211042597,478.151967611,2536898
2022-09-26,472.36137701,477.1837659671,464.5505964406,473.2644112356,2867422
2022-09-27,475.135647105,481.1170851453,468.8144075262,473.2737208668,2583422
2022-09-28,471.5142005716,480.6283295078,466.226330055,478.4591854403,3027461
2022-09-29,479.2318848291,479.2318848291,467.781038464,473.7019639016,2391995
2022-09-30,475.815250182,480.8889991812,469.9874210563,470.1736136801,3115982
2022-10-03,472.0727784431,482.0620127113,470.508760403,479.9207975373,2562378
2022-10-04,482.5647327956,488.3739426589,481.1496688545,487.0519750297,3189949
2022-10-05,485.0317850612,492.8053271059,484.2218471476,490.6827311943,2281842
2022-10-06,491.8557447244,492.0838306886,481.0658821738,483.2908840285,2187472
2022-10-07,478.6733069577,478.6733069577,466.468380466,469.9967306875,3273730
2022-10-10,470.6949530268,471.3559368414,460.8453632265,464.4202616039,2459074
2022-10-11,462.6607413088,471.8400376633,460.9943173256,465.3046765671,2844484
2022-10-12,467.4645110035,473.1620052925,463.8151355765,465.444321035,2254405
2022-10-13,459.3837511295,478.0216327743,454.0679517193,474.7074040702,3999686
2022-10-14,484.1008219421,493.3266664526,476.5879495708,477.7051053138,5629394
2022-10-17,481.9968452929,488.1132729855,479.7066760199,485.8510326061,3282253
2022-10-18,495.2723793716,495.2723793716,482.5414587176,486.1582504354,2345539
2022-10-19,485.7206977694,487.6524462416,479.0736210989,484.3987301402,2500475
2022-10-20,486.9402594554,492.8704945242,483.8960100559,484.9200694869,2390876
2022-10-21,482.294753491,499.491969709,482.2482053351,496.8829455676,2896214
2022-10-24,500.9233255046,508.7527253364,500.6719654625,504.2096253151,2627131
2022-10-25,500.6626558313,506.3694597515,497.0412092979,502.9248962107,2411856
2022-10-26,504.0048134289,509.8326425546,502.9109317639,505.6712374121,2863742
2022-10-27,508.7899638612,508.7899638612,502.4966531759,504.3958179389,2212194
2022-10-28,507.3469710265,514.8226048731,506.1553382341,513.1841097834,2761938
2022-10-31,516.6845311113,519.5705167806,512.1507407212,516.8241755792,2770635
2022-11-01,516.6845311113,517.3268956635,506.6487486872,509.5254247253,3339099
2022-11-02,506.8256316798,516.2935266013,505.5781411002,505.9132878231,2697704
2022-11-03,504.3399601518,510.046764072,500.9791832918,506.0808611845,2245262
2022-11-04,509.2833743143,509.9443581289,490.7478986126,501.0164218165,3513052
2022-11-07,501.0164218165,509.1902780024,498.5028213949,507.3935191825,2540371
2022-11-08,509.2833743143,516.4983384875,504.5820105628,514.869153029,2797204
2022-11-09,515.548756106,516.3214554948,502.1987449778,503.3345199831,2672602
2022-11-10,511.0335849782,513.6123528182,497.0877574538,506.6022005312,3426381
2022-11-11,508.5665327126,508.5665327126,474.4653536592,486.0372252299,7034283
2022-11-14,485.9627481804,492.4608707518,477.9657749871,478.2823024476,5238379
2022-11-15,477.4071971157,480.9681310463,466.2006354729,468.2837585483,5103837
2022-11-16,470.9649323313,478.6360684329,470.5739278213,476.206254692,3430771
2022-11-17,476.8020710882,490.5989445136,476.8020710882,479.7346049135,4247498
2022-11-18,486.0744637547,496.1986876751,483.597263991,493.4104531333,3566312
2022-11-21,492.4887996454,495.2258312156,479.7997723318,481.4848155774,3349944
2022-11-22,484.044964155,488.4346414542,484.0170352614,486.9774979802,2567508
2022-11-23,488.7556375377,493.8200769057,486.8937112995,493.1404738288,2238349
2022-11-25,497.1343056098,503.5114029758,495.7564801935,500.504392101,1419205
2022-11-28,498.8379681178,502.3290798145,494.9837808046,495.5237394137,2702268
2022-11-29,494.9651615422,496.1754135971,487.4988373269,491.5485268951,3751059
2022-11-30,493.14978346,510.242266327,491.0644260731,509.9443581289,9688890
2022-12-01,514.2267884768,514.8226048731,498.8100392242,499.8434082864,2997802
2022-12-02,497.5716275144,502.9691539432,497.2074345547,500.6812750936,2346191
2022-12-05,496.320297858,504.6220296835,495.7506627158,499.6353876196,2424963
2022-12-06,499.0564141964,504.8181335849,498.8883251381,503.6321718955,3097655
2022-12-07,505.0515906103,509.7814299463,503.9257674507,506.9846147812,2849099
2022-12-08,508.8055795798,514.8100942748,507.7970452298,511.6630935715,2272332
2022-12-09,511.6724318525,512.1953755896,503.2119492497,503.5201125233,2852394
2022-12-12,505.9947569932,509.943916036,503.5948187714,509.7394076817,2714056
2022-12-13,514.1283997604,514.5299458442,499.6914173057,502.6049609835,3369673
2022-12-14,506.0694632414,507.5168967993,496.3950041061,502.7356969177,2654614
2022-12-15,498.6548681126,498.7295743608,490.6986526848,492.7624127899,2964503
2022-12-16,490.3998276922,491.0161542394,481.5938286916,489.0457769445,7109084
2022-12-19,489.8862222361,492.3245407929,486.4572054461,488.9523941343,1808107
2022-12-20,492.1180713996,492.1180713996,485.310464537,485.786716869,2086249
2022-12-21,488.9804089773,492.9490850274,483.816339574,492.6316768556,2182136
2022-12-22,491.6418190676,494.0044041653,487.1127527736,492.2114542098,1852690
2022-12-23,489.4193081852,496.1522087996,488.2940453225,496.1522087996,1292327
2022-12-27,498.5988384265,500.382450101,494.7841506304,496.7872119089,1596719
2022-12-28,499.6634024626,502.5395930163,492.8128395074,493.4814604283,1694377
2022-12-29,497.3008173649,498.365381401,493.8643299501,494.816834614,1379681
2022-12-30,494.9288939862,495.3958080371,490.1103409806,495.0969830445,1849605
2023-01-03,490.3811511301,490.848065181,478.2694940318,484.320606749,3525627
2023-01-04,484.320606749,484.320606749,467.4743477915,471.1162773887,5070439
2023-01-05,467.8572173132,468.8657516632,456.175027759,457.5384167877,5497123
2023-01-06,459.0605565937,460.2558565641,455.278646164,457.5757699118,4841278
2023-01-09,459.8262956372,466.9047126493,456.212380883,457.6317995979,3702782
2023-01-10,456.5018675946,458.0146691196,450.7401482061,453.8404575043,3164038
2023-01-11,453.177439552,462.8052072822,452.9066294024,460.7507854581,4274212
2023-01-12,457.5757699118,465.728089241,453.1120715849,462.8705752493,3726800
2023-01-13,453.9431785955,475.785417898,453.8404575043,457.174223828,5390067
2023-01-17,458.696363634,460.3212245312,451.7673591182,452.9813356506,4495565
2023-01-18,455.7548051131,457.1088558608,443.3348913584,444.7262952301,4398196
2023-01-19,446.2484350362,454.204650464,445.7985166567,452.3089794173,4549554
2023-01-20,453.4015582964,454.7649473252,447.3036607913,454.5128137376,3525905
2023-01-23,454.4754606136,457.6691527219,449.5355099547,453.663030165,3418670
2023-01-24,467.1568462368,467.1568462368,448.2374888931,459.0698948747,3036295
2023-01-25,456.9034136784,462.5810885377,453.5883239168,459.9103401664,3037315
2023-01-26,459.9103401664,463.5989611688,458.1174835936,459.8916636044,3004962
2023-01-27,460.722770615,460.722770615,452.4117005085,453.8871489094,3177132
2023-01-30,455.5306863687,462.4783674465,452.7198637821,453.6443536029,3606855
2023-01-31,465.0463947266,472.0501054906,460.4986518706,466.1576501679,5567038
2023-02-01,466.8673595253,471.0042180165,462.8705752493,464.1125666248,3451202
2023-02-02,461.5538776257,462.2449104211,433.1935181722,439.6742851991,11169877
2023-02-03,443.7831288473,447.0982186089,438.6657508491,440.7855406403,5440070
2023-02-06,440.7668640783,447.2709768077,439.8423742574,443.7924671283,4174173
2023-02-07,439.8703891005,446.4445389376,437.9934879985,445.3239452153,3394630
2023-02-08,444.0072475917,452.939313386,443.671069475,451.2444153811,3466399
2023-02-09,453.4949411066,457.2909523407,450.4786763376,453.5883239168,3664633
2023-02-10,456.7633394631,462.8612369683,456.4084847844,461.5445393447,3418087
2023-02-13,461.3110823192,466.7879841366,459.219307371,462.5717502567,2589104
2023-02-14,461.5818924687,465.0029717199,456.7259863391,460.21850344,2072571
2023-02-15,457.2489300761,459.2846753382,456.0723066678,458.7430550391,2243051
2023-02-16,458.6496722289,461.3110823192,455.0264191937,455.1011254418,2611457
2023-02-17,455.1291402849,466.4097837554,455.1011254418,466.0549290766,3891503
2023-02-21,463.8324181942,468.2167411325,458.0426839627,458.7990847252,2877341
2023-02-22,460.199826878,461.208361228,456.3337785363,456.5392207187,2982761
2023-02-23,454.4567840515,460.6854174909,453.7157914527,459.1539394039,2511809
2023-02-24,457.183562109,459.9196784474,451.0483114797,452.2809645742,2940610
2023-02-27,456.4271613465,458.4535683275,450.0677919728,451.3377981913,3006212
2023-02-28,450.7308099251,451.3751513154,442.5598140338,444.4461467996,3902052
2023-03-01,442.2703273223,446.7480330707,440.7668640783,443.7737905662,2996913
2023-03-02,443.7644522852,448.6390349769,441.9341492056,446.0896842589,2189176
2023-03-03,446.3138030033,447.3970436015,442.8399624644,446.8927764265,2863285
2023-03-06,449.5168333927,452.2996411362,447.3036607913,448.9658748126,3812682
2023-03-07,451.0202966367,451.8047122423,441.2898078153,442.5224609098,2589219
2023-03-08,440.5334070528,443.9325413436,435.8736048245,439.4595047357,3036582
2023-03-09,442.5878288769,442.5878288769,433.0627822379,434.1460228361,2780394
2023-03-10,433.6966142331,439.4040118186,428.8420461718,431.4099064976,3787451
2023-03-13,429.8354519912,440.8191465238,429.8354519912,434.5494437573,2971643
2023-03-14,435.4585037997,440.3217875913,430.2103221118,435.3929015286,3258220
2023-03-15,432.0284421965,439.4218181494,430.3883854191,436.1895005348,3770207
2023-03-16,435.5147343178,443.649415934,434.0058820825,442.3654857711,2941004
2023-03-17,441.7750653312,442.3561140181,437.004843047,440.0038040115,5289996
2023-03-20,440.4723916622,449.6754531221,440.4723916622,446.99513176,3119552
2023-03-21,448.3352924411,451.2030488634,445.8330343863,449.9378622065,3163424
2023-03-22,451.6716365141,455.2235309064,444.989576615,445.645599326,2632211
2023-03-23,447.4168606457,450.4720521283,437.3515979085,440.3880458851,3284884
2023-03-24,439.5164728548,446.9201577359,438.2137991858,446.0860717177,2533418
2023-03-27,455.0454675991,455.7389773222,448.5227275013,451.624777749,2271779
2023-03-28,451.7184952791,453.3960390687,441.1190426202,442.8903039399,2369491
2023-03-29,445.2613574524,445.9829824345,435.7396563901,437.2766238844,3733210
2023-03-30,437.2578803784,440.8565398183,432.1081020972,440.5286221803,3324845
2023-03-31,441.8968981204,446.0907575942,440.5661091924,442.8996756929,3996695
2023-04-03,454.7174562437,464.9607822881,453.1149801958,463.1426622033,4729089
2023-04-04,462.0555388537,464.9279811525,460.940300245,462.26171742,2624755
2023-04-05,466.1416231678,479.5900887431,464.932667029,477.2377787365,4964776
2023-04-06,478.89657902,481.9330269966,475.2902347427,480.5928663156,3472551
2023-04-10,478.7185157127,483.0107785932,476.1693988929,482.8139717799,2714548
2023-04-11,483.7136600693,489.4116859018,482.851458792,488.2402167751,3065335
2023-04-12,491.9982897337,493.6102312521,487.3686437447,488.4463953414,3422561
2023-04-13,490.9955121612,497.1246386324,487.7997443834,493.1697588605,4224353
2023-04-14,489.2055073355,494.1163059149,476.5536407665,479.6369475081,4871970
2023-04-17,476.7598193328,477.575161845,471.1648827834,473.601538567,3645537
2023-04-18,472.0270840607,475.1385060614,466.8445046439,472.7861960548,3232033
2023-04-19,469.1968146504,470.4338860483,453.2414051439,455.6546315451,5809078
2023-04-20,454.970493575,458.8878863349,452.8993361589,456.8354724248,3283234
2023-04-21,459.2533847025,459.9000356604,451.8496998213,453.4241543277,3165280
2023-04-24,453.0399124541,459.4220762567,452.325878592,458.2224918709,2322433
2023-04-25,461.7275274982,467.1843244082,459.7594593652,461.0152742691,2937292
2023-04-26,455.3453636956,457.0603944972,448.307177182,452.6088118155,2899105
2023-04-27,451.9059303394,460.1343294858,451.9059303394,459.6563700821,2473223
2023-04-28,457.9881980456,462.927111884,457.4540081238,461.1745940704,2398914
2023-05-01,463.5175323239,468.0112878941,460.9113415282,464.5577969085,2105592
2023-05-02,464.1360680228,465.5043439629,458.5317597204,462.3929219622,2152342
2023-05-03,463.3394690166,464.3235030831,457.3696623466,458.6910795216,1749709
2023-05-04,456.4512305513,458.925373347,451.6716365141,456.6667808706,2555690
2023-05-05,463.0208294141,469.3842497107,461.1183635523,463.2270079804,2329402
2023-05-08,461.1277353053,463.2926102515,457.6414431841,461.6712969801,1738461
2023-05-09,461.8774755464,468.0253455237,459.4970502808,459.572024305,2038644
2023-05-10,458.6535925096,462.4632101098,457.0041639791,459.2814999615,2018899
2023-05-11,457.3415470876,459.3283587266,455.1485568823,458.0538003167,2384419
2023-05-12,458.0538003167,461.9337060645,457.1025673857,460.3686233112,1536748
2023-05-15,460.5279431124,460.8934414799,453.3116932915,456.273167244,2169713
2023-05-16,456.9854204731,458.4755292023,448.9163411279,449.5817355919,2179518
2023-05-17,449.8441446763,454.9048913039,447.5386934349,454.3519578761,2682082
2023-05-18,451.7653540442,452.2339416949,444.1180035847,449.1225196942,3040115
2023-05-19,449.4505310497,454.3425861231,447.7917307662,448.7382778207,2318047
2023-05-22,450.2565018089,451.9100539108,447.8854482964,450.4251933632,2242831
2023-05-23,446.2641350249,453.0211689481,442.856565629,449.3193265075,2874407
2023-05-24,450.4158216102,452.918079665,448.8038800918,450.6220001765,1904673
2023-05-25,447.623039212,451.5029449598,444.5022454583,447.6886414831,2684136
2023-05-26,448.0260245916,457.7070454552,447.9697940735,451.2686511345,3135257
2023-05-30,446.7327226757,455.3453636956,446.1235587297,449.7035683811,3180817
2023-05-31,448.0822551097,456.7792419068,447.1357080553,456.6292938585,4503585
2023-06-01,457.1447402743,467.4442968368,455.5702857679,462.6178440345,3376556
2023-06-02,461.0902482932,469.5435695119,459.5532807989,468.1940370779,3064711
2023-06-05,469.2436734155,471.3054590786,466.1650525504,466.891363409,2688805
2023-06-06,468.4939331744,468.4939331744,453.278892156,456.938561708,3816607
2023-06-07,459.1690389253,459.6281611055,451.3436251586,451.8403280683,4381722
2023-06-08,453.9583442495,460.921556739,452.1214806588,459.4314480097,2726055
2023-06-09,459.2065259374,466.9189163628,456.615236229,462.6084722815,3174372
2023-06-12,461.3714008837,463.3863277817,458.0164070221,461.6431817211,2207832
2023-06-13,460.0312402026,463.583134595,457.9600827865,460.4435973353,3016633
2023-06-14,426.0773790326,431.691059088,417.680288332,430.969434106,14672357
2023-06-15,434.7127581554,444.1317384561,433.6965245166,438.3824907401,6798125
2023-06-16,438.6177300083,440.8525030567,430.892472439,431.4194083999,7699120
2023-06-20,429.7821430929,442.7108932759,429.7821430929,441.6758404956,4598303
2023-06-21,441.2618193835,451.0618872988,439.605734935,448.6012845529,4886662
2023-06-22,449.9468531673,454.6516385323,449.7774808941,450.7654858208,3179488
2023-06-23,450.0879967282,453.8000723812,448.4130931383,448.8365238211,4862584
2023-06-26,449.9092148843,452.8920488058,445.0726955291,450.7748953915,2968328
2023-06-27,449.8998053136,454.6516385323,449.5610607673,454.068245147,3693167
2023-06-28,453.5036709032,453.6542240349,445.9948334607,446.437083285,3670111
2023-06-29,447.029886241,451.386517489,445.147972095,448.3095878602,2979403
2023-06-30,449.7774808941,453.6354048934,447.0675245239,452.2616075669,3970398
2023-07-03,449.8715766014,451.8569960255,448.17785387,449.6645660454,1915740
2023-07-05,447.9237954603,449.1094013723,442.8049889832,443.3977919392,5053717
2023-07-06,441.6382022127,444.5081212853,439.0976181156,441.6476117834,3914139
2023-07-07,437.5450389451,440.9418939787,433.61183838,434.3269657555,4131582
2023-07-10,432.8402535801,435.7572205064,432.0499437345,435.7101726528,4339421
2023-07-11,435.0703218431,438.9470649839,433.9129446433,435.5596195211,3087467
2023-07-12,435.6631247991,437.375666672,424.6068791914,425.0303098742,7287591
2023-07-13,425.3125969961,428.0413725078,420.7771839043,421.3135294359,7276840
2023-07-14,435.2396941163,456.3641804051,432.9437588582,451.8193577425,11379333
2023-07-17,452.7038573912,455.9877975759,450.059768016,455.498499898,4582703
2023-07-18,460.4385245312,474.6375667628,458.7165730876,470.4785365001,8817931
2023-07-19,477.5733528306,484.268262405,472.8121100412,473.9600776702,4956477
2023-07-20,476.7453106063,478.6460438938,470.9725389635,474.4681944897,2963123
2023-07-21,475.2303697188,480.2691948447,474.7316624701,476.6229861868,2887339
2023-07-24,475.4938376992,479.6810966741,474.7740055384,478.6460438938,2278967
2023-07-25,479.8881072301,482.2404999126,477.3239992062,480.763197308,2730622
2023-07-26,481.3371811226,485.4021156779,476.7170818941,478.0061930841,3697182
2023-07-27,478.5425386157,480.3585857666,473.4237321386,475.3997419919,3028276
2023-07-28,475.3809228505,477.5168954062,467.9191332616,473.2167215826,2930900
2023-07-31,473.3014077191,477.8932782354,469.5940368515,476.4724330551,2441688
2023-08-01,477.5357145476,479.9257455131,472.8215196119,474.9386730262,2161660
2023-08-02,479.5964105375,480.3303570544,473.2919981484,474.9951304505,3221607
2023-08-03,473.1979024411,476.1242789381,471.4571318561,475.0515878749,2443050
2023-08-04,479.8881072301,480.7302638105,472.1252113779,473.0473493094,2411227
2023-08-07,475.8796300992,483.2755526929,474.8498466785,480.5844154642,2430910
2023-08-08,473.3014077191,478.1614510012,470.4973556416,475.9925449479,2422671
2023-08-09,474.2423647921,475.8720083469,471.3065787244,472.4639559242,1917137
2023-08-10,474.6846146164,481.8030489694,473.0943971631,473.7530671142,2179754
2023-08-11,475.7761248211,480.518548469,474.4800505488,478.0156026549,2029635
2023-08-14,479.0882937181,483.1814569856,478.2414323524,480.763197308,2127417
2023-08-15,481.3748194055,483.3226005466,476.3783373478,476.7735393185,1817631
2023-08-16,478.0061930841,480.3585857666,473.1414450167,473.82834368,1454137
2023-08-17,466.2254105302,471.6359136999,462.781507643,464.7951557792,3009465
2023-08-18,465.5667405791,471.3630361488,464.3623155256,469.0106434663,2364508
2023-08-21,468.1355533884,470.7137757684,466.9217187642,468.2955160908,1533600
2023-08-22,466.1689531058,467.4580642958,462.3204386772,463.270805321,2079660
2023-08-23,463.8918369891,464.8327940621,459.121184629,460.5420298093,2011353
2023-08-24,462.4145343845,466.1689531058,458.4436955365,459.2811473314,2311263
2023-08-25,460.9936892043,462.1510664041,456.0348454296,460.2409235459,1923586
2023-08-28,461.5300347359,463.9465065951,460.2503331166,462.2733908236,1344594
2023-08-29,462.4521726674,463.8353795648,459.1588229119,463.7318742867,2113674
2023-08-30,464.8233844914,467.38278773,461.3418433213,462.5086300918,2283649
2023-08-31,463.2896244624,464.663421789,448.1684442993,448.4413218505,4927736
2023-09-01,450.7184379671,452.2710171376,445.4114400754,448.1213964456,3165860
2023-09-05,449.7774808941,455.9877975759,449.3484044688,452.4215702693,3443268
2023-09-06,453.6259953227,454.6328193908,448.2484256505,448.7800663967,2596242
2023-09-07,451.5652993328,458.3448950438,450.3420551379,456.1853985613,2928070
2023-09-08,453.6050420639,456.231131772,452.2447653806,454.1529312836,1858464
2023-09-11,455.2959415522,457.0529656015,451.5362879413,452.8398864295,2059286
2023-09-12,450.9506132582,456.8640382844,445.9818248177,453.3310974541,2195320
2023-09-13,454.7763914301,457.2418929187,452.9154573564,453.2744192589,2197825
2023-09-14,455.9099553329,458.403795919,452.2707428867,456.826252821,2334531
2023-09-15,458.8477751143,462.7018923837,457.3363565772,459.7546262365,5334308
2023-09-18,461.369954798,461.6816848712,456.8240801568,459.1500588217,1997493
2023-09-19,456.9773946747,458.8383287484,450.1571185263,454.0490212592,3230987
2023-09-20,456.0233117232,467.6990199218,452.613173649,464.8840028966,3725282
2023-09-21,466.829954263,477.169001693,465.7814076529,473.3951785333,4703959
2023-09-22,471.37365624,481.2250822644,470.4573587519,478.0805759981,4558659
2023-09-25,480.1209910231,482.6478938898,478.5812333885,482.0291569262,2758591
2023-09-26,480.7633439014,481.2167694625,476.4558010708,477.4665622175,2420166
2023-09-27,478.2033787543,478.3261815104,473.3101612406,475.8417872901,2593742
2023-09-28,477.957773242,485.6849005126,477.0509221198,481.8591223407,2922128
2023-09-29,481.6229631943,481.6513022919,475.9079118511,476.2763201195,3006233
2023-10-02,477.5421331443,486.3366997567,475.2797285217,486.0816478786,3550376
2023-10-03,484.8819594148,485.5243122931,480.2154546817,481.2640012918,3143403
2023-10-04,481.2781708406,483.4838972681,478.5623406568,482.3503333653,2801845
2023-10-05,483.2949699509,489.5201250504,482.9265616825,487.6497446108,2790666
2023-10-06,487.8575646596,496.8316122233,487.4135854644,495.7547265157,3647187
2023-10-09,492.2973566122,497.7006778821,491.4471836851,497.3606087113,2341552
2023-10-10,497.3511623454,498.9003663459,494.1205052225,495.2162836618,2455689
2023-10-11,492.0800901975,496.4915430525,491.4282909534,495.1123736374,2819534
2023-10-12,495.4335500765,499.3160064436,493.3364568564,496.4443112232,2377335
2023-10-13,503.7274592986,514.3168354237,502.5466635665,509.5369743003,5245988
2023-10-16,513.1077005941,516.5083923024,506.4385662994,508.242822178,3827781
2023-10-17,510.0470780566,512.4039463378,504.9743795916,506.9392236898,2586106
2023-10-18,512.9754514721,513.8634098626,505.7537047748,506.3818881042,2551563
2023-10-19,507.0998119093,508.5356595195,499.948912956,502.1971480298,2351431
2023-10-20,501.6020269808,504.8421304696,497.6062142235,497.8518197358,2811061
2023-10-23,497.8518197358,498.560297175,491.4849691485,492.6941039782,2357728
2023-10-24,493.9126851736,501.2902969076,493.166422271,495.9342074669,1978223
2023-10-25,498.0785325164,502.8867327373,491.2865954655,500.8557640782,2380055
2023-10-26,496.5954530769,501.1013695905,493.5915087345,499.1081863947,2675811
2023-10-27,496.8693976867,498.5225117116,492.4012666366,495.6130310278,2585616
2023-10-30,495.9342074669,502.3766289811,493.9882561005,500.6479440293,2555488
2023-10-31,505.3805733235,506.9675627873,502.187701664,505.9095698114,2464432
2023-11-01,500.6384976635,506.1646216895,497.6345533211,502.1688089322,2747517
2023-11-02,502.5466635665,507.1187046411,497.771525626,506.4480126652,2351091
2023-11-03,504.9743795916,506.3063171774,499.5238264924,501.5075633223,2739692
2023-11-06,502.1971480298,506.3441026408,500.7046222245,503.9258329815,2684944
2023-11-07,505.7206424943,509.7731334467,502.0932380054,508.0538948608,2604887
2023-11-08,510.1037562517,511.4215242887,504.5681858598,507.0147946166,1769355
2023-11-09,507.8366284461,510.9633755447,504.8893622989,509.1591196661,1819805
2023-11-10,512.6353823013,512.6353823013,506.3441026408,511.2467665203,2480816
2023-11-13,511.1900883252,514.0239980822,508.1294657877,512.5314722768,1507912
2023-11-14,509.1874587636,512.6306591183,506.8069745678,510.5382890811,2453957
2023-11-15,510.150988081,510.5382890811,502.2633670545,508.6017840805,2473801
2023-11-16,508.6017840805,514.694690058,507.71382569,509.9337216663,2360281
2023-11-17,510.3588081298,510.5949672762,499.089293663,506.5991545189,2676925
2023-11-20,504.0675284694,506.6463863482,502.3577362494,505.475036982,2518566
2023-11-21,507.9972166657,511.6812993497,504.6154176891,509.7164552516,2115756
2023-11-22,512.9093269111,514.2601572286,510.344638581,513.6555898138,2234478
2023-11-24,514.760814619,517.2735479368,512.7581850574,516.8106760098,1134977
2023-11-27,516.8106760098,520.3899984965,511.5534900197,513.4950015942,2675815
2023-11-28,515.4220602289,515.6015411802,510.1698808127,510.6044136421,2859309
2023-11-29,500.6573903952,511.860780301,499.3821310046,505.3616805917,4549977
2023-11-30,506.1268362261,523.2719902557,504.4453831037,522.3556927676,7121207
2023-12-01,521.7333672347,525.7903034139,516.7475064163,518.643270986,3462153
2023-12-04,519.6859414993,523.1077965477,514.7333513492,519.704899145,2709303
2023-12-05,520.4821626186,523.7333988557,516.9276040504,521.5817060691,2645818
2023-12-06,519.0224238999,523.1172753706,518.5863980489,520.8897520011,2233245
2023-12-07,522.6148977596,522.7665589252,516.140861754,519.6954203222,2511800
2023-12-08,521.5437907777,522.9750930278,516.1598193997,521.1172437495,2039910
2023-12-11,521.1077649266,521.335256675,510.9654244786,515.3446406347,3655411
2023-12-12,517.3541510786,518.95607214,514.3683218813,517.2783204958,2706170
2023-12-13,515.6479629658,520.7854849498,510.5199198047,520.396853213,2876618
2023-12-14,515.9323276513,516.5200146679,501.8088816068,506.3966318656,5386810
2023-12-15,502.3776109777,505.6951989748,495.7045196923,503.4392391368,9030116
2023-12-18,501.5339957442,503.7709979365,497.8562124789,499.107417095,3260319
2023-12-19,497.2495678166,500.1216511398,494.5860185962,496.7282325599,3640149
2023-12-20,496.5481349258,497.477059565,488.9840342926,489.0409072297,3847805
2023-12-21,491.8371599701,493.6759568145,489.5812949203,492.7850422549,2491554
2023-12-22,492.7850422549,495.7519138065,491.0219812051,493.1926316374,1759571
2023-12-26,492.7850422549,494.3016539107,490.9745870908,492.9272245976,1390912
2023-12-27,492.6618175579,495.8940961493,492.2921434668,495.5433797039,1850387
2023-12-28,496.1879396576,500.358621711,495.6855620466,497.5434113249,2001208
2023-12-29,498.5671241926,500.7093381564,496.6144866858,499.0315865122,2080197
2024-01-02,499.3823029576,511.5341538495,499.2211629691,511.2308315184,3415659
2024-01-03,514.7379959724,518.2925545406,511.3635350382,513.7806348646,2891500
2024-01-04,516.5958452507,520.3873743901,514.700080681,516.9939558103,2994377
2024-01-05,518.4916098204,518.4916098204,505.9084724889,509.37298224,2813853
2024-01-08,511.2877044555,512.0934043976,500.481846408,508.557803475,2648939
2024-01-09,509.9606692566,511.4867597353,504.5861767015,510.311385702,2677038
2024-01-10,510.0554574851,512.9938925682,508.2070870296,509.6194316341,2179994
2024-01-11,508.188129384,512.008094992,506.6716125164,511.5531114952,2814058
2024-01-12,491.8182023244,500.9367351165,486.3868368321,494.3300903792,6327267
2024-01-16,496.4154314059,497.164258411,489.6285942463,492.093088187,3736718
2024-01-17,494.1120774537,502.9984738743,492.8987881291,497.5813266163,3791496
2024-01-18,478.8985667817,489.9034801089,471.5335214283,489.4295389665,7367041
2024-01-19,488.1593767048,490.5764765312,475.6662881903,477.3156033659,6143395
2024-01-22,477.6757986342,486.8039050374,470.6235544348,486.2541333122,5922855
2024-01-23,485.7896709926,491.0788541422,485.391560433,488.6522754929,2673106
2024-01-24,490.9082353309,494.5386244819,486.2162180208,486.4816250606,2867963
2024-01-25,462.1779232767,469.6851509728,454.0356144497,467.6851193517,14671004
2024-01-26,467.5713734775,477.438828063,464.3675313547,476.9743657434,6212173
2024-01-29,476.8890563378,480.1118561063,475.0312070594,478.2445280051,4554106
2024-01-30,478.2445280051,479.6758302553,473.2017942496,477.3629974802,4931215
2024-01-31,478.2160915366,488.1593767048,478.2160915366,485.0692804561,5358104
2024-02-01,482.3109430072,483.6308690888,476.7847892864,480.7090219458,4242580
2024-02-02,481.761171282,486.1783027294,479.0502279472,483.637978206,3804521
2024-02-05,483.3820499891,487.3963314655,473.9885365461,476.746873995,3646516
2024-02-06,477.6757986342,484.3109746282,476.2634540297,484.0550464113,2745515
2024-02-07,487.2209732428,493.846670414,485.9697686267,492.3205799353,4109062
2024-02-08,493.4959539686,494.9462138644,490.323771114,492.9840975347,3342976
2024-02-09,491.9414270214,493.2684622202,489.3821448523,491.211557662,2715493
2024-02-12,491.211557662,491.9414270214,486.0835145009,490.6617859368,3194016
2024-02-13,494.7945526988,499.4676123632,487.4105496997,489.9129589318,3436087
2024-02-14,488.4058260988,491.5054011703,487.4863802825,489.9982683374,1918535
2024-02-15,490.3774212514,494.5605205627,488.9176825327,493.7329245398,2292306
2024-02-16,495.0789173843,496.4912619887,491.8466387929,494.3680056706,2135586
2024-02-20,496.8893725484,497.9889159988,492.339537581,493.9035433511,2600288
2024-02-21,496.3775161145,496.3964737602,490.5622582969,494.7661162303,2096023
2024-02-22,496.8798937255,499.2875147291,491.5622741074,499.0600229807,3186819
2024-02-23,499.2969935519,502.8468127087,496.8419784341,499.7614558715,2502146
2024-02-26,500.7851687392,505.0411601982,496.9841607769,497.9415218846,2308927
2024-02-27,497.4107078051,498.1974501015,485.3631239644,486.6617226947,3780619
2024-02-28,469.6187992128,472.566807907,459.1446999651,472.3107849019,9558553
2024-02-29,472.5193190045,475.5999364303,465.978931239,467.8746958087,6833167
2024-03-01,463.912547858,464.4812772289,452.3768204512,464.0168149093,7315039
2024-03-04,458.0546353375,461.65658802,455.078284963,456.7560366072,5239810
2024-03-05,457.2489353954,457.7323553607,446.0876214911,448.4905030832,5296200
2024-03-06,449.7132712307,454.7939202776,443.7890069503,447.9691678266,5577493
2024-03-07,449.2962030254,456.1114766535,448.9170501114,453.827080347,5102043
2024-03-08,455.1891331103,460.8227326504,451.8013604139,453.514279193,4673567
2024-03-11,453.9234764569,466.5895592067,452.971854913,465.4856782157,4407058
2024-03-12,464.5150242409,468.4642536482,463.7680013289,465.6760025245,3868566
2024-03-13,469.6442643627,472.0042857917,461.8504839179,464.3913134402,3494658
2024-03-14,465.0764809518,465.990037634,461.7172569017,465.3429349841,3374581
2024-03-15,463.867921591,467.4555348117,463.867921591,467.0748861941,5713536
2024-03-18,468.2929617703,468.2929617703,462.8449284313,463.4872729735,2970640
2024-03-19,465.9805214186,469.5681346392,464.191472916,469.4539400539,2511743
2024-03-20,468.6450617416,470.6720156302,465.7616484635,470.3199156589,3548160
2024-03-21,468.4642536482,472.1946101005,467.5126321043,467.9027969373,3693408
2024-03-22,471.2429885565,471.8425101292,466.075683573,466.3611700361,2847269
2024-03-25,466.8655294544,467.7029564131,460.6514407725,462.373875767,2786141
2024-03-26,464.5150242409,469.4729724848,461.7553217635,468.4928022945,3113314
2024-03-27,469.8155562406,471.7473479748,467.5411807506,469.2445833143,2653185
2024-03-28,471.0526642477,471.880574991,465.6284214473,470.7671777846,3820008
2024-04-01,470.5483048294,471.794929052,465.0574485209,466.0090700649,2683014
2024-04-02,437.3652615924,441.2478774917,427.8490461531,435.9758941383,11829315
2024-04-03,439.6491532979,440.4580316102,433.5111943395,437.4984886086,4423274
2024-04-04,438.526239876,439.3826992656,430.056808135,433.349418677,5172962
2024-04-05,428.8815555283,435.6047617362,428.2392109861,433.6920024329,5718412
2024-04-08,433.910875388,435.0812747248,431.6460161134,433.9394240343,4508809
2024-04-09,432.3026349787,437.5175210395,430.5706837687,437.4794561777,3504006
2024-04-10,433.4540970469,436.5468670647,428.020338031,428.2772758479,4493483
2024-04-11,428.6008271728,428.9624433595,420.1218792163,420.3502683869,5844125
2024-04-12,419.0322725485,420.8451115897,415.2686093423,417.9521820962,6045671
2024-04-15,420.6167224192,426.6595192232,420.6072062037,424.0711086237,5376771
2024-04-16,453.7046035018,456.5404357027,443.074990856,446.2058257356,11816517
2024-04-17,455.4460709272,464.3913134402,451.630068536,455.8172033293,8759779
2024-04-18,462.611781153,477.7140150553,462.459521706,469.3207130378,8880448
2024-04-19,472.9559073356,482.7576092381,471.5855723123,476.8861043121,6618600
2024-04-22,473.6981721399,475.2588314719,466.9035943162,467.4650510271,4697677
2024-04-23,467.246178072,470.3960453824,461.5079001621,462.6593622302,3646662
2024-04-24,460.3754705248,465.209707968,457.4539923849,463.7251783594,3724418
2024-04-25,465.3048701224,473.0796181363,463.9440513145,469.9678156876,4329652
2024-04-26,468.1977996159,473.1747802907,467.6268266896,471.3857317881,2727016
2024-04-29,471.7283155439,473.288974876,464.1724404851,465.3714836304,2192838
2024-04-30,465.3048701224,466.0185862803,459.2430408875,460.2993408013,3367521
2024-05-01,456.0741411462,465.5237430775,453.9866641274,460.6895056343,2729234
2024-05-02,460.8512812968,469.8060400252,460.5277299718,469.1208725135,3561404
2024-05-03,467.1129510558,468.9448225279,462.2787136127,468.6260293107,2487811
2024-05-06,468.654577957,470.928953447,468.1977996159,470.4626588905,2029503
2024-05-07,472.0042857917,477.3809475149,471.0907291095,476.7243286496,3752131
2024-05-08,479.7790338056,482.472122775,475.8821435832,478.8654771234,3079031
2024-05-09,477.8472420714,483.3951956726,477.8472420714,482.5006714213,2343066
2024-05-10,484.3753658628,488.7290344263,482.472122775,488.0010439452,2784585
2024-05-13,487.2778115718,489.7710600169,482.7671254536,486.9828088932,2454689
2024-05-14,489.685414078,491.1984923328,482.7576092381,489.0192789972,2949795
2024-05-15,489.923319464,497.3079026449,489.923319464,492.5117300635,2981351
2024-05-16,494.8432028461,502.6084346446,494.3769082896,496.0517622069,3655775
2024-05-17,497.6409701853,500.4101888781,494.8527190615,499.2492105945,2657396
2024-05-20,499.2492105945,499.2492105945,491.5505923041,492.2072111694,2476393
2024-05-21,493.2444786523,499.3348565335,490.9605869468,498.2214593271,2521986
2024-05-22,497.5267756,500.819386142,495.4617568497,496.1278919304,2299273
2024-05-23,493.2444786523,495.0573176935,490.3039680815,491.8265625518,3055555
2024-05-24,491.1413950402,492.1215652305,482.9669659778,483.5855199814,2528228
2024-05-28,482.1390552346,482.1390552346,477.6188529009,479.3127392491,2912992
2024-05-29,468.5213509409,470.0058805494,450.373928098,461.2699947761,7521587
2024-05-30,458.9861030706,462.5166189986,454.8750980008,458.3485166362,5170507
2024-05-31,459.0717490096,474.2976937126,459.0717490096,471.404764219,6694985
2024-06-03,470.2247535045,474.5546315294,469.2160346679,473.3746208149,2795265
2024-06-04,474.4404369441,483.6806821357,470.6624994147,481.0351742436,3178436
2024-06-05,484.0898793996,484.4705280172,474.6688261147,478.7798311845,2464359
2024-06-06,479.2841906028,480.2786351162,473.2223613679,477.6378853318,2419608
2024-06-07,477.752079917,478.5324095831,466.6942375765,466.9511753934,3416349
2024-06-10,467.246178072,471.4237966499,462.6688784457,471.0526642477,3332892
2024-06-11,467.1129510558,473.6981721399,466.5657686681,472.2136425313,4599726
2024-06-12,475.8107719674,475.8107719674,463.834614837,469.2160346679,4048214
2024-06-13,466.5610105604,477.7140150553,460.9464434511,473.2413937988,4951694
2024-06-14,472.7941316731,473.7647856479,467.9408617991,473.0701019209,3188374
2024-06-17,469.5671964975,471.2779108478,467.0489102891,467.5602131815,2407163
2024-06-18,468.9746585661,469.8778010583,457.8215655672,459.7425353125,3692708
2024-06-20,458.7772719082,464.396825193,456.9327586702,463.0588363156,5258232
2024-06-21,462.9823798084,466.6714062844,459.3029103957,461.2143230776,6775974
2024-06-24,467.2066018353,469.1466857075,463.0397221888,468.2769929372,5139763
2024-06-25,468.9077591222,468.9077591222,459.3124674591,463.0397221888,3209889
2024-06-26,463.0397221888,465.8494988312,460.1439319757,462.600097272,3153096
2024-06-27,463.5653606763,467.3165080646,460.6982416535,464.8937924903,2992070
2024-06-28,474.3839564559,486.8368100784,467.7274617912,486.7030111907,22734197
2024-07-01,484.2994097432,486.3685139713,471.0590540957,472.7401415494,4523141
2024-07-02,472.3674160765,476.3909397718,471.5359515598,476.1711273134,3312171
2024-07-03,475.1007362116,476.0182142989,464.9702489975,468.1909793665,2239210
2024-07-05,467.3404007231,467.9807239715,463.0397221888,466.3942514455,3498996
2024-07-08,467.5219849279,472.0042476669,464.6357517782,467.665340879,3450841
2024-07-09,466.7000774746,473.4569213051,464.5592952709,470.3126474434,3057284
2024-07-10,469.1944710245,479.2867299849,468.4108873956,478.7419773706,3189837
2024-07-11,475.6550458893,486.19648683,475.6550458893,482.02005012,3536225
2024-07-12,484.4666583528,491.7778118611,481.1312432229,488.8724645846,3570624
2024-07-15,501.019492178,507.3175969649,491.0419179786,492.5423769338,5127979
2024-07-16,510.2516154316,525.5620310136,503.7814835034,524.5585393556,11061994
2024-07-17,529.4613128846,548.2027142306,526.8809057641,547.8873311381,10330780
2024-07-18,539.4962294646,555.7432372607,536.5527495051,539.34331645,6834821
2024-07-19,542.0001800779,544.6570437057,536.6673386954,540.2894657276,4290440
2024-07-22,538.1104552702,539.2573028793,532.4048884147,533.7906626091,3377308
2024-07-23,534.0391462578,534.0821530431,528.3242134802,530.1303073233,2785570
2024-07-24,535.1955509303,536.2754990956,528.5247206705,534.9566243451,3156232
2024-07-25,537.1069636122,544.6474866423,533.8384479262,534.8897249012,3102947
2024-07-26,535.1955509303,553.4782132326,535.1955509303,544.4850165643,3202023
2024-07-29,540.6526341371,546.0428179001,536.8775940904,541.6465687317,2965169
2024-07-30,541.7899246828,553.7648295643,540.9202319126,550.802235478,4139053
2024-07-31,540.3945934251,555.1728717164,537.4127896413,550.6397654,4713230
2024-08-01,551.6336999946,561.4774753064,541.981065951,547.3999209042,3680778
2024-08-02,556.5364735237,565.3385289238,549.7700726298,563.7042710808,5094041
2024-08-05,556.3357751921,560.8275949945,541.6584194903,544.7143860861,4587352
2024-08-06,543.0418999895,551.9395260237,537.6134879729,543.1756988772,3216525
2024-08-07,541.512769844,546.3295298023,532.352324566,541.0062454833,4320853
2024-08-08,539.3719876402,547.0940948751,539.3719876402,541.1591584978,2860848
2024-08-09,539.5344577182,540.8628895321,532.9305269023,534.0104750675,2976835
2024-08-12,537.4127896413,543.7969079988,536.1990425883,540.2512374739,2532389
2024-08-13,544.7430572764,550.2288116734,543.7969079988,548.8048092254,2369555
2024-08-14,549.7605155663,555.3752903194,547.8755759501,553.9942946567,2344386
2024-08-15,553.9942946567,557.501736928,548.1071435965,553.9369522763,2751927
2024-08-16,555.1889275829,555.8865932118,548.6710103377,552.0924390383,2728939
2024-08-19,552.4747215746,557.4635086744,551.5094581703,553.1437160133,1847941
2024-08-20,554.1663217981,557.9509189083,550.008999215,554.9308868709,1677473
2024-08-21,555.7527943241,557.5495222451,551.853512453,552.4651645112,2844546
2024-08-22,553.5928979935,557.129011455,545.3451522712,553.0863736328,2282117
2024-08-23,555.2653840902,559.2841292539,552.8283329208,558.6199133469,2376416
2024-08-26,562.0031137939,565.8641674113,559.7954321463,561.1238639602,1800112
2024-08-27,563.360216798,566.1030939965,557.922247718,561.3341193552,1581952
2024-08-28,562.9205918812,566.580947167,558.0082612887,562.4714099009,1657042
2024-08-29,564.5166214706,566.3611347086,558.4861144592,565.367200114,1953372
2024-08-30,563.8667411587,566.9775652985,560.6077825361,564.0578824269,2944705
2024-09-03,566.2751211379,574.0544751826,565.6061266992,572.1622721981,3175479
2024-09-04,573.4238045682,581.0121129153,571.3977071254,577.4186570733,2788868
2024-09-05,577.4282141368,579.1580426139,563.5513580662,569.1135689705,2144906
2024-09-06,569.4767373801,574.0067854362,566.0266374893,570.4420007844,2926369
2024-09-09,571.8182179154,572.9268372709,549.7891867566,567.7851371566,3411393
2024-09-10,568.8459711951,578.0104304397,564.9658034508,572.4967694175,2863494
2024-09-11,563.0448337055,565.204730036,553.3253002181,563.6278145735,3563783
2024-09-12,562.4618528375,564.3541513926,557.3774951037,562.35672514,3395835
2024-09-13,564.8989040069,571.2065658572,561.2194345943,567.9953925516,2242003
2024-09-16,570.6722190444,574.3072572127,563.7282411185,565.0518170215,2548647
2024-09-17,562.0497934154,562.7259680615,552.8231266134,554.3289339813,3415975
2024-09-18,553.2739097108,560.6207150854,548.9099456828,556.9089478792,2988303
2024-09-19,559.8534247068,560.9180401071,551.0871321319,553.4753234352,2945679
2024-09-20,548.3200912043,555.1729533977,546.3587051741,551.4899595807,5398749
2024-09-23,552.9190379107,555.7436256167,548.6126206611,549.9649699533,2386142
2024-09-24,547.4808673528,553.7055105487,542.857942822,551.6721910456,3188511
2024-09-25,554.2426138137,557.3501398468,549.6484626722,552.7463975755,2658894
2024-09-26,551.4899595807,553.0245403378,547.5671875204,551.3077281158,2751960
2024-09-27,554.0603823488,562.7211724967,553.014949208,558.059883447,2986238
2024-09-30,559.6424198527,562.4430297344,555.0770421004,560.7741731611,3009766
2024-10-01,561.0810893125,564.6298073133,557.0192458711,559.4505972581,2648628
2024-10-02,579.553605176,579.8029745491,560.3617545826,568.0922051465,3667113
2024-10-03,566.4617130921,568.9745890818,560.4720525745,568.5142148547,2645877
2024-10-04,567.9195648113,571.756016704,564.380342029,567.0275897463,2463201
2024-10-07,564.7161274809,568.216889833,559.4793706473,559.6999666311,2591083
2024-10-08,564.0159750105,565.1189549296,555.8635147384,557.8009229442,2231446
2024-10-09,558.3572084687,568.562074592,556.8743239008,567.0467720057,2207858
2024-10-10,570.8448593795,574.4607152884,568.5238059844,573.2618240719,2143284
2024-10-11,572.1012973744,576.9280334119,571.8231546122,573.5975136126,1909733
2024-10-14,574.6141733641,583.7449288688,572.9549079205,580.6469939655,2447087
2024-10-15,529.4495434569,546.4066608228,520.7983444388,533.5449558524,11939357
2024-10-16,534.2355171931,552.6216169777,532.4227936738,547.9796060988,5103928
2024-10-17,537.6595505074,546.186064839,535.8756003772,542.8867162112,5588677
2024-10-18,543.6731888492,547.6055520393,540.0148442356,546.3203406552,3687045
2024-10-21,546.3491140444,555.590167541,545.4475478496,548.1042907853,3018013
2024-10-22,544.6323018224,549.6100981532,542.3687952057,546.5601188985,2594048
2024-10-23,548.7373053476,550.6651224237,537.1032649829,541.5535491785,2912085
2024-10-24,541.8892387191,548.3248867692,537.4005900046,537.8801464912,2590197
2024-10-25,543.0114008977,548.1330641745,540.5656628161,541.4768201406,2513728
2024-10-28,543.0977210653,545.0926760495,539.7983724376,542.1290169624,1826559
2024-10-29,539.8079635673,544.469252617,537.7314839804,539.1461756158,2600448
2024-10-30,538.3021561994,546.9926788494,538.0144223074,539.9422393835,2323558
2024-10-31,537.9472843993,545.2077696063,537.9472843993,541.4192733622,2490014
2024-11-01,542.0139234056,547.006106431,540.8438055783,544.3541590602,2548368
2024-11-04,543.5676864222,545.3420454226,532.7057320009,534.9644430527,2656777
2024-11-05,535.453590669,545.4859123685,531.7322323331,543.8458291844,2608133
2024-11-06,579.2035289408,580.7429052628,566.6919961169,572.293119969,6591301
2024-11-07,574.2113459154,582.7971334287,571.7751989635,580.6949496141,5254274
2024-11-08,584.0998006689,594.4582207793,580.4551713708,590.6313600163,3875838
2024-11-11,591.6719975922,604.9413255762,588.8210342794,599.6853864832,3003242
2024-11-12,594.2472159252,598.9468694938,588.6795651159,589.5379712269,2809603
2024-11-13,587.9362525617,587.9410481265,578.4026696082,581.0977770629,3409793
2024-11-14,578.8054970569,581.2224617494,564.9079500755,568.897860044,3079199
2024-11-15,567.7181510869,574.441533029,565.8286985298,568.0154761086,3423919
2024-11-18,565.3395509134,569.8473818874,561.3880054639,565.5409646378,2577124
2024-11-19,558.8943117337,562.8410616183,553.1875895432,553.408185527,3198346
2024-11-20,558.8847206039,578.0032949662,557.772149555,575.9473403969,3928765
2024-11-21,575.4677839103,579.304235803,572.331484488,573.0604103476,2722929
2024-11-22,574.0866612289,576.6762662565,564.605829489,566.7110824651,3198124
2024-11-25,573.1467305152,584.9054555664,570.6818101741,581.0594125439,5146485
2024-11-26,583.3708748093,583.5914707931,574.3935773803,581.9801609982,2693612
2024-11-27,586.0468000045,592.2043052923,581.8938408306,583.5051506256,2269792
2024-11-29,583.9079780743,590.6025866271,581.8171117927,585.2507362367,2010812
2024-12-02,588.8953655348,588.8953655348,576.2063008996,583.6394264418,3365099
2024-12-03,585.8741596693,590.5738132379,580.090708441,580.48394476,2329878
2024-12-04,586.0372088748,597.3643330881,582.1528013334,585.8166128909,4147575
2024-12-05,580.877181079,584.0901136279,550.4205486156,555.2976380842,5943684
2024-12-06,558.3044572551,558.3044572551,521.8918291395,527.1476723213,13003644
2024-12-09,531.4135294014,541.9840376493,524.3291709229,539.71205227,7684650
2024-12-10,541.0405860935,546.5760474208,536.2560351881,544.1116171782,5360590
2024-12-11,534.9322186224,537.2860339836,512.8044288157,513.6323556912,10362991
2024-12-12,511.7069443528,514.0848273557,495.0136280488,496.5250759494,9403795
2024-12-13,496.4095512691,507.856121676,491.6730393766,501.0690467081,8202905
2024-12-16,498.6815366484,502.2435476245,477.5790283795,479.9087760989,8879986
2024-12-17,468.8376609031,477.1169296582,458.0746115214,467.4128565126,14132661
2024-12-18,470.21433001,487.644116151,467.8749552339,481.0832770154,10147601
2024-12-19,481.4876133964,484.8667102953,468.1060045945,471.0037486588,7418073
2024-12-20,471.0422568856,483.8943775694,470.5031417108,481.4779863397,10956886
2024-12-23,482.0844909113,489.8053903784,480.438264217,487.4563885455,4285978
2024-12-24,485.5887395472,487.2253391849,481.9208309476,487.2253391849,1824393
2024-12-26,486.7921216338,493.1170978804,485.9064324181,492.0870028144,3387986
2024-12-27,490.4215220067,494.0412953229,488.8619388225,490.9702642381,3471799
2024-12-30,487.9569954935,490.7199607641,481.9882203444,488.8619388225,5409047
2024-12-31,490.3541326098,491.942596964,484.5682715379,486.9942898243,4214367
2025-01-02,489.0544799564,493.0112002568,484.520232525,485.6946371709,4237395
2025-01-03,487.4660156022,497.0353099541,486.5321911031,493.8680083024,3020428
2025-01-06,493.8680083024,500.8957596876,490.8090110385,494.5130211008,4444836
2025-01-07,499.4998364673,500.1255951522,492.1543922112,495.0713903889,3914545
2025-01-08,495.3072532779,505.102783462,490.5103797399,504.9583776117,4141728
2025-01-10,506.9993136304,515.4807505761,499.134008313,501.2712148986,5467532
2025-01-13,515.09085478,526.9850833231,513.2569004802,520.9585458339,6472465
2025-01-14,519.5193008584,524.2413721658,516.5397268122,523.4615805738,3978259
2025-01-15,517.0644014019,525.9164800303,514.4025202266,523.1535147596,4103865
2025-01-16,510.5709516631,519.7070284639,490.9798912948,491.5478876396,9059887
2025-01-17,486.7632404637,502.3590723048,484.0484104765,490.7488419342,7495719
2025-01-21,494.8788492551,505.4204763329,493.694721282,505.4108492762,5682082
2025-01-22,502.2050393977,504.8813611581,496.75612531,500.3373903995,3756139
2025-01-23,508.1834416035,511.6588090693,499.9523081318,510.012582375,4580802
2025-01-24,508.4144909641,514.6913319273,504.948750555,512.6503959086,3671163
2025-01-27,519.8418072576,531.3220723629,519.8418072576,523.2497853266,4262959
2025-01-28,522.7588054353,526.1186482208,517.7779588439,522.2485714306,3162659
2025-01-29,521.5265421787,523.2066561126,514.0944544124,518.0319205995,2737638
2025-01-30,519.3508273663,526.705898679,515.0475330249,525.2233319484,2924741
2025-01-31,522.9802277392,528.6794453009,521.2184763645,522.2581984873,4120661
2025-02-03,521.7864727094,533.2522972296,520.891156437,527.7359937451,4083572
2025-02-04,524.8671308508,528.3400915525,521.3147469315,525.1078072681,2869935
2025-02-05,510.9367798174,520.5349553394,502.445715815,519.6781472938,4621558
2025-02-06,517.8297524089,518.9946262687,505.6804068636,510.2725129057,3926829
2025-02-07,509.4638401435,512.5366040985,505.7959315439,507.3747688414,3349299
2025-02-10,507.9909004697,514.2388602628,503.8608931488,513.4783227841,3143143
2025-02-11,515.0475330249,527.1198621168,508.5637103428,514.0078109022,2632107
2025-02-12,519.7166555206,522.1234196936,505.9114562242,507.730969939,3859241
2025-02-13,511.1004397812,514.4025202266,507.4421582382,511.3699973686,2835051
2025-02-14,509.2712990097,513.3146628204,503.4084214842,503.9860448858,3705326
2025-02-18,491.8848346239,496.75612531,478.4647175951,482.0556097413,8759280
2025-02-19,482.6332331428,492.7657103112,479.5718291147,491.9811051908,4380314
2025-02-20,486.3492770259,489.4725830285,481.579070435,483.6825823222,4144301
2025-02-21,423.1572768993,452.1828528258,422.1464359466,449.0251782308,19864874
2025-02-24,449.2706681765,450.5462531882,439.9564908269,444.3079204517,6919337
2025-02-25,443.5858911998,453.2033208352,433.2849405393,452.8374926809,9100970
2025-02-26,447.3211891963,455.4079168177,441.11173763,446.300721187,5108381
2025-02-27,448.7845018135,457.6701788697,447.6773902939,451.0853683629,4216771
2025-02-28,449.583547519,458.5944725827,447.1575292326,457.2466846458,6146326
2025-03-03,456.678688301,459.4752519995,447.8578976069,449.6316828024,5700194
2025-03-04,452.2309881093,461.33818374,449.0636864576,456.9097376616,5864135
2025-03-05,453.5017595926,461.2082184746,453.4439972525,458.2286444284,3637102
2025-03-06,458.2478985418,469.9158912526,454.397075865,469.5308089849,4963988
2025-03-07,465.7858839317,481.2758181492,465.3382257955,475.0759936395,5434096
2025-03-10,475.9932002294,481.3789199931,461.905240273,464.3321983712,4790405
2025-03-11,466.5367658867,470.6606608224,461.3540983941,469.9596470291,4101015
2025-03-12,467.1555918559,471.4632007513,462.9785165634,465.1927532347,3681016
2025-03-13,463.5876733769,468.0451541867,459.2848990594,465.5891886212,2877044
2025-03-14,465.0863925212,473.2568291466,462.4177055288,472.483296685,3915911
2025-03-17,471.3810129273,484.0463499953,469.8677900493,482.5102112182,5152316
2025-03-18,485.623679376,489.2301777865,481.3499125258,487.1320676761,3617629
2025-03-19,488.3310429915,489.5977023973,483.5158034182,486.5519183299,3317606
2025-03-20,488.5340952627,497.3717036362,486.8516621588,494.3839345033,4965390
2025-03-21,494.7513624226,501.829184446,488.3793887704,499.7503159555,10244942
2025-03-24,498.0388753843,501.0991631854,494.2098896995,499.4118955036,3841080
2025-03-25,501.1330052306,501.829184446,494.606325086,496.4434646823,3015143
2025-03-26,498.1549052535,505.648500975,495.8826536476,501.0556519844,3255026
2025-03-27,499.2040086545,503.8403688461,495.9793452053,498.6577013535,2822160
2025-03-28,499.769654267,503.7436772884,498.009867917,498.9671143382,2379100
2025-03-31,502.0032292498,510.6474545079,501.4327490594,506.4220334366,5238670
2025-04-01,508.3461954347,510.6958002868,503.7146698211,505.8128766231,2962708
2025-04-02,505.648500975,507.6306779078,499.7019701766,505.8902298692,2378909
2025-04-03,512.4555866368,530.3531939665,511.778745733,522.5598544162,6457925
2025-04-04,522.7532375315,533.4869673515,507.4759714155,507.6790236866,9918989
2025-04-07,496.414457215,511.691723331,486.9290154049,507.3406032347,7356702
2025-04-08,562.909241443,565.6552816816,529.3476017665,534.781667309,11762283
2025-04-09,541.6080912824,569.9041988014,536.1160108052,559.3606612755,12691858
2025-04-10,561.0382598016,581.967147465,560.811034641,574.7346189493,8645986
2025-04-11,569.4359215875,586.2989292498,567.1249933586,579.6368809245,6121458
2025-04-14,575.3147682955,575.923925109,560.1245245813,567.6374586144,4839273
2025-04-15,572.6460813031,573.2455689608,562.7545349507,564.2822615623,3871279
2025-04-16,565.9550255104,575.1310543359,563.6731047488,565.6842891489,4192093
2025-04-17,466.0049623193,473.5855804428,432.307954462,439.0860326566,29120168
2025-04-21,434.8799498968,438.4961174631,410.7554062514,411.2582023515,13029860
2025-04-22,410.5910306034,417.2239747698,403.3198254646,413.0469961688,10156865
2025-04-23,412.9406354554,424.3309009521,409.7304757399,413.8011903189,8345659
2025-04-24,413.4240932439,415.6770065382,409.6337841822,410.2139335283,7629125
2025-04-25,409.5467617802,409.5467617802,398.388556022,404.7895371415,9263777
2025-04-28,405.862813432,410.0882345033,401.8017680087,406.1045423262,6614294
2025-04-29,407.2551718628,407.7966445859,395.5651625373,395.6908615623,9909076
2025-04-30,395.492643869,399.5891750939,387.7331463638,397.8277449874,9192825
2025-05-01,397.7117151181,398.3595485547,386.6308626061,387.4237333792,9316805
2025-05-02,386.7275541638,388.7000619408,380.1041824616,386.6888775407,11392906
2025-05-05,385.9153450791,396.1453118835,384.4359642464,391.4170947121,8157196
2025-05-06,389.4735944024,391.3301690017,380.4039262904,381.4578642693,7858592
2025-05-07,382.270073354,382.4343523105,372.9393380362,378.1220055288,8521310
2025-05-08,377.0970750172,377.986637348,372.6202558959,372.7943006997,7218320
2025-05-09,372.9103305689,373.7636335656,366.0162225052,368.0467452168,8381054
2025-05-12,368.3948348245,374.3993805575,364.3676314464,366.2192747763,11004799
2025-05-13,324.6274012331,330.6851273228,298.8736048406,301.078172356,59478308
2025-05-14,310.8150122161,312.2557164258,296.9494428424,297.8196668617,40029552
2025-05-15,265.8050921083,267.497194368,240.6459487956,265.273288541,121849184
2025-05-16,270.0498514912,284.7469682611,260.2308238071,282.2523260725,71094348
2025-05-19,294.6916949702,305.825727839,287.4108206756,305.4389616082,62524663
2025-05-20,310.3025469603,313.8994729066,302.2384710484,310.9407112411,41486981
2025-05-21,291.0415886671,299.7051522368,290.1423571805,292.9560815095,45506882
2025-05-22,284.1668189149,295.55698772,282.8228062629,286.8548442189,27159648
2025-05-23,286.30370234,289.7845984171,281.9912588667,285.7912370842,16873644
2025-05-27,289.5912153017,290.0263273113,279.5643007685,285.2400952053,20144557
2025-05-28,284.2731796284,293.7303875036,283.5770004129,288.2472026497,16114190
2025-05-29,286.9805432439,293.3418808247,285.2400952053,288.3052175843,16262496
2025-05-30,288.1118344689,295.5280769443,286.0508539166,291.9214818422,16309280
2025-06-02,293.0914496903,303.1763791581,291.0125811998,294.6385146134,19074368
2025-06-03,293.0721113788,295.6053334989,290.0843422459,291.2543100941,12805723
2025-06-04,293.4975542326,297.4619080982,290.2680562056,290.4421010094,11255616
2025-06-05,290.4421010094,292.4146087864,284.3795403418,286.05230429,13627792
2025-06-06,287.396316942,294.319432473,287.3189636958,293.188141248,12588977
2025-06-09,294.9430930202,297.2298483597,291.1779237635,293.1591337807,12170320
2025-06-10,293.7489522826,295.0252808442,290.6451532806,293.7392831269,11384053
2025-06-11,292.6660068364,301.2715554714,292.2308948268,300.2853015829,14711373
2025-06-12,301.1023452455,308.2526859371,298.3031246502,307.9626112641,15957166
2025-06-13,305.4486307639,306.9195027396,301.5906376118,303.1570408465,13762432
2025-06-16,304.8185485221,305.08149104,296.8231482557,299.6181298348,14240076
2025-06-17,299.4136189876,301.848271931,297.5291976093,300.7965018595,11593898
2025-06-18,299.5110051053,303.6401764974,298.2255083512,299.1701536932,12205634
2025-06-20,301.4100344012,301.4976819072,293.7074741909,294.1158141826,16177856
2025-06-23,294.0086894531,294.5637903242,287.7954551414,292.8205788167,12274663
2025-06-24,293.5704519233,297.8262252684,291.505671455,297.631453033,8781398
2025-06-25,296.423865173,296.423865173,291.9635809806,294.1255527944,8722083
2025-06-26,294.6611764419,298.6929617163,293.4146341349,294.7098695008,6532694
2025-06-27,295.0312436893,302.3352025197,294.3008478063,301.030228542,15304422
2025-06-30,300.9182345066,304.2147545921,298.3327304668,303.8154715094,10074103
2025-07-01,303.8154715094,318.0143674757,302.9488324476,317.6150843929,17865491
2025-07-02,312.3513647292,313.9923208131,298.4203779728,299.5207437171,18177190
2025-07-03,301.7411472015,304.088152639,300.1732307059,300.4848662827,6161145
2025-07-07,299.9492426351,300.5384286475,293.3269866289,295.7713781841,9031224
2025-07-08,296.2729166905,300.2413036022,295.8590256901,299.6570842819,9613844
2025-07-09,295.2649703719,295.6642534546,290.9410267443,294.9922892422,12816658
2025-07-10,295.1383684188,296.9594888206,288.8472252129,291.6811612391,11355625
2025-07-11,292.1778304396,296.1706612669,290.2106308613,296.1511840433,9808227
2025-07-14,293.755485547,296.0927523727,291.1844920387,292.7231926989,10681441
2025-07-15,291.8759334746,292.8205788167,283.4228184549,284.0850440555,16019016
2025-07-16,284.9030874445,288.2531698947,283.1501373252,284.8446557739,9713979
2025-07-17,284.6888379855,285.3413249743,276.4110179777,280.5401893698,14792734
2025-07-18,280.3648943579,280.5401893698,273.469957222,275.2618617884,14979714
2025-07-21,277.1998455314,279.0112273213,273.8497630812,274.7651925879,10319211
2025-07-22,275.2423845648,279.6052826395,274.6288520231,277.6770375083,14600338
2025-07-23,279.9850884987,284.9907349505,277.5017424964,284.8641329974,13111099
2025-07-24,275.7000993182,281.650391112,270.9476567726,271.2982467964,22585190
2025-07-25,273.6549908457,278.6606372975,272.6226979977,273.7134225163,16486616
2025-07-28,276.0896437892,277.5504355552,272.3792327033,274.7457153644,15779352
2025-07-29,258.7549148317,265.7764539206,253.7395297681,254.2459375804,41706034
2025-07-30,257.878439772,259.6606057266,251.3743131266,259.086027632,22371770
2025-07-31,254.5673117689,254.5673117689,241.2741066976,243.0367954287,29606864
2025-08-01,244.0593496649,244.916347501,228.4678322149,231.5549721473,39989180
2025-08-04,232.0126869006,235.917870222,230.7589380209,234.6810665267,17427931
2025-08-05,234.8563615386,245.4810895978,233.7753756317,244.4391555241,23795862
2025-08-06,244.0885655002,246.5425982811,238.8978854248,239.3556001781,12946447
2025-08-07,239.9788713317,242.2437802719,233.2397519841,238.2746142712,11369901
2025-08-08,238.3914776125,244.5170644183,237.982455918,244.3320307946,10185749
2025-08-11,247.2341371032,251.6457282368,245.5493572663,245.7733453371,11779538
2025-08-12,247.3802162798,256.0086263114,247.0355668091,254.7328681691,12207661
2025-08-13,257.4791566893,265.07283922,256.0183649232,264.7052066255,19480262
2025-08-14,264.9827570611,266.6918834274,260.0209343623,264.3935710487,25011098
2025-08-15,293.8236558294,302.1891233431,287.0066275877,296.0635365374,68198475
2025-08-18,304.9889742281,308.1295791391,299.3844031523,300.4264346121,39600508
2025-08-19,300.8257176948,302.3838955786,291.3890028859,296.2875246082,22348565
2025-08-20,298.3861954454,299.1701536932,287.9707501533,292.0025354277,16678985
2025-08-21,294.3884953123,298.5531152512,290.0158586258,295.4207881603,13358957
2025-08-22,298.0989063981,302.5591905905,296.6186374085,299.3844031523,14930045
2025-08-25,300.4264346121,300.7965018595,294.8169942303,296.8913185381,8917077
2025-08-26,296.3556948906,300.8841493654,286.5100557733,292.5771135223,16303186
2025-08-27,292.6842382518,297.972304445,292.6452838047,295.9369345843,9982781
2025-08-28,296.2972632199,296.511512679,291.5740365096,294.3884953123,11234953
2025-08-29,294.398233924,301.8969649899,293.0445668875,301.7703630369,12065367
2025-09-02,300.2462702942,304.7114237926,299.267539811,300.728331577,10957136
2025-09-03,300.0563673647,301.4976819072,295.7616395724,299.8323792939,8844460
2025-09-04,298.0989063981,303.7609352834,296.1511840433,302.2670322373,7725742
2025-09-05,302.325463908,309.6294227384,300.1440148706,307.146076736,14126705
2025-09-08,311.3531570223,313.2424477065,305.5977348501,311.8790420581,18438640
2025-09-09,323.8088414811,342.5166173126,318.6084227939,338.8257808364,46408865
2025-09-10,336.5274684578,339.4587906017,332.4762059599,337.7155790942,17804298
2025-09-11,339.877550908,351.5444078131,336.8001495875,344.3670509358,18943509
2025-09-12,346.597193032,352.839643179,343.2471105818,343.2958036406,14016240
2025-09-15,344.2466587509,344.6925804594,335.6957424718,340.9487982031,11035852
2025-09-16,340.5665795958,342.0717368705,331.5697416082,333.0006112664,12695815
2025-09-17,330.9523115502,336.156364896,330.9523115502,334.7940985776,8467682
2025-09-18,336.6757901829,338.0478569784,327.4535412217,328.1395746195,11255561
2025-09-19,329.7860547741,334.1560875177,327.1791278626,329.9722638392,13656837
2025-09-22,327.7867574435,335.6467400863,325.9638687009,334.4902837872,8903744
2025-09-23,334.1962694739,345.6628276934,333.1780979068,340.7527886609,12504059
2025-09-24,343.2127084157,347.4269135733,340.8997958176,344.7905852305,9016256
2025-09-25,341.9386463913,343.2029079386,336.7443935226,338.6652870363,8104859
2025-09-26,340.9880001116,342.9872974421,334.4902837872,337.214816424,6774710
2025-09-29,337.1168116529,338.6553885545,334.6372909439,338.2928689061,6878937
2025-09-30,336.8914006793,342.3502664299,335.4997329296,338.4104746315,7429653
2025-10-01,337.038407836,341.7426368491,334.8136995318,341.3506177647,8825487
2025-10-02,340.3607695765,347.9953412457,337.7734436193,346.6624763586,8564187
2025-10-03,350.1220447787,360.6575576727,349.4948142436,353.0131855264,13494786
2025-10-06,353.821724888,355.286896216,349.9848380992,351.6117172995,7181663
2025-10-07,352.2389478346,357.4430011804,350.9158834247,356.4041506067,7236242
2025-10-08,359.6089066218,367.1552739971,358.5014527083,362.5392492779,9438333
2025-10-09,365.0873733267,368.7135498577,358.7758660674,360.3537428823,8759801
2025-10-10,362.0296244682,362.0296244682,345.4766186283,347.4269135733,13141909
2025-10-13,347.6621250239,351.9939359068,346.2704572742,351.5039120513,5659400
2025-10-14,347.8679350433,355.1006871509,346.3489590959,352.7485726444,5974813
2025-10-15,352.2193468804,356.9529773248,348.7499779832,353.9442308519,6579630
2025-10-16,354.6204637725,354.7772714063,347.3289088022,349.5536171063,5872116
2025-10-17,343.9967465845,351.2392991693,343.8301384737,349.4850137665,8608378
2025-10-20,351.386306326,358.2760417348,350.3769551884,357.2077897297,5996541
2025-10-21,357.854621219,363.6467031914,354.2872475507,358.0800321926,6885288
2025-10-22,356.69816492,356.7373668284,350.857080562,354.2774470736,7833031
2025-10-23,348.4853651012,355.0516847654,346.5855426133,353.2581974541,5756666
2025-10-24,354.1598413483,358.1290345781,352.8416771769,355.2672952618,5462101
2025-10-27,356.2473429729,358.913072747,354.1892427796,358.6778612963,7766441
2025-10-28,373.084562649,373.3981779166,351.4774507631,360.5007500389,18858685
2025-10-29,357.0117801875,358.8444694072,346.8192839924,348.1717498337,11874949
2025-10-30,340.5812803115,347.4661154817,336.7443935226,337.8714483904,11441932
2025-10-31,337.5186312144,339.3709213883,330.3936843549,334.7450961921,8390831
2025-11-03,332.3635802542,333.9022551606,320.0835824345,327.1301254771,11181376
2025-11-04,321.0930315769,329.7860547741,320.6716110611,324.2291842523,9646591
2025-11-05,319.7895681212,323.6171444568,317.7510688822,321.2008368251,9082200
2025-11-06,322.3572931242,325.7335574888,315.0363367225,315.1441419707,7922131
2025-11-07,313.2771510811,318.0744846268,307.8917889088,317.7412684051,9402873
2025-11-10,313.6054670644,317.7804703135,310.8417325191,315.1637429249,9283842
2025-11-11,316.849424988,321.3183445457,313.4976618161,320.9166229889,7157796
2025-11-12,321.8966707,336.3229730069,320.5585135553,332.2949769144,10403259
2025-11-13,331.5991430395,332.2655754831,324.6800061994,325.885464884,7788683
2025-11-14,320.4265991334,321.6635173495,314.0954909199,315.438156284,8676498
2025-11-17,314.2032961681,321.3380435047,313.0566403462,314.1248923512,6485370
2025-11-18,310.6849248854,311.1651482638,302.6093317462,307.3233612364,9182145
2025-11-19,307.6663779353,308.7150289861,298.4539294513,302.9229470137,8181075
2025-11-20,304.6086290768,308.4651168198,303.8147904308,305.3240639058,7337568
2025-11-21,305.6866815589,317.3737505134,305.2260591347,313.5858661101,8406306
2025-11-24,318.049983434,319.3446264604,311.2827539891,312.6842222159,10773806
2025-11-25,314.7129209779,321.45564923,314.5012306723,319.769967167,6149110
2025-11-26,320.0737819574,328.5021922726,319.3877485596,323.1315308159,5504205
2025-11-28,325.0524243296,325.4346429369,322.3278916928,323.1903336786,2464462
2025-12-01,320.6324091527,323.4745475148,316.584812106,316.761220694,6154560
2025-12-02,316.9180283278,322.1416826277,316.3594011325,318.0646841497,7978098
2025-12-03,319.4955538079,334.5931887969,318.5253065739,332.9320079266,9769961
2025-12-04,332.6281931362,334.4510818787,322.161283582,326.8361111638,8061622
2025-12-05,328.3159832075,329.0118170823,321.9554735626,324.3075880692,5905996
2025-12-08,324.3415872029,324.7362833845,318.5494207384,319.328945697,4729792
2025-12-09,318.8750450882,322.0326145407,318.2040615795,319.3092108879,4318015
2025-12-10,318.4704815021,324.3711894165,315.3622490722,324.0159628531,5910546
2025-12-11,325.9894437609,334.7516989917,324.4007916301,332.2651130478,7513165
2025-12-12,333.0249031974,340.4057217927,332.8966269384,337.3073567674,7978995
2025-12-15,336.4686273815,340.3859869836,332.5315329704,336.5771688315,6447186
2025-12-16,335.9061853228,336.4686273815,326.6407911346,329.7686596994,6334030
2025-12-17,329.1864828316,331.0711570986,326.0979852109,327.2327367329,4685579
2025-12-18,324.5685375073,325.8019630747,320.2663491282,323.7890125487,6354947
2025-12-19,323.7100733124,330.163355881,321.7464598091,323.0785594219,10552981
2025-12-22,318.6184925702,325.4270017022,317.3850670028,320.848525996,7872420
2025-12-23,319.7039070695,323.4534221203,319.4670893605,320.4932994326,4463292
2025-12-24,320.8879956142,324.6277419345,319.8321833285,323.2364378945,2842681
2025-12-26,322.861476522,327.4892892509,321.9364073465,327.4300848237,4359289
2025-12-29,326.502548797,329.8179967221,323.9271562122,324.5784049118,4346789
2025-12-30,325.3579298704,331.6928035846,325.1408469706,327.7557091734,4432488
2025-12-31,327.9135876461,328.9101955045,325.5059409385,325.7328912429,4285205
2026-01-02,326.5074824992,335.7461360212,323.1574986582,331.9394886981,6863568
2026-01-05,331.0020852668,342.3396344083,329.4233005406,337.4849700491,7956616
2026-01-06,343.7310371224,347.9345514561,340.5438654562,344.3428162038,9441893
2026-01-07,344.3526836083,345.4677003213,333.5577430425,337.1692131038,7461438
2026-01-08,336.4883621906,343.2870039181,336.2811466953,342.2509264415,5059271
2026-01-09,342.6456226231,344.4266891424,337.9388706579,339.4189813388,4129132
2026-01-12,336.8929257767,338.106616535,329.5121071814,335.9949919637,7146356
2026-01-13,336.971865013,337.3112050551,328.4365600866,329.5022397769,5605928
2026-01-14,330.9231460305,335.6002957821,329.669985654,330.5185824444,5740921
2026-01-15,330.7554001534,334.9490470825,323.7100733124,334.4655442601,6943513
2026-01-16,330.419908399,331.7421406073,326.0486481882,326.630825056,8039139
2026-01-20,323.0588246128,335.3832128822,322.1738170997,333.9425718195,7465931
2026-01-21,334.9293122734,343.4645185258,334.1991243375,343.13899285,8933337
2026-01-22,342.5765507913,350.2435241182,342.1719872052,349.7698887004,7491394
2026-01-23,349.5774743118,353.1248062437,348.3095128286,351.5361541129,9082197
2026-01-26,349.2567836643,350.0856456456,342.6653574321,346.9774132158,10399474
2026-01-27,290.0720912383,295.5287659485,276.6820232786,278.9515263227,65272266
2026-01-28,279.9580015857,291.0291308046,279.9580015857,290.121428261,23396870
2026-01-29,290.4273178017,291.6804781782,285.3850740822,288.4143672757,13456393
2026-01-30,288.2268865895,289.0656159753,280.9250072305,283.1254384427,12022204
2026-02-02,282.2275046297,286.5494278178,278.537095332,281.8032062345,8664194
2026-02-03,280.9250072305,284.2700573693,274.9058904616,280.4119021945,10619718
2026-02-04,278.2706754095,280.7276591397,270.4162213963,272.2614260451,12944132
2026-02-05,270.6481054029,273.2159987602,262.7591154739,264.9891488997,13035324
2026-02-06,263.5189056234,274.126365503,262.8725906261,272.9817465764,9572782
2026-02-09,270.5148954417,276.4649403788,269.6976769977,272.0443431452,10371567
2026-02-10,273.8402107714,275.7839907915,269.0347847608,269.5972268195,7284704
2026-02-11,268.8275692655,275.9814375564,266.2225744671,275.2117800023,6333068
2026-02-12,274.4717246619,282.5136593613,272.1528845952,280.5993828807,12336891
2026-02-13,281.8426758526,289.5688536068,280.7390066549,289.3024336843,10281936
2026-02-17,290.1016934519,290.3286437563,284.521577511,285.2567978232,6091749
2026-02-18,286.1547316363,286.2830078953,282.4939245522,284.3785988192,6632041
2026-02-19,287.0329306402,287.0329306402,283.0859688246,286.0856598045,4931832
2026-02-20,285.0693171369,286.9441239994,281.7637366163,286.1547316363,6974112
2026-02-23,284.7239579781,287.9012622397,277.9351836551,278.5962997592,7247495
2026-02-24,278.4532223934,278.6555041865,268.1960553749,270.3175473509,9684486
2026-02-25,273.6083267647,280.9644768486,273.1988294763,280.4316370035,11380563
2026-02-26,283.1747754654,291.3449864239,281.4479796711,282.8590185202,10210027
2026-02-27,280.9250072305,290.2299697109,280.0862778447,289.3813729206,9723340
2026-03-02,284.339129201,291.3943234466,283.6878805015,291.0193620741,8141440
2026-03-03,285.1581237778,289.8451409339,280.5931664158,285.3752066777,7051120
2026-03-04,285.1778585869,290.4371852063,283.8655924572,288.0887429259,7796033
2026-03-05,286.204068659,287.5263008672,282.9379577565,284.9410408779,5407721
2026-03-06,283.5300020288,287.4621627377,279.2968854815,282.6814052385,6816942
2026-03-09,280.4172634024,283.5993032708,277.0960092897,283.569471647,10348846
2026-03-10,285.7670679311,285.9659454229,277.3346622799,280.7553551384,6075603
2026-03-11,280.7951306367,284.6135784788,279.0251209599,283.6490226437,6878812
2026-03-12,283.1766886007,285.9460576737,274.7393110122,275.4950454809,10512299
2026-03-13,276.4993768144,281.2923243662,276.2507799497,280.5067582737,4737558
2026-03-16,282.3861505709,285.7868562415,279.4626514418,283.8876756338,4853972
2026-03-17,286.1847106638,287.3680317399,283.2413237856,285.9560015483,5752046
2026-03-18,283.5993032708,286.7813431392,281.4812579834,282.7341861815,4544057
2026-03-19,282.4060383201,285.9311418618,278.4980956067,278.8660189665,5542062
2026-03-20,277.4241571512,281.5110896071,273.4565511902,274.043239791,38893036
2026-03-23,277.57331527,279.1693071415,267.5815112057,268.0271956648,10424151
2026-03-24,267.3609560674,271.8456435069,266.08814012,270.7518173021,5911688
2026-03-25,273.4565511902,274.5304896458,265.6149111283,269.0315269983,8121164
2026-03-26,268.4746700213,273.0985717051,265.6804412619,266.5455583511,6218751
2026-03-27,265.9986452487,266.1716686665,254.5283859106,257.5662395974,10735259
2026-03-30,258.7197290497,260.8576620863,255.2294290691,260.3206928585,7774686
2026-03-31,261.5239016838,270.3540623186,261.1360905748,269.0713024966,9170779
2026-04-01,272.6709850977,273.752878653,269.2403483646,272.4422759822,5473399
2026-04-02,270.7617611767,277.4738765241,270.006026708,275.7038668473,6407008
2026-04-06,276.3154151345,281.7099670989,275.6939229727,279.7808554287,7097033
2026-04-07,307.1115947358,310.6764737759,299.0620282562,306.0028527192,22099830
2026-04-08,310.2488871686,311.2134430037,303.1208195471,304.2626746662,9645031
2026-04-09,304.1035726727,306.1569827753,302.4330017418,305.1874550029,5742017
2026-04-10,306.2216179601,308.6279361719,302.4926649894,302.621935359,5212893
2026-04-13,301.5479969034,311.5614786143,301.219849042,311.2432746274,7972223
2026-04-14,310.7560247726,317.8261196052,310.7560247726,312.4265957035,5864506
2026-04-15,314.2264370041,315.9765589317,309.3986858912,312.2873814593,5041157
2026-04-16,313.2320495452,316.8217882717,311.3527566867,314.6241919876,5205638
2026-04-17,318.2537062125,323.4444087478,315.3550667699,322.8080007741,9414685
2026-04-20,322.3704702922,323.5736791175,318.3233133346,321.6644551964,9050575
2026-04-21,351.028716857,355.6725062899,343.2923824269,344.0680046449,26097320
2026-04-22,348.9106715696,356.5475672537,347.1406618928,351.535854461,11807254
2026-04-23,352.6893439133,354.8471646991,348.5328043352,352.5700174182,7255802
2026-04-24,354.4891852139,356.2691387652,349.4128372363,352.9279969034,8554577
2026-04-27,351.92366557,354.4891852139,346.991503774,352.6992877879,7256096
2026-04-28,354.8372208245,367.5554364235,353.7235068705,364.7114882911,10604095
2026-04-29,363.9458099477,368.7586452487,362.9613663635,368.6592065028,9046553
2026-04-30,366.4417224695,369.9021908264,360.966227366,368.4006657635,6879865
2026-05-01,369.8723592026,370.807083414,364.9600851558,366.7102070834,4945442
2026-05-04,366.4814979679,368.7487013741,362.6033868783,368.6691503774,4916862
2026-05-05,368.3956938262,369.7132572092,359.780122005,361.8277646603,6489023
2026-05-06,361.062086317,366.4814979679,356.2393071415,365.2186258951,6695494
2026-05-07,364.5822179214,367.7344261661,362.6729940004,367.6648190439,5235407
2026-05-08,369.9021908264,377.8473466228,369.9021908264,377.8473466228,6455080
2026-05-11,378.3147087285,382.6502380492,373.9599877298,382.2823146894,6949607
2026-05-12,380.7012386298,395.1844919683,379.8659531643,394.1652448229,9236323
2026-05-13,394.2746274434,401.8816915038,390.7942713373,398.9084730017,8454062
2026-05-14,398.7493710083,399.6433253338,393.777433714,396.8500909619,5342488
2026-05-15,392.0869750339,395.3982852719,388.0597058254,391.6395006774,9811193
2026-05-18,387.8111089607,389.9390981227,381.3476899168,388.9347667892,8400656
2026-05-19,387.8111089607,392.7731023805,385.3350841881,387.055374492,5016806
2026-05-20,387.3636346042,391.1721385717,378.5633055932,381.1487129863,7669765
2026-05-21,378.9809483259,383.9379698084,378.4042035998,380.33331527,4732450
2026-05-22,379.776458293,388.3480781885,378.8715657054,386.2896961486,5602085
2026-05-26,383.8335591252,384.3506406038,374.2974828334,374.7448577511,6498144
2026-05-27,376.3010741243,382.3718095607,374.9735668667,381.8547280821,4546689
2026-05-28,382.799396168,387.0752622411,378.8168743952,380.3830346429,4334784
2026-05-29,381.6260189665,382.9584981614,373.3427714341,378.1754944842,10262268
2026-06-01,373.9940952197,381.1934604219,373.8101335398,377.7280201277,6623720
2026-06-02,375.8585717051,377.9467853687,372.6211444552,375.7989084575,3874403
2026-06-03,377.867234372,385.2853648152,374.6951383782,374.8840719954,6808435
2026-06-04,387.8111089607,399.1222663054,387.6321192181,394.2447958196,12666064
2026-06-05,397.2975653184,401.7723088833,394.9706986646,397.2279581962,10897297
2026-06-08,394.9010915425,406.4160983162,392.7727046255,404.2881091542,6963211
2026-06-09,407.6889142636,410.6820205148,405.1532262435,410.6820205148,8590373
2026-06-10,411.1792142442,413.6452951422,402.2794464873,405.1731139926,6512882
2026-06-11,406.4160983162,407.678970389,400.8475285465,403.2738339462,4938139
2026-06-12,406.7144145539,407.5894755177,402.5379872266,406.2271646991,7269619
2026-06-15,406.7,414.155,399.65,411.04,6777892
2026-06-16,410.675,411.75,406.54,407.65,4815079
2026-06-17,409.12,411.16,398.59,399.53,5838763
2026-06-18,402.77,406.2,399.15,400.96,11896852
2026-06-22,402.14,409.46,402.14,406.68,5818614
2026-06-23,409.52,409.9,402.835,409.25,6675885
2026-06-24,410.535,413.43,400.0,405.8,6858810
2026-06-25,406.65,417.58,406.65,415.53,6018521
2026-06-26,416.16,427.93,416.16,427.89,10588247
2026-06-29,426.53,426.695,415.81,419.82,5167409
2026-06-30,422.72,422.74,413.25,415.63,5779798
2026-07-01,417.11,428.02,413.73,426.54,4985860
2026-07-02,428.13,430.2,420.54,425.36,3931596
2026-07-06,423.49,424.435,415.05,417.99,6379039
2026-07-07,423.95,428.6,422.13,428.19,5800450
2026-07-08,427.145,430.77,423.83,425.6,3859208
