Date,Open,High,Low,Close,Volume
2019-01-02,27.4045519338,28.0056338783,27.4045519338,27.9129296978,24458199
2019-01-03,27.8740537511,28.3226223664,27.7215404219,27.7693877409,24831867
2019-01-04,27.8740537511,28.0086243357,27.7185499645,27.9428342721,24087432
2019-01-07,27.996662506,28.4601834084,27.8650823788,28.27178459,23369103
2019-01-08,28.4272883766,28.636620397,28.0833857716,28.4691547807,21602736
2019-01-09,28.6216681099,28.7502577796,28.340565111,28.3764506002,18816879
2019-01-10,28.0744143993,28.4033647171,27.8471396342,28.3973838022,28188813
2019-01-11,28.4063551745,28.4960688976,28.2747750474,28.361498313,16183776
2019-01-14,28.2538418454,28.5439162165,28.1940326967,28.3943933448,21255282
2019-01-15,28.5498971314,28.8878188216,28.5229830145,28.7831528113,21174690
2019-01-16,28.6874581734,28.9655707149,28.6575535991,28.8130573857,16229850
2019-01-17,28.8040860134,29.0702367251,28.7562386944,28.9296852257,16843467
2019-01-18,28.9924848318,29.3662920112,28.9625802574,29.2257405117,18361929
2019-01-22,29.0522939805,29.4350725322,28.9416470554,29.1539695333,24189606
2019-01-23,29.5666526593,29.7101946162,29.165931363,29.5188053403,25037250
2019-01-24,29.3662920112,29.4440439045,28.8369810452,29.4141393301,22829238
2019-01-25,29.5307671701,29.578614489,28.9326756831,28.9894943744,21666267
2019-01-28,28.8668856195,29.028370321,28.7323150349,29.0253798636,17627343
2019-01-29,28.938656598,29.0552844379,28.8609047046,28.9207138533,15760110
2019-01-30,28.911742481,28.9476279703,28.1880517818,28.3495364833,35548011
2019-01-31,28.2986987069,28.9685611723,28.2986987069,28.6575535991,44168964
2019-02-01,28.684467716,28.7083913755,27.8441491768,28.0684334844,37775766
2019-02-04,28.0684334844,28.340565111,27.9159201552,28.340565111,21805887
2019-02-05,28.4841070678,28.6904486309,28.4153265468,28.5887730781,18299571
2019-02-06,28.5379353017,28.7113818329,28.4751356955,28.6007349078,12794565
2019-02-07,28.4422406638,28.9536088851,28.409345632,28.9266947682,21031104
2019-02-08,28.8100669283,28.9147329385,28.4512120361,28.5827921632,18507540
2019-02-11,28.6037253652,28.8130573857,28.6007349078,28.7682005242,16628283
2019-02-12,28.9536088851,29.0582748954,28.8579142472,28.9984657467,17643756
2019-02-13,29.097150842,29.3064828625,29.0343512359,29.2885401178,16375596
2019-02-14,29.2107882245,29.6653377546,29.0134180338,29.4619866491,21602283
2019-02-15,29.5995476911,29.9045743494,29.5636622019,29.901583892,28442949
2019-02-19,30.616303219,31.1545855573,30.5235990385,30.5624749851,62091756
2019-02-20,30.4458471452,30.6043413892,29.5008625957,29.8686888602,52895370
2019-02-21,29.8028987967,29.8809497357,29.578614489,29.7221564459,19239489
2019-02-22,29.8507461156,29.9524216684,29.64739501,29.7700037649,24260838
2019-02-25,29.9404598387,29.9434502961,29.6204808931,29.6414140952,27704910
2019-02-26,29.6115095208,29.6234713506,29.2676069158,29.5128244255,25464264
2019-02-27,29.3423683517,29.4231107024,29.1838741076,29.3393778942,23706921
2019-02-28,29.3393778942,29.7460801054,29.2377023415,29.6025381485,34127781
2019-03-01,29.7460801054,29.7729942223,29.0433226082,29.2855496604,31057413
2019-03-04,29.3423683517,29.4829198511,29.1180840441,29.2616260009,23051511
2019-03-05,29.3453588091,29.6623472972,29.3333969794,29.4081584152,18358560
2019-03-06,29.3872252132,29.605528606,29.2646164584,29.3842347558,14090058
2019-03-07,29.2197595968,29.3662920112,29.0792080974,29.1420077035,18379674
2019-03-08,29.1719122779,29.4320820747,29.007437119,29.1838741076,16978032
2019-03-11,29.3184446922,29.4799293937,29.2526546286,29.4500248193,16035765
2019-03-12,29.4649771065,29.5277767126,29.3214351496,29.4171297875,15212307
2019-03-13,29.5158148829,29.7101946162,29.4231107024,29.6144999783,16446801
2019-03-14,29.5878924578,29.593905646,29.3413517423,29.5307671701,14778360
2019-03-15,29.5488067346,29.6180485966,29.3443583364,29.5908990519,43800135
2019-03-18,29.5548199228,29.9967892543,29.5427935464,29.9637167193,17310363
2019-03-19,30.0629343243,30.2132640289,29.9366573725,30.020842007,16243281
2019-03-20,29.8254133911,29.9306441843,29.626978181,29.6570441219,18969366
2019-03-21,29.5397869524,29.8043672324,29.494688041,29.7833210738,19652928
2019-03-22,29.6390045574,29.9246309961,29.4465825355,29.5488067346,20124393
2019-03-25,29.4044902182,29.6510309338,29.3533781187,29.5157341996,16222275
2019-03-26,29.5728594874,29.7201825979,29.4736418823,29.560833111,14838867
2019-03-27,29.5067144173,29.723189192,28.5626438725,29.2271011668,25413516
2019-03-28,29.3413517423,29.4255363769,29.0226527686,29.2030484141,24162972
2019-03-29,29.3413517423,29.365404495,29.1759890672,29.3233121777,22319697
2019-04-01,29.4556023178,29.5728594874,29.33233196,29.4105034064,25517268
2019-04-02,29.3924638419,29.5578265169,29.13389675,29.1459231263,18822126
2019-04-03,29.20004182,29.2842264545,29.1008242149,29.2210879786,17062428
2019-04-04,29.2391275432,29.5488067346,29.2361209491,29.4976946351,12078804
2019-04-05,29.5397869524,29.8254133911,29.5127276055,29.7141694097,13969272
2019-04-08,29.5999188342,29.8404463615,29.5427935464,29.8344331734,16267266
2019-04-09,29.7051496274,29.8344331734,29.5097210114,29.6720770924,13102605
2019-04-10,29.6179583987,29.9817562839,29.6149518046,29.9456771548,12273384
2019-04-11,29.9757430957,30.315488228,29.9065914316,30.3064684458,16820583
2019-04-12,30.3666003276,30.673272925,30.3666003276,30.5349695968,15486006
2019-04-15,30.4567981504,30.9408597992,30.444771774,30.7965432827,15336477
2019-04-16,30.934846611,31.0851763156,30.8296158178,30.9468729873,14485173
2019-04-17,30.967919146,31.0881829097,30.7905300946,31.0160246514,11187645
2019-04-18,31.000991681,31.2084466733,30.934846611,31.0220378396,11183811
2019-04-22,30.901774076,31.1302752269,30.7183718364,30.7785037182,15238338
2019-04-23,30.8266092237,31.0551103746,30.6492201722,30.9889653046,15152520
2019-04-24,31.0100114633,31.2234796438,30.9949784928,31.1272686328,14093427
2019-04-25,31.0400774042,31.3136774665,30.9168070464,31.1242620388,11883174
2019-04-26,30.2012376526,30.7694839359,29.9637167193,30.5259498145,24323880
2019-04-29,30.6311806077,30.6672597368,30.3004552576,30.5349695968,19140015
2019-04-30,30.5981080727,30.9438663932,30.5018970617,30.9198136405,18401208
2019-05-01,30.8987674819,30.9107938582,30.4507849622,30.4748377149,16011621
2019-05-02,30.4958838736,30.6852993013,30.1380991766,30.411699239,15020919
2019-05-03,30.7634707477,30.8927542937,30.607127855,30.6913124895,15951783
2019-05-06,30.2914354753,30.8326224118,30.2282969994,30.805563065,13841010
2019-05-07,30.607127855,30.7183718364,30.2944420694,30.4567981504,13726710
2019-05-08,30.1411057707,30.378626704,30.0238486011,30.1561387412,17646048
2019-05-09,30.0053768047,30.2078911843,29.8784274921,30.0869870771,18720603
2019-05-10,30.153484336,30.8637959658,30.1353487199,30.8033439122,26228082
2019-05-13,30.362043921,30.5736261086,29.926789135,30.1927781709,22084635
2019-05-14,30.2683432379,30.4889932335,30.1927781709,30.3136822781,19061088
2019-05-15,30.2864788539,30.3348404968,29.9630603672,30.1897555682,20220996
2019-05-16,31.0814233588,31.4229774616,30.4799254255,30.6219877514,51365943
2019-05-17,30.2985692647,30.815434323,30.1988233762,30.4859706308,37113858
2019-05-20,30.3439083049,30.824502131,30.3015918674,30.6854624077,21583335
2019-05-21,30.682439805,30.7247562426,30.3469309076,30.5645583005,20667288
2019-05-22,30.7096432292,30.9605192516,30.5464226844,30.900067198,22022625
2019-05-23,30.7761404881,30.8093891176,30.4224959746,30.7882308988,19363827
2019-05-24,30.8849541846,31.0995589749,30.8547281578,31.0330617159,13449501
2019-05-28,30.9998130864,31.3050959571,30.9514514436,30.9574966489,30815589
2019-05-29,30.8637959658,31.0965363722,30.6703493943,30.8668185685,19560687
2019-05-30,30.9786548677,31.2809151357,30.8033439122,30.8879767873,15058929
2019-05-31,30.6340781622,30.8365925417,30.4073829612,30.6612815863,17782452
2019-06-03,30.7187110372,31.0360843186,30.6491911756,30.8184569256,19844490
2019-06-04,31.0149260998,31.0270165106,30.6612815863,30.9998130864,17895021
2019-06-05,31.0572425374,31.6708308814,31.0119034972,31.5620171849,20708634
2019-06-06,31.5831754037,31.9368199172,31.495519926,31.7705767698,24191175
2019-06-07,31.806848002,32.1484021049,31.7524411538,32.0577240245,20428131
2019-06-10,32.184673337,32.5776116854,32.1514247075,32.4990240157,18976956
2019-06-11,32.6441089444,32.9373014043,32.5685438774,32.6259733283,20241783
2019-06-12,32.6199281229,32.9191657883,32.6199281229,32.8919623641,13905225
2019-06-13,32.9463692124,33.1216801678,32.6954931899,32.8405781186,16454904
2019-06-14,32.8798719534,33.1247027705,32.7831486677,32.9675274311,13577649
2019-06-17,32.9826404445,33.1126123598,32.7226966141,32.9947308553,12440988
2019-06-18,33.1881774268,33.2365390697,32.9191657883,33.1428383866,14733498
2019-06-19,33.1881774268,33.2002678375,32.9070753775,33.1337705785,11774418
2019-06-20,33.1942226321,33.3967370117,33.0310020874,33.3453527661,15004629
2019-06-21,33.3513979715,33.9105794673,33.3272171501,33.5901835832,39535725
2019-06-24,33.6989972797,33.9196472754,33.5599575564,33.6234322127,18098511
2019-06-25,33.5146185162,33.6808616636,33.3695335876,33.4662568733,18316164
2019-06-26,33.5055507082,33.5750705698,33.2788555072,33.2969911233,12485103
2019-06-27,33.2667650965,33.4027822171,32.9040527749,33.2788555072,16443930
2019-06-28,33.4148726278,33.7050424851,33.3211719447,33.3967370117,19521072
2019-07-01,33.6415678288,33.8440822084,33.2546746857,33.4360308465,16548249
2019-07-02,33.4995055028,33.7352685119,33.3513979715,33.7322459092,12189627
2019-07-03,33.6052965966,33.9740541236,33.5508897484,33.9498733022,9621930
2019-07-05,33.8531500164,33.9256924807,33.6143644047,33.847104811,10738251
2019-07-08,33.828969195,34.1342520656,33.762471936,34.0707774094,14146974
2019-07-09,34.1221616549,34.2702691862,34.0345061772,34.1191390522,16271097
2019-07-10,34.1916815166,34.3397890479,33.9710315209,34.149365079,13737075
2019-07-11,34.2581787755,34.4395349363,34.1614554898,34.433489731,11689707
2019-07-12,34.4848739765,34.6904109588,34.3428116506,34.6390267132,11229996
2019-07-15,34.660184932,34.7841116418,34.593687673,34.753885615,10038228
2019-07-16,34.8596767088,34.9080383517,34.4697609631,34.6873883561,10464492
2019-07-17,34.7025013695,34.811315066,34.518122606,34.6390267132,8066082
2019-07-18,34.5634616462,34.6934335614,34.3790828827,34.6752979454,9674394
2019-07-19,34.7599308204,34.8536315035,34.4153541149,34.4274445256,11389482
2019-07-22,34.4878965792,34.5604390435,33.9498733022,34.1010034362,13562472
2019-07-23,34.1916815166,34.215862338,33.7231781011,33.8803534405,17262888
2019-07-24,33.8622178244,34.0919356281,33.7231781011,33.8531500164,12532326
2019-07-25,33.9075568646,33.9710315209,33.7503815253,33.9196472754,11554626
2019-07-26,33.8894212486,34.2581787755,33.7987431682,34.1614554898,14187135
2019-07-29,34.1070486415,34.149365079,33.7806075521,33.9347602888,11239785
2019-07-30,33.8712856325,33.9740541236,33.7534041279,33.8712856325,9105588
2019-07-31,33.8259465923,33.9559185075,33.1367931812,33.3634883822,18633831
2019-08-01,33.3453527661,33.904534262,33.0430924981,33.0612281142,22364901
2019-08-02,33.1700418107,33.2909459179,32.6894479846,33.0672733196,16970127
2019-08-05,32.6441089444,32.6441089444,31.9156616985,31.9851815601,22709916
2019-08-06,32.0970178593,32.5957473015,31.9156616985,32.4234589487,21049284
2019-08-07,32.3478938817,32.8375555159,32.0154075869,32.704560998,21835440
2019-08-08,32.8065766237,33.0586778977,32.7336798698,32.9614822258,13124322
2019-08-09,32.8217634475,32.9432580373,32.4117192067,32.5848489973,12580494
2019-08-12,32.4147565715,32.4512049484,31.8437319992,31.9591518595,15915000
2019-08-13,31.9682639538,32.8369502712,31.8467693639,32.624334739,20168454
2019-08-14,32.0381233429,32.8217634475,31.9348529416,32.2568136047,27938454
2019-08-15,34.179465489,34.5166129758,33.4596100442,34.2280633249,59438682
2019-08-16,34.6502570247,34.9084330281,34.0367093459,34.3191842673,32895642
2019-08-19,34.7322658728,34.8628725569,34.5044635169,34.5682481765,21535389
2019-08-20,34.5834350003,34.6381075657,34.0215225222,34.0336719812,18342363
2019-08-21,34.6198833772,34.6472196599,33.9820367805,34.024559887,24472395
2019-08-22,34.0792324524,34.2584369724,33.821056449,33.9911488747,17986461
2019-08-23,33.9030652971,33.9911488747,33.4504979499,33.6631134822,18711753
2019-08-26,33.8848411086,34.1004940056,33.7815707073,34.0154477927,17810238
2019-08-27,34.1460544768,34.2645117019,33.8696542849,34.1460544768,17201487
2019-08-28,34.1035313704,34.34652055,33.9212894856,34.2371754192,16112010
2019-08-29,34.6867054016,34.8051626267,34.4163799392,34.6502570247,15811497
2019-08-30,34.9296945813,35.0451144417,34.5955844592,34.7049295901,17115786
2019-09-03,34.5287624348,35.0238528885,34.4710525046,34.8203494505,17827950
2019-09-04,35.1392727488,35.221281597,34.8750220159,35.2060947732,17348808
2019-09-05,35.7406709686,35.8287545462,35.0117034295,35.0633386302,17478357
2019-09-06,35.0633386302,35.1574969373,34.814274721,34.8476857332,13033500
2019-09-09,34.777826344,35.4187103055,34.7474526965,35.3336640926,17906931
2019-09-10,35.2303936912,35.5250180716,35.0754880891,35.2486178797,14572107
2019-09-11,35.2334310559,35.4460465882,34.9965166057,35.2395057854,15847737
2019-09-12,35.4308597644,35.5584290838,35.2030574085,35.5128686126,13415754
2019-09-13,35.5857653665,35.8986139354,35.5219807068,35.6677742146,16915281
2019-09-16,35.3974487522,35.5888027312,35.0451144417,35.1028243719,18116232
2019-09-17,35.0268902532,35.4430092234,35.0056287,35.388336658,14330718
2019-09-18,35.5098312478,35.6070269197,35.2881036214,35.5857653665,12342942
2019-09-19,35.6586621204,35.783194075,35.4673081414,35.5705785428,10186581
2019-09-20,35.6434752967,35.7315588743,35.4764202356,35.5310928011,34739418
2019-09-23,35.4187103055,35.9654359598,35.4035234817,35.7254841448,17718813
2019-09-24,35.9168381238,36.405853848,35.8439413699,35.962398595,23123322
2019-09-25,35.9836601483,36.0595942669,35.783194075,35.9836601483,13888554
2019-09-26,36.0838931849,36.3116955408,35.8986139354,35.9320249476,11973597
2019-09-27,36.2084251395,36.214499869,35.7649698865,35.9775854188,10304226
2019-09-30,36.0444074432,36.2782845286,36.010996431,36.0474448079,10811646
2019-10-01,36.0990800086,36.178051492,35.7558577923,35.795343534,11222934
2019-10-02,35.6586621204,35.7042225916,35.1149738308,35.2698794329,18024144
2019-10-03,35.196982679,35.4764202356,34.802125262,35.3275893631,16004673
2019-10-04,35.3549256458,35.9320249476,35.2911409861,35.8895018411,14606010
2019-10-07,35.8712776526,35.9320249476,35.5007191536,35.6070269197,14259273
2019-10-08,35.4794576004,36.0444074432,35.4338971292,35.7133346858,16638399
2019-10-09,35.8955765706,36.2357614222,35.8469787347,36.1233789266,11789982
2019-10-10,36.1142668323,36.4119285775,36.02314589,36.3299197293,13191135
2019-10-11,36.4240780365,36.6640298514,36.0595942669,36.5212737083,18446676
2019-10-14,36.4028164832,36.5880957327,36.1750141273,36.1962756805,13800666
2019-10-15,36.2448735164,36.4453395897,36.1051547381,36.3056208113,16155468
2019-10-16,36.2387987869,36.4817879666,36.1750141273,36.2722097991,12432777
2019-10-17,36.3481439178,36.5243110731,36.2539856107,36.3997791185,11881575
2019-10-18,36.585058368,36.6306188392,36.1841262215,36.1871635862,16776852
2019-10-21,36.2357614222,36.3967417537,36.0899679144,36.369405471,10416480
2019-10-22,36.3724428358,36.5000121551,36.2630977049,36.3208076351,7788576
2019-10-23,36.1962756805,36.4028164832,36.0504821727,36.2509482459,8601690
2019-10-24,36.190200951,36.3177702703,35.9958096072,36.1750141273,8765958
2019-10-25,36.1446404798,36.2448735164,35.9016513001,36.1567899388,7692291
2019-10-28,36.2205745985,36.357256012,36.0018843367,36.2114625042,10212966
2019-10-29,35.9927722425,36.0626316317,35.5614664485,35.5827280018,14370210
2019-10-30,35.591840096,35.9532865008,35.5523543543,35.8712776526,8987859
2019-10-31,35.819642452,35.9259502181,35.4855323299,35.616139014,14641686
2019-11-01,35.8166050872,35.8317919109,35.6070269197,35.7254841448,11287779
2019-11-04,35.962398595,36.178051492,35.5888027312,35.7102973211,13928679
2019-11-05,35.7437083333,36.1871635862,35.5614664485,36.1021173734,12638217
2019-11-06,36.0930052791,36.3329570941,36.0565569022,36.2965087171,10839747
2019-11-07,36.4483769544,36.7278145111,36.3086581761,36.5182363436,13321044
2019-11-08,36.5425352616,36.7156650521,36.1264162913,36.2782845286,11498109
2019-11-11,36.0535195374,36.3359944588,35.9259502181,36.1567899388,13315842
2019-11-12,36.3268823646,36.4483769544,36.0869305496,36.1810888568,15187113
2019-11-13,36.1932383157,36.8614585599,36.0413700784,36.7460386995,24029097
2019-11-14,37.8455647377,38.0824791879,36.2995460819,36.6458056629,67512093
2019-11-15,36.6549177572,36.752113429,35.9563238655,36.1051547381,30400587
2019-11-18,35.9775854188,36.7126276873,35.9138007591,36.5243110731,19643859
2019-11-19,36.4817879666,36.5577220853,36.3602933768,36.4149659422,11143002
2019-11-20,36.5121616141,36.5941704622,35.962398595,36.1841262215,15225075
2019-11-21,36.0930052791,36.4483769544,36.0444074432,36.405853848,12905934
2019-11-22,36.4939374256,36.5394978968,36.2266493279,36.2539856107,11529249
2019-11-25,36.4483769544,36.4544516839,35.8105303577,36.1203415618,17644134
2019-11-26,36.1324910208,36.2357614222,35.9775854188,36.20235041,18876444
2019-11-27,36.2630977049,36.3876296595,36.0626316317,36.0717437259,10299636
2019-11-29,36.1871635862,36.4392648602,36.1446404798,36.1719767625,9471948
2019-12-02,36.190200951,36.2600603402,35.7923061692,36.2296866927,17011089
2019-12-03,35.962398595,36.1324910208,35.771044616,36.0444074432,20269302
2019-12-04,36.1810888568,36.2053877747,35.9320249476,36.0504821727,16669893
2019-12-05,36.110822472,36.2389615852,35.8240349329,36.20235041,13058304
2019-12-06,36.3304895232,36.5501565744,36.2816746229,36.5440547118,13022355
2019-12-09,36.4799851552,36.568462162,36.3609988358,36.4159155986,14447988
2019-12-10,36.4128646674,36.476934224,36.3121839356,36.3487951108,12846765
2019-12-11,36.4281193237,36.5043926054,36.1626883035,36.306082073,10052874
2019-12-12,36.306082073,36.6447354436,36.2084522725,36.5379528493,12447060
2019-12-13,36.3548969733,36.809485732,36.3121839356,36.6996522064,16099011
2019-12-16,36.7393143129,37.0230509207,36.7393143129,36.7759254881,16052199
2019-12-17,36.90101367,37.129833515,36.8247403884,37.0016944018,13727442
2019-12-18,37.071865821,37.1237316525,36.5623602994,36.568462162,15306939
2019-12-19,36.5928696121,36.7667726943,36.5440547118,36.6355826498,13392267
2019-12-20,37.0627130272,37.2579726282,36.6172770622,36.6996522064,23860203
2019-12-23,36.672193825,36.8216894571,36.3091330043,36.3152348668,13457418
2019-12-24,36.3457441795,36.489137949,36.3091330043,36.4616795676,6682269
2019-12-26,36.4921888803,36.5654112307,36.2908274167,36.4647304989,12671271
2019-12-27,36.5928696121,36.5928696121,36.3823553547,36.4860870178,10631364
2019-12-30,36.5501565744,36.5532075056,36.3457441795,36.4281193237,8837433
2019-12-31,36.4586286364,36.5501565744,36.0589566404,36.2572671728,14735751
2020-01-02,36.2633690353,36.5776149558,36.214554135,36.2877764854,20293110
2020-01-03,36.0833640906,36.2420125164,35.8759007644,35.9674287024,16197711
2020-01-06,35.8179330704,36.0284473278,35.6257244006,35.894206352,19314012
2020-01-07,35.7752200326,35.8545442456,35.4518213184,35.561654844,20548029
2020-01-08,35.4823306311,35.6135206755,35.2931728925,35.4396175933,17625930
2020-01-09,35.4365666621,35.8087802766,35.4152101432,35.8057293453,16690512
2020-01-10,35.7691181701,35.7996274828,35.3847008305,35.5067380812,18164256
2020-01-13,35.5067380812,35.5586039127,35.1985940233,35.3541915179,18336201
2020-01-14,35.2291033359,35.4548722497,35.1253716729,35.4457194559,19756956
2020-01-15,34.9728251095,35.3511405866,34.9392648656,35.1711356419,22356456
2020-01-16,35.2382561297,35.3694461742,35.1711356419,35.3602933804,16102101
2020-01-17,35.4060573494,35.4823306311,34.9758760408,35.0735058413,30129990
2020-01-21,34.9606213845,35.2962238238,34.9392648656,35.2657145111,22056660
2020-01-22,35.1528300543,35.5525020502,35.1406263292,35.4213120057,14778231
2020-01-23,35.4548722497,35.4853815623,35.0979132915,35.332834999,12913374
2020-01-24,35.3908026931,35.3999554869,34.8263804087,34.8935008966,13147464
2020-01-27,34.5334910071,35.4609741122,34.3778935125,35.3480896553,21051783
2020-01-28,35.3847008305,35.665386507,35.3755480367,35.573858569,15810621
2020-01-29,35.561654844,35.7325069949,35.3572424491,35.3572424491,11326620
2020-01-30,35.2718163737,35.6104697442,35.1868174286,35.5677567065,13744434
2020-01-31,35.3297840677,35.470126906,34.7501071271,34.9301120718,23321271
2020-02-03,35.0552002537,35.2046958858,34.8111257524,34.8629915839,13041066
2020-02-04,35.1589319168,35.4640250435,35.0521493225,35.1680847106,15692622
2020-02-05,35.2687654424,35.6806411634,35.0399455974,35.6379281256,17045922
2020-02-06,35.6440299882,35.7660672388,35.4091082807,35.4853815623,16055001
2020-02-07,35.424362937,35.6226734693,35.3175803427,35.5280946,11068881
2020-02-10,35.3145294114,35.6897939572,35.1009642227,35.1619828481,18413838
2020-02-11,35.2168996109,35.2382561297,34.9148574155,35.2077468171,17390451
2020-02-12,35.2382561297,35.5189418063,35.2107977483,35.3450387241,14192142
2020-02-13,35.3450387241,35.8606461081,35.2626635799,35.8301367954,15991950
2020-02-14,35.9003082146,36.1748920286,35.74471072,35.9674287024,24299874
2020-02-18,36.1443827159,36.5959205434,35.8057293453,36.4982907428,34539015
2020-02-19,36.4586286364,36.5928696121,35.9033591458,35.9033591458,21554523
2020-02-20,35.7599653763,36.0345491903,35.653182782,35.9064100771,15068847
2020-02-21,35.8301367954,36.2298087914,35.790474689,36.1779429598,18726303
2020-02-24,35.836238658,36.1413317846,35.3755480367,35.4884324936,19847286
2020-02-25,35.4975852874,35.7172523386,34.7958710961,34.8996027591,23287383
2020-02-26,34.9941816284,35.1375753979,34.6738338454,34.7134959519,20019903
2020-02-27,34.3412823373,34.8019729586,33.6670265274,33.6822811837,28463721
2020-02-28,32.8554788105,33.1087061056,31.8425696299,32.8524278792,52366704
2020-03-02,32.8280204291,35.5128399437,32.7334415598,35.3541915179,51214536
2020-03-03,35.4152101432,35.8575951768,34.2741618495,34.4480649317,33334353
2020-03-04,34.8538387901,35.6470809194,34.6189170826,35.6257244006,24619734
2020-03-05,34.9026536904,35.7721691014,34.7531580583,35.3663952429,25637943
2020-03-06,34.7409543333,35.973530565,34.4785742443,35.7660672388,29408793
2020-03-09,34.7256996769,36.8033838695,34.3931481689,35.74471072,59219316
2020-03-10,36.031498259,36.8186385258,35.0613021163,36.5471056431,37787766
2020-03-11,35.8514933143,36.3152348668,34.4145046877,34.9118064842,31782132
2020-03-12,32.3459732889,34.0148326918,31.4184901839,31.7449398294,55909326
2020-03-13,33.0232800301,34.9606213845,31.6930739979,34.8111257524,42943509
2020-03-16,32.0957969251,33.9660177915,31.1194989198,32.5717422027,36732156
2020-03-17,34.4053518939,36.3884572172,33.7005867713,36.385406286,52783815
2020-03-18,35.0857095664,39.0763276632,34.9331630031,37.3983154665,77325693
2020-03-19,38.1435508284,38.9219906412,36.05034456,36.6081242684,57080310
2020-03-20,36.6234478868,37.6317419751,34.291193172,34.9286556959,55404693
2020-03-23,34.9899501693,36.022762047,34.3892643295,35.0236621297,39333117
2020-03-24,35.5109531937,35.9706617446,34.113439199,35.2535164052,42657360
2020-03-25,34.6221833286,34.9378498669,33.1143392818,33.5280769775,53189430
2020-03-26,33.5280769775,33.9785913574,32.746572441,33.6567953718,58245777
2020-03-27,33.7456723583,34.4107173952,33.2828990837,33.5832420036,36138522
2020-03-30,34.281999001,35.489500128,34.0000444231,35.3025519839,29203149
2020-03-31,35.0328563008,35.6090243512,34.5210474474,34.8213903674,26251470
2020-04-01,34.3708759875,35.4067525888,34.263610659,34.9807559983,28228197
2020-04-02,34.6865425258,36.5039236636,34.4291057373,36.3629463746,29500380
2020-04-03,35.9216261658,36.7491015574,35.8664611397,36.6173184395,28614357
2020-04-06,36.4886000452,38.7350424972,36.4518233611,38.6369713397,47746260
2020-04-07,37.9964440921,38.7656897339,37.2792987527,37.3865640813,41356302
2020-04-08,37.9075671056,37.9443437897,36.9575027671,37.3405932262,27857502
2020-04-09,36.2311632567,37.6562597644,36.0595387311,37.3283343315,32828328
2020-04-13,37.1659039768,38.5143823928,37.1352567401,38.4009876169,24163308
2020-04-14,38.9526378779,39.7770485458,38.6277771686,39.5349353757,34063431
2020-04-15,39.5349353757,39.8046310589,38.9587673253,39.4613820076,22420257
2020-04-16,39.5349353757,40.7363070553,39.3050811003,40.5554883587,31777038
2020-04-17,40.2949868465,40.7516306737,39.7586602038,40.4911291615,30912105
2020-04-20,40.5738767007,40.8772843443,39.7678543748,39.7954368879,24379368
2020-04-21,39.8628608087,40.1570742812,39.2774985872,39.5992945728,27893550
2020-04-22,39.841407743,40.570811977,39.504288139,40.3286988069,19447752
2020-04-23,39.7954368879,40.1754626233,39.1457154693,39.3908933631,28821342
2020-04-24,39.6422007043,39.8076957826,39.4000875341,39.6697832173,17343204
2020-04-27,39.841407743,39.9364141768,39.2805633109,39.3204047186,17907858
2020-04-28,39.3142752713,39.9149611111,39.1365212983,39.2284630085,20725974
2020-04-29,38.483735156,38.5419649058,37.5581886069,37.8799845925,44557236
2020-04-30,37.7206189616,37.8309490138,37.0954153324,37.2517162397,40466109
2020-05-01,37.230263174,37.9075671056,37.0157325169,37.6715833828,31130850
2020-05-04,37.9535379607,38.1251624863,37.3007518184,37.9106318293,17798295
2020-05-05,37.941279066,38.3887287222,37.7757839877,38.2262983675,19332786
2020-05-06,38.3734051038,38.4592173667,37.6501303171,37.7880428824,17290728
2020-05-07,38.0047051932,38.1647768496,37.4013581805,37.5214119229,27344697
2020-05-08,37.7861458162,37.8661816444,37.4382977936,37.8446335368,20830536
2020-05-11,37.8754165476,38.2663607854,37.8661816444,38.069349516,25334244
2020-05-12,38.3186919038,38.6819314318,38.1032108279,38.1032108279,19077402
2020-05-13,38.0170183975,38.8604728948,37.890808053,38.0816627203,29159181
2020-05-14,38.432589044,38.5187814743,37.3397921589,37.9923919888,22219023
2020-05-15,38.0077834943,38.7681238622,37.890808053,38.7681238622,31718571
2020-05-18,39.2483388314,39.5746387464,38.8173766796,39.2975916488,38622429
2020-05-19,40.5566167925,40.6304960185,38.4202758396,38.4633720548,74663946
2020-05-20,38.9374304219,38.9682134327,38.3648664201,38.6172871091,32229117
2020-05-21,38.4449022483,38.8296898839,38.2478909789,38.4756852592,22519482
2020-05-22,38.5095465711,38.5865040982,38.1001325268,38.2725173876,22351908
2020-05-26,38.2755956886,38.6357569156,38.0570363116,38.1278372366,23711391
2020-05-27,38.1616985485,38.3217702049,37.2566780296,37.7030316869,31055292
2020-05-28,38.0847410214,38.4633720548,37.9123561606,38.0755061181,24423945
2020-05-29,38.2448126778,38.3894928288,37.5337251272,38.1894032583,29310405
2020-06-01,37.998548591,38.2971437962,37.6660920738,38.1586202474,20543319
2020-06-02,38.0447231073,38.217107968,37.8046156227,38.1524636452,19178064
2020-06-03,38.1401504409,38.1678551507,37.7584411064,38.0077834943,20241801
2020-06-04,37.8015373216,38.1370721398,37.4998638153,37.5891345467,23996304
2020-06-05,37.7307363966,37.7645977086,36.9119083081,37.4198279871,39319071
2020-06-08,36.8103243723,37.3213223523,36.7733847592,37.3213223523,28327926
2020-06-09,37.4321411914,37.5552732348,37.1119978786,37.3551836643,20729931
2020-06-10,37.4198279871,37.709188289,37.2874610404,37.2966959437,28053201
2020-06-11,37.2443648252,37.7338146977,36.7795413614,36.9673177276,34146129
2020-06-12,37.0966063732,37.1704855992,36.0345924989,36.2439169727,32341458
2020-06-15,36.4470848443,36.5332772746,36.0192009935,36.3485792095,32662509
2020-06-16,36.8780469961,37.0104139428,36.4901810594,36.8318724799,25166832
2020-06-17,36.8965168026,36.9796309319,36.4470848443,36.6410178126,20144523
2020-06-18,36.4901810594,36.6502527159,36.219290564,36.3208744998,20054940
2020-06-19,36.5979215974,37.0319620504,36.2469952737,36.8934385016,40078284
2020-06-22,37.2382082231,37.5829779446,37.0627450612,37.4567676001,27313722
2020-06-23,37.7861458162,37.816928827,37.235129922,37.2689912339,19719249
2020-06-24,37.1674072981,37.2843827393,36.8103243723,37.0319620504,20544534
2020-06-25,36.8657337918,36.9888658352,36.4409282421,36.8503422864,20560665
2020-06-26,36.8164809744,37.198190309,36.330109403,36.4224584356,26979927
2020-06-29,36.4778678551,36.8411073831,36.3901362742,36.6502527159,16511352
2020-06-30,36.6995055332,36.9796309319,36.4901810594,36.871890394,20503893
2020-07-01,36.7703064582,36.9149866091,36.5271206725,36.8441856842,19739532
2020-07-02,36.9673177276,37.2105035133,36.5886866942,36.6964272321,17677917
2020-07-06,36.8780469961,36.8995951037,36.3916754247,36.5979215974,21676572
2020-07-07,36.4624763497,39.2637303369,36.3916754247,39.0790322718,93235716
2020-07-08,39.4022538857,39.4422717998,38.2940654951,38.3063786995,52050693
2020-07-09,38.6665399264,39.4576633052,38.4633720548,39.3252963586,42694365
2020-07-10,39.630048166,40.4396413513,39.1744596054,40.2272385764,44215845
2020-07-13,40.4273281469,41.1353373964,39.6762226822,39.8701556506,42312726
2020-07-14,39.7962764245,40.7874893738,39.7193188974,40.6366526207,26394654
2020-07-15,40.7166884489,41.2892524507,40.2641781894,40.6335743196,31717050
2020-07-16,40.648965825,40.8582902988,40.3996234372,40.6951403413,17631585
2020-07-17,41.0553015682,41.0553015682,40.4704243621,40.5535384914,18174825
2020-07-20,40.6212611153,40.8613685999,40.3688404263,40.4704243621,18330462
2020-07-21,40.4981290719,41.2461562355,40.4642677599,40.7351582554,21712077
2020-07-22,40.8090374814,40.9506393313,40.3842319317,40.8367421912,16164531
2020-07-23,40.9414044281,40.9875789444,40.4211715448,40.5227554806,16796256
2020-07-24,40.3103527057,40.756706363,40.174907458,40.3996234372,13037349
2020-07-27,40.2826479959,40.6274177174,40.2826479959,40.3903885339,14045550
2020-07-28,40.4796592654,40.7505497608,40.3011178024,40.5596950936,14414163
2020-07-29,40.4981290719,40.5904781044,39.9717395864,40.2303168775,14223327
2020-07-30,39.8393726397,40.1472027482,39.6238915638,40.0548537157,13788363
2020-07-31,39.9101735647,40.0456188124,39.2852784445,39.8332160376,21634605
2020-08-03,39.9902093929,40.0533145651,39.4857681941,39.8024330267,14976264
2020-08-04,39.9101735647,40.5443035881,39.6916141877,40.5227554806,18219675
2020-08-05,40.1564376515,40.248786684,39.6577528757,39.959426382,25510719
2020-08-06,39.7501019083,40.0887150276,39.7192881144,39.8178245321,14496420
2020-08-07,39.8886254571,40.1595159525,39.7439453061,40.0086791994,16558461
2020-08-10,40.0917933287,40.7382365565,39.9101735647,40.5966347066,17683062
2020-08-11,40.8151940836,40.901386514,39.9348923224,40.0794801243,25360065
2020-08-12,40.1625942536,40.7043752446,39.7347104028,40.5997130077,19116336
2020-08-13,40.5558099204,40.787628055,40.4074463143,40.7536280619,19867332
2020-08-14,40.9050825765,41.0998098096,40.6856280758,40.9854461965,20106261
2020-08-17,41.5263551772,42.0765368833,41.3718097542,41.9127187349,38163435
2020-08-18,42.0889005172,42.5408840615,41.1616279788,41.6376278818,80232531
2020-08-19,41.4830824588,41.6221733395,40.7551735161,40.9267189357,38155203
2020-08-20,40.5558099204,40.8216280481,40.1972645389,40.3579917789,26810646
2020-08-21,40.351809962,41.0070825557,40.2127190812,40.6856280758,24863982
2020-08-24,40.8772644004,40.948355295,40.2838099758,40.5929008219,19813650
2020-08-25,40.4290826735,40.564062646,40.0798100174,40.3765372296,21722457
2020-08-26,40.2467190743,40.4538099412,40.0890827427,40.3981735889,18814668
2020-08-27,40.5156281104,43.0718094079,40.4599917581,42.2310823064,119018727
2020-08-28,43.581809304,43.6034456632,42.6050822302,43.3654457117,64050939
2020-08-31,42.4938095256,42.9296276187,41.8910823757,42.9172639848,45236331
2020-09-01,43.6436274732,46.2368996722,43.2881730002,45.61871798,107124621
2020-09-02,46.7499904768,46.7747177445,45.0067181046,45.6465361561,51665964
2020-09-03,45.3436271269,46.2399905807,43.8321728893,44.6759908993,48015009
2020-09-04,44.5152636593,44.8299799588,43.3036275425,44.1474455524,33982089
2020-09-08,43.7085365509,43.8599910655,42.7349003856,42.7936276464,33966753
2020-09-09,43.300536634,44.0794455662,43.1027184925,43.2387184648,33669102
2020-09-10,43.2912639086,43.4380820605,42.2173895819,42.2867186587,33709251
2020-09-11,42.3609004618,42.7905367379,41.8972641926,42.2527186656,28879731
2020-09-14,42.0796277918,43.6127183886,41.9992641718,42.4443549902,45733938
2020-09-15,42.7256276602,42.9883239703,42.2465368487,42.4567186241,30427866
2020-09-16,42.7812640125,42.8654912681,42.0518096157,42.1167186933,27877947
2020-09-17,41.8601732911,42.5216277018,41.7334460441,42.2496277572,37245078
2020-09-18,42.1723550456,42.5092640679,41.6499915157,41.8169005726,54709059
2020-09-21,42.1909004964,42.4196277225,41.8169005726,42.3670822787,47275503
2020-09-22,42.3670822787,42.9605367033,42.2125368556,42.7503549279,33102054
2020-09-23,42.9636276117,43.0378094148,41.9805023575,42.0332641649,23133324
2020-09-24,41.9529005449,42.5911731421,41.7489005864,42.2527186656,29453082
2020-09-25,42.1970823133,42.5108095222,42.0239914395,42.4289004479,22618788
2020-09-28,42.3949004549,42.6699913079,42.2589004826,42.422718631,21196977
2020-09-29,42.422718631,42.6978094841,42.1569005033,42.3887186379,27722724
2020-09-30,42.4659913495,43.8105365301,42.4076968159,43.2449002817,34826451
2020-10-01,43.5199911348,44.6265054548,43.3530820778,44.2247182639,43290999
2020-10-02,43.9959910378,44.2309000809,43.3128075406,43.4272638809,24584922
2020-10-05,43.6714456494,43.9495965018,43.601900209,43.8290819809,14259117
2020-10-06,43.8507183401,44.1814146364,43.3499911694,43.4674456909,21475443
2020-10-07,43.662172924,43.7518092694,43.3499911694,43.5478093109,16949196
2020-10-08,43.7394456355,43.9187183263,43.6189002055,43.6930820086,14676870
2020-10-09,43.7858092624,44.3050818839,43.7549001778,44.1319910101,14494806
2020-10-12,44.2061728132,44.9387181185,44.2061728132,44.5863545539,18402447
2020-10-13,44.7192636177,45.3142634965,44.620354547,45.1983544292,23800347
2020-10-14,45.2508998731,45.2895362288,44.4349309484,44.4905363916,19722327
2020-10-15,44.2278091724,44.8058090546,44.1497328247,44.6728999908,13705425
2020-10-16,44.9418090269,45.1736271615,44.65435454,44.7285363431,16942023
2020-10-19,44.8490817731,44.9325363016,44.1230273756,44.1845364539,14643210
2020-10-20,44.5430818354,44.9819908369,44.3916273208,44.4781727578,14529636
2020-10-21,44.459627307,45.0425417337,44.459627307,44.6327181808,13114281
2020-10-22,44.5678091031,44.6821727162,44.1041728339,44.3699909616,13354731
2020-10-23,44.499809117,44.5523545608,44.1536273693,44.4627182154,10540467
2020-10-26,44.1505364609,44.2383182612,43.5632638532,43.9403546855,16111791
2020-10-27,43.9063546924,44.4163545885,43.8816274247,44.1598091862,11830953
2020-10-28,43.5694456701,43.9310819601,43.2356275563,43.2850820917,16849323
2020-10-29,43.2727184579,43.6158092971,42.8709003579,43.2479911902,15154044
2020-10-30,43.019263964,43.300536634,42.4598095325,42.8863549002,18608217
2020-11-02,43.4550820571,43.5230820432,42.9729003371,43.3963547963,16575654
2020-11-03,43.782718354,44.5585363777,43.7579910863,44.1319910101,15413223
2020-11-04,43.7579910863,44.6296272724,43.6856947374,43.8785365163,17927481
2020-11-05,44.5090818424,44.580172737,44.1814455455,44.3452636939,14202705
2020-11-06,44.620354547,45.1952635208,44.3699909616,45.05617264,16198464
2020-11-09,45.7454452269,45.8070161234,44.3483546024,44.3669000531,28198572
2020-11-10,44.4318091308,45.2623671435,44.3638400538,44.9912635623,18199332
2020-11-11,45.4116271131,46.0406269849,45.2508998731,45.73926341,18805821
2020-11-12,45.893808833,45.9650851821,45.4672634654,45.8165361215,12576993
2020-11-13,46.0359906222,46.6526268603,45.5970816207,46.530535976,19811514
2020-11-16,46.5274450676,47.414535796,46.1410815099,47.1178085837,34560411
2020-11-17,46.5181723422,47.3665648966,46.1101724253,46.1688996861,42711639
2020-11-18,46.3203542007,46.8798086322,46.0699906153,46.0823542492,24936867
2020-11-19,46.1967178622,47.1208994921,46.1534451438,47.0188995129,18590604
2020-11-20,46.7252632091,47.2167176544,46.3048996584,46.4378087222,21962565
2020-11-23,46.4779905322,46.7963541037,46.1688996861,46.651081406,18557142
2020-11-24,46.9014449914,46.9756267945,46.4470814476,46.7839904699,17122755
2020-11-25,46.7499904768,47.1023540414,46.7376268429,46.9292631675,13833321
2020-11-27,47.0281722383,47.2043540206,46.7036268499,46.8581722729,10999581
2020-11-30,46.8581722729,47.2754449152,46.3945360037,47.2259903798,32695554
2020-12-01,47.4763539652,47.4948066887,46.8767177237,47.1796267529,21988656
2020-12-02,46.9818086114,47.173444936,46.2189724031,46.5243541591,23547048
2020-12-03,46.450172356,46.450172356,45.8659906569,46.1472633268,25725849
2020-12-04,46.2121724045,46.2121724045,45.6156270715,46.0267178969,20889204
2020-12-07,45.8876270161,46.0514451645,45.4858089161,45.77944522,18479214
2020-12-08,45.5476270854,46.3172632922,45.4919907331,46.1936269538,20716362
2020-12-09,46.3636269191,46.3636269191,45.7114452338,45.8288997553,20139693
2020-12-10,45.8358875123,45.9599779015,45.4698208642,45.6156270715,20652354
2020-12-11,45.5783999547,45.7608438495,45.2743785012,45.6032180326,16860786
2020-12-14,45.8203762137,45.8265807332,45.1068564758,45.184412969,25087956
2020-12-15,45.1440835925,45.4046734099,44.9393344503,45.1626971509,31894500
2020-12-16,45.3674462931,45.5690931756,45.0075841644,45.116163255,25651044
2020-12-17,45.311605618,45.4294914877,45.0292999825,45.3240146569,30679371
2020-12-18,45.483781033,45.6590587077,45.0324022422,45.2774807609,41384232
2020-12-21,45.1378790731,45.5008434615,45.0025585036,45.2836852804,25553004
2020-12-22,45.0292999825,45.3643440334,44.4057457768,44.7345853082,37662171
2020-12-23,44.529836166,44.7407898276,44.1451559594,44.4305638546,20430450
2020-12-24,44.529836166,44.793528243,44.4181548157,44.517427127,9054471
2020-12-28,44.6849491525,45.0758338785,44.4646887116,45.0510158006,19151853
2020-12-29,45.1813107093,45.2449070338,44.5453474646,44.7656079055,17938140
2020-12-30,44.9455389698,45.0292999825,44.6539265552,44.7283807887,18751155
2020-12-31,44.7345853082,44.7563011263,44.3157802446,44.7190740095,17814054
2021-01-04,44.7656079055,45.5690931756,44.759403386,45.4574118253,32182242
2021-01-05,45.4791276434,45.6249338507,44.8245508403,45.2154355663,26497959
2021-01-06,45.0106864241,45.9444666029,44.9862095949,45.4977412018,21918906
2021-01-07,45.7955581358,45.8389897721,45.3054010985,45.494638942,20537913
2021-01-08,45.5659909158,45.6032180326,45.2340491247,45.4884344226,24478200
2021-01-11,45.2929920596,45.9103417459,45.2929920596,45.6931835648,26347242
2021-01-12,46.2236699786,46.5121801335,46.012716317,46.2143631994,23281047
2021-01-13,46.1461134854,46.2453857967,45.736615201,45.7428197204,16069623
2021-01-14,45.8576033305,45.9134440056,45.3038499686,45.5939112534,23017098
2021-01-15,45.0261977228,45.2619694623,44.5704757684,44.8710847363,35920479
2021-01-19,44.8710847363,45.0044819047,44.2599395694,44.48330227,24123459
2021-01-20,44.5453474646,45.1875152287,44.3281892835,45.1409813328,23775711
2021-01-21,45.0944474368,45.2092310469,44.7376875679,44.9362321906,14349855
2021-01-22,45.1689016704,45.7086948634,45.0199932033,45.3953666307,19219356
2021-01-25,45.0944474368,45.3705485528,44.7563011263,45.3550372542,19031163
2021-01-26,45.1782084496,45.8545010707,45.1285722939,45.7614332788,15031485
2021-01-27,45.5908089937,45.8700123694,44.5329384257,44.6229039579,29910342
2021-01-28,44.8152440611,45.3736508126,44.5577565035,44.5949836203,22301622
2021-01-29,44.4181548157,44.5949836203,43.5402153121,43.5836469483,32509116
2021-02-01,43.7139418569,43.8938729213,43.1803531834,43.2051712612,25945089
2021-02-02,43.357181988,44.0986220635,43.2579406992,43.6705102207,26753472
2021-02-03,43.6363853637,44.0675994662,43.6270785845,43.8039073891,14966796
2021-02-04,43.9869407132,44.4181548157,43.8225209475,44.2165079332,17346267
2021-02-05,44.5050180881,44.9362321906,44.2165079332,44.7842214638,20451747
2021-02-08,44.9238231517,45.1626971509,44.8152440611,44.9920728658,15825351
2021-02-09,44.8524711779,45.3922643709,44.8524711779,45.2402536442,15806067
2021-02-10,45.2402536442,45.2619694623,44.5294638948,44.71286949,18483957
2021-02-11,44.7159717498,44.9672547879,44.5825745814,44.678744633,12791460
2021-02-12,44.7221762692,44.8617779571,44.5701655425,44.8183463209,13423593
2021-02-16,45.2743785012,45.413980189,44.9610502685,45.1875152287,27891087
2021-02-17,44.874186996,45.7583310191,44.8276531001,45.6652632272,25171680
2021-02-18,43.1214102485,43.6487944026,42.656071289,42.7057074447,96927399
2021-02-19,42.7491390809,43.2517051572,42.7088097044,42.9166611063,36605976
2021-02-22,42.7305255225,42.9166611063,42.2682888227,42.7150142239,31993476
2021-02-23,42.5350831595,42.6219464319,41.8991199148,42.0263125638,31300191
2021-02-24,42.150402953,42.2403684851,41.2755657091,41.3252018648,46565715
2021-02-25,41.2910770077,41.5733826432,40.7897518353,40.9343171388,33206157
2021-02-26,40.7885109315,40.8908855025,40.2859448552,40.3045584136,42201714
2021-03-01,40.8195335288,41.126657242,40.6799318409,40.7543860744,34634544
2021-03-02,40.7978177106,41.1824979172,40.3324787511,40.3635013484,29230698
2021-03-03,40.1742635049,40.3076606733,39.5693228575,39.5817318964,41837283
2021-03-04,39.6654929092,40.1990815827,39.1753358718,39.5631183381,45347913
2021-03-05,39.345960157,40.2505480717,39.3211420791,40.0563776352,34073589
2021-03-08,40.1215250895,40.2797403357,39.6499816105,39.6716974286,40988391
2021-03-09,39.9571053238,40.2921493746,39.8081968567,39.9850256614,31988649
2021-03-10,39.9757188822,41.2755657091,39.8547307527,41.0056691126,44929344
2021-03-11,41.3717357607,41.4120651372,40.8040222301,40.9901578139,35489664
2021-03-12,41.1111459434,41.7315978894,40.9746775379,41.6075075002,28437561
2021-03-15,41.7998476035,41.8029498632,41.2057648652,41.3934515788,25098075
2021-03-16,41.2042137353,41.6571436559,41.2042137353,41.3810425399,19880859
2021-03-17,41.1049414239,41.3034860467,40.943623918,41.0366917099,24156180
2021-03-18,40.8613721578,41.1074874674,40.478179967,40.5031030363,29815413
2021-03-19,40.5404876403,41.278833569,40.468833816,41.0420644104,57703563
2021-03-22,40.8115260192,41.2632566507,40.8084106355,41.2383335814,24653850
2021-03-23,41.0327182594,41.8396026288,41.0077951901,41.7274488169,29154786
2021-03-24,41.8801026165,41.8801026165,41.4501796706,41.4688719726,23547432
2021-03-25,41.5156027276,41.911287607,41.3941027646,41.7492565025,28126002
2021-03-26,41.7461411189,42.1199871587,41.5657604046,42.0981794731,28653504
2021-03-29,42.0576794854,42.6838716022,41.9330641388,42.5779485576,30146511
2021-03-30,42.4720255129,42.8645638548,42.2041025177,42.2882178767,27230178
2021-03-31,42.229025587,42.6371408472,42.0452179508,42.3162563297,24546036
2021-04-01,42.35052555,42.6464869982,42.1604871464,42.2508332727,25595154
2021-04-05,42.5935254759,43.6652174569,42.4315255253,43.4377944493,40043166
2021-04-06,43.338102172,43.9107719974,43.1542945357,43.6465251549,31044690
2021-04-07,43.7088328282,43.8490250931,43.5063328899,43.5530636449,20361576
2021-04-08,43.7555635832,43.9642942888,43.5094482736,43.5250251919,19095459
2021-04-09,43.5001021226,43.6434097712,43.2146706711,43.5468328776,20676483
2021-04-12,43.6371790039,43.7337558975,43.4097559963,43.5530636449,18723123
2021-04-13,43.5530636449,43.6153713182,43.263332964,43.4191021473,17397993
2021-04-14,43.3412175556,43.4471406003,43.123140699,43.4035252289,21924492
2021-04-15,43.4284482983,43.7617943505,43.366140625,43.6652174569,21710331
2021-04-16,43.8926404644,43.9144481501,43.5250251919,43.8054097218,26488383
2021-04-19,43.7057174445,43.7929481871,43.4938713552,43.5250251919,19280973
2021-04-20,43.4346790656,44.166794227,43.2477560457,43.8614866278,24451977
2021-04-21,43.8552558605,44.1449865414,43.7804866525,43.9892173581,17335089
2021-04-22,43.9518327541,44.0671019497,43.4346790656,43.5125636572,19705113
2021-04-23,43.3349867883,43.7219174396,43.3131791026,43.5842174816,22983996
2021-04-26,43.5873328652,43.6153713182,42.8801407731,42.9642561321,22846233
2021-04-27,42.9922945851,43.2866983415,42.8521023201,43.1106791644,16151439
2021-04-28,43.1013330134,43.1761022214,42.9502369056,42.9580253648,14286588
2021-04-29,42.9611407484,43.6153713182,42.9611407484,43.5001021226,19595958
2021-04-30,43.5250251919,43.6122559345,43.338102172,43.5873328652,19680021
2021-05-03,43.5156790409,44.4689864426,43.5156790409,44.2758326553,27139605
2021-05-04,44.0951404027,44.2477942023,43.6465251549,43.8396789421,19084071
2021-05-05,43.8365635585,43.9269096848,43.7088328282,43.8022943381,11895555
2021-05-06,43.7854418905,44.2098479237,43.6134276545,44.1138327047,16301856
2021-05-07,44.2952295354,44.3233773195,43.5727697442,43.8479925218,23408415
2021-05-10,43.9261808109,44.4359684558,43.882395369,44.0418994787,26307735
2021-05-11,44.0575371366,44.0575371366,43.2600165878,43.6447029702,26464137
2021-05-12,43.4320308238,43.466433671,42.506281481,42.5156640757,25998432
2021-05-13,42.606362491,43.466433671,42.4593685076,43.2349963353,21480159
2021-05-14,43.4132656345,43.860502648,43.294419435,43.6353203755,16091685
2021-05-17,43.7854418905,43.9105431531,43.4007555082,43.438285887,19675755
2021-05-18,44.8832054693,45.2178513467,44.1638732097,44.3828004192,58183677
2021-05-19,44.0074966315,44.9488836322,43.9418184687,44.3859279507,34874760
2021-05-20,44.2545716251,44.6830434493,44.0043691,44.5423045289,30540753
2021-05-21,44.5735798446,44.7487216121,44.2858469407,44.3327599142,22927455
2021-05-24,44.3358874457,44.5423045289,44.2107861832,44.3358874457,18945948
2021-05-25,44.348397572,44.6111102233,44.1200877678,44.5172842764,21505092
2021-05-26,44.5329219342,44.6861709808,44.3358874457,44.4641162398,19294110
2021-05-27,44.8331649643,44.9363735059,44.3139947248,44.3139947248,56576904
2021-05-28,44.3890554823,44.5516871236,44.298357067,44.4203307979,21189909
2021-06-01,44.4766263661,44.6611507283,44.1826383991,44.3046121301,20767626
2021-06-02,44.2201687779,44.3202185126,43.8135896746,44.2076586516,23297979
2021-06-03,44.2201687779,44.3640352298,44.0200067578,44.2858469407,18374472
2021-06-04,44.2420614988,44.5016466186,44.176383336,44.3640352298,13635816
2021-06-07,44.3640352298,44.4015656086,43.9074156215,44.0669197312,16630884
2021-06-08,43.9449460003,44.0669197312,43.7260187908,43.7322738539,20120568
2021-06-09,43.5790248073,43.7885694221,43.4820713289,43.4977089867,17085381
2021-06-10,43.4977089867,43.8448649902,43.4977089867,43.7479115118,16378377
2021-06-11,43.8573751165,44.0512820734,43.7416564486,44.0200067578,25232472
2021-06-14,44.0763023259,44.0763023259,43.7948557605,43.9605836581,15140688
2021-06-15,44.0481545419,44.0700472628,43.6791058174,43.7854418905,19327176
2021-06-16,43.7385289171,43.7979520168,42.8377998267,42.8940953949,28652388
2021-06-17,42.8471824214,43.2693991825,42.7564840061,43.072364694,19341837
2021-06-18,42.3592874975,42.6557774897,42.0340242149,42.2748441453,44812731
2021-06-21,42.4280931919,42.7689941323,42.3311397134,42.6595305276,20775069
2021-06-22,42.606362491,43.072364694,42.606362491,42.8565650161,19106862
2021-06-23,42.6908058433,42.8440548899,42.5125365441,42.5219191388,19390551
2021-06-24,42.5875973017,42.922243179,42.5657045807,42.8190346374,23443959
2021-06-25,42.8878403318,43.4289032923,42.8221621689,43.3256947507,28640808
2021-06-28,43.1724457041,43.3600975979,42.7220811589,43.1912108934,15549066
2021-06-29,43.1286602622,43.3069295613,42.9191156474,42.9410083683,35962455
2021-06-30,43.6478305017,44.5923450339,43.3757352557,44.10445011,45511053
2021-07-01,43.9136706846,44.176383336,43.4758162657,43.5727697442,26348550
2021-07-02,43.5821523389,44.1232152994,43.5821523389,43.8198447377,26287707
2021-07-06,43.7541665749,44.0200067578,43.6337566097,43.7666767011,18279174
2021-07-07,43.710381133,44.1576181466,43.5852798705,43.6947434752,25607457
2021-07-08,43.266271651,43.9887314422,43.22902275,43.6572130964,21267141
2021-07-09,43.9136706846,44.0481545419,43.7635491696,43.8792678374,15185289
2021-07-12,44.0012415684,44.032516884,43.5758972758,43.8010795483,19514928
2021-07-13,43.782314359,44.154490615,43.7666767011,43.9668387212,18947604
2021-07-14,44.0074966315,44.348397572,43.7322738539,44.2702092829,18812013
2021-07-15,44.4109482032,44.6111102233,44.126342831,44.3046121301,17974836
2021-07-16,44.3171222563,44.4516061136,44.0825573891,44.2733368144,18095415
2021-07-19,44.226423841,44.7174462965,43.7135086646,44.1701282728,27383160
2021-07-20,44.0888124522,44.5579421867,44.028451093,44.3702902929,19020300
2021-07-21,44.5673247814,44.5798349077,44.0059328658,44.1513630835,18591897
2021-07-22,44.1388529572,44.4475715979,44.0356444156,44.1826383991,13013295
2021-07-23,44.2608266882,44.6361304758,44.1013225784,44.5454320605,15947508
2021-07-26,44.5235393395,44.9926690741,44.2420614988,44.6079826918,18517335
2021-07-27,44.7237013596,44.7237013596,44.398438077,44.6111102233,15395715
2021-07-28,44.5610697183,44.8018896487,44.3046121301,44.4297133926,14071461
2021-07-29,44.6111102233,44.6767883861,44.4181102505,44.4860089608,10909611
2021-07-30,44.1607456782,44.7096274676,44.1607456782,44.5829624392,16332183
2021-08-02,44.670533323,44.6830434493,44.3077396616,44.4797538976,19958523
2021-08-03,44.548559592,45.0051792003,44.5235393395,44.9801589478,18915354
2021-08-04,44.842547559,45.0176893266,44.6423855389,44.6736608546,15301584
2021-08-05,45.1083877419,45.5180943768,45.0333269844,45.5024567189,27005442
2021-08-06,45.7276389915,45.8089548122,45.3335700145,45.4211408983,19263690
2021-08-09,45.6338130446,45.8120823437,45.4743089349,45.530604503,15811773
2021-08-10,45.9653313904,46.58458264,45.7401491178,46.5001392877,38262135
2021-08-11,46.7597244075,47.4071234412,46.6502608028,46.9161009857,41455680
2021-08-12,46.7721652942,47.1519929452,46.7125229357,46.7909997231,18277272
2021-08-13,46.891450011,47.1990790177,46.8223904381,46.9385360835,15898152
2021-08-16,46.9856221559,47.6291318126,46.7847215802,47.321502806,47926944
2021-08-17,47.2116353036,47.8708403179,46.8035560091,47.3058074485,50950086
2021-08-18,47.2587213761,47.8928138183,46.7784434372,46.8035560091,28211835
2021-08-19,46.5618475039,47.2932511625,46.4582581445,47.1206022303,22630371
2021-08-20,47.2367478756,47.6259927412,47.0075956564,47.5412378108,19400388
2021-08-23,47.5663503827,47.6470245202,47.2147743751,47.2273306611,16166088
2021-08-24,47.2430260186,47.2430260186,46.6779931493,46.7407745792,18828819
2021-08-25,46.5869600759,46.8600592961,46.4661058233,46.7596090082,21921165
2021-08-26,46.2918873552,46.5430130749,46.0407616355,46.2542184973,23466852
2021-08-27,46.3044436412,46.3609469282,45.8869471322,45.9936755631,23088456
2021-08-30,45.9622848481,46.4582267538,45.8367219883,46.3640859997,16440636
2021-08-31,46.4551190731,46.5963772904,46.2196887108,46.4896488595,25078551
2021-09-01,46.3201389987,46.4370694119,46.0093709206,46.3891985716,19056678
2021-09-02,46.4959270025,46.704675257,46.3609469282,46.6340461483,20022192
2021-09-03,46.5210395745,46.9753573921,46.4268674296,46.8506420816,17213709
2021-09-07,46.7627480797,46.8255295096,46.1631854239,46.2291059253,25355949
2021-09-08,46.1286556374,46.5587084324,46.0595960645,46.2887482837,19508352
2021-09-09,46.2887482837,46.3358343562,45.7802187014,45.9622848481,22328607
2021-09-10,46.2071324248,46.2196887108,45.6499472343,45.7959140588,15775203
2021-09-13,45.9936755631,46.1914370674,45.4022744932,45.5353711246,19529295
2021-09-14,45.6672121275,45.7927749873,45.1775169741,45.2968016909,16533750
2021-09-15,45.2246030465,45.4380599083,45.1367090446,45.3752784783,14849958
2021-09-16,45.3407486919,45.6132514885,45.1053497204,45.5259539102,18428268
2021-09-17,45.246576547,45.8806689892,45.208907689,45.4317817653,73039119
2021-09-20,45.0456759712,45.5746095184,44.4555305299,44.8071065375,25054401
2021-09-21,44.7945502515,45.3846956928,44.785133037,44.8950005394,17437470
2021-09-22,45.0362587567,45.0770666862,44.6658483202,44.79141118,15044529
2021-09-23,44.9577819693,45.0864839007,44.7160734641,44.816523752,15585420
2021-09-24,44.7317688216,45.1053183297,44.7286297501,44.9420866119,13360620
2021-09-27,44.847914467,45.0613713287,44.5245901029,44.6532920342,21250662
2021-09-28,44.5371463888,44.5982955016,43.943861876,44.1039545224,20580762
2021-09-29,44.1510405948,44.5214510314,44.0474512354,44.0851200934,21375489
2021-09-30,44.1479015233,44.4900603164,43.7115705853,43.7523785148,22470705
2021-10-01,43.7147096568,43.8308553022,42.6662911678,43.0209748561,30014541
2021-10-04,43.0335311421,43.3913852927,42.2848625903,42.6066174186,29970252
2021-10-05,42.6756769916,43.2281535749,42.6599816341,42.8859947818,20597415
2021-10-06,42.766710065,43.2532661469,42.7321802785,43.1999019314,19376664
2021-10-07,43.564034225,44.1667359523,43.557756082,43.7084315138,21068127
2021-10-08,43.8402725167,43.975252591,43.6362328694,43.8402725167,13847283
2021-10-11,43.7963255157,44.1918485243,43.7712129438,43.7994645872,13048281
2021-10-12,43.7398222288,44.0757028789,43.6566368341,43.7523785148,15789297
2021-10-13,43.7900473727,43.950140019,43.3599945777,43.4353322937,17944503
2021-10-14,43.4761402231,43.9705439838,43.4761402231,43.9061930181,19791612
2021-10-15,44.1416233803,44.2907292764,43.9344446616,44.1196498798,20737161
2021-10-18,43.9470009475,44.5763847825,43.8936367321,44.4743649589,19886898
2021-10-19,45.4003910503,45.7080200569,45.0959011152,45.4192254793,33444297
2021-10-20,45.4820069092,45.9842583486,45.4820069092,45.8304438453,17453598
2021-10-21,46.0125099921,46.1176688872,45.7708014869,46.0847086365,13954389
2021-10-22,46.1757417099,46.9887612274,46.1757417099,46.5649865754,21195726
2021-10-25,46.7031057213,47.2493041616,46.461397216,47.1049068728,19287987
2021-10-26,47.0860724438,47.2587213761,46.6026554334,46.6936885068,17418714
2021-10-27,46.7596090082,46.7784434372,46.2667747833,46.3107217842,14565675
2021-10-28,46.5649865754,46.7658871512,46.3672250712,46.5995163619,12598413
2021-10-29,46.4300065011,47.1171492516,46.320327343,46.904006297,22022784
2021-11-01,47.0797943008,47.321502806,46.8820327965,47.0201519424,12135927
2021-11-02,47.0766552293,47.141006195,46.8600592961,46.9981784419,13634037
2021-11-03,46.9605095839,47.1771055172,46.7815825087,47.1425757307,14209593
2021-11-04,47.1425757307,47.6661728563,47.0327082284,47.4878735953,15149217
2021-11-05,47.713886743,47.713886743,46.9652181912,47.1582710882,15081882
2021-11-08,47.1551320167,47.2461650901,46.6874103638,46.8569202246,15373266
2021-11-09,46.935397012,47.0452645143,46.729787829,47.0201519424,14926203
2021-11-10,46.6874103638,46.9667877269,46.4519800016,46.5963772904,16803633
2021-11-11,46.6999666498,46.7690262227,46.517900503,46.6152117194,13603149
2021-11-12,46.7721652942,46.8475030101,46.3138608557,46.3829204286,17869890
2021-11-15,46.505344217,46.5995163619,45.9560067051,46.1160993515,28895964
2021-11-16,45.5479274106,46.043900707,44.6689873917,44.9420866119,73986693
2021-11-17,44.9389475404,45.4286426938,44.5183119599,44.5559808178,33116214
2021-11-18,44.6187622477,44.9797554698,44.2169610962,44.9389475404,24407472
2021-11-19,45.0833448292,45.202629546,44.5559808178,44.6972390351,28142184
2021-11-22,44.7819939655,45.6295432695,44.5748152468,45.4474771228,29150364
2021-11-23,45.2811063335,45.8241657023,44.9671991838,45.7708014869,29917344
2021-11-24,45.7456889149,46.1631854239,45.7174372714,45.9999537061,18089340
2021-11-26,45.9685629911,46.4205892866,45.3344705489,45.4851459807,21039714
2021-11-29,45.5165366957,45.5950134831,44.6470138912,44.7725767511,33039516
2021-11-30,44.411583529,44.7317688216,43.950140019,44.1447624518,64819044
2021-12-01,44.1070935939,44.1714445595,43.0178357847,43.0492264996,36687132
2021-12-02,43.2030410029,43.4573057941,42.4528029153,42.5250015597,39805680
2021-12-03,42.6474253481,43.2815177903,42.4684982728,43.165372145,44142597
2021-12-06,43.1810675025,43.7461003718,43.0366702136,43.6330937979,32589393
2021-12-07,43.8214380877,43.8936367321,43.3474382918,43.4918355806,37738998
2021-12-08,43.3380210773,43.4761402231,42.6945114205,43.0523655711,34496262
2021-12-09,43.0594517134,43.6708499153,42.769510298,43.6487891554,32351706
2021-12-10,43.5983645614,44.5312195499,43.3556962029,44.4461280476,38575623
2021-12-13,44.1971566148,45.3033146297,44.124671261,45.2466184768,54039363
2021-12-14,45.1615269745,45.7855313249,44.7991317207,45.6783790627,46721274
2021-12-15,45.763470565,46.1605642425,45.1930423457,45.9399566439,33489918
2021-12-16,45.9399566439,46.1782128504,45.0323139525,45.174133123,39069480
2021-12-17,44.9881924327,45.3663768875,43.614122247,43.7275775835,78711819
2021-12-20,43.5290307447,44.0427312958,43.3651508143,43.869396754,31017879
2021-12-21,43.7748506403,44.0773982041,43.4943638364,44.0017613132,24620436
2021-12-22,44.0900043526,44.1183681867,43.6582437668,44.0584889814,17027850
2021-12-23,44.0584889814,44.1719443178,43.7590929547,43.9607913306,17592648
2021-12-27,43.9954582389,44.3957034536,43.9860036276,44.3610365452,16053375
2021-12-28,44.3106119513,45.0575262494,44.3106119513,44.9976470441,15789048
2021-12-29,44.9598285986,45.2340123283,44.8526763364,44.9755862842,13045260
2021-12-30,45.148920826,45.2860126909,44.9031009304,45.1205569919,14948991
2021-12-31,45.1300116033,45.7114702025,45.0417685638,45.5995906346,17524941
2022-01-03,45.3821345731,45.6310744905,45.0701323979,45.5869844861,20709786
2022-01-04,45.3947407216,45.7413782898,44.6761902575,44.7518271485,33930033
2022-01-05,45.019707804,45.9966843121,44.9850093802,45.3569222761,35417913
2022-01-06,45.2623761624,45.583832949,44.8778886334,45.2308607912,21828831
2022-01-07,45.224557717,45.8107436219,45.0543747123,45.6626213771,19723590
2022-01-10,45.8359559189,45.8832289757,45.1047993063,45.5743783376,22731567
2022-01-11,45.4483168527,45.5775298748,45.1221327605,45.4451653156,19995687
2022-01-12,45.2812853852,45.36955994,45.0669808608,45.2056484942,18946815
2022-01-13,45.2024969571,45.9115928098,45.1016477692,45.8454105302,24252594
2022-01-14,45.4514683898,46.2109888365,45.4514683898,45.7161975082,26867358
2022-01-18,45.5113475952,45.6027421717,44.7927971311,44.9157070789,18892107
2022-01-19,44.9220101531,45.6941367483,44.7266148515,45.3632253504,21767628
2022-01-20,44.8621309478,45.5271052808,44.458734196,44.5060072529,22387125
2022-01-21,44.5060072529,44.8342713596,44.1404289466,44.1813989292,27508176
2022-01-24,43.8284267714,44.2894651372,43.2737562377,44.1845504663,28711374
2022-01-25,44.1183681867,44.2381265974,43.1161793816,43.2233316438,29479434
2022-01-26,43.2832108491,43.740183732,42.5961757563,42.7821164465,26185491
2022-01-27,43.1508462899,43.8315783085,42.6623580359,42.8104802806,27783798
2022-01-28,42.8609048746,43.3556962029,42.2148397644,43.3399385173,25132023
2022-01-31,43.204422421,44.1341258724,43.0815124732,44.0616405185,20193474
2022-02-01,43.8725482911,44.4839149777,43.8032144744,44.4083096021,20323098
2022-02-02,44.4366734362,44.6383718121,44.1687927807,44.3894003793,18149781
2022-02-03,44.2034596891,44.7486756114,44.04903437,44.4335218991,20741202
2022-02-04,44.4020065278,44.4366734362,43.6015160986,43.9103667366,22036521
2022-02-07,44.1404289466,44.1435804837,43.3683023514,43.4786061508,20010360
2022-02-08,43.5920614872,43.8820029025,43.3367869802,43.4880607621,19458879
2022-02-09,43.6487891554,43.740183732,43.3241808317,43.3935146484,21473769
2022-02-10,43.0342394164,43.1807858926,42.69072187,42.8861171716,27810597
2022-02-11,43.1193309187,43.2327862551,42.2825978125,42.6497518874,23733405
2022-02-14,42.6497518874,42.8482987261,41.8240491611,42.2148397644,29363508
2022-02-15,42.4638111971,42.7569041496,42.1644151704,42.3472043235,21848547
2022-02-16,42.3345981751,42.5079327168,41.820897624,42.0824752052,28490586
2022-02-17,42.23059745,43.9544882563,42.1612636333,43.7685475661,53831538
2022-02-18,43.5227276705,43.9922751865,43.2267037885,43.4880607621,31103451
2022-02-22,43.4187269454,43.5668491902,42.8419956519,43.0027240452,25317351
2022-02-23,43.1319370672,43.2359377923,42.4953265683,42.5615088479,21030939
2022-02-24,42.2022336159,42.5489026994,41.6034415625,42.3976289175,31717446
2022-02-25,42.485871957,43.1067247702,42.2589612841,42.9806632853,24997770
2022-02-28,42.5457511623,42.8829656345,42.1581120962,42.5961757563,26286681
2022-03-01,42.819934892,43.4565453909,42.5520542365,42.8577533375,24025041
2022-03-02,42.7537526124,43.1224824558,42.6024788305,42.9113294686,23864253
2022-03-03,43.2674531635,44.2696419687,43.0342394164,43.8977605881,29885208
2022-03-04,43.4313330939,45.0480716381,43.3619992772,45.0102531926,35580666
2022-03-07,44.5312195499,45.2655276996,44.2633388944,44.6478264234,45870081
2022-03-08,44.5942502923,44.8967978562,43.6740014524,43.7244260464,28305528
2022-03-09,44.1215197239,44.1971566148,43.535333819,43.9513367192,22122936
2022-03-10,43.9607913306,45.0669808608,43.8095175487,44.9503739873,27512787
2022-03-11,44.8463732622,45.3978922587,44.714008703,44.7738879084,19162260
2022-03-14,44.7581302227,45.6500152286,44.7486756114,45.3978922587,22646295
2022-03-15,45.5491660406,46.0597150546,45.3348615163,45.943108181,22872483
2022-03-16,45.8201982332,46.3086864873,45.2875884594,45.8075920847,24615957
2022-03-17,45.6997582682,45.9686734258,45.1302908754,45.8769259015,19023018
2022-03-18,45.930708933,46.0540935348,45.5915594635,46.0129653342,30254343
2022-03-21,46.0098016264,46.5982512656,45.4371705259,45.6301566979,21244197
2022-03-22,45.750377592,45.8642710705,45.2346932307,45.4941172652,20079816
2022-03-23,45.2853125545,45.4719713111,44.7727919011,44.9088313338,19625535
2022-03-24,45.0480344742,45.5289180503,44.8851035257,45.1872376147,13440885
2022-03-25,45.3833874944,45.5352454658,45.0084881275,45.3833874944,13778586
2022-03-28,45.3992060331,46.2091152139,45.3359318783,46.1901329675,20105643
2022-03-29,46.3799554317,46.8545115923,46.2692256609,46.5792690192,19934439
2022-03-30,46.5476319418,47.5125628017,46.5191585722,47.4144878619,24991572
2022-03-31,47.0728074262,47.6264562803,46.8798212542,47.1139356268,27163878
2022-04-01,47.3480499994,47.8574069451,47.0885310537,47.775150544,20939799
2022-04-04,47.7435134666,48.4680025385,47.4809257244,47.7846416672,25337487
2022-04-05,47.7340223434,48.5091307391,47.7340223434,47.9206810999,18488883
2022-04-06,47.7783142517,49.1703456562,47.613263619,49.0343062235,28018431
2022-04-07,49.0691070086,49.8410516965,48.8603022979,49.5246809228,27088062
2022-04-08,49.6417381091,50.1162942697,49.4202785675,49.799923496,23294535
2022-04-11,49.6607203555,50.0625112382,48.6040419712,48.8128466819,24712755
2022-04-12,48.7970281432,49.1640182407,48.2623615355,48.4774936617,26761200
2022-04-13,48.5470952319,49.92014439,48.5154581545,49.7398130489,29284596
2022-04-14,49.7050122638,50.0783297769,49.4898801377,49.6955211406,22360479
2022-04-18,49.5911187853,49.980254837,49.1039077937,49.3158762121,14671815
2022-04-19,49.5658091234,49.9707637138,49.3664955359,49.8758524817,15854919
2022-04-20,50.0973120233,50.7300535708,50.0799116307,50.5022666137,19677207
2022-04-21,50.5940141381,50.8629292958,50.3250989804,50.5781955994,18168300
2022-04-22,50.6984164934,50.7332172785,49.5626454156,49.6259195704,21046317
2022-04-25,49.4708978913,49.8189057424,48.8318289283,49.6512292323,18057537
2022-04-26,49.4708978913,50.0277104531,49.100744086,49.1323811633,19315560
2022-04-27,49.2051464413,49.4171148597,48.7274265729,48.7970281432,17496780
2022-04-28,49.1102352092,49.6638840632,48.7527362348,49.4202785675,14971029
2022-04-29,49.293730258,49.4234422752,48.3129808593,48.401564676,21088659
2022-05-02,49.0248151003,49.0343062235,47.5568547101,48.0820301945,20016003
2022-05-03,48.2243970427,48.8081011202,48.0187560397,48.2497067046,17951055
2022-05-04,48.0978487332,48.9805231919,47.9333359308,48.9172490372,19809690
2022-05-05,48.7854172488,48.8457480824,48.0741484735,48.4996396158,23234319
2022-05-06,48.1725829915,48.8838517668,47.0802773723,47.4898919795,34258074
2022-05-09,47.1437835129,48.613950669,47.054874916,48.0455707102,28207077
2022-05-10,48.0836743946,48.3567507994,47.1723612762,47.3692303122,24861318
2022-05-11,47.439087067,47.8677535164,46.6484356158,46.8738824152,27878733
2022-05-12,46.9500897839,47.6772350944,46.5245986416,46.8294281167,25244523
2022-05-13,46.9024601784,47.1152057496,46.4039369743,47.0104206176,19962168
2022-05-16,47.4327364529,47.5444437543,46.5055467994,47.0612255301,21448995
2022-05-17,43.3207138457,43.641419856,41.4822110738,41.7076578731,132940167
2022-05-18,40.6534559383,40.7296633071,38.5895063671,38.875284,104253108
2022-05-19,38.379936103,38.6720325969,37.6591414066,37.8083808371,71008485
2022-05-20,37.989373338,38.3704101819,37.2368255712,37.8496598285,49355934
2022-05-23,38.0782819349,39.3007751424,38.0592300927,38.9292642196,43680846
2022-05-24,38.4878965421,39.548449091,38.4467445629,39.4150861956,34584834
2022-05-25,39.3738072042,39.5865527753,38.9292642196,39.1737628611,27121881
2022-05-26,39.7865971184,40.135880892,39.5008194855,40.0088686107,28197708
2022-05-27,39.846927952,40.8407990532,39.7897724254,40.7963447548,25299798
2022-05-31,40.4724634374,41.2472383534,40.4597622093,40.8439743603,36912426
2022-06-01,40.8026953688,40.9360582642,39.5897280824,39.8342267239,28534686
2022-06-02,39.8723304083,40.4946905867,39.4785923362,40.4883399726,23214393
2022-06-03,40.2216141819,40.4597622093,39.7199156707,39.7929477325,18302721
2022-06-06,39.9517130841,40.1041278217,39.5595626656,39.650058916,19855473
2022-06-07,38.4974224632,39.2118665455,38.3822858302,39.1737628611,47707881
2022-06-08,38.8498815438,39.3452294409,38.7228692625,38.8340050086,22522671
2022-06-09,38.7387457976,39.4849429503,38.4180397874,38.4275657085,19886214
2022-06-10,38.0243017153,38.9737185181,37.894114127,38.6434865867,25246824
2022-06-13,38.0211264083,38.4974224632,37.8147314512,37.9163412762,24897882
2022-06-14,37.8274326793,38.1036843911,37.5226032042,37.9322178114,21544341
2022-06-15,38.09415847,38.2338719795,37.4377907533,37.9068153551,25913853
2022-06-16,37.5797587308,38.6625384289,37.5416550464,38.3005534271,30706899
2022-06-17,38.1100350052,38.38311141,37.4590970635,37.5607068886,36838893
2022-06-21,37.5638821956,38.9864197462,37.5384797393,38.7927260172,23916519
2022-06-22,38.770498868,39.1356591767,38.2910275061,38.3227805764,20245155
2022-06-23,38.6593631218,39.361105976,38.484721235,39.2531455369,18040929
2022-06-24,39.4023849675,39.7897724254,39.1070814134,39.2848986073,31845960
2022-06-27,39.3039504494,39.6087799246,38.9895950532,39.4119108886,19889052
2022-06-28,39.5833774683,39.8723304083,38.8308297016,38.8562321579,15401574
2022-06-29,39.0213481235,39.167412247,38.4116891733,38.7133433414,19111620
2022-06-30,38.38311141,38.7577976398,38.0687560138,38.6053829023,19166235
2022-07-01,38.7196939555,39.0308740446,38.4720200069,38.9387901407,17460969
2022-07-05,38.8054272453,39.5357478628,38.6149088234,39.45318988,18219711
2022-07-06,39.5262219417,40.0977772076,39.4690664151,39.7326168988,21300123
2022-07-07,39.751668741,39.8580415266,39.4119108886,39.7929477325,17487288
2022-07-08,39.9517130841,40.2025623397,39.7389675129,39.8183501887,14751069
2022-07-11,39.6976885215,40.1136537428,39.5706762402,39.8342267239,11533878
2022-07-12,39.7262662848,40.3676783054,39.6024293105,39.7135650567,13732269
2022-07-13,39.5135207136,40.1549327342,39.3452294409,39.8088242676,12689118
2022-07-14,39.4246121167,40.7455398422,39.4182615026,40.5867744906,20905389
2022-07-15,40.8979545798,41.3647247136,40.6598065524,40.9836878697,21184251
2022-07-18,40.8503249743,41.3742506347,40.7264880001,40.8884286587,14243736
2022-07-19,41.0852976947,41.2662901956,40.8344484392,41.1392779143,16995255
2022-07-20,41.4409320824,41.694956645,41.1202260721,41.4822110738,18564816
2022-07-21,41.4949123019,42.0918700241,41.4377567754,42.088694717,18764652
2022-07-22,42.08551941,42.3554205078,41.6698717194,41.9807342779,13616301
2022-07-25,42.0378898045,42.1362608164,41.7420146952,41.9204034443,20535162
2022-07-26,38.4624940858,38.9578419829,38.1227362333,38.7323951836,95391546
2022-07-27,38.4974224632,40.2517795987,38.4296931642,40.1962117256,42159699
2022-07-28,40.0946019006,41.4409320824,40.0946019006,41.1996087479,33262332
2022-07-29,40.7455398422,41.9981984666,40.647899151,41.9299293654,30141837
2022-08-01,41.6155739692,42.6221462985,41.596522127,42.08551941,24996276
2022-08-02,42.279213139,42.4570303328,41.7235344083,42.1299737085,19695018
2022-08-03,41.9648577428,42.2125316913,41.2345371253,41.4377567754,32003106
2022-08-04,41.4917369949,41.5330159863,39.7961230395,39.8723304083,53106000
2022-08-05,39.8532785661,40.2660684803,39.7294415918,40.1930364186,32006865
2022-08-08,40.2152635678,40.7114052916,40.2025623397,40.5200930429,18183330
2022-08-09,40.6090016398,40.9519347994,40.3930807616,40.920181729,19325010
2022-08-10,41.2789914237,41.3250333757,40.7677669915,41.0059150189,25250982
2022-08-11,41.36138504,41.5750483244,41.0105945732,41.399653091,23854482
2022-08-12,41.4570551673,42.3627323725,41.399653091,42.1650141094,26624898
2022-08-15,41.9768628591,42.5955296823,41.8897073731,42.2861962707,26516124
2022-08-16,44.2952689442,44.9426368056,44.0688496429,44.4451521436,91773321
2022-08-17,44.1900318041,45.5134685653,44.135818732,44.4929872073,41792091
2022-08-18,44.4961762115,44.7799975892,44.1677087744,44.3494820163,19197534
2022-08-19,44.3016469527,44.3494820163,43.6606570997,43.6957361464,22918674
2022-08-22,43.4342377984,43.600034129,42.8729730515,42.9144301067,18667221
2022-08-23,42.9271861237,43.0388012722,42.4807255296,42.7326568648,16955088
2022-08-24,42.8442720133,43.1456329144,42.6050966951,43.0419902764,15766536
2022-08-25,43.140849408,43.3672687093,43.0611243019,43.3290006584,19414602
2022-08-26,43.4055367602,43.6351450658,41.9401893103,41.9672958463,21331845
2022-08-29,41.7217425196,42.6896053075,41.6452064177,42.3754883895,17974386
2022-08-30,42.5221825847,42.6210417163,42.0119419057,42.2479282198,14468031
2022-08-31,42.3435983471,42.6656877757,42.0725329864,42.2702512495,22460748
2022-09-01,42.2670622452,43.0962033486,42.2224161858,42.8857290685,21741801
2022-09-02,43.0037222255,43.2652205735,42.2319831986,42.4137564404,17234541
2022-09-06,42.4297014617,42.6114747035,41.6866634729,42.2032821604,21778554
2022-09-07,42.4328904659,43.3592961987,42.3308423301,43.2875436032,17058972
2022-09-08,43.1791174589,43.6479010827,43.0132892382,43.507584896,16956024
2022-09-09,43.4661278408,43.8488083501,43.4119147687,43.63833407,16145286
2022-09-12,43.7148701718,44.0876647679,43.678196623,44.030581592,14284518
2022-09-13,43.6447120785,43.992313541,42.9909662085,43.1217153825,17687325
2022-09-14,43.2524645565,43.5394749384,42.7645469072,43.0260452552,19934694
2022-09-15,43.0675023104,43.0993923528,42.4041894277,42.5636396399,20189334
2022-09-16,42.0948560161,42.9080520982,41.8652477105,42.4743475211,41874393
2022-09-19,42.3563543641,42.9750211873,42.2447392155,42.8378940048,16853181
2022-09-20,42.5668286441,42.6943888139,42.2654677431,42.5891516738,13963449
2022-09-21,43.1918734759,43.8328633289,42.9303751279,42.9782101916,24903570
2022-09-22,42.9144301067,42.9622651703,42.3627323725,42.5381276059,16484397
2022-09-23,42.3722993853,42.4695640147,41.0648076454,41.4761891928,27195393
2022-09-26,41.0584296369,42.1395020755,40.9053574332,41.8748147233,23011083
2022-09-27,42.1682031137,42.5508836229,41.5538414461,41.7600105705,16979580
2022-09-28,41.9067047657,42.6210417163,41.3677630485,42.4488354871,16838283
2022-09-29,42.5732066526,42.7709249157,41.9768628591,42.1745811222,15241599
2022-09-30,42.1713921179,42.2096601688,41.36138504,41.36138504,19602183
2022-10-03,41.5335912692,42.3467873513,41.4602441716,42.263873241,17574777
2022-10-04,42.6880108054,43.115337374,42.5317495975,42.8123819709,16134366
2022-10-05,42.656120763,42.9303751279,42.2574952325,42.3882444065,14553828
2022-10-06,42.4392684744,42.8857290685,41.9609178378,41.9928078803,14200464
2022-10-07,41.8748147233,41.9832408675,40.8415773483,40.9978385563,17080389
2022-10-10,41.3071719679,41.4347321376,40.9090885682,41.2402028788,11411556
2022-10-11,41.3007939594,42.6688767799,41.2832544361,42.3085193004,21276123
2022-10-12,42.4169454447,42.9779869613,41.766388579,41.8301686639,16947579
2022-10-13,41.2274468618,42.394622415,40.9372474756,42.1841481349,20545506
2022-10-14,42.2351722028,42.4839145338,41.4730001886,41.5941823498,16642665
2022-10-17,41.7631995747,42.3579807562,41.6436119156,41.8939487487,17812395
2022-10-18,42.5508836229,43.0834473316,42.5189935805,42.7773029242,16842165
2022-10-19,42.8378940048,42.9662195356,42.4041894277,42.656120763,11339481
2022-10-20,42.7262788563,43.1791174589,42.6194472142,42.761357903,12754938
2022-10-21,42.9909662085,43.8201073119,42.7326568648,43.625578053,18134691
2022-10-24,43.8328633289,44.7975371126,43.7308151931,44.4579081606,18806637
2022-10-25,44.3558600248,44.7863755977,44.1103066981,44.6683824407,15051195
2022-10-26,44.7608635638,45.2966162767,44.5886573346,45.0096058948,20763177
2022-10-27,44.9681488396,45.3157503022,44.7401350362,44.8788567208,16602930
2022-10-28,44.6620044322,45.5708706416,44.658815428,45.4464994761,13648170
2022-10-31,45.392286404,45.6250837138,45.2105131621,45.3890973998,22572072
2022-11-01,45.5931936713,45.7781559175,45.1244100475,45.1850011282,14814981
2022-11-02,45.0159839033,45.7829394238,44.869289708,44.8852347293,15528066
2022-11-03,44.489798203,45.1928779686,44.3526710206,44.8756677165,10976364
2022-11-04,45.2934272724,45.3508293488,44.2617843996,44.9553928226,14669304
2022-11-07,45.0478739457,45.5928747709,45.0478739457,45.4273654507,11364108
2022-11-08,45.4688225058,45.9455786403,45.1275990518,45.535791595,15068511
2022-11-09,45.5262245822,45.653784752,44.3941280757,44.4770421861,15932169
2022-11-10,45.4464994761,45.5039015525,44.8055096232,45.3986644125,20310612
2022-11-11,45.497523544,45.641028735,44.6428704067,45.4688225058,19270920
2022-11-14,45.1690561069,45.7048088199,44.0943616768,44.1326297278,37525908
2022-11-15,46.4350907917,47.9211667692,46.0970563418,47.0186785683,76548678
2022-11-16,47.158994755,47.8988437395,46.9166304325,47.3567130181,32593236
2022-11-17,46.8815513858,47.4300601157,46.7858812585,47.1972628059,24797808
2022-11-18,47.7298265146,47.9115997565,47.4428161327,47.9084107522,18986850
2022-11-21,48.0295929135,48.5175105628,47.8956547353,48.2017991426,21157077
2022-11-22,48.4728645034,48.6163378043,48.1922321299,48.3740053718,16898541
2022-11-23,48.4983765373,48.9081635826,48.4345964524,48.6068026816,16920675
2022-11-25,48.5111325543,48.8204659659,48.4290794751,48.8140879574,8777421
2022-11-28,48.7024728089,49.3147616237,48.7024728089,48.9544041441,17679963
2022-11-29,48.8013319405,49.018184229,48.6482597368,48.782197915,13842153
2022-11-30,48.6673937622,48.7184178301,48.2177441639,48.6068026816,31337955
2022-12-01,48.4888095246,48.9862941866,48.0678609644,48.9097580847,22732167
2022-12-02,48.3070362827,48.8667065274,48.3070362827,48.8619230211,20733132
2022-12-05,48.7120398216,48.7917649277,47.9977028711,48.3612493548,23608272
2022-12-06,48.2177441639,48.442568963,47.5831323194,47.799984608,20625606
2022-12-07,47.9945138668,48.2209331681,47.4587611539,47.5512422769,17550210
2022-12-08,47.746227659,47.7830392451,47.4197248955,47.6245893745,13512642
2022-12-09,47.2052573939,47.2836820773,46.4850307096,46.513839777,27929454
2022-12-12,46.7026992186,47.4069208655,46.5938649641,47.3813128056,19432329
2022-12-13,48.0151122878,48.0791324375,46.9715838474,47.2116594089,23408667
2022-12-14,47.0836191094,47.5445641874,46.7219052635,46.949176795,20334624
2022-12-15,46.6002669791,46.8691516079,45.9760705193,46.5298448144,17517969
2022-12-16,46.2481561556,46.3249803353,45.6367637258,45.6943818606,40343226
2022-12-19,45.7776080552,45.9536634669,45.367014825,45.710386898,15067455
2022-12-20,45.7487989878,46.2993722754,45.5343314863,46.1105128337,17009301
2022-12-21,46.1969400359,46.7155032486,46.1777339909,46.4722266796,13726521
2022-12-22,46.3409853727,46.4082065299,45.4318992467,45.928055407,13086198
2022-12-23,45.7904120852,46.0304876466,45.5439345087,46.0208846241,9547704
2022-12-27,46.1073118263,46.2385531332,45.83522619,46.0336886541,10045218
2022-12-28,45.9248543996,45.9888745493,45.1053964832,45.2270347676,15246186
2022-12-29,45.4991204039,45.7808090627,45.374281112,45.5023214114,9172236
2022-12-30,45.3134619698,45.4519055435,45.0733864083,45.3870851419,11505948
2023-01-03,45.6303617109,46.0016785792,45.4831153665,45.9664674969,17249685
2023-01-04,45.9088493621,46.1105128337,45.4767133515,46.0176836167,13338909
2023-01-05,45.9216533921,46.1361208936,45.6623717857,45.8608342498,13274421
2023-01-06,46.2865682455,47.2308654538,46.171331976,46.9843878774,21231807
2023-01-09,46.837141533,47.3300966859,46.3505883952,46.3986035075,17756619
2023-01-10,46.3954025,46.5586538818,46.0080805942,46.3697944401,11970657
2023-01-11,46.6514830988,46.7923274282,46.3281813428,46.7763223908,14834598
2023-01-12,46.8659506004,46.8691516079,46.2193470883,46.3537894027,12472779
2023-01-13,46.5842619416,46.6770911587,46.0497257016,46.507437762,13700187
2023-01-17,46.507437762,46.6418800764,46.1569274423,46.2257491032,15122433
2023-01-18,46.158527946,46.1745329835,44.9661526575,45.0829894308,22674423
2023-01-19,45.2590448425,45.3022584436,44.4267828962,44.4395869261,17342100
2023-01-20,44.6220443528,45.0637833859,44.2283204321,44.9869592062,29542983
2023-01-23,44.9613511463,45.7776080552,44.8781249517,45.6591707782,13149813
2023-01-24,46.9107647052,46.9107647052,45.1342055506,45.7808090627,13669200
2023-01-25,45.5311304788,45.7215904242,44.9389440939,45.5631405537,12491736
2023-01-26,45.7840100702,46.0144826092,45.3774821195,45.5215274563,15819096
2023-01-27,45.6463667483,46.2449551481,45.374281112,45.8704372723,18412746
2023-01-30,45.492718389,45.598351636,45.2206327527,45.5023214114,15897468
2023-01-31,45.5567385387,46.0560957065,45.3454720446,46.052894699,14103471
2023-02-01,45.9856735418,46.6098700015,45.6783768232,46.3089752979,12849177
2023-02-02,46.2257491032,46.3697944401,45.7537925595,45.9728695118,17806773
2023-02-03,45.8896433172,46.0817037664,45.0893914458,45.3614770821,17155503
2023-02-06,45.3966881644,45.486316374,44.8237078244,45.031773311,17453913
2023-02-07,44.7404816298,45.2302357751,44.3947728213,45.1278035356,16341348
2023-02-08,44.919738049,45.1662156254,44.8093032907,44.8845269667,11691174
2023-02-09,45.0925924532,45.4351002542,44.9959220272,45.3006579398,13064937
2023-02-10,45.8032161151,46.0753017514,45.5087234264,46.0048795867,15002841
2023-02-13,46.3217793278,46.7731213833,46.2577591781,46.7059002261,16015905
2023-02-14,46.6482820914,47.0966472099,46.2737642155,46.5714579117,13831890
2023-02-15,46.401804515,46.9267697426,46.2737642155,46.9171667202,14678052
2023-02-16,46.5682569042,46.731508286,46.1521259311,46.1809349984,16312158
2023-02-17,46.4498196272,46.95557881,46.276965223,46.8755536229,24770820
2023-02-21,45.7359949579,47.4837450452,45.5023214114,47.1604432891,54393837
2023-02-22,46.9811868699,47.2372674688,45.6975828681,46.171331976,29843955
2023-02-23,46.2129450733,46.2129450733,45.0413763335,45.4831153665,22021257
2023-02-24,45.0829894308,45.6911808531,44.6636574501,45.604753651,20623593
2023-02-27,45.6815778306,45.8032161151,45.025371296,45.2750498799,16647297
2023-02-28,45.1342055506,45.6623717857,45.1182005131,45.4959193965,18054108
2023-03-01,45.1534115955,45.2238337602,44.6124733404,44.8621199143,14180196
2023-03-02,44.7628886822,45.0509793559,44.6540544277,44.9741551763,14788545
2023-03-03,45.1470095805,45.1950246928,44.7404816298,45.0285723035,16888677
2023-03-06,44.9741551763,45.1278035356,44.8205068169,45.0221702885,16720836
2023-03-07,45.1918236853,45.3518740596,44.4267828962,44.5740292405,17387514
2023-03-08,44.353159724,44.4683959935,43.9434307658,44.2059133797,19090722
2023-03-09,44.4395869261,44.4876020384,43.8281944963,43.9082196835,15415689
2023-03-10,43.8602045712,44.2635315144,43.562510875,43.8441995338,20065083
2023-03-13,43.7513703167,44.3339536791,43.7193602418,43.9722398332,28142070
2023-03-14,44.0746720727,44.2603305069,43.8538025562,44.2059133797,25542660
2023-03-15,43.8185914739,44.7532856597,43.7609733391,44.6988685325,33133617
2023-03-16,44.8156222017,44.8863346516,44.3174208504,44.4459889411,28912410
2023-03-17,44.4170611207,44.8349074153,44.2242089847,44.8059795949,43081206
2023-03-20,45.0309737536,45.6159585661,44.9377618879,45.2881099349,33928587
2023-03-21,45.445605846,45.445605846,44.8477642244,45.1338282261,19013343
2023-03-22,45.204540676,45.3909644074,44.8252648085,44.8445500221,18548421
2023-03-23,45.0631157763,45.5163182958,44.8349074153,45.2077548783,22044201
2023-03-24,45.3234661598,45.7927396908,45.1916838669,45.5773881389,22752816
2023-03-27,45.8955941633,46.5978973585,45.892379961,46.3391540761,26775516
2023-03-28,46.1720155582,46.4162949305,45.9791634222,46.1591587491,21282846
2023-03-29,46.4034381214,46.5930760551,46.1077315129,46.3584392897,24217398
2023-03-30,46.7666429775,47.1202052268,46.6123612687,46.821284416,21878997
2023-03-31,47.1137768223,47.7116184439,47.0784205974,47.3934124195,20867988
2023-04-03,47.4834100829,47.8755427594,47.4094834308,47.7919735005,19766646
2023-04-04,47.7405462643,47.8241155232,47.255201722,47.3226999696,18113661
2023-04-05,47.303414756,48.1744635702,47.2937721492,48.1069653226,26540691
2023-04-06,47.8273297254,48.5465396246,47.737332062,48.4701701787,17891613
2023-04-10,48.328745279,48.5730246513,48.1391073453,48.376958313,14519097
2023-04-11,48.5344542241,48.5344542241,48.0908943113,48.2355334133,18370428
2023-04-12,48.1455357498,48.5248116173,47.9462552093,48.0008966478,11209698
2023-04-13,48.1005369181,48.2130339974,47.6344775895,48.0491096818,13272690
2023-04-14,47.9012563776,48.1776777725,47.616799477,47.7244752529,10465521
2023-04-17,47.7759024892,48.1069653226,47.7309036575,48.0587522886,15475440
2023-04-18,48.1423215476,48.3223168745,48.0330386705,48.1648209634,13482951
2023-04-19,48.4830269878,48.666236517,48.1391073453,48.2162481997,12433545
2023-04-20,48.280532245,48.6598081125,48.0844659068,48.5248116173,13641975
2023-04-21,48.8430176417,48.9523005187,48.5907027637,48.7690909895,25335732
2023-04-24,48.762662585,49.161223666,48.762662585,49.100153823,13579506
2023-04-25,49.2705065431,49.4183598474,48.6405228989,48.7176637533,17246598
2023-04-26,48.5280258195,48.666236517,48.2837464473,48.5055264037,12490821
2023-04-27,48.4637417742,48.8365892371,48.4637417742,48.6565939102,12860970
2023-04-28,48.6276660898,48.9105158893,48.2708896382,48.5248116173,14088579
2023-05-01,48.5473110331,49.0294413731,48.5119548082,48.7240921578,11410149
2023-05-02,48.6855217306,48.6919501351,48.039467075,48.5923098649,11330154
2023-05-03,48.714449551,48.8880164734,48.2998174586,48.412314538,12334353
2023-05-04,48.5731220578,48.7150826935,48.2311259809,48.5473110331,14011338
2023-05-05,48.4924626057,49.0441732581,48.3408228358,48.9667401841,14555910
2023-05-08,48.8054212799,49.347452798,48.7376673401,49.2732461021,14926698
2023-05-09,49.2732461021,49.421659494,49.1506437349,49.3571319323,15209742
2023-05-10,49.5862047763,49.7991457298,48.7925157675,49.2183976747,15827604
2023-05-11,49.2183976747,49.4506968967,49.04094688,49.4023012255,11926860
2023-05-12,49.5571673735,49.7088071435,49.270019724,49.386169335,16119258
2023-05-15,49.5249035927,49.6378268256,48.8409114388,49.002230343,16114029
2023-05-16,48.6699134003,48.8893071101,48.2578403914,48.3246909453,15540009
2023-05-17,48.7634783648,48.7667047429,47.9794684903,48.2440314932,26985936
2023-05-18,48.9764193183,49.7797874613,48.3795393728,48.8699488416,46768569
2023-05-19,48.847364195,48.8667224635,48.1091688893,48.3666338604,27594111
2023-05-22,48.2988799207,48.4214822879,47.8423474217,47.9407519533,16117794
2023-05-23,47.7536220244,48.027799634,47.4535688626,47.850413367,16302234
2023-05-24,47.9149409286,47.9246200629,47.201911372,47.6310196572,20515149
2023-05-25,47.3890413009,47.5697184736,46.8115196238,47.1567420788,21299742
2023-05-26,47.008328687,47.3680698434,46.934121991,47.240627909,15720855
2023-05-30,47.201911372,47.5213228024,46.9760649061,47.124478298,15742596
2023-05-31,46.9179901006,47.5277755585,46.7857085992,47.3858149228,28225134
2023-06-01,47.1728739693,47.7181318655,47.085761761,47.5600393394,20239179
2023-06-02,47.4987381558,48.0778730219,47.4600216188,48.0149586492,19178244
2023-06-05,48.1924094439,48.7989685237,48.1924094439,48.3311437015,15553200
2023-06-06,48.2988799207,48.4569724468,47.9149409286,48.3246909453,15015678
2023-06-07,48.1536929069,48.5118208742,48.0859389671,48.3956712632,24256638
2023-06-08,48.5215000085,49.1796811376,48.3279173234,49.0957953075,18875316
2023-06-09,49.0925689294,49.5958839105,48.9118917567,49.3926220912,15605601
2023-06-12,49.5023189461,49.7830138394,49.4168199268,49.7184862777,14715666
2023-06-13,49.8539941572,50.1734055876,49.7088071435,50.1056516478,15738885
2023-06-14,50.302460711,50.7606063989,50.2056693684,50.612193007,21103116
2023-06-15,50.6541359221,51.0509804265,50.647683166,50.8896615223,18160353
2023-06-16,51.0025847552,51.0251694018,50.0991988916,50.1798583438,34675752
2023-06-20,49.9120689628,50.1540473191,49.6475059599,49.7378445462,20007768
2023-06-21,49.7539764366,50.1169439711,49.4797342995,49.8346358887,19251426
2023-06-22,50.0024075491,50.3573091384,49.8410886449,50.2508386616,13307703
2023-06-23,50.2927815767,50.4250630782,50.0153130615,50.1572736972,18974997
2023-06-26,50.2185748808,50.2605177959,49.7894665956,50.0249921957,14106417
2023-06-27,49.7346181681,50.2831024425,49.7055807654,49.844315023,12093573
2023-06-28,49.921748097,50.228254015,49.8910975052,50.1153307821,18889893
2023-06-29,49.8507677792,49.9282008532,49.4087539816,49.7765610832,21530277
2023-06-30,49.999181171,50.8251339606,49.9378799874,50.7122107277,19073058
2023-07-03,50.5928347385,51.1187343663,50.4379685905,51.0413012922,8647449
2023-07-05,51.0283957799,51.338128076,50.763832777,51.0122638895,17585796
2023-07-06,50.954189084,51.0348485361,50.612193007,50.6896260811,14427684
2023-07-07,50.2701969301,50.4250630782,49.5087717022,49.5216772146,19774710
2023-07-10,49.8668996696,50.1701792095,49.7894665956,49.9701437683,12967722
2023-07-11,49.9346536094,50.1734055876,49.6410532037,49.8959370723,11463183
2023-07-12,50.1088780259,50.2960079548,49.9507854998,50.0217658176,16509963
2023-07-13,50.1475945629,50.2024429903,49.5862047763,49.728165412,11859648
2023-07-14,49.7249390339,49.9023898285,49.5507146173,49.8991634504,10427466
2023-07-17,49.8152776202,50.0024075491,49.6281476914,49.960464634,10135842
2023-07-18,49.9023898285,50.2218012588,49.6410532037,49.8701260477,13440201
2023-07-19,49.9443327436,50.073387867,49.6055630448,49.8862579381,12372810
2023-07-20,49.9862756587,50.8315867168,49.9765965244,50.8090020702,14987808
2023-07-21,50.9445099497,51.2284312211,50.7960965578,51.0961497197,16960392
2023-07-24,51.1219607443,51.454277687,50.8348130949,51.3962028815,12529869
2023-07-25,51.7704627393,51.7882078187,51.0671123169,51.3542599664,15553923
2023-07-26,51.376844613,51.8446694352,51.2788272468,51.5381635172,15094080
2023-07-27,51.6478603721,51.8285375448,51.3413544541,51.3510335883,13400307
2023-07-28,51.3929765034,51.9253288873,51.3929765034,51.5930119446,11021865
2023-07-31,51.6091438351,51.8285375448,51.2703741362,51.5768800542,13034034
2023-08-01,51.605917457,51.7672363612,51.2865060266,51.3349016979,11783535
2023-08-02,51.147771769,51.760783605,51.147771769,51.3703918568,12661980
2023-08-03,51.3058642951,51.4601174314,51.1429322019,51.3832973692,13204035
2023-08-04,51.5446162734,51.7027087995,50.9638682182,51.0864705854,14263098
2023-08-07,51.4607304432,52.0124410956,51.3349016979,51.7801418735,14269614
2023-08-08,51.9414607777,52.144722597,51.4639568213,51.8317639229,11018115
2023-08-09,51.9156497531,52.2995887451,51.8511221914,51.9156497531,13209615
2023-08-10,52.0614449591,52.3722788863,51.8153681,51.8898387284,15169488
2023-08-11,51.9837364772,52.3981817136,51.8380330738,52.1941969488,14195202
2023-08-14,52.4532252215,52.7057777874,51.5401505602,51.8056545398,20813670
2023-08-15,51.656713283,52.0614449591,51.4559663716,51.5401505602,14559447
2023-08-16,51.7668002989,52.1197263204,51.2778844341,51.5660533875,26980941
2023-08-17,52.0970613465,52.1747698284,50.1932035422,50.4101397206,53614302
2023-08-18,50.2871012911,51.6988053773,50.2871012911,51.1354188842,27954780
2023-08-21,51.0382832819,51.4300635443,50.8472499308,50.999429041,15679266
2023-08-22,50.8245849569,50.9346719728,50.5882216581,50.8375363705,16672509
2023-08-23,50.7080222342,51.2875979944,50.6756437001,51.1904623921,14210352
2023-08-24,51.2001759523,51.5563398273,50.7760171558,50.7986821296,14033094
2023-08-25,50.8925798785,51.1710352716,50.6853572603,51.0998024967,12267405
2023-08-28,51.1127539103,51.4268256909,51.1127539103,51.3912093034,11871123
2023-08-29,51.4818691989,51.8785062415,51.4365392512,51.8218438068,12702204
2023-08-30,51.9351686761,52.223305251,51.7797517125,52.1941969488,10967760
2023-08-31,52.1682941215,52.773772709,52.116488467,52.6507342794,19582896
2023-09-01,52.7349184681,52.7640591487,51.8542223409,52.3139975249,12553368
2023-09-05,52.4046574204,52.7122534942,51.8639359011,51.8930765818,15209358
2023-09-06,51.9351686761,52.5082687295,51.7765138591,52.2816189908,14594562
2023-09-07,52.4532252215,52.932427526,52.2880946977,52.9291896726,19120887
2023-09-08,52.932427526,53.0554659555,52.7996755362,53.0263252749,12668964
2023-09-11,53.1007959033,53.2564071381,52.9907088874,53.2108829192,11912118
2023-09-12,53.2626885737,53.4029200048,53.1137473169,53.2691642805,11757357
2023-09-13,53.4019162703,53.6997664053,53.2205964794,53.2821156941,14364270
2023-09-14,53.4245812441,53.6641823964,53.233547893,53.5055275793,14923707
2023-09-15,53.4925761657,53.6382795691,53.0263252749,53.3080185214,63925080
2023-09-18,53.320969935,53.4893383123,52.8579568976,52.9130004055,12997692
2023-09-19,52.9000489919,53.0295631283,52.5681690175,52.9000489919,14020485
2023-09-20,52.9712817669,53.3306834953,52.7640915273,53.0716552226,10124649
2023-09-21,53.1849800919,53.2626885737,52.3852302999,52.4273223942,18787488
2023-09-22,52.5276958499,52.8514811908,52.4273223942,52.5665500908,13216917
2023-09-25,52.5730257976,52.8126269499,52.4099027429,52.7996755362,10459422
2023-09-26,52.7575834419,52.9527288669,52.5665500908,52.6151178919,14435814
2023-09-27,52.4532252215,52.5276958499,51.8995522886,52.3625653261,15711102
2023-09-28,52.4532252215,52.7219670544,52.3205056103,52.6280693056,11617116
2023-09-29,52.7867241226,52.8191026567,51.5417694869,51.7829895659,18842439
2023-10-02,51.6405240159,51.8930765818,51.2584573137,51.8380330738,12992841
2023-10-03,51.7052810841,52.0476840821,51.3782902683,51.5110098796,11253174
2023-10-04,51.6923296705,52.1456291477,51.4851070523,52.1294398806,15755838
2023-10-05,51.9513579432,52.116488467,51.4818691989,51.5077720262,14269605
2023-10-06,51.3685443296,51.4786313455,49.1020469435,50.643265166,42616167
2023-10-09,50.2126306627,50.4635643018,49.6233413423,50.4587075217,21022542
2023-10-10,50.5849838047,51.1839866853,50.4004261604,51.0285697217,16014444
2023-10-11,51.2422680466,51.6405240159,50.8472499308,51.2325544864,12026775
2023-10-12,51.3296900887,51.5822426546,51.0836132296,51.4656799318,13514676
2023-10-13,51.5660533875,51.9545957966,51.4494906648,51.7506110318,13810884
2023-10-16,51.9804986238,52.4791280488,51.9092658488,52.1974348022,14348010
2023-10-17,52.045255692,52.359651258,51.9319308227,52.2654297238,10893372
2023-10-18,52.4143709806,52.5697879442,52.0387799852,52.3042839647,10559724
2023-10-19,52.2686675772,52.3956238094,51.8768873148,52.0549692522,11745897
2023-10-20,52.0743963727,52.1634373414,51.38797145,51.4041607171,15057243
2023-10-23,51.3944471569,52.2427647499,51.1645595648,52.132677734,17097108
2023-10-24,52.258954017,52.932427526,52.2557161636,52.8579568976,17535066
2023-10-25,52.8288162169,53.2076450657,52.6054043317,52.6993020806,16621779
2023-10-26,52.6831128135,53.0522281021,52.3269489386,52.3787545931,16220073
2023-10-27,52.2848568443,52.4435116613,51.9837364772,52.1844833886,13830213
2023-10-30,52.2783811374,52.861194751,52.0598260323,52.7834862692,12653652
2023-10-31,52.7770105624,52.9777574737,52.4370359545,52.9097625521,14168346
2023-11-01,53.1687908248,53.5476196737,52.7705348556,53.3824891498,14899389
2023-11-02,53.2238343328,53.8098857998,52.9793764004,53.5929496214,15492201
2023-11-03,53.7095123441,53.8438832606,53.2626885737,53.3144942282,17240223
2023-11-06,53.2626885737,53.6285660089,53.1234608771,53.3857270032,14529237
2023-11-07,53.6738959566,53.9458756429,53.5314304066,53.6350417157,15023502
2023-11-08,53.6965609305,53.8390264804,52.9648060601,53.1979315055,15591831
2023-11-09,53.2205964794,53.2691642805,52.8563379709,53.074893076,15080697
2023-11-10,53.2788778407,53.890832135,53.0684173692,53.8098857998,14321157
2023-11-13,53.8714050145,54.3536832798,53.7629369253,54.2923259577,15408843
2023-11-14,54.4509807747,54.7669952674,54.1530982611,54.2826123974,19792518
2023-11-15,54.5189756963,55.024080828,54.2372824497,54.9722751735,35769945
2023-11-16,51.4009228637,51.6275726023,50.3486205058,50.5234645899,97658592
2023-11-17,50.4943239092,51.0091426012,50.1899656888,50.3000527047,42533403
2023-11-20,50.3615719195,50.5137510297,50.1899656888,50.2838634377,26703843
2023-11-21,50.3356690922,50.785730716,49.9050345888,50.4651832285,29382195
2023-11-22,50.4198532808,50.5267024433,49.9859809241,50.0798786729,26433522
2023-11-24,50.2352956365,50.5526052706,50.0895922331,50.5299402967,13975170
2023-11-27,50.4943239092,50.9508612399,50.4943239092,50.7598278887,23393646
2023-11-28,50.7242115012,51.4572291344,50.7242115012,51.3653064762,23535027
2023-11-29,51.4073985705,51.4073985705,50.3842368933,50.5364160035,29896485
2023-11-30,50.5169888831,50.6238380456,50.0280406398,50.4101397206,29925786
2023-12-01,50.3097662649,50.3842368933,49.4193565775,49.9730295104,39273669
2023-12-04,49.6427684627,50.1640628615,49.6395306093,49.9600780968,24883188
2023-12-05,50.0086458979,50.4619453751,49.7787583059,50.4230911342,21883830
2023-12-06,50.3648097729,50.4554696683,49.7496176252,49.8758939082,26345316
2023-12-07,50.1631129128,50.2248621286,49.4724966838,49.5488707139,25362579
2023-12-08,49.3993726125,49.4676217458,48.827379877,49.028877318,34069461
2023-12-11,49.1198761622,49.2206248827,48.5998827663,49.1523757495,31883262
2023-12-12,49.145875832,49.3018738508,48.8241299183,49.1913752542,21382020
2023-12-13,49.2531244699,50.0656141511,48.957378226,50.0656141511,35348679
2023-12-14,49.8933663387,50.0298646051,49.3766229015,49.4546219109,30891255
2023-12-15,49.3278735206,49.8738665863,49.2498745112,49.6398695582,70003587
2023-12-18,49.8381170404,50.397109941,49.7666179484,50.3646103537,26316012
2023-12-19,50.3223608903,50.5986073819,50.078613986,50.5466080423,24164622
2023-12-20,50.5108584963,50.7448555245,49.9258659259,49.9551155544,21967701
2023-12-21,50.0493643574,50.3938599822,50.0184897496,50.3093610554,20087784
2023-12-22,50.5206083725,51.0731013557,50.4247995893,50.9106034194,19405641
2023-12-26,50.9106034194,51.0211020161,50.7351056483,50.8326044101,11679963
2023-12-27,50.8001048228,51.3314730743,50.7513554419,51.3103483426,18880389
2023-12-28,51.2745987966,51.4565964852,51.186849911,51.2095996221,16776066
2023-12-29,51.1965997872,51.375347517,51.0763513144,51.2355992919,21948198
2024-01-02,51.1056009429,51.8482165115,51.0861011906,51.7685925227,23539677
2024-01-03,51.9245905415,52.0968383539,51.6515940086,51.7718424814,18756060
2024-01-04,51.7425928529,51.8498414908,51.1835999523,51.2713488379,19282470
2024-01-05,51.3233481775,51.3818474345,50.5693577534,50.9301031718,21666159
2024-01-08,50.9268532131,51.4452216296,50.9187283163,51.4305968154,20680878
2024-01-09,51.3265981362,51.7848423163,51.2615989617,51.7750924402,23322378
2024-01-10,51.8563414083,52.4868659004,51.8563414083,52.4185842676,20122038
2024-01-11,52.43808402,52.6135817911,52.0545888905,52.3600850106,14355207
2024-01-12,52.4445839374,52.5014582151,52.1228380237,52.4283341438,13628967
2024-01-16,52.4673336485,52.779329686,52.3990845153,52.5940820387,17032590
2024-01-17,52.4478338961,52.644456399,52.2040869918,52.3470851757,14827662
2024-01-18,52.3763348042,53.1010755998,52.2203367854,53.0523262189,18190611
2024-01-19,53.1140754347,53.1595748568,52.4673336485,52.7728297686,19175295
2024-01-22,52.9060780763,52.9580774159,52.4868334008,52.7760797273,13938381
2024-01-23,52.6883308417,52.9255778286,52.5745822864,52.909328035,12066516
2024-01-24,52.9418276223,52.9954519412,52.1033382713,52.1618375284,21077136
2024-01-25,52.4543338136,52.9320777461,52.1358378586,52.9223278699,16369602
2024-01-26,52.9905770031,53.4228215135,52.8638286129,53.3870719675,15746310
2024-01-29,53.4130716373,53.7559422827,53.1433250632,53.6373187893,18240312
2024-01-30,53.5268201927,53.8859406317,53.1758246504,53.8160665192,15270012
2024-01-31,54.5343073973,54.5343073973,53.6600685004,53.7055679225,26134875
2024-02-01,53.8518160651,54.7143551106,53.6828182114,54.7000552922,20792553
2024-02-02,54.6480559526,55.4361709433,54.573306902,55.1095500915,21670686
2024-02-05,55.2525482754,55.2525482754,54.6220562828,54.8138038476,19145070
2024-02-06,54.856053311,55.233048523,54.7098051684,55.1875491009,14189784
2024-02-07,55.3370472022,55.4637955925,54.9893016187,55.0478008757,17082465
2024-02-08,55.0478008757,55.4280460465,54.9698018664,55.044550917,14427927
2024-02-09,55.0510508345,55.1615494311,54.8983027744,55.0153012885,14329866
2024-02-12,54.9990514949,55.3662968307,54.9405522378,55.3467970784,14795040
2024-02-13,55.4507957576,55.5970439002,54.6870554573,54.9698018664,18574215
2024-02-14,54.8430534761,54.8836779602,54.4498084704,54.7943040952,18484602
2024-02-15,55.1842991422,55.2005489358,54.5895566956,55.0185512472,16948857
2024-02-16,55.3435471197,55.8765403505,55.0185512472,55.3662968307,22373541
2024-02-20,58.005263315,58.938001469,56.9490267296,57.1537741292,71788614
2024-02-21,56.8742776789,57.0627752849,56.1592867595,56.4517830447,40551531
2024-02-22,56.5102823018,57.027025739,56.3250346545,57.0075259866,29512935
2024-02-23,57.2285231799,57.7355167409,56.9750263994,57.0562753675,74365767
2024-02-26,57.6412679379,58.3432590224,56.7247795776,58.1092619942,32068658
2024-02-27,58.1482614989,58.3042595177,57.7387666996,58.0995121181,18012749
2024-02-28,58.0605126134,58.265260013,57.8265155852,58.1287617466,14803289
2024-02-29,57.9630138516,58.0020133563,57.1245245007,57.1440242531,29245142
2024-03-01,57.3292719003,57.3780212812,56.7442793299,57.2902723957,19030919
2024-03-04,57.0367756151,57.9045145946,56.9392768534,57.816765709,16033298
2024-03-05,58.3725086509,58.8307528311,58.0848873038,58.5382565459,19676884
2024-03-06,58.6162555553,59.1037493639,58.5382565459,59.0549999831,12698714
2024-03-07,59.4742446585,59.542396293,58.8356277692,58.8502525834,16195303
2024-03-08,58.4992570412,58.772253574,58.2360103845,58.6162555553,12143645
2024-03-11,58.5967558029,59.1914982495,58.3725086509,59.1427488686,14062631
2024-03-12,59.4254952777,60.0251126623,59.1281240544,59.8739895816,16555854
2024-03-13,59.727741439,59.9178640244,59.3572461444,59.7472411914,15863477
2024-03-14,59.950413144,60.1069416378,59.2802755297,59.6960543415,15086797
2024-03-15,59.363431292,59.8232337427,59.148204613,59.363431292,50946329
2024-03-18,59.3732143229,59.5786579711,59.0797233969,59.5395258476,16801658
2024-03-19,59.6471391871,59.7449694958,59.2851670451,59.5493088785,12353624
2024-03-20,59.5199597859,59.950413144,59.4221294772,59.9210640514,12007593
2024-03-21,59.950413144,60.3172768014,59.7254034341,60.1167246687,14265872
2024-03-22,59.9895452674,60.1910757033,59.5297428168,59.5493088785,14029440
2024-03-25,59.5493088785,59.6618137334,59.0503743043,59.2558179525,14186627
2024-03-26,59.148204613,59.510176755,58.9231949031,59.1971197673,13738342
2024-03-27,59.5493088785,59.7254034341,59.0699403661,59.4025634155,14363410
2024-03-28,59.3438652303,59.4514785698,58.854713687,58.8644967179,17535100
2024-04-01,59.00145915,59.441695539,58.6297039771,58.6981851932,13787826
2024-04-02,58.6003548845,58.7960155018,57.6024857362,57.8764106005,19493623
2024-04-03,58.0916372795,58.2090336499,57.6611839214,58.1405524339,13812808
2024-04-04,58.2481657734,58.5123076067,58.0035900017,58.2090336499,14422434
2024-04-05,58.2579488042,58.7373173167,58.199250619,58.5514397302,10329229
2024-04-08,58.3068639586,58.7373173167,58.130769403,58.4829585141,11002181
2024-04-09,58.5710057919,58.6688361006,58.0133730326,58.492741545,9934129
2024-04-10,58.3264300203,59.441695539,58.1014203104,59.3047331069,15097558
2024-04-11,59.4319125081,59.5688749402,58.7666664092,58.786232471,10987600
2024-04-12,58.6981851932,59.4025634155,58.6492700389,58.8351476253,12280569
2024-04-15,59.1971197673,59.3829973538,58.6101379154,58.6297039771,10557182
2024-04-16,58.7275342858,58.9818930883,58.4829585141,58.5416566993,14726259
2024-04-17,58.8449306562,59.1188555204,58.277514866,58.3557791129,15329693
2024-04-18,58.5318736685,58.6345954926,57.9351087857,57.9742409091,12061538
2024-04-19,58.1601184956,58.3753451746,57.690533014,58.2383827425,14165797
2024-04-22,58.2677318351,59.0846149124,57.7590142301,58.8351476253,14909983
2024-04-23,58.9427609648,59.0405912735,57.2845372331,57.8079293844,17963945
2024-04-24,57.6954245295,58.7373173167,57.5340045202,58.5710057919,18529138
2024-04-25,58.7471003475,59.2166858291,58.5343194262,58.9036288414,19262954
2024-04-26,58.8057985327,59.0797233969,58.6981851932,58.854713687,11045224
2024-04-29,58.8742797488,59.0797233969,58.639487008,58.932977934,9788575
2024-04-30,58.8938458105,58.9916761192,57.8764106005,58.0622881869,14209155
2024-05-01,58.0231560635,58.1209863721,57.4459572424,57.5731366437,15470975
2024-05-02,57.6611839214,58.5856803382,57.3089948103,58.4144772981,17574115
2024-05-03,58.3264300203,58.6786191315,57.8568445388,58.5220906376,14207397
2024-05-06,58.6981851932,58.6981851932,58.1014203104,58.5710057919,11119402
2024-05-07,58.8644967179,59.4808276624,58.7471003475,59.3047331069,14520240
2024-05-08,59.3145161377,59.5248513013,58.9134118722,58.9916761192,11015695
2024-05-09,59.0960376207,59.4689709212,58.850622182,59.3316364417,14550463
2024-05-10,59.3021865891,59.4690690874,59.0567711505,59.3709029119,12356612
2024-05-13,59.5083355575,60.2200403295,59.1843871786,59.3021865891,19260522
2024-05-14,59.4101693821,59.4396192347,58.3450663785,58.7622726241,18780139
2024-05-15,58.7328227715,58.8408055645,58.3794245399,58.7328227715,22240558
2024-05-16,63.0423178737,63.2337419159,61.785790828,62.8361689053,60545613
2024-05-17,63.0619511088,63.6902146317,62.4631374386,63.4644324282,29330381
2024-05-20,63.2386502246,63.5724152212,62.6987362597,63.0030514035,15001391
2024-05-21,63.3466330176,63.9945297756,63.2681000773,63.9552633054,17131691
2024-05-22,63.7883808071,64.4853606528,63.5429653685,64.0534294809,14879434
2024-05-23,63.9748965405,64.3135698458,63.3760828703,63.6509481615,16222946
2024-05-24,63.9356300703,64.4853606528,63.8178306598,64.1810455089,11795024
2024-05-28,64.0239796282,64.2693950668,63.5527819861,63.8472805124,13349619
2024-05-29,63.5625986036,64.0141630107,63.4644324282,63.7294811019,11538552
2024-05-30,63.7392977194,63.9759763684,63.5822318387,63.7000312492,13053481
2024-05-31,63.4840656632,64.6915096213,62.9834181685,64.5540769756,27632223
2024-06-03,64.308661537,64.632609916,63.9653744215,64.6129766809,11578709
2024-06-04,64.7798591792,65.4130310108,64.6277016072,65.3786728494,14780755
2024-06-05,65.3492229968,65.9185868144,65.064541088,65.8596871091,14982667
2024-06-06,65.8302372565,66.2032687232,65.5455553477,65.9185868144,13256005
2024-06-07,66.164002253,66.3259764425,64.4313692563,64.6718763862,20213211
2024-06-10,65.9578532846,66.0952859302,65.0547244704,65.732071081,21667416
2024-06-11,65.7222544635,65.732071081,65.1332574108,65.5062888775,13367514
2024-06-12,65.624088288,65.712437846,64.6895462978,65.0939909406,11704704
2024-06-13,65.0841743231,65.5357387301,64.7397092134,65.4768390249,11196603
2024-06-14,65.3197731442,65.8793203442,65.0841743231,65.7909707863,12590146
2024-06-17,65.6928046109,66.2032687232,65.1946112705,66.1836354881,12103044
2024-06-18,66.3897844566,66.6253832776,66.0609277688,66.3603346039,12093549
2024-06-20,66.1149191653,66.8806153338,66.0658360776,66.7628159233,13860763
2024-06-21,67.0082313619,67.2929132707,66.5861168075,66.6646497478,25891526
2024-06-24,66.8020823934,67.7739275304,66.6548331303,67.6364948848,12470448
2024-06-25,65.9382200495,66.3505179864,65.3295897617,66.1836354881,20904039
2024-06-26,66.164002253,67.3418981922,65.9774865197,67.0376812145,14177522
2024-06-27,67.0376812145,67.3223631233,66.424142618,66.6351998952,12899186
2024-06-28,66.6253832776,66.8493003238,66.0854693127,66.4683173969,18816720
2024-07-01,66.6450165127,66.9885981268,66.0167529898,66.2425351934,8666021
2024-07-02,66.2032687232,66.8364405549,66.0265696074,66.8217156285,9436487
2024-07-03,66.5664835724,66.9984147443,66.379967839,66.9885981268,6287545
2024-07-05,66.9100651864,68.8635720779,66.8511654812,68.7555892849,21586100
2024-07-08,68.6181566393,68.8537554603,68.0782426743,68.4021910533,12077679
2024-07-09,68.6181566393,68.9617382533,68.3923744357,68.6181566393,9781831
2024-07-10,68.8144889902,69.1482539867,68.4414575235,69.1188041341,10803405
2024-07-11,68.8930219305,69.1580706042,67.9898931164,68.5199904638,15624796
2024-07-12,68.6181566393,68.7456745012,67.9015435585,67.9702598813,12145317
2024-07-15,68.0291595866,68.6917812708,68.0291595866,68.3334747305,10171137
2024-07-16,68.5396236989,68.9519216358,68.3040248778,68.7065061972,9836824
2024-07-17,68.8930219305,69.7961507447,68.667239727,69.7274344218,13533791
2024-07-18,69.3838528078,69.8845003026,69.1384373691,69.5212854534,10682742
2024-07-19,69.8943169201,70.0219329482,69.3544029551,69.4525691306,11665526
2024-07-22,69.5605519236,69.9532166254,68.9422031844,69.0893542814,12666130
2024-07-23,69.1777038393,69.4034860429,68.8243056077,69.3544029551,9263561
2024-07-24,69.226786927,69.5409186885,69.0500878112,69.3053198674,22490783
2024-07-25,69.3053198674,69.4722023657,68.667239727,68.7359560498,18821199
2024-07-26,68.9421050182,68.947013327,67.567778562,68.5003572287,16789306
2024-07-29,68.5690735515,68.6181566393,67.8622770883,68.343291348,10315305
2024-07-30,68.2745750252,68.5641652428,67.7150278251,67.9211767936,12522469
2024-07-31,67.911360176,67.9800764988,67.0376812145,67.3812628286,22908760
2024-08-01,67.6463115023,68.5199904638,67.2634634181,68.5101738463,17275532
2024-08-02,68.3236581129,68.947013327,66.4977672496,67.2045637128,23578664
2024-08-05,66.8511654812,67.3223631233,65.6829879933,66.3505179864,20770455
2024-08-06,66.595933425,67.3714462111,66.4388675443,66.4977672496,14815072
2024-08-07,66.6253832776,66.7628159233,65.5848218179,65.6829879933,18499200
2024-08-08,65.6142716705,66.6743681992,65.4473891722,66.4192343092,12489819
2024-08-09,66.6057500425,66.9689648917,66.0952859302,66.703916218,13805576
2024-08-12,67.0867643022,67.955534955,66.8217156285,67.4401625339,17385278
2024-08-13,67.1751138602,67.351812976,65.9087701969,66.8806153338,26557901
2024-08-14,66.6744663654,67.5285120918,66.6057500425,67.4008960637,22928551
2024-08-15,72.7607692432,73.0749010047,71.4453424922,71.838007194,49567500
2024-08-16,71.5684244325,72.4593381066,71.3912261326,72.3067506818,19872144
2024-08-19,72.2476845818,72.8285012313,72.1984628319,72.5725481315,13709265
2024-08-20,72.6020811815,73.5865161806,72.5725481315,73.3797848308,14433985
2024-08-21,74.1279554301,74.4035972298,73.4290065807,74.0688893301,14831992
2024-08-22,74.19686588,75.0336356292,73.9802901802,74.4035972298,16511139
2024-08-23,74.4232859298,74.6300172796,73.8402050798,74.5217294297,12299093
2024-08-26,74.7186164295,75.0188691042,74.3937528798,74.8465929794,9508215
2024-08-27,75.260055679,75.260055679,74.5906398796,74.9450364793,11557762
2024-08-28,75.0927017292,75.240366979,74.6250951046,74.8958147293,9814264
2024-08-29,74.8072155794,75.279744379,74.4921963797,75.230522629,11856787
2024-08-30,75.250211329,76.269101553,75.0336356292,76.0279149783,23229975
2024-09-03,76.1263584782,76.5988872777,75.5996857537,75.9688488783,22666144
2024-09-04,76.1263584782,76.274023728,75.5356974787,76.0377593283,17989964
2024-09-05,76.0476036783,76.2444906781,75.200989579,75.7621175285,13082893
2024-09-06,75.7030514286,76.1165141282,75.1123904291,75.4470983288,14548588
2024-09-09,75.6538296786,76.264179378,75.299433079,76.1362028282,22260226
2024-09-10,76.1460471782,77.6719214267,76.0771367282,77.5833222768,17686284
2024-09-11,77.1600152272,77.6916101267,76.357700703,77.6128553268,19518761
2024-09-12,77.7605205766,78.6612786008,77.3983469405,78.420092026,14884852
2024-09-13,78.5776016259,79.4291379001,78.449625076,79.3454609251,12994100
2024-09-16,79.5817253249,79.7589236247,78.8926208256,79.3060835252,15346367
2024-09-17,78.5185355259,79.0107530255,77.0418830273,77.376590927,21065938
2024-09-18,77.415968327,78.1739832762,77.0615717273,77.7998979766,15684878
2024-09-19,77.8195866766,77.8589640765,76.283868078,76.8253073275,21525685
2024-09-20,77.0123499773,78.3708702761,76.8942177775,77.8294310266,39534251
2024-09-23,77.8392753766,79.1853917943,77.8392753766,79.0796634754,12147264
2024-09-24,79.2273287253,79.6506357749,78.9910643255,79.4143713751,14651133
2024-09-25,79.6309470749,80.3298959242,79.4242157251,80.1330089244,14163785
2024-09-26,79.7786123247,79.9361219246,78.0263180264,78.6760451258,17061133
2024-09-27,78.6563564258,79.0378249879,78.3610259261,78.5382242259,11899050
2024-09-30,78.6465120758,79.6801688248,78.6169790258,79.493126175,19008187
2024-10-01,79.4242157251,80.2609854743,79.1830291503,80.0050323745,16054249
2024-10-02,79.7293905748,79.7293905748,78.8729321256,79.1781069753,16618272
2024-10-03,79.0501304254,79.3208500502,78.6071346758,79.1781069753,11640421
2024-10-04,78.8040216757,79.8524449497,78.6071346758,79.6801688248,11591388
2024-10-07,79.4340600751,79.6801688248,77.7506762266,77.8688084265,16791646
2024-10-08,78.380714626,78.5776016259,77.8392753766,78.469313776,15269963
2024-10-09,78.5776016259,79.2470174252,78.5086911759,79.1485739253,12413030
2024-10-10,79.0599747754,79.0698191254,78.2232050262,78.3708702761,10812700
2024-10-11,78.459469426,78.8827764756,78.1346058763,78.8532434256,9570734
2024-10-14,78.8040216757,79.2568617752,78.5185355259,79.0402860754,9914477
2024-10-15,79.4143713751,80.5465700675,79.2568617752,80.3791176742,13276221
2024-10-16,80.2609854743,80.3889620242,79.3651496251,79.9558106246,11123254
2024-10-17,80.0050323745,80.2314524243,79.3897605001,79.6309470749,9424705
2024-10-18,79.6112583749,80.4184950741,79.4045270251,80.0444097745,12324148
2024-10-21,79.9656549746,80.2802804003,79.463593125,79.5521922749,9750376
2024-10-22,79.8475227747,80.9451677986,79.5669587999,80.7433586238,12240149
2024-10-23,80.6153820739,82.0428128226,80.526782924,81.9739023727,13058244
2024-10-24,81.6687275229,82.0182019476,81.2946422233,81.7474823229,11645856
2024-10-25,81.9049919227,82.0034354226,81.1518991484,81.2257317734,8959412
2024-10-28,81.4619961731,81.7868597228,81.1863543734,81.4619961731,7990186
2024-10-29,81.3832413732,81.570284023,80.3938841992,80.4283394241,9682403
2024-10-30,80.3298959242,80.556315974,80.0345654245,80.1231645744,9268824
2024-10-31,80.0247210745,81.1568213234,79.9558106246,80.6744481739,15538968
2024-11-01,81.2454204733,81.2454204733,80.2708298243,80.9107125737,12181833
2024-11-04,80.9205569237,81.614583598,80.7236699238,81.1666656734,11731043
2024-11-05,81.3930857232,82.4661198722,81.2257317734,82.3775207223,10612489
2024-11-06,83.8147958209,84.2085698206,80.7827360238,82.1412563225,19974038
2024-11-07,82.4168981222,83.0764695716,82.1215676225,82.5448746721,12665777
2024-11-08,82.9681817217,84.0904376207,82.9189599718,83.5096209712,14396543
2024-11-11,83.6277531711,84.0805932707,82.8106721219,82.8992712718,10433166
2024-11-12,83.1847574215,84.1987254706,83.1847574215,83.6671305711,12860194
2024-11-13,83.6671305711,84.4546785703,83.4505548713,84.1691924206,12802622
2024-11-14,83.706507971,84.4251455203,83.0272478217,83.1552243715,15740732
2024-11-15,83.2142904715,83.4603992213,82.635442692,82.9386486717,17370602
2024-11-18,83.4997766212,83.5293096712,82.3578320223,82.7712947219,25278121
2024-11-19,84.8878299699,86.915766068,84.5728107702,85.2520709196,36340856
2024-11-20,85.2520709196,85.842731919,84.5728107702,85.823043219,18183193
2024-11-21,86.0888406688,87.2603183177,85.5769344693,87.0142095679,18729222
2024-11-22,88.018333267,89.4949857656,87.5458044674,89.032301316,23990645
2024-11-25,89.0913674159,89.5343631655,87.6737810173,88.1069324169,25078633
2024-11-26,88.4908620665,90.4498877147,88.4416403166,89.8887597652,16657022
2024-11-27,90.5680199146,90.8141286643,89.8887597652,90.4498877147,14358861
2024-11-29,90.8239730143,91.198058314,90.3908216147,91.0602374141,11041178
2024-12-02,91.3752566138,91.5413307981,90.5187981646,91.198058314,17172953
2024-12-03,91.3358792138,92.1332715631,90.8239730143,92.0545167631,17775226
2024-12-04,91.9954506632,93.0438739372,91.6016766636,92.9798856623,17312575
2024-12-05,93.4130370619,94.1119859112,92.8715978124,93.8166554115,21932325
2024-12-06,94.0529198113,94.6829582107,93.8461884615,94.2104294111,18803499
2024-12-09,94.1710520112,94.4466938109,92.1450847831,92.3695359629,20931082
2024-12-10,92.5861116626,93.7575893115,92.3104698629,93.0783291622,13164487
2024-12-11,93.0684848122,94.2005850611,93.0291074122,93.4819475118,19682085
2024-12-12,94.1907407111,94.2251959361,92.6254890626,92.6254890626,14298626
2024-12-13,92.5432978795,93.4115079236,91.7934801142,92.9872689248,11495854
2024-12-16,93.1549913196,94.4227753045,92.8440142675,93.5989623649,16741989
2024-12-17,93.8653449921,94.2106558051,93.0563310874,94.1415936425,23560821
2024-12-18,94.0626654566,94.6102297458,91.8826689642,92.2966472988,24665600
2024-12-19,93.214187459,93.2980486565,92.1091928575,92.1486569504,16606501
2024-12-20,91.7638820445,92.4925865201,90.402370839,91.0041982559,49350586
2024-12-23,90.274112537,90.274112537,87.718812521,89.1395198658,26205379
2024-12-24,89.1592519123,91.438303278,89.1395198658,91.438303278,8992427
2024-12-26,91.3001789528,91.6306907309,90.9351360933,91.5468295335,10997611
2024-12-27,90.8956720004,91.1127245114,89.8104094453,90.4319689087,11384359
2024-12-30,89.5144287485,89.8498735382,88.9224673548,89.3565723768,9790196
2024-12-31,89.3565723768,89.7216152363,88.8484721806,89.1395198658,11267652
2025-01-02,88.7744770064,89.3861704465,88.3206399379,88.7942090528,14820438
2025-01-03,88.9421994013,90.0767920725,88.932333378,89.5637588646,10834630
2025-01-06,89.6130889808,91.2311167902,89.4552326091,90.2050503744,14519858
2025-01-07,90.4714330016,90.7082175591,89.2381800981,89.5933569343,11238044
2025-01-08,89.8893376311,90.6144903384,89.6032229575,90.5700932339,13453627
2025-01-10,91.2508488366,92.3213123569,90.964734163,91.7540160213,18140864
2025-01-13,90.8858059772,91.1916526973,89.8794716079,90.3037106067,18617077
2025-01-14,90.6292893733,90.747681652,89.3516393652,89.5736248878,13549159
2025-01-15,89.8449405266,90.4960980597,89.5933569343,90.1162561654,17348174
2025-01-16,90.274112537,90.4911650481,88.9126013316,90.0767920725,13267723
2025-01-17,90.836475861,91.0239303024,89.8301414918,90.7082175591,15868213
2025-01-21,91.2409828134,92.9774029015,91.0732604185,91.8329442071,23247451
2025-01-22,92.5136998098,92.7406183441,91.2804469063,91.9809345555,15567057
2025-01-23,91.7145519283,92.5531639027,91.0831264417,92.5531639027,14198438
2025-01-24,92.2867812756,93.7370866901,92.2029200781,93.4904361094,14973773
2025-01-27,94.6151627574,96.154262381,93.5496322488,96.0950662416,18880614
2025-01-28,95.9273438467,96.5291712637,95.429208334,95.9865399861,14641621
2025-01-29,96.1197312997,96.8547500302,95.9174778235,96.1937264739,11261444
2025-01-30,96.3811809152,97.6045677955,96.1147982881,97.3283191451,11012220
2025-01-31,97.6736299581,97.6736299581,96.3910469385,96.844884007,16413893
2025-02-03,95.4735067782,98.4530457931,95.1775260814,98.2063952124,20484152
2025-02-04,98.6306342112,99.5975044876,98.3543855609,99.4199160695,15201194
2025-02-05,99.3015237907,101.2056662738,99.1929975352,101.087273995,15926717
2025-02-06,101.1563361576,101.6397712958,100.5742407872,101.4720489009,13088467
2025-02-07,101.6200392493,101.7285655049,99.7553608592,99.7948249522,12451072
2025-02-10,100.5841068104,101.5509770868,99.8934851844,101.5411110635,15274644
2025-02-11,101.2451303667,101.4720489009,100.4854465781,101.0971400183,11953632
2025-02-12,100.7518292053,102.5079813399,100.6729010195,102.2218666663,15162125
2025-02-13,102.6066415722,103.8300284524,102.1429384804,103.6425740111,12604413
2025-02-14,103.8892245918,103.8892245918,102.212000643,102.6461056651,14109460
2025-02-18,102.3303929218,102.5967755489,101.1366041112,102.3895890611,18247314
2025-02-19,102.4586512237,102.8039620367,101.1760682041,102.6066415722,18507981
2025-02-20,97.4565774471,98.7786245597,95.3855018511,95.9076118003,55450924
2025-02-21,95.2367222208,95.5524349641,92.8540776112,93.5101681559,35014806
2025-02-24,92.9182067622,93.3720438307,90.8858059772,92.4150395775,29755875
2025-02-25,93.085929157,96.5982334263,92.9774029015,96.3811809152,29331188
2025-02-26,96.3910469385,97.4023143193,94.7828851523,94.9111434542,19069721
2025-02-27,94.6151627574,96.726393068,94.5255792665,95.4932388247,16431469
2025-02-28,96.4798411475,97.5355056329,95.8681477074,97.2888550522,25451260
2025-03-03,96.6672955888,98.1570650963,95.527769906,96.282520683,18372193
2025-03-04,94.4770384322,95.7497554286,93.1944554126,93.6976225972,25227673
2025-03-05,93.6976225972,95.0985978956,93.4805700862,94.6940909432,17638956
2025-03-06,93.5299002023,94.901277431,92.9214625498,93.3720438307,19957804
2025-03-07,92.6814222047,92.6912882279,89.5440268182,90.4911650481,35913156
2025-03-10,88.5574244954,89.0211275871,85.4496271785,86.6434159891,35029553
2025-03-11,86.120516758,88.1479845314,85.9725264096,86.2685071064,28687586
2025-03-12,86.7026121285,87.9062669623,83.74280516,84.0585179033,33301609
2025-03-13,83.8020012994,84.305168484,82.746336814,83.3678962774,31507753
2025-03-14,83.8217333459,84.2262402982,82.9337912553,84.2065082518,35500647
2025-03-17,83.9894557407,86.8062053724,83.8414653923,86.2882391529,26297768
2025-03-18,86.2685071064,86.5003586523,84.3544986002,84.4432928092,17850930
2025-03-19,84.7984696455,85.622282585,84.4728908789,85.1733785281,24555857
2025-03-20,84.6603453203,85.9133302702,84.369297635,84.6603453203,18185506
2025-03-21,84.3674100323,85.3072439855,83.8727605832,85.059919261,26797178
2025-03-24,85.5446757211,86.7120484209,85.4259598533,86.5537605972,17900732
2025-03-25,85.8315724015,86.370740301,83.7144727595,83.8529746053,27908573
2025-03-26,84.2783731315,84.6444137238,83.6650078146,84.2981591094,27241495
2025-03-27,83.8678140888,85.1885281178,83.8678140888,84.7136646467,16782807
2025-03-28,84.515804867,84.9115244263,83.7936166714,84.2388011756,14790567
2025-03-31,83.8529746053,87.2561628148,83.467148035,86.8505502666,30269313
2025-04-01,86.5982790476,88.1564248121,86.4350447294,87.8794211207,22080252
2025-04-02,87.2561628148,89.1803491717,87.1745456557,88.7994690959,19384137
2025-04-03,85.3567089304,88.9181849637,85.3567089304,86.3262218506,33012927
2025-04-04,84.7235576356,86.4548307074,81.7655539302,82.2997753352,36209015
2025-04-07,79.3813435857,85.3369229525,78.9559450596,82.93292663,36884944
2025-04-08,84.9313104042,86.0343786757,80.1628897153,80.9147568778,34351744
2025-04-09,82.4333306865,89.82833995,82.1315945225,88.6411812722,46632755
2025-04-10,87.7804912308,90.886889771,87.2199544752,89.6403731593,34735323
2025-04-11,89.7096240822,92.3510521402,89.0467938205,91.8069377462,25508136
2025-04-14,92.2719082283,94.4186868373,91.905867636,93.7162846196,27742915
2025-04-15,93.8053215204,95.0023731872,92.8654875672,92.964417457,21871213
2025-04-16,92.994096424,93.2908860934,89.6403731593,90.2141665202,22229105
2025-04-17,90.847317815,92.8654875672,90.6395650464,92.2224432834,21393917
2025-04-21,92.0245835038,93.0732403358,90.362561355,91.421111176,18361208
2025-04-22,91.8860816581,94.2702920026,91.8860816581,93.8350004874,15407774
2025-04-23,93.999619824,95.5662735591,93.1542639156,93.9438233662,18046886
2025-04-24,93.6964986416,95.1853934833,92.6578337285,94.8144063965,13444528
2025-04-25,94.7748344406,95.4376647024,93.3502440273,94.0724322229,15317220
2025-04-28,94.0823252119,94.9726942202,93.3304580493,94.2010410797,12950000
2025-04-29,93.8251074984,95.1507680219,93.4096019612,95.0122661762,12679025
2025-04-30,94.9133362863,96.7336462589,93.9141443992,96.2093178429,21639860
2025-05-01,95.9768326018,96.8523621267,95.5563805701,96.3676056666,13171784
2025-05-02,96.9018270716,98.1582366722,96.8028971818,97.6932661901,16031373
2025-05-05,97.8812329807,98.6726720992,97.4756204325,98.267059551,12439132
2025-05-06,97.6833732011,98.4055613967,97.3569045647,97.4954064105,10625999
2025-05-07,97.4954064105,98.1689211003,97.2579746749,97.7724101019,11310191
2025-05-08,97.6932661901,98.267059551,96.3131942272,96.3873916446,14461119
2025-05-09,95.9472257457,96.393491912,95.4910425535,95.9174746679,13697822
2025-05-12,96.85959213,97.1571029076,94.8266018171,95.9472257457,26783925
2025-05-13,95.6993000978,96.512496223,94.4348792934,95.0844444909,19746658
2025-05-14,95.2282413667,96.5224132489,95.0348593613,96.026561953,25620110
2025-05-15,93.5175543961,95.9174746679,91.1275511501,95.550544709,44026125
2025-05-16,95.3422871648,98.3715419013,95.198490289,97.4248626073,33746187
2025-05-19,95.8480554865,97.464530711,95.0150253095,97.3058582963,20041573
2025-05-20,97.7372489237,97.9983642161,95.7191341496,96.988513467,15609610
2025-05-21,96.3191142176,96.9444818719,95.1786562371,95.6298809164,15742336
2025-05-22,95.7389682014,96.15548329,95.0199838225,95.1340296205,13712163
2025-05-23,94.5489250914,95.7389682014,94.2117462102,95.5406276831,13668621
2025-05-27,96.4926621711,96.983554954,95.7786363051,96.7703388968,17180937
2025-05-28,96.7108367413,97.4248626073,96.2546535491,96.4331600156,11220098
2025-05-29,96.8199240264,96.9587623892,96.0472885372,96.2943216528,14343738
2025-05-30,96.15548329,98.1091373956,95.7984703569,97.9008798513,29980069
2025-06-02,98.0198841623,99.0760474225,97.2364391149,98.9421675726,16999205
2025-06-03,98.7388685413,100.0528744753,97.7521244626,99.1504251168,15598643
2025-06-04,98.9620016244,99.2991805056,98.4959014063,98.5256524841,11115649
2025-06-05,98.4711088415,98.7636611061,96.7951314616,97.1471858816,15825276
2025-06-06,97.5537839442,97.7422074366,96.1654003159,96.6612516117,15599294
2025-06-09,96.5918324303,97.0380985966,95.9670597975,96.6414175599,13655700
2025-06-10,96.4827451452,97.2753138565,95.6794660459,96.512496223,17162468
2025-06-11,96.4827451452,96.4827451452,94.5588421173,95.0051082836,16389620
2025-06-12,94.1026589252,94.4695888841,92.6547731413,94.0431567697,17845704
2025-06-13,93.7357289662,94.5290910396,93.2250021315,93.6563927589,18694739
2025-06-16,93.9638205623,94.9852742318,93.3142553648,93.5076373701,14881663
2025-06-17,93.170458489,94.0332397437,92.8431966337,93.4679692665,14935630
2025-06-18,93.7853140958,94.6976804802,93.3092968518,94.3009994435,11333690
2025-06-20,94.4497548322,95.5108766054,94.4100867286,95.3224531129,20604918
2025-06-23,95.1241125946,97.1174348039,94.8761869467,97.0579326484,20432351
2025-06-24,96.9190942855,98.2826853491,96.4430770415,97.1868539853,22403655
2025-06-25,97.4942817887,97.7422074366,96.3439067824,96.4529940675,11154676
2025-06-26,96.0959811344,96.5323302748,95.1191540816,95.2232828538,19361417
2025-06-27,95.5207936313,96.9488453633,95.3621212166,96.4629110934,31431912
2025-06-30,96.4232429897,97.3256923481,95.5108766054,96.9686794151,17803030
2025-07-01,96.7901729486,98.3668808992,96.615434952,97.4248626073,15635847
2025-07-02,97.3108168093,97.5653868646,96.2496950362,96.8000899745,12501965
2025-07-03,96.8893432078,97.6628712293,96.6116664821,97.5438669183,7686204
2025-07-07,97.4149455814,98.5256524841,96.8100070005,98.5256524841,12930913
2025-07-08,98.0000501105,98.3471460176,95.7092171237,96.2844046269,16874954
2025-07-09,96.3439067824,96.4827451452,95.5802957868,96.0067279012,13702615
2025-07-10,95.8579725124,95.9769768234,93.9489450234,94.0729078474,18894787
2025-07-11,94.2167047232,94.7417120752,93.4481352146,93.6167246552,14595047
2025-07-14,93.7258119403,95.0447763873,93.5968906034,94.9852742318,13779084
2025-07-15,94.8067677653,94.9852742318,94.1472855418,94.598510221,10450759
2025-07-16,94.6233027858,95.0344626803,93.8200236865,94.360501599,11181552
2025-07-17,94.2861239046,94.836518843,94.1026589252,94.3009994435,11165126
2025-07-18,94.2960409305,94.6878626245,93.646475733,94.2613313398,14636294
2025-07-21,94.4646303711,95.8381384606,94.3109164694,94.8761869467,13450359
2025-07-22,95.0447763873,95.8678895384,94.9456061281,95.0546934132,9049130
2025-07-23,95.2133658278,95.4910425535,94.4993399618,94.8861039726,9729672
2025-07-24,94.7770166875,96.150524777,94.5588421173,95.7984703569,14991517
2025-07-25,96.0364789789,96.8397580782,95.7290511755,96.6612516117,12868466
2025-07-28,96.4728281193,97.3108168093,96.269529088,96.8000899745,12293060
2025-07-29,96.9686794151,97.9008798513,96.5323302748,97.5141158406,14034265
2025-07-30,97.7917925662,98.059552266,96.4827451452,96.7802559227,13864096
2025-07-31,96.631500534,97.8116266181,96.502579197,97.1670199335,15651348
2025-08-01,97.1868539853,98.0099671364,96.8600879813,97.6727882552,16750407
2025-08-04,97.3851945036,99.0810059354,97.3851945036,98.7636611061,19050206
2025-08-05,98.8429973134,99.6363593868,98.0893033437,98.4859843804,17977008
2025-08-06,98.6347397692,102.824683219,98.6347397692,102.5023798767,23738420
2025-08-07,102.6015501359,103.0378992763,101.2627516371,102.2643712547,12509479
2025-08-08,102.5122969027,103.8510954014,102.2941223325,102.8693098357,12394722
2025-08-11,103.0378992763,103.4643313907,102.2544542288,103.067650354,12856706
2025-08-12,103.3849951833,103.4444973388,102.5122969027,102.7602225506,17919327
2025-08-13,101.3024197408,101.9519849384,100.0132063716,100.1520447344,19398499
2025-08-14,100.3801363305,100.5983109007,99.8842850347,100.0132063716,10858447
2025-08-15,100.0295501262,100.1687147592,98.9462528617,99.4033092777,13604944
2025-08-18,99.4033092777,100.2730882339,99.3188164648,100.0991324427,11656135
2025-08-19,100.3575810468,101.8188096932,100.1985357519,100.6856119674,16999004
2025-08-20,100.5464473344,102.0374969736,100.327760054,101.9579743262,18655026
2025-08-21,98.816829753,98.8565910767,96.3715083448,97.3754817685,51825050
2025-08-22,97.4798552432,98.4589778396,96.1826420571,96.2522243736,32695177
2025-08-25,96.4212099994,96.9977491932,95.4967592231,95.4967592231,18956143
2025-08-26,95.7005360071,95.8943724602,94.8506377128,95.4768785613,22270353
2025-08-27,95.3277735973,95.7402973308,95.0295636695,95.506699554,12925656
2025-08-28,95.4271769066,95.9937757695,95.1289669788,95.5365205468,19241634
2025-08-29,95.5265802159,96.4460608267,95.2234001226,96.4013293375,15600269
2025-09-02,96.6498376107,97.2661381283,95.9341337839,97.2661381283,15351293
2025-09-03,97.2661381283,98.8466507458,96.9182265458,98.8466507458,18726797
2025-09-04,99.3138462994,100.745253953,99.0553976953,100.327760054,15640895
2025-09-05,100.4768650179,100.874478255,98.955994386,99.910266155,13748454
2025-09-08,100.2482374066,101.7492273767,99.8208031767,101.6697047293,13685735
2025-09-09,101.3913754633,101.8784516787,100.9440605715,101.6796450602,11819663
2025-09-10,101.3416738086,101.8385909517,99.7909821839,99.8108628458,17934871
2025-09-11,100.3874020396,102.1617511102,99.6816385437,102.0374969736,15900790
2025-09-12,101.9231831679,103.3545908215,101.7492273767,102.8724847715,11641926
2025-09-15,103.0315300664,103.359560987,102.7879919586,103.0712913901,10756876
2025-09-16,103.2303366849,103.5881885983,102.5146328581,102.802902455,14481863
2025-09-17,103.1110527138,105.4768514746,103.1110527138,103.6478305839,25382015
2025-09-18,103.1607543684,104.0106526627,101.5106594344,102.9818284117,14869387
2025-09-19,103.1905753612,103.3197996633,101.4808384416,101.7194063839,34791573
2025-09-22,101.838690355,102.5842151746,101.3129462523,102.2064825994,12861946
2025-09-23,101.7989290313,102.0673179664,100.7253732911,101.9082726715,13158658
2025-09-24,102.4251698798,102.8526041097,101.8635411823,102.117019621,11391834
2025-09-25,102.599125671,102.8923654334,101.9679146571,102.4351102107,13366747
2025-09-26,102.2611544195,102.8724847715,101.8585710169,102.5444538509,11859265
2025-09-29,102.4351102107,102.6935588148,101.4659279452,102.4649312035,15477159
2025-09-30,102.3854085561,103.3148294978,102.1070792901,102.4450505416,13873389
2025-10-01,101.9480339952,102.2462439231,99.9500274788,101.3516141396,16142766
2025-10-02,100.8446572623,101.5255699308,99.2740849757,101.0931655354,15605363
2025-10-03,100.8545975932,102.2015124339,100.5961489891,101.4609577798,11867483
2025-10-06,101.2720914921,102.4500207071,100.9738815643,102.0871986282,13303560
2025-10-07,101.7691080385,102.6339168293,100.3476407159,102.6239764983,15538855
2025-10-08,102.4052892179,102.6438571602,101.5404804272,102.2860052468,13584084
2025-10-09,102.5146328581,102.8327234478,99.7711015221,101.1627478519,19508017
2025-10-10,101.4410771179,103.0107547747,100.9142395787,101.2323301684,18519435
2025-10-13,100.7651346148,101.838690355,100.466924687,101.5106594344,10871182
2025-10-14,103.4291433035,107.2760513725,102.2781523853,106.5702878766,30859504
2025-10-15,106.6796315169,108.9012954792,106.659750855,108.3794281055,21416294
2025-10-16,108.5484137313,108.9211761411,105.0295365828,105.834703388,16366166
2025-10-17,106.5305265529,107.5543806385,105.5861951148,107.0871850849,13735594
2025-10-20,107.206469056,107.6040822931,105.973868021,106.4112425818,10581220
2025-10-21,106.6895718478,106.8386768117,105.5464337911,105.5861951148,10899733
2025-10-22,105.9142260354,107.1219762431,105.0245664174,106.5007055602,12296490
2025-10-23,106.7094525096,106.92813979,105.148820554,106.2223762942,11408241
2025-10-24,106.4311232437,106.5255563875,104.8804316189,105.5364934602,10317959
2025-10-27,105.7054790859,105.7253597478,103.5285466128,103.8466372024,16375860
2025-10-28,103.4390836344,103.5186062818,102.4351102107,102.5543941818,13322994
2025-10-29,102.2909754122,103.0514107282,101.5007191035,101.848630686,11986407
2025-10-30,101.5901820818,102.7532008004,101.3516141396,101.6200030746,14065077
2025-10-31,101.0931655354,101.4858086071,99.5822352344,100.5762683272,20237018
2025-11-03,100.2134462483,101.1925688447,99.8009225148,100.9838218952,14811687
2025-11-04,101.5205997653,102.0076759808,100.8545975932,101.6597643983,12636350
2025-11-05,101.1329268592,102.0623478009,100.2482374066,100.8645379241,13303082
2025-11-06,100.735313622,101.3217931468,99.4331302705,101.0732848736,14866025
2025-11-07,101.5205997653,102.3555875633,101.1229865282,101.977854988,17248716
2025-11-10,101.5404804272,102.05240747,100.9957502924,101.8088693622,14507603
2025-11-11,101.8883920097,103.1209930447,101.709466053,102.8227831169,13182144
2025-11-12,102.7333201385,102.9799397488,102.0504194038,102.8227831169,12084407
2025-11-13,102.9718880808,103.3098593323,101.4112561251,101.9281533334,18088506
2025-11-14,99.6021158963,101.8784516787,98.2899922138,101.8685113478,23424211
2025-11-17,101.9679146571,102.6985289803,101.4908781759,102.3357069014,15289373
2025-11-18,102.3655278942,102.7261631003,100.7750749458,100.7850152767,17604460
2025-11-19,100.9738815643,101.1032052697,99.085218688,100.0096694643,22157029
2025-11-20,103.3197996633,107.2661110416,102.0673179664,106.4708845674,50375920
2025-11-21,107.3356933581,107.5046789839,104.0995192212,104.6915653313,41420780
2025-11-24,104.731326655,105.6358967694,103.1408737066,103.4390836344,42519159
2025-11-25,103.9858018354,106.7790348261,103.6080692602,106.3615409272,20212882
2025-11-26,106.5603475457,108.9360866375,106.5305265529,108.449010422,17783281
2025-11-28,108.6478170406,110.0394633704,108.3496071127,109.8505970828,9846525
2025-12-01,109.8505970828,111.0881682833,109.7014921189,110.8645108374,17236750
2025-12-02,110.8048688519,111.9753428186,110.1289263488,111.7392599591,18711768
2025-12-03,111.8287229374,114.2044620292,111.5513877046,113.7273261446,24478281
2025-12-04,112.9420400014,114.1994918637,112.4878662813,114.1547603745,25905147
2025-12-05,114.0454167343,115.5762276972,113.9907449142,114.4231493096,23956427
2025-12-08,113.8863714395,114.3038653385,111.6299163189,112.8823980158,21851466
2025-12-09,113.270070922,115.0295094962,112.3466141788,114.3734476549,22512198
2025-12-10,114.6617172519,115.5364663735,112.3157991529,112.5046654405,22859578
2025-12-11,112.4649041168,115.1786144601,112.1766345199,114.8307028776,21586640
2025-12-12,114.8029696099,116.4862684008,114.5639212609,116.2372597039,19092414
2025-12-15,116.4613675311,116.9842857945,115.1814628291,116.3269028348,18713743
2025-12-16,116.1127553555,116.4165459657,114.4941988257,114.9623351759,19642346
2025-12-17,114.7432075226,115.9281901093,114.6137230002,115.2013835249,16177750
2025-12-18,114.553960913,116.0181320507,114.155546998,114.3746746512,21476675
2025-12-19,114.6784652614,114.8228903056,113.0748492535,113.9065383011,50043755
2025-12-22,113.5579261255,113.8666969096,111.7750238558,112.1535170751,21473912
2025-12-23,111.5459358547,111.9035123434,110.2610509788,110.4602579363,20319917
2025-12-24,110.4602579363,111.2670461142,110.1116457606,111.1674426354,9009629
2025-12-26,111.277006462,111.5260151589,110.9184339385,111.2969271578,9003791
2025-12-29,111.1475219397,112.3328033368,111.1276012439,112.0837946399,12979573
2025-12-30,111.4463323759,112.2431602059,111.3915504626,111.4762134195,11730590
2025-12-31,111.2869668099,111.8049048994,110.8736123731,110.9682356779,11487434
2026-01-02,110.9831761997,112.3427636847,110.6793855895,112.3128826411,14306560
2026-01-05,112.3726447283,113.279036385,111.7036410307,112.2630809017,19557620
2026-01-06,111.9543101176,114.3348332597,111.5459358547,113.8866176054,20120817
2026-01-07,113.7322322133,114.2750711725,111.6554996813,112.2730412496,23306003
2026-01-08,110.8487115034,113.0200673402,109.3769705014,112.6216534252,24058262
2026-01-09,111.8098850734,114.9971963934,111.8098850734,114.075864215,21902859
2026-01-12,117.0340875339,118.3687741492,115.9499036677,117.5022238841,49182081
2026-01-13,117.4225411011,120.0321522444,117.2631755351,119.8827470262,31222058
2026-01-14,119.7134211124,120.7592576393,118.5580207588,119.5640158942,32764044
2026-01-15,119.504253807,120.3907247679,118.2592103226,118.7273466727,34559430
2026-01-16,118.1994482353,120.1217953752,116.4364666614,119.2253640665,415144621
2026-01-20,120.4106454636,121.1377508585,117.1436513606,118.2392896268,45070139
2026-01-21,117.6068075368,120.0122315486,117.0789090994,118.8867122387,34811697
2026-01-22,118.8169898036,119.0460778047,117.1834927521,117.3627790138,24547334
2026-01-23,117.7014308416,118.1396861481,116.6718296817,117.2631755351,20806906
2026-01-26,117.3428583181,118.3787344971,116.9245237073,117.1735324042,19552228
2026-01-27,117.0340875339,117.1635720563,115.0220972631,116.4763080529,22946461
2026-01-28,116.1725174427,116.9909592276,115.4055706563,116.1077751815,16341996
2026-01-29,115.988251007,117.188472926,115.6097577878,116.944444403,16381111
2026-01-30,116.4414468353,118.9365139781,116.1376562252,118.6675845855,22215386
2026-02-02,119.026157109,123.7075206103,118.5779414546,123.5680757401,31210059
2026-02-03,123.1597014772,127.6567985429,123.1597014772,127.2036027145,31947487
2026-02-04,127.6219373253,128.8968618533,126.5860611463,127.4924528029,27531790
2026-02-05,128.0701529797,129.086108463,126.0581627089,126.4366559281,30517793
2026-02-06,126.7852681038,131.1777815167,126.5462197548,130.6598434272,26593427
2026-02-09,130.8988917762,131.2673250441,127.5820959338,128.5084082862,27197291
2026-02-10,128.4287255032,128.8271394182,125.888836795,126.1976075791,24661953
2026-02-11,126.1926274052,129.2255533332,126.127885144,128.2593995893,19232142
2026-02-12,128.8669808097,133.9567185739,128.7972583746,133.1100890045,33382692
2026-02-13,132.1738163043,134.1160841399,131.2275832561,133.3590977014,24131179
2026-02-17,132.5821905672,134.1559255314,127.6518183689,128.3390823723,37995927
2026-02-18,127.6219373253,128.3540228941,125.2712952267,126.1179247961,36484996
2026-02-19,127.9904701967,129.5841258567,123.9067275678,124.374863918,42993256
2026-02-20,122.5122788653,122.9903755633,120.5700110296,122.5023185174,35150954
2026-02-23,123.0302169548,126.2972110579,122.4724374738,125.3111366182,25662807
2026-02-24,125.4007797491,127.5322941944,124.4147053095,126.2474093185,20161157
2026-02-25,126.1029842743,126.8948319304,124.9226830511,125.251374531,17345742
2026-02-26,125.4804625321,126.8251094953,123.4485515656,123.9266482636,18638349
2026-02-27,125.0173063559,128.0900736754,124.6487734845,127.4426510635,29205470
2026-03-02,126.9545940177,128.2394788936,126.5462197548,126.5960214941,17091524
2026-03-03,126.0183213174,127.8592924152,125.171691748,127.402809672,16480390
2026-03-04,126.605981842,127.6617787168,125.7395311804,127.3032061933,16434129
2026-03-05,124.8828416596,125.180855268,121.1676319021,122.8210496494,28604884
2026-03-06,122.0092812976,123.6925800885,121.1377508585,123.3091066953,21553049
2026-03-09,123.1980488165,124.0113112205,122.0142614715,123.8469654806,19375938
2026-03-10,123.7174809582,125.5987914649,122.8608910409,124.6238726148,18793641
2026-03-11,124.8081390505,124.9924054862,122.5620806047,123.0003359112,18176459
2026-03-12,121.8100743401,124.8928020075,121.7951338183,124.8330399202,21751580
2026-03-13,124.8928020075,126.1826670573,124.4744673967,126.0183213174,15194094
2026-03-16,126.2573696664,126.4764973196,124.3350225265,125.49042288,20463183
2026-03-17,126.1478058398,126.685664625,124.3650031736,124.5840312233,19895029
2026-03-18,123.8399932371,124.1157952697,121.3469181639,121.496323382,19734864
2026-03-19,121.9146579928,122.2632701684,118.7970691078,120.6098524211,17927685
2026-03-20,120.4015297201,121.0702607564,117.7964729965,118.7945790209,57545642
2026-03-23,120.2518138165,120.9005827323,118.8195316715,120.4913592623,22181469
2026-03-24,120.39653919,123.8749386849,120.2617948767,121.8188402747,17269594
2026-03-25,122.5774008532,123.2511224197,121.5477546785,122.8269273593,16597269
2026-03-26,123.3758856727,123.5655258174,121.5593327084,121.9485940579,16442510
2026-03-27,121.7988781542,124.0346356488,121.5892758891,122.6572493352,16543336
2026-03-30,123.4756962752,125.022760613,122.9067758413,123.2660940101,20428908
2026-03-31,123.1962265884,124.7632530466,122.607344034,124.0446167091,21330350
2026-04-01,123.5655258174,124.9928174322,122.896794781,124.5037454803,17039653
2026-04-02,124.9129689503,125.6615484686,123.9148629259,125.5517568059,11898351
2026-04-06,125.5717189264,126.7395029749,125.1325522756,126.5498628303,10850380
2026-04-07,125.9509992156,126.1206772398,121.5593327084,122.2580069254,16076013
2026-04-08,122.0484046603,127.0588969027,121.1002039372,127.0189726617,20194264
2026-04-09,126.8443041074,129.4443703009,126.579806011,128.8854309273,13853072
2026-04-10,128.4712169272,128.6838135104,125.9809423964,126.5299007098,13893956
2026-04-13,126.0508098181,126.0607908783,123.715241721,124.3340674561,14510625
2026-04-14,122.9167569015,124.9628742515,122.3129027568,124.8131583478,15320783
2026-04-15,124.3939538176,124.8331204683,122.9466002717,124.5237076008,17001399
2026-04-16,124.0945220103,125.7014727095,123.7302133114,124.5835939622,18324542
2026-04-17,124.3340674561,127.3283855293,123.1363402269,127.2585181076,24763651
2026-04-20,127.6278173366,129.2247869756,127.0788590232,127.6777226378,18933585
2026-04-21,127.5878930956,129.5242187829,127.2385559871,129.3545407587,17312386
2026-04-22,129.7537831685,130.2028310689,128.5959801802,129.733821048,17624490
2026-04-23,130.3227036024,132.2091239884,130.2428551204,131.779938398,16375999
2026-04-24,131.6901088558,131.8697679402,129.0363445582,129.6739346865,16016319
2026-04-27,129.3695123491,129.5641430239,127.153716975,127.3483476497,17029468
2026-04-28,129.0950331924,129.5242187829,126.53988177,127.3483476497,16341768
2026-04-29,126.4400711676,127.8374196017,125.6715295288,127.76755218,16538798
2026-04-30,127.7775332402,132.1791808077,127.7076658185,131.6801277955,19867700
2026-05-01,131.6651562052,133.1174004706,130.7319270724,131.3507528075,10480869
2026-05-04,130.1630066385,131.5004687111,129.4343892407,130.0831581565,10340667
2026-05-05,130.2628172409,131.4805065907,130.0532149758,130.5422869277,10637307
2026-05-06,130.6121543494,130.9016050965,129.284673337,129.8336316504,16371545
2026-05-07,129.6489820359,130.3526467831,128.4213116259,129.9534043734,14935414
2026-05-08,130.315,131.41,130.25,130.43,15183657
2026-05-11,130.18,130.6,126.38,127.59,18699179
2026-05-12,128.075,131.12,127.72,130.35,17935358
2026-05-13,129.19,132.53,128.77,131.47,13786552
2026-05-14,131.355,132.78,130.86,132.46,14200408
2026-05-15,133.69,133.95,130.785,131.45,25322971
2026-05-18,131.52,133.47,131.125,133.34,17183216
2026-05-19,132.94,135.155,132.06,134.2,16957144
2026-05-20,132.905,133.65,130.33,130.85,28130830
2026-05-21,124.408,125.8,120.39,121.34,53006570
2026-05-22,121.34,121.95,118.91,120.27,30330576
2026-05-26,120.685,121.05,117.92,118.57,28796647
2026-05-27,118.33,119.4299,118.04,118.54,22062232
2026-05-28,118.96,119.17,117.33,118.9,21613085
2026-05-29,118.11,119.08,114.71,115.75,42190998
2026-06-01,114.725,115.98,113.56,114.6,26176225
2026-06-02,113.87,114.5694,112.73,113.06,27366401
2026-06-03,113.1,117.29,112.96,116.89,32880555
2026-06-04,119.895,119.938,117.285,117.74,22870427
2026-06-05,118.35,120.89,118.1,118.88,36638136
2026-06-08,118.245,120.18,118.15,119.83,19514137
2026-06-09,120.38,120.5,118.0,118.88,23958996
2026-06-10,119.71,120.8192,117.53,120.59,22414871
2026-06-11,120.57,121.86,119.46,120.5,22438028
2026-06-12,120.59,121.61,119.53,121.04,14770841
2026-06-15,119.74,121.49,118.58,120.82,20722462
2026-06-16,121.14,122.94,119.88,121.03,23060729
2026-06-17,119.58,121.01,117.45,118.13,21711069
2026-06-18,118.2,118.48,116.795,117.18,36526766
2026-06-22,116.955,118.4,116.945,117.18,17053911
2026-06-23,119.71,120.25,116.34,119.42,23411423
2026-06-24,119.56,120.4,118.93,119.0,20600078
2026-06-25,117.47,118.58,115.38,115.78,20404638
2026-06-26,117.29,117.88,115.09,115.69,36635971
2026-06-29,116.47,116.8,114.2,114.6,20366986
2026-06-30,113.97,114.61,112.93,113.26,23033999
2026-07-01,110.13,110.71,107.25,108.82,40391394
2026-07-02,109.33,112.45,109.16,111.84,29526234
2026-07-06,111.4,112.37,109.37,110.65,29523272
2026-07-07,112.968,113.5,111.3,111.54,19941406
2026-07-08,113.15,113.86,111.81,113.1,19892044
