Date,Open,High,Low,Close,Volume,SMA_20,SMA_50,EMA_20,RSI_14,MACD,MACD_signal,MACD_diff,BB_upper,BB_lower,BB_width,Volatility_20,Return_1d,Return_3d,Return_5d,Target
2019-03-14,36.0019228372,37.0531417728,36.0019228372,36.2158877533,9491100,36.133199426190004,34.840244276404,35.91366003422156,54.317245691698275,0.13703269614438796,0.2643759365351573,-0.12734324039076933,37.34134915791759,34.925049694462416,6.687200419079958,0.014127509581165737,0.008549222798703848,0.010906258114228962,0.036199095024294525,1
2019-03-15,36.6066062957,38.1694804654,36.5600921835,37.5740998293,23021455,36.127976081244995,34.971987430416,36.071797157562365,63.69440005566679,0.25832994854474123,0.2631667389370741,-0.004836790392332868,37.309975834060516,34.945976328429474,6.543404203752942,0.01665628280292057,0.03750321089053621,0.043399638337035196,0.07021727609915596,0
2019-03-18,37.5927054742,37.8717901474,37.1275643523,37.2112897542,7670758,36.179117872965,35.132385176074,36.180320262004045,60.14299452081802,0.321477363112038,0.2748288637720669,0.04664849933997112,37.45216291271246,34.90607283321754,7.037457597598015,0.014060240445449396,-0.00965585540966396,0.0362694300519002,0.03869124902495269,1
2019-03-19,37.397346203,37.8996986147,37.3694377357,37.5554941844,7134477,36.23821452714,35.259683859202,36.31128920699414,62.29114247858509,0.39474617678484947,0.2988123263746234,0.09593385041022606,37.6446265334329,34.831802520847106,7.762038084076067,0.014146518436059474,0.009249999999291658,0.03698946827495431,0.042882975975251814,0
2019-03-20,37.5647970069,37.7880647454,36.6159091181,36.8112683894,7772419,36.26472757109,35.360991595558,36.35890627198518,55.345466443159026,0.3882835465651411,0.31670657041272693,0.07157697615241415,37.69318648312555,34.83626865905445,7.8779519809453085,0.014924734791366091,-0.01981669556379151,-0.020302054962475946,0.02512953368044757,1
2019-03-21,37.015930483,39.0625514195,37.0066276606,38.4485651385,13135688,36.38101285157,35.520775165079996,36.55792140212945,64.67700254739134,0.5094059154486743,0.3552464394199164,0.1541594760287579,38.0945500683925,34.6674756347475,9.419953335623283,0.017757262029531592,0.04447814000268102,0.03324999999927036,0.061649113792511034,0
2019-03-22,38.1787832878,38.3369312693,37.0345361279,37.0810502401,9468291,36.401013919815,35.62747853845,36.60774319622188,54.443526408680256,0.4894076551238271,0.38207868256069855,0.10732897256312857,38.13727950108218,34.66474833854782,9.539655049674547,0.01949517502147278,-0.0355673844647757,-0.01263314342158428,-0.013122059914673745,0
2019-03-25,36.9229022586,37.3322264459,36.3461272674,36.6531204079,6710168,36.388920250645,35.717108384842,36.61206483542932,51.68749620782383,0.4340253545214594,0.3924680169528508,0.04155733756860863,38.11459155623525,34.663248945054754,9.484597474747323,0.019641957271235945,-0.011540391370502001,-0.0042961839789671386,-0.014999999999650737,1
2019-03-26,37.0531417728,37.6578252313,36.4577611367,36.867085324,8138050,36.391245956255,35.810647315194004,36.63635250100749,52.96945028379105,0.4027569316356008,0.3945257998894008,0.008231131746199993,38.119361599472576,34.66313031303742,9.497424986739404,0.01968107834520412,0.0058375634521388164,-0.04113234938165233,-0.018330443397172824,0
2019-03-27,36.9042966137,37.1275643523,35.8809861455,36.2158877533,7737550,36.398223073085,35.9081921548,36.59630823932106,48.73130490138408,0.32172167237704485,0.37996497438692967,-0.05824330200988481,38.12231894791406,34.67412719825594,9.473516722875186,0.019549443811064143,-0.01766338632352038,-0.023331660813220356,-0.016173869093612625,0
2019-03-28,36.2065849309,36.4670639591,35.573993005,35.8251692109,8298258,36.40613047216,35.999958802552,36.522866427090484,46.33576895070524,0.22339773456276646,0.34865152642209707,-0.1252537918593306,38.11814781912627,34.69411312519373,9.405104715951401,0.019532244944349835,-0.01078859491341333,-0.022588832486457155,-0.06823130897472929,1
2019-03-29,36.336824445,37.0717474176,36.2810075104,36.8949937913,9221519,36.45729599557,36.115158120904,36.55830712844377,53.129761261245974,0.22915959899018645,0.32475314093571495,-0.09559354194552849,38.16352062061284,34.75107137052716,9.360127121057852,0.020595141763280665,0.029862373408539256,0.0007570022705818413,-0.005017561465904485,1
2019-04-01,37.4903744274,38.2997199795,37.4066490254,38.2625086898,11731010,36.55264992556501,36.241048090919996,36.72061203904912,60.08593305993394,0.34015188240778826,0.32783288923012965,0.01231899317765861,38.43001942168846,34.67528042944155,10.272138955432725,0.021941775581953437,0.037065052950963295,0.05651168764497583,0.04390862944245044,0
2019-04-02,38.1415719981,38.3462340917,37.778761923,38.1322691756,8688625,36.648468996679995,36.342675730454005,36.85505557586349,59.18502524260574,0.41284579697362744,0.3448354707788292,0.06801032619479824,38.639485995678235,34.657451997681754,10.865485263128498,0.021935086027502753,-0.0034038414798117644,0.06439885743786111,0.034317436284456715,1
2019-04-03,38.755558279,40.0114393082,38.7183469893,39.4718756068,13204805,36.85127052584,36.494604110622,37.10427653119077,64.99824230267754,0.5719581143277921,0.3902599994886218,0.1816981148391703,39.10739274212017,34.59514830955983,12.244474527401612,0.02224606582743834,0.03513051964023117,0.06984367120581103,0.08990495761637951,1
2019-04-04,39.136973999,39.8439885043,39.0904598868,39.6486292331,8472810,37.086166792415,36.652473956672004,37.34659583613451,65.69256450789945,0.7042007250157809,0.4530481445940536,0.2511525804217273,39.47614480055044,34.696188784279556,12.88878422789303,0.021806831251955903,0.004477963704100141,0.03622659858864696,0.10672552583608441,1
2019-04-05,40.0021364858,40.3649465609,39.7137489902,40.0393477755,8502898,37.332691587035,36.753185552976,37.603048401788364,67.23960167338564,0.8309529592788394,0.5286291075310108,0.3023238517478286,39.868672209116404,34.7967109649536,13.585844011108517,0.021813346804245067,0.00985452838994516,0.05001219809704627,0.08522440746260407,0
2019-04-08,39.9370167287,40.0114393082,39.1741852888,39.9277139063,6314180,37.537818821805004,36.826304788076,37.82444511650376,66.31942779390423,0.9118854500128108,0.6052803760273708,0.30660507398544,40.212737962710385,34.86289968089962,14.251862387654612,0.02166902249821335,-0.0027881040876571728,0.011548432712973788,0.043520544614574774,0
2019-04-09,39.583509476,39.6300235882,38.755558279,39.0811570644,7412510,37.691315392045,36.891563138216,37.94413196868435,59.65260360390568,0.89737063969541,0.6636984287609787,0.23367221093443125,40.35049362445313,35.03213715963687,14.110296787197656,0.022487120379480186,-0.021202236719253365,-0.014312529327653367,0.024884118079371298,1
2019-04-10,38.98812884,39.3881502048,38.8206780361,39.2300022234,5442592,37.857370772575,36.969053750594,38.0665958024668,60.40625087804703,0.8876458791710036,0.7084879188429837,0.1791579603280199,40.46486726926326,35.24987427588675,13.775370256706806,0.022424464739218934,0.003808616995518266,-0.0202137546455049,-0.006127739806677135,1
2019-04-11,39.4718756068,39.9463195512,39.3416360926,39.5090868965,6577569,38.022030729735,37.02621105107,38.20397590666044,61.8453351160105,0.8921743070510715,0.7452251964846013,0.1469491105664702,40.60995002997736,35.43411142949264,13.612735830116977,0.022413690024060174,0.0071140621280294525,-0.010484622555210876,-0.003519474425701108,1
2019-04-12,40.0021364858,40.3370380936,39.7881715697,39.9928336633,4923546,38.142967421435,37.102668860302,38.374343312054684,64.26951724814107,0.9241444777325967,0.7810090527342004,0.14313542499839627,40.85875607176226,35.42717877110775,14.2400491305303,0.02113725962919483,0.012243936896523255,0.02332777909819006,-0.0011617100373563227,0
2019-04-15,39.7695659248,40.1230731775,39.3788473824,39.7323546351,5739305,38.26902066548,37.169659623804,38.503677723773286,61.985765248981416,0.9178818174388326,0.8083836056751269,0.10949821176370567,41.033722457676895,35.504318873283104,14.44877210924163,0.021047092657206487,-0.006513142589319121,0.012805311833511857,-0.004892823858096529,1
2019-04-16,40.0951647102,41.0719610662,40.048650598,40.6719397014,9881414,38.42484294133,37.26303148306,38.710178864499646,66.59662840891096,0.9774676379683456,0.8422004121337707,0.13526722583457484,41.35732203656141,35.492363846098584,15.263453905115234,0.021495853533773916,0.023647857644710557,0.02943254061897882,0.040704594144401085,1
2019-04-17,41.258017515,41.4254683189,40.5323973648,40.8300876828,8290885,38.625783906,37.355493943958,38.91207494243301,67.31523885750694,1.0256282464382664,0.8788859789946699,0.14674226744359653,41.638131901366044,35.61343591063396,15.597601864583071,0.02074151715918617,0.0038883806024760936,0.020935101187098848,0.04078728954151267,1
2019-04-18,40.9417215521,41.1835949355,40.7370594584,40.8859046174,6122096,38.747650879945,37.427600310532,39.10005872100129,67.58033218445382,1.0561254786669707,0.9143338789291302,0.1417915997378405,41.9146971435068,35.5806046163832,16.347036228722708,0.018595394268711568,0.0013670539978662966,0.029033013343763514,0.03484812809029947,0
2019-04-22,40.8021792155,40.9138130848,40.2533126916,40.7370594584,4672174,38.930451340859996,37.503393632448,39.2559635531345,66.04207965952844,1.0561100156932568,0.9426891062819556,0.11342090941130123,42.11361890813595,35.747283773584044,16.353098706230583,0.016319585507695522,-0.003640500568419802,0.001601097893980219,0.018608978832699075,1
2019-04-23,40.7463622809,40.9231159072,40.3742493833,40.7742707482,6703881,39.136508857875,37.582522680696,39.400564238378834,66.24891263334825,1.0470308810318727,0.9635574612319391,0.08347341979993361,42.235767434666776,36.037250281083224,15.83819644233876,0.015893803620362502,0.0009134505606132048,-0.0013670539978660745,0.02622336689252136,1
2019-04-24,40.8486933277,42.4580816096,40.8207848604,41.3603485618,10613300,39.361172019765,37.671151999041996,39.587210364418944,69.40925402757566,1.0747382691366951,0.9857936228128904,0.08894464632380472,42.42099971934307,36.30134432018693,15.547442022516995,0.01601858379474885,0.014373716631728373,0.011604095563978012,0.016925892038935686,0
2019-04-25,42.0115461325,42.5604126564,41.2115034028,41.3510457394,9547002,39.61792991907,37.744971793628004,39.75519468584571,69.2983331871853,1.0834565016867757,1.0053261985876676,0.07813030309910807,42.43079392863881,36.80506590950119,14.19995449189205,0.015118517666033766,-0.00022492127662077088,0.01507193423293085,0.012759170654915275,1
2019-04-26,40.5603058321,41.5929191228,40.3091296263,41.5464050106,7204087,39.903991709055,37.819737058738,39.925786145346116,70.36921825743124,1.0935241584905597,1.022965790568246,0.07055836792231363,42.238873938079095,37.5691094800309,11.702499569707285,0.014558414430182694,0.004724409448582767,0.018936801277655624,0.016154721275725592,0
2019-04-29,41.4626796086,41.7789755715,41.1184751784,41.1556864682,5847251,40.1170263429,37.889279453538,40.04291950942744,65.45201026858348,1.0577816792879275,1.0299289683121824,0.027852710975745154,42.05936366240608,38.17468902339392,9.683356402859804,0.014026920181001625,-0.009404388714265632,-0.004948268104999043,0.01027631879584967,0
2019-04-30,41.0719610662,41.4719824311,40.6719397014,40.9975384867,10447154,40.253777832745,37.985461144876,40.13383560250102,63.51731617417896,1.0051080269236081,1.0249647800344677,-0.01985675311085955,42.032846005916205,38.4747096595738,8.839260655550179,0.012033846792256876,-0.003842676312110549,-0.00854893138441648,0.005475701573641301,0
2019-05-01,40.9696300194,41.555707833,40.3556437384,40.3556437384,9388108,40.364946560885,38.065102797626,40.15496018687236,56.249664484250026,0.9011799942732353,1.0002078228822213,-0.09902782860898607,41.854095699287335,38.87579742248267,7.3784273994078236,0.012698769258618884,-0.015656909463192314,-0.028660994179789845,-0.024291497976589582,1
2019-05-02,40.1695872897,41.1649892906,39.8718969716,40.6533340565,12709051,40.42401948337,38.152549328548,40.202424364932135,58.61467927923164,0.8332324157856377,0.9668127414629046,-0.13358032567726696,41.85954205004741,38.9884969166926,7.102324731799441,0.010278721758938826,0.00737667127873709,-0.012206148282526086,-0.016872890888832037,1
2019-05-03,40.960327197,41.0719610662,40.5696086545,40.8952074399,7375613,40.48634839371,38.247996286768,40.26840370540526,60.48379321829594,0.7897963502242931,0.9314094632151824,-0.1416131129908893,41.88968123990738,39.08301554751262,6.9323754888964135,0.01030619890794415,0.005949656750510179,-0.0024960290441145006,-0.01567398119124519,0
2019-05-06,39.4532699619,40.1416788224,38.8764949707,40.1044675326,11824253,40.489604381565,38.316465059916,40.252790736566666,52.185816778747245,0.6836857495557211,0.8818647204832902,-0.1981789709275691,41.88907047949992,39.09013828363008,6.91271806336591,0.011111093018620451,-0.019335759782172057,-0.006224066389033833,-0.025542495480235905,0
2019-05-07,39.3137276253,39.4625727843,38.3276284468,39.1183683541,9898321,40.449137103954996,38.360932551172,40.14475050966508,44.066596735856855,0.5140961906381278,0.8083110145142578,-0.29421482387612996,41.954085084586026,38.944189123323966,7.441187072857883,0.012407171955470237,-0.024588262584422038,-0.03775743707186985,-0.045836169730278375,0
2019-05-08,38.7927695688,39.2579106907,38.3834453815,38.6811356995,7709165,40.42913603571,38.398143840926,40.00535862298269,41.01922161656992,0.340489273846984,0.7147466663808031,-0.37425739253381907,42.014746381598435,38.84352568982157,7.8438992338985685,0.01172993966638171,-0.011177170035369777,-0.054140127389103565,-0.04149377593267434,0
2019-05-09,37.927607082,38.3183256244,37.0717474176,38.0857550634,11580613,40.37192367771,38.43833203386,39.82253923635577,37.24244427275375,0.15309748745452367,0.6024168305955473,-0.4493193431410236,42.19175049630255,38.552096859117455,9.015308921716315,0.012141662151571881,-0.015392015392859615,-0.05033634887582117,-0.06315789473826616,0
2019-05-10,37.9741211942,38.3183256244,37.015930483,37.9555155493,9025471,40.29424511035,38.484101920258,39.644727456636176,36.451791871765046,-0.005853616826229313,0.480762741111192,-0.4866163579374213,42.36946606166281,38.21902415903718,10.30033418236081,0.011979884469696075,-0.0034196384943186997,-0.0297265160518414,-0.0718835304826414,0
2019-05-13,36.5228808938,36.8763881464,35.9740143699,36.3647329123,10725058,40.1128400728,38.493962912042,39.33234702384225,28.49455831795855,-0.2572212893216843,0.3331659350246167,-0.5903872243463011,42.804485349766445,37.42119479583355,13.420367503679289,0.01446818097376136,-0.04191176470607427,-0.05988455988457286,-0.09324982602649079,1
2019-05-14,36.7740570996,37.5740998293,36.6531204079,37.2205925767,8370277,39.98725196988,38.511266161777996,39.13122755268585,36.52307811398409,-0.3829567713039097,0.18994139375891145,-0.5728981650628211,42.958098666146,37.016405273614,14.858969045953755,0.015765778305027914,0.02353543105799938,-0.02271617000266357,-0.04851367419574626,1
2019-05-15,37.5927054742,38.9416147278,37.313620801,38.60671312,12050984,39.88399064081,38.559082669112,39.081273797191955,46.91811130524115,-0.3665295782768325,0.07864719935176265,-0.4451767776285952,42.89575034730323,36.87223093431677,15.102599605023197,0.017208369610666747,0.03724068982630091,0.017156862745130397,-0.0019240019237841688,1
2019-05-16,38.4206566712,39.2486078683,38.1043607083,38.755558279,11932487,39.78026417062,38.62587693422,39.050253271649865,47.9046795510149,-0.337608607201183,-0.00460396195882648,-0.3330046452423565,42.7974336725949,36.7630946686451,15.169177806532769,0.017207731108385926,0.0038554216863100343,0.06574571501641158,0.017586712262498194,1
2019-05-17,40.3277352711,41.2673203374,39.6021151209,39.7230518126,20218164,39.722121530379994,38.72132389244,39.11432932316893,53.90204441646272,-0.2339233638524476,-0.05046784233755071,-0.1834555215148969,42.69633672576549,36.7479063349945,14.9751074756205,0.018260884602893993,0.024963994238840437,0.06723319170008413,0.0465686274503152,0
2019-05-20,38.8857977932,39.7788687473,37.4159518479,37.5368885396,21371762,39.56211298444,38.76988462557,38.96409686759094,42.10624292439797,-0.32441748427321215,-0.10525777072468301,-0.21915971354852914,42.64311508353351,36.48111088534649,15.57551842746764,0.02186970804130966,-0.05503512880414074,-0.027710843372620197,0.0322333077525101,1
2019-05-21,38.309022802,38.4764736059,37.9741211942,38.3927482039,8949861,39.443036857225,38.82123620543,38.90968270914418,46.99649716028926,-0.32334666540773327,-0.14887554966129307,-0.1744711157464402,42.51150144842909,36.37457226602092,15.558967238304906,0.022654296200641983,0.022800495661676967,-0.009361497839565192,0.03149212696666637,0
2019-05-22,38.1056151763,38.2271791021,37.5445509038,37.8624873249,5897455,39.26814379538,38.858261438736,38.80994981540664,44.489089584396325,-0.36112285561389257,-0.19132501085181297,-0.1697978447620796,42.27771770965319,36.25856988110681,15.328322774591014,0.022407783146670274,-0.013811485340508467,-0.04683840749390333,-0.019277108434140655,0
2019-05-23,37.0769973434,37.4790934053,36.6094437829,37.3481784084,8459814,39.06800042883,38.887047114648,38.67073349092982,42.14064778727985,-0.42763171756897833,-0.23858635219524607,-0.18904536537373226,42.02888931437392,36.107111543286074,15.157616735147537,0.022483043905526016,-0.013583600889362835,-0.005027324814120271,-0.03631427163216994,0
2019-05-24,37.6567637583,37.778327684,36.8899759192,36.9367312752,8541760,38.837516742060004,38.901463985086,38.505590422765074,40.30754305063735,-0.5076884979022438,-0.29240678133664566,-0.21528171656559814,41.707069992990256,35.96796349112975,14.777223116444013,0.0224061541755337,-0.011016524787389903,-0.037924269473162964,-0.07014366747411349,0
2019-05-28,37.2266144827,37.4323380493,36.4691777148,36.478528786,10715581,38.60365885795,38.879552564220006,38.31253693354935,38.30899358453935,-0.6011771882089008,-0.3541608627110967,-0.24701632549780406,41.44157366985179,35.76574404604821,14.702828155975958,0.02244282624138436,-0.0124050632901469,-0.03655223511926675,-0.028195191311167767,1
2019-05-29,36.2073477209,36.9834866313,35.9081134423,36.8151673495,10137127,38.394540301090004,38.871630116126,38.16993030649703,40.63778079777598,-0.6407179326632999,-0.4114722767015373,-0.2292456559617626,41.1097652707913,35.67931533138871,14.143807678948624,0.02269093665139955,0.009228402973016747,-0.014271407110450163,-0.04109059466182585,1
2019-05-30,36.8899759192,37.778327684,36.7403587798,37.1705080555,7491657,38.235283516945,38.863930393548,38.07474723497351,43.0802910892344,-0.6360492523963757,-0.456387671840505,-0.17966158055587067,40.84324467313341,35.627322360756594,13.641646752966382,0.02277788444646346,0.009652019305701254,0.0063291139261409946,-0.01827611755831282,0
2019-05-31,36.656199139,37.3668805508,36.1699434361,36.1792945073,8394926,38.01158153948499,38.851290915906,37.89422792757603,38.341162405947415,-0.7042141961758901,-0.505952976707582,-0.1982612194683081,40.51703869786892,35.50612438110107,13.182598865460793,0.02316323356956878,-0.02666666666810158,-0.008203024865817476,-0.03129694541774786,1
2019-06-03,36.4411245012,37.0863484146,36.0390284392,36.2634541482,7795295,37.7799938749,38.8075886961,37.73891613906403,38.955192880366425,-0.7428809563168102,-0.5533385726294276,-0.18954238368738252,40.01850105502447,35.54148669477553,11.850225214629669,0.023082535756200173,0.0023261824766378503,-0.014986029971353565,-0.01822784810013922,1
2019-06-04,36.9554334176,38.0121044643,36.7310077086,37.7970298265,14138929,37.664621989595005,38.821908287828,37.74445077596269,48.93465021334068,-0.6423730253227546,-0.571145463168093,-0.07122756215466164,39.63365581242656,35.69558816676345,10.455614413841765,0.02518879637306055,0.04228984012478931,0.01685534591199378,0.03614457831440898,1
2019-06-05,38.1523705324,38.4983601671,37.553901975,37.955998037,10143486,37.606503473740005,38.847965840410005,37.76459813415672,49.84985886294903,-0.5436257802553541,-0.5656415265855452,0.0220157463301911,39.46604305375756,35.74696389372245,9.889457451507234,0.02468712067714068,0.004205838692344699,0.049108296717657485,0.030988061976458647,1
2019-06-06,37.909242681,38.7975944458,37.8624873249,38.6947326625,8101730,37.60718332189,38.88451878718,37.85318237495132,53.97771746737377,-0.4011341419973604,-0.5327400496679082,0.1316059076705478,39.46830321867346,35.746063425106534,9.897683008342518,0.02498534205519924,0.019462921901826302,0.06704486848836733,0.041006289306676935,1
2019-06-07,38.9004562291,39.162286223,38.4142005262,38.8162965882,6391263,37.64371039813,38.936526963878,37.94490753811785,54.63937404807331,-0.2752266576425484,-0.4812373712628363,0.2060107136202879,39.5685519907832,35.718868805476795,10.226630543565232,0.024714312726479514,0.0031416143060165602,0.026966848093057605,0.07288705091714598,1
2019-06-10,39.2744990775,40.7239151148,39.0781265821,40.3405211953,9651670,37.76296068043,39.026834003566,38.173061219754246,62.0136727190101,-0.051854139617070416,-0.3953607249336831,0.3435065853166127,40.0175661541616,35.5083552066984,11.940830025544113,0.02609517106461437,0.03926764635149049,0.06282335550696194,0.11242908715860356,1
2019-06-11,41.0605536784,41.6590222357,40.8080747557,40.910936539,10536525,37.990270861765005,39.107152858519996,38.4338112501586,64.34946717514845,0.16924696761676472,-0.2824391864235936,0.45168615404035833,40.53340050669864,35.44714121683137,13.388320679193408,0.02389216973269425,0.014140009271036869,0.05727404543222936,0.0823849579396525,0
2019-06-12,39.8729676348,39.9197229909,38.6760305201,38.806945517,10059790,38.06958850878,39.118041595064,38.469347847000634,51.71723774188378,0.1727058508157313,-0.19141017897572865,0.36411602979145996,40.610701217895596,35.528475799664406,13.34983018547488,0.02673690182217751,-0.0514285714284316,-0.0002409058056001001,0.022419315101936954,1
2019-06-13,38.9098073003,39.2932012199,38.4796580247,38.9472115851,6979452,38.086613432035,39.134340443254,38.51485867920057,52.38826853398448,0.1846369601697191,-0.11620075114663911,0.30083771131635817,40.6463865258079,35.526840338262105,13.441851942760803,0.025459517272648297,0.003614457830455997,-0.034538711174667,0.006524891250758724,0
2019-06-14,38.3019876717,38.7975944458,37.9279448234,38.5544665944,7695082,38.076558847805,39.115992263006,38.51863086160051,50.281106734648276,0.1605504857881499,-0.060850503759681304,0.22140098954783122,40.627306539678564,35.52581115593144,13.397994824422552,0.02556063287789542,-0.01008403361154242,-0.05759999999886589,-0.006745362561960455,0
2019-06-17,38.4422537399,38.5264133807,37.6287105447,37.8718383961,12453319,37.98399817698,39.080456446266,38.45703157917189,46.76062270452869,0.08539501014575279,-0.031601400978594485,0.11699641112434728,40.420848224174,35.547148129786,12.830929676438535,0.02514940328349717,-0.017705554209357044,-0.024096385542386023,-0.061196105703453796,1
2019-06-18,38.2739344581,39.83556335,38.1897748172,39.5643822849,11291800,38.085372864245,39.070957136454005,38.562493551146,55.14626871433861,0.16055709859063683,0.006830298935251777,0.15372679965538505,40.60661704595027,35.56412868253973,13.239960604782445,0.023955523135518075,0.044691358024338435,0.015846338535724813,-0.03291428571468513,1
2019-06-19,39.9197229909,40.0587734198,39.4989247865,39.7701058515,9333080,38.154240746625,39.067804975358,38.67750424641781,56.05235172526253,0.23402606096323808,0.05226945134084904,0.18175660962238904,40.778449238851195,35.530032254398805,13.755789348046843,0.023505267310457816,0.00519971637920702,0.03153043899916308,0.024819277107961613,1
2019-06-20,40.9015854678,41.135362248,40.2096061984,40.4059786937,8633349,38.281415315065004,39.094301407944,38.84212086044469,58.8212887373746,0.33964514925443723,0.10974459092356667,0.22990055833087056,41.077630162297304,35.485200467832705,14.60873284970682,0.023392742380868938,0.015988713848897662,0.06691358024650218,0.03745498199306474,0
2019-06-21,40.1160954863,40.3966276225,39.8449144212,40.1722019135,12096425,38.42261649032,39.113145401746,38.96879524644996,57.389671385170395,0.39987568725290146,0.16777081018943363,0.23210487706346783,41.300097150842454,35.54513582979755,14.97805679760195,0.023156530737698144,-0.005785697754586372,0.015362798393341093,0.04195973805367004,0
2019-06-24,40.1254465575,40.1441486999,39.4989247865,39.5830844274,10997071,38.55493414793,39.114625352364,39.02729897796901,53.83390264778159,0.395512740215203,0.2133191961945875,0.1821935440206155,41.39000545103947,35.719862844820526,14.706658775407021,0.023294227541973595,-0.014664804467738657,-0.004702562894811635,0.04518518518700221,0
2019-06-25,39.5082758577,39.9290740621,39.1809883654,39.255796935,9637916,38.69379755538,39.099884617798,39.04906068816244,51.909658734592156,0.3614788052196829,0.24295111799960661,0.11852768722007628,41.376416983075615,36.01117812768439,13.865888577393564,0.0231614688102367,-0.008268367590208547,-0.02846563295543525,-0.007799574568810419,1
2019-06-26,40.2096061984,40.9576918951,40.1441486999,40.7519683285,10023943,38.890637604329996,39.120276891666,39.21124236819459,59.1058410678627,0.45004732850558327,0.28437036010080197,0.1656769684047813,41.570717093924195,36.2105581147358,13.782646182667907,0.024377857051222255,0.03811338732919811,0.014432029796334511,0.024688455209705307,1
2019-06-27,41.0418515359,41.9582565144,40.9483408239,41.7899372327,8894448,39.12160906319,39.142636842292,39.456832355290345,63.21797809404754,0.5971108154206917,0.34691845116477993,0.25019236425591174,41.960421023389806,36.282797102990195,14.512756648707882,0.02477727661902629,0.025470399265943966,0.05575242145031978,0.03425133071249631,1
2019-06-28,42.2013843659,42.4445122173,41.7805861615,41.9956607993,15599720,39.412427377789996,39.165948304622,39.69862554043412,63.990843086739304,0.7219378111607782,0.4219223231639796,0.30001548799679856,42.176689280025975,36.648165475554016,14.027361855888726,0.02355068307032147,0.004922801521678899,0.06979514054539981,0.04539106145404537,1
2019-07-01,43.6040450472,44.4643435984,42.2855440067,42.7156932823,11475932,39.735039334495,39.202544077919995,39.985965325373726,66.63344719527045,0.8689480165963346,0.5113274618504506,0.35762055474588395,42.45972952105968,37.01034914793032,13.714294648750009,0.023604287603293767,0.01714540191285674,0.048187241852233775,0.07914008976853659,0
2019-07-02,42.1826822234,42.2855440067,41.2569261738,41.761884019,13869042,39.93328204411999,39.223040569131996,40.15510043905242,60.31857776271632,0.8981370623398988,0.5886893819483403,0.30944768039155846,42.642004922062554,37.22455916617743,13.566242188407408,0.023151861473567858,-0.022329246934995384,-0.0006712911183328618,0.06383992377354097,1
2019-07-03,41.6309690221,41.8740968735,41.4813518828,41.7712350902,5559091,40.12404389678,39.242979855971996,40.309018024875996,60.358242949222976,0.9115167470228727,0.6532548549632469,0.2582618920596258,42.785867174671445,37.46222061888856,13.267971118459759,0.023178463920468045,0.0002239140168041054,-0.005344021378126174,0.02501147315103247,0
2019-07-05,41.3691390283,41.53745831,40.7332661861,41.1260111768,6618191,40.245607822494996,39.238293108272,40.38682689648781,56.184975288717176,0.8601408972351905,0.6946320634176356,0.16550883381755488,42.85681321000133,37.634402434988665,12.97634961322073,0.023350231217761957,-0.015446608461701428,-0.03721541155832575,-0.01588722309399615,0
2019-07-08,40.3592233377,40.910936539,40.2657126256,40.6304044028,9733012,40.336313213225004,39.22388028154,40.410024754231834,53.14537425837937,0.7705514044928847,0.7098159316326854,0.06073547286019931,42.86742191592006,37.80520451052995,12.550025032358123,0.023601774912953715,-0.012050932240167622,-0.027093596057237712,-0.03250946337110028,1
2019-07-09,40.4246808362,41.2008197465,40.0973933438,41.1166601056,12432619,40.37512015874,39.21528538344,40.477323359124036,55.67886554212805,0.7303686226019792,0.7139264698265442,0.016442152775435037,42.92899409099333,37.82124622648668,12.650731055226283,0.0221087204308897,0.01196777905480273,-0.015670472352242615,-0.03743432574375638,1
2019-07-10,41.6122668797,42.4819165021,41.5655115236,41.8179904463,7184698,40.420472854105,39.228531463002,40.60500593885508,59.11283583973752,0.7465096768162027,0.7204431112244759,0.02606656559172682,43.042113502365034,37.79883220584497,12.971845518594849,0.022208078276767747,0.017057084376473464,0.016825829923675206,0.0013434841032189393,1
2019-07-11,42.1452779386,42.4258100749,41.490702954,42.341650434,8128518,40.597208099955004,39.255413701948,40.770400652678404,61.510765225665814,0.7924220154408346,0.7348388920677477,0.05758312337308691,43.23644072806641,37.957975471843596,13.002040049716292,0.01850731373320095,0.012522361359579293,0.042117376293750786,0.013655697337372485,1
2019-07-12,42.4164590037,43.5292364775,42.4164590037,43.4918321927,9030857,40.824439130335,39.318137471034,41.029584608870934,66.19967659233052,0.9111151616049753,0.7700941459751933,0.14102101562978198,43.63340426512589,38.01547399554411,13.761194003538236,0.019182885314741282,0.027164310954124193,0.05776665908660483,0.05752614825029778,0
2019-07-15,43.8097686138,44.3521307439,42.9401189914,43.2767575549,6723387,41.06055367836,39.370605941002,41.24360107992132,64.61452674773378,0.9765683373608738,0.8113889842523294,0.16517935310854437,43.86046490510039,38.26064245161961,13.637961381003096,0.018993730912233543,-0.00494517308093767,0.03488372093042713,0.06513233601774404,0
2019-07-16,43.014927561,43.2300021988,42.5473740006,43.0242786322,6671096,41.318175690165,39.413187364848,41.41318941823357,62.716014012287715,0.9965795628532561,0.8484270999725148,0.14815246288074135,43.83048311211083,38.80586826821917,12.160785804218525,0.01839105185936538,-0.005834053588227084,0.01612190812599623,0.04639526950147865,1
2019-07-17,43.2580554125,43.4544279078,42.6595868551,43.2206511276,8459934,41.500989132300006,39.475511036747996,41.58532862864942,63.61155820047127,1.0165658837369875,0.8820548567254094,0.13451102701157813,44.00832434327631,38.993653921323705,12.083255186922061,0.016051933703685812,0.0045642251687407764,-0.006235218233586415,0.03354203935507627,1
2019-07-18,43.4544279078,45.4836103602,43.370268267,45.0441100134,14577891,41.764689340395,39.594025869934,41.914736379578045,70.65910594732857,1.1661009934534547,0.9388640840710185,0.22723690938243624,44.57896160698025,38.95041707380975,13.476802107388222,0.018127429528055496,0.04218952834413847,0.04083837510834698,0.06382508833972955,0
2019-07-19,45.1750250103,45.343344292,44.5672053817,44.7074714498,9415245,41.9797639782,39.71455258494,42.180711148170616,68.03919629025975,1.2431148721355498,0.9997142416839249,0.24340063045162497,44.996032264603144,38.96349569179685,14.370105977582382,0.018233124423276587,-0.007473531245258291,0.0391219300151211,0.027950978282861305,1
2019-07-22,46.1194832024,47.5034417413,46.0166214191,47.4379842428,21606446,42.343053094664995,39.901597168528,42.68140382384961,75.85821958616373,1.5071055141669802,1.101192496180536,0.4059130179864443,46.06796061228514,38.61814557704485,17.593948689965696,0.02187365924503738,0.061075088893496554,0.09757680657677281,0.09615384615220202,1
2019-07-23,47.353824602,47.9896974442,46.8675688991,47.7185163791,10063926,42.74982469225,40.096857185124,43.16112882911155,76.49446981759802,1.7191394296039562,1.2247818828652202,0.494357546738736,46.92938437958794,38.570265004912066,19.5535757979173,0.021196699607377807,0.005913660556573497,0.05937305376672786,0.1091067159319381,1
2019-07-24,47.6811120943,49.0183152772,47.4660374565,48.7564852833,11289791,43.224859109665,40.344692232544006,43.69401991998664,78.7282865482549,1.9484724733200522,1.3695200009561865,0.5789524723638657,47.84443015973371,38.60528805959628,21.374603157634294,0.020926041286924386,0.021751910641015115,0.09056682702457142,0.12808308091788345,0
2019-07-25,48.3637402925,48.429197791,47.3818778156,47.5221438837,8300988,43.563367887425,40.550723258684,44.058603154626006,70.18618446492349,2.007478564316763,1.497111713628302,0.5103668506884609,48.39579765296397,38.730938121886034,22.185749173602794,0.02141736557429175,-0.02531645569666996,0.0017740981671827694,0.05501349387440024,0
2019-07-26,47.5876013822,47.7839738776,47.1855053202,47.4473353141,5737709,43.846237791495,40.727535702566,44.38133955076639,69.6926452732415,2.0248635239122876,1.6026620756850993,0.4222014482271883,48.88809709588098,38.80437848710902,22.997910691274708,0.021102988526109256,-0.0015741833908645697,-0.005682931607630115,0.06128425015886818,0
2019-07-29,47.1855053202,47.4753885277,46.8114624719,47.3818778156,4485653,44.11554864231,40.900062093298,44.667105099798164,69.23388956618787,2.0101871701661977,1.6841670945813192,0.32602007558487855,49.30644981098572,38.92464747363429,23.533204633874895,0.02117590929910643,-0.0013795821844719836,-0.028193325661454716,-0.0011827321100498223,1
2019-07-30,46.8114624719,47.7372185215,46.6711964037,47.4379842428,4666303,44.351663190335,41.054360741902,44.93099835151262,69.4197017301534,1.9802562129033987,1.743384918245735,0.23687129465766366,49.6937836758626,39.00954270480741,24.089831592569162,0.021044487471688526,0.001184132621724121,-0.0017709563168269993,-0.005878894768465037,0
2019-07-31,47.2509628187,47.3070692459,45.5303657162,46.1662385584,8334837,44.571880917304995,41.226947742278,45.04864027597809,60.50037711729491,1.832789212156733,1.7612657770279347,0.07152343512879833,49.831292805988724,39.312469028621265,23.599685633377735,0.021377046341907898,-0.026808594519760143,-0.02700039416795852,-0.05312619869642665,0
2019-08-01,46.2316960569,47.7372185215,44.8009821619,45.3246421496,11076755,44.749551270275,41.365585621192004,45.07492616870398,55.42526876333972,1.6292300056029916,1.7348586227429463,-0.10562861713995475,49.8563852094513,39.6427173310987,22.824067702187328,0.021994251448539514,-0.018229694146197017,-0.04341819617209586,-0.04624163715083851,0
2019-08-02,44.8851418028,45.2591846512,44.1277050349,44.4643435984,8093891,44.916467891355,41.497622746662,45.01677544772265,50.73967216934727,1.3825517683998854,1.6643972518743342,-0.2818454834744488,49.74953817536359,40.083397607346406,21.520259766190588,0.0221748495395324,-0.018980812873502062,-0.06268480189166825,-0.06286953094315373,0
2019-08-05,43.2019489852,43.2019489852,42.0517672265,42.5099697157,12069931,45.010446157000004,41.600858572808,44.77803204467287,42.04398176854006,1.0176252982572862,1.5350428611509248,-0.5174175628936386,49.57196118611189,40.448931127888116,20.26869501893388,0.024433278819367427,-0.04395373291354121,-0.07919789345789663,-0.10282218275224142,1
2019-08-06,43.4076725518,43.9219814683,42.7156932823,43.3235129109,7428271,45.120788797265,41.728594205522,44.63950641288498,46.17889739824316,0.7850154093209767,1.3850373707849353,-0.6000219614639586,49.39811882431634,40.84345877021366,18.95946476587578,0.024630618435425848,0.019137703476169055,-0.0441510212500964,-0.08673368815253746,1
2019-08-07,43.0523318459,43.819119685,42.7811507808,43.6508004032,7591370,45.21242929511,41.872039637866,44.545343935772124,47.792636595617076,0.6199335537358834,1.2320166073751249,-0.6120830536392414,49.27597922383533,41.14887936638467,17.975366473682612,0.024434086744219187,0.0075545003234873676,-0.01829652996899911,-0.05448653028160366,1
2019-08-08,44.0341943228,44.8383864468,43.8471728986,44.7542268059,6122892,45.333058113705,42.030820826994,44.565237542450966,52.91810263208938,0.5715537667693695,1.0999240392539738,-0.5283702724846042,49.18636168675574,41.47975454065426,16.99997191182571,0.024873975151723852,0.025278491860577734,0.05279366476168379,-0.012585104187194163,0
2019-08-09,44.4549925272,44.4549925272,43.5385875487,44.0903007501,5293173,45.362981541574996,42.169216680886,44.52000546698897,49.75304042838876,0.4741731797458044,0.97477386735234,-0.5006006876065355,49.16761468742051,41.55834839572948,16.774175843616376,0.024502509773819636,-0.014834935227000079,0.017699115045840985,-0.008412197685370937,0
2019-08-12,43.9313325395,44.0341943228,43.2300021988,43.4450768366,7105235,45.37139750566,42.31453232747201,44.417631311713826,46.822117099482156,0.3410033115735587,0.8480197561965838,-0.5070164446230251,49.15823730259066,41.584557708729335,16.69263018163927,0.024720345389763324,-0.01463414634336635,-0.004712939160330221,0.0219973603169763,1
2019-08-13,43.417023623,45.118918583,43.0803850595,44.9412482301,9162331,45.467245985555,42.48808820911,44.46749958965537,53.64183819997484,0.3521345709021517,0.7488427191376974,-0.3967081482355457,49.10573745893345,41.82875451217656,16.004890529478725,0.025795650599991466,0.03443822643304806,0.0041788549942136655,0.037340815887369594,0
2019-08-14,43.9032793259,44.1838114621,43.3796193382,43.6788536169,7212301,45.49015611002,42.605724684917995,44.39239044939295,48.043389770648176,0.2561388696547269,0.6503019492411033,-0.3941630795863764,49.07718168399217,41.90313053604783,15.77055732803724,0.026676168340893553,-0.02808988764033693,-0.009331919406312172,0.0006426735235292025,1
2019-08-15,43.9500346819,44.2399178894,43.4824811215,44.0996518213,10962138,45.442933200415,42.728597760603996,44.36451058005076,49.91965725072841,0.21157754886139202,0.562557069165161,-0.350979520303769,49.07676608965081,41.809100311179186,15.992950425139489,0.02495970925444483,0.009633911367975756,0.015066724065465387,-0.01462599247751284,0
2019-08-16,42.9775232762,43.9406836107,41.7244797342,43.6040450472,17870792,45.387761880285,42.826784008298,44.29208529120783,47.73328885859963,0.13471810986306565,0.47698927730474194,-0.3422711674416763,49.097301892107986,41.67822186846201,16.3459922152905,0.025027068892785723,-0.01123833757482462,-0.029754473575221874,-0.011028632026260143,1
2019-08-19,44.5110989545,44.8196843044,43.7630132577,44.043545394,8861112,45.218039937845006,42.931328984413994,44.26841482480709,49.83168709970376,0.10802520828588058,0.4031964635009697,-0.29517125521508913,48.846561150898886,41.58951872479113,16.04899822301677,0.020577024787208947,0.010079348058746662,0.00834938985117728,0.013775290573219134,0
2019-08-20,43.8845771835,44.0809496788,43.4918321927,43.6975557593,7753815,45.016991906855004,42.998469675694,44.21404729475879,48.191396480277824,0.058280597065170525,0.3342132902138099,-0.2759326931486394,48.512186163446344,41.521797650263665,15.528333229475983,0.020475460996224087,-0.007855626326284115,-0.009117896522842561,-0.027673741157171916,1
2019-08-21,44.3349801245,44.6355562609,43.8935089241,43.9874389668,5198369,44.77853959103,43.05999972425,44.19246554923891,49.685741699711585,0.041767318820276955,0.27572409593510333,-0.23395677711482638,47.84516290868736,41.71191627337264,13.696843825928006,0.019732865681938692,0.006633854055745569,0.008792622775822379,0.007064868336668084,1
2019-08-22,44.2786220989,44.4101241586,43.6211118005,44.175299052,4280682,44.611197349445,43.167366794950006,44.19083064473996,50.67858502428229,0.04333957407092015,0.2292471915622667,-0.18590761749134654,47.414672299530956,41.807722399359044,12.568481083912598,0.019228081014975616,0.0042707666009331735,0.0029914407848272706,0.0017153702484213884,0
2019-08-23,43.6868628303,43.996831971,42.0994451098,42.3812352377,11616331,44.357892345625,43.236047268002004,44.01848822502187,42.12877391143992,-0.09903870200530918,0.16359001284875152,-0.2626287148540607,47.0014937885378,41.71429090271219,11.919418633845623,0.020931653645770227,-0.04061237507839299,-0.030123435938859244,-0.028043494776146427,1
2019-08-26,43.2078196129,43.3675006854,42.6818113741,42.8414924466,5715187,44.130873077174996,43.321787785046,43.9063933889817,44.706027924535995,-0.17274431244332078,0.09632314779033707,-0.26906746023365785,46.457560357883125,41.80418579646687,10.544487876499858,0.02123276701369135,0.010859929077541075,-0.026051676276605096,-0.027292374776980433,0
2019-08-27,43.2078196129,43.4332517152,42.3718422334,42.747562404,5926887,43.896351985235,43.419302265203996,43.79602853326916,44.27269755358525,-0.23601527202588102,0.029855463827093462,-0.2658707358529745,45.737217532550645,42.055486437919356,8.387328167656568,0.02119600278065252,-0.0021925016435195843,-0.03231979587324063,-0.021740194360821197,1
2019-08-28,42.6442393571,43.2453916299,42.3154842078,43.1138895702,4793138,43.743734535825,43.49029241091001,43.73106291773877,46.45261767047213,-0.2536742240016707,-0.026850473738659376,-0.22682375026301135,45.288917403649265,42.19855166800073,7.064704850742916,0.020749716187308257,0.008569545152958824,0.017287234040981314,-0.019859064703887874,1
2019-08-29,43.8277578943,44.5416262183,43.7995788815,44.4383031714,6786670,43.699417586915004,43.583656357308,43.79841913237317,53.5301663501545,-0.15896748344250966,-0.053273875679429435,-0.10569360776308023,45.105250247092386,42.29358492673762,6.434102502081548,0.021747450420003665,0.030718954248920793,0.037272527953837065,0.005953646608943375,1
2019-08-30,44.6637352737,45.170957504,44.5134472055,45.1052064741,7820358,43.7314607307,43.677640912916004,43.92287506968049,56.63813408514053,-0.02975518696632662,-0.04857013793680887,0.018814950970482254,45.23162223354701,42.23129922785299,6.860788447406588,0.02157604848301509,0.015007398012649942,0.05515271368735153,0.06427304964384128,0
2019-09-03,44.7482723121,44.8703813675,44.2974081075,44.7200932993,7145753,43.84196690988,43.76859874063201,43.99880061535853,54.376477578071466,0.04109732979838299,-0.030636644389770505,0.0717339741881535,45.29065903841198,42.39327478134802,6.608700433125464,0.018996908159605932,-0.008538109120975634,0.0372549019611117,0.04385003288672973,1
2019-09-04,45.6218217086,46.5517291307,45.4621406362,46.5047641094,10227852,44.001029469805005,43.90703233427201,44.23746380526725,61.95769511488567,0.23850711747331843,0.023192107982847286,0.21531500949047114,45.83456271649936,42.167496223110646,8.334047038388457,0.020454077937192484,0.03990758244075354,0.04650179666018284,0.08789277081793156,1
2019-09-05,47.3970995145,48.590011056,47.2186324335,47.2937764676,10415877,44.183178273025,44.067791924924,44.528541201679886,64.74676556038176,0.45339603248845606,0.10923289288396905,0.344163139604487,46.50115926931341,41.86519727673659,10.49259508659476,0.020653563632908573,0.016966269441640147,0.04852144939757008,0.09694989106919039,0
2019-09-06,47.4064925187,47.4346715315,46.7771612331,47.058951361,6913666,44.29841450078,44.193931585574,44.769532645424654,63.26025163176827,0.5978569000508784,0.20695769431735095,0.3908992057335275,46.92685762014361,41.66997138141639,11.866985078291362,0.020131021969721153,-0.004965243297093691,0.05229993698909863,0.058972733038254566,1
2019-09-09,47.237418442,47.7164616594,46.9274493013,47.5849595997,6653765,44.473147443260004,44.309832032914,45.03766854583183,65.18826178008695,0.7461860785781269,0.3148033711695062,0.4313827074086207,47.46282975042604,41.48346513609397,13.444887439011818,0.019775240341050035,0.011177644709183365,0.02322763078120116,0.054977092877823486,0
2019-09-10,47.3219554804,47.4252785273,46.6080871563,47.1434883993,7304000,44.658068021394996,44.412788584914004,45.2382228175907,62.23629553698277,0.818677777066668,0.4155782523489386,0.4030995247177294,47.82290232144227,41.49323372134772,14.173628373404112,0.01954441081622837,-0.009277536518130902,-0.0031777557117469435,0.054190296155708806,1
2019-09-11,47.3689205017,48.4397229877,46.9744143226,48.4303299835,8100369,44.832522109064996,44.527081318938,45.54223302386778,66.93632425667037,0.968797635567185,0.5262221289925879,0.4425755065745971,48.39964883627347,41.26539538185652,15.913120919365866,0.01902256268465589,0.027296274159871237,0.029141716566946974,0.0414057766118372,0
2019-09-12,48.5148670218,48.7121201114,47.9418937618,48.1391468513,6251842,45.055536770785,44.654626575584,45.78955815028989,64.96599931580297,1.0521441963756502,0.6314065424692004,0.4207376539064498,48.8563280265403,41.2547455150297,16.87158350855479,0.017659134183720407,-0.006012412723580662,0.011646269246879726,0.017874875868268747,1
2019-09-13,48.5994040602,48.8248361625,47.9418937618,48.2330768939,6052724,45.262208024414996,44.783863411658004,46.0222742211099,65.32062504809494,1.1129469560042224,0.7277146251762049,0.38523233082801756,49.27615510689986,41.248260941930134,17.73641745590356,0.01763706618300759,0.0019512195114330666,0.023112173740120978,0.024950099799143644,0
2019-09-16,47.6507106296,48.3551859494,47.2280254377,47.8291777106,5164314,45.473464657585,44.917926742334004,46.19436026772801,62.39587002636449,1.1156814116778406,0.8053079824765321,0.3103734292013085,49.560177212061106,41.38675210310889,17.974054034584945,0.017512553558094446,-0.00837390457566023,-0.012412723041631435,0.005132254244921919,1
2019-09-17,47.4816365528,48.1485398556,47.3689205017,48.09218183,5478739,45.675896479385,45.067162290878,46.37510517842058,63.54065082046309,1.1260898589904755,0.8694643577793209,0.2566255012111547,49.859185501046014,41.49260745772399,18.317271664494044,0.0174695083796721,0.0054988216814297886,-0.0009756097557165333,0.020123530585277827,1
2019-09-18,48.1485398556,48.9375522137,47.9325007575,48.9281592094,7924463,45.93742665188999,45.223392272953994,46.618253181371,66.98146520856498,1.188099346734667,0.9331913555703901,0.25490799116427687,50.24544140189807,41.629411901881916,18.756012532673434,0.017437627504808817,0.017382812498611067,0.014410905549919528,0.010279286266882792,0
2019-09-19,49.30387938,49.4259884354,48.2518629025,48.5430460346,6048521,46.16520700528,45.35789338472,46.80156678644043,63.98566033248213,1.1924214061315794,0.9850373656826281,0.2073840404489513,50.51823073687572,41.81218327368428,18.85846079320236,0.01770134928817645,-0.007870992512753472,0.01492537313351705,0.008390243901655214,0
2019-09-20,48.7496921284,48.8624081796,47.7822126893,47.8667497277,11651466,46.349779539065004,45.46839537059401,46.903012780846105,58.995536130842616,1.1282692241270809,1.0136837373715188,0.11458548675556202,50.66251072958256,42.03704834854745,18.609500340266568,0.018206341524646577,-0.013931888543169735,-0.004687499999415312,-0.007594936707144395,1
2019-09-23,47.7634266808,48.8154431583,47.7164616594,48.6181900687,5474049,46.661627280615,45.570922528114,47.06636299873695,62.49543138835595,1.1250937329597264,1.0359657364891603,0.08912799647056602,50.672851876400685,42.65040268482932,17.19281915164625,0.014984093661650873,0.0156985871251909,-0.006335189095780347,0.01649646504219837,0
2019-09-24,48.8624081796,49.3884164184,47.7822126893,48.0546098129,7090554,46.92228314893,45.666479573274,47.160481742942956,58.464876039628884,1.0648262624034288,1.0417378416720142,0.023088420731414594,50.56749245267747,43.27707384518253,15.537220523467196,0.01551096297873117,-0.01159196290531661,-0.010061919504430472,-0.0007812500009423129,1
2019-09-25,47.5755665955,48.9563382222,47.4346715315,48.7778711412,5488284,47.22379858579,45.78155142345399,47.314518828491245,61.864064054422464,1.0631694468473043,1.0460241627070723,0.017145284140231976,50.40607565311917,44.04152151846083,13.477429442902707,0.015518394793895073,0.015050820953827593,0.01903453689007728,-0.003071606833946139,1
2019-09-26,49.0033032436,49.2757003672,48.6651550901,48.984517235,4912909,47.51732996903,45.896828745601994,47.47356629577779,62.8007847027748,1.0662400695284404,1.050067344071346,0.016172725457094472,50.167613020047675,44.86704691801233,11.155016718090128,0.01552165485741053,0.0042364721740686395,0.007534775889072698,0.009094427244745296,0
2019-09-27,48.0170377959,48.3363999408,46.1666159559,46.4296200753,11206261,47.616895814225,45.92453894684,47.37414284620848,47.323804091533866,0.85268548402302,1.0105909720616808,-0.15790548803866078,49.92446773702023,45.30932389142978,9.69224004772636,0.019318583859049356,-0.05215723873408906,-0.033815480844124446,-0.03002354788188899,1
2019-09-30,46.7301962117,47.1716674121,46.2699390028,46.8710912757,6780365,47.705190054305,45.967811343358,47.32623317282672,49.63361071989447,0.7108705001515574,0.9506468776796562,-0.23977637752809877,49.740683336343785,45.669696772266214,8.533634515329217,0.019167841640125173,0.00950839571127271,-0.039091084151260724,-0.035935085006892686,1
2019-10-01,47.3501344931,47.9043217447,46.7583752245,46.9838073269,7746018,47.818375755685,45.95872780504,47.293621187500364,50.233630067240085,0.6006524000613709,0.8806479821559992,-0.27999558209462827,49.37205106596346,46.26470044540653,6.4982353989459885,0.019003741533797254,0.0024048096200062208,-0.040843720037123665,-0.02228303361881734,0
2019-10-02,46.3732620497,46.8523052672,46.2229739815,46.4577990881,6563804,47.81602750462,45.933513459219995,47.214019082795566,47.39598881565165,0.46549337495753207,0.7976170607163058,-0.3321236857587737,49.377758459317654,46.25429654992235,6.532248855456495,0.01706670777697596,-0.011195521792011887,0.0006069188753710097,-0.047564028499398,1
2019-10-03,46.420227071,46.7489822203,45.8190747982,46.6268731648,7082515,47.782682339480004,45.89092121685,47.15810042393885,48.40487176768385,0.36778217479859876,0.7116500835327644,-0.3438679087341656,49.4144986141742,46.15086606478581,6.830157683910189,0.016627625030761626,0.003639304487484951,-0.00521042084263601,-0.04813039309725875,1
2019-10-04,46.9744143226,47.8103917021,46.8616982714,47.7916056935,4620605,47.819315056105,45.896310453046,47.21843425913515,54.83160721769412,0.37994970203705236,0.645310007233622,-0.2653603051965696,49.4170369186501,46.2215931935599,6.682328513783771,0.01753510125283868,0.024979854955817338,0.017193122749281864,0.029334412299543366,0
2019-10-07,47.735247668,48.0076447916,47.5098155656,47.5755665955,5482744,47.818845405895004,45.898875078674,47.25244686259847,53.50044807229766,0.3679188656792931,0.5898317789227562,-0.22191291324346307,49.41684804487575,46.22084276691426,6.68356847772718,0.01740265353336432,-0.004520440250229685,0.024059846340984015,0.015030060120772681,0
2019-10-08,47.1059163823,47.2280254377,46.1008649261,46.3169040241,5722592,47.777516187135,45.877575602844,47.16334754464623,46.42841182364796,0.25389405810008725,0.5226442347582224,-0.26875017665813516,49.48242796857544,46.072604405694555,7.136879090836973,0.01829287371675409,-0.026456071077439414,-0.00664786462528677,-0.014194322272775284,1
2019-10-09,47.0777373695,48.0640028172,46.9650213183,47.7540336765,6362242,47.74370137178501,45.883896591517995,47.21960336672754,53.9184710938058,0.27630782434087564,0.4733769526747531,-0.19706912833387746,49.422101660947895,46.06530108262212,7.030876287085558,0.01861001203262555,0.03102818900961557,-0.000786163520869354,0.027901334411944312,1
2019-10-10,47.594352604,48.4679020005,47.5661735912,47.913714749,5368631,47.732429766669995,45.91884611533,47.28570921265825,54.67672420030834,0.3034577515455865,0.4393931124489198,-0.1359353609033333,49.40306581876728,46.06179371457271,7.000004233029165,0.01858269400779867,0.003343823761186915,0.007107601184764167,0.02759871071885378,1
2019-10-11,48.9939102393,49.2099493374,48.5712250474,48.6087970645,6823720,47.7512157752,45.984529213627994,47.41171757950032,57.92240432645151,0.3767190159590257,0.42685829315094104,-0.050139277191915355,49.4521236448513,46.050307905548706,7.124040056524285,0.01886447845304431,0.014506959419474219,0.04948286351798181,0.017099056605062835,1
2019-10-14,48.6651550901,48.9657312265,48.6463690815,48.7872641455,3429704,47.799120096945,46.070987624569995,47.54272201435743,58.739412491630716,0.4440610385170274,0.4302988422241583,0.013762196292869067,49.55905529953637,46.03918489435364,7.3638811719626105,0.01875624481159222,0.0036714975843401554,0.021636506687569224,0.025468904244528856,1
2019-10-15,48.9093732009,49.9144246571,48.7309061199,49.6983855591,8063938,47.8794302834,46.21475594143801,47.74802330433291,62.71923010705556,0.564443407833771,0.45712775534608086,0.10731565248769015,49.82258180512889,45.936278761671105,8.11685314644436,0.01914403256827627,0.018675394686669344,0.03724759851013726,0.07300750355076668,0
2019-10-16,48.7309061199,49.5950625122,48.2330768939,48.4303299835,8456280,47.854538822105,46.316892282889995,47.81300489282502,54.79725802571444,0.5511722449106173,0.4759366532589882,0.07523559165162913,49.75561512801277,45.95346251619723,7.945228823434509,0.019703578323338557,-0.02551502551510565,-0.0036714975843403774,0.014162077104971527,1
2019-10-17,49.2757003672,50.017747704,48.6933341029,48.9751242308,5159955,47.876142731915,46.423378759442,47.92368292501311,57.29305906753183,0.5779528151125888,0.4963398856297083,0.08161292948288046,49.81742017229083,45.934865291539175,8.109581639632555,0.019781858896789736,0.011249030256155645,0.003850596843055998,0.022152519114000624,0
2019-10-18,49.0502682649,49.2287353459,47.9418937618,48.5430460346,6393604,47.90995754726,46.499155144016,47.98266988783091,54.712883222969964,0.557880610131086,0.5086480305299839,0.04923257960110217,49.87284284469479,45.94707224982521,8.194059848617197,0.019616182988559796,-0.008822401228913423,-0.023247023248392895,-0.0013526570059479992,1
2019-10-21,49.0220892521,49.5105254738,48.8342291668,49.4447744439,5738240,47.951286766020004,46.606244617891996,48.12191794078987,58.87532226262705,0.6077296604158704,0.5284643565071612,0.07926530390870923,50.00479600484745,45.89777752719256,8.564980743259783,0.019740684775196485,0.018575851392952814,0.02094647013030082,0.013477088947621452,0
2019-10-22,49.4541674482,49.5105254738,48.7872641455,48.8248361625,4484021,47.9897980835,46.71383980441,48.18886253333369,55.124105541785084,0.5904057239698659,0.5408526299997021,0.04955309397016383,50.07820663712841,45.90138952987159,8.703552159126318,0.019773628032890414,-0.012537993920942792,-0.0030686612981675188,-0.01757701757859309,0
2019-10-23,48.1767188684,48.3270069366,47.1904534207,47.4628505443,8608126,47.924047053655,46.764271850693994,48.119718534378094,47.902904225440025,0.46145614354784925,0.5249733327093316,-0.0635171891614823,49.99177053809988,45.856323569210126,8.629168910254537,0.020484643806523123,-0.027895344362590557,-0.022252321980991363,-0.019976726145157775,1
2019-10-24,49.7265645719,51.7742395013,49.5480974908,51.72727448,18723030,48.061184915905,46.925240267956006,48.46329529110399,63.86445389126186,0.6953504769078265,0.5590487615490306,0.13630171535879587,50.68191794413795,45.440451887672054,10.905819458336588,0.028892069131757722,0.0898476152779688,0.04616261398238786,0.0561948599911708,1
2019-10-25,51.5675934075,52.4505358083,51.2200522498,52.3378197572,8568345,48.3565949,47.090003626674005,48.832297621208376,65.49447191133066,0.9193812675857771,0.6311152627563799,0.28826600482939724,51.46218561962083,45.25100418037916,12.844538479366072,0.02582940219847967,0.011803159616230463,0.07195075029044662,0.07817337461467089,1
2019-10-28,52.6290028893,53.8125214266,52.6008238765,53.4931592816,8742449,48.687698300295,47.287785911362,49.27618920791234,68.39936425007008,1.176590524136472,0.7402103150323983,0.4363802091040737,52.434922659303965,44.94047394128603,15.39290001304606,0.026062967342715217,0.0220746590087193,0.1270532357021319,0.08187689969732381,0
2019-10-29,53.2395481665,53.6246613413,52.0372436207,52.1499596719,6354593,48.946005917545,47.44991419692,49.549881633054014,61.87725578598557,1.2575494824934381,0.8436781485246063,0.4138713339688318,52.89462605215544,44.997385782934565,16.134595910695253,0.027023586731555034,-0.025109745390603955,0.008171418195703106,0.06810311658462598,0
2019-10-30,51.9714925909,52.0748156378,51.3515543095,51.8587765397,4247462,49.216054790125,47.613138612528,49.76977638606792,60.52979694385427,1.2834195335378666,0.9316264255272585,0.35179310801060815,53.18575342948827,45.24635615076173,16.131722285711437,0.026869065995508788,-0.0055835734875341325,-0.009152907395117427,0.0926182465862857,0
2019-10-31,51.8399905312,51.8399905312,50.3089308362,50.9664411347,6741838,49.43303318862,47.75271865588599,49.883744457366205,56.471355615790806,1.217878777307284,0.9888768958832637,0.22900188142402045,53.285589088146914,45.58047728909309,15.586969485877352,0.02735911661218461,-0.017207027711440226,-0.04723441615401314,-0.014708552749945647,1
2019-11-01,51.5957724203,52.1029946506,51.1073361986,52.0936016463,5899037,49.648132986259995,47.911084707772,50.094207046788476,60.10966834673648,1.2425661597920765,1.0396147486650262,0.20295141112705029,53.58945044701519,45.7068155255048,15.877001706573516,0.027255258438926167,0.02211573903347519,-0.0010806916429959568,-0.004666188084122558,1
2019-11-04,52.6196098851,52.9765440471,51.9808855951,52.3566057657,4152542,49.88718494477,48.110592118331994,50.30967359144672,60.93025959031171,1.2687282136021878,1.0854374416524586,0.1832907719497292,53.8763526075232,45.898017282016795,15.992755122060318,0.027169432259295603,0.005048683736358361,0.009599710197923716,-0.021246707638203355,1
2019-11-05,52.6853609149,52.8732210002,52.1969246932,52.4881078254,3857929,50.195745134835,48.303524425908,50.51714351848988,61.358285741209336,1.285257300824334,1.1254014134868338,0.15985588733750022,53.98206259031612,46.40942767935388,15.086208782478966,0.026149352455064633,0.0025116612846998176,0.02985624769597628,0.0064841498560583855,0
2019-11-06,52.225103706,52.4881078254,51.5769864118,52.4317497998,3965867,50.429630941,48.497208173824,50.69948697385275,61.049597220730675,1.279064836624876,1.1561340981144423,0.12293073851043368,54.16124480038784,46.69801708161216,14.799290773131506,0.025548616757831398,-0.0010737294205284131,0.006491164803615002,0.011048723057732968,1
2019-11-07,52.8920070087,53.0610810855,52.2532827188,52.544465851,4487535,50.661168496100004,48.685819699439996,50.875199247866774,61.467132588543556,1.2686285472580607,1.178632987943166,0.08999555931489467,54.31343380959602,47.00890318260399,14.41840139860641,0.025554045785859517,0.00214976710924919,0.0035880875498439657,0.03096203464804259,1
2019-11-08,52.3190337486,52.7323259362,51.7836325056,52.6290028893,3313903,50.86217878734,48.849633693798,51.04222816609851,61.79789379674629,1.2527383572509265,1.1934540618047182,0.05928429544620828,54.48287624951372,47.241481325166276,14.237288093033653,0.025462068279566253,0.001608866641440887,0.0026843235494158346,0.010277677604923818,1
2019-11-11,52.3847847785,53.2865131878,52.1781386847,53.1550111281,5651305,51.080566136470004,49.010629786878,51.24344559105103,63.87573549036675,1.2679733287763781,1.2083579151990502,0.059615413577327914,54.701206943003264,47.459925329936745,14.176196860700923,0.02549336080491489,0.009994645726167484,0.013794338946566231,0.015249372084449542,0
2019-11-12,53.5401243029,53.7749494095,52.7886839618,52.9953300556,5118063,51.24541336129499,49.17613452200399,51.41029173053189,62.75976670495829,1.2527216302703792,1.217230658213316,0.035490972057063086,54.89938667309032,47.59144004949967,14.260684311525626,0.025323515136365295,-0.003004064322650213,0.008580622094028323,0.009663564780945322,1
2019-11-13,52.7041469234,53.9064514692,52.6102168808,53.6528403541,5712885,51.506538879824994,49.319096046898004,51.62386778991933,65.43742998971553,1.278947227842373,1.2295739721391277,0.049373255703245356,55.0636411946245,47.949436565025486,13.81223585261256,0.024440056669999217,0.01240694789163821,0.0194538640025832,0.023289143676541224,0
2019-11-14,53.6716263626,53.7279843882,53.079867094,53.5025522859,8305853,51.732910282579994,49.443271563264,51.802790122869865,64.29939121930452,1.2729306594985772,1.2382453096110178,0.03468534988755945,55.1916965882655,48.27412397689449,13.37170589009056,0.02446523045979231,-0.0028011204478294305,0.00653825764352578,0.018233821952188922,1
2019-11-15,56.6679947227,59.100782827,56.5646716758,58.2929844603,28391526,52.220407203865,49.66795222525,52.420903869291784,77.64503819248065,1.6358532291585846,1.3177668935205311,0.31808633563805344,56.413789797270695,48.02702461045931,16.06032131091972,0.030695489826928372,0.08953651685253261,0.09996455157731754,0.10762091736591772,1
2019-11-18,58.1333033878,59.241677891,57.6354741619,58.565381584,10413290,52.67643756087,49.887560664936,53.006092223073516,78.14532704685044,1.9232817568037817,1.4388698661771813,0.4844118906266004,57.49966421549793,47.85321090624207,18.312653163207838,0.030639445067742035,0.0046728971971836675,0.09156162464984208,0.10178476762729627,0
2019-11-19,58.5090235584,58.8659577204,57.1564309444,57.2409679828,9887589,53.097244151885,50.089510256606,53.40941372399985,69.9487478742211,2.0209060794294658,1.5552771088276383,0.4656289706018275,57.97117721891686,48.223311084853144,18.358516133492504,0.031090516776843453,-0.022614274258597633,0.06987359550481131,0.08011343495258338,0
2019-11-20,56.5847142841,56.9617571912,55.6986634524,56.2265235223,12045741,53.535427800785,50.245434127382005,53.67770989526653,64.37867372253125,1.993437758946115,1.6429092388513338,0.3505285200947812,57.84778255333441,49.22307304823559,16.110284085508614,0.03054345003518435,-0.01772234985272836,-0.035449564937052536,0.047969187674205216,0
2019-11-21,53.3892756463,55.095394801,52.4560944512,53.2007541928,13935308,53.609101786425,50.346666274212005,53.63228554265067,51.2657250625896,1.707827843291689,1.655892959739405,0.05193488355228393,57.84504438349573,49.37315918935427,15.803072448206418,0.027225322123997128,-0.05381391450068851,-0.09160065632809966,-0.005640816749961641,0
2019-11-22,53.3138670649,53.8605792802,52.258146925,52.7294505589,8627714,53.62868332651,50.436593747512,53.546301258483936,49.571994276311976,1.4270000942109675,1.6101143866337175,-0.18311429242275,57.84451083670075,49.41285581631925,15.72228609277364,0.02721577538007456,-0.008858965273161212,-0.0788162322002598,-0.09544088285939456,1
2019-11-25,53.370423501,55.067116583,53.3138670649,54.9351515655,11194841,53.700782940705004,50.57871322461,53.678572716294994,56.77029641572683,1.3666696007943244,1.561425429465839,-0.19475582867151453,57.95402954497815,49.44753633643186,15.840538522387904,0.028365977548750042,0.041830532714088875,-0.022967309303550065,-0.061985936406701025,0
2019-11-26,54.9257254928,55.067116583,53.8040228442,54.2659004054,10256637,53.80657997738,50.702187596118,53.73450868668595,54.240368850156884,1.2504399809209445,1.4992283397568602,-0.24878835883591566,58.00517445797127,49.60798549678872,15.606249207276665,0.027865692430840222,-0.012182566918051418,0.020021261517081168,-0.05197444561548936,1
2019-11-27,54.567534731,55.0388383649,54.4261436409,54.9445776382,5703005,53.960870032305,50.822515964694006,53.84975334873491,56.36405410153565,1.1992663545093762,1.4392359427073635,-0.2399695881979873,58.087999060709045,49.83374100390096,15.296747535513177,0.027888182328482506,0.012506513809406261,0.04200929567482703,-0.02279966470969108,0
2019-11-29,54.7560561846,54.9540037108,54.4072914955,54.5769608037,2905829,54.14139601575501,50.943194260076,53.919011201588724,54.878372806526365,1.1161806449731415,1.3746248831605192,-0.2584442381873777,58.03824450876192,50.24454752274809,14.395079476240106,0.027579503203133297,-0.006690684509774503,-0.006520247083926289,0.025868178595976454,0
2019-12-02,54.803186548,54.803186548,53.2384584835,53.4458320824,6161355,54.20900753756,51.05477590717,53.87394652357075,50.47018908418765,0.948132505660439,1.2893264076605033,-0.3411939020000643,58.0070613006194,50.4109537745006,14.012629766106041,0.027743740859663583,-0.02072538860066586,-0.015112037520313426,0.01358598498385244,0
2019-12-03,52.0130690354,52.7011723409,51.7962693638,52.1638861982,7762747,54.199371559184996,51.125689829760006,53.711083635440204,45.963912956462366,0.7034024398734431,1.1721416141030914,-0.4687391742296483,58.01710213800218,50.38164098036781,14.087730056605075,0.028309796203124203,-0.023985890653242525,-0.05060902384781896,-0.05044612216998767,1
2019-12-04,53.1724759748,53.2950149196,52.3995380152,52.8708416491,6564594,54.21850825036999,51.222014466484,53.63106058912209,48.68495124338152,0.5600416842446165,1.0497216281313966,-0.48967994388678004,58.005448380834466,50.43156811990552,13.969178616929689,0.02846473384560963,0.013552584027460624,-0.03126079447216734,-0.025707833941352454,0
2019-12-05,53.0970673933,53.2855888469,52.4560944512,52.6351898321,5292329,54.22868025198501,51.299160840302,53.53621575511999,47.8205238558656,0.4225413269485898,0.9242855678948353,-0.5017442409462455,57.99741743622124,50.45994306774878,13.899424314676281,0.028486122067080087,-0.0044571224828234834,-0.01516754850126012,-0.042031223195615475,1
2019-12-06,53.4929624458,54.1904918239,53.2384584835,53.3515713556,6033535,54.269035527214996,51.386501922714,53.51863057421332,50.687032048508584,0.3671450850505735,0.812857471325983,-0.44571238627540943,57.9816375991338,50.556433455296194,13.682211359945748,0.028634454262951775,0.013610315186193489,0.02276834116398696,-0.022452504317846178,0
2019-12-09,53.8417271349,53.9454139343,53.3044409922,53.3515713556,4750359,54.30516395053,51.52494094832,53.50272017244062,50.687032048508584,0.3195594814546894,0.7141978733517242,-0.39463839189703487,57.966939446527135,50.64338845453287,13.485920047430023,0.028635337023081266,0.0,0.009092529861555176,-0.001763668430770693,1
2019-12-10,53.8888574983,53.8888574983,53.2196063381,53.370423501,6330163,54.315934569175,51.654927592826006,53.49012048944628,50.76957364047916,0.28013948474959705,0.6273861956312988,-0.3472467108817018,57.965361016822605,50.66650812152739,13.43777466628993,0.028558107321924465,0.00035335689129656345,0.013968481376153585,0.023129743405537084,1
2019-12-11,53.5589449545,55.7363677431,53.4458320824,55.651533089,8840937,54.448744720845,51.828282108067995,53.695969308451396,59.58468361267818,0.4280312552085661,0.5875152075467523,-0.15948395233818624,58.089585925322375,50.807903516367624,13.373462411828665,0.03004887575313737,0.04274108089019113,0.04310954063696171,0.052594045284076296,1
2019-12-12,55.6326809436,57.0088875546,55.6232548709,56.8957746824,9285907,54.61089143726,52.03704161995401,54.00071267739888,63.43104379858356,0.6382787665207772,0.5976679193415574,0.04061084717921981,58.38202612326532,50.83975675125468,13.810925208345317,0.030296492911836784,0.022357723576279076,0.0664310954063021,0.08094555873913944,0
2019-12-13,56.5658621387,57.3199479529,56.3490624671,56.4338971212,6172672,54.757458679025,52.23318209908201,54.23244452918946,61.10618814872036,0.7588838344158688,0.6299111023564197,0.12897273205944915,58.572496792125065,50.942420565924934,13.93431399168065,0.0303766712362764,-0.00811795891308742,0.057400211938408274,0.05777385159015491,1
2019-12-16,57.4990433338,57.9043644589,56.4904535573,56.5187317753,6430827,54.668746044775006,52.407724620718,54.45018617167618,61.38613047824206,0.8514941724451717,0.6742277163741701,0.17726645607100155,58.224510962823466,51.112981126726545,13.008401235822035,0.02256664923217875,0.0015032570569741832,0.015582655825727931,0.05936395759724067,1
2019-12-17,56.9806093365,57.404782607,56.7732357376,57.3010958076,7848028,54.605531755955006,52.60223520496001,54.721701375097496,63.962249939528974,0.9767592982932527,0.7347340327579867,0.24202526553526604,57.918623864067726,51.292439647842286,12.134639116489918,0.022786508580989167,0.013842561708752088,0.007123923128959042,0.07364888731914143,0
2019-12-18,57.3293740256,57.8855123136,56.9052007551,56.9146268278,6529503,54.589214698205,52.81418966103401,54.93055141821202,61.769996801951706,1.0329408965287286,0.794375405512135,0.23856549101659352,57.853076447782435,51.32535294862756,11.957899624025034,0.022258693736647284,-0.006744530350652367,0.008518456656777751,0.022696476964614964,1
2019-12-19,57.0937222087,57.2162611535,56.4433231939,57.1879829354,6764975,54.637287668860004,53.002868646212,55.145544896039446,62.74269307573178,1.086992597216586,0.8528988438530253,0.23409375336356064,58.02227108261009,51.25230425510992,12.39074470264864,0.021884159380287285,0.004802914871550712,0.011841227484734151,0.005135851557187543,1
2019-12-20,57.69699086,58.4227984562,57.2162611535,58.2625552207,15663075,54.89037772025499,53.209845455646,55.442403022197595,66.36553194212502,1.2026742817997658,0.9228539314423735,0.2798203503573923,58.55339310294441,51.227362337565566,13.346657592183925,0.01797177042157879,0.018790176364741562,0.016779075505437113,0.032403541006085224,0
2019-12-23,58.3945202382,58.4416506016,57.5273215518,57.5744519152,5842104,55.132627788069996,53.38915855266,55.64545529772163,62.19496156047086,1.2247109586635148,0.9832253368866017,0.24148562177691302,58.83261034611693,51.43264523002306,13.422115747029794,0.01810067699426666,-0.01181038666933587,0.011593242794973646,0.018679119412962075,1
2019-12-24,57.8478080229,57.989199113,57.4424868977,57.9703469677,1624148,55.28438755817999,53.572820209104,55.86687355200529,63.61181328483089,1.2596007130021931,1.03850041210972,0.221100300892473,59.18316653054405,51.38560858581594,14.104448451241582,0.01586149855605263,0.006876227898497511,0.013680567002752442,0.01167955255772335,0
2019-12-26,58.0740337671,58.1400162759,57.5367476245,57.7912515868,2960848,55.46065511725,53.73467752965799,56.050147650557165,62.47118675332647,1.258294755526201,1.0824592807930165,0.1758354747331845,59.476325260743906,51.44498497375609,14.48114933011279,0.015536082597264219,-0.0030894308947260196,-0.008089305937830749,0.015402451142345175,0
2019-12-27,58.0551816218,58.1400162759,57.3388000983,57.6592865693,3315350,55.596390563804995,53.919256661374,56.20339897615172,61.594774021458655,1.2324049041928689,1.112448405472987,0.11995649871988179,59.715302934207486,51.477478193402504,14.817193449547542,0.015424677555398674,-0.0022834774101023747,0.0014734774066968992,0.008241305423071,0
2019-12-30,57.8289558775,57.8572340956,56.7355314469,57.4330608251,3566742,55.739195564875004,54.08841539326,56.320509628432504,60.0397549420301,1.1800298341899023,1.12596469121637,0.054065142973532154,59.904611530216265,51.573779599533744,14.946092863838057,0.015349879489450107,-0.00392349190668706,-0.009268292682453105,-0.01423717844948369,1
2019-12-31,57.1974090081,57.5744519152,56.6506967928,57.5367476245,3878974,55.94374134197999,54.26828942505799,56.436341818534174,60.53157672466803,1.13381891337972,1.1275355356490402,0.006283377730679884,60.039796728990325,51.84768595496965,14.643480356351043,0.014336227696365108,0.0018053504011523724,-0.00440384929054094,-0.0006548788472278133,1
2020-01-02,58.4416506016,59.0543453256,58.1588684212,58.6301720551,6289207,56.267055634825,54.451997377282,56.64527803154044,65.37174256103644,1.171917503637502,1.1364119292467325,0.03550557439076951,60.13299177233581,52.40111949731419,13.741384168387475,0.01312386025699698,0.019003931847798805,0.016838319437634697,0.011382113820495698,0
2020-01-03,57.2068350808,58.1871466393,57.084296136,57.69699086,5416193,56.50836309537,54.629440471232,56.7454411580604,58.74989130671304,1.1139698365250723,1.1319235107024006,-0.017953674177328294,60.08811645552288,52.92860973521712,12.669817931591032,0.013858014375950528,-0.015916398714010294,0.0045954373858594355,-0.0016310552931775302,0
2020-01-06,56.4150449759,56.9900354092,55.8966109786,56.4527492666,8588868,56.699241067095,54.809238445678005,56.71756573982608,51.28980537133364,0.9566186900372813,1.0968625465693767,-0.14024385653209537,59.808778150535986,53.58970398365402,10.968531588496273,0.014924811576917876,-0.021565103740316616,-0.01884010484872134,-0.02092529017420075,1
2020-01-07,56.8109400283,58.5359113283,56.6884010835,58.0834598398,8002207,56.935835491305,54.936362152874,56.84765089220455,58.69297261718473,0.9525214136991238,1.0679943199953261,-0.11547290629620233,59.6903131204963,54.1813578621137,9.675725684615454,0.015827044932842357,0.028886291533808395,-0.009324758842361947,0.01132447070304421,0
2020-01-08,58.1588684212,58.6301720551,57.7346951507,58.0457555491,4364451,57.170544700979995,55.05052086871199,56.96175609762316,58.471692733759106,0.9354486023390365,1.0414851764640682,-0.10603657412503176,59.41638262597131,54.92470677598868,7.856625948686531,0.015837152766792217,-0.0006491398894623579,0.0060447639279190835,0.008846657929327595,1
2020-01-09,58.6301720551,59.2428667792,57.69699086,58.4133723835,5713547,57.422692145104996,55.14892513075,57.10000526770667,60.05304563896294,0.940737644589241,1.0213356700891028,-0.08059802549986173,58.90937118033568,55.93601310987431,5.1780192801615925,0.015814295303805667,0.0063332250725729455,0.03473033895374855,-0.0036977491963737785,0
2020-01-10,58.9412324535,59.1109017617,57.6875647874,57.9420687497,4456534,57.53721892814,55.264767312306006,57.18020178980127,57.05349035592328,0.8965639531192906,0.9963813266951405,-0.09981737357584985,58.795908146629095,56.278529709650904,4.3752174399013315,0.013244056606055953,-0.008068420201897575,-0.0024342745850535197,0.0042476719504258575,1
2020-01-13,57.9514948223,58.3945202382,57.8195298048,58.2625552207,4072909,57.605557955055,55.392842885926,57.28328306893448,58.568939876975854,0.8773035548893375,0.9725657723339799,-0.09526221744464236,58.865934907289656,56.34518100282034,4.375886622669394,0.012396927711987436,0.005531153407456912,0.0037349788894833758,0.032058774419526204,1
2020-01-14,58.5264852557,59.9026918666,58.517059183,58.7715631453,8003042,57.72244125625999,55.548945326138,57.42502402858834,60.92717928280554,0.8928203587526085,0.9566166896177056,-0.06379633086509717,58.95988177448289,56.485000738037094,4.287554342094624,0.012298328469500713,0.008736450412651253,0.006131999355359685,0.011846802986562155,0
2020-01-15,58.7244327819,58.7904152906,57.8289558775,58.3756680928,6314386,57.81528807213499,55.674586655068,57.51556155851326,58.154586842889685,0.8632214361240926,0.9379376389189831,-0.07471620279489044,58.95209705712407,56.67847908714591,3.9325549448813844,0.012456464204378273,-0.006736166800961785,0.007483325198019308,0.005683663526800498,1
2020-01-16,58.9977888896,59.6010575409,58.8846760174,59.5822053956,5733795,57.929343551535,55.819098647666,57.71238478109295,63.59227030832442,0.9264421056712706,0.9356385322694406,-0.009196426598169993,59.27538243932313,56.583304663746866,4.647174662321772,0.012892798035845416,0.020668496690812388,0.022650056625582726,0.020009682105431192,0
2020-01-17,60.1289176109,60.1477697562,58.9412324535,59.2428667792,6327840,58.045755549105,55.95419382674199,57.85814497138886,61.184128509831496,0.9383464773054229,0.9361801212766371,0.0021663560287857875,59.422981864117396,56.66852923409261,4.745312734700474,0.012857290447144992,-0.005695301376425044,0.008019246191135032,0.02244997559750983,1
2020-01-21,59.1391799797,60.2231783376,59.0543453256,59.5727793229,5401331,58.16499536847999,56.097014417204,58.021443481056586,62.66443184426272,0.9632976668033422,0.9416036303819781,0.021694036421364027,59.63437800566028,56.695612731299704,5.052463695291745,0.01286694918574275,0.005568814637711528,0.02050702406004068,0.022488270506448416,1
2020-01-22,60.0440829568,60.8924294978,59.9686743754,60.2231783376,5598714,58.26302652432501,56.250588666936004,58.2311325150131,65.46094911035958,1.0237522504395642,0.9580333543934954,0.06571889604606884,59.985224174510314,56.5408288741397,5.9118029148941815,0.012443694306271229,0.01091772151798831,0.01075779148731093,0.024699278266790303,0
2020-01-23,60.4494040819,60.5719430267,59.5067968141,60.2231783376,6540695,58.395462845445,56.402472175902005,58.420851164783286,65.46094911035958,1.0594502604059528,0.978316735595987,0.08113352480996583,60.284753521187454,56.50617216970255,6.470676260389709,0.012041054773074676,0.0,0.016547334923099566,0.03164863555587938,0
2020-01-24,61.0809509513,61.2034898961,58.0740337671,58.4416506016,8007737,58.41902802714001,56.50820496537201,58.422832063527736,52.878716125028845,0.9332291068194394,0.9692992098406775,-0.03607010302123814,60.29825125660362,56.539804797676396,6.433599780504984,0.013927027135826673,-0.029582094223142397,-0.01898734177180117,-0.019142540737242086,0
2020-01-27,56.5093057026,56.9806093365,55.4441594901,55.6609591617,9350583,58.312513405885,56.561517547494006,58.159796549067956,39.96614830042777,0.6018812607203827,0.8958156200166186,-0.2939343592962359,60.532573452254,56.092453359516,7.614352106266602,0.01759921410674419,-0.04758064516103644,-0.07575520425582727,-0.060461416069716556,1
2020-01-28,56.3302103218,56.8863486098,55.5384202168,56.7355314469,6228135,58.266325649764994,56.623171369350004,58.02415225362339,45.50426087612594,0.42114006774453827,0.8008805095622026,-0.3797404418176643,60.57547413654712,55.957177162982866,7.926185360176187,0.018214644939438883,0.019305673157343106,-0.05791203631181496,-0.04762658227881855,0
2020-01-29,56.6224185748,57.1785568628,56.0757063595,56.3867667578,6532570,58.2140109464,56.680855658788005,57.86821077783068,44.082859011593825,0.24691271835953188,0.6900869513216685,-0.44317423296213665,60.64071688106198,55.78730501173803,8.33718857440124,0.018242457284088444,-0.006147200532111263,-0.03516129032371562,-0.06370323994349458,1
2020-01-30,58.0080512584,58.4699288196,56.0097238507,56.792087883,9656093,58.17677795932499,56.650837727242,57.765722883084905,46.186667106369946,0.13992929827772116,0.5800554207128791,-0.4401261224351579,60.66595300946209,55.68760290918788,8.557280541997166,0.018321820956593175,0.007188231361819231,0.02032176121891771,-0.05697292220888672,0
2020-01-31,56.3867667578,56.4150449759,54.2281961146,54.6617954578,10132161,57.97835912946,56.572766004718,57.47011074734348,38.077838543263496,-0.11542211374850808,0.4409599138206017,-0.5563820275691098,60.88841401863885,55.06830424028116,10.038417550524246,0.019478587376882496,-0.03751037344477837,-0.036550922080299086,-0.06467741935571758,1
2020-02-03,55.3121944726,56.792087883,55.2933423272,56.2925060311,7850022,57.90813488801499,56.55379676568399,57.35795791722505,45.906837177087624,-0.18408323568530705,0.31595128391941996,-0.500034519604727,60.908348246249,54.907921529780985,10.361975442779968,0.020576285796017765,0.029832729782155454,-0.0016716817104425186,0.011346316680697077,1
2020-02-04,57.8855123136,59.9969525934,57.6875647874,59.393683942,12322095,58.055181621784996,56.617139974078,57.551836586251234,57.03267865733356,0.011607664358344039,0.2550825600072048,-0.24347489564886077,61.043915628723546,55.066447614846446,10.296183470441642,0.02348351241239208,0.05509042196818692,0.0458091286300244,0.04685163648441071,1
2020-02-05,60.3080129917,60.7416123349,59.2617189245,60.1383436835,8252083,58.15792581397001,56.755891763891995,57.79817059551302,59.20257563621566,0.22419752081580668,0.2489055521689252,-0.024708031353118526,61.281714922035874,55.034136705904146,10.742436441278668,0.022802519348237536,0.012537692429167802,0.10018968787675497,0.06653293212952383,0
2020-02-06,60.3457172825,60.4776822999,59.4313882327,59.5633532502,4870591,58.233805699025005,56.892569817718005,57.96628322929273,56.8166131866251,0.34233338494725274,0.26759111872459074,0.074742266222662,61.416187854876895,55.051423543173115,10.929672610784467,0.022943388999118172,-0.009561128526021423,0.05810448760787024,0.04879668049727659,0
2020-02-07,59.2334407065,59.365405724,58.0928859125,58.1682944939,6093168,58.221551804545,56.957232676286,57.985522397350564,51.40366746369226,0.3197020001038311,0.2780132950004388,0.04168870510339229,61.40296109272682,55.04014251636318,10.928631029492639,0.023572397869070064,-0.02342142744113085,-0.02063164577056098,0.06414899120551376,1
2020-02-10,57.5744519152,59.3465535786,57.5744519152,59.3088492879,5121109,58.289890831455,57.058091653935996,58.11155352978385,55.16453747439666,0.38931195850737765,0.30027302770182657,0.08903893080555109,61.50291202285826,55.07686964005173,11.024282754941858,0.02388084020294503,0.019607843137288583,-0.013793103447702348,0.05358338914834526,1
2020-02-11,59.94982223,60.9866902245,59.7047443404,60.7510384076,6203824,58.41431499080001,57.174220869323996,58.362933041956815,59.439024141077944,0.5544594971926955,0.3511103216000004,0.2033491755926951,61.80147895522238,55.02715102637764,11.597033928946471,0.02441380607323287,0.02431659249868856,0.01993986390274305,0.022853515315290007,1
2020-02-12,61.2034898961,61.910445347,60.9112816431,61.6182370939,11592173,58.556648688230005,57.315046395128,58.67296199928474,61.79751913694278,0.7467082104863962,0.4302298993772796,0.3164783111091166,62.21989073810236,54.89340663835765,12.51178860790464,0.02452090847709678,0.01427463149652941,0.059309674282469915,0.02460815047033016,1
2020-02-13,62.9190351235,65.4546486738,62.1649493092,63.5034516295,21742726,58.813037865065006,57.51619878607,59.13300863073381,66.37489954235815,1.039208410801571,0.5520256016621379,0.487182809139433,63.060863396878624,54.56521233325139,14.44518319750604,0.02518049778534508,0.030595074194140315,0.07072472981625966,0.06614970723272307,0
2020-02-14,63.5882862836,64.0030334814,62.7305136699,63.0132958502,8103993,58.984592387795,57.733186979109995,59.5025597944925,64.22035166071107,1.2174316575909288,0.6851068128478961,0.5323248447430327,63.60372733083178,54.36545744475821,15.662174666456007,0.02502191206808767,-0.007718569096995309,0.03723816912266953,0.0832928212603532,0
2020-02-18,60.738787117,62.4125790086,60.3794419651,61.6182370939,10218491,59.10336090353,57.908134888005996,59.70405287062655,58.40902503785026,1.2319046520647419,0.7944663806912653,0.4374382713734766,63.86296798143168,54.343753825628326,16.106045426656625,0.025589874727426222,-0.022139117427160793,0.0,0.03893833439238814,1
2020-02-19,62.8854015768,64.0580015461,62.6679031955,63.7459386511,8502634,59.312018869940005,58.130349864386,60.088994373528784,63.79078810387248,1.398936271647763,0.915360358882565,0.48357591276519796,64.48370542716523,54.14033231271478,17.43891594236828,0.026585905815476155,0.034530386741795205,0.0038184856945218115,0.049297926784496404,0
2020-02-20,63.3582241451,63.6891999429,61.6749758021,62.7908370632,7535934,59.440401806219995,58.319135178538,60.34631272492604,60.03538702616324,1.4376687669114077,1.0198220404883336,0.4178467264230741,64.81951009869029,54.0612935137497,18.099165311858336,0.026846739811175302,-0.014982940217219909,-0.003530346794251904,0.019030079804345457,0
2020-02-21,62.3274709463,62.5355128763,60.1714000351,60.7766129225,9660153,59.468073535464995,58.467636009875996,60.38729369612356,52.955125876222944,1.2909522005018772,1.0740480724910424,0.2169041280108348,64.86865566460285,54.067491406327136,18.162963109666272,0.02793581363374626,-0.03207831325249977,-0.013658686309338086,-0.042940007779565637,0
2020-02-24,57.8072871939,58.4881516921,57.1169662442,57.760004937,11223689,59.43399125223499,58.555427638595994,60.13707571906417,44.49218250421053,0.9206505248362831,1.0433685629600906,-0.12271803812380755,64.86855027620577,53.99943222826421,18.287713510293365,0.02940582621805062,-0.049634355065930835,-0.09390298175484957,-0.08336797563626142,0
2020-02-25,58.5543468517,58.8947791008,55.3013275822,55.660672734,9942547,59.43397693085001,58.55561043149601,59.710751625248534,39.733201564946704,0.4525682895331897,0.9252085082747106,-0.47264021874152085,64.86857572753881,53.9993781341612,18.287851755274026,0.028547340716369777,-0.036345776031179056,-0.11355421686803402,-0.09668508287280708,1
2020-02-26,56.3415372323,57.4573984934,56.0862130455,56.5590356137,10855351,59.425152139190004,58.548875650122,59.41058819557724,42.56437777239542,0.1523439954167003,0.7706356057031086,-0.6182916102864083,64.87779264472687,53.97251163365314,18.351288332473374,0.02844551775432906,0.016139993204775438,-0.0693947409372433,-0.11274291648187984,0
2020-02-27,54.0909018075,55.3202404849,53.3343856983,53.9017727802,15746188,59.30090244031,58.49823316330199,58.88593910839845,37.023998491325685,-0.29658596527189474,0.557191291508108,-0.8537772567800027,65.1253958341966,53.4764090464234,19.643860899922423,0.030330319835428506,-0.046982110014201606,-0.06679764243455744,-0.14156626505955028,1
2020-02-28,51.2445099466,55.0176340412,51.1404889816,54.960895333,14945271,59.20934281281001,58.467076434456004,58.51212541550336,40.35637180454396,-0.5604434121376372,0.33366435077895895,-0.8941077629165961,65.24254203673614,53.17614358888387,20.379213608230916,0.030651242976173707,0.019649122805642794,-0.012572205232664113,-0.09569005757059834,1
2020-03-02,55.5093695122,56.9183807656,53.9017727802,56.8900114115,10795212,59.320753610495004,58.458854746534,58.35763836750304,45.96492860821109,-0.606892910831462,0.14555289845687477,-0.7524458092883368,65.09047333096917,53.551033890020825,19.45261774103085,0.030422152810514563,0.035099793531596646,0.005851864237229609,-0.01506221348922876,0
2020-03-03,56.7103388355,58.043698478,54.4313340566,54.8852437221,14036618,59.25039049504501,58.418267084419995,58.0269341155599,41.58821867863078,-0.7962932977279635,-0.04281634078009289,-0.7534769569478706,65.19770540972314,53.30307558036689,20.075192298270135,0.030815548592840043,-0.03523936170268982,0.018245614034076096,-0.013931362554774451,1
2020-03-04,56.2091469132,57.3533775284,55.1027421035,57.2304436606,7925764,59.14222848097501,58.419116298924,57.95107788175419,47.844571025434604,-0.7485278701713511,-0.18395864665834455,-0.5645692235130066,65.15352526699472,53.130931694955294,20.328272844684705,0.02974049794738846,0.04272915230866858,0.0412938747421987,0.011870924594360899,0
2020-03-05,55.3769791931,57.1547920497,55.0932856521,55.9159969209,9842549,58.931111142845,58.372185132927996,57.75726064738713,44.939248462699034,-0.8074307324301628,-0.3086530638127082,-0.49877766861745465,65.08258835114863,52.779633934541366,20.876841074293917,0.029921922240557303,-0.022967614011437876,-0.017121010638488032,0.03736842105200466,0
2020-03-06,53.9017727802,55.3013275822,53.1925389278,54.648832438,8958735,58.685385102235,58.313672743384004,57.461219865540734,42.2741615535793,-0.9454625549733393,-0.4360149620448344,-0.5094475929285049,65.10307805694035,52.26769214752965,21.871520289166284,0.030210368203770245,-0.022661931337691454,-0.0043073742242454305,-0.0056779077762336705,0
2020-03-09,49.9395196582,52.3225454022,49.1735470977,49.2397422572,10305890,58.238957490400004,58.139060649174,56.67822199807971,33.218150679372584,-1.4743270166311078,-0.6436773729620892,-0.8306496436690186,65.86654882857395,50.611366152226054,26.19412045427244,0.036792433979898675,-0.098979062122447,-0.13962326503684186,-0.13447473404362054,1
2020-03-10,51.4430954253,53.1168873169,49.7125648255,53.1168873169,10107411,57.92935939185001,58.045573363776,56.339047266538785,42.69430693250748,-1.5625901426076396,-0.8274599268911993,-0.7351302157164403,65.85494659864189,50.003772185058125,27.362937515607744,0.041208172678432554,0.078740157481898,-0.05005919161129657,-0.032219159199760594,0
2020-03-11,51.3296180089,52.0010260558,48.6156164672,49.6369132146,12977850,57.37365313219999,57.885125896682005,55.70074878540176,37.54473154356981,-1.8915396410051173,-1.040275869713983,-0.8512637712911344,65.96086764048724,48.786438623912744,29.9343480482257,0.04274792900391302,-0.0655153996795439,-0.09171136874856578,-0.1326834104420499,0
2020-03-12,46.1285697582,47.6226890738,42.6485956559,42.6580521072,18043724,56.425643882864996,57.589625722324,54.45858719700159,29.78577125551392,-2.684425864658934,-1.3691058687029733,-1.3153199959559605,66.9066672569374,45.9446205087926,37.14985830141394,0.05142364356742984,-0.14059820918411314,-0.1336662185521006,-0.23710468459419543,1
2020-03-13,46.0245487932,48.4454003426,42.88500694,48.1238809962,15539265,55.65666535119999,57.40136838975799,53.855281844544294,40.207860331112585,-2.83902073404402,-1.6630888417711827,-1.1759318922728372,66.20423947726431,45.10909122513568,37.90228559152045,0.060065554279624025,0.1281312347611263,-0.09400035606211798,-0.11939781969180518,0
2020-03-16,41.6556682626,44.1616278743,38.2135199657,38.3269973821,13762985,54.422350427795,56.995304896298,52.37639761002579,31.253334214459855,-3.70930633899993,-2.0723323412169323,-1.6369739977829978,66.84799578521393,41.99670507037608,45.663758583542545,0.07373443757270408,-0.20357634112829748,-0.22785292436704851,-0.22162473593176257,1
2020-03-17,39.4901409,43.5658714383,37.6083070784,42.4216408231,16361231,53.462520614255006,56.68979789556,51.428325535080475,37.51670854480681,-4.022244514666227,-2.4623147759067914,-1.5599297387594353,66.46862759080504,40.45641363770497,48.655045916717015,0.07914754829381174,0.10683444362151717,-0.005542008423307654,-0.20135303542903826,0
2020-03-18,38.3648231876,39.4901409,34.6484378011,37.0503764478,18860659,52.127742504089994,56.301750439184,50.05899705057757,33.238663056343256,-4.6500633829225535,-2.899864497309944,-1.7501988856126096,66.08318037597202,38.17230463220797,53.54322746966097,0.08195141341826843,-0.1266161390998145,-0.23010414619873232,-0.2535721089742915,1
2020-03-19,36.5775538796,39.7832908923,34.8564797312,38.0054780357,13066570,50.888474552714996,55.90019080310199,48.91104285868447,34.6653283714319,-5.012761647246194,-3.3224439272971944,-1.6903177199489994,65.23275772066953,36.54419138476046,56.375371020781515,0.08267651864684727,0.025778458398274084,-0.008388847766878649,-0.10906672578035315,0
2020-03-20,39.2348167131,40.9086086047,35.7453861595,35.9250587354,13967138,49.64589684336,55.457776866828,47.67428246599071,33.01056454050736,-5.405760839577859,-3.7391073097533276,-1.666653529824531,64.63950110143256,34.65229258528745,60.40218914920421,0.0829852141456376,-0.05473998507125166,-0.15314311190345076,-0.25348791511148605,1
2020-03-23,36.5397280741,39.28209897,35.8588635758,37.986565133,15138428,48.65722485316,55.049240721817995,46.75164271999159,36.25760410718538,-5.487611424763315,-4.088808132755325,-1.3988032920079903,63.98427716553414,33.33017254078587,63.00010885794993,0.08458097972978366,0.05738352198067864,0.025267993876364248,-0.008882309399457222,1
2020-03-24,41.8353408385,43.7266311115,40.6911102233,42.6864214613,16338454,48.008512289525,54.74412777605,46.364478790592386,43.0365494189956,-5.114285179847506,-4.293903542173762,-0.8203816376737443,63.19257178658647,32.82445279246353,63.25569684597156,0.09006799117592297,0.12372417226576515,0.12316496640834274,0.006241640659401915,0
2020-03-25,42.4878359827,45.5990084817,41.3908876243,42.2987069554,11550731,47.29549585661,54.424850810744005,45.977262425335965,42.63374026332252,-4.794439447921469,-4.394010723323304,-0.40042872459816525,62.14205029335199,32.448941419868014,62.782107123915644,0.08987112079512821,-0.009082853343691633,0.1774151092401557,0.14165390505530584,1
2020-03-26,43.7171746601,46.7054132914,42.8755504886,46.5257407155,11869403,46.926694253375004,54.179934362148,46.029498452970635,48.313705029147144,-4.1520113016133635,-4.345610838981316,0.19359953736795266,61.46168808860486,32.39170041814515,61.947657155434456,0.09268750898685238,0.09993293091812494,0.22479462285158758,0.22418512067646112,0
2020-03-27,45.1072730108,45.5139004195,42.4027279204,42.6013133991,10624183,46.308715156679995,53.864447268274006,45.70300463831629,43.96170498400965,-3.9144277671917607,-4.259374224623405,0.34494645743164476,60.471008743655865,32.146421569704124,61.16470102467514,0.09424826416766655,-0.08434959349486681,-0.001993797073787551,0.18583837852215734,1
2020-03-30,42.9322891968,44.9276004348,42.8660940373,44.7290149562,7839167,45.700665333915005,53.567383459486,45.61024371620997,46.76172801248079,-3.513946779631901,-4.1102887356251046,0.5963419559932035,59.01223871026933,32.38909195756068,58.25549050147263,0.0946655587274308,0.04994450610400536,0.05745584618845512,0.17749564351483427,0
2020-03-31,44.6060810884,44.7101020534,42.6958779127,43.3294601542,11068717,45.122876155520004,53.249115326986,45.39302623411378,45.16318213553645,-3.271780043901167,-3.9425869972803174,0.6708069533791505,57.77656538761757,32.469186923422434,56.08547286961719,0.09460887141701921,-0.03128964059169381,-0.06869918699080835,0.015064244574424901,0
2020-04-01,41.4476263325,43.6698924033,40.501981196,40.9464344102,10665913,44.308675693,52.876588428732,44.969541298502946,42.49915665725765,-3.234861947976505,-3.8010419874195547,0.5661800394430498,55.78186428912388,32.835487096876115,51.7875491274791,0.09440925914828445,-0.0549978175476763,-0.038845726970825334,-0.03196959535018051,0
2020-04-02,40.189918301,42.0433827685,39.8400296005,40.889695702,8764565,43.557360632054994,52.48991877602,44.58098457502648,42.43497466700867,-3.173599154980529,-3.6755534209317497,0.5019542659512206,53.792987769522234,33.321733494587754,46.99838093465459,0.0944035928578042,-0.0013856812935552076,-0.08583509513812404,-0.12113821138203529,0
2020-04-03,41.097737632,41.2490408539,39.3199247754,39.981876371,9488550,42.824012828704994,52.08509273668799,44.1429742698811,41.358745177569084,-3.161853504194731,-3.572813437584346,0.410959933389615,51.80006625269586,33.847959404714125,41.92065540375613,0.09440069902967368,-0.02220166512404731,-0.07725883893514218,-0.06148723640420295,1
2020-04-06,42.4027279204,43.9252165901,42.2135988931,43.6415230492,12046450,42.544101868305,51.78909018564,44.09521701076862,47.17501732480328,-2.824680925925577,-3.4231869352525925,0.5985060093270156,51.03865790493936,34.049545831670635,39.932943292253334,0.09468251150809584,0.09153263954501267,0.06581986143166207,-0.02431289640661427,1
2020-04-07,45.3909665517,46.3082423341,43.7833698197,44.9748826917,11962593,42.137001637045,51.575368656239995,44.17899469466685,49.15377674503944,-2.421959408211279,-3.2229414298443304,0.8009820216330512,49.23062839070395,35.04337488338606,33.66934750014362,0.09313042131221827,0.030552546046498374,0.09990749306310409,0.03797468354427469,1
2020-04-08,45.9867229877,48.8142019458,45.8827020227,48.662898724,14428958,42.088300912515,51.413916001782,44.606033173650964,54.25767538955026,-1.7846354654515082,-2.935280236965766,1.1506447715142576,48.98596611906307,35.19063570596693,32.77711410059341,0.09384316755445678,0.08200168208511216,0.21712393566642607,0.18845265588931936,0
2020-04-09,49.1735470977,49.8733244987,46.0340052445,46.8945423187,11659104,42.300125423089995,51.224071513,44.82398642556039,51.5839335001785,-1.4060353321969714,-2.629431256012007,1.2233959238150356,49.50799437407953,35.09225647210046,34.07965758444319,0.08814912933771865,-0.03633890400425055,0.07453954496117499,0.14685476410640774,1
2020-04-13,46.6203052292,47.2538874706,45.7408552522,47.1687794083,5750047,42.252370343695,51.03160534350601,45.04730004296416,51.979144717597194,-1.0715116385143872,-2.317847332512483,1.2463356939980956,49.316489903461886,35.18825078392811,33.43774326649587,0.08353945956102381,0.005847953216735924,0.04878048780335953,0.17975402081211134,1
2020-04-14,48.6156164672,49.9678890123,48.3035535721,49.6180003118,8025517,42.81692049018,50.930729440586,45.48260483047234,55.47482604258081,-0.6018300213782979,-1.974643870285646,1.372813848907348,50.32662807909327,35.30721290126674,35.07822376266226,0.06857036408013086,0.051924619085416346,0.019626894674257267,0.13694474539447943,0
2020-04-15,48.5210519535,48.5210519535,47.0458455406,47.6321455252,7206676,43.077445725284996,50.757522230468005,45.68732299187498,52.15940430653894,-0.3854031530787623,-1.6567957268442695,1.2713925737655072,50.87040688924641,35.28448456132358,36.18116642132851,0.0660609874637774,-0.040022870210828176,0.01572897761720715,0.05908326324529556,1
2020-04-16,49.0506132299,49.7125648255,48.0387729339,49.3910454791,8878072,43.69447917685,50.557469461210005,46.04005846684879,54.73952640364727,-0.07113477671440904,-1.3396635368182974,1.2685287601038884,51.434926072008196,35.95403228169181,35.429862266257196,0.05818945916350956,0.03692674210884417,0.047113071372140825,0.01496307811891362,1
2020-04-17,50.7244051215,50.970272857,49.4288712845,50.3083212615,9367590,44.309621338140005,50.360869012769996,46.446559685387,56.07012517690251,0.24907053529201306,-1.0219167223962353,1.2709872576882484,52.09913693602634,36.52010574025367,35.159477163852095,0.05814839032570929,0.01857170208693293,0.013912712027127405,0.07279693486716687,0
2020-04-20,49.2681116113,49.6369132146,47.859100358,47.8780132607,7041189,44.907269064405,50.12716221297999,46.58288859732157,51.730789899759024,0.30323450862021417,-0.7568864761929455,1.0601209848131596,51.81627248064535,37.99826564816465,30.770089387228666,0.05775479563998245,-0.04830827067688037,0.005161802660556658,0.015036086608490873,0
2020-04-21,47.187692311,47.3295390815,45.5895520304,45.7030294468,9359637,45.293092280094996,49.877856912038006,46.49909248774809,48.14009872722251,0.16871202383837414,-0.5717667761866816,0.7404788000250557,51.43200980084444,39.15417475934555,27.10752219250582,0.05845048338001212,-0.04542761208693058,-0.07466973003964039,-0.07890222984397366,1
2020-04-22,47.3768213383,49.5801745064,47.1025842488,49.2775680627,7790213,45.622649610165,49.677231287534,46.76370920917208,53.81407176488432,0.3465426501484643,-0.3881048909196524,0.7346475410681167,51.87310072126689,39.37219849906311,27.400649302530866,0.0545839662252694,0.07821229050168088,-0.020488721804931553,0.03454437164980262,0
2020-04-23,48.9371358136,49.3815890277,47.8401874552,48.1333374475,9048275,45.91438113477,49.424877268332004,46.89414999377473,51.85815270763069,0.39064177951906487,-0.23235555683190898,0.6229973363509739,52.06081926521243,39.76794300432756,26.77347697402749,0.054915572260574363,-0.023220111303871582,0.005332806635265586,-0.02546429255343885,1
2020-04-24,48.4359438912,49.0600696813,47.2255181165,48.9276793622,7665048,46.034478067105,49.171066113698,47.087819457434286,53.13169357100922,0.48410692786789156,-0.08906305989194886,0.5731699877598404,52.316376644193625,39.75257949001637,27.292146412223588,0.050551596778355704,0.016502946955764486,0.0705565901086187,-0.027443609022918758,0
2020-04-27,49.6463696659,49.854411596,47.8969261634,48.2562713153,6587434,46.317225962915,48.866122507414005,47.19910058675483,51.882373505142986,0.49825810385437563,0.02840117285731604,0.4698569309970596,52.463152529552914,40.17129939627709,26.538405264420607,0.04636914711867423,-0.013722458445857066,-0.020725388600762895,0.007900454276169588,0
2020-04-28,49.0884390354,49.2870245141,47.5281245602,47.679427782,7759524,46.464746604205,48.55944514605,47.244846033921036,50.77766187744844,0.4576510441633985,0.11425114711853254,0.34339989704486595,52.592715266240795,40.3367779421692,26.37685174196656,0.04542598774172376,-0.011953752695291753,-0.009430255402403498,0.043244361678487664,1
2020-04-29,49.0127874245,51.6795067094,48.6250729185,51.3863567171,8946250,46.86759143235,48.354807538514,47.639275622795225,57.09936028540055,0.7163304304629037,0.2346670037874068,0.4816634266754969,53.17483402294323,40.56034884175676,26.915155645227834,0.04744567507383215,0.07774692582404374,0.05025125628172544,0.0427940894265888,0
2020-04-30,50.5447325456,50.9513599543,46.9418245756,46.979650381,14456993,47.16925223089,48.019481773112005,47.57645417119568,49.036716883144884,0.5593040261885776,0.29959440826764094,0.2597096179209366,52.86203744486861,41.47646701691139,24.137695404255496,0.05007580645509022,-0.08575634891495565,-0.026455026455706188,-0.023968565814875165,0
2020-05-01,45.4666181626,45.7313988008,43.8495649792,44.3413004502,13583130,47.3418324683,47.650491040852,47.26834429300562,44.944784213453275,0.21943714487065336,0.2835629555882434,-0.06412581071759005,52.441005337892875,42.24265959870712,21.54193280544125,0.052078176576090804,-0.0561594202894925,-0.07001190003920743,-0.09373792037116913,1
2020-05-04,44.0292375552,45.0505343026,43.7077182087,44.9937955944,7798029,47.59242842947,47.33483469429,47.05172060742413,46.14176931934902,0.0027098602429802554,0.22739233651919077,-0.22468247627621052,51.59483211880163,43.59002474013837,16.819497644517238,0.051703680014374385,0.014715291107278539,-0.1244019138755702,-0.06760728982940722,1
2020-05-05,46.175852015,47.9914906771,45.8921584741,46.1947649177,8220563,47.720090522895,47.103529893904,46.97010577983136,48.36691114702972,-0.07131777981737031,0.16765031325187857,-0.23896809306924888,51.35640828206323,44.08377276372677,15.240196400816162,0.04803914836274669,0.026691887346562915,-0.0167069243158402,-0.031138437128234386,1
2020-05-06,47.2728003733,48.379205183,46.8472600619,47.7550793929,8594562,47.859100357955,46.945418027082,47.044865171552175,51.18849352088523,-0.004034374095787996,0.13331337578234528,-0.13734774987813328,51.27062839471252,44.447572321197484,14.25654895826082,0.048138469074507015,0.033776867962848955,0.07698869694933808,-0.07066617593053859,1
2020-05-07,48.662898724,48.9844180704,48.1427938989,48.4643132453,6645646,47.84917108402,46.783523579714,47.1800507023853,52.46019171786823,0.1053035801407276,0.12771141665402175,-0.022407836513294144,51.252429426962756,44.445912741077244,14.224941690073829,0.04463327665422135,0.014851485149147248,0.07713324926363718,0.031602254428450216,1
2020-05-08,49.5612616036,50.9608164057,49.4005019304,50.8851647947,8089548,48.04870220782,46.72319142000401,47.532918711177174,56.61512085499123,0.38288354161559823,0.17874584164633706,0.20413769996926118,51.66589794729725,44.43150646834275,15.0563722775786,0.045028966849885346,0.04995121951170489,0.10153531217999179,0.14757944124461253,1
2020-05-11,51.1877712384,51.4525518766,50.4690809347,51.074293822,8211460,48.243977928505004,46.645459389784,47.87019253125554,56.93181315017736,0.6110845900586952,0.2652135913288087,0.3458709987298865,52.06596205796872,44.42199379904129,15.844398797825882,0.045029519368609744,0.0037167812674490097,0.06950495049524474,0.13514081546738388,0
2020-05-12,51.4430954253,51.6227680012,49.46669709,49.4856099927,7479010,48.237358412549995,46.49737136140799,48.02404181329787,53.40528532674579,0.6561780451618802,0.343406482095423,0.31277156306645715,52.05024838585304,44.42446843924695,15.808867229806836,0.04429228167943951,-0.031105350860782477,0.021073170731435997,0.07123848515871711,0
2020-05-13,49.6463696659,49.9868019151,47.6605148793,48.6912680781,8696554,48.290314540195,46.373491848528005,48.08758717185045,51.68150415777934,0.6206635561702214,0.3988578969103827,0.2218056592598387,52.09752648751121,44.48310259287879,15.768014698463956,0.04344573096953593,-0.01605197783188239,-0.04311466270083708,0.019603960397544418,1
2020-05-14,47.9914906771,51.6795067094,46.9607374783,51.4714647794,15838955,48.39433550521,46.258312270904,48.40986122971231,56.922363321378455,0.8075477981617141,0.480595877160649,0.32695192100106507,52.4233804312493,44.365290579170704,16.650894713103526,0.04452013203530034,0.057098465721628244,0.0077763377166639724,0.062048780488840105,0
2020-05-15,50.270495456,50.5636454483,48.3886616344,49.2113729031,20755933,48.33948808729,46.124219790548004,48.48619567479685,51.98596239465365,0.7644720227161628,0.5373711062717518,0.227100916444411,52.29195716191753,44.38701901266247,16.352962064845535,0.04555069732015438,-0.04390960867320293,-0.0055417542522049335,-0.03289351421682607,1
2020-05-18,50.6203841565,51.6795067094,49.5612616036,51.4052696198,11300624,48.515850905244996,46.059348534184004,48.76420271717811,55.97696700736361,0.8970229678136263,0.6093014785801267,0.2877214892334996,52.67935998888581,44.352341821604185,17.163500200264235,0.045111938840058444,0.044581091468834044,0.055738978441612685,0.006480281429900758,1
2020-05-19,51.5376599389,53.9017727802,51.0932067248,52.4549357213,10535645,48.85344621897,46.123652403466004,49.11570109852305,57.78497653093621,1.074384987393536,0.7023181803428087,0.37206680705072737,53.14294624022662,44.56394619771338,17.56068549199295,0.0436535263838176,0.020419426048408296,0.019107110048548703,0.06000382189970033,1
2020-05-20,53.6356022697,55.2114447435,53.4647277846,53.9963372938,9824053,49.089384680525,46.141241403004,49.58052359331133,60.35956864252855,1.324060940284987,0.8266667323312444,0.49739420795374256,53.929945852088096,44.248823508961905,19.721417178339447,0.040780341297739615,0.029385253290361124,0.09723289777185995,0.10895319479440868,0
2020-05-21,53.958365186,54.0343094016,52.0692528229,52.230634281,7467173,49.2942495222,46.193115824332,49.83291508737692,56.13609180561077,1.3637331879362975,0.934080023452255,0.42965316448404245,54.29963048575993,44.28886855864007,20.308173923231035,0.041183356122342404,-0.032700421941447955,0.01605603214037199,0.01474932770718107,0
2020-05-22,52.230634281,52.3730296853,50.9965407775,51.6325735832,7121020,49.42949423325,46.372606253852,50.00431113459817,54.73897430370973,1.3315657686028644,1.013577172482377,0.31798859612048735,54.53315480281279,44.325833663687206,20.65026417417674,0.04124328568163528,-0.011450381677971633,-0.015677497775792082,0.04920002302856874,1
2020-05-26,53.4552347576,53.8349558356,52.1736761193,52.3445506044,7757569,49.633908197705,46.45701964601599,50.227191084103104,56.138496126727084,1.3479847235957294,1.0804586827050475,0.2675260408906819,54.85927242043713,44.408543974972865,21.05562270824261,0.04109695315052571,0.013789299502042551,-0.0305907173001837,0.018272075830883416,1
2020-05-27,52.7717368172,53.578644108,50.6168196995,53.5406720002,9071585,49.926970408615,46.761293138377994,50.542760695159956,58.46226058995612,1.4409040193537095,1.15254775003478,0.28835626931892944,55.33524660024735,44.518694216982645,21.664748120583518,0.04108342885178486,0.02285092491938312,0.02508178844147313,0.020698457904298362,0
2020-05-28,53.2748672456,53.8064767548,51.5946014754,51.8983783378,7239260,49.95257148965,46.950827888672,50.671867137316156,54.215186973277625,1.3662742977264486,1.195293059573114,0.17098123815333466,55.39299039528114,44.51215258401886,21.782337699104747,0.038260599485152806,-0.03067375886492174,0.005148005147790791,-0.03885372714420943,1
2020-05-29,52.2116482271,53.5216859463,51.6990247718,53.3318254073,10820226,50.270180240965,47.276456867861995,50.92519649636223,57.141789514906016,1.4065826946141868,1.2375509865813286,0.16903170803285827,55.72094862876506,44.81941185316494,21.685891563039387,0.032692564794605326,0.02762026705670606,0.018861080886173776,0.021083242458355134,0
2020-06-01,52.809708925,53.6071231888,52.3920157392,52.8666670867,5377115,50.696448572790004,47.573680648882004,51.11009845734679,55.89324103566472,1.3850272683716582,1.2670462429393945,0.11798102543226374,55.523671680117836,45.86922546546217,19.043634192233018,0.029437865543921905,-0.00872196511271739,-0.012588652482686036,0.023901452471885687,1
2020-06-02,53.1609509222,53.3697975151,51.9743225534,52.9615973562,6998693,51.09483866088,47.914411421298,51.28643168580899,56.104038190844044,1.3599281124053348,1.2856226168325826,0.07430549557275223,55.2408432294466,46.948834092313405,16.228662922624796,0.029453182473680346,0.0017956545159980575,0.020486555696974662,0.011788175553619773,1
2020-06-03,53.8159697817,55.296881986,53.5501650271,54.8791888002,8026744,51.529059855005,48.252263894642,51.6285990300367,60.23797769320821,1.4777360328943416,1.3240453000449346,0.15369073284940704,55.336589022134206,47.7215306878758,14.77818216688997,0.029835253147075018,0.036207205592818203,0.0290138839442049,0.024999999999906652,1
2020-06-04,54.2621420484,56.1987195463,54.2051838867,55.1829656626,7456860,51.90045416849,48.502194778668,51.96711013789988,60.86671487882162,1.5774283011282364,1.374721900261595,0.2027064008666415,55.61086698092326,48.19004135605674,14.298190148347262,0.029267347985161805,0.005535374502454227,0.043813970192244645,0.06328882385150902,1
2020-06-05,56.6828639208,58.0118876938,56.5974266782,57.1385292144,8349728,52.334164966945,48.798991223848,52.4596262404237,64.73281746054437,1.7935577598467773,1.4584890721786314,0.3350686876681459,56.35172842760072,48.31660150628929,15.3535017256634,0.02988900317925234,0.03543781180150263,0.07886718049887187,0.0713777144890102,0
2020-06-08,56.8917105137,57.404333969,56.0942962498,56.8632314328,5528660,52.633068298850006,49.005741038194,52.87901721112621,63.77758169492244,1.9204894755829898,1.550889152859503,0.36960032272348675,57.045098632346544,48.22103796535347,16.765240849897168,0.02838045897679003,-0.004818076093051071,0.03615291472006543,0.0755970551263565,0
2020-06-09,56.0278450612,57.204980403,55.9424078186,56.7588081364,6184250,52.917294014570004,49.28889093293999,53.24852110877133,63.3954408482177,1.9897214175372042,1.6386556057950434,0.3510658117421608,57.614236094400354,48.220351934739654,17.75201157692272,0.028430580922879724,-0.0018363939890296832,0.02855668329670835,0.0716974368174994,1
2020-06-10,57.1480222413,57.4992642385,56.445538247,56.825259325,5319825,53.284276481184996,49.53081582031599,53.58916284365025,63.54513366550955,2.026589029070138,1.7162422904500625,0.31034673862007534,57.99826713734704,48.57028582502295,17.693739945316082,0.027118860659207166,0.001170764340933772,-0.005482638312661603,0.03546099290725868,0
2020-06-11,55.306375013,55.6196449023,52.5439041704,52.6008623321,9386832,53.479756193884995,49.716243863874006,53.49503898540737,49.64577577832846,1.6953899443239138,1.712071821224833,-0.016681876900919157,57.715688721174125,49.243823666595866,15.841255939657692,0.03238059818484348,-0.07434012696254422,-0.07495826377256087,-0.04679167383441307,1
2020-06-12,54.5943979917,55.0690493392,52.1831691463,53.6830674044,8534153,53.590336325135,49.970976523758,53.51294645388286,52.51147523925704,1.5029125481469663,1.6702399666092598,-0.1673274184622935,57.72504704326298,49.455625607007015,15.43080712553288,0.030207424924691497,0.020573903626663004,-0.05418966382466184,-0.06047516198805414,1
2020-06-15,52.1357040115,54.3285932371,51.7559829335,54.157718752,7222230,53.837653617579996,50.236336984758,53.574353339417826,53.7545955187921,1.3728478860146325,1.6107615504903343,-0.23791366447570184,57.454349593659835,50.220957641500156,13.435563153513264,0.028172101898414688,0.008841732981172745,-0.04694286668792069,-0.0475792988303404,1
2020-06-16,55.9708868995,57.0815710527,54.9646260427,55.5721797676,9719139,54.04599912497,50.54814305269,53.76462252305422,57.33853894295814,1.3681348797649164,1.5622362163452508,-0.19410133658033435,57.556736396838005,50.535261853102,12.991663874138625,0.027095046225259694,0.026117440841205264,0.05648799855676012,-0.020906506104715117,1
2020-06-17,55.7525472796,57.3663618612,55.5721797676,56.9581617023,8338141,54.27116042402,50.814475825752,54.06876911155382,60.56362166170892,1.459413734277362,1.541671719931673,-0.08225798565431086,57.919766647522934,50.62255420051707,13.445838249989162,0.027255332192827737,0.0249402118199451,0.06100795756003263,0.00233879051109831,1
2020-06-18,56.5499615435,57.6416596428,56.5499615435,57.3188967264,5673980,54.43728839565,51.061356106446,54.37830507487251,61.381919199249914,1.5430735939030384,1.5419520947259462,0.0011214991770922556,58.3160210656778,50.5585557256222,14.250278749511502,0.026627143533261604,0.0063333333330775066,0.05836985100638592,0.08969500090154958,1
2020-06-19,58.2871854754,59.1700369818,57.3473758073,57.8599992626,10086928,54.71875664472999,51.245298117218,54.70989499751322,62.63437501316269,1.6341990583903652,1.5604014874588301,0.07379757093153505,58.7308377859817,50.70667550347829,14.66437246482322,0.0252577613202867,0.009440211991218916,0.04116843184067176,0.07780725022165269,1
2020-06-22,57.4517991037,58.2776924484,56.5594545704,58.163776125,5379935,55.04531677182,51.470682793344,55.03883605727386,63.35294749656768,1.711203214081678,1.5905618327833997,0.12064138129827828,59.06264868287745,51.027984860762544,14.596453055981302,0.0249440624139725,0.005250205085922888,0.02116666666668965,0.07397020157633682,0
2020-06-23,58.7903159037,58.8377810385,57.3758548881,57.7555759662,7264936,55.31586803991,51.68241872450199,55.2975731914573,61.637618831620756,1.7194702383334928,1.6163435138934183,0.10312672444007442,59.297882245166974,51.33385383465303,14.397366782291037,0.025047893850328885,-0.007018116532233609,0.0076184166957085075,0.03928937478664407,0
2020-06-24,57.2714315917,57.8030411009,56.1512544115,56.9296826215,7937250,55.485318570975004,51.828652370696,55.4530121847947,58.20387494386801,1.6404689194284074,1.6211685950004162,0.019300324427991233,59.43907608830274,51.531561053647266,14.251544801964938,0.025050313747098138,-0.01429980276161269,-0.016078753075638996,-0.0004999999991019966,1
2020-06-25,56.5784406243,57.024612891,55.6386309562,56.9391756484,6298882,55.737358436505,52.01479297316,55.59455156228092,58.23267704131404,1.5606357752021651,1.609062031040766,-0.04842625583860083,59.37433715016308,52.10037972284692,13.05041650942702,0.023759864286967552,0.0001667500408024658,-0.02105434960013952,-0.006624710168664172,0
2020-06-26,56.5499615435,57.0910640796,55.0690493392,55.4202913364,12786506,55.84178173296,52.135377890305996,55.577955350292264,52.05207462272838,1.3591388564015148,1.5590773961129158,-0.19993853971140108,59.312629719044445,52.37093374687556,12.431007315211842,0.02412865473335481,-0.026675558518429066,-0.04043392504936094,-0.0421657095971828,1
2020-06-29,55.4772494981,56.0753101959,54.6418631264,56.065817169,5035850,56.001739237075,52.250527808456,55.62441838064538,54.27337267283874,1.2372770763930134,1.4947173321689355,-0.2574402557759221,59.19301125206493,52.81046722208507,11.397046086301547,0.024072990342974967,0.011647824596981549,-0.015174253793815318,-0.03606985474071123,1
2020-06-30,56.1227753307,57.8505062357,56.0753101959,57.3853479151,6067624,56.222926765020006,52.44067450154401,55.79212595535534,58.505140955807114,1.2329630111021004,1.4423664679555686,-0.20940345685346817,59.14232797883003,53.30352555120998,10.385091569535218,0.024492287611560856,0.023535387741206337,0.00783594531566667,-0.006410256410855797,0
2020-07-01,57.3663618612,57.6986178045,56.5214824626,56.6543848399,5306563,56.311686567005,52.65970160940599,55.87424584912149,55.444103238698254,1.157221740147662,1.3853375223939874,-0.22811578224632534,59.169569543590626,53.45380359041937,10.150230443497897,0.023565178734135887,-0.012737799834923735,0.022267899964817595,-0.004835751209616546,1
2020-07-02,57.4328130498,58.5245111491,57.2809246186,57.9074643974,5597211,56.447911503745004,52.8322995361,56.0678857108623,59.36876771424256,1.1846533388283973,1.3452006856808696,-0.1605473468524723,59.337161471312115,53.558661536177894,10.236871092654773,0.02398909287779914,0.02211796246735509,0.03284795123646722,0.017005668557254605,1
2020-07-06,59.2269951435,60.4800747009,59.132064874,60.2427490272,7776963,56.603122494385005,53.074487767694,56.465491740989705,65.4726536088107,1.3789355209260847,1.3519476527299126,0.02698786819617216,59.92519584849011,53.2810491402799,11.73812753681444,0.024362423629578505,0.0403278688525146,0.04979321753572785,0.08701610140458804,0
2020-07-07,60.1668048116,60.5939910243,58.8852461733,59.0276415775,5078196,56.711343001619994,53.276487012,56.70950601113354,60.389131226718064,1.4185048924405024,1.3652591006720307,0.05324579176847166,60.197236270528194,53.225449732711795,12.293460476887747,0.02485647114157846,-0.020170185944724528,0.04189008042901898,0.052827632915295464,1
2020-07-08,59.7111395179,59.9769442725,58.8757531463,59.5877301676,4045734,56.85278910318,53.503116189046,56.98362259746368,61.859146768557345,1.4780206705587418,1.387811414649373,0.09020925590936879,60.55760946610617,53.14796874025383,13.033029412866378,0.024889390021359443,0.009488581537933083,0.029016393442283794,0.03837882547577065,1
2020-07-09,59.882014003,60.470581674,59.0845997392,60.271228108,6156105,57.025087542330006,53.754952195566005,57.29672788418143,63.632854039589006,1.562330353269509,1.4227152023734002,0.13961515089610876,61.01807394115682,53.03210114350319,14.004314840771798,0.024961759289735753,0.011470447665610894,0.00047273873221076457,0.06384048257378261,0
2020-07-10,60.0718745421,60.271228108,58.9042322272,59.4168556825,5899163,57.365887209849994,53.915562174874,57.49864481735463,59.884012115694674,1.542425548193684,1.446657271537457,0.09576827665622689,60.93081637503528,53.80095804466471,12.428742371383278,0.01768297848500799,-0.01417546070189668,0.0065937600520424855,0.026065573770275074,0
2020-07-13,59.8155628144,60.5465258896,58.2966785023,58.3916087718,6178740,57.60131427822,54.143801342690004,57.58368900349229,55.6473290306374,1.427467037970814,1.4428192248241285,-0.015352186853314409,60.761188474347186,54.44144008209282,10.971535062080985,0.018089681148508133,-0.017255152581255873,-0.02007328341649728,-0.030728017650127448,1
2020-07-14,57.7176038584,59.4548277903,57.024612891,59.3693905477,6297457,57.861897868004995,54.44436314464,57.753755817226356,58.65181185493983,1.3991320843013781,1.4340817967195787,-0.03494971241820055,60.68443899535615,55.03935674065384,9.756130480856196,0.018277919522397153,0.016745244675844928,-0.014962986297275993,0.005789642971781417,0
2020-07-15,59.5687441137,59.6541813562,58.1922552059,58.9516973619,5226458,58.03087374772,54.72352117999,57.86784548814765,56.87923992992297,1.3276675549603567,1.4127989483677343,-0.08513139340737763,60.68445582020264,55.37729167523736,9.145414849408157,0.017734542365967172,-0.00703549728145525,-0.007828726634166228,-0.010673888800782572,1
2020-07-16,58.4865390413,59.4453347633,58.3821157449,59.1795300087,3934305,58.14194216303999,54.98321648181,57.992767823438356,57.631399185997815,1.274721396332943,1.3851834379607761,-0.11046204162783324,60.79258228545843,55.491302040621555,9.117824495733517,0.0169788573311203,0.003864734299359407,0.013493740855458736,-0.018113088675475342,0
2020-07-17,59.6636743832,59.6636743832,58.8093019576,59.1415579009,4585216,58.23307522176499,55.21094605197,58.102176402244226,57.45152931478934,1.2156835096484002,1.351283452298301,-0.13559994264990083,60.88958377389217,55.57656666963781,9.123710338190385,0.016957889706006396,-0.000641642605042958,-0.0038375439717028836,-0.004633328008319504,1
2020-07-20,59.4358417364,60.660442213,58.742850769,60.4990607548,4927116,58.36502829637501,55.45164100216,58.330451102487636,62.01572101312725,1.2638656379457203,1.333799889427785,-0.06993425148206467,61.1910665453823,55.53899004736772,9.684012263839893,0.017541583971826563,0.02295345104325275,0.026247987117331784,0.03609169240799859,1
2020-07-21,60.8692888059,61.5527867463,60.0528884882,60.5750049704,5674930,58.485589738645004,55.645437805674,58.54421813752691,62.25962827351878,1.2932703694750103,1.32569398543723,-0.032423615962219765,61.46838219405547,55.502797283234536,10.200093625591178,0.01752989751546324,0.0012552957790170627,0.023580365736173503,0.020307003517769928,1
2020-07-22,60.3566653506,61.3344471265,60.2997071889,60.9642190754,5027849,58.646021894105004,55.84323631074199,58.77469441732435,63.551384117732496,1.3326185593116406,1.3270789002121122,0.005539659099528471,61.7950270675279,55.49701672068211,10.739023966907551,0.017416081366648364,0.0064253251847059545,0.030818619583104834,0.034138486312705885,0
2020-07-23,61.0686423718,62.0179450669,59.9959303264,60.4041304853,5351832,58.819744287294995,56.061606720594,58.9298788047506,60.35023387814491,1.303580945194895,1.3223793092086689,-0.018798364013773883,61.95415663518591,55.68533193940408,10.657687774300458,0.017187119860729586,-0.009187169106640858,-0.0015691197237713839,0.020692974013480248,0
2020-07-24,57.3094036995,58.2397203406,56.5974266782,57.5467293732,11040982,58.850121973534996,56.238715946495994,58.79815028746007,47.26881326495073,1.038034224962182,1.2655102923593715,-0.22747606739718962,61.9221986757852,55.778045271284796,10.440340985637102,0.02056116947068902,-0.047304730473611833,-0.04999216423803465,-0.026966292135427894,1
2020-07-27,58.5055250952,59.8677744626,58.0118876938,59.8155628144,7194708,59.069885547435,56.405597907196004,58.8950467185972,55.514238696527386,0.9991449126822758,1.2122372164239525,-0.21309230374167676,61.730362706594875,56.409408388275125,9.007896780241524,0.02122559138402603,0.03942593203666256,-0.01884148240428296,-0.011297662011153897,0
2020-07-28,59.3598975208,59.7586046527,58.7618368229,59.1415579009,4565741,59.22367258403,56.604201607152,58.91852397405461,52.869424095142804,0.9035230377372514,1.1504943806866124,-0.24697134294936096,61.49956338209136,56.94778178596864,7.685746927741419,0.021410862774133437,-0.011268052690423636,-0.020902090209000912,-0.023664002507312376,1
2020-07-29,59.4927998981,60.4326095662,59.0181485506,60.0433954612,4621405,59.35657496133499,56.776964123979994,59.02565459187798,55.89709052994106,0.8902505133143706,1.098445607212164,-0.20819509389779345,61.49375262323374,57.219397299436245,7.201148864438048,0.02106778396046478,0.015248796147899313,0.04338502144594014,-0.015104328869711914,1
2020-07-30,60.0244094073,61.1635726413,59.7937288524,61.1540796144,5525019,59.581559700060005,56.950947001841996,59.228361736880075,59.35974123263239,0.9583080917190756,1.0704181041135463,-0.11211001239447071,61.465941331514834,57.697178068605176,6.325385374068787,0.021038252509757802,0.018498023715493028,0.022377400412552095,0.012415527267336524,0
2020-07-31,61.5053216116,61.5053216116,59.9199861108,61.0686423718,5901236,59.73961859878,57.09239310340199,59.4036265592534,58.9761583188293,0.9938931598148528,1.0551131152538076,-0.061219955438954754,61.565194570671146,57.91404262688885,6.111776454925106,0.020627799853829554,-0.0013970816524213614,0.03258426966244454,0.061200923787689376,1
2020-08-03,61.5053216116,62.2647637676,61.4008983151,61.7141682045,5540739,59.813189557645,57.282063781872004,59.623678144514976,61.02543060540628,1.0619417193666436,1.0564788360763748,0.005462883290268783,61.82321892774945,57.803160187540556,6.721023857680356,0.018773100035128405,0.0105704958818289,0.027826086957051688,0.03174099349346804,0
2020-08-04,61.7046751775,61.8945357165,60.9262469676,61.5622797733,5190185,59.939921467435,57.480657905674,59.80830687106593,60.26263668635733,1.091037761889936,1.0633906212390871,0.027647140650848945,62.052838965001925,57.82700396986807,7.050117670624114,0.018109283617505384,-0.0024611598214642205,0.006674945669591592,0.04093097913410171,1
2020-08-05,61.5837340142,61.9420008513,61.1540796144,61.5812658272,4574091,60.039598250415,57.665392210129994,59.97716010498346,60.3293880229489,1.1029148848402173,1.0712954739593132,0.03161941088090403,62.261910790629386,57.81728571020061,7.402822820184439,0.018032628574340424,0.0003084040092393714,0.008394217318260067,0.025612648221964296,0
2020-08-06,60.6319631321,60.9167539406,59.4263487094,60.3851444314,7395898,60.045294066584994,57.802281658754,60.016015755118374,54.15715908291143,1.0042344010497999,1.0578832593774106,-0.05364885832761068,62.270534101179116,57.82005403199087,7.41187155192054,0.018478520229833935,-0.01942346231005343,-0.021535148439432272,-0.012573734865252262,0
2020-08-07,60.461088647,61.7141682045,59.5972231945,60.3471723236,7124232,60.091809898639994,57.97125753847,60.04755447592615,53.968391805096,0.9124472510071655,1.0287960577033617,-0.11634880669619618,62.30139752010397,57.88222227717602,7.354039178353928,0.018167297370121457,-0.0006288319446372537,-0.01973785659294247,-0.011814083630802386,1
2020-08-10,60.4231165392,61.9704799321,60.3946374584,61.9325078243,7386983,60.268854851265,58.14327118681,60.22707384243794,60.20490129931319,0.9566014924711226,1.014357144656914,-0.05775565218579137,62.472577790359466,58.06513191217053,7.31297431993007,0.01847795891299957,0.026270253263880328,0.005703715121504693,0.003537917242544708,0
2020-08-11,62.0084520399,62.767894196,60.9737121023,61.1920517222,7608649,60.359987909990004,58.309778879519996,60.318976497653374,56.3638599547337,0.9212261066417895,0.9957309370538892,-0.07450483041209965,62.55812920220582,58.16184661777419,7.28343847746864,0.018477852164531718,-0.01195585530301213,0.013362678824370144,-0.006013878180979426,1
2020-08-12,61.6951821506,63.2900106782,61.419884369,63.1286292201,6177867,60.568834502899996,58.51311951679801,60.58656247121972,63.01067750656749,1.0374968599510979,1.004084121633331,0.03341273831776692,62.97586089043825,58.161808115361744,7.94806902689536,0.019513536324289732,0.031647533354359325,0.04609092339215137,0.025127177431558234,0
2020-08-13,62.9957268428,63.2235594896,61.3344471265,61.7711263662,10684354,60.698414320775,58.650958268118,60.69937808026546,56.512353268782064,1.008478027503962,1.0049629028074571,0.0035151246965048344,63.071109004651134,58.32571963689887,7.817979136446867,0.020304578887530376,-0.021503759398402655,-0.002605763334464495,0.022952365980916545,1
2020-08-14,63.9735086187,66.3562583832,63.1286292201,64.1918482385,23421915,60.95092883765501,58.831135919636,61.03199428581161,63.701325698021826,1.1673558662259538,1.0374414954911566,0.12991437073479717,63.65845196092371,58.24340571438631,8.884271904962384,0.021888137125802485,0.039188566158712135,0.04902264970487491,0.0637092968380304,0
2020-08-17,64.6475135321,64.7709228825,63.3849409477,63.5463224059,6875037,61.10329192021,58.959291783466,61.2714541067724,60.81424041297583,1.227034666427791,1.0753601296784834,0.15167453674930753,64.02633828133548,58.180245559084504,9.567557718305807,0.0216534582629406,-0.010056196391192818,0.006616541353110961,0.026057633354333642,0
2020-08-18,63.9735086187,63.9735086187,62.7204290612,63.0621780314,6166721,61.22765057325999,59.08327071543799,61.44199924245122,58.666664680477155,1.2211870564670875,1.1045255150362043,0.11666154143088314,64.25980645150737,58.19549469501262,9.904531203983884,0.021774824390630408,-0.007618763071882251,0.020900568617548076,0.030561588581635046,0
2020-08-19,63.4061464128,63.558542138,62.5679699243,62.7394151151,4979510,61.31641037524499,59.20288285501201,61.56556265889396,57.2160420858721,1.1769414649529537,1.1190087050195543,0.057932759933399414,64.41571081814763,58.21710993234235,10.109203796946032,0.02181097572426962,-0.005118169501524217,-0.022626441880962744,-0.006165413534372721,0
2020-08-20,61.6345461075,61.7393181685,60.2725093136,60.7582706876,8307751,61.33411738536,59.28154308226401,61.488677709246915,49.17798702104241,0.9708236658184859,1.0893716971793408,-0.1185480313608549,64.41636691212011,58.251867858599894,10.050685191716212,0.022942406999842346,-0.031577349324431014,-0.04387432053882534,-0.01639691127850651,0
2020-08-21,60.1010641227,60.2725093136,58.9771456494,59.3105112983,11150608,61.42230648161501,59.41573606158801,61.28123328915673,44.28215154481018,0.6827810666001071,1.0080535710634941,-0.32527250446338707,64.14614340893031,58.698469554299706,8.869210823695154,0.02087274086309753,-0.02382818623564731,-0.059491550247946834,-0.07604294118567456,1
2020-08-24,60.3487071762,60.7677954204,59.7010253441,60.7106470235,8366548,61.46706069207001,59.556287653969996,61.22689174004657,49.516514450501354,0.5610174234495275,0.9186463415407008,-0.35762891809117325,64.11210183421326,58.82201954992675,8.606369370398408,0.019631360435605268,0.02360687329364053,-0.032336420221292794,-0.04462375280015762,1
2020-08-25,61.063062138,61.5773977105,60.4153803059,61.005913741,5157230,61.560278484075,59.69325155375,61.20584621632785,50.57109444550981,0.48277923692470637,0.831472920617502,-0.34869368369279563,63.99388138356245,59.126675584587545,7.906406401709185,0.019434427584102184,0.004863508000264138,0.004075873960819321,-0.032606934213026184,0
2020-08-26,61.005913741,61.2059331304,60.4725287029,60.7296964891,5965129,61.594593535470004,59.79640188818,61.160498623258526,49.528756358979685,0.3939453301007063,0.7439674025141428,-0.3500220724134365,63.960074342926035,59.22911272801397,7.680806615255411,0.019212324258617852,-0.004527712724256228,0.023928055242387947,-0.03203279186318564,0
2020-08-27,61.2345073288,61.2345073288,58.3770874815,59.0819177105,8917799,61.490985440275,59.838877008344,60.96253853632915,43.737262028987836,0.1884099697081112,0.6328559159529364,-0.44444594624482525,64.0941485850336,58.8878222955164,8.46681225262522,0.01969619586189381,-0.027132998744621606,-0.026827737684455122,-0.027590531431009313,1
2020-08-28,59.110491909,60.1010641227,59.0247693135,60.0724899242,5206045,61.441177817895,59.8939488723,60.87777200184066,47.69670575533768,0.10425087568190605,0.5271349078987304,-0.42288403221682436,64.11199910236314,58.77035653342686,8.693913037878815,0.020117303663576204,0.016766080927734572,-0.015300546448051677,0.012847277981935745,0
2020-08-31,59.4724317563,59.6343522143,58.4993850509,58.672354199,6454221,61.28908711762,59.910195971027996,60.66773221109393,43.081675273591024,-0.07456551937659128,0.4067948224436661,-0.4813603418202574,64.21468656139248,58.36348767384752,9.546885363647062,0.020546231779345205,-0.023307436181964625,-0.03387703889594218,-0.03357389394501131,1
2020-09-01,59.0342940464,59.1485908403,58.3199390845,58.948571451,7922675,61.158401701505,59.925891877548004,60.50400261489451,44.22815543452217,-0.19177966042383332,0.28707992587016623,-0.47885958629399955,64.25218470378172,58.06461869922828,10.117278791478263,0.020606167920750602,0.004707792209311279,-0.0022569724319612128,-0.033723653394233666,1
2020-09-02,59.5200554204,62.1965053441,59.4057586265,61.986961222,10802478,61.17868647124501,60.010519582664,60.64523676795218,54.97229448660787,-0.03904990702866229,0.22185395929040053,-0.2609038663190628,64.28857179705422,58.068801145435806,10.166564551106873,0.023835471799280833,0.05154306026780664,0.03186935151540582,0.02070263488185975,0
2020-09-03,61.1392600006,61.3107051914,58.1484938937,58.5390079395,11012979,61.08637964665,60.042706089024,60.444643546194825,44.49653778646834,-0.19399523494379878,0.13868412044356065,-0.33267935538735943,64.38864300631818,57.78411628698183,10.811782851659867,0.026644655139747703,-0.055623847572580654,-0.0022727272719912373,-0.009189102047435949,0
2020-09-04,58.3008896189,58.891423054,55.7671201929,58.0627712983,14688155,60.97215959538501,60.065178002022,60.21779857020485,43.270017524058964,-0.35117076255203017,0.040713143844442495,-0.39188390639647264,64.51784914915521,57.4264700416148,11.630519821832191,0.026688807815300513,-0.008135372599620938,-0.015026660203908526,-0.03345489138931779,0
2020-09-08,54.3576502295,55.0434309929,52.6908219852,52.9860887028,20934765,60.52483863931,60.01649394935,59.52906429711867,32.86898074892558,-0.8752895651618786,-0.14248739795682172,-0.7328021672050569,65.45865482729899,55.59102245132101,16.303442682074483,0.03201995692098655,-0.08743438320259167,-0.1452059004306453,-0.09691558441500059,0
2020-09-09,53.9195125196,54.2719276341,51.9193186265,52.5765251913,16267604,60.094062312765004,59.946708109796,58.86691771561213,32.19658448205432,-1.3086208779227348,-0.3757140939500043,-0.9329067839727305,66.10624759573683,54.08187702979318,20.00924900593626,0.032001379084173644,-0.007729642280207671,-0.10185486495367713,-0.10809500727251131,0
2020-09-10,52.9575145043,53.5766221379,52.3288821379,52.5003273288,10670524,59.562647218200006,59.84900769807,58.260575774010974,32.06515927429619,-1.639290871220581,-0.6284294494041197,-1.010861421816461,66.24905184282278,52.87624259357723,22.451670424009198,0.03072448119232914,-0.001449275360491331,-0.09580052493400126,-0.15304240934193536,0
2020-09-11,52.9670392372,53.6337705349,52.0764767181,52.3860305349,9203264,59.093392426635,59.763640611970004,57.701095275048026,31.855108685320445,-1.8887991188024102,-0.8805033832837779,-1.0082957355186324,66.38396825717977,51.802816596090224,24.67475814523965,0.030604890544630805,-0.002177068214911815,-0.011324824734011418,-0.10510901399215877,1
2020-09-14,53.5575726723,54.4005115272,53.4528006112,53.7766415272,8495715,58.57263209107,59.681024154566,57.32733777525297,37.24174500069578,-1.9518260812679316,-1.0947679228806086,-0.8570581583873229,65.81986938018596,51.32539480195403,24.74615543261844,0.029701526404970834,0.026545454543908553,0.02282608695674293,-0.07381889763889882,1
2020-09-15,54.5100459547,55.1291535883,53.7956909929,54.4814717563,7209788,58.11938955859,59.565798609148,57.056302916305064,39.83755772438482,-1.9227373745389968,-1.2603618132122865,-0.6623755613267104,65.19757666117138,51.04120245600862,24.357403463248282,0.03008205097926806,0.01310662416029662,0.037735849056568016,0.0282221822767037,0
2020-09-16,54.7576890082,55.4291826723,53.7004436646,53.7861662601,8340864,57.65558897002499,59.4609691028,56.74486132999982,38.160705777580496,-1.9335015057212956,-1.3949897517140883,-0.5385117540072073,64.59168455535705,50.71949338469294,24.06044482153539,0.030107560261373602,-0.012762237762411366,0.026727272727167684,0.023007246378468738,0
2020-09-17,52.214585344,53.9385619853,52.0907638173,53.6623447333,7098656,57.201735450935004,59.342461394114004,56.45128832079031,37.85512092202369,-1.929778237352771,-1.501947448841825,-0.427830788510946,63.93268130971733,50.47078959215268,23.534061705368433,0.03012578230948907,-0.002302107315126811,-0.0021253985123296237,0.02213352684874703,0
2020-09-18,54.0909577104,54.1004824433,52.5717628249,53.4813748097,11912995,56.83789065704,59.206664328148,56.16843941497219,37.38393171365718,-1.919305719147765,-1.585419102903013,-0.333886616244752,63.54717736278771,50.12860395129229,23.608499992484113,0.02958693286676348,-0.003372381965406457,-0.018356643357094304,0.02090909090869686,1
2020-09-21,52.5860499242,54.6338674814,51.5764282448,54.5957685501,8494306,56.602153519629994,59.1102425855,56.018661237365315,42.15842972069763,-1.8003308185376028,-1.628401446029931,-0.17192937250767182,63.278596573343144,49.92571046591684,23.590773984942874,0.029849551664084897,0.020837043631830365,0.015052240125925875,0.01523202267076651,1
2020-09-22,55.2053514509,55.3482224433,54.0147598479,55.1386783211,7629281,56.32355508451,59.045183976485994,55.93485334057814,44.38337941307015,-1.6432912329822003,-1.631379403420385,-0.011911829561815246,62.75137210542334,49.89573806359665,22.824614004811323,0.02934380024022592,0.009944173063555217,0.02751153709621379,0.012062937061240397,0
2020-09-23,55.3386977105,56.0816268708,54.3005018326,54.5290954204,8831791,55.99971416848,58.948378073940006,55.8009716338945,42.41074838987701,-1.550155250816779,-1.615134572899664,0.06497932208288493,62.095324103374516,49.90410423358548,21.770146599517805,0.02929567718797755,-0.011055449990115873,0.01959038290298354,0.013812643881464304,1
2020-09-24,54.2338287028,56.0244784738,54.062383512,55.0434309929,6318534,55.715400893669994,58.87021274655999,55.72882490618074,44.64623031922813,-1.418490258996961,-1.5758057101191234,0.1573154511221624,61.419914306499855,50.01088748084013,20.477330581239592,0.029477726821140256,0.009432314410034781,0.008199581298854675,0.025736599219880363,1
2020-09-25,54.7576890082,55.6053902295,53.9576114509,55.4625192372,6542598,55.534430970005,58.79587253113,55.70346246151591,46.46959629903069,-1.2657372543620937,-1.5137920189677176,0.24805476460562392,61.02593127091607,50.04293066909393,19.77692110999432,0.029093790358173447,0.007613774009727958,0.005873207809119263,0.03704363312553949,1
2020-09-28,55.5101429013,57.0055259547,55.4815687028,56.5388140463,8615960,55.35774717611,58.743817654038004,55.78301975530488,50.93922549712577,-1.0457763428326388,-1.420188883740702,0.3744125409080632,60.467998457724775,50.24749589449523,18.462641788357075,0.029192770491705006,0.019405804566809293,0.03685589519513899,0.03558967201674168,1
2020-09-29,56.5591969746,57.3865152677,56.338794657,56.8150312983,5427837,55.26488103107501,58.670137064908005,55.88130656892346,52.04585281443049,-0.8394901915564859,-1.3040491453038587,0.4645589537473729,60.195153146992126,50.33460891515789,17.84233322838374,0.028819065452555342,0.004885444745512446,0.03218549922203273,0.030402487477805717,0
2020-09-30,56.6054871761,57.3226995578,56.1863989318,56.6245366418,9074380,55.14867929061501,58.591127698335995,55.9520903853879,51.18831262777109,-0.6834993027098548,-1.179939176785058,0.4964398740752032,59.82942596321242,50.46793261801759,16.975009130976478,0.028788429687199524,-0.0033528918694039067,0.02095139962233472,0.038427947598339784,1
2020-10-01,57.5008120616,58.1199196952,56.6816850387,57.7675045807,7542796,54.93770645855,58.527193408442,56.12498697541762,55.88498940977132,-0.46231812341393663,-1.0364149661108337,0.5740968426968971,58.645883975192106,51.22952894190789,13.49957162641981,0.026504897712038043,0.020185029435742186,0.021731805930591763,0.04948953106050702,0
2020-10-02,56.2816462601,56.8245560311,55.4244203059,55.4434697715,7103905,54.782929550149994,58.427980194166004,56.060080575044516,46.159319712130774,-0.4691525332645625,-0.9229624795415795,0.453809946277017,58.11640247846983,51.44945662183016,12.169750525182378,0.02508721043793506,-0.040230832646637404,-0.024140821459708306,-0.0003434655684955157,1
2020-10-05,56.1292505349,57.7484551151,55.9673300769,57.7198809166,6694647,54.76578503106499,58.431443225034,56.218156798049804,54.510181649084466,-0.2875666088003541,-0.7958833053933345,0.5083166965929804,58.03450501186781,51.49706505026218,11.937088015623939,0.026845507274975096,0.04105823741699077,0.019343986542954328,0.020889487871691426,0
2020-10-06,57.4627131303,59.2057392372,57.3103174051,57.5293862601,6947868,54.99294990893001,58.385719693948,56.343035794435536,53.75875474008151,-0.1572174769460588,-0.6681501397038794,0.5109326627578206,58.36521166217734,51.62068815568268,12.264342097784887,0.017313642859462474,-0.0033003300331690966,-0.004122011541408344,0.01257334450894465,1
2020-10-07,58.5771068708,58.8533241227,58.0199100006,58.2151670235,5335383,55.27488200053999,58.36719187639999,56.521334006727386,56.104681774299806,0.0014057211819107351,-0.5342389675267214,0.5356446887086321,58.73362764871758,51.8161363523624,12.514710201077595,0.017154019900704785,0.011920529801925372,0.049991410411776904,0.028090832632541307,1
2020-10-08,58.7676015273,59.7172173899,58.4532853441,59.6248274815,5411867,55.63110700817499,58.358820516806,56.81690481384858,60.53661506799601,0.23811868250516,-0.37976743752034514,0.6178861200255051,59.332473086624866,51.92974092972512,13.306821587806825,0.017581342701679065,0.024214659685352302,0.033003300329958796,0.032151690025061797,1
2020-10-09,60.2820340464,60.7773201533,60.0629651914,60.2820340464,6367103,56.02590718374999,58.341379605446,57.14691712171062,62.44060922469578,0.473290686639281,-0.20915581268841993,0.6824464993277009,59.93701474193108,52.11479962556891,13.961782163932481,0.017484777166393507,0.01102236421738767,0.04784768211944446,0.08727022848391797,1
2020-10-12,61.0154384739,62.0250601533,60.9392406113,61.605971909,7021872,56.417373702839996,58.35212619619,57.57158900621437,65.99944298922819,0.7577619075598605,-0.015772268638763826,0.7735341761986243,60.87824396078703,51.95650344489296,15.8138175004147,0.01724615723827578,0.021962395322973727,0.05824607329789533,0.06732673267318501,1
2020-10-13,62.1393569472,62.310802138,61.1059234357,61.6154966418,7189885,56.774074947115004,58.350152764936,57.95672306674633,66.02438470785279,0.9727625646576428,0.1819346980205175,0.7908278666371252,61.67764237256683,51.87050752166318,17.27396678860728,0.017246401986137534,0.0001546072970664003,0.03338658146923201,0.07102649006589457,0
2020-10-14,61.8155160311,62.0822085502,60.4153803059,60.9392406113,5824029,57.13172866467501,58.337691981696,58.24077235670382,62.51777913509421,1.0761784096412867,0.36078344034467136,0.7153949692966154,62.15343256941169,52.11002475993833,17.579387223553912,0.017146726554826016,-0.010975421239098226,0.010902196239664708,0.046793193717031834,0
2020-10-15,59.434332825,60.658260993,59.0723929777,60.4915781685,6397398,57.473190336434996,58.315898228522,58.45513481497013,60.237066530225945,1.1092271142952441,0.5104721751347859,0.5987549391604582,62.43318212863962,52.51319854423037,17.260193015804276,0.01731773219672903,-0.007346045640040266,-0.018089053803843957,0.014536741213531101,0
2020-10-16,60.7296964891,60.8916169472,59.4390951914,60.0058167945,6841070,57.799412435675,58.308311675784005,58.60281881302059,57.77410706555119,1.083729014154656,0.62512354293876,0.458605471215896,62.518708597384794,53.08011627396521,16.3299105054464,0.017483063920301904,-0.008030231458781012,-0.026124594217877162,-0.004582082477299854,0
2020-10-19,60.1677372525,60.5963502296,58.8762787288,59.1009671761,5757543,58.024672366975,58.283387572834,58.65026151426625,53.3945658068233,0.9792199460336306,0.6959428235577343,0.2832771224758963,62.53631621757756,53.51302851637244,15.550777510879604,0.017712992208261887,-0.015079365080535645,-0.03016567677509141,-0.040661719233976434,1
2020-10-20,59.6915006113,60.0153415273,59.0723929777,59.3009865655,4479873,58.23278777919501,58.230757147658,58.71223532866946,54.22068935533462,0.9021363830301681,0.7371815354522211,0.16495484757794698,62.573488805017,53.892086753373015,14.908099685286944,0.017660153255680388,0.003384367447050618,-0.019681939850925922,-0.03756376565063402,0
2020-10-21,59.434332825,59.8724705349,58.9676209166,59.1581155731,6188889,58.464238786829995,58.190078424676,58.75470011385332,53.49131851914901,0.8200654054083074,0.7537583094434384,0.06630709596486906,62.471131099751126,54.45734647390886,13.70715636110787,0.0173811530103635,-0.002409251526400702,-0.014126984127273756,-0.029227883713892733,0
2020-10-22,58.7961757258,59.1962145044,57.96752397,58.7676015273,6014586,58.65044731355,58.102857870819996,58.75592881989586,51.45390591626404,0.7152671895962186,0.7460600854739945,-0.030792895877775894,62.33752096937955,54.96337365772046,12.573045303876887,0.0174977382847073,-0.006601191434460918,-0.005640612408366996,-0.028499448905066394,0
2020-10-23,58.7676015273,59.21526397,57.7770293135,58.0532465654,6520098,58.779983679960004,58.028500274804,58.68900670042006,47.862587222902405,0.5680235513058705,0.7104527786403697,-0.14242922733449925,62.1808874018174,55.37907995810261,11.571638877527878,0.017804312607358295,-0.012155591573158708,-0.021040796660639405,-0.03253968254089268,0
2020-10-26,57.4579507639,57.6246335883,55.8625580158,56.6816850387,6715421,58.787127229579994,57.878297010808,58.49783320882767,41.8262871047662,0.3367762080504022,0.6357174645223762,-0.298941256471974,62.16972167413784,55.40453278502215,11.507942653322312,0.01824036485618086,-0.02362592288710097,-0.041861213975619926,-0.040934730055963264,0
2020-10-27,56.938852825,57.1388722143,55.9768548097,56.0340032066,4626324,58.748075824995,57.728050626822004,58.26318273242504,39.30537501115701,0.10009468233458563,0.5285929080848181,-0.42849822575023244,62.2371947728529,55.258956877137095,11.878240772520488,0.018387882214643065,-0.011426650983607733,-0.04651539708371688,-0.05509155155945855,0
2020-10-28,55.0339062601,55.4529945044,54.167155573,54.5957685501,8976958,58.64663742041,57.558722437196,57.913905191251224,34.35387448023039,-0.2012112113497153,0.38263208419791145,-0.5838432955476267,62.47798697913188,54.81528786168813,13.065879740919307,0.019225958642794666,-0.02566717661055129,-0.059557013945894965,-0.07712123651677916,1
2020-10-29,54.5100459547,57.3674658021,54.2433534356,56.6721603059,6314380,58.59187020667,57.437377341011995,57.79564377359873,45.10557907502852,-0.26934598843058666,0.2522364696722118,-0.5215824581027985,62.502417318710506,54.6813230946295,13.348429050811674,0.020653775270977975,0.03803210048952055,-0.00016803898461204003,-0.035656401944982874,0
2020-10-30,55.9482806112,56.4626161838,55.4910934357,56.4149925196,7338657,58.64044634407501,57.350511777652,57.6641531779798,44.141294447321314,-0.3401732754958786,0.13375452063859372,-0.47392779613447233,62.41512704366332,54.8657656444867,12.873983521340302,0.01849218115632439,-0.004537815126719802,0.006799252082619889,-0.02821985233770563,1
2020-11-02,57.100773283,57.6008217563,56.7007345044,57.4627131303,7475407,58.62758795476001,57.313555814292,57.6449684115341,48.93137432445467,-0.30820926906103807,0.04536176269866736,-0.35357103175970545,62.41645005233689,54.83872585718313,12.925184984586293,0.016507430107651464,0.018571669762005083,0.05251221214276236,0.013779196773468172,1
2020-11-03,58.0913454967,59.4724317563,58.0913454967,58.891423054,9967589,58.69568979445499,57.27717133490201,57.76367837748323,54.643230463262185,-0.16568272572933296,0.003152865013067295,-0.16883559074240026,62.45196946344434,54.93941012546564,12.799166964877232,0.017396867351455052,0.02486325211377194,0.03915966386530978,0.05099439061786404,1
2020-11-04,60.4249050388,62.091733283,59.1771650387,61.7774170998,9808323,58.87380229827001,57.292601402078,58.14593920818007,63.51932646542014,0.17809323894739748,0.038140939799933334,0.13995229914746415,62.85324558921188,54.894359007328134,13.51855370502818,0.02031800113388826,0.04900533721444811,0.09505318250883321,0.13154221912106134,1
2020-11-05,62.8632366418,66.7302781686,62.7775140464,66.6255061075,13118074,59.22383622957001,57.410517594446,58.9535170081153,73.05770088722551,0.8321459726964378,0.19694194637923423,0.6352040263172035,64.44407075664004,54.00360170249998,17.62882940184685,0.026081699755071422,0.07847671908762432,0.15945632355407313,0.17563025210040895,1
2020-11-06,65.6254091609,67.4922567945,65.1015488556,67.1779406113,8639662,59.568631557815,57.572438052462005,59.73679544651384,73.89527927811486,1.3791661550229293,0.43338678810797326,0.945779366914956,65.83001415459651,53.30724896103349,21.02241543254005,0.026060506897549542,0.008291636883157816,0.14070839398297008,0.19078169846358994,1
2020-11-09,69.7210442755,72.3212963366,67.8732461075,67.9113450388,10154563,59.883900214305,57.729215154754,60.51532397911252,75.00616926007314,1.8505314242243358,0.7168157153312458,1.13371570889309,67.0878822537098,52.67991817490021,24.059829148148612,0.02581460827988334,0.010917340139132259,0.09929078014205062,0.18183325045594545,0
2020-11-10,67.57797939,68.0923149625,65.8159038174,66.0921210693,8206498,60.10773143568,57.87761049216,61.04644751151133,67.34991454600046,2.0536227409978167,0.9841771204645601,1.0694456205332568,67.77621704633054,52.43924582502947,25.515804464709905,0.026776418989617405,-0.026788218794085217,-0.00800571837066999,0.12227074235746316,1
2020-11-11,66.8666723426,68.2923343518,66.5635000968,67.7779987793,8071944,60.44966934407999,58.054199038726004,61.687547632253114,70.36846298653775,2.323822732532605,1.252106242878169,1.071716489654436,68.81425565486926,52.08508303329073,27.67454777354686,0.026955759030285065,0.025507998271568466,0.008932369205421509,0.0971322849222751,0
2020-11-12,67.4922567945,67.7684740465,66.1302200006,66.4826351151,8555129,60.74922219141,58.144112516588,62.14422263061948,65.36779535064974,2.4057017186988148,1.4828253380422982,0.9228763806565166,69.51770897341612,51.98073540940388,28.86781580306717,0.027379811381966043,-0.019111860596799257,-0.02103786816302533,-0.002144388849661949,1
2020-11-13,68.8352441228,70.4258745045,68.1066020617,69.3495796953,10182304,61.21641033645,58.360323951704,62.830447112970006,70.38413187369592,2.6711386490877373,1.720488000251386,0.9506506488363513,70.73985513950656,51.69296553339344,31.114025636965614,0.028458569628989676,0.04312320916937962,0.049286640726576625,0.03232666950249885,1
2020-11-16,69.5019754205,70.9878337411,69.1305108404,70.940210077,8104390,61.808372481495006,58.617872727278,63.60280549049667,72.74307786103462,2.9755496232991447,1.971500324860938,1.0040492984382068,72.16741493329188,51.44933002969813,33.51986805638119,0.028129003563465815,0.02293640983389844,0.046655424395117384,0.044600280504965895,0
2020-11-17,70.2544293137,71.0259326724,69.5876980159,70.835438016,5460128,62.38509505402,58.974859713542,64.2916276357827,72.33438297103156,3.1717809671935555,2.2115564533274616,0.9602245138660939,73.38598185563714,51.384208252402864,35.26767665286504,0.02820588607498922,-0.0014769065511123225,0.06547277937109564,0.07176826632219058,1
2020-11-18,71.3469505135,73.2383276994,71.2514264132,72.3212963366,10667679,63.043254092195,59.369755136448,65.05635798824149,74.52069298372716,3.407907829526856,2.450826728567341,0.957081100959515,74.74580753216705,51.34070065222295,37.125473957477304,0.028179804707410043,0.02097620008030976,0.04285125669624512,0.06703204047221822,1
2020-11-19,71.8914378852,74.040730142,71.175007133,73.7923674812,8990081,63.79449238989,59.795595939495996,65.88835889233277,76.50070226619836,3.67142135622872,2.694945654099617,0.9764757021291031,76.20999752880826,51.37898725097175,38.9234389170744,0.027964150572794992,0.02034077400594847,0.04020508821589619,0.10994949814255728,0
2020-11-20,73.744605431,75.0532856051,73.2478801095,73.2908659546,7609745,64.55637335935,60.21369264789,66.59335956492966,74.37867329984614,3.7960324436170225,2.9151630120030982,0.8808694316139243,77.3339615065969,51.7787852121031,39.585830127479625,0.027747218240712673,-0.006796116505243921,0.0346638350432078,0.056832157838832664,1
2020-11-23,73.5266194342,76.9733200212,73.5266194342,76.8969007409,8809829,65.56713414446,60.676097832164,67.57464920073636,78.90896454998374,4.138063478584883,3.1597431053194556,0.9783203732654271,78.88012739854379,52.254140890376206,40.60873920385814,0.02759298272075784,0.04920169436302957,0.06326773213527703,0.0839677618297785,1
2020-11-24,77.3745212424,79.4187369888,76.2473368589,79.2372411982,9518681,66.72729604404,61.171213221002,68.68537224811385,81.22876756432858,4.545572918773544,3.4369090680102734,1.108663850763271,80.54938471134344,52.90520737673656,41.42858915841835,0.027006705448088742,0.030434782608282918,0.07378640776618495,0.11861016770027222,0
2020-11-25,79.1847029431,79.3041080685,77.4413881126,77.5082549828,5518508,67.872920365675,61.645654995456006,69.52564679427444,74.69253384347203,4.675120469615678,3.684551348331355,0.9905691212843228,81.27483582735857,54.47100490399143,39.49120028865371,0.026692600512521782,-0.021820373718908326,0.057543173672043535,0.07172104081291208,1
2020-11-27,78.1482664548,79.79128098,78.0240851244,78.9602213074,3098229,68.98732341575,62.151612526937996,70.42417770028639,76.4092892778317,4.839166485831981,3.9154743758314803,0.9236921100005011,82.18345939039017,55.79118744110983,38.2566979591716,0.026276183414366876,0.018733053981440095,0.02683229813711563,0.07003236245966238,0
2020-11-30,78.3297622454,78.8933544372,77.095113249,78.7882779268,7543095,70.10598768611,62.65775058927999,71.22075867424007,75.75393137191017,4.898829089419891,4.112145318549162,0.786683770870729,82.62522914456702,57.58674622765298,35.7151845988112,0.026179282976205802,-0.0021775949681118734,-0.005666063893832174,0.07500814597558958,1
2020-12-01,79.3327652985,80.8324936732,79.170374328,80.4981593222,7021837,71.257759995705,63.175798404722,72.10432064071246,77.79366940118734,5.026146977454644,4.294945650330259,0.7312013271243849,83.13437806848238,59.381141922927625,33.33424478539103,0.026197517454911074,0.02170223084439793,0.03857530194768932,0.04683229813688139,1
2020-12-02,79.9441195405,81.7590774461,79.8677002602,81.4725051452,5272794,72.386814100265,63.702474941204,72.99652868875889,78.88380506928107,5.1463450240179895,4.4652255250678055,0.6811194989501841,83.6223803959707,61.151247804559304,31.043129706310868,0.026159407997331,0.012103951583540162,0.03181708202183775,0.02820976491860483,1
2020-12-03,81.9023635966,83.1346244905,81.8498253414,82.2462503577,4824985,73.41025576316,64.25681803994999,73.87745456199137,79.7346067038391,5.243592740994771,4.620898968253199,0.622693772741572,84.31796195447218,62.5025495718478,29.717118072720528,0.025058376546571073,0.00949701020142979,0.043889427740922304,0.06112891299064116,1
2020-12-04,83.0295479801,84.9400299861,82.7716329093,84.8636107059,6876859,74.32216099308,64.85322163421,74.92375514712553,82.32841765304111,5.468820208100851,4.7904832162227295,0.6783369918781217,85.8408880092676,62.8034339768924,30.99674945474227,0.0205807457144598,0.03182346109174272,0.05423044974515445,0.07476409387858118,1
2020-12-07,85.2743643372,85.4558601277,83.8916529853,85.1501830068,5524095,75.220773112855,65.446974909602,75.89770065757071,82.59114713684865,5.605818205385674,4.953550214055318,0.6522679913303557,87.16616102114232,63.275385204567684,31.760875125187688,0.02066120161118884,0.0033768572715240364,0.04514011021320208,0.08074684772156937,1
2020-12-08,85.236154697,86.2200529301,85.0546589065,85.7328800186,4702966,76.111849861845,66.030856229048,76.83438440624016,83.14003460614491,5.695751802998743,5.101990531844003,0.5937612711547393,88.39727015399211,63.82642956969789,32.282542900867824,0.020693796096405835,0.006843168049955439,0.04239256678251202,0.06502907321703644,0
2020-12-09,85.556160433,86.0672143696,83.2779106409,83.8892648828,7017779,77.00170705252,66.572340900738,77.50627778496015,75.07475811101898,5.554234732711535,5.19243937201751,0.36179536069402474,88.8246852027967,65.17872890224331,30.708353367316082,0.020201444018166974,-0.02150417827326012,-0.01148131472365288,0.029663500996966574,1
2020-12-10,83.1059672604,84.6439052752,82.5901371187,83.956131753,5731157,77.810613701205,67.11897280296199,78.12054959144014,75.16884549340156,5.385397522186665,5.231031002051342,0.15436652013532282,89.20460063281979,66.41662676959021,29.286459493477402,0.020099166467639092,0.0007970849463683205,-0.01402288534957885,0.02078977932566506,1
2020-12-11,83.1537293105,84.6248004551,82.7143184491,84.3477805643,5776367,78.703870973665,67.650578322634,78.71361920790298,75.74632952192766,5.222988245073594,5.229422450655792,-0.006434205582197983,89.16874528386751,68.2389966634625,26.593035846239736,0.01889453630246802,0.00466492206253899,-0.016155988857478043,-0.006078343088507632,1
2020-12-14,84.5381600962,86.4684155909,84.3668853843,84.5388287649,6425496,79.46333342714499,68.232485502502,79.26840107047413,76.03906652397146,5.051463588180184,5.193830678160671,-0.1423670899804872,89.28755120141855,69.63911565287142,24.72641745713016,0.017527527185716225,0.002265005662530406,0.00774311090945301,-0.007179717298448796,0
2020-12-15,85.876166169,86.5496110762,84.0134462132,84.5101715348,6180768,80.141831500035,68.768291314866,79.76761730517183,75.89109882108792,4.8572255897721845,5.126509660482974,-0.2692840707107891,89.37433955501707,70.90932344505292,23.040421917430336,0.017402357478260924,-0.00033898305096824455,0.006599158039224395,-0.014261838439753038,1
2020-12-16,84.3573329743,85.2552595171,83.3829871512,84.586590815,5808136,80.82938913998501,69.30943540596401,80.2265671632507,76.02507906185835,4.6557879485309,5.032365318092559,-0.37657736956165877,89.19465351655732,72.4641247634127,20.69857131317636,0.017335411257159837,0.0009042613310579206,0.0028312570775699264,0.008312457299205267,0
2020-12-17,85.1358543917,85.2457071071,83.2301485908,83.5835877619,5559640,81.39250371125,69.816803820732,80.54628341074113,70.48821518232215,4.364897382655485,4.898871731005144,-0.5339743483496591,88.85901892171165,73.92598850078835,18.346935823353068,0.01769760204156999,-0.01185770750938131,-0.011299435028328753,-0.004437364887129647,0
2020-12-18,83.7364263223,84.2044944138,81.517019376,82.2366979476,14603135,81.81472023457,70.269041230054,80.70727527139435,63.77162364792961,3.9798050466248185,4.71505839412908,-0.7352533475042611,88.41971083686997,75.20972963227004,16.146215701435814,0.018166787748788153,-0.016114285715238874,-0.026901774613767082,-0.02502831257178928,1
2020-12-21,80.6080120375,82.657003989,80.0491960508,82.5423750686,5226564,82.27729569027,70.714248050498,80.88204668065204,64.59613872793724,3.657125122958334,4.50347173989493,-0.8463466169365965,87.60126738458536,76.95332399595463,12.941533018676907,0.017940313414036846,0.003717040307172459,-0.024167137210564738,-0.023615819209562128,0
2020-12-22,82.676108809,82.7334232692,81.711315396,81.8068394963,3901444,82.52279262804001,71.118265402244,80.97012218690422,60.998681724997844,3.3039613750252386,4.263569666920993,-0.959608291895754,87.25123163683573,77.79435361924429,11.459716420670585,0.015070750620418372,-0.00891100567058678,-0.021257142857534772,-0.031988244603039284,0
2020-12-23,82.4372985583,82.6283467589,80.2020346113,80.2689014815,4586080,82.574375642205,71.49133349903799,80.90333926258002,54.201620822406696,2.8669296354352127,3.984241660623837,-1.1173120251886242,87.179213060721,77.969538223689,11.15318737248168,0.014395091765125264,-0.018799626342606235,-0.023928446973319195,-0.051044607566029576,1
2020-12-24,80.9471225936,81.5680292455,80.431292452,81.5107147854,1409156,82.774498632335,71.90276298252,80.96118455046764,58.24726599881597,2.590916317999884,3.705576592099047,-1.1146602740991627,86.79164811707919,78.7573491475908,9.706249028671103,0.0137175583071545,0.015470665238719095,-0.012498553407781166,-0.024800000000058442,0
2020-12-28,82.500822085,82.8576045996,80.7751792131,81.071303924,2995539,82.880052763165,72.31435749763,80.97167210985168,56.35041184849245,2.31008773769814,3.4264788212188657,-1.1163910835207256,86.58995241480476,79.17015311152524,8.9524548500012,0.013278807506026107,-0.005390835579799136,-0.008991125642169084,-0.014171216168511247,0
2020-12-29,81.2145900744,81.3098276024,79.79128098,80.4981593222,4518003,82.965546832935,72.72420434818399,80.92657565388485,53.88546189692097,2.018018622643524,3.1447867815037975,-1.1267681588602736,86.35970026080092,79.57139340506909,8.182079326736943,0.013392813744398165,-0.007069635913803718,0.0028561228130528082,-0.024765652123543536,1
2020-12-30,81.5584768355,83.6504546321,81.3483238149,83.0868624403,6294301,83.09498198883999,73.203922253468,81.13231725259105,61.975909814530745,1.9726984123193176,2.910369107666902,-0.9376706953475842,86.29476431319412,79.89519966448586,7.701505548876288,0.01440296510657651,0.03215853803238544,0.019336692839090563,0.015646893974652132,0
2020-12-31,83.0964148503,83.1632817205,81.3578762249,82.4372985583,5716036,83.143221659495,73.666648493324,81.25660118646809,59.1706977425305,1.862893169628606,2.7008739200592426,-0.8379807504306367,86.27201087215879,80.01443244683121,7.526264078333271,0.014332959724525265,-0.007817889169502878,0.016849298928022005,0.027014161609023146,1
2021-01-04,83.3352251011,85.3030215672,82.2940124078,82.98178593,8449949,83.17999843811,74.143121900462,81.42090449537588,60.77347528256937,1.7990687593412815,2.520512887915651,-0.7214441285743693,86.2829345649426,80.07706231127742,7.460774669625235,0.014253753040672145,0.006604866743843418,0.030853209920727487,0.0180475799834785,1
2021-01-05,82.5328226586,85.6086986882,82.5328226586,85.5895938681,6987214,83.21629759622002,74.679561747278,81.81792253087342,67.3785410317412,1.9365919342712488,2.4037286971867706,-0.46713676291552186,86.41274281947662,80.01985237296341,7.682257720155522,0.01420807720098483,0.03142626913693847,0.030121867095393995,0.055732296452708496,1
2021-01-06,84.3382281542,87.786648175,84.3286757442,86.7645403018,9817978,83.29701546097,75.25378762200599,82.28902898524737,69.84242827426893,2.1159965083802206,2.346182259425461,-0.2301857510452403,86.75551560898361,79.83851531295639,8.304019367018359,0.014503027759673909,0.013727678571657798,0.05249130938515356,0.07784502195284171,1
2021-01-07,88.0030102622,90.8051142204,87.8726198653,90.327589243,8784052,83.52675092219,75.926705706092,83.05460615265238,75.8093836046919,2.5166735516852157,2.380280517877412,0.13639303380780365,88.04883186546515,79.00466997891486,10.827862674768046,0.01702370749097161,0.04106572718309076,0.08852308046487001,0.0871464704531677,1
2021-01-08,91.9801561782,93.4225700927,90.6331708398,91.282830246,9059720,83.89642919035,76.63168224688,83.83824654249501,77.11661518968968,2.8781158331271826,2.479847580927366,0.39826825219981643,89.54511381518543,78.24774456551458,13.465852311829149,0.01610467058420636,0.010575296108370713,0.0665178571436349,0.10730011587466581,1
2021-01-11,90.3849037032,93.9001905942,89.9645976619,93.5754086532,8359081,84.37739303536,77.411275048942,84.76559531494311,79.9210339770657,3.311381814510767,2.6461544276440465,0.6652273868667207,91.42850280044533,77.32628327027467,16.713267645352406,0.0167279438389345,0.02511511092526031,0.07849829351609783,0.12766202371368984,1
2021-01-12,94.1198960249,96.3551599719,93.8046664939,95.5336527093,7134103,84.93668664261,78.18850489700999,85.79112459059616,81.95526559802853,3.769311874890363,2.8707859170933103,0.8985259577970526,93.50168297451967,76.37169031070033,20.167954909634737,0.017073306854850687,0.020926908942043188,0.057635363790066396,0.11618303571488542,0
2021-01-13,95.9921683907,95.9921683907,93.5754086532,93.6613803434,5309991,85.392814221535,78.933432653486,86.54067275752985,74.21368004955346,3.935778806114371,3.0837844948975226,0.8519943112168482,94.75867512958567,76.02695331348434,21.935946234896917,0.018024266653852154,-0.019598040196339483,0.026056927584190648,0.07948915556528258,1
2021-01-14,98.2274323377,101.828690919,98.1032510073,101.0644981166,11662982,86.220530550625,79.805468353212,87.92389422029842,81.61060012762927,4.611911536917063,3.389409903301431,1.2225016336156318,97.79392317604217,74.64713792520783,26.84602507432211,0.02434960552910883,0.0790413054564989,0.08003266639374607,0.11886632825675747,0
2021-01-15,100.4531438747,100.7015065355,96.6226274527,98.5235570487,8981236,86.91737886231,80.598111033106,88.93338591824143,73.78701001638652,4.886391607919535,3.688806244225052,1.1975853636944827,99.63508175924086,74.19967596537914,29.26388960043902,0.025489771460882178,-0.025141776937025684,0.03129687031331252,0.0793218920051757,1
2021-01-19,100.3958294145,104.6753091079,99.7176083024,104.3314223469,9362201,87.95477059155999,81.449191138048,90.39986557811366,78.79165171782005,5.50906021602097,4.052857038584236,1.456203177436734,102.64701991054929,73.2625212725707,33.40864678555399,0.027435861371983034,0.05894900135740322,0.11392146863925534,0.11494487545935161,0
2021-01-20,105.1815868395,105.9123462068,100.4531438747,103.0131897627,9925975,88.99359518231499,82.17694481115201,91.60113454807427,75.27857210293656,5.828966523730969,4.408078935613583,1.4208875881173864,104.81628428892206,73.17090607570792,35.55916372227064,0.027262054155528574,-0.012635048526578152,0.019281663516022673,0.07829217078257789,1
2021-01-21,104.2263458365,104.388736807,101.513461388,103.1373710931,7273779,90.02334498354,82.89613342078799,92.69982374283863,75.38989135190546,6.023084602866376,4.7310800690641415,1.2920045338022348,106.69072579648208,73.35596417059791,37.02901911940636,0.027306368072026375,0.0012054896143500748,0.04682955206458295,0.10117287098436134,0
2021-01-22,103.2168471446,104.8411389461,101.494356568,101.5707758482,6207648,91.011541801135,83.569322036976,93.54467632430162,71.04371298274721,5.981561715383663,4.981176398328046,1.000385317055617,107.95444269776014,74.06864090450985,37.23242252866406,0.027588544715416632,-0.01518940446412842,-0.02646035524677215,0.00500945179597978,1
2021-01-25,102.6979602317,105.1720344295,102.2107873202,103.2806572436,8437795,92.16212958924001,84.31309276046198,94.47191260233004,72.88133664633105,6.017264388181161,5.188393996298669,0.828870391882492,109.15600661306868,75.16825256541134,36.878221238092394,0.026682817311513316,0.016834383523420815,0.002596439169742615,0.04828388598016797,0
2021-01-26,103.9782697481,104.0209690209,100.558220385,100.8065830458,6029762,93.12692300226,84.973664445792,95.07521454932717,66.32278595767426,5.779301709913895,5.306575539021715,0.47272617089218016,109.77995091401282,76.47389509050718,35.7641536408299,0.027919377230672445,-0.023954864965320732,-0.022598870056480758,-0.03378502105894787,0
2021-01-27,97.5301064056,99.4023787714,93.6900375735,94.167658075,9782747,93.78174070981001,85.52736490499,94.98878059939125,52.634932560461536,4.997401873601774,5.244740805937727,-0.2473389323359534,109.49024889281195,78.07323252680807,33.50014206200111,0.03266340654107577,-0.06585804984366639,-0.07288629737616792,-0.08586795252216206,1
2021-01-28,96.6608370928,98.7241576593,95.4954430692,96.6226274527,7432989,94.587964116335,86.072825860138,95.14438506161113,56.23210491462231,4.5236898510814285,5.100530614966468,-0.5768407638850395,109.09591590876445,80.08001232390555,30.676105417780064,0.032698283874249966,0.026070196794580225,-0.06446540880540896,-0.06316569417422202,0
2021-01-29,95.74380573,95.9635111606,91.7700031575,92.3527001693,7943425,95.051256002785,86.50107566198399,94.87851030996245,49.22910515006035,3.760374952128089,4.832499482398793,-1.0721245302707043,108.62204524856355,81.48046675700644,28.554676321964507,0.03435041905403226,-0.04419179436504439,-0.08386240879386919,-0.09075519608786531,1
2021-02-01,94.803848583,97.5778684557,93.3079411723,96.6799419129,9083609,95.76338817051501,87.017965739922,95.05007522452793,55.30406189924376,3.464676011387681,4.558934788196571,-1.09425877680889,108.04532331659769,83.48145302443234,25.650586055317138,0.035365322027293616,0.04685560612377726,0.02667883952151695,-0.06391046984849647,1
2021-02-02,98.3802708982,99.2877498511,97.2148768746,98.9534155,5069962,96.561969649015,87.55060812318999,95.42182191743002,58.13813093839936,3.3748792811587265,4.322123686789002,-0.9472444056302756,107.40892245277476,85.71501684525524,22.46630395628101,0.03551715338684433,0.02351546289868689,0.024122590212535933,-0.01838339808579792,0
2021-02-03,99.6507414322,99.7367131225,95.3521569187,95.3999189689,5399162,97.052485904055,87.982759152944,95.41973592233192,52.531373229609265,2.9825957460920876,4.05421809864962,-1.0716223525575321,106.69019448246029,87.41477732564972,19.86081755377809,0.03650095384744855,-0.03591080220065779,0.03299544890418882,0.013085818624888779,1
2021-02-04,95.7247009099,99.0871492404,95.7247009099,98.619081149,6356334,97.645212946415,88.48932345683198,95.72443546772888,56.613418357733245,2.8980606632291313,3.8229866115655224,-0.9249259483363912,106.05964129566084,89.23078459716916,17.2346971148774,0.03699305675461757,0.033743867027281604,0.020057306590512747,0.02066238260056963,0
2021-02-05,100.1617953688,100.4913535148,96.1832165913,96.2023214114,6349259,97.93894955483499,88.87543187024201,95.76994841474517,52.93319208239703,2.6060131900296284,3.5795919272583436,-0.9735787372287152,105.69551732205619,90.18238178761379,15.839597631948008,0.036726379845732716,-0.024506005424534405,-0.02780191138121957,0.04168390566862623,1
2021-02-08,97.2912961548,101.494356568,97.2053244645,101.4370421078,6621431,98.446660147925,89.319427888434,96.30967162360754,59.13045184079651,2.7650874681185655,3.416691035430388,-0.6516035673118226,105.70750092522373,91.18581937062628,14.75081179267769,0.038421575694999516,0.054413662992748524,0.06328226694687311,0.04920462404896475,0
2021-02-09,101.4529946325,102.5546740813,100.0906299141,100.6632968954,5763794,98.801054560035,89.78252872668601,96.72430260187349,57.916568583268656,2.7964840796706625,3.292649644278443,-0.4961655646077805,105.76196719165334,91.84014192841666,14.09076585794668,0.038260758253564425,-0.007627836895891749,0.02072839984496988,0.017279660199298386,1
2021-02-10,102.15347286,103.3570765238,100.3289625443,101.1409173969,4986338,99.081417794415,90.226142648476,97.14493258235221,58.48314673298479,2.827314580810665,3.1995826315848874,-0.37226805077422265,105.94433984996004,92.21849573886996,13.853096187591877,0.0380622773264251,0.00474473334602088,0.05133551782373891,0.060178231701345064,1
2021-02-11,102.6249798191,109.1840466421,102.4878072111,107.9422333382,12147082,99.795460444155,90.80922175670399,98.173246940052,65.58797493212441,3.3618045404877535,3.2320270133654607,0.12977752712229274,107.20408519804897,92.38683569026102,14.847618761255783,0.04017876677058373,0.06724593879853868,0.06413033242320632,0.0945370011622193,1
2021-02-12,107.9422333382,112.5464949726,106.6908676243,111.4766250492,8157465,100.316066790785,91.42879107124399,99.44023533139942,68.59561497783923,4.024199095066805,3.39046142970573,0.6337376653610756,109.30335931159564,91.32877426997436,17.917952344671097,0.03707704066446268,0.03274336283117463,0.10742076295232228,0.1587727137319368,1
2021-02-16,113.2056112647,115.7102531745,112.4223136422,113.0527727042,9260050,101.04252757356,92.060396422424,100.73666746214234,69.8606887589604,4.62304194540576,3.636977532845736,0.9860644125600238,111.55264474935059,90.5324103977694,20.80335365351807,0.0363990050755847,0.014138817481282429,0.11777483944065059,0.11451172426790235,0
2021-02-17,111.2473672085,111.8205118103,107.0729640255,110.5309364563,7216045,101.35250327903,92.626090144396,101.66945498539545,65.32630452188552,4.838364455720253,3.8772549174206397,0.9611095382996133,112.57394873655076,90.13105782150924,22.143400694558856,0.034859830080289804,-0.022306717363742345,0.023982300884855645,0.09802619092789633,0
2021-02-18,108.8974743412,110.454517176,107.4072983765,108.3529869695,8239621,101.61949313937001,93.09587766966801,102.30598184102445,61.607247275080994,4.778186811512853,4.057441296239083,0.7207455152737703,113.23351407420192,90.0054722045381,22.85786038885947,0.03506691460651014,-0.019704433497323093,-0.02802056555193866,0.07130714015869755,1
2021-02-19,116.1668583739,118.9275048726,113.5781552558,114.1130902175,21054135,102.16827909559001,93.67513581388201,103.43046835306974,66.96397642898465,5.136082229008352,4.273169482792937,0.8629127462154145,114.99161801590964,89.34494017527038,25.102388008947358,0.036799759996735945,0.053160539539361285,0.009378960709564454,0.05716814159260286,0
2021-02-22,112.689781123,114.5046435046,109.489723763,110.0724207748,7798801,102.59336134191999,94.16192662900602,104.06303525037738,60.578721001504775,5.035621164904711,4.4256598192152925,0.6099613456894186,115.86509561109825,89.32162707274172,25.872501096726214,0.0376715940455363,-0.03540934203953705,-0.004148301789529185,-0.012596401028289628,1
2021-02-23,107.8084995978,112.5273901525,105.7356266213,110.9416900876,9387863,102.97641298412,94.70297513310199,104.71814523487478,61.43076836215171,4.968869778780146,4.534301811128263,0.43456796765188255,116.73855161542322,89.21427435281679,26.72872016512262,0.03757295608646883,0.007897248981000082,0.02389138675825042,-0.018673426277864058,1
2021-02-24,110.0973514683,117.7242605618,109.4944715776,117.5233005982,10098078,103.81224886174,95.37431851000599,105.93768384090576,67.20962500719912,5.384975146294195,4.704436478161449,0.6805386681327459,118.91134581185692,88.71315191162309,29.089239691216605,0.03887447876521372,0.05932495264316895,0.029884480160865978,0.06326160228149824,0
2021-02-25,115.953898978,116.0017465883,108.7097707675,109.0255649959,11301926,104.55514420778499,95.86787419863798,106.23176776042902,55.62180519001441,4.971734344632608,4.757896051455681,0.21383829317692715,119.1362025185707,89.97408589699928,27.891613408917333,0.039543945254689815,-0.0723068154063582,-0.009510609211019205,0.006207286436776593,1
2021-02-26,111.5136407353,115.0735029471,108.5566584143,113.1021813997,11588920,105.37912190513501,96.43914125133401,106.88609286893102,59.25144700321108,4.9165124115013725,4.7896193234648194,0.12689308803655308,119.93648804800806,90.82175576226196,27.628558446288753,0.03989428192397536,0.03739138067253589,0.01947411573047142,-0.008858833074042671,1
2021-03-01,115.9634685,117.2075063697,114.3175107032,116.987407362,7008040,106.61085726476999,97.088685967878,107.84812282065187,62.407179391551715,5.127151288103363,4.857125716392528,0.27002557171083463,120.71267085858165,92.50904367095833,26.454741957077687,0.03824967502039718,0.034351467975402894,-0.004559889260021377,0.06282215416473447,0
2021-03-02,116.595056957,116.6620436115,112.1882920416,112.4418843766,6505039,107.398954387955,97.64579183911,108.28562392121836,56.859128524054924,4.87114685027413,4.859929943168849,0.011216907105280782,120.94341147648014,93.85449729942987,25.2226982389396,0.03900232971708446,-0.03885480572566724,0.03133503028237894,0.013522367360867094,0
2021-03-03,113.1883070984,114.6907220641,110.1451990787,110.4705628292,7257143,107.97481175441499,98.183531340456,108.49371334102614,54.592415777256164,4.457805508019618,4.779505056139003,-0.32169954811938517,121.00352624428493,94.94609726454505,24.132877433494965,0.03923892353557976,-0.017531914893897382,-0.023267619933871386,-0.06001139972329883,0
2021-03-04,110.3733364849,111.475362647,102.5182899852,103.5805069355,12433371,108.383841152745,98.610407520214,108.02578892145222,47.469455855970736,3.5335272852968984,4.530309501970582,-0.9967822166736839,120.27142199657621,96.4962603089138,21.936075926812876,0.04113542284003438,-0.06237006236994391,-0.11460122699372555,-0.049942947423430195,1
2021-03-05,106.7862968305,109.417915401,101.1020007182,108.5662279364,9962705,108.881198492115,99.13088457757,108.07725930382819,52.31760690186786,3.1668308967933854,4.257613780935143,-1.090782884141758,119.8930859973588,97.86931098687121,20.22734440426141,0.04178667649349022,0.048133776792621985,-0.0344680851062521,-0.0401049158129857,0
2021-03-08,107.9442090015,109.2073859154,100.9584578871,101.1307092844,12091539,109.12761788576499,99.51736197333202,107.41568311150169,45.5637523445424,2.25029712846964,3.8561504504420427,-1.6058533219724027,119.1716214771663,99.08361429436368,18.407812405316847,0.04452466328184999,-0.06848832084647771,-0.08454608454598422,-0.13554192229026685,1
2021-03-09,105.5135503946,110.0016562476,104.7001410182,109.3030811361,12040811,109.52091983718,100.09804556642399,107.59543530432059,52.77913412135245,2.158497803810647,3.5166199211157636,-1.3581221173051166,118.92519698937272,100.11664268498728,17.17348094989277,0.04646393386187249,0.08080999242987263,0.05524759793040479,-0.027914893617286274,0
2021-03-10,110.8150656239,111.4849321691,107.7336795159,107.8293747366,8820310,109.87922372924001,100.62441876544801,107.61771525025196,51.454660287681484,1.9444163659688627,3.202179210086384,-1.2577628441175213,118.4119647993008,101.34648265917922,15.531127324100567,0.04656447396847897,-0.01348275258283893,-0.00678713089517724,-0.02390852390861431,1
2021-03-11,112.2122158468,112.7768176492,110.6619532707,112.1452291923,7715517,110.42943931901,101.245897270814,108.04890705425653,55.014984141970615,2.0988148385877565,2.981506335786659,-0.8826914971989024,118.00255479600882,102.85632384201118,13.715754646044173,0.04723863543144757,0.04002484913079152,0.1089137017414259,0.08268662232106361,0
2021-03-12,109.6188753646,111.4370845587,108.4513936715,109.3700677906,7426014,110.50083104163,101.823335440182,108.17473188628925,52.35600692946619,1.9744837883548314,2.7801018263002932,-0.8056180379454618,118.00542335597794,102.99623872728205,13.582870361437681,0.04542968650441095,-0.02474613874961462,0.000612852389921148,0.007404142793566715,1
2021-03-15,109.6954315412,110.4609933071,108.2312946638,109.934669593,7068801,110.42373326882,102.36029158323599,108.34234500121408,52.855242733586685,1.8996116416303863,2.6040037893663124,-0.7043921477359261,117.91831814767902,102.92914838996099,13.574228396379057,0.044850720180277893,0.005162306413496687,0.019524316648804607,0.0870552611654436,1
2021-03-16,111.9921168391,116.0509339318,111.8868520963,113.398836584,10383010,110.44103646281,102.97952234375002,108.82391562814608,55.908041673295195,2.095646937448805,2.502332418982811,-0.40668548153400597,117.96137443267384,102.92069849294617,13.618738488381057,0.0452996384958428,0.03151114206123551,0.011178428192878176,0.037471546138759804,1
2021-03-17,111.1882769848,115.9251904117,109.9538086372,114.7385696745,8342614,110.65141812372,103.61465801864,109.38721601351313,57.06594124417791,2.3322271230165086,2.4683113597895505,-0.13608423677304193,118.40193961245458,102.90089663498543,14.008896804320525,0.045012200507530416,0.011814345992056108,0.04908565928822983,0.06407525736634767,0
2021-03-18,112.7863871713,113.6667832021,109.1978163933,109.3604982686,9044761,110.701793688675,104.09007610664999,109.38467146637853,51.24785493045028,2.06198394117564,2.3870458760667685,-0.32506193489112833,118.40485608083365,102.99873129651634,13.91677972955319,0.04612438875849704,-0.04687239366114604,-0.005222841224935659,-0.024831470261877153,1
2021-03-19,109.5805972763,112.0208254053,107.3126205446,109.9155305489,13044677,110.49191570524502,104.55309591159201,109.43522947423772,51.79409030163869,1.8710326394020171,2.2838432287338186,-0.4128105893318015,118.03891698318671,102.94491442730333,13.660730253016032,0.04451361481807396,0.005075253762439669,-0.03071729957758207,0.004987312976200586,1
2021-03-22,112.5421729679,116.2505541623,111.9346997066,114.1931069162,11318720,110.69795001231498,105.030406265056,109.8883606591865,55.895500448688345,2.0413357725616805,2.235341737499391,-0.19400596493771038,118.41105547141319,102.98484455321676,13.935407942496036,0.04458596437320109,0.03891694236418175,-0.004753961635110326,0.03873607242342736,0
2021-03-23,114.7385696745,115.0256553367,110.5853970941,111.3700979042,8263821,110.71937040314499,105.43215161821999,110.02947849204493,52.70828805447494,1.926303767412577,2.173534143482028,-0.2472303760694512,118.43744239059436,103.00129841569563,13.941683301389386,0.04498404364758224,-0.024721360931808656,0.018375918795324298,-0.017890295358517272,1
2021-03-24,117.370188245,120.3845876985,115.2361848224,115.8869123234,20252469,110.63755098940499,105.878381691624,110.58732933312636,56.93908406432638,2.1745424775320856,2.17373581029204,0.0008066672400457442,118.0956916569758,103.17941032183417,13.482114527797226,0.043889181030587254,0.0405567967003615,0.05432700679039537,0.010008340283112371,0
2021-03-25,113.647644158,115.2936019548,111.216985551,114.5663182771,10381612,110.91458865346499,106.25903500298,110.96628066112385,55.37915396398939,2.2389038509689385,2.18676941842742,0.05213443254151873,118.5227556771024,103.30642162982758,13.718965405728396,0.0405802498958911,-0.011395540875355104,0.0032682477163343826,0.04760238011822149,1
2021-03-26,114.5184706668,123.4276957182,114.0420998579,123.1023319677,14036994,111.414596181865,106.84785403546601,112.12209507127396,62.5257338102856,2.944750419709834,2.338365618683903,0.6063848010259312,120.6685294191321,102.16066294459789,16.611707180918494,0.04299962818711856,0.07450718342850182,0.10534456092147826,0.11997213999647993,0
2021-03-29,121.5712084357,122.3272006796,118.1548890551,120.2984619998,10539574,111.58014891375501,107.23253331312999,112.90079668351454,59.17320154382453,3.2405351650765226,2.518799527962427,0.7217356371140955,121.33202150397987,101.82827632353015,17.47958339392878,0.042852847770548194,-0.022776741293866642,0.03806771263426967,0.05346518059168304,1
2021-03-30,119.5137611897,122.3941873342,118.5261865116,121.3032618177,7970891,112.02321778580999,107.68812740850998,113.70103145819887,60.0008973963539,3.5155011457509886,2.7181398515201396,0.797361294230849,122.65679884871773,101.38963672290225,18.984602072829755,0.041754853109310944,0.008352557474107014,0.05880387571070811,0.08919058257490686,1
2021-03-31,124.3750784036,129.6670241109,123.4468347624,127.8488149167,18589548,112.892130390185,108.15847525990598,115.04843940662754,64.98142558415636,4.213020025735233,3.0171158863631584,1.1959041393720744,125.52782456154941,100.2564362188206,22.385429573686157,0.04280525764600873,0.05396023982303899,0.038557213930320966,0.10322047894345898,1
2021-04-01,132.1933779386,136.231716254,131.2947041205,135.4278763998,15929211,114.48449886339999,108.80676899264799,116.98933816788205,69.68789287585594,5.316095049722492,3.4769117190350256,1.839183330687466,129.77334843241283,99.19564929438717,26.70902999235748,0.04084829212509922,0.05928143712585965,0.1257656511022156,0.18209154694351293,1
2021-04-05,139.2365461855,139.7150222892,135.6384058854,136.8920132772,14377393,115.90078813043999,109.48186183632998,118.88483103543615,70.51238620292142,6.236542582385752,4.028837891705171,2.207704690680581,133.76526613233048,98.03631012854952,30.827189857906728,0.04006538738778885,0.010811192764166755,0.1285105711578265,0.1120180348258406,0
2021-04-06,137.6862836094,139.045155744,131.0546048117,133.533111029,18004754,117.52090821766998,110.12110853994598,120.27990532053747,66.07230565067803,6.618672605756856,4.546804834515509,2.0718677712413474,135.60927835508184,99.43253808025813,30.783237488105392,0.036435215029130615,-0.024536875218559184,0.04446107784419917,0.11001511415185017,0
2021-04-07,134.2125470963,135.7628096724,130.9302010247,133.150330146,13702741,118.713270668165,110.71850199799401,121.5056600658196,65.56561934858209,6.812100529631579,4.999863973538723,1.8122365560928557,137.60378286209047,99.82275847423954,31.825443082483083,0.033083876403456086,-0.002866561559528691,-0.01681741096697409,0.09766487851006267,1
2021-04-08,134.557049891,135.5836682191,132.2603645931,133.3512901096,10237997,119.989366436815,111.36939613927001,122.6338153080844,65.71427350087913,6.902046842816247,5.380300547394228,1.5217462954220196,139.21175582548153,100.76697704814849,32.04015482286725,0.03268097182078154,0.0015092712378532713,-0.02586508213908867,0.04303892215571303,0
2021-04-09,132.3656293359,134.1455604418,131.5713590037,132.9302311383,9637207,121.028616534115,112.144647600536,123.6144263395335,65.08032707071803,6.860273046685535,5.67629504725249,1.1839779994330453,140.68484172545928,101.37239134277073,32.48194642595731,0.03209610331366022,-0.0031575170435467204,-0.004514834456070371,-0.018442622951028498,0
2021-04-12,131.8871532322,132.757979741,128.7244261865,129.1885480071,11147473,122.01954054494001,112.79596601162399,124.14529506977793,59.579842338158,6.450882693989556,5.831212576599903,0.6196701173896528,141.21776993620676,102.82131115367326,31.46746710490359,0.03229285488217054,-0.02814772154655454,-0.029754204398561246,-0.05627403005974374,1
2021-04-13,130.7445522965,131.0928829,127.4660340337,129.2842432279,8034306,122.98701922668499,113.53459687279602,124.6347187038848,59.67371677806887,6.064254740756084,5.877821009431139,0.18643373132494467,141.59277939902213,104.38125905434785,30.256461680795294,0.032334532174927245,0.0007407407411585964,-0.03049874416930909,-0.031818833309270045,0
2021-04-14,128.8727537787,131.2364257311,127.504312122,128.3655691087,8134216,123.73535585292,114.168309416712,124.99003779005768,58.27450370112798,5.618948240927523,5.826046455730417,-0.20709821480289392,141.9379213659084,105.53279033993158,29.421769368207396,0.03204789085440365,-0.007105847520649355,-0.03433878050547401,-0.03593502946672,1
2021-04-15,130.1455002146,130.2794735236,127.1311007611,128.6239462047,8269392,124.42962467942998,114.761720030806,125.33612430573791,58.56874664206634,5.226639062213636,5.706164977027061,-0.47952591481342566,142.2620834346954,106.59716592416456,28.662722082795746,0.03204046368265942,0.0020128224242219606,-0.004370370370359589,-0.035450304987785675,0
2021-04-16,127.7531196959,128.9397404332,127.2842131143,127.9732187037,7686310,125.36026070118501,115.413186025502,125.58727615316288,57.469558004179845,4.807801596620564,5.526492300945762,-0.7186907043251978,141.8413998973372,108.87912150503283,26.294041036556955,0.02967127389655582,-0.0050591473843011325,-0.010140636565346473,-0.037290331869225035,0
2021-04-19,127.6519698476,129.4564946252,123.1597491001,125.2554744345,12826374,126.12725789546498,115.945913891212,125.55567598948069,52.99609090760872,4.208062710688424,5.262806382894294,-1.0547436722058707,141.0124541842536,111.24206160667634,23.603456599564822,0.030396157215473372,-0.021236820459228034,-0.024228418070318836,-0.030444444443975316,0
2021-04-20,123.8136345435,126.0018971563,122.7865377392,123.0544843573,7583294,126.57032676752002,116.48295715012999,125.31746726260633,49.626957411716205,3.5146491305297616,4.913174932421389,-1.3985258018916271,140.50544154919373,112.63521198584628,22.019560409714767,0.02989291261840876,-0.017572007029129644,-0.04330034967622909,-0.04818652849766303,1
2021-04-21,124.5377602789,129.3416603603,123.4468347624,129.2363956175,12108821,127.46364165318501,117.038944220324,125.69069853450095,57.75112537463321,3.424467319190285,4.615433409775168,-1.1909660905848831,139.55527393181987,115.37200937455015,18.972676634384737,0.030767808169556623,0.050237187961799545,0.009870634860912997,0.006783957059876222,0
2021-04-22,128.9671092663,129.8966926407,124.8344154632,126.0784533329,11483492,127.97321870366002,117.54724734907398,125.7276275629199,53.044723530314094,3.0628711614583324,4.304920960111801,-1.2420497986534684,138.87039783505688,117.07603957226317,17.03040564546681,0.0305692997135987,-0.02443539429826358,0.006570402628033323,-0.019790194181641296,1
2021-04-23,127.7435501739,129.3512298824,127.0354055403,129.0545746981,8082300,128.69763152471,118.10552049509799,126.04447967103229,56.63172713636224,2.9820762047730938,4.040352009044059,-1.0582758042709655,137.69398009667785,119.70128295274216,13.98059694710161,0.03060385469535371,0.023605313092965874,0.04875962361012531,0.008449861661319114,1
2021-04-26,129.0258661319,132.7005626085,128.4229862412,131.3895380843,7927184,129.11199183054,118.57446659002,126.55353285324827,59.26120609157306,3.0710564238787015,3.8464928920109878,-0.7754364681322863,137.79734194062397,120.42664172045606,13.453978963446723,0.026292908050799795,0.018092837016140173,0.016660496112663514,0.048972419588795724,0
2021-04-27,132.2029474606,132.2986426814,129.7148717212,130.8919229364,5767364,129.64166487737,118.962772547764,126.96671286116748,58.44788031079859,3.066076681477938,3.690409649904378,-0.6243329684264403,137.34952201936707,121.93380773537292,11.891018445787552,0.025625220044280857,-0.003787327021278819,0.03817836812123976,0.06369080021775786,0
2021-04-28,130.7579496274,131.0211114844,128.7770585579,129.8488450303,6172656,130.06894403799998,119.298693994286,127.2412016391801,56.69149498472361,2.944025635161921,3.541132846955887,-0.5971072117939658,136.76099778875928,123.3768902872407,10.290010117717557,0.02575679791787468,-0.007969001315740631,0.006154530624412624,0.004738985561100417,0
2021-04-29,131.3432215974,131.6766237465,127.3607692909,129.561759368,6668375,130.15459126056498,119.67931045252,127.46220713716295,56.19100284884383,2.7919500259825725,3.3912962827612243,-0.5993462567786518,136.77425093542493,123.53493158570504,10.171995641102843,0.02289339609783058,-0.002210921954931555,-0.013911143481814325,0.02762808349101986,0
2021-04-30,126.3196052892,128.6143766827,125.7435200603,126.997127452,8691846,129.733053813175,120.05219326216998,127.4179138338141,51.792130614139616,2.436399352830847,3.200316896775149,-0.7639175439443022,136.02125922022896,123.44484840612103,9.69406827670832,0.018732038316058727,-0.019794667257609255,-0.029755812253537295,-0.015942458846677998,1
2021-05-03,128.4708338515,129.7722888537,126.0306057225,127.1311007611,7750181,129.24500818737,120.31255347304199,127.39059830307941,52.00350967864806,2.140756105328734,2.9884047384858663,-0.8476486331571325,134.6941058122399,123.79591056250005,8.432198196730699,0.01847755522784357,0.0010549318066319646,-0.02093006116893703,-0.03241077931538028,0
2021-05-04,124.3942174478,125.0545144709,119.9252506389,123.1788881443,14199065,128.727297043135,120.57468282043199,126.98948304986233,45.64514639832529,1.5694544792466871,2.7046146866380307,-1.1351602073913436,134.41083140910928,123.0437626771607,8.830348335628928,0.018922216645447736,-0.031087692886627716,-0.049265086047268314,-0.058926743675755566,1
2021-05-05,126.0618023645,126.8153065326,123.2171662326,124.68130311,7276634,128.30384569133497,120.84947508088,126.76965638892305,48.23618136283258,1.2238187355146266,2.40845549641335,-1.1846367608987234,133.86682040954383,122.7408709731261,8.67156348780364,0.019260563489450478,0.012197016780505221,-0.018235249792364683,-0.03979659518029721,1
2021-05-06,124.0592841751,126.2124266419,122.2602140251,126.0593142887,7270467,127.93924690028999,121.02019535469,126.70200476033038,50.56388046944303,1.0490016658144157,2.1365647302935633,-1.0875630644791476,133.0702510723886,122.80824272819139,8.021001055442317,0.019497656295524628,0.011052268017156086,-0.008430560783187602,-0.02703301573230299,1
2021-05-07,126.8440150989,128.3225062594,125.9731885901,127.2267959818,7524772,127.65407514246499,121.38421997440801,126.75198487666083,52.51221905218086,0.9932147329824659,1.9078947308313439,-0.914679997848878,132.2498824292959,123.05826785563409,7.200408262253867,0.019676852901596514,0.009261367949584765,0.0328620261027035,0.0018084545249796857,0
2021-05-10,126.2363504471,126.2363504471,119.1501193509,119.3223707482,10471528,127.16076627952,121.508623761378,126.04440257871217,40.79065350539787,0.3076358953712912,1.5878429637393334,-1.2802070683680422,132.9539146729992,121.36761788604082,9.111534261668265,0.023203774694406074,-0.06212861978172224,-0.04298104229045541,-0.06142265713229267,0
2021-05-11,114.8342648952,118.9874374756,112.5567186415,118.2314452317,15287779,126.60812637971,121.53350451877199,125.30031140280624,39.4808059716321,-0.32002974105762405,1.206268422779942,-1.5262981638375661,133.49170458282288,119.72454817659712,10.873833141592128,0.023209316478110625,-0.009142673831063375,-0.062096712973328416,-0.040164698570783086,0
2021-05-12,114.1931069162,115.8007866248,109.4657630114,109.934669593,18648177,125.68658140392499,121.4833602231,123.83691694472947,31.259496573884263,-1.4699945528448808,0.6710158276549776,-2.1410103804998584,135.63493702499693,115.73822578285304,15.83041802863655,0.0275106862012695,-0.07017401861611927,-0.13591575780367582,-0.11827461815978779,1
2021-05-13,113.389267062,116.2409846402,112.8150957375,114.7577087186,14228038,124.99326952962001,121.569103140888,122.97223044700284,39.18717917108119,-1.9694681981819713,0.14291902248758775,-2.112387220669559,135.9115790774826,114.07495998175743,17.47023593982433,0.029761049535937965,0.04387186629528106,-0.03825487208289369,-0.08965307826613389,1
2021-05-14,116.6429045673,120.3845876985,115.0830724692,119.4563440573,12422296,124.56742579729999,121.886619883324,122.637384124174,45.75105667807804,-1.963529708698701,-0.27837072374967,-1.685158984949031,135.65072860678362,113.48412298781636,17.79486529250227,0.03150417696362668,0.040943962642384424,0.010360178065992098,-0.061075592327355044,0
2021-05-17,116.7481693101,118.2984318862,115.188337212,118.2505842759,9378982,124.21718128937,122.080307010114,122.21959366243362,44.42587611723605,-2.0326866045291894,-0.6292338999055739,-1.4034527046236156,135.62922455432624,112.80513802441375,18.374339437587675,0.031261557513307225,-0.010093727469355995,0.07564415041849104,-0.008982276044127047,0
2021-05-18,119.9443896831,119.990323389,116.4515141258,116.5663483907,7536657,123.89277449104,122.38901979223999,121.68118935083994,42.571001325708615,-2.19805983735219,-0.9429990873948972,-1.2550607499572928,135.77765767832997,112.00789130375003,19.185756774136163,0.03118531390359823,-0.014242939225318052,0.01576050700467535,-0.014083367058035035,1
2021-05-19,113.3222804074,119.6955821091,112.7194005167,119.427635491,10424174,123.402336484715,122.591510879338,121.46656517371233,46.646534523913516,-2.074325822732561,-1.1692644344624301,-0.905061388270131,135.17369862053604,111.63097434889394,19.07802148831937,0.029387373451283394,0.024546424759826158,-0.0002403268451462992,0.08635097493033683,1
2021-05-20,121.3520663802,125.0449449488,119.8486944623,124.7004421541,18239815,123.33343592577498,122.92893222768798,121.77455345755877,53.23307148063949,-1.5331214242193738,-1.242035832413819,-0.2910855918055548,135.05737181664807,111.60950003490187,19.01177211657161,0.030786917850982108,0.0441506410256054,0.054543983166724264,0.08664109406262899,0
2021-05-21,124.2602441387,125.0639882978,121.5520693916,123.1214710118,14252355,123.03678074146,123.14845706407799,121.90283131986746,51.1949112524101,-1.2175872267732188,-1.237146111285699,0.019558884512480113,134.46312554784012,111.61043593507988,18.57386829779066,0.030383060066281973,-0.012662113421769372,0.05623512026926436,0.030681727148303972,1
2021-05-24,124.5856078892,129.7914278978,124.0114365648,128.78662808,11405607,122.906635241245,123.536788269866,122.55843101130866,57.48455405803603,-0.5045768247379243,-1.0906322539761442,0.5860554292382198,134.0040242164506,111.8092462660394,18.05824226401333,0.03195124562789404,0.04601274677474465,0.07836538461573483,0.08909929594527433,1
2021-05-25,130.5761287079,133.1598996681,130.0880830821,131.5809285258,12721008,122.941085520715,123.969713448522,123.41771648887925,60.20849136916088,0.28270687993745014,-0.8159644271934254,1.0986713071308756,134.14121961198413,111.74095142944587,18.220327311787006,0.03231970973290372,0.02169713181763111,0.05517611848719328,0.12880715869021686,0
2021-05-26,132.2621596649,133.2207895095,130.5749711383,131.2364257311,10577908,123.01046455575502,124.32646523146398,124.16235546432884,59.70064340700462,0.8688211620296897,-0.4790073093488024,1.347828471378492,134.3965462089468,111.62438290256324,18.512378917211535,0.03226571451081881,-0.0026181818182902106,0.06591015078533524,0.09887820512857681,1
2021-05-27,130.3123065609,132.4730582307,130.2202780958,132.1183651882,10623446,123.138294846765,124.67406114173801,124.92007067612609,60.6164866221568,1.3884805572605927,-0.10550973602692343,1.4939902932875162,134.86793129137232,111.40865840215768,19.05115944508382,0.0322802758232104,0.006720233747504301,0.025870209957903123,0.05948594011345376,1
2021-05-28,133.4125154784,133.6905181334,132.1183651882,132.41554044,7189587,123.40921549616499,125.135161985166,125.63392493935217,60.93861516345524,1.803504256718881,0.27629306252223745,1.5272111941966435,135.7188100660105,111.0996209263195,19.94923072860474,0.03188967075260522,0.0022493106948204833,0.006342955043339371,0.07548699143879833,1
2021-06-01,133.2495484048,136.2404735201,131.5815324752,132.4922308276,8839275,123.67727199948999,125.58669599074,126.2870969287091,61.02720609470723,2.114230271468031,0.6438805043113962,1.470349767156635,136.52127639201566,110.83326760696431,20.77019356083249,0.03189104599856878,0.0005791645553472335,0.009569028488120246,0.028773194879348152,1
2021-06-02,132.3388500524,134.5532849935,131.255598328,133.2591347033,6401194,124.18128432744001,125.96801654648199,126.9511005262892,61.95640327513771,2.394760304202336,0.9940564642895842,1.4007038399127518,137.68184270144167,110.68072595343835,21.743306082104148,0.030893918957722852,0.005788293176962833,0.008634450732682097,0.012754174911989047,0
2021-06-03,131.7157406534,132.3196774555,129.5013057123,130.7379382119,8191949,124.484116082535,126.355373352636,127.31175173444261,57.13371438456503,2.3861369880368954,1.2724725690390466,1.1136644189978488,138.28434022556212,110.68389193950787,22.171863491206135,0.031261940489026196,-0.018919502194077786,-0.012669224643312549,-0.003798392987488075,1
2021-06-04,132.0320885021,135.0230136174,131.9266392192,134.0643837728,6662783,124.88436955674001,126.718922781624,127.9548595476195,61.40264417402567,2.6175458649815084,1.5414872282275391,1.0760586367539693,139.29497089565095,110.47376821782906,23.078310584518146,0.031624327841839286,0.025443613433068668,0.011866001012887262,0.014729357132355902,0
2021-06-07,133.6857249841,133.9110029976,132.4730582307,133.2207895095,5943050,125.184069233125,127.09201220627199,128.45637668684623,59.77681901387012,2.701724264774782,1.773534635536988,0.928189629237794,140.02010436988954,110.34803409636046,23.702752638813834,0.03166806660576744,-0.006292456203204844,-0.0002877490829079621,0.006081227828880653,0
2021-06-08,134.5341123967,134.927150633,129.645100189,130.2394506927,8129234,125.72992323034998,127.234754580772,128.6261932588323,54.30434455811361,2.4990595240729334,1.9186396132441774,0.580419910828756,140.46612310511057,110.9937233555894,23.441038531078036,0.028464927634030066,-0.02237893070426078,-0.0038128757881439324,-0.017003111207564592,0
2021-06-09,131.1884942389,131.7828447425,129.0028181931,129.0795085807,6887760,126.2723263978,127.41037551239,128.66936614662922,52.29826617458971,2.2192663020635166,1.9787649510080452,0.24050135105547144,140.65903178538832,111.88562101021168,22.78679073713332,0.028458891896122857,-0.008906226998276146,-0.03718269574526145,-0.031364650024974794,1
2021-06-10,130.2490369911,132.4538856338,129.7026179797,131.4856694907,6162992,127.34987639268499,127.61402366585,128.9375855127312,55.934757229788836,2.166708764226371,2.0163537136517102,0.1503550505746607,139.77504517262227,114.92470761274772,19.513436733340995,0.022439220376577182,0.018640920905704128,-0.013024393754071606,0.0057193136822157875,0
2021-06-11,131.2603914772,131.4760831923,129.6355138905,131.1597353435,6077741,128.16997772393,127.680242074386,129.14921882994727,55.319556380057,2.0748389235320133,2.028050755627771,0.04678816790424234,139.25532941589066,117.08462603196934,17.297891267232337,0.021021479217242216,-0.002478856809738139,0.007066097452847808,-0.021666070790453462,1
2021-06-14,131.1405627466,133.7767948194,130.1340014098,133.2783073002,6062856,128.861075886075,127.637250692394,129.54246535092372,58.513587139273945,2.1482191312315138,2.0520844307485198,0.096134700482994,139.39711306009295,118.3250387120571,16.352551927057863,0.019591194360889606,0.016152609268016427,0.03252877831398715,0.00043174785941269,0
2021-06-15,133.3741702846,134.7929424547,132.4826445291,132.9044416608,6059348,129.59376875532,127.557499260066,129.86265357091193,57.729300298678666,2.1514055776395935,2.0719486601267345,0.079456917512859,139.06023477413834,120.12730273650168,14.609446287022529,0.019348831817684792,-0.002805149967562981,0.010790317877191535,0.020462240541754495,0
2021-06-16,133.7384496256,134.4861809044,130.4120040647,131.3131161187,7816850,130.33110714172,127.51309936186,130.00079286117747,54.38775391940378,2.00244129066769,2.0580471862349254,-0.055605895567235386,137.68554811987025,122.97666616356975,11.285779948378934,0.019229946490084623,-0.01197345643391945,0.0011694196759266529,0.017304121797175664,1
2021-06-17,130.8963038622,132.9140279592,129.4629605185,131.6390502658,7690332,130.94167788046,127.482873764256,130.15681737590342,54.96276789951448,1.8889119802370828,2.024220145035357,-0.13530816479827434,136.3418278625094,125.54152789841058,8.248175935211933,0.01874565294037632,0.002482114176662664,-0.012299503704737869,0.0011665208512388059,0
2021-06-18,129.6546864874,130.6229026305,125.2258166052,125.800994512,13258407,130.996705498355,127.33186785230399,129.7419771031507,44.211588212835565,1.312724603041147,1.8819210366365153,-0.5691964335953683,136.1585102306417,125.8349007660683,7.880816105488267,0.019460261975471734,-0.04434896591863913,-0.05344777841909509,-0.040856599912051816,1
2021-06-21,125.7626493182,128.0537746469,124.9258613268,127.5457008292,5984021,131.217916989225,127.224177246122,129.53280793420302,47.51570701856455,0.9855147732421585,1.7026397839576441,-0.7171250107154856,135.27088047304105,127.16495350540893,6.17745438551485,0.01941147559543582,0.013868780004227865,-0.028690319755221294,-0.043012299504132434,1
2021-06-22,127.3204228157,128.8781963133,126.1556875545,127.9195664686,5680872,131.174563908655,127.19879761535199,129.37916588985988,48.2233649549164,0.7477468975028785,1.5116612066666912,-0.7639143091638128,135.34740288495448,127.0017249323555,6.3622684946836126,0.0164245718110371,0.002931228861258406,-0.028255170404904772,-0.037507212926129574,1
2021-06-23,128.743988135,130.5749711383,128.7248155381,129.8943439486,6327397,131.090234679795,127.210999629766,129.42823046688275,51.91162417139647,0.7104722992740733,1.3514234251881676,-0.6409511259140943,135.29486375208842,126.8856056075016,6.414862377146188,0.016040330612438893,0.015437649880440718,0.032538291549114584,-0.010804497007119274,1
2021-06-24,131.3322887156,132.7414745872,131.0542860606,132.5401623198,6374064,131.15542150923,127.294491493988,129.72460492906535,56.39355211673559,0.8842344379737312,1.2579856277452803,-0.3737511897715491,135.407255467912,126.903587550548,6.483657190462049,0.01669248714378877,0.020369003690006382,0.039158211199044946,0.006845324789114704,0
2021-06-25,132.9715457499,133.4506689462,129.7793083672,130.5557985414,7276730,131.07729317689,127.33312854072199,129.80376622547817,52.44553330086425,0.8519992943706143,1.1767883610703471,-0.32478906669973284,135.31287262979615,126.84171372398386,6.462720354150418,0.016978086604365387,-0.01497179227540113,0.020608513189787292,0.03779623561677359,1
2021-06-28,133.038649839,135.5694326289,132.2238144711,135.1572217957,6984420,131.214377244675,127.476808602562,130.31361913692785,59.52210980663801,1.184099549219809,1.1782505987002396,0.005848950519569351,135.77901824860857,126.64973624074146,6.957531788489735,0.018764038182433235,0.03524487847884328,0.040516605166292186,0.059676813228638714,1
2021-06-29,134.6395616796,136.882755516,134.5820438889,136.0487475512,5340517,131.392203080855,127.692674064896,130.85982184304902,60.74108965599015,1.501916908309994,1.2429838606221906,0.25893304768780334,136.39791029152786,126.38649587018216,7.619488970121741,0.018801874712005912,0.006596212497232301,0.02647186460307993,0.06354916067195582,1
2021-06-30,136.1158516403,136.7389610393,134.2752823386,136.5088898766,5963392,131.55469083952,127.961762175282,131.3978283224348,61.38741400766153,1.770509760810711,1.3484890406598948,0.42202072015081615,136.98520698521844,126.12417469382154,8.255906514687474,0.018780636980627714,0.003382187147491722,0.04559806153161583,0.050922509225016066,0
2021-07-01,135.8378489854,136.3075776092,131.8978803239,132.242987068,7693501,131.629943282325,128.021894004292,131.47831963153627,52.72168648894612,1.6204690678011957,1.402885046088155,0.2175840217130407,137.05481076981096,126.20507579483905,8.242604003635387,0.019663516442149705,-0.03124999999967959,-0.021561812894505095,-0.0022421524660801717,1
2021-07-02,134.1410741604,134.7066657687,131.8307762348,132.4442993353,5299709,131.54893906044998,128.14921092434,131.57031769856138,53.05845158168151,1.5005080325749134,1.4224096433855067,0.0780983891894067,136.87343674350015,126.22444137739983,8.095082668212813,0.01879106317024835,0.0015222906844694073,-0.026493799323977663,0.014465085541958134,0
2021-07-06,133.5179647613,135.272161514,129.2424756542,131.1213901497,7432643,131.44396909246,128.190547233372,131.52756269390792,50.51217466029485,1.2838904427904936,1.3947058032665043,-0.1108153604760107,136.71499779941144,126.17294038550857,8.020191026404108,0.018869668297143254,-0.009988419224076117,-0.039466292135040604,-0.029860273778788082,0
2021-07-07,132.779819781,133.0001129193,128.4755717785,129.2904071465,5956786,131.39651691515002,128.148564614616,131.31450026082146,47.140220689397935,0.9534832546096368,1.306461293535131,-0.3529780389254942,136.72681987923428,126.06621395106573,8.113309377182876,0.01844815922256812,-0.013964029828463453,-0.022326930047199878,-0.04967587373163129,0
2021-07-08,126.1940327483,128.8302648211,124.3535593096,127.04721331,7770901,131.294902151615,128.071670422088,130.90809197979084,43.32442145217675,0.504807080278681,1.146130450883841,-0.64132337060516,136.8698828954225,125.71992140780748,8.492303436685932,0.018751937119620022,-0.017350040780351295,-0.040749855240175936,-0.06931179775290142,1
2021-07-09,127.8956007225,129.7793083672,126.6206230292,129.3191660418,5762884,131.18657697916998,128.06107684231802,130.7567656999822,47.92235231468634,0.3287657703877187,0.9826575147846166,-0.6538917443968979,136.8263377118143,125.54681624652567,8.59807590457948,0.01871166210317875,0.017882743529811673,-0.013744699517313053,-0.022109459949634536,1
2021-07-12,130.3640725725,131.3610476109,129.0986811776,131.1405627466,5459591,131.185618349325,128.09265290988998,130.7933177996601,51.33119599927575,0.33239165196275167,0.8526043422202437,-0.5202126902574921,136.82540352367613,125.54583317497388,8.59817599720929,0.01899151573647693,0.0140845070421447,0.014310076369421498,-0.009843659525121673,0
2021-07-13,130.3736588709,131.3035298202,129.175946743,130.6516615259,4950627,131.05428606061,128.165743591368,130.77982672596866,50.37796618670427,0.2924438361384887,0.7405722410038927,-0.44812840486540406,136.61480192709467,125.49377019412532,8.48582069862721,0.018627470768715234,-0.003728070174936593,0.028370934883121146,-0.003582395086443979,0
2021-07-14,132.4730582307,134.0931426681,129.8080672626,130.0381384253,5982313,130.91097089883502,128.223884344652,130.7091897449526,49.144615288789964,0.2088709828250046,0.6342319893681151,-0.4253610065431105,136.42087795915972,125.40106383851032,8.417792676188505,0.01864281964299336,-0.004695869102884664,0.0055596738326288975,0.005783346926525823,0
2021-07-15,129.3910632802,130.3065547818,126.1556875545,127.6894953059,7057928,130.729789858195,128.314096487884,130.42159979837615,44.63921515376371,-0.04634276627956524,0.4981170382385791,-0.5444598045181444,136.41054741146812,125.0490323049219,8.690838651901961,0.01888090945001916,-0.018061186878256974,-0.026315789473684292,0.005055459141262597,0
2021-07-16,128.4563991816,129.02199079,122.6279297262,122.8771734858,8190558,130.291696019195,128.2780138954,129.70308300670223,37.12841575638094,-0.6296573557423528,0.2725621594423927,-0.9022195151847455,136.90007459586752,123.68331744252248,10.143975062998571,0.02053003225505561,-0.03768768768778774,-0.05950546628569908,-0.04981467753911861,1
2021-07-19,120.0108702504,123.3948336019,118.7550651539,123.2989706175,8933965,130.16659482447,128.222807021976,129.09316754106393,38.111327274088495,-1.0458469938953385,0.008880328774846458,-1.054727322670185,137.19186548689257,123.14132416204743,10.79427586147762,0.018134344682846467,0.003432672804349224,-0.05182454847022655,-0.05979532163707535,1
2021-07-20,123.8505662301,127.6093538509,122.5128941449,126.510380597,7417625,130.11482881286,128.20847871427998,128.84718783210545,45.14314693502246,-1.103822159395321,-0.21366016885918707,-0.890161990536134,137.23125153983494,122.99840608588505,10.938680536113635,0.01884492226593487,0.026045716062484292,-0.009234234234188565,-0.031697116443322515,1
2021-07-21,127.3300091142,132.5497486183,127.04721331,132.2909185602,6434062,130.33339641744,128.46784967052,129.17516218716207,55.04453791283677,-0.6755395921740046,-0.3060360535221506,-0.36950353865185404,137.4352006391564,123.23159219572364,10.897904016818947,0.02146679138019042,0.04569220277357289,0.07661101575947193,0.017323995576836948,0
2021-07-22,131.3322887156,133.0098909437,130.7283519134,131.5048420876,5563982,130.41392132438997,128.733317607638,129.39703646339427,53.62701474663182,-0.3949990704595905,-0.3238286569096386,-0.0711704135499519,137.5304928120222,123.29734983675776,10.91382179963832,0.021288741031143674,-0.005942028985476355,0.06655263567087166,0.02987987988017138,1
2021-07-23,132.2419325751,133.2495484048,130.8817326886,132.7031293934,4345643,130.42206967807,129.188686803646,129.71190245672815,55.50797222809623,-0.07511108095616237,-0.2740851417189433,0.19897406076278096,137.5487265884622,123.2954127676778,10.928605761254094,0.020890062172815686,0.009112115468735249,0.04895051905761827,0.07996567327238768,1
2021-07-26,132.5114034245,134.0931426681,131.7540858472,132.7510608856,4638462,130.53183279528,129.548553846986,130.0013461166207,55.58557596472577,0.1801929737984551,-0.18322951861546366,0.3634224924139188,137.7306042375481,123.33306135301189,11.029909391616872,0.020580403511904048,0.0003611933826963565,0.0034782608693628703,0.0766599284711178,0
2021-07-27,131.9362255177,131.9362255177,126.1365149576,129.3191660418,6344109,130.239930007585,129.745810286676,129.9363765856854,48.99598266025406,0.10439464768995776,-0.12570468535437937,0.23009933304433713,137.13171851116783,123.34814150400217,10.583218991566506,0.01975294922255099,-0.025852108607685498,-0.016620498615131152,0.022202015609670944,1
2021-07-28,130.0141726792,132.1758829788,129.4150290263,131.5336009829,5041918,130.01417267917,130.011470620816,130.08849319494394,52.87780496133724,0.22046889293272898,-0.05646996969695771,0.2769388626296867,136.40785142933072,123.62049392900929,9.835356589835948,0.02013129710856532,0.01712379540387876,-0.008813118543971266,-0.005724637681424616,1
2021-07-29,129.8080672626,132.1567103819,127.9866705578,131.8116036379,5357472,129.77930836723502,130.31637572576,130.25259895141593,53.3577390104424,0.3310746371208495,0.02103895166660373,0.31003568545424576,135.51240214769385,124.0462145867762,8.835143063385658,0.02011711770905171,0.0021135485755927608,-0.007076834199536752,0.002332701560111783,1
2021-07-30,130.8529737932,135.550260032,130.8242148979,134.1410741604,8556354,129.874212721855,130.610644499148,130.62292992370013,57.28367232144599,0.599785337215593,0.1367882287764016,0.4629971084391914,135.8259683089231,123.9224571347869,9.165415462135934,0.019273309767613243,0.0176727272729289,0.03728687917026474,0.010835801488427554,1
2021-08-02,135.2051532879,139.2409849338,135.0613588112,136.1350242372,10230557,130.05874896695,130.83933614081002,131.1478912868906,60.35938295501109,0.9625400475505899,0.3019385925312393,0.6606014550193506,136.52447887092796,123.59301906297202,9.9427834810575,0.01952565336062754,0.014864575144341918,0.03498287296869651,0.02549104563854443,1
2021-08-03,136.6430980549,137.4290786645,134.4382494122,136.2788187139,5589581,130.31662039516,131.102483094852,131.6365510418439,60.57981908877955,1.2472512455549065,0.4910011231359728,0.7562501224189337,137.3203111915884,123.31292959873157,10.748729939728438,0.019337245951412396,0.0010562636434356953,0.033890909090764865,0.05381764269845668,1
2021-08-04,137.0840677834,138.7137385193,135.9432982683,136.8539966207,5434554,130.69479986887,131.26383046566602,132.13345062078255,61.50201885835695,1.5019850229320468,0.6931979030951876,0.8087871198368592,138.23246799443376,123.15713174330624,11.534763637308492,0.018965716352755967,0.004220596511094854,0.02022439791302122,0.040448946870174085,0
2021-08-05,137.4962786166,137.9276620467,135.3201888693,136.3842679968,4282236,131.16165260321,131.359897255086,132.53829037087945,60.26213663010712,1.6469749010453825,0.8839533026852266,0.7630215983601558,138.89196093106818,123.43134427535182,11.78745185720387,0.018426745556632734,-0.0034323339873069125,0.001830856981857254,0.03469090909068662,1
2021-08-06,135.852228433,137.2374485585,135.7326872914,136.7485473378,3843579,131.53312166801,131.47013968722,132.93926722487188,60.920122335155064,1.7708613353046303,1.0613349092091076,0.7095264260955227,139.5810678028088,123.48517553321122,12.23714001878832,0.018122526694182593,0.0026709777186952888,0.0034468204841586747,0.019438290573714267,0
2021-08-09,137.5518791476,137.7455223762,135.599150154,136.1254379388,4026620,131.78236542762,131.550281142232,133.2427120547698,59.116945271646586,1.7980358678062487,1.208675100928536,0.5893607668777128,140.07139434701952,123.49333650822047,12.579875755762155,0.017998811434275088,-0.004556607080152708,-0.00532362006145326,-7.041757588643893e-05,0
2021-08-10,136.9929979482,137.0840677834,129.7026179797,132.3484363509,6403937,131.86720416887,131.54893906044998,133.15754294011555,49.54417277394611,1.4975367467393426,1.2664474300906974,0.23108931664864518,140.14292764020092,123.59148069753904,12.551602232702223,0.019165993739709956,-0.02774647887339099,-0.0295916215644072,-0.02884074282483573,0
2021-08-11,132.779819781,132.8565101685,127.1143173991,129.2424756542,9630550,131.82742103031498,131.483943956982,132.78467938907596,43.330443107596295,0.9972680721297991,1.2126115584985178,-0.2153434863687187,140.1454743986079,123.50936766202209,12.619610249949567,0.01989607381233915,-0.023468057366881512,-0.05488958990590442,-0.055617820118149974,0
2021-08-12,126.5391394924,126.5583120893,122.407444862,123.8741485243,12976055,131.63665369123498,131.296244233402,131.93605740195443,35.129566702135904,0.165712181977824,1.003231683194379,-0.837519501216555,140.48373603390377,122.7895713485662,13.44167007377804,0.02162744732580859,-0.04153686396617362,-0.0900000000000587,-0.09172699796133033,1
2021-08-13,123.7878718383,125.0436769347,123.2606254237,124.5260168186,8698828,131.719095857875,131.172005805536,131.23033925115877,36.69632368017805,-0.43567928890340113,0.7154494887748231,-1.1511287776782242,140.26369718196347,123.17449453378653,12.973975061760367,0.019885632127743663,0.005262343290070026,-0.0591047370711667,-0.08937960042096516,1
2021-08-16,124.0706676424,126.5870709846,123.7591129429,126.2419642405,10413764,131.866245539025,131.01555741489,130.7552559168103,40.752822082357035,-0.7650052419618589,0.4193585426274866,-1.1843637845893455,139.9125920398323,123.81989903821767,12.203800097464747,0.020089783412856506,0.013779830638923185,-0.023216140038420097,-0.07260563380331209,0
2021-08-17,124.6698112953,125.4261702427,121.4679876142,123.4715239895,8208439,131.71430270865,130.82057210449,130.06156716182838,36.66744184136766,-1.235309923304385,0.08842484944111231,-1.3237347727454973,140.25880723727036,123.16979818002963,12.974300213273992,0.019852283559023822,-0.021945478016502595,-0.0032502708563201255,-0.06707228741157412,0
2021-08-18,123.481110288,126.1940327483,121.9185436412,122.1006833117,6768795,131.204790946225,130.65779675687,129.30338774753045,34.80802379814419,-1.6990594579322646,-0.2690720120335631,-1.4299874458987016,140.7120506517998,121.69753124065015,14.492244737421874,0.0166158519063936,-0.01110248447177653,-0.019476520400014463,-0.05525886366962307,1
2021-08-19,121.000655565,124.6122935046,120.0971469364,123.8549759274,9020165,130.82229763821502,130.553306103804,128.7844913837085,39.06648226339777,-1.9030899164830686,-0.5958755929234643,-1.3072143235596043,140.85169107008605,120.79290420634398,15.332850153124522,0.017096050262172795,0.014367590484499093,-0.01890804161247528,-0.0001547748027203033,0
2021-08-20,124.986159144,126.5295531939,120.0683880411,121.9377162381,13707595,130.28402698045,130.362347038752,128.13241756031724,36.27741974825544,-2.194198998351851,-0.9155402740091416,-1.2786587243427094,140.98493549888926,119.58311846201073,16.427045995507964,0.017074636937697885,-0.015479876161163308,-0.012422360248266151,-0.020785219399335975,1
2021-08-23,123.0017953656,126.05982457,122.5128941449,126.0502382716,7710683,129.94898584975,130.260157097314,127.9341147709156,45.29861788099689,-2.069206361834773,-1.146273491574268,-0.9229328702605051,140.73917467994977,119.1587970195502,16.606807293864758,0.019047516485418508,0.0337264150943235,0.03234670644567594,-0.0015187182016175305,0
2021-08-24,126.3474135234,127.862048678,125.2162303068,126.0023067794,6356617,129.78314288663,130.114637086898,127.75013305743792,45.21826856341852,-1.95152055355004,-1.3073229039694225,-0.6441976495806174,140.70807217594228,118.85821359731774,16.835667631898183,0.018231917371834466,-0.00038025705351474315,0.017337461300373613,0.02049689441036806,1
2021-08-25,126.3260237071,128.880586753,126.2299875024,127.5552871277,6735147,129.58422719387,130.007653996236,127.7315763022248,48.41114993117309,-1.7131925500033276,-1.3884968331762035,-0.32469571682712406,140.51929270406828,118.64916168367171,16.877155109068042,0.01800913118579715,0.01232501521594287,0.04606918239005675,0.04467299992151097,0
2021-08-26,127.5168726458,128.5252527955,126.3740418095,127.2383676521,3958702,129.35556539458,129.926159026904,127.68460404983195,47.79889465883332,-1.5322260945658428,-1.4172426854541313,-0.11498340911171145,140.28602206718836,118.42510872197164,16.899863008238754,0.017991534016890263,-0.002484565577299258,0.009425840020547582,0.02731736613217084,1
2021-08-27,127.7377559167,131.7136547927,127.5937016096,131.1374375643,8413906,129.205383564775,129.916126772874,128.01344533692415,55.29063052503157,-1.0619450770012406,-1.3461831637635533,0.28423808676231266,139.94965923138233,118.46110789816764,16.631312674708912,0.01893238153946161,0.030643822175249857,0.040754260109621576,0.07544606878019833,0
2021-08-30,132.1211364093,132.4243227077,130.0138139689,130.6572565406,4617683,128.931495179945,130.013252013446,128.26523688013137,54.25788278049906,-0.7196943890392333,-1.2208854088186893,0.501191019779456,139.22503700326666,118.63795335662333,15.967459012175958,0.018567031082922725,-0.003661662394955356,0.024318626712779956,0.03654906434268912,0
2021-08-31,131.0414013595,131.1854556666,128.2563514222,129.773723457,5586023,128.6062404171,130.057812466002,128.40890226840457,52.32135297870645,-0.5138288893101333,-1.079474104916978,0.5656452156068448,138.3468296034414,118.86565123075859,15.147926188885396,0.018584098096258106,-0.006762219772504352,0.019926032152756568,0.029931330417647395,0
2021-09-01,130.3019225831,130.6476529201,127.9586391876,128.169918838,6260260,128.172036527965,130.06281951339,128.38614194169938,48.90893019870843,-0.4746214857467521,-0.958503581082933,0.4838820953361809,137.14744317351506,119.19662988241492,14.00524933313638,0.01864861458337889,-0.0123584696214053,-0.022629073599558125,0.004818551422997253,1
2021-09-02,129.3895786381,130.5612203359,128.5732708979,129.1206772648,5146558,127.80885699136499,130.047346179714,128.45609768675658,50.951211487163704,-0.36265066559485604,-0.8393329979853176,0.47668233239046154,135.977220454124,119.64049352860599,12.78215556424368,0.018795894502651945,0.007417952944182682,-0.01176038221285114,0.014793569325305178,1
2021-09-03,128.5369692125,131.0221941186,128.0594772025,130.4459768902,4838166,127.493728468985,130.005462471122,128.64560999184644,53.727846821407624,-0.16506956099271974,-0.704480310586798,0.5394107495940783,134.68623882986765,120.30121810810236,11.282924183415567,0.018982963411559993,0.010264038676641052,0.005180196847960117,-0.005272793848522195,1
2021-09-07,131.2301125018,131.7328620336,128.4484238317,131.0798158414,5551225,127.24144736411502,130.01594281712198,128.87743912037536,55.03877303522858,0.04217423571142831,-0.5551494013271527,0.597323637038581,133.4983112049035,120.98458352332653,9.834631671366953,0.01903772193387249,0.004859014944811335,0.02270343173953293,0.0032341051081896666,0
2021-09-08,130.3163280138,130.5516167154,126.527699737,128.2659550427,7440648,127.03732329870499,129.878117482062,128.81920254154912,48.473253771942595,-0.02040341446749494,-0.4482002039552212,0.42779678948772626,132.86615975895293,121.20848683845706,9.176573165891561,0.01863326526127618,-0.021466774122605115,-0.006619561174908917,-0.011618441500598431,1
2021-09-09,127.7569631576,130.4651841311,127.6465215222,129.6488763909,6808623,127.05764333554,129.750120058856,128.89821909863016,51.5332692109477,0.04111954168138254,-0.3503362548279005,0.391455796509283,132.91982598308772,121.19546068799231,9.227595434092175,0.01806350933298775,0.010781671159269202,-0.006110579400780969,0.011539037913953276,1
2021-09-10,132.7988639062,135.2189762655,131.1950592871,131.415942558,9054701,127.43473303722502,129.648261112484,129.13800228523684,55.19477383544493,0.22981523243072388,-0.23430595737617563,0.46412118980689954,133.39866004890135,121.47080602554868,9.359970974215024,0.01534400598264553,0.013629629629586582,0.00256429042444406,0.01777612495396763,1
2021-09-13,133.221423207,135.6991572891,132.1074032321,133.9128838811,8507585,127.90407639035,129.681659048746,129.59275291341427,59.814587886779776,0.5742209619838547,-0.07260057350416954,0.6468215354880242,134.3374623053417,121.47069047535831,10.059704266746998,0.01574942239452946,0.019000292312311817,0.0440251572330328,0.02657733932122852,1
2021-09-14,132.6398279511,136.1793383128,132.4435299486,134.5851373142,8073185,128.32123504403498,129.724475808324,130.06821809444148,60.98107643902088,0.8911377366447653,0.12014708852561744,0.7709906481191479,135.32603058821326,121.31643949985671,10.917593712022008,0.015576897872941326,0.005020080321001208,0.03807407407386121,0.026741885852519465,1
2021-09-15,134.4410830071,135.737571771,131.9921597864,135.6319319458,6103225,128.92925544185,129.81468664424602,130.59809560409468,62.792244171990816,1.2127839240235971,0.33867445562521337,0.8741094683983838,136.24866277950397,121.609848104196,11.354145050430704,0.014414043897301195,0.007777936349361969,0.03208126278848766,0.05742737346514004,1
2021-09-16,134.7964169646,138.8971629068,133.6535861283,138.3785674012,8467332,129.74314964632498,129.99644984934,131.3390929181047,67.1066036211123,1.6700698459161458,0.6049535336833999,1.065116312232746,137.45392447794094,122.03237481470903,11.886214960304638,0.01429730196163081,0.020250654960054515,0.033347676419731576,0.06733333333317448,0
2021-09-17,137.3317727696,137.3317727696,133.8552621582,135.2189762655,10884350,130.31134966323,130.15988510845,131.70860561785665,58.677710327925574,1.7572630007229293,0.8354154270913059,0.9218475736316234,137.87623306952545,122.74646625693455,11.61047510573062,0.015566094089321025,-0.02283295162710719,0.0047095761385616,0.028938906752668414,0
2021-09-20,131.1470411847,131.2718882509,128.2563514222,130.157868276,8822525,130.72235726512503,130.17665915313398,131.56091634720363,48.22800597189475,1.4018158265433556,0.9486955069817159,0.4531203195616397,137.24408371715725,124.20063081309281,9.97798171403099,0.017680066119660987,-0.037428977272854214,-0.040359696947968815,-0.028040734366037823,0
2021-09-21,131.6944475517,131.8000873769,128.1603152175,129.8217415594,5782242,130.91093242951501,130.15028272939,131.3952806531271,47.6214435332535,1.0805429368842567,0.9750649929622242,0.10547794392203258,137.09050815092067,124.73135670810936,9.44088565671604,0.01620665207438116,-0.0025824540694475706,-0.061836352279838636,-0.035393178250280766,1
2021-09-22,130.7917072272,133.2982521708,130.1770755169,132.6259987376,6344254,131.242117027425,130.189769473624,131.51249189926736,52.93927215614931,1.0402209556472428,0.988096185499228,0.052124770148014865,137.03157231083875,125.45266174401124,8.822556987866884,0.016799723192806943,0.021600828524680704,-0.01917613636423876,-0.02216243007878993,1
2021-09-23,133.8072440559,136.5154650294,133.2118195865,135.5166885001,5620713,131.64018709604503,130.29934047512,131.89384395648952,57.70607441371378,1.2273716242718535,1.0359512732537532,0.1914203510181003,137.45566666987412,125.82470752221595,8.835416755502024,0.01721369394312303,0.02179580014488125,0.041171696302958916,-0.02068151849558153,1
2021-09-24,133.8840730197,136.7267446798,133.6439825078,136.2945817585,3729874,132.09299780136502,130.471442204172,132.31296184239528,58.91217858039449,1.4220666630463938,1.1131743512122814,0.3088923118341125,137.87721145453978,126.30878414819026,8.757789965328483,0.017169604514861214,0.005740202679165973,0.04985944666393438,0.007954545454389894,1
2021-09-27,134.0665418086,137.5910705224,134.0089200858,137.0820786373,5248647,132.39022985501498,130.755540307202,132.76716344191001,60.151080394810265,1.621219887027081,1.2147834583752415,0.4064364286518396,138.54647111530298,126.23398859472698,9.300144379279207,0.015965086132993814,0.005777903043830079,0.03359884141959446,0.05319855382555283,0
2021-09-28,132.1554213344,134.0473345677,127.2805275459,127.622512471,12873859,132.23849265153498,130.842011144272,132.27719668277572,43.27230691679746,1.0041669080817144,1.172660148316536,-0.1684932402348216,138.70013301975925,125.77685228331072,9.7727072332131,0.022575906909899093,-0.06900658540004112,-0.05825242718422963,-0.016940375795172602,0
2021-09-29,127.5360798867,128.7269288254,122.9647565414,123.1856398123,10730145,131.9090884693,130.77551632857802,131.4113341236828,37.900365378020865,0.1553387847600618,0.9691958756052412,-0.8138570908451794,139.42537606734152,124.39280087125847,11.396163350474268,0.02379252470587288,-0.034765595605306676,-0.09618094701246227,-0.07118030412707943,1
2021-09-30,124.2516416848,125.6633738944,123.4161267036,123.6274063541,7337925,131.681962845105,130.602246084456,130.6700076694368,38.716135717172016,-0.47622710094390186,0.6801112802954127,-1.1563383812393146,139.88008512309807,123.48384056711194,12.45139744406204,0.023705652829142186,0.0035861853903842444,-0.09815048339614962,-0.087732974274908,1
2021-10-01,124.1363982392,124.4629213352,121.4089700247,124.011551173,6459247,131.426506540515,130.452380266164,130.03586895549046,39.46087091081993,-0.9349725574556089,0.3570945127452084,-1.2920670702008175,140.2244144435249,122.62859863750508,13.38833106744379,0.023639528748051065,0.0031072788002985963,-0.02829407780872928,-0.09012119503961102,0
2021-10-04,122.5998189634,122.753476891,118.2877933709,120.237328327,9549504,130.916074112355,130.203064244836,129.10267460991994,34.96506716570988,-1.584811161441067,-0.031286622092046634,-1.5535245393490202,140.97630634400377,120.85584188070622,15.368979401284012,0.02429403361878167,-0.030434445906856178,-0.023933889451663304,-0.12288076222471678,1
2021-10-05,122.4221519847,124.0787765163,120.4294007364,122.9935674028,7330385,130.51176169042498,130.00791437518,128.52085487590853,40.313096233727485,-1.8560125213494416,-0.39623180194352564,-1.459780719405916,141.14671625818968,119.87680712266025,16.297312104315807,0.02495881102762235,0.02292332268315267,-0.005127010021423017,-0.03627059974431901,0
2021-10-06,121.293726579,123.099207228,120.7367165916,121.5050062294,7388749,130.17371424976,129.851631178932,127.85267881433627,38.47301187209868,-2.1660867001090054,-0.7502027815766217,-1.4158839185323837,141.4812671971048,118.86616130241518,17.37302037130075,0.024677968263677765,-0.012102756305335971,-0.020212189266976432,-0.013643096593570547,1
2021-10-07,123.5505773903,124.7990480518,122.4077465539,122.8110986138,5761349,129.83182536090501,129.67718113155001,127.3725283190471,41.01697332829179,-2.2801478556510375,-1.0561917963915048,-1.2239560592595327,141.58681291737116,118.07683780443887,18.108021702367303,0.02467705837980852,0.010749288650165667,0.021405750798124235,-0.006602967451746822,0
2021-10-08,123.2144506737,123.6802262667,120.8807708987,121.2168976152,6300519,129.32187311376498,129.465287011096,126.78627777582358,38.902619901527615,-2.4707001471389276,-1.3390934665409895,-1.1316066805979381,141.62963642921503,117.01410979831492,19.034310312877796,0.02448336766561739,-0.01298091961226755,-0.01444522526760661,-0.022535429412550267,1
2021-10-11,120.7175093506,124.0787765163,120.6742930585,122.4461610358,5471984,128.74853697150002,129.231388748604,126.37293332439276,41.41057509785641,-2.4937762263235754,-1.5700300184975067,-0.9237462078260688,141.21472274918222,116.28235119381782,19.36516883363379,0.024127843482310493,0.010141023609614885,0.007745810939041586,0.018370607028067143,0
2021-10-12,123.6542004552,123.7234425588,119.9842729275,121.7354931208,7637895,128.10605476183,128.943398126276,125.93127235262202,40.37863322789618,-2.540128130854896,-1.7640496409689848,-0.7760784898859112,140.62715816300846,115.58495136065153,19.548027490905458,0.024031746562886324,-0.005803921568371728,-0.008758210822479628,-0.01022878113519421,1
2021-10-13,123.6792659046,124.3475818534,122.4461610358,123.1280180894,4955229,127.48085906901,128.680382113786,125.66429575612467,43.357215057959,-2.4364117835668253,-1.898522069488553,-0.5378897140782724,139.68098022047775,115.28073791754223,19.140318382798778,0.024145662213575926,0.011438939728269482,0.01576612264295707,0.013357571925355805,1
2021-10-14,126.4028526709,127.0078807607,124.5109394376,126.8350155922,7952328,126.90368147856002,128.480002493216,125.77579288336995,50.4534075179119,-2.0316722601569097,-1.9251521076222242,-0.1065201525346855,138.0321060574225,115.77525689969752,17.538379421628687,0.02477078571892279,0.03010685594003837,0.03584313725537558,0.03276509227438695,0
2021-10-15,127.0174843812,127.6417197119,126.0427169031,126.3740418095,4826621,126.46143475576,128.27979796947,125.8327689715728,49.62090777360053,-1.7281885220863558,-1.8857593905150507,0.15757086842869494,136.91546666259802,116.00740284892198,16.533154043409844,0.024373338790065053,-0.003634436283605713,0.03810350268263263,0.04254476311274047,1
2021-10-18,125.1927964912,128.1122971151,124.6976338196,127.9970536695,4208459,126.353394025435,128.104768096104,126.03889132375635,52.58723488204432,-1.3412508749702852,-1.7768576874060977,0.43560681243581256,136.69645898932683,116.01032906154315,16.371645643028437,0.023209939143685607,0.012842921194580414,0.03954449730982201,0.04533333333396272,1
2021-10-19,128.0450717718,129.975399487,127.3536110977,129.2647315719,3694274,126.32554352606,127.96755396876601,126.34611420453194,54.82462825748665,-0.9216843857280992,-1.6058230270704983,0.6841386413423991,136.63404393032076,116.01704312179923,16.320532042095188,0.023320770238642492,0.009903961583938026,0.019156507911916254,0.06184916377369598,0
2021-10-20,128.6597034821,129.8409488004,128.0642790128,128.6693071026,4618970,126.12770894430999,127.8939713838,126.56737067101461,53.54648229997378,-0.6299589243488697,-1.4106502065261728,0.7806912821773031,136.09104798620342,116.16436990241654,15.79881078517429,0.022775994899874533,-0.004606240712833776,0.01816247435181295,0.0450042898373999,0
2021-10-21,126.4412671528,128.2179369403,125.3368507983,128.0546753923,5611026,125.75460828891998,127.870215378562,126.70901873970845,52.1937974713339,-0.4432505206785322,-1.2171702693566446,0.7739197486781124,134.80023491099737,116.70898166684259,14.386155299049008,0.022125966524072536,-0.00477683236305837,0.0004501800717129356,0.009616112667352406,1
2021-10-22,129.853913688,135.9488514214,129.1782989877,130.5420130949,10744920,125.46697985574,128.003572669974,127.07406582115527,56.93505990473136,-0.09349761821455616,-0.992435739128227,0.8989381209136709,133.4581050162612,117.4758546952188,12.738212348315495,0.022603520819522122,0.01942402879847971,0.009881129272214073,0.03298122957626792,0
2021-10-25,130.8493289501,132.4531335691,129.9369850051,130.3787515469,4005556,125.13181350122,128.12062736454,127.38879779503571,56.53870027980501,0.16856709775824186,-0.7602351717509332,0.9288022695091751,131.55456460012167,118.70906240231834,10.265576625466304,0.022532301993238312,-0.0012506437133102954,0.013285565009974798,0.018607442977162103,0
2021-10-26,131.8385018588,131.9537453045,126.4604743937,126.7677902489,7864617,125.08907739011502,128.131143884708,127.32965421921327,48.496996418532895,0.08391357114138032,-0.5914054231724706,0.6753189943138509,131.45610133304552,118.72205344718452,10.17998385754126,0.01740037180841867,-0.027695934001186195,-0.010049497524846962,-0.019316493312881322,1
2021-10-27,127.9970536695,128.9574157168,126.2011766409,126.9214481764,7837614,125.27586780832,128.200142368446,127.29077745323106,48.83052269650425,0.028890915488389624,-0.46734615544029856,0.4962370709286882,131.6277441347039,118.92399148193611,10.140622352108016,0.015380371322081613,0.001212121211534134,-0.027734863532922205,-0.013584117032714338,1
2021-10-28,129.2359207105,132.3859082258,129.1879026082,130.6284456792,6391690,125.62591977457501,128.370697615796,127.60865061760906,56.19981016306416,0.2811676565478649,-0.31764339304266587,0.5988110495905308,132.33730713404975,118.91453241510025,10.684717567071765,0.01657448607169725,0.029207021792312826,0.0019151443723572914,0.020098995050474855,1
2021-10-29,129.4472003609,131.8192946179,129.2167134696,131.233473769,5715324,125.98701590437501,128.518267572628,127.95387187012248,57.28117378801209,0.5238805331278229,-0.1493386078085681,0.673219140936391,133.07847934944894,118.89555245930109,11.257451244747942,0.0165790493677146,0.004631671812782789,0.03522727272702264,0.005296843963922493,1
2021-11-01,131.5503932446,134.133767152,131.0109578826,133.9801092244,5196975,126.67415494924498,128.75911543235398,128.52779923719652,61.88200196365051,0.9271748683932799,0.0659640874318015,0.8612107809614784,134.06105824101226,119.28725165747768,11.662842029184294,0.015039845512874468,0.020929381631966004,0.055614406780086556,0.027622274602042918,1
2021-11-02,133.9705056039,135.8624188372,133.384684755,135.6127247049,4809218,127.30511281435001,128.95036516102,129.20255404364445,64.34044523407113,1.3628172506680016,0.3253347200790415,1.0374825305889601,135.44416496123446,119.16606066746556,12.786685415775395,0.01457071388847129,0.012185506415475222,0.038156153506874624,0.06977272727270512,1
2021-11-03,135.8336079758,137.6678994862,134.3354431819,137.0916822578,4117529,128.08444661577,129.172152670588,129.95389958784975,66.4513179863408,1.8065813464061193,0.6215840453444571,1.1849973010616623,136.81610545979842,119.35278777174157,13.634221913331615,0.014048588650860873,0.01090574321929072,0.04463959019412789,0.08013014527903128,1
2021-11-04,137.5910705224,144.5248845042,136.8467899357,144.1791541671,9272779,129.152849393435,129.50463001137598,131.30868573825452,74.30197784166285,2.6990543219125414,1.037078100658074,1.6619762212544673,140.012048746509,118.29365004036099,16.81604301271575,0.017350681627430083,0.05169877408005008,0.07612357537056402,0.10373474488993062,1
2021-11-05,144.3136048538,147.6364575376,142.8922690237,147.2138982367,7706838,130.45269942451,129.904140623068,132.82346788096362,76.80487403320649,3.6096146778254194,1.5515854160915432,2.0580292617338762,143.25145722029345,117.65394162872656,19.622066622223933,0.016825481038402097,0.02104842469864132,0.08554634940817496,0.12177094767626961,0
2021-11-08,148.7216666511,148.7504775125,145.2355524192,146.8969787611,5878508,131.675240310775,130.21933144700398,134.1638022505004,75.97270363953943,4.256600130383646,2.0925883589499636,2.164011771433682,145.78522647046887,117.56525415108112,21.431494829843505,0.017039244740711012,-0.0021527823078935082,0.07152364273173939,0.09640885957978917,1
2021-11-09,146.9161860021,150.4695255772,145.4180212082,150.0949843787,6795633,133.09321487367,130.608086003766,135.6810576912813,78.50375553070407,4.9701008603687455,2.66809085923372,2.3020100011350255,148.55758623005346,117.62884351728655,23.23840681294233,0.01686917057195443,0.021770397489256244,0.04103110637439089,0.10679130373137258,0
2021-11-10,147.1754837548,148.8561173377,144.3136048538,144.4384519199,7149511,134.158736565195,130.901380573024,136.51509523686403,65.38405958327237,5.021238719223533,3.1387204312316825,1.88251828799185,149.66638909176643,118.65108403862357,23.118363997167528,0.020030047285390207,-0.037686352293612835,-0.01885315415218114,0.05359019264410558,1
2021-11-11,146.1959144665,148.0686204589,145.3027777625,147.7997190856,5060974,135.20697173986497,131.293976577976,137.58982131769602,68.72847231339051,5.272217172066206,3.565419779398588,1.7067973926676183,151.41129221329297,119.00265126643697,23.969652252259195,0.019692094781595802,0.023271276595819845,0.006145397489543569,0.02511156997289543,1
2021-11-12,148.5391978621,151.1705898718,147.9970734863,150.6039762638,5724401,136.41846846258,131.723642557956,138.82926464589642,71.22617542659579,5.632471892388338,3.978830201996538,1.6536416903918,153.40430150662084,119.43263541853916,24.902541767942665,0.019646292120909715,0.018973359324018002,0.0033911318703081506,0.02302824711325302,0
2021-11-15,150.7411159642,151.8716541663,149.0481897471,150.0757771378,7304258,137.52240463599497,132.116238562908,139.90036107369676,70.09059992225343,5.808399484955402,4.3447440585883115,1.4636554263670902,155.03708974668882,120.00771952530114,25.471755176261023,0.019817040042741284,-0.0035072057133126444,0.03902925531925705,0.021639644351499676,1
2021-11-16,149.2210549157,152.697565527,147.463592369,151.6027527931,6200679,138.639305697055,132.526697301942,141.01487457078278,71.50497486383043,6.001851930438335,4.676165632958316,1.3256862974800185,156.7442147154493,120.5343966786607,26.11800301129016,0.019818376175454646,0.010174697638899666,0.02573099415227853,0.01004542837084954,0
2021-11-17,151.6507708954,152.2269881238,149.7108395598,149.7972721441,5759230,139.69570394913,132.95732364397,141.8512933872892,67.44386525087323,5.940993117372983,4.92913112984125,1.0118619875317334,157.81596029798934,121.57544760027068,25.942467572886557,0.020131321033962757,-0.011909286709747557,-0.005356459634817234,0.03710106383009282,1
2021-11-18,152.2173845034,152.6783582861,148.6016213951,152.4478713947,9929525,140.91536374925002,133.41330354404602,142.86049129275688,70.12632390849929,6.037051900718637,5.150715284016727,0.88633661670191,159.02100529480282,122.80972220369722,25.6971859757899,0.02001787435509708,0.017694576227330838,0.01580597683476892,0.031448992852334046,0
2021-11-19,144.9897957713,150.2486423063,143.8046129687,144.0831179624,16035796,141.592418992625,133.66664705213398,142.97693192796098,54.785199172048664,5.3762395409259796,5.195820135398579,0.18041940552740066,159.09859770635595,124.08624027889405,24.72756499010413,0.02438754037571772,-0.05486959808473135,-0.049600912200865044,-0.04329804871803644,0
2021-11-22,145.0146691483,146.9161860021,141.518951296,141.701420085,9032808,142.15855241953,133.822417776212,142.85545460958375,51.34121996238559,4.607248379461936,5.0781057842112505,-0.4708574047493146,158.8928696646349,125.42423517442509,23.543173393774534,0.024836481071608466,-0.016530027327847918,-0.05404539043482748,-0.05580085749021746,1
2021-11-23,142.8154400599,144.0062889986,139.348533069,143.0171160899,7256353,142.97101871158,133.991057351726,142.87085094104242,53.09536931189128,4.057213978370044,4.87392742304301,-0.816713444672966,158.14234963650492,127.7996877866551,21.2229458272666,0.02366487603109898,0.00928498813992662,-0.061862164545302356,-0.056632459140879,1
2021-11-24,142.7376520875,143.4494646257,140.2559272921,143.3340355655,6185926,143.79164808103502,134.14509942412,142.91496376241935,53.52993624284503,3.605320613991239,4.620206061232656,-1.0148854472414168,157.0575504310464,130.52574573102365,18.451561724273805,0.02365454215575477,0.002215954874945192,-0.00519896020778432,-0.04314655725093974,0
2021-11-26,140.0635455251,141.5737423967,136.802674573,137.8319170269,7334135,144.15182164842,134.134166416634,142.43086407332228,45.62637819196465,2.7712713925070886,4.250419127487543,-1.4791477349804545,156.3138512701014,131.9897920267386,16.873917349922998,0.025009436869946663,-0.038386685457451386,-0.027307440220280643,-0.09587509641219005,1
2021-11-29,141.1793597741,145.7869030958,139.9577355532,145.4598540917,9932305,144.86314066455498,134.338983973158,142.71933931316778,55.447476739327165,2.6947289889066326,3.939281099771361,-1.2445521108647286,155.48653526965117,134.23974605945878,14.666801446333022,0.0276193561264529,0.05534231279182822,0.017080039568582395,0.009555152253571286,0
2021-11-30,145.3540441199,146.1909048067,140.8811680352,141.583361485,13505830,145.243303277585,134.56749383733802,142.6111509485804,50.4594281712977,2.2948148295523367,3.610387845727556,-1.3155730161752195,154.76914886283632,135.71745769233368,13.11708749427956,0.028264043568465725,-0.026649914032336408,-0.01221394537307896,-0.0008331504365246545,1
2021-12-01,145.4887113568,150.6156854496,144.1324198989,145.8927130677,14374515,145.75730269572497,134.888913267504,142.92368067421083,55.27609146211593,2.299105972500911,3.348131471082227,-1.049025498581316,154.19647862663356,137.31812676481638,11.57976413507837,0.028859708701762604,0.030436850329736753,0.05848279712475324,0.02010666314927234,0
2021-12-02,142.3625076417,144.190134429,138.2647760028,140.9100253002,9573216,145.948219847845,135.054593798756,142.73190397192408,49.30672968460577,1.8787879751529317,3.054262771896368,-1.1754747967434365,153.74273824681805,138.15370144887194,10.681210647309095,0.03003182416491189,-0.03415309553663459,-0.031278931358144524,-0.01691161667036345,0
2021-12-03,142.8578906919,144.9981378507,137.8703933803,140.2751654689,7767972,145.753020412935,135.149763338132,142.49792887639796,48.58677117077972,1.4774242245896687,2.7388950624350286,-1.2614708378453598,153.9024312085145,137.6036096173555,11.182493196355448,0.027652542110692332,-0.004505426991070816,-0.00923975813527067,0.017726289343586332,1
2021-12-06,140.2285128903,142.7101414948,135.6483839705,141.7661241637,8579707,145.48063170928498,135.259194186236,142.42823318947435,50.417817605306546,1.2650655782966282,2.444129165607349,-1.1790635873107207,153.77932735552014,137.18193606304982,11.408660450167009,0.02731119221994539,0.010628814372209971,-0.028285092635744524,-0.025393466472690363,1
2021-12-07,145.248234148,151.9784216967,144.4104115523,150.9138771886,10514907,145.68147663066,135.53583015726198,143.23638976081966,59.8628686744824,1.8140063038049732,2.318104593246874,-0.5040982894419006,154.29598869998443,137.06696456133557,11.826502955024868,0.03104553218817993,0.0645270728734666,0.07099460714088601,0.06590121611562738,1
2021-12-08,150.8850199235,151.8469287589,149.2401558149,151.2986407227,6582440,145.74165944785997,136.009352722296,144.00422318576065,60.20623512501701,2.254109019629425,2.305305478523384,-0.051196458893959296,154.49437483598786,136.9889440597321,12.0112744993949,0.030690462420912643,0.002549557014025483,0.07858465336292153,0.037054130678147335,0
2021-12-09,149.9038729114,152.311049772,146.5756683408,146.8353837264,5420003,145.861506038185,136.482347600578,144.2738575229644,54.39325000726216,2.217187694492111,2.2876819217171294,-0.07049422722501841,154.6051980748494,137.11781400152063,11.989032986366366,0.030200178849876188,-0.029499650327197813,0.03575790473644069,0.042050651921865745,1
2021-12-10,150.1635882969,150.9138771886,144.9072374658,146.9123364332,5291917,145.817136905565,136.94804620216001,144.5251412287011,54.47486419832061,2.169132311585173,2.2639719996907384,-0.09483968810556531,154.5299889582911,137.1042848528389,11.950381467671768,0.029752386286966265,0.0005240746804147101,-0.02651539295090266,0.04731536720782903,0
2021-12-13,148.2205324494,148.5860578069,141.1312643324,141.4967896898,6202464,145.361777576865,137.297750972496,144.23672679642482,47.96906175920551,1.6747531994457177,2.146128239641734,-0.4713750401960164,153.97773348578195,136.74582166794804,11.85449992775574,0.030500153243278413,-0.036862436980317215,-0.06478479242166357,-0.0018998507258968234,1
2021-12-14,139.4575429587,142.5548894088,139.0246839828,142.1027922561,5691461,144.96312833278,137.73506025107798,144.03349493544152,48.7072674499728,1.3166757157427753,1.9802377348619424,-0.6635620191191671,153.4058085966095,136.52044806895051,11.648038174849976,0.030538679084882454,0.004282800815682997,-0.032230592859813,-0.05838485563185558,1
2021-12-15,142.3144121999,148.0281506823,139.63078274,147.8069116502,6882971,144.77333627563502,138.23132713602598,144.3928679558947,55.15657819725152,1.4761552945277288,1.8794212467951,-0.40326595226737116,152.7692892553558,136.77738329591423,11.046168010519878,0.03188748855284179,0.04014079740122156,0.0060891769794073625,-0.023078390234183455,0
2021-12-16,148.5187241884,149.432537582,140.6887862681,141.1120261557,7155857,144.339073976215,138.623467534552,144.08040683206664,47.59281250720852,1.0502164601737718,1.7135802894708343,-0.6633638292970625,152.13740592041262,136.54074203201736,10.805572918505325,0.03334109377645713,-0.04529480671610353,-0.0027192386127171675,-0.03897805437253743,0
2021-12-17,139.7557346977,143.3051783004,138.7264922438,140.5829762962,9357198,143.74582922128997,138.97890508819998,143.74731820960315,47.043801198169156,0.6623320118716549,1.5033306339509984,-0.8409986220793435,150.75135265615663,136.7403057864233,9.747098017128533,0.033002048385747676,-0.0037491479210726153,-0.010695187165365216,-0.043082564001546086,0
2021-12-20,138.322490533,141.1889788625,137.7934406735,139.4864002238,4653367,143.51599333436,139.344295140372,143.3415164966695,45.86286099246325,0.26340984276120594,1.2553464757130401,-0.9919366329518342,150.75973924340028,136.2722474253197,10.094688042417664,0.03074951435260099,-0.007800205268734595,-0.05629311466903075,-0.014208021753761013,1
2021-12-21,143.6707036579,145.7484267424,141.419836983,145.6522358588,5986903,143.71353412304998,139.808416636832,143.5615850073486,53.00623808043364,0.4397236943383689,1.092221919438106,-0.6524982250997371,150.964046970507,136.46302127559295,10.090229694371052,0.03212159605791818,0.04420384801032351,0.03217450579364822,0.02497800040623499,1
2021-12-22,144.2610271102,146.633382871,143.2474637703,146.5179538107,4293732,143.88857600909,140.30406585063,143.84314394100113,53.92549750983194,0.6419103526277468,1.0021596060760343,-0.3602492534482875,151.2318268045608,136.5453252136192,10.20685727685135,0.0320896293183684,0.005943732664284385,0.04221690044458404,-0.00872055186803744,1
2021-12-23,147.2393854373,150.5772090962,147.1720518188,149.567204819,4625522,144.200234471765,140.83284958522202,144.38829259604864,57.108046814188505,1.0362485801247772,1.008977400885783,0.027271179238994137,151.9412079420197,136.45926100151027,10.736422861740119,0.032373665257785914,0.020811449580026453,0.07227087787071573,0.05991820040887763,1
2021-12-27,150.2357314596,156.6083774942,150.2357314596,156.521805699,6421440,145.13472890537,141.426585387358,145.5438652725202,63.32953917426819,1.8881769074216095,1.1848173021929485,0.703359605228661,154.00505477127163,136.26440303946836,12.223574512872407,0.03227818210636263,0.046498167084262576,0.07462686567158028,0.11337666780661859,0
2021-12-28,156.6468538476,156.7831563296,152.7030276224,153.559126486,5836693,145.539692525085,141.970287080888,146.3072234833278,59.378212203579686,2.297785353042542,1.4074109123628673,0.8903744406796748,155.14175753611573,135.93762751405427,13.195115153037355,0.030638580779333888,-0.01892822025512153,0.04805672268940597,0.1008895938214831,1
2021-12-29,153.8092227832,156.8103783497,153.4725546908,154.8480843254,4654409,146.202928667105,142.507307694006,147.12063880162037,60.53198602179429,2.695340910412284,1.6649969119727506,1.0303439984395335,156.43224165858302,135.97361567562697,13.993307910773165,0.029835888590333745,0.008393886243664772,0.0353077368316852,0.06313564918780079,0
2021-12-30,154.5595116748,154.7903697953,151.6256897268,151.9623578192,4171379,146.50641090468,142.961260218952,147.58175489853272,56.65243583998092,2.74589952141352,1.8811774338609046,0.8647220875526154,157.03662441113391,135.97619739822608,14.375089037305115,0.029643096763539174,-0.01863585538543633,-0.029129793509845237,0.037158613445654076,0
2021-12-31,152.1162632328,153.587983751,151.0581635139,151.3659743412,3586896,147.02920835672998,143.41519356372402,147.94215675021533,55.855691473346944,2.706643916159038,2.0462707303205314,0.6603731858385067,157.4335965069256,136.62482020653437,14.152818023684032,0.02842393611059018,-0.003924547411336965,-0.01428213480362528,0.01202649688062829,1
2022-01-03,151.7314996987,154.6538749315,150.7311145098,153.8380800482,5368311,147.707354085695,143.930861656842,148.5036732547853,58.46339111992787,2.842248168826785,2.2054662180217823,0.6367819508050028,158.03016833071212,137.38453984067786,13.977386987824813,0.028478947656908386,0.016331977630768657,-0.006522549385096554,-0.017146017699035232,0
2022-01-04,153.8957945784,155.6753259239,148.6245341603,152.3278831766,6946961,148.23544203634,144.366579058476,148.86788372352956,56.2763352851414,2.7956289790932374,2.3234987702360734,0.47213020885716395,158.36733236447924,138.10355170820077,13.669997119387139,0.028633069175515256,-0.009816794847717913,0.002405367767686961,-0.008018040591760145,0
2022-01-05,152.0200723493,152.8376948594,147.6530062365,147.883864357,6840088,148.08394139476,144.716681314678,148.77416759338388,50.311847668630726,2.3727363294012207,2.333346282069103,0.03939004733211782,158.14144159330803,138.02644119621195,13.583512302305495,0.02572357522387554,-0.02917403384676387,-0.02300457549561863,-0.044974530997524687,1
2022-01-06,147.4413862927,151.4044506946,146.0562375697,150.3848273291,6576027,148.03825072508,145.189022056282,148.92756375869018,53.31086656351735,2.213877466825437,2.30945251902037,-0.09557505219493301,158.0450942112832,138.03140723887677,13.519267401756602,0.026017857878726472,0.016911669051753675,-0.022447320702507656,-0.010381060893888572,0
2022-01-07,149.192156564,151.3852125179,144.9019469672,145.0654714692,6335715,147.94975511221998,145.551902522138,148.5597454454054,46.835845497733345,1.6398499421734414,2.1755320036509844,-0.535682061477543,158.0286288668079,137.87088135763204,13.62472516016414,0.02639882139194054,-0.035371625943747764,-0.04767618085377323,-0.04162430096606651,0
2022-01-10,142.0931731678,144.190134429,137.8126788502,143.89194269,9683912,147.79873542506,145.817172462354,148.11519280203348,45.52222973063955,1.0778106975421338,1.9559877424292145,-0.8781770448870807,158.02470184417902,137.57276900594096,13.837691357385145,0.026455289892510638,-0.008089649227446594,-0.0269936256017983,-0.06465328581248353,1
2022-01-11,142.7280329992,146.8450028147,140.7010025103,146.6430019593,6748453,148.056046038535,146.12536302616,147.9749841503446,49.124602795108366,0.844641536506856,1.733718501244743,-0.8890769647378869,157.8860915194301,138.22600055763988,13.27881669666717,0.025367674554200012,0.019118925061890835,-0.024881668159324688,-0.037320030310598495,1
2022-01-12,148.8361541041,153.6649364579,148.7303441322,153.4725546908,10379777,148.62453416027,146.515211935488,148.49856229705463,56.767480459806855,1.197141226111654,1.6264030462181254,-0.4292618201064713,158.32590242740886,138.92316589313114,13.054867854693953,0.027252343028285032,0.046572646769707404,0.05795371659743975,0.03779107584251773,0
2022-01-13,157.7530490084,160.186678362,150.5387327427,151.1928307508,12553623,148.79383011529998,146.826814056406,148.75515929264944,53.85889890111636,1.2778152415443174,1.556685485283364,-0.2788702437390467,158.55023467511,139.03742555548996,13.113990751161936,0.02618958971052213,-0.014854277656307646,0.0507386857409311,0.005372905206266321,1
2022-01-14,149.8461583812,160.6964900448,149.6730147909,160.6387755146,11437325,149.770167583245,147.297755921542,149.88693226616854,62.4450196423333,2.0799820411574217,1.6613447964581758,0.4186372446992459,160.14480080168528,139.39553436480475,13.85407172316056,0.027133971756419108,0.06247614200285101,0.09544112823866269,0.10735362376502189,0
2022-01-18,159.0612450245,159.5710567073,145.7484267424,146.5564301641,12379005,150.06884027664,147.345301441482,149.56974158978105,48.080470016793896,1.5613788272399916,1.6413516026145392,-0.07997277537454761,159.68450030582866,140.45318024745134,12.814998785174797,0.03437923098917863,-0.08766467065867367,-0.045064243184287034,0.01851728056685098,0
2022-01-19,148.5430604819,149.8846347347,137.4760107578,137.6202970831,12845589,149.975535119605,147.15342941840998,148.43169925581142,41.548958850525196,0.4244183560028034,1.397964953292192,-0.9735465972893886,160.02649191095153,139.9245783282585,13.403461815730033,0.037172533456744636,-0.06097400892607818,-0.08976969080015829,-0.06152836995729383,0
2022-01-20,140.1404982319,141.7036000894,133.2820882354,133.8496144483,10573814,149.38540404908002,146.892482132154,147.04292927414366,39.13324301928511,-0.7719945123409104,0.9639730601655715,-1.7359675725064818,161.5468017442328,137.22400635392725,16.281908895406126,0.03612355003472401,-0.02739917522865931,-0.1667664670655138,-0.12785960513939565,0
2022-01-21,132.2836268642,136.4948637457,129.5210246889,129.9154073114,12408153,148.555276724115,146.488890590808,145.4117367062633,36.73347304149306,-2.0143972490313615,0.36829899832618496,-2.3826962473575466,163.3645592461074,133.7459942021226,19.9377401443572,0.03649502743103453,-0.029392741646032894,-0.11354686269355052,-0.14073037282085155,1
2022-01-24,126.5006309457,134.1285680105,124.7499568652,133.9842816852,13211321,147.776130567425,146.279807186114,144.3234076566382,40.77835616050804,-2.640251041416974,-0.23341100962244682,-2.4068400317945273,163.87409793828346,131.67816319656657,21.786965606754073,0.03696418854650573,0.03131941359385593,-0.026420633256622583,-0.1659281437125837,0
2022-01-25,129.6653110142,131.2139842392,126.3659637087,127.9242560221,11799977,146.34625308358002,145.882297924844,142.7615836914441,36.985642821128785,-3.5839248514089377,-0.9035137779797451,-2.680411073429193,164.08007311450535,128.6124330526547,24.23542749782236,0.035936698637382206,-0.045229377557422734,-0.04426877470378299,-0.1271331058018912,1
2022-01-26,132.4644657253,136.1870529183,127.7799696968,130.4155999058,11852588,145.18907675457,145.478530397684,141.58577571185896,39.477819175768374,-4.083688297558695,-1.539548681895535,-2.5441396156631595,163.8835726893054,126.49458081983462,25.751931691578793,0.036424395155832644,0.019475148507172912,0.0038501406780881986,-0.05235199552686298,0
2022-01-27,129.1266420664,130.2905517572,124.3748124194,125.1924349295,13544868,143.706294284775,144.980863553518,140.0245051611581,36.241644837186776,-4.845365829858821,-2.2007121114881922,-2.6446537183706287,163.7563180814758,123.6562704880742,27.904169259237527,0.03691947445065168,-0.04005015489000352,-0.06561849378986628,-0.06467840459969254,1
2022-01-28,124.6681946142,127.4529206927,119.1333711752,127.404825251,13292904,142.47841765636502,144.496905002676,138.82263088400018,38.53983095304855,-5.210416909804962,-2.8026530711515463,-2.407763838653416,163.34676190560572,121.61007340712432,29.293340833657744,0.03735831760182338,0.01767191701915438,-0.0040604556731621555,-0.01932474455768185,1
2022-01-31,127.8569224036,133.0993255566,126.6160600059,132.9165628779,8588889,141.5559470832,144.159290817352,138.26014821675255,43.95937250953341,-4.997364846536527,-3.2415954262285425,-1.7557694203079848,162.40233920430947,120.70955496209055,29.45321980553303,0.039086130271959944,0.04326160815370472,0.019176869744926606,-0.0079689855695807,1
2022-02-01,132.9646583197,133.9746625969,128.2897813796,133.3301836771,8151371,140.530552264645,143.776937063,137.7906277844047,44.355911910996305,-4.740498296215776,-3.5413760002259895,-1.1991222959897865,160.87087686923314,120.19022766005683,28.947903892505263,0.0388039127351175,0.0031118830508727324,0.06500192086033496,0.04225881645202678,1
2022-02-02,135.335763599,136.0119855103,131.9835113076,135.3982876733,8134117,139.68407248948,143.60324045721802,137.5627858690614,46.39820187770819,-4.320249844886263,-3.6971507691580445,-0.6230990757282182,159.38928290751008,119.97886207144994,28.21396894698087,0.03909887865209751,0.015511146382341634,0.0627406568515132,0.03820622510726479,0
2022-02-03,132.9261819663,135.8407657376,129.9538836648,131.3101751228,10040639,138.85538802776998,143.395415557974,136.96729913132222,43.03570097907258,-4.267878984256157,-3.811296412177667,-0.45658257207848996,158.50546588914065,119.2053101663993,28.302938964731876,0.039132504332217544,-0.03019323671481078,-0.01208568533761789,0.04886669227853191,0
2022-02-04,129.2228329499,131.5362236991,126.9152136537,130.4059808175,8514352,137.85644570219,143.143192852526,136.34241167286297,42.30543506249019,-4.250340345903169,-3.8991051989227676,-0.35123514698040115,157.08733021640228,118.62556118797772,27.8998699208546,0.038785380249928184,-0.006885942421860358,-0.02193203953488776,0.023556058890135567,1
2022-02-07,130.5887434962,133.0223728498,130.0500745484,130.9446497653,7242186,137.150404616995,142.895405136522,135.82833911023792,42.92677521392414,-4.145191578184949,-3.948322474775204,-0.19686910340974517,156.3074794786693,117.99332975532067,27.93586342697595,0.038233143789100935,0.0041307073833818375,-0.03289286729198593,-0.014835721522617473,1
2022-02-08,129.7037873676,133.89770989,128.4148295282,133.4648509141,6644120,136.6290500282,142.808063814266,135.60324499632003,45.86426587402399,-3.814529727467999,-3.9215639253137633,0.10703419784576429,155.59041255646238,117.66768749993761,27.755975064378756,0.03858148783151432,0.019246308675590074,0.01640905428147499,0.0010100281368106145,1
2022-02-09,136.2640056252,139.4575429587,134.1766634523,138.7072540671,7652648,136.23226263358998,142.673011813774,135.89886490782288,51.46077035927364,-3.093796348148828,-3.7560104098807763,0.6622140617319481,154.66352541539337,117.80099985178661,27.058587188522388,0.039444543980953636,0.03927927927911212,0.06365715128677607,0.02443876101139586,0
2022-02-10,134.4652361029,139.6306865491,133.7149472113,134.4459979262,8525688,135.28093479536,142.530264542598,135.76049662385878,47.19028413568175,-2.833791525470275,-3.5715666329986764,0.7377751075284014,151.93278044039636,118.62908915032362,24.618170579950057,0.03819886896975018,-0.030721220527072157,0.026739146404039182,0.023881034356000308,0
2022-02-11,134.2378408542,135.2059059062,126.2802576315,127.4433016044,9473100,134.09345833804,142.161276313332,134.96838281248176,41.147260359187854,-3.156409772398831,-3.4885352608787077,0.33212548847987655,149.36734370710099,118.819572968979,22.78095525071271,0.039542102538563224,-0.052085569149063926,-0.045117117117041916,-0.02271889061013377,0
2022-02-14,127.3278725441,129.28054748,124.7499568652,126.8372990381,9529272,132.403384514215,141.87982178809,134.19399388158826,40.66198952686813,-3.4215449594989877,-3.475137200602764,0.05359224110377614,141.96715850274512,122.83961052568488,14.446419211441446,0.0359520731140232,-0.004755075854681712,-0.08557558945877386,-0.03136707558928031,1
2022-02-15,129.5573848429,135.0327623158,129.1747375081,134.5133315447,9069484,131.801229583245,141.764585109606,134.2244069923608,48.885127397729406,-2.9779469151392846,-3.3756991435100683,0.3977522283707837,138.9317306680821,124.67072849840791,10.820082797988634,0.034589891720564266,0.060518731988247865,0.0005008227804368381,0.007855855855822602,1
2022-02-16,133.2051355285,136.3121010669,131.6853195686,135.5906694404,7990701,131.69974820111003,141.64107601514002,134.35452722550738,49.93382155541029,-2.510520388247329,-3.202663392457521,0.6921430042101919,138.54828917052885,124.85120723169122,10.400233960904552,0.031914949575025234,0.008009153318323525,0.06392935315886938,-0.02246879334221652,0
2022-02-17,137.3894389626,138.3128714446,129.6172155724,131.2716987693,11879796,131.57085241715998,141.248232446754,134.0609245153924,45.87078491221037,-2.4602263778271833,-3.0541759895314535,0.5939496117042702,138.34937122324,124.79233361107995,10.303982503036439,0.03212911269196231,-0.0318530079460847,0.03496132261432017,-0.023610216784901494,0
2022-02-18,131.7718913638,131.8103677172,125.9427238211,128.2705432028,8151340,131.48860921173,140.78767049635601,133.50945962847882,43.238005215533114,-2.6321938920299033,-2.9697795700311436,0.3375856780012403,138.3843738471757,124.59284457628428,10.488763516148818,0.031851811814972784,-0.022862167509344777,-0.04641018306669076,0.006491055928289358,0
2022-02-22,125.2207250627,130.2511405223,123.8282058406,125.5291030219,7652071,131.065850278565,140.361544882266,132.7494256659475,40.927189964311864,-2.955620148163291,-2.966947685657573,0.011327537494282058,138.32492294878514,123.80677760834485,11.076985583646461,0.03128555521341838,-0.021372328458652445,-0.0742054483544139,-0.010313969361702036,0
2022-02-23,127.1673609302,129.3451838991,122.9849848584,123.2162683278,8413757,130.83045089384999,139.887623520158,131.84150591945726,39.03192452226803,-3.359834140410669,-3.0455249766081924,-0.31430916380247664,138.75646811665138,122.9044336710486,12.11647161444427,0.029915961757209814,-0.018424689083427204,-0.06136456309335048,-0.08398471056488477,1
2022-02-24,118.6098725621,128.7767084049,118.2244001131,128.5743353691,8500945,130.738387667015,139.629174433744,131.53034681942324,45.346241546956044,-3.2108131550830024,-3.0785826123031548,-0.13223054277984758,138.72408974316016,122.75268559086982,12.21630803109552,0.031251757625475295,0.04348506178620504,0.00236837046694105,-0.051746437275199786,1
2022-02-25,128.5165145018,131.1954516543,126.9553510833,130.790801951,7784465,131.01830601809,139.402934627642,131.4599139748115,47.75666061148454,-2.8806562095597883,-3.038997331754482,0.15834112219469354,138.58844813128434,123.44816390489562,11.555854053171977,0.030012585791552776,0.017238794783866807,0.04191616766497597,-0.0036633701156343346,0
2022-02-28,128.9598078181,132.0816528146,127.2348186088,129.3260066447,7428101,131.11436508777498,139.033316527532,131.25668470527708,46.303262641063654,-2.7060080150278623,-2.9723994684091584,0.2663914533812961,138.5461528281167,123.68257734743327,11.336344015953523,0.029944541740465357,-0.01119952844121852,0.049585484123296775,0.008228416404468364,0
2022-03-01,128.8778949227,130.1547724101,123.437914986,124.9027102923,9212451,130.713672458495,138.70913021026402,130.65154428499355,42.13332017583025,-2.8911932352865506,-2.956158221784637,0.06496498649808657,138.56584402880208,122.86150088818795,12.014307949002553,0.02921484171181585,-0.034202682562929465,-0.028556438314534693,-0.004990019959679959,1
2022-03-02,125.27854593,129.5862005478,124.9412575372,128.3430518997,7008727,130.46431586962498,138.464331722334,130.43168786734654,46.1921802390319,-2.7288900946107617,-2.910704596349862,0.1818145017391002,138.28496966014825,122.64366207910172,11.988954586384475,0.029971721038501358,0.027544170973943016,-0.01871500147401073,0.0416080087595323,0
2022-03-03,130.2097022341,130.2097022341,124.8641630474,125.8953018485,5449674,129.989166578385,138.192509754828,129.99965110364687,43.836267163366884,-2.765893164039028,-2.881742309887695,0.11584914584866723,137.70706270288144,122.27127045388859,11.874675909768902,0.029937462970181312,-0.01907193272225527,-0.026527570789572352,-0.02083645630295705,0
2022-03-04,123.7173825115,124.8497078305,119.6121009295,121.173264348,7098065,129.482321039645,137.702930324612,129.15904284120433,39.63643063574793,-3.1400507750093993,-2.9334040029120363,-0.20664677209736304,138.0691344590813,120.89550762020869,13.26329857310357,0.030326607447055474,-0.037507654623858855,-0.029858807191391334,-0.07353374594799977,0
2022-03-07,122.9271639911,123.3993677411,114.7840585056,114.8900634291,9207137,128.706525170225,137.07037251698,127.80009242100391,34.8516855276261,-3.898634152918291,-3.1264500329132874,-0.7721841200050035,139.3715190630329,118.0415312774171,16.57257684286413,0.032194401253875855,-0.05185303006160791,-0.1048205436248586,-0.11162444113240233,1
2022-03-08,115.4393616689,123.225905139,113.8781982504,119.6410113632,10525001,128.14134325012,136.471848647864,127.02303708216544,40.6825231244002,-4.069543982429622,-3.3150688228165546,-0.754475159613067,139.45059787183715,116.83208862840286,17.65121909116019,0.03383414794716895,0.04135212212700945,-0.049678505817685736,-0.04212637913770223,1
2022-03-09,123.0620793482,125.1243569504,121.6165576644,123.9486659809,7623175,127.66553400346,135.820385853502,126.73023983442589,45.44979010720065,-3.8134405576156496,-3.414743169776374,-0.39869738783927566,138.83877991094263,116.49228809597737,17.503934785060803,0.03463715192266304,0.03600483286306444,0.022904405916879922,-0.03423937528175813,0
2022-03-10,121.1539907256,121.4238214399,118.2244001131,120.4312298837,5604387,126.75173279429,135.157827921456,126.13033412483294,42.449718348839895,-3.849924907095115,-3.5017795172401223,-0.3481453898549929,137.12402320365624,116.37944238492378,16.366309447145465,0.033565171517073736,-0.028378168247022773,0.04823016272438152,-0.04340171463566889,0
2022-03-11,125.27854593,125.27854593,118.8893400876,119.1495339907,6015969,125.986909597515,134.443856914762,125.46549601682028,41.37792290451849,-3.9368792702930335,-3.5887994678507047,-0.34807980244232883,136.23205148978593,115.74176770524406,16.263819669838167,0.033099848195134146,-0.010642554213203148,-0.004107933950909137,-0.016701129314202645,0
2022-03-14,119.245902103,120.190309603,114.7744216944,115.7670132506,6733185,125.403095179825,133.71995002339,124.54183099146597,38.60748295603148,-4.229971901407154,-3.717033954561995,-0.5129379468451591,136.54152487293464,114.26466548671536,17.764202194750304,0.031740841290111815,-0.028388870915466713,-0.06600839682744764,0.007632947491940323,1
2022-03-15,117.2992662354,120.4119562612,115.5068193475,119.8915684551,6875317,125.055808650675,133.090461905668,124.0989488451454,43.56904882496569,-4.082373725409312,-3.7901019087314585,-0.2922718166778533,136.42445771382597,113.68715958752405,18.181720922548443,0.03297215082864749,0.03562806959156495,-0.0044810754579285295,0.0020942408380297817,1
2022-03-16,122.6958805216,125.9916699607,120.5468716184,125.7411128689,9668855,124.61719771688499,132.528522562082,124.25534541883633,49.76920944835007,-3.4535810277242973,-3.7227977325300263,0.269216704805729,135.1377321059844,114.09666332778555,16.88456261550801,0.031882405018381826,0.04879029016949343,0.05532190229728062,0.014461203545959922,1
2022-03-17,124.6184243611,127.456465267,123.649924833,127.1962713639,6781116,124.19747781305998,132.02589032582802,124.5354336040805,51.20545848762777,-2.805499107968515,-3.539338007617724,0.7338388996492089,133.5368510513209,114.85810457479904,15.039553785976874,0.0319563641567437,0.011572654812727512,0.0987263797551654,0.056173481635394484,1
2022-03-18,125.8567546036,130.8197123846,125.0376256494,130.2318668999,11466776,124.14548621959,131.672850376686,125.07795106082521,54.15063515687318,-2.023615349071889,-3.2361934759085575,1.2125781268366684,133.3371634268853,114.9538090122947,14.8079120509254,0.031709500616134007,0.023865444351866216,0.0862470862467073,0.09301197023619934,0
2022-03-21,129.2344569381,130.4652704678,127.1288136853,129.3260066447,6169739,124.198259391685,131.25167396299798,125.482527783099,53.120243926665324,-1.4602295714443727,-2.8810006950157208,1.420771123571348,133.49557777949934,114.90094100387067,14.971737016850312,0.03130066371425941,-0.006955749593118399,0.028510116492587834,0.11712311662346275,1
2022-03-22,129.1332704202,132.3519653695,128.9887182518,130.5595184816,4982778,124.44978016467,130.961554903246,125.96605070676576,54.39286237376022,-0.9037898604285743,-2.4855585280982915,1.5817686676697171,134.1413214711706,114.75823885816939,15.575023585701661,0.030905015496259285,0.009538002981015925,0.026441397075846584,0.08897998553163644,0
2022-03-23,128.7574347824,130.193319655,126.4349632771,126.6469731241,5457871,124.62131540448502,130.616655511928,126.03090046079758,49.77710226868787,-0.7696451027047573,-2.1423758430195847,1.3727307403148274,134.34085740148612,114.90177340748392,15.598522556842315,0.03141828343567489,-0.02996752288153859,-0.027527009027333293,0.007204169221441958,1
2022-03-24,128.1792261089,133.61438764,126.5603381911,133.5565667727,7617816,124.870426974665,130.354926808196,126.74763058574068,56.756251071407036,-0.10458239345784648,-1.7348171531072372,1.6302347596493907,135.21758795574513,114.52326599358487,16.572636502923896,0.032276552420893806,0.054557905950340935,0.032712369598040025,0.05000378816611395,0
2022-03-25,133.5951140176,133.9420392217,129.9042153182,132.0821346552,6065766,124.93499360987501,129.927118407484,127.25567859235585,54.99986778680844,0.3000514393818605,-1.3278434346094177,1.6278948739912782,135.44397274814875,114.42601447160128,16.82311550131315,0.03221145683528265,-0.011039757558378382,0.01166223796861332,0.014207488530608048,1
2022-03-28,130.1836828438,132.7470746297,128.8441660834,132.6603433287,5209555,125.101710444075,129.556468659042,127.77040856724577,55.58039791132823,0.6597777673915175,-0.9303191942092308,1.5900969616007483,135.98323014854088,114.22019073960911,17.396276463110905,0.03208949657485135,0.004377644826905724,0.04748135747948412,0.02578241430712791,1
2022-03-29,134.9924516452,136.8523562117,133.8601263263,136.3030579719,6162641,125.67172782805498,129.069754308188,128.5830418438795,59.155358757685306,1.2246827222139984,-0.4993188109245851,1.7240015331385834,137.59623657610257,113.7472190800074,18.977233709021316,0.03140721575344121,0.027458956850233918,0.020564254274926475,0.04399173309688198,0
2022-03-30,135.58029713,136.1681426147,130.1740460325,130.8678964408,6387460,125.79797005511,128.755983633722,128.80064704358622,52.38135626065396,1.2197414367909971,-0.15550676138146866,1.3752481981724658,137.8852774340907,113.71066267612929,19.21701498630775,0.03244359826442528,-0.03987556561071792,-0.009193054136880652,0.03332826053855986,0
2022-03-31,131.1521823719,132.3616021807,126.8686197822,127.0131719506,8474769,125.85386356021499,128.543841131072,128.63041132044467,48.168470462437604,0.8944704824773453,0.054488687390294124,0.8399817950870512,137.9527871392806,113.75493998114938,19.226940257224374,0.03286993591831109,-0.02945508100180816,-0.04256864739229338,-0.04899343387013089,0
2022-04-01,128.0491291573,128.2081365426,121.0094385572,122.7826118227,10138140,125.93433093395,128.32250107856,128.07347803494517,43.987110169332524,0.2919545908894179,0.10198186809011889,0.189972722799299,137.9286198844917,113.94004198340829,19.048481635770095,0.03262379424907611,-0.0333080424882658,-0.09919400452473592,-0.070407120968906,1
2022-04-04,122.5513283533,124.9894415933,122.2911344502,124.7388845014,8348638,126.426771987565,128.21897062236,127.75589769841706,46.308133149428855,-0.0273731969927411,0.0761108550735469,-0.103484052066288,137.32556201925328,115.52798195587671,17.241269171628083,0.030261563894271173,0.01593281532017632,-0.04683357879273742,-0.05971233473798998,0
2022-04-05,124.1028549606,124.2955911851,116.9427042201,117.2896294242,11421690,126.30920289061498,127.88507757714,126.75911024372972,39.58210756509447,-0.8714894107854008,-0.11340919809824265,-0.7580802126871581,137.54381456966343,115.07459121156653,17.7890627475145,0.032171807517579504,-0.05971878862774649,-0.07655538694980257,-0.13949377828060006,0
2022-04-06,114.6876903933,116.8174256742,112.8181490156,114.9960683526,11601955,125.86157300919999,127.62651382374999,125.6388205398126,37.763433546027265,-1.7058646562401947,-0.4319002897266331,-1.2739643665135616,138.10485628006688,113.6182897383331,19.455156928591627,0.031238972313492923,-0.01955467915500786,-0.06341731418243401,-0.12128129602342808,1
2022-04-07,114.7551480719,119.4000910826,114.2829443219,117.9545693988,11817187,125.73773998495501,127.37729321360999,124.9069870978114,41.49745500208694,-2.104131620859903,-0.766346555953287,-1.3377850649066159,138.24546010918056,113.23001986072947,19.894933892914153,0.03129361165212246,0.02572697561388515,-0.0543881334975691,-0.07132018209358015,0
2022-04-08,116.8559729191,117.9448362194,115.1213468985,115.6031874598,6408147,125.56042265840999,127.18550826421601,124.02091094181031,39.47051847262573,-2.57976006268035,-1.1290292572986997,-1.4507308053816503,138.52877784714775,112.59206746967222,20.65675618824329,0.03151914583489224,-0.019934640522912495,-0.014378440555052552,-0.05847264735879054,0
2022-04-11,113.9071086841,114.7262376382,111.9219255717,112.0182936839,7785053,125.372986680075,126.877777632874,122.87780453629505,36.54012141278405,-3.20897888597122,-1.545019183033204,-1.663959702938016,138.99405070547405,111.75192265467595,21.728865820445176,0.03164407685061981,-0.031010336779395575,-0.025894578061308793,-0.10197775030894418,0
2022-04-12,113.8107405718,114.928610674,110.0234737603,110.399309398,9883791,124.89837372722002,126.427432563276,121.689376427886,35.26670753029754,-3.794536780177225,-1.9949227024620084,-1.7996140777152165,139.84713181885013,109.94961563558991,23.937474356997523,0.030541325750520848,-0.014452856159981708,-0.06405228758248405,-0.05874619998397179,1
2022-04-13,111.0546125614,113.8300141943,110.3318517195,112.6157759799,9351383,124.24210688277,126.013144409332,120.82522400426829,38.43022611668478,-4.033252476737758,-2.4025886573171586,-1.6306638194205991,140.109464048659,108.37474971688103,25.542640195019878,0.028555702504286577,0.020076815643016666,-0.025841947316018854,-0.020698902204217773,0
2022-04-14,113.1458005973,113.260575019,109.1368871275,109.242892051,7711159,123.34443791712502,125.49003649688599,119.7221447706237,35.58064270476984,-4.443379418778761,-2.810746809609479,-1.6326326091692822,140.42658229948995,106.26229353476009,27.698280799402408,0.028787608440385547,-0.029950367961785407,-0.024776324845045328,-0.07385620915071245,1
2022-04-18,108.4141262856,111.7677365921,108.259937306,110.698050546,6822714,122.36774709942999,125.07779400535,118.86270722542145,37.726043701618956,-4.597986123981485,-3.1681946724838803,-1.429791451497605,139.9882704740644,104.74722372479559,28.799293592153553,0.02828110268417742,0.013320395200821622,0.002706005586710747,-0.04243081027074369,1
2022-04-19,109.9849265154,112.9819748065,109.4163546531,112.8085122044,6086635,121.541872377415,124.725844633088,118.28611722341941,40.80517145632107,-4.498362115433423,-3.434228161073789,-1.064133954359634,139.3280154935036,103.7557292613264,29.267515413714563,0.028909260991612503,0.019065030034318475,0.0017114495977403887,0.007054370268573251,1
2022-04-20,116.1428488884,117.9256589651,113.2518055208,113.6083675361,8830987,120.69431483013997,124.37911898850402,117.84061725319852,41.97614343516057,-4.305239608025872,-3.6084304504642057,-0.696809157561666,138.29539386875527,103.09323579152469,29.16637633410703,0.02884329785371279,0.007090381001131574,0.03996118560337991,0.02906773743059432,0
2022-04-21,114.8804266179,116.6776919114,111.1509806736,111.4882690665,7849411,119.93637962726,123.939587351552,117.23563171160818,39.73257794359942,-4.2739949048338985,-3.7415433413381445,-0.5324515634957541,137.75107995603452,102.12167929848549,29.706916924021375,0.02846818448770669,-0.018661464076810463,0.0071385043964402595,-0.010011980147446087,0
2022-04-22,111.0449757502,111.9661585352,108.5394048315,108.7032306224,8489399,118.69371281974502,123.339506882658,116.42302208406454,36.93947596969528,-4.4229772508101775,-3.8778301232325516,-0.5451471275776258,135.99462297972659,101.39280265976343,29.152193067303774,0.024899935554710786,-0.02498055147343614,-0.03639159405419301,-0.004940014114127034,1
2022-04-25,107.3637138621,110.5534983777,107.1613408263,110.312578097,8518305,117.605234991835,122.856838486074,115.84107503767744,39.58252914484529,-4.360916016768684,-3.974447301939778,-0.38646871482890566,134.1213202554708,101.0891497281992,28.08733006618705,0.025503432173946565,0.014804964538637888,-0.029010094155720867,-0.003482197266336029,0
2022-04-26,108.7417778673,109.0887030714,104.8774165659,104.9641478669,9422790,116.220425218745,122.407255411324,114.80517721188912,34.41940177856317,-4.689250897151325,-4.117408020982088,-0.5718428761692369,132.08669255981152,100.35415787767849,27.303750285207997,0.02678879799068573,-0.04848431903564987,-0.05851845449056625,-0.06953698957829202,0
2022-04-27,104.4341232495,108.2888477397,103.9811931219,104.8581429435,6891622,114.64817946732501,121.96767228943199,113.85784061489969,34.323838830842405,-4.901510801344557,-4.274228577054583,-0.6272822242899743,128.32328372899732,100.97307520565269,23.855772198405912,0.025338253506148187,-0.0010099155335822063,-0.03537234042525006,-0.07702095173420698,1
2022-04-28,107.3637138621,111.7773734033,105.609814219,110.4667670766,7379070,113.62812299911499,121.48674100007,113.53488123029972,43.29453448667962,-4.564542011375792,-4.332291263918825,-0.23225074745696705,125.19217998404002,102.06406601418996,20.35421633254489,0.028477622285675738,0.05348773090633552,0.0013977461343022135,-0.00916241680360741,0
2022-04-29,108.9248772806,111.9411991941,106.1591124589,106.3422118722,7998881,112.59457499519499,120.90177184870599,112.84986510095689,39.06834605818061,-4.577541898658652,-4.38134139086679,-0.19620050779186116,122.80435075904478,102.3847992313452,18.135466587596245,0.028841660861623153,-0.037337520718244144,0.013128901947048188,-0.02171985815583921,1
2022-05-02,107.0649727141,109.0887030714,104.2510238363,108.8670564132,9425103,111.89879722472001,120.453679001584,112.47054998783719,42.75231465684768,-4.334149175753112,-4.371902947844055,0.03775377209094355,121.08153942956538,102.71605501987464,16.412584286145968,0.02907351068285209,0.02374263706339219,0.03823178016665918,-0.013103870009537055,1
2022-05-03,108.1057483264,110.5631351889,107.3829874845,109.6669117449,5463679,111.14519858689498,120.081606372426,112.20353682184317,43.909293317702904,-4.030258734756998,-4.303574105226644,0.2733153704696454,118.221483281378,104.06891389241196,12.733406003050462,0.028801061110636204,0.007347083296384893,-0.007240687429055925,0.044803525523432475,1
2022-05-04,110.0234737603,114.7936953168,107.9662072999,114.4949541688,6342697,111.00546482412501,119.86092339536401,112.42176704536288,50.42251984954596,-3.3610960735542648,-4.115078498892168,0.7539824253379033,117.69045318674456,104.32047646150546,12.044431097534018,0.02795074243067155,0.04402460456924939,0.07666515632003046,0.09190331770888349,0
2022-05-05,111.8544678931,112.6543232248,107.787733556,109.3488969745,8172534,110.72310625522,119.58357596829799,112.12911275289974,44.49220904350315,-3.209031929153781,-3.933869184944491,0.7248372557907099,117.18329387373457,104.26291863670544,11.669086673966039,0.029385598530679607,-0.04494571163994854,0.004425953793323778,-0.010119514960774123,0
2022-05-06,107.8166439896,110.8715131481,105.9022914397,108.4141262856,6247012,110.24608409956,119.18037178662799,111.77530451791881,43.49157965904616,-3.1278917920097626,-3.7726737063575455,0.6447819143477829,115.8524456094054,104.6397225897146,10.170631556913095,0.02866776942528622,-0.00854851502633791,-0.011423550087871104,0.019483461712175076,0
2022-05-09,104.0197403668,106.7662315661,101.5527166931,101.9092787085,10088432,109.56138866199501,118.602741321778,110.83568301225988,37.21869692430006,-3.5475801888079275,-3.727655002847622,0.1800748140396946,115.70279009435619,103.41998722963383,11.21088643976183,0.031146007802918856,-0.059999999999667986,-0.1099234071201508,-0.06391077277126034,1
2022-05-10,105.2484337981,105.5905405966,101.3599804686,103.2873427137,8881030,109.12484111348502,118.081968043158,110.11679346001608,39.2187813954373,-3.726036588291322,-3.7273313199363622,0.0012947316450402369,115.72938277509165,102.52029945187839,12.104561334001303,0.03084077869799439,0.013522458628539624,-0.05543315413792915,-0.05817223198588595,0
2022-05-11,102.78622853,105.1617024971,99.8470011062,100.1457422542,8311657,108.61216275629499,117.58682868239599,109.16716953565265,36.37383947800919,-4.074002902737931,-3.7966656364966758,-0.277337266241255,116.25209754341775,100.97222796917224,14.06828589587211,0.03133912522177253,-0.030416122411127677,-0.0762666666668349,-0.12532615099740507,1
2022-05-12,99.2860423248,102.998238377,99.2495188103,102.8825966422,9287061,108.12550378941,117.07761957724598,108.56863878389525,40.42805220511927,-4.081874133501074,-3.853707335897556,-0.2281667976035182,115.92172451188839,100.32928306693162,14.420687902944055,0.03167726636896361,0.027328714395596032,0.00955082742253599,-0.05913457301547287,1
2022-05-13,104.2606606475,108.5412358257,104.1064716679,107.7973703672,8321070,108.05322770522,116.71566094762,108.49518464897189,46.963591661835196,-3.6494622463952737,-3.8128583179970996,0.1633960716018259,115.83345811487652,100.27299729556347,14.40073670151117,0.03306688402896345,0.04777070063746902,0.04366486284772808,-0.005688888888660704,0
2022-05-16,105.6290878415,108.2310268723,104.6702251246,106.4674904181,7218166,107.84169969882501,116.421545469022,108.30207091269837,45.508709709052575,-3.375175980398481,-3.725321850477376,0.3501458700788951,115.55252999227046,100.13086940537956,14.300275895094163,0.03301468572013403,-0.012336849633436398,0.06312548113981231,0.04472813238761364,1
2022-05-17,110.3800357756,113.0590692963,109.2139816173,112.5965023574,6646480,107.831099206475,116.37567424758801,108.71106438362233,52.77048276632327,-2.6328917599679613,-3.5068358323754936,0.8739440724075322,115.51512410908008,100.14707430386993,14.251964338955133,0.035314864600527344,0.0575669804485035,0.09441738478843553,0.09012875536457421,0
2022-05-18,109.8500111582,112.7988753932,106.7662315661,107.2962561835,8522762,107.51549363884502,116.128779143994,108.57632074551545,46.94424508771231,-2.4441372448993803,-3.294296114880271,0.8501588699808909,114.72851358529779,100.30247369239224,13.41763815117105,0.03682714388524892,-0.04707292023224785,-0.004648667977641852,0.07140107775276006,0
2022-05-19,107.3637138621,109.3585337857,106.1976597038,106.71804751,10115754,107.27698256102,115.78416677457601,108.39934234213302,46.34313258481278,-2.3145241458525305,-3.098341721074723,0.7838175752221925,114.2605849091574,100.29338021288261,13.019759097278985,0.036634162983350475,-0.005388898868112779,0.0023533671256461552,0.03727988010585248,0
2022-05-20,107.9322857243,108.645409755,97.6498081469,102.5934923055,16285504,106.971495645175,115.427412023012,107.84640424340608,42.19274735540781,-2.5156234247833,-2.9817980618164386,0.4661746370331388,114.20873214967668,99.73425914067332,13.53114951016041,0.03721720604586045,-0.0386490879540643,-0.08883943854800014,-0.04827462900044366,1
2022-05-23,103.2006114127,107.3058929947,103.0946064892,105.9374658007,7669072,106.75274003036,115.16317065921201,107.66460058219597,46.3851098913878,-2.3777560462682885,-2.8609896587068087,0.48323361243852014,113.83563868133005,99.66984137938995,13.269727126358925,0.03785290305477217,0.03259440165310301,-0.012663912340764027,-0.004978276611185106,0
2022-05-24,103.9619194995,104.7810484536,101.8707314636,102.7187708514,6785403,106.640471179585,114.90220581122801,107.19356917926302,43.141883405724805,-2.4994053491278123,-2.7886727967910097,0.28926744766319734,113.90213801319955,99.37880434597047,13.618969896308366,0.03686999619214862,-0.0303829709817236,-0.03747516705855458,-0.0877268058882188,1
2022-05-25,101.4965447301,105.6986002129,101.4965447301,104.838869321,7378173,106.63950749846,114.60115182854601,106.96931204990464,45.82864590011847,-2.3971067159114625,-2.7103595806151004,0.3132528647036379,113.90212524627205,99.37688975064796,13.620876386581068,0.03716883616027754,0.020639834881465813,0.021886154424042514,-0.02290282019064427,1
2022-05-26,103.3222653881,111.774675842,103.1870268209,111.1564423917,9173135,106.673991264215,114.309458419002,107.36808636817086,52.96158350766471,-1.7856748156899869,-2.5254226276300775,0.7397478119400906,114.01509588277841,99.3328866456516,13.763626037729523,0.037702558279355675,0.060259835990376764,0.049264691689137274,0.04158991834332504,1
2022-05-27,112.6537265292,115.628975009,112.4412087807,115.4164572604,8510529,107.12770353362501,114.07386213693198,108.1345978817165,57.06681253346592,-0.9464529121365217,-2.2096286845313666,1.263175772394845,115.39405245881188,98.86135460843813,15.432700697429311,0.03744991001769789,0.038324498131096174,0.12361602756490675,0.12498809297490454,0
2022-05-31,113.5520970117,114.6436654475,111.6297773771,113.3009396725,9751329,107.34939769658999,113.735243592384,108.62663043321969,54.522051001149066,-0.4469163233486313,-1.8570862122948197,1.4101698889461884,116.0184593841484,98.68033600903158,16.15111379024307,0.03750961827326536,-0.018329427519396257,0.08071500967442202,0.06950774040274754,0
2022-06-01,113.9481528159,114.4697872896,108.9636456225,110.5671886343,6852208,107.39441154106001,113.36006723217601,108.81144549998925,51.33627779110676,-0.2685254454555519,-1.5393740589269662,1.2708486134714143,116.12030330000682,98.6685197821132,16.25017844734063,0.03796044017901315,-0.02412822917534485,-0.005301121057145308,0.07640685064518604,1
2022-06-02,110.7893662805,113.4168584445,109.6881379471,113.3395792632,6408456,107.33664279578,113.01566844780798,109.24269633458074,54.25546554116296,0.09545897281115856,-1.2124074525793413,1.3078664253905,115.88727439843575,98.78601119312424,15.932362667470962,0.037058188396618535,0.025074261751102833,-0.01799464345465218,0.0810835713629472,0
2022-06-03,110.9777342849,112.3832493947,110.2580719091,111.0501835174,5080650,107.421707122925,112.70373265567399,109.41483797103972,51.50769807273397,0.19691423847980616,-0.9305431143675119,1.1274573528473182,116.08384315323507,98.75957109261493,16.12734755815749,0.03586746389465207,-0.020199437484089255,-0.019865291158271736,-0.0009559398628966598,1
2022-06-06,113.1512112588,113.8708736346,110.4802495554,111.088823108,3824616,107.555441964045,112.25437778238,109.5742651269407,51.55229511117145,0.2772403058352495,-0.6889864303269596,0.9662267361622091,116.35621632471283,98.75466760337717,16.365093573991103,0.03579292103428214,0.0003479471116223376,0.0047178053466232495,-0.03749581519935308,1
2022-06-07,109.3490755392,112.0451529765,108.5776361119,111.7360362514,4725499,108.04677984119,111.84745581430401,109.78014809117492,52.342901486368525,0.3886439392102119,-0.47346035641952533,0.8621042956297372,116.6262681433418,99.4672915390382,15.881062470833761,0.03270150971065895,0.005826086957197996,-0.014148129208034321,-0.013811919174045673,0
2022-06-08,111.3496403449,111.7360362514,107.408402099,108.635209102,5138323,108.314173160605,111.36695312977001,109.67110628268208,48.27798910052802,0.2241375666691141,-0.33394077180179743,0.5580783384709116,116.61239129599879,100.0159550252112,15.322497311758912,0.03343724338996322,-0.0277513616325471,-0.021746694502504882,-0.017473353136345016,0
2022-06-09,107.32146302,108.1618741166,103.5058034437,103.5927425227,5947853,108.48652317403,110.712746820786,109.09221449601712,42.49817545973633,-0.3095515129202795,-0.32906292002549387,0.019511407105214373,116.22314613713448,100.74990021092552,14.26282774440781,0.03445608449914326,-0.046416503645383744,-0.06747826086889364,-0.08599676127141476,0
2022-06-10,101.8636208412,102.6943720401,98.3474180924,98.4150373761,8392543,108.263145210725,110.06368963949198,108.07534048459644,37.52974468388516,-1.1371926381060575,-0.49068886364160663,-0.6465037744644508,116.84579694174761,99.68049347970239,15.855167913914206,0.035805132593294854,-0.049981350242420786,-0.11921846632655264,-0.11377870563644987,0
2022-06-13,94.9181544226,95.4880883846,92.3969211329,93.0441342762,10484166,107.525483406175,109.384308886004,106.64379703617773,33.19453390114691,-2.201118067367787,-0.8327747043868428,-1.3683433629809443,118.37746942296116,96.67349738938884,20.184956482907467,0.03568931802758893,-0.05457400863828077,-0.14351769518076962,-0.16243478260866118,1
2022-06-14,94.0874032237,94.6283574927,92.1457637937,93.3339312061,7058409,106.868805445575,108.79533527367201,105.37619076664652,33.63995667258747,-2.9864762062290424,-1.2635150047552828,-1.7229612014737596,119.3626782506622,94.37493264048781,23.38170199057748,0.035728750122148496,0.003114617940769282,-0.09903021260733591,-0.16469266015393869,1
2022-06-15,94.5220986184,95.9227837794,92.3389617469,94.106723019,9377192,105.944316478655,108.18269204402401,104.30290812401351,34.88671827195938,-3.506104162356479,-1.7120328362755222,-1.7940713260809569,119.31185123490908,92.57678172240091,25.235020056875435,0.03268697591833673,0.008279859242117604,-0.043776992540636606,-0.13373643962298531,0
2022-06-16,91.566169934,91.8752866592,85.7315917464,86.54302315,13359331,104.90665482698,107.56775991853999,102.6114905074408,29.12004598796547,-4.476636548731449,-2.2649535787667077,-2.211682969964741,120.69590772311244,89.11740193084756,30.101527728957272,0.035487668618663565,-0.08037363990958335,-0.06987126245811004,-0.1645841104068071,1
2022-06-17,85.2099572727,87.8471093343,84.6400233107,86.7748606939,14451432,103.909495486175,107.00333576536599,101.10324004900835,29.5046904978347,-5.16751520636393,-2.8454659042861525,-2.3220493020777777,121.52821743246456,86.29077353988545,33.91166873413161,0.03558957371168519,0.002678870409902112,-0.07027530531973702,-0.11827640361214564,1
2022-06-21,88.5812615566,92.4210708771,88.0596270829,91.9332460451,12207425,103.376483173155,106.482909298292,100.22990728673136,37.61654633778012,-5.238417714027378,-3.3240562662343978,-1.91436144779298,121.75099518784536,85.00197115846463,35.548727235986874,0.03806103223431801,0.059445619502592084,-0.02309587353776177,-0.011939368770978454,0
2022-06-22,89.9239873315,92.6673982674,89.6921497877,90.7450786328,7652006,102.61686381476,105.985747121752,99.32659027207123,36.57263224840396,-5.329053629399866,-3.725055738867492,-1.6039978905323737,121.74572565304268,83.4880019764773,37.28210184402707,0.037056364852204,-0.012924240831408529,0.04855452617499645,-0.027737528462004835,0
2022-06-23,91.4116115714,92.0781445101,88.9773173607,90.1075253871,8286278,101.98630154154499,105.547531755816,98.44858409255016,35.99539245807884,-5.390193666691687,-4.0580833244323316,-1.3321103422593552,121.87643861189272,82.09616447119726,39.00550715087029,0.03664823347796167,-0.007025761124521801,0.038405877768632024,-0.0424964073086741,1
2022-06-24,92.0781445101,94.9374742179,91.4502511621,94.048763633,10582948,101.446796257145,105.220520840516,98.029553572593,42.08122908126589,-5.062267925105601,-4.258920244566985,-0.8033476805386162,121.58200824739428,81.31158426689571,39.696102258786006,0.0378717498557224,0.04373927958812018,0.023011453189221376,0.08672842951176696,1
2022-06-27,94.6380173904,95.5025782311,93.2566520248,94.2902610746,4950181,100.60348719129,104.85401054241001,97.67343047754605,42.44236982150385,-4.728391631654347,-4.352814521984458,-0.375577109669889,120.45216056565457,80.75481381692543,39.45921543777861,0.03472766541991411,0.0025677896473192963,0.03906748988719899,0.08660803740395173,0
2022-06-28,94.7732559576,95.5460477706,91.5178704457,91.7883475802,6495010,99.42208170728,104.50491965299399,97.11294639208452,39.681834390370256,-4.612505678997607,-4.404752753387088,-0.20775292561051906,118.39689342888985,80.44726998567015,38.17021610445813,0.03320695547705456,-0.02653416658185459,0.018653516294884653,-0.0015761269305004655,0
2022-06-29,90.7740583258,90.996235972,88.3011245244,88.8130991005,7570184,98.19768967867999,104.06722062408399,96.32248474526695,36.63061428208529,-4.706489433228384,-4.465100089355348,-0.24138934387303657,116.58334983049899,79.812029526861,37.44621734376866,0.03352160362706066,-0.032414228582777094,-0.05566967953912472,-0.021290185224454583,0
2022-06-30,87.1805763957,90.339362931,86.2386397747,87.8857489249,8183616,97.06361769321,103.568765358494,95.51898609570819,35.70896795624792,-4.800464873676674,-4.532173046219613,-0.2682918274570607,115.05123414688579,79.07600123953422,37.06356074740472,0.03339102546125179,-0.010441592343834571,-0.06792336850815284,-0.024656946827196657,0
2022-07-01,85.7026120534,85.7026120534,81.5874956496,83.3359371263,13121569,95.56343558636499,102.963316750298,94.3586957176693,31.51886220984757,-5.182334152848682,-4.662205267545428,-0.5201288853032544,112.86258637516437,78.26428479756561,36.20453928357433,0.03345739342698968,-0.05176961969668037,-0.09208587665787005,-0.1139071487266321,0
2022-07-05,80.4089881349,83.2972975357,79.8583739682,83.0751198895,9550946,94.16468240497,102.395053766758,93.28406944831985,31.29218331276816,-5.4432674798894425,-4.818417710014231,-0.6248497698752118,110.73750080308182,77.59186400685817,35.19964805241484,0.03352791305336899,-0.00312970905222687,-0.06460735262156492,-0.1189427312776965,1
2022-07-06,83.316617331,84.5047847434,82.060830635,83.6160741585,5732416,92.791044957495,101.89331063747998,92.36330799214653,32.37844548456623,-5.542517837395579,-4.963237735490501,-0.579280101905078,108.02522067489683,77.55686924009318,32.83544381762308,0.033693369588231055,0.0065116279064001414,-0.048582105957230004,-0.08903388760277531,1
2022-07-07,85.6736323604,88.0596270829,85.6543125651,87.6635712787,7469589,91.58742170886,101.440330501114,91.91571401943735,40.019437115236435,-5.234238229415524,-5.017437834275506,-0.2168003951400186,104.22707883752349,78.94776458019652,27.601294790987108,0.0362322788516244,0.048405730129444935,0.05192998724957332,-0.012943223842455942,1
2022-07-08,86.5913226383,88.5329620683,86.2628861178,88.0886067758,4890828,90.56009159255,101.10281967929201,91.5512276152814,40.776241906734114,-4.899153217931271,-4.993780911006659,0.09462769307538732,100.55320091074928,80.5669822743507,22.069565395672324,0.036192630681613915,0.004848484848383849,0.06034883720864381,0.0023081996043903263,0
2022-07-11,86.456084071,87.0066982377,84.8332212639,85.6060130768,5326575,89.660755120255,100.717777081958,90.98501670685461,37.77793118764147,-4.778833082723594,-4.950791345350046,0.1719582626264522,97.88058420719437,81.44092603331563,18.335400088733923,0.03544361790677897,-0.02818291479304036,0.0237985212571441,0.027240060276271683,1
2022-07-12,86.2049267318,86.9583987494,85.0940385008,85.7122719511,5492279,89.02561684900499,100.222687179448,90.48285053963988,37.98810986491873,-4.621629042856355,-4.884958884851308,0.2633298419949526,96.35655130707286,81.69468239093712,16.469269672125407,0.034144814081926794,0.0012412547960232168,-0.02225895316763249,0.03174418604640872,1
2022-07-13,83.5870944655,87.0549977261,83.5387949772,86.0503683692,5786887,88.675928553655,99.81685030938799,90.06070938055038,38.697657117966955,-4.4188246928799515,-4.791732046457037,0.3729073535770855,95.87274706280536,81.47911004450464,16.231729684783158,0.03224738996927676,0.003944550884065645,-0.023138502028845265,0.029112754158795218,1
2022-07-14,85.4707745096,88.9483376677,83.4711756936,88.5522818636,8686504,88.43684608653,99.410554818396,89.9170496170313,43.82038747623494,-4.0099925764747155,-4.635384152460573,0.6253915759858577,95.30919756968756,81.56449460337244,15.54182851892612,0.03303628297228578,0.029074988774777877,0.03441661024625464,0.010137741047243187,1
2022-07-15,89.2188148022,91.3729719808,87.141936805,91.2570532088,8051247,88.29436259602,99.042357647674,90.04466900672355,48.801481804754935,-3.4282193571501267,-4.393951193398484,0.9657318362483576,94.7989164995875,81.78980869245248,14.733792084390029,0.03377150693308649,0.030544343841599098,0.0646906345087126,0.03596885623431656,0
2022-07-18,92.5031800072,93.1214134575,89.4023528578,89.9722868198,5683385,88.46582577951,98.551904300694,90.03777546511179,46.684127360212734,-3.0358345883442297,-4.1223278723876335,1.0864932840434038,94.95745661931889,81.9741949397011,14.676019316178587,0.028395265007560053,-0.014078543453078574,0.04557700942979093,0.05100428797078638,1
2022-07-19,91.4599110597,95.2852305337,91.1604542322,94.8891747296,8203162,88.871541481295,98.262709855796,90.49981349030115,54.77175450686605,-2.301583844043961,-3.7581790667188995,1.4565952226749386,95.883164674282,81.859918288308,15.779231632800597,0.030712712862452186,0.054648915611622995,0.07156103414433668,0.10706638115642919,1
2022-07-20,94.2661113304,99.3617073469,94.193662098,98.7531337942,8314020,89.21253586875,98.069490005968,91.28584399543438,59.917478901730895,-1.3918512404327004,-3.2849135014616597,1.8930622610289594,97.35821677778507,81.06685495971492,18.26129215970063,0.029211928334349404,0.040720757405793506,0.08214247909417627,0.14762011674951414,1
2022-07-21,100.0185803879,100.4320240078,97.5842861772,100.3083773177,5463760,89.690700802995,98.03747197815201,92.1451328832692,61.801284603284294,-0.5391712130457336,-2.7357650437784744,2.196593830732741,99.1559716750711,80.22542993091889,21.1064709882611,0.029041369049339967,0.01574880172148374,0.11488082456547466,0.13275880877026203,0
2022-07-22,100.1827986481,100.4242960897,97.5070069959,98.2121795252,5100432,90.09593350990001,97.935968714382,92.72294684916737,57.85455667930868,-0.03219071676768692,-2.195050178376317,2.16285946160863,100.2656370390402,79.92622998075981,22.575277557943757,0.02951604674529248,-0.02089753466812505,0.03501985136944619,0.07621467132503579,0
2022-07-25,97.0916313964,97.8226924514,96.0783081317,97.5649663818,4367046,90.27174364734,97.884353196934,93.18409156656095,56.6515955776763,0.31375353203101497,-1.6932894362948507,2.007042968325866,100.82312034731558,79.72036694736443,23.376920116212887,0.028127761560771514,-0.006589947871322055,-0.012031693241007613,0.08438909169005471,0
2022-07-26,97.1592506801,97.5456465865,95.2176112501,95.5460477706,5073857,90.33453298214,97.73762221950201,93.40903977646943,52.952809706323485,0.42016359806495984,-1.2705988294228887,1.6907624274878486,100.99519621651798,79.67386974776203,23.60263098163289,0.028589344536182597,-0.020693069306244594,-0.04747688751874235,0.00692252875917454,1
2022-07-27,97.1495907824,100.9459305634,96.6570326006,99.9413012066,7274974,90.74218066346,97.58050083629,94.03115991267234,59.198406738580495,0.8493636264839779,-0.8466063382415154,1.6959699647254933,102.18859136005258,79.29576996686743,25.228423238018593,0.029492763143426713,0.046001415428011505,0.017605980131581767,0.012031693241007613,1
2022-07-28,99.8543621276,101.7090624787,97.3234689403,101.5834838091,6090516,91.38069989889001,97.48282070411,94.75042885518926,61.267309781963974,1.306952419017577,-0.415894586789697,1.722847005807274,103.71569038217928,79.04570941560075,26.99692713436766,0.028256324687503696,0.016431471100273765,0.041188118812795604,0.012711864407510376,1
2022-07-29,99.9799407972,102.926112985,99.5355855048,102.3755954173,5817668,92.10519222351,97.27840256530799,95.4766351944379,62.26133892761679,1.713756502494121,0.01003563106706662,1.7037208714270544,105.2119478380447,78.99843660897531,28.460405538764338,0.027952501546076227,0.007797641688372936,0.07147912243421439,0.04239205271920188,1
2022-08-01,100.9362706657,103.6893414993,100.1441590575,102.7813111191,4737621,93.07746092315,97.18810366402,96.1723186158343,62.78811166036911,2.045312447213419,0.41709099429633717,1.628221452917082,106.32214865010324,79.83277319619675,28.459495125009493,0.024204026515419978,0.003963011889173584,0.02841677943164944,0.05346534653521973,0
2022-08-02,101.1487884143,102.9164530874,100.1344991598,101.4192655488,4137933,93.994668206115,97.082128024796,96.67202784754532,59.77172445420249,2.1731168889244117,0.7682961732219521,1.4048207157024595,106.87738732269234,81.11194908953765,27.411595492475477,0.02461333760945231,-0.01325187969942998,-0.0016165842530918573,0.06147002325309381,1
2022-08-03,102.1437578734,106.8384681369,102.0857984875,105.3025444088,6088039,95.07899171863001,97.136309066862,97.49398180576006,64.9427754669932,2.5582609401917153,1.1262891266159047,1.4319718135758106,107.93558504188132,82.22239839537869,27.044025374812986,0.02536934721569277,0.038289360892004076,0.02859030005705243,0.053643920355981534,1
2022-08-04,105.6986002129,107.408402099,105.3218642041,107.2828234294,5279567,96.059954326165,97.163216219436,98.4262524365829,67.25437789967953,2.9888289826832732,1.4987970978293785,1.4900318848538947,109.48499998548094,82.63490866684906,27.951388803979892,0.023951249236727257,0.01880561416362614,0.043796992481286656,0.05610498288295007,0
2022-08-05,105.3508438971,107.437381792,103.7859404759,105.8917981661,4784018,96.95011389568,97.22667676572999,99.137256791775,64.0590921216369,3.1811429096976553,1.835266260203034,1.3458766494946213,110.50322678618434,83.39700100517567,27.958941657536823,0.024494380662248422,-0.012965964343913727,0.04409943804166039,0.03434610303820329,0
2022-08-08,105.4860824643,106.6066305931,102.3369558267,104.1626764847,6041462,97.87794706607501,97.21315290900401,99.6158681911012,60.228495813630836,3.1576282407830405,2.0997386563190354,1.057889584464005,110.71967041602844,85.03622371612158,26.24027931702387,0.02366318592306955,-0.016329137018598283,-0.010824694982439098,0.013439849624016897,0
2022-08-09,100.2214382388,100.4339559873,94.5510783114,96.2705400952,10355771,98.40586047328,96.91543486307401,99.29726551530109,46.547062595842554,2.473648566080314,2.174520638271291,0.29912792780902286,110.012371989153,86.799348957407,23.58906565127693,0.030470284253941597,-0.07576741166649303,-0.10264721772024288,-0.0507667396893402,1
2022-08-10,99.2747682679,101.5545041161,97.5070069959,101.4772249348,8599758,99.17720330156001,96.63665021656202,99.50488069811051,53.97509619407472,2.324925405684965,2.204601591754026,0.12032381393093905,109.35984782238263,88.99455878073739,20.53424412435,0.032277906408584855,0.05408388520985974,-0.04168947272361334,-0.0363269424825059,1
2022-08-11,102.1920573617,105.2059454321,101.4192655488,101.9409000225,5555622,99.84663420950501,96.409449423562,99.73688253852856,54.580412846001295,2.2188978607394745,2.207460845551116,0.01143701518835849,108.83793618841189,90.85533223059814,18.01022548249491,0.031930074748526195,0.004569252736246199,-0.021329871093763053,-0.04979290473665965,1
2022-08-12,102.5881131659,107.5329181798,102.1630776687,106.6259503884,6644695,100.615079068485,96.330624658644,100.39298423851632,60.26670876550363,2.4842774731105095,2.2628241710629946,0.2214533020475149,109.15423163111534,92.07592650585467,16.973902205688365,0.03269122599949272,0.045958495215030704,0.10756572345973892,0.006933041415997376,0
2022-08-15,106.065676324,107.8527573914,104.3247695675,106.0463565287,8342611,101.41878255393,96.18476020395401,100.93140064710525,59.277987398039755,2.6176497108255887,2.3337892790155137,0.28386043181007503,108.73857209448691,94.09899301337309,14.43478092761481,0.03243565402459056,-0.0054357673492123615,0.04502617801024522,0.018084021144336493,0
2022-08-16,104.751930242,105.8628184731,103.3705648764,104.8002297304,4892445,101.91433530397,96.05976112821399,101.2998605598,57.10867704965008,2.5929067369678904,2.385612770605989,0.20729396636190156,108.72291152365791,95.1057590842821,13.361370997280467,0.030850292556832713,-0.011750774275425035,0.028048896049268857,0.08860124423073934,0
2022-08-17,103.3609049788,103.6217222156,100.5789510512,102.3949152126,5495563,102.09642437489,95.885882970306,101.40415147911429,53.07144708734781,2.3520954798250386,2.378909312449799,-0.026813832624760447,108.75011784791289,95.44273090186712,13.034136138972011,0.03029763976432442,-0.022951424095039807,-0.03968110164915639,0.009043312707749163,1
2022-08-18,103.0517882536,105.6116611339,101.9119203295,104.5877119818,10062412,102.31039110809499,95.74291648491399,101.70734771746531,56.117149136050976,2.311545143369244,2.365436478633688,-0.053891335264443896,108.99547825140118,95.6253039647888,13.068246677393953,0.03045657935266018,0.021415094339862106,-0.013754782291886092,0.025964180801972603,0
2022-08-19,103.0034887653,103.6507019086,99.8350423323,101.071509233,12380941,102.453357593485,95.59164248753399,101.64679167132576,50.46163864879604,1.9729377357760143,2.2869367300621533,-0.313998994286139,108.8997930794161,96.00692210755389,12.584137089014312,0.03109782659830228,-0.033619654567181634,-0.03557931606631193,-0.05209277042940452,0
2022-08-22,99.2989180121,99.8978316671,96.9370730338,97.3814283263,6180117,102.44418069071,95.46741620360599,101.24056659084711,45.30177640638781,1.3907979824459886,2.1077089805389204,-0.7169109980929318,108.91888633519017,95.96947504622983,12.640455711248254,0.032226796457460676,-0.03650960527554081,-0.048962264150428036,-0.08170887228977985,1
2022-08-23,97.6712252561,99.7964027417,97.6132658701,98.4633368644,4882311,102.5900451454,95.468382193372,100.97606852166167,47.012536958688735,1.0051621276632403,1.8871996099637844,-0.8820374823005441,108.54733340292864,96.63275688787135,11.613774512108717,0.031914233534605846,0.011110008927727177,-0.05855731042730661,-0.060466402433484556,0
2022-08-24,98.0570642727,98.8705747318,96.9820683088,98.27496886,4741206,102.50672852807,95.572998885048,100.71882093483674,46.73844798524322,0.6765444276657888,1.6450685735041852,-0.9685241458383964,108.65346136165675,96.35999569448325,11.992837781187326,0.030188439928784262,-0.0019130776022695528,-0.027668928605321774,-0.040235849056038164,1
2022-08-25,98.754358952,101.8631310637,98.2701265358,101.6888073939,7645184,102.51199470730998,95.740096408804,100.81120059760467,52.179833353177436,0.6836995095439704,1.4527947607121423,-0.7690952511681719,108.65573432020386,96.3682550944161,11.98638194571348,0.03099254926656156,0.03473762010307291,0.044232038301667664,-0.02771744914359009,0
2022-08-26,101.6888073939,101.6888073939,95.4422092254,95.6843254335,7757087,102.17743120812,95.771648457094,100.32292677245184,43.71948972257096,0.20252388158705514,1.202740584887125,-1.00021670330007,109.00513199830716,95.34973041793283,13.364400943453294,0.03365540998500817,-0.05904761904760214,-0.028223819336197664,-0.0533007159028458,0
2022-08-29,94.4737443931,95.5971635986,93.330955891,93.4955949125,5553290,101.71314539779,95.910699892344,99.67270469055165,41.103332826633924,-0.35137312069927873,0.8919178437698444,-1.2432909644691232,109.50783429017295,93.91845650540705,15.326807291031452,0.033904388152044086,-0.022874493926606232,-0.048632668144709124,-0.03990322878382491,0
2022-08-30,94.8223917327,95.1807237207,90.6095697121,91.5392959512,11623176,101.21914691791001,96.00598859748999,98.89809433442292,38.864754747599235,-0.9373917932415736,0.5260559163675608,-1.4634477096091345,110.18938695794179,92.24890687787823,17.724393680786026,0.03405558819597459,-0.02092396933920615,-0.09980952380909569,-0.07032100610946723,0
2022-08-31,91.7184619451,91.8298354009,89.6895281214,91.1034867766,8729715,100.5091940363,95.98939341212001,98.15575075748741,38.36349913434822,-1.4206061085263855,0.13672351138877153,-1.557329619915157,110.28567412908076,90.73271394351924,19.453902076361043,0.0325313867239389,-0.004760897165216771,-0.04787449392725951,-0.07297363882777019,0
2022-09-01,88.6484284267,89.0697106287,86.2224240217,88.9147562556,9953705,99.59079067761,95.952786964576,97.27565604302194,35.861902673412146,-1.9576031650996413,-0.28214182390891107,-1.6754613411907302,110.07484955509706,89.10673180012294,21.054273806150402,0.03217116222795732,-0.02402466248484103,-0.04899523513580595,-0.12561904761866927,0
2022-09-02,90.2124991309,90.8807398652,87.6799635944,88.3627313011,6795795,98.71433733436001,95.917891082856,96.42680606760081,35.23779592644665,-2.4000546654507673,-0.7057243922172823,-1.694330273233485,109.85507936949942,87.5735952992206,22.57167972956973,0.03216114301840871,-0.00620847402328939,-0.03470165044521911,-0.07651821862389019,0
2022-09-06,88.2465155213,88.7113786408,86.4064323398,87.4426897104,5920515,97.878337995645,95.785769604404,95.5711759383436,34.17043931317727,-2.7927472821868236,-1.1231289702111906,-1.669618311975633,109.74398933252961,86.01268665876039,24.245714792199603,0.0321126282851094,-0.010412099956087939,-0.04018284256426796,-0.06474000414420322,1
2022-09-07,87.7138598635,89.8444824946,87.0456191292,89.0406566838,5567548,97.516843825075,95.68077751658798,94.94922172362516,37.70010171718278,-2.9411131090200797,-1.4867257979729684,-1.4543873110471113,109.98179023022647,85.05189741992353,25.564704344843225,0.028367518977207885,0.018274448998449877,0.0014159677594804965,-0.027295810410559063,1
2022-09-08,88.149669038,90.8710552169,87.4136357655,90.8323166236,5232965,96.984598409515,95.66165689745601,94.55713552362276,41.488256525728566,-2.8809127432897697,-1.7655631870363286,-1.115349556253441,109.63534562967386,84.33385118935614,26.08815714582104,0.02562180234644214,0.020121818577355288,0.027948268304255786,-0.002976506856043337,1
2022-09-09,92.1203748506,93.9507733836,92.0622669606,93.4665409675,5096458,96.56088045676499,95.75472573479601,94.45326937542059,46.62685878662073,-2.5907787456311127,-1.9306062987552854,-0.6601724468758272,109.08627937702751,84.03548153650247,25.94300893076622,0.02667354372290133,0.029000959590362196,0.06888913501003091,0.051192680535671053,0
2022-09-12,93.8393999279,94.589960173,92.2365906304,93.2631633527,5329334,95.89274110498,95.862274023352,94.33992594468529,46.28886124958417,-2.3501650957044404,-2.0145180581451165,-0.3356470375593239,107.59803214843745,84.18745006152255,24.413299502290602,0.02396335520703985,-0.0021759403171954794,0.04742223189003325,0.05545813239861919,0
2022-09-13,89.5152044516,90.4061920973,87.1618349091,87.5395361937,8422212,94.96740008823,95.94634600469999,93.69226977792479,37.95101877959635,-2.5914532619134008,-2.1299050988987736,-0.4615481630146272,106.233492562834,83.70130761362599,23.726231241746497,0.026926124547956787,-0.061370716510596446,-0.03625119948822775,0.001107542364270131,1
2022-09-14,89.0406566838,89.0406566838,86.7744489761,87.7816524017,5828232,94.116471221795,96.040476654944,93.12935383733195,38.45602870827472,-2.731650352613727,-2.2502541496417643,-0.4813962029719625,104.84114399591283,83.39179844767716,22.79021436926605,0.027048957087111806,0.0027657926752577833,-0.060822712672941814,-0.01413965629848124,0
2022-09-15,87.1957311782,87.9519085193,85.3120670793,86.1158928902,7120287,93.302520105675,96.090473029578,92.46140517570034,36.268907476069096,-2.9432425601753636,-2.388851831748484,-0.5543907284268794,103.86016492733808,82.74487528401193,22.630996053923134,0.026951359861521137,-0.018976169460530046,-0.07663551401822666,-0.051924512207966456,0
2022-09-16,84.8568886081,86.532332768,84.1984293686,86.0674696485,10893594,92.37650798901001,96.058550996974,91.8524589350146,36.20444654446592,-3.079341527714817,-2.5269497709417506,-0.5523917567730665,102.02181515399587,82.73120082402414,20.88259748059185,0.026112320155484568,-0.0005623031948556179,-0.01681601947196454,-0.0791627810595108,1
2022-09-19,85.0796355196,87.4426897104,84.9450189079,86.890664756,5260534,91.66746576516,96.034592156578,91.37990710844178,38.21483471886606,-3.0852115760125116,-2.6386021319559028,-0.44660944405660885,100.71839238484665,82.61653914547335,19.74730411523306,0.025784843939288888,0.009564532463449238,-0.010150044130209812,-0.06832814122549824,0
2022-09-20,85.2442745411,86.2127393734,84.5954031034,85.3411210243,4435667,91.06545040006,96.029294315528,90.8047846242378,35.92019782718474,-3.1782618365977555,-2.7465340728842733,-0.4317277637134822,100.11775599596785,82.01314480415215,19.8808781072078,0.024993918765405902,-0.01783325902789823,-0.008996851102593406,-0.025113397500022616,0
2022-09-21,85.5832372324,88.3821005978,84.3048636537,84.343602247,6953443,90.35946366919,96.001920921446,90.18943392164373,34.484675171619386,-3.2945191017799402,-2.856131078663407,-0.43838802311653335,99.19357206991451,81.5253552684655,19.553255501972796,0.024677161725285942,-0.011688606445841687,-0.020029256216550495,-0.039165931155716205,0
2022-09-22,83.9077930725,84.0530627973,81.9224401662,82.3582493407,8519324,89.563627693225,95.92807854087602,89.44360681869671,31.763820278129757,-3.506435206892135,-2.9861919043091527,-0.5202433025829825,98.26884987844966,80.85840550800035,19.43919068361533,0.024896197913290542,-0.023538867838320487,-0.052162282657493786,-0.043634727846242005,0
2022-09-23,81.5350542333,81.8159090346,80.0920416331,81.6319007165,7384692,88.56078235935499,95.789670917934,88.6996348089637,30.80616551822156,-3.6904493081909493,-3.1270433850855124,-0.5634059231054369,95.97270250540319,81.14886221330678,16.738605844678958,0.022725634241518182,-0.008819379115202364,-0.0434634589196905,-0.051535951389240164,0
2022-09-26,81.6319007165,82.8812203502,80.2276267096,80.3244731929,7015803,87.792789747325,95.571019317616,87.90200036933858,29.10516851623281,-3.8968597107129312,-3.2810066502109967,-0.6158530605019346,95.27581682158507,80.30976267306494,17.04701968304423,0.019746582861170283,-0.01601613477236763,-0.04765185440301678,-0.07556843513096256,1
2022-09-27,81.767485793,82.4938344173,79.9274026116,81.49631564,6219994,87.19282578369999,95.40149989401999,87.29193515702062,32.69245404250735,-3.920688295704082,-3.408942979309614,-0.5117453163944679,94.67484336253304,79.71080820486694,17.16200274869806,0.02008748598440149,0.014588859416305278,-0.010465663216496224,-0.045052201543089865,1
2022-09-28,80.3825810828,83.6753615127,80.2276267096,83.2879755798,7992595,86.78025976513,95.169475911024,86.91060567347579,37.86889747539687,-3.751752766858914,-3.477504936819474,-0.27424783003943976,94.16747538475538,79.39304414550462,17.025106031299774,0.020762754967416783,0.021984551396340812,0.020287104045897397,-0.012515788264634509,0
2022-09-29,82.0773945394,82.4163572307,80.5762740493,81.7578011447,8542520,86.31297548353498,94.82956925803401,86.41986238502095,35.36718038468713,-3.698706050855904,-3.5217451596267604,-0.1769608912291436,93.72947708279179,78.89647388427818,17.18513713079344,0.020993399647847966,-0.018372093023607206,0.017844224740296122,-0.007290686735169194,0
2022-09-30,79.3511660364,81.796539738,78.9589377793,79.3463237122,9050957,85.83455385636499,94.41032818592399,85.74619203522847,31.801591018056357,-3.807363307282543,-3.578868789157917,-0.22849451812462584,93.73657522446021,77.93253248826977,18.412215158287914,0.02128540425137476,-0.02949538024184395,-0.026381461676099893,-0.027998576343794657,1
2022-10-03,80.4213196761,84.8437174864,80.3922657311,83.5300917878,9631456,85.5929218807,94.116686431176,85.53513486880671,42.61155880903573,-3.515357000078552,-3.5661664313420443,0.05080943126349213,93.46643256538542,77.71941119601459,18.397574265917843,0.024941737692942126,0.052727938483641656,0.0029069767432157168,0.039908367493449726,1
2022-10-04,86.3095858566,87.4198339404,85.6778562465,86.590440658,7914936,85.55030942808,93.8971959167,85.63564018206321,48.98189691444801,-3.0023856871240895,-3.4534102824984534,0.4510245953743639,93.3924767149234,77.70814214123659,18.33346329024355,0.02633716580647663,0.03663768116015631,0.059109215825740025,0.06250742721306168,0
2022-10-05,84.8859425531,87.3264739306,83.4734365952,86.4064323398,7608582,85.41859821087999,93.714403608084,85.70904895899052,48.632342776196786,-2.5809485905389806,-3.278917944106559,0.6979693535675784,93.10887004422784,77.72832637753214,18.006082971210173,0.02597827173468484,-0.002125041942294348,0.08897839619146031,0.037441860464145105,0
2022-10-06,86.1740007801,88.3143080595,85.1086894645,85.3411210243,6686656,85.144038430915,93.422400004438,85.6740082033057,46.56066690592985,-2.3063324107980776,-3.084400837444863,0.7780684266467852,92.42265641183201,77.865420449998,17.09718757778397,0.025588321759904147,-0.012329074197978573,0.02168115942097537,0.043828476664361515,0
2022-10-07,82.4841497689,82.8424817569,79.4334855471,79.9951951499,10029889,84.470471140035,92.99063423125399,85.13316886488612,37.8476817296797,-2.491349919092258,-2.965790653774342,0.47444073468208403,90.99832039250332,77.94262188756669,15.455931911748088,0.02771092199031625,-0.06264185201970573,-0.0761659769598445,0.008177712682109206,0
2022-10-10,79.4141162505,79.5400166787,74.9155971043,76.6927300716,14211919,83.64194947598,92.47697692434,84.32931755123981,33.65752777249011,-2.8713597119610057,-2.946904465411675,0.07554475345066924,89.68375278525014,77.60014616670986,14.446825658948088,0.028686688115461774,-0.041283292979179986,-0.11241874019286113,-0.08185507246382118,0
2022-10-11,75.2884560648,76.2859748421,72.6058084792,73.8938667062,12441054,82.959666001605,91.89922803608201,83.33546508980746,30.568686300234617,-3.359637285813591,-3.029451029492058,-0.33018625632153276,90.07360523125492,75.84572677195509,17.15035648651788,0.026788433452004677,-0.03649450688203415,-0.13413527008674409,-0.14662789397211573,0
2022-10-12,74.1359829143,74.5717920889,73.0900408954,73.6130119049,7770150,82.25123397676501,91.343102963204,82.40951716743533,30.26850117963008,-3.7263088473594905,-3.1688225930655447,-0.5574862542939458,90.08847236921073,74.41399558431928,19.05682872711588,0.026688363605662607,-0.0038007863685989296,-0.07978208232432782,-0.1480609728751313,1
2022-10-13,69.9037915971,78.949253131,68.8772188748,76.9154769831,17560158,81.79121318141,90.77536161469001,81.88627524511767,37.98073307238467,-3.7076775705677107,-3.2765935885659783,-0.4310839820017325,89.74626012828834,73.83616623453166,19.452082045131984,0.029071055062686656,0.04486251808941644,0.002904407122970465,-0.0987290059009287,0
2022-10-14,77.0510620596,77.3803401026,72.237791843,72.4605387544,10456112,81.110866636705,90.07891592119,80.98858605552552,32.723064730881006,-4.006207368298732,-3.4225163445125295,-0.5836910237862023,89.78187058212993,72.43986269128007,21.38062211629989,0.03132776315999201,-0.05791991941594343,-0.01939711664431998,-0.09418886198578658,0
2022-10-17,74.7751697036,75.4337257896,71.8213519651,72.0634681731,10772296,80.36950680756,89.40234932133001,80.13857482862784,32.29396141106628,-4.226118596729592,-3.583236794955942,-0.6428818017736497,89.46223590109295,71.27677771402705,22.627310916079033,0.03106078169756113,-0.005479818231076683,-0.021049861861403563,-0.0603611567117005,1
2022-10-18,74.276410315,74.9979166151,71.8116673167,72.8576093357,10231029,79.74533122313,88.77624797834999,79.44514954358709,34.15370856167759,-4.286902530857134,-3.72396994213618,-0.5629325887209538,89.09742579435382,70.39323665190616,23.45490181752802,0.031290884468062156,0.011020024191625621,-0.05275749181522471,-0.01402359108666118,1
2022-10-19,72.6348624242,75.3368793064,72.087679794,74.8235929453,10579176,79.269330758045,88.347309035352,79.00500129613118,38.64665857325828,-4.128841079839617,-3.804944169676868,-0.32389691016274913,88.6058852269788,69.9327762891112,23.556536631883287,0.03219436147528327,0.026983915990730578,0.032611601176599114,0.016445204578287687,1
2022-10-20,75.8889042608,79.5254897062,74.7751697036,76.1794437105,13287857,78.96039047653501,87.84135341086599,78.73590057369012,41.60593579292147,-3.849792405267607,-3.813913816795016,-0.035878588472590955,88.27654149251109,69.64423946055894,23.59702367162076,0.03231162453622183,0.01812063163274158,0.057115979035497144,-0.009569377990878647,1
2022-10-21,76.344082732,80.0436183915,75.6661573494,79.8208714801,11569492,78.86983901471501,87.39895284001801,78.83923113620534,48.75491654970289,-3.29680798168593,-3.7104926497731987,0.41368466808726856,88.11530079888635,69.62437723054367,23.444860290500614,0.03423431977660569,0.047800661073849504,0.09557357437184,0.10157711841816863,1
2022-10-24,80.2179420613,82.396987934,79.3172697672,82.2614028575,12005014,78.96668549794501,86.91166188940001,79.16515225251912,52.9154694552783,-2.6313013521163953,-3.494654390241838,0.8633530381254428,88.31111675826178,69.62225423762824,23.666768337541384,0.03470923941811344,0.03057510312961753,0.09940460781718174,0.14151323746872757,1
2022-10-25,83.2298676898,85.7091376606,83.0458593717,84.7697267732,10349364,79.13035605460502,86.48612929429001,79.69892125448872,56.79776805333075,-1.8798124684135615,-3.171686005876183,1.2918735374626213,88.7566998699723,69.50401223923774,24.330343739953562,0.03519715077831394,0.030492112078918998,0.11276379354180022,0.16349860427911533,1
2022-10-26,83.743154051,87.4039511171,83.0942826133,85.3604903209,8991961,79.23398179166,86.0973345061,80.23811830843266,57.68276690747587,-1.222490325315178,-2.781846869763982,1.559356544448804,89.07924952037594,69.38871406294406,24.85112449505152,0.03492013243837429,0.006969039186366377,0.0694006309136963,0.1408231944074514,0
2022-10-27,85.9803078136,87.1521502607,83.6463075677,83.8109465892,6822536,79.336639063885,85.725655133632,80.57838766850574,54.527562915734315,-0.8171731567518776,-2.388912127161561,1.5717389704096836,89.32678076028557,69.34649736748443,25.184181770937165,0.03491349906740654,-0.018152938506734495,0.018836825994619222,0.10017798118481314,1
2022-10-28,83.8884237758,87.0940423708,83.7334694026,86.890664756,6388592,79.71385611607501,85.37171418911599,81.17955691493377,59.2933883732061,-0.244628932671219,-1.9600554882634929,1.7154265555922739,90.23271548243477,69.19499674971524,26.391545658116872,0.03492806839542759,0.03674601340437378,0.02501999314536585,0.08857073525766457,0
2022-10-31,86.0577850002,86.5807560097,84.8956272014,85.5057600458,6875350,79.812639528975,85.06039920537201,81.59157626073055,56.42928900673753,0.09625666695062307,-1.5487930572206698,1.645049724171293,90.50861395884353,69.11666509910647,26.802708175026552,0.033342510210673096,-0.01593847525610481,0.0017018379856288401,0.03943960442687988,1
2022-11-01,87.6460673252,87.9366067749,86.1933700767,86.9584572943,6105626,79.83104036079,84.851939784732,82.10270778773716,58.683749449122324,0.47812001790846637,-1.1434104421948426,1.621530460103309,90.5747519782935,69.08732874328649,26.9161257800178,0.03253875654456086,0.016989466530931807,0.03755488791371797,0.0258197189541014,0
2022-11-02,87.5007976004,90.3480842074,84.7697267732,84.9924736847,10651484,79.760342428035,84.58252252113802,82.37792358744791,54.56864727532337,0.6150214434724859,-0.7917240650613769,1.406745508533863,90.3475171873938,69.1731676686762,26.547465662929532,0.032952731396719996,-0.022608308274678524,-0.021845742308801097,-0.004311322894426817,0
2022-11-03,83.2492369865,84.944050443,82.0289712977,83.5785150295,6849673,79.672212128295,84.28859344452799,82.49226562954811,51.75753707079298,0.6024771811095633,-0.5128838158271889,1.1153609969367522,90.10024511832168,69.24417913826832,26.177340157781913,0.03304938642756991,-0.016636280765817246,-0.022539358930529385,-0.0027732840298209105,1
2022-11-04,87.2102581507,88.9050716072,86.0384157036,88.808225124,8692669,80.112863627,84.03098179913,83.09378558140068,59.971136688643206,1.0029680693481993,-0.2097134387921113,1.2126815081403106,91.27707699619583,68.94865025780416,27.871212845856185,0.03251763407272986,0.06257242178392519,0.021271856553752855,0.02206865804726843,1
2022-11-07,89.3505654301,92.1203748506,89.1956110569,92.042897664,7684161,80.88037200662001,83.95815324374,83.94608197021967,64.0483233642347,1.5633497021351843,0.14489918939334784,1.4184505127418365,93.06269786908263,68.69804614415739,30.12430719647408,0.031219719439431887,0.03642311886633842,0.08295350957139136,0.07645259938860804,1
2022-11-08,93.9217194387,95.6746407852,91.7910968076,94.3865825582,10066976,81.90500779922,83.975972996654,84.94041535955112,66.69527933031046,2.1715398082476582,0.5502273131642099,1.6213124950834483,94.97906007154484,68.83095552689517,31.924915517679352,0.029424742415354362,0.025462962962721658,0.12931633835424305,0.0854215391466806,0
2022-11-09,92.2704868996,93.5633874507,91.2681257981,91.4037108746,6864577,82.794542747705,83.97326129512201,85.5559673133653,60.581783041073564,2.3853452578406547,0.9172509020994989,1.4680943557411559,95.91168366948142,69.67740182592857,31.68600365786795,0.03086783296507424,-0.03160270880409011,0.029225736095682686,0.07543299908747225,1
2022-11-10,97.0014376055,101.5822762623,96.3428815195,101.4854297791,11692837,84.023040387505,84.180900155172,87.0730589767686,70.44315478643198,3.329912912919596,1.3997833042635186,1.9301296086560775,99.15511654740227,68.89096422760774,36.01887313315443,0.03738801904570772,0.11029879211722027,0.10258838383782432,0.21425260718355132,1
2022-11-11,101.9890314919,107.3882229321,101.4854297791,107.0444179166,11159967,85.752234345615,84.543493388392,88.97509316151445,74.26605199429586,4.4754631161818,2.014919266647175,2.460543849534625,102.96495515884467,68.53951353238531,40.14524156619802,0.034242232393894546,0.05477621910455577,0.1341063000198679,0.20534351144995178,0
2022-11-14,105.4270816467,106.753878467,104.0615462331,104.2165006063,7761669,87.359885967275,84.860568774496,90.42665577530356,69.35190037525099,5.096382685252962,2.6312119503683324,2.4651707348846297,105.15451843584891,69.5652534987011,40.73868062336935,0.03537145660859428,-0.026418167012718707,0.1401780038151661,0.13226010101006813,1
2022-11-15,107.6642354093,108.584277,105.3399198118,106.9766253784,9438599,89.06583676941001,85.25124748785602,92.00284335655084,71.3448983608749,5.7449605894477145,3.2539616781842087,2.490998911263506,107.50242972091434,70.62924381790569,41.399920823146495,0.035352398242697085,0.02648452746007046,0.05410821643316188,0.13338805663863096,0
2022-11-16,102.051981706,103.7516374868,99.7421930809,100.9334048247,12082515,90.37132736338,85.489102450674,92.8533730201841,61.859906144237996,5.705555762644778,3.744280495076323,1.961275267568455,108.2791544056538,72.46350032110621,39.63165655466592,0.03919870054020856,-0.05649103747967177,-0.057088573237524476,0.10425937698715693,1
2022-11-17,97.2551753915,102.2698862933,97.0498608471,101.1561517361,10682840,91.62016276466001,85.695579152924,93.64411385027132,62.06012174648449,5.627431440986129,4.120910684258284,1.506520756727845,108.86639380117174,74.37393172814828,37.647239463678396,0.039310325442525246,0.002206870082178014,-0.029365300623181767,-0.0032445844070102536,1
2022-11-18,106.5214469072,106.5311315555,100.3765375461,101.3982679442,10921081,92.69903258786499,85.854213692458,94.38260471635977,62.29183369553548,5.521406767501006,4.401009900906828,1.1203968665941773,109.55294186138083,75.84512331434915,36.36264328333917,0.03862127339731444,0.0023934897081854256,-0.052145573058302364,-0.05274586085188493,1
2022-11-21,100.2651640904,102.5701103913,98.6284585238,101.8243924704,9282393,93.67718206851,86.025438274812,95.09134640722074,62.72333970112575,5.409409828626892,4.602689886450841,0.8067199421760503,110.26310284166807,77.09126129535194,35.410802090584006,0.03842956312620339,0.004202483285360437,0.008827480329703041,-0.022953257132828697,1
2022-11-22,102.5797950396,103.9065918599,100.5750728367,103.6644756518,8497185,94.62191951244,86.347937063974,95.90783490670448,64.60680164115314,5.406804505476799,4.763512810256033,0.6432916952207659,111.22322389486129,78.02061513001871,35.08976454496615,0.03820463402911653,0.018071143237460507,0.02479655337466591,-0.030961434003775934,1
2022-11-23,103.2158246714,105.4001324734,103.2158246714,104.5264093526,4077688,95.580215464025,86.68283220299202,96.72865152059929,65.48649242131034,5.4119055360585975,4.893191355416547,0.5187141806420508,112.1450864970059,79.0153444310441,34.66171519401037,0.03819874010458317,0.00831464872976495,0.03085004775546496,0.035597773939562316,0
2022-11-25,103.7983067519,104.3613727631,102.7012988336,102.7304229376,3012477,96.52618928144501,87.01512280393999,97.30024879840887,62.02705664461886,5.210958361260197,4.956744756585277,0.25421360467491994,112.44276686268914,80.60961170020089,32.9787753970802,0.038160536791870904,-0.017182130584258215,0.008897970763374508,0.015562782633398387,0
2022-11-28,100.9635606266,102.0217364063,99.8083045002,100.4490347888,6383452,97.20410778308499,87.302754106746,97.60013317844613,57.84670346494868,4.812145897781562,4.927824984824534,-0.11567908704297203,112.56666696829646,81.84154859787353,31.60886825790049,0.038335776840844306,-0.02220752220776645,-0.0310177700005968,-0.009361433628455651,0
2022-11-29,101.0218088347,101.8566998168,99.9175198903,100.235458026,3450382,97.940592682095,87.569649972146,97.85111649726079,57.45630420052735,4.427809258447809,4.827821839549189,-0.4000125811013806,112.37340715453257,83.50777820965743,29.47258961212332,0.03800566574913599,-0.0021262201597960217,-0.04105136063868109,-0.015604654305812815,1
2022-11-30,100.9344365226,106.4388921837,99.6627810605,106.400060045,11167032,98.91267281963,87.99082875255999,98.66530159704547,64.83355532708065,4.567994568081488,4.775856385255649,-0.20786181717416063,112.86679165595513,84.95855398330488,28.21502733379947,0.03978174685130415,0.061501210653429395,0.035721035721122174,0.026388831622402575,0
2022-12-01,106.9340019522,107.4388197553,102.6721747296,103.885679064,6976243,99.857333088595,88.38167028890001,99.1624804034221,60.24485164173686,4.42519204503003,4.705723517210526,-0.28053147218049546,112.40084415341764,87.31382202377236,25.12286414397596,0.03982769476623044,-0.02363138686140398,0.03421281530903442,-0.0061298411814627585,0
2022-12-02,101.2742177363,104.186628139,101.1771373895,103.5944380237,3903370,100.858129238305,88.80639406255999,99.58457160535332,59.71762315931157,4.239647283925564,4.612508270553533,-0.37286098662796974,111.0132513586542,90.70300711795579,20.137438988888924,0.03944404922560549,-0.0028034763109223704,0.03351089588305878,0.00841050841019908,0
2022-12-05,103.2643648448,104.545825422,102.1382328224,103.3226130528,4692694,101.58384863474501,89.240208309286,99.9405755527292,59.19690896679512,4.02427834482404,4.494862285407635,-0.47058394058359454,110.13922875320394,93.02846851628608,16.843977135027956,0.03765563579682751,-0.0026239340266299704,-0.028923357664445426,0.028607325795034777,0
2022-12-06,103.7012264052,103.9390732547,100.7402758291,101.6528310886,4571913,102.064345305975,89.66677546719998,100.10364750852642,55.968449939162944,3.6764792945966605,4.33118568724544,-0.6547063926487793,109.41730548522433,94.71138512672566,14.408479586492549,0.037420202723582374,-0.01616085690115776,-0.0214933183814916,0.01414043583491531,1
2022-12-07,101.6528310886,104.5069932833,101.0994731121,103.0119559432,6383621,102.495613975225,90.09708827326399,100.38062926420962,57.9773748337852,3.4705101776105636,4.1590505853184645,-0.6885404077079009,108.95409969240765,96.03712825804234,12.602462616095522,0.03717968463769746,0.013370260720189764,-0.005622715771349984,-0.03184306569345052,1
2022-12-08,103.914803168,106.2447314902,103.3905692956,105.4389646121,5493190,103.19737666210001,90.54010805391,100.86237548781823,61.36702253944452,3.4631959179170764,4.0198796518381865,-0.5566837339211101,107.30453553410396,99.09021779009606,7.959812555026574,0.03635698756259188,0.023560456130337304,0.020482946537738966,0.014951873656647852,0
2022-12-09,104.633197734,106.5359725305,103.8759710293,104.2060442083,4705906,103.33340738356,90.989072915182,101.18082012786411,58.77343533062284,3.3196461276213967,3.8798329469948287,-0.5601868193734321,107.38458822238539,99.28222654473461,7.840989552948619,0.027375548795237004,-0.011693214252774475,0.025116989781373,0.005903851560641549,1
2022-12-12,103.7012264052,106.2253154208,102.5556783135,106.1767752475,4831377,103.290025250105,91.52568194588801,101.65662537735324,61.569329721669085,3.326556931768991,3.7691777439496614,-0.4426208121806705,107.19734741208808,99.38270308812193,7.565729899904546,0.024764369438730425,0.0189118688284593,0.03072283479448812,0.027623790285302485,1
2022-12-13,112.0210121222,112.7005745495,107.9145134544,108.6037839164,9557332,103.50938941561,92.02715578846,102.31825952392911,64.74069332627789,3.4876694279020626,3.7128760807401417,-0.22520665283807917,108.04262433613764,98.97615449508237,8.75907962769605,0.024459216433295277,0.02285818780277138,0.030015652334439036,0.06837933339742985,0
2022-12-14,108.1086741479,109.3221784824,105.3807164041,106.4388921837,6429339,103.482502755875,92.424124818974,102.71070072962158,59.98554340657834,3.4014537304929178,3.650591610690697,-0.24913788019777927,107.93888913096872,99.02611638078129,8.61283068424959,0.024249759917710764,-0.019933851792553248,0.021427240544096504,0.03326736405616448,0
2022-12-15,104.60407363,104.8661905663,100.982976696,101.5072105685,6775217,103.511193043065,92.72614038354801,102.59608261903858,50.82702735529599,2.9017323147234464,3.500819751497247,-0.5990874367738006,107.90856302822222,99.1138230579078,8.4964144569906,0.023082020482981264,-0.04633345494322272,-0.04397915333287494,-0.03728938403430404,1
2022-12-16,101.1091811468,102.837211319,100.5266990662,101.672247158,12925702,103.53699781415999,93.052762906222,102.50809828941587,51.096113773807275,2.4903098244399757,3.298717766085793,-0.8084079416458172,107.88456031786868,99.1894353104513,8.39808492711405,0.023080170750472643,0.0016258607499477495,-0.06382408152312347,-0.02431525992134509,0
2022-12-19,101.7693275047,101.9926123023,99.6723920148,100.953852592,6162500,103.51477704655,93.47193605506399,102.36007488966197,49.81814469389704,2.082282838759866,3.0554307806206076,-0.9731479418607414,107.91011769660464,99.11943639649535,8.492199424007048,0.02313630176509759,-0.007065788217345159,-0.051532287485983264,-0.04919082015182008,0
2022-12-20,99.0899099343,101.5508967245,99.0607858302,100.4781588929,4761804,103.447465367675,93.94764463149001,102.18084479473225,48.94519032780847,1.7009267818029912,2.7845299808570845,-1.0836031990540933,107.98328127451347,98.91164946083651,8.769312792183346,0.023137611887281598,-0.004711991537583948,-0.010137719969218972,-0.0748189863233023,1
2022-12-21,101.5751668112,103.4002773302,101.1577213202,102.808087215,4889064,103.404645945835,94.525929041666,102.24058216809108,53.26483129691632,1.5686229932800302,2.541348583341674,-0.9727255900616436,107.94762229630422,98.86166959536578,8.786793492526247,0.02337980029667951,0.023188405796562117,0.011171584072838359,-0.03411163808839435,0
2022-12-22,99.128742073,99.6141438067,93.1680087821,94.7504184342,11326627,102.915846399915,94.94867717225199,101.52723324105384,40.50217955430985,0.8043131366437706,2.193941494002093,-1.3896283573583226,108.78188375685642,97.04980904297358,11.399677624273542,0.029070073973219812,-0.07837582625138428,-0.061448216175274406,-0.066564651875054,0
2022-12-23,93.8669872788,94.5444139384,92.5466945629,94.3815131166,4753535,102.49840090886501,95.29799789492199,100.84668846729633,40.029280619584014,0.1669005668023118,1.7885333085621369,-1.621632741759825,109.44631022513448,95.55049159259553,13.557107729801771,0.028916208753278147,-0.003893442622168286,-0.06067632850238058,-0.07170820204327844,0
2022-12-27,93.3718775103,94.0126077989,92.3913660081,92.5564025975,6121361,102.1037692993,95.699915171784,100.05713743207762,37.68496036391501,-0.47999160843532707,1.334828325162644,-1.8148199335979711,110.26337671778866,93.94416188081134,15.982970020568285,0.02882717980705631,-0.019337584859921098,-0.09971671388128167,-0.08318107510406647,0
2022-12-28,91.9059642743,92.9835561233,90.9400148241,91.4739567312,4273957,101.66569423456,96.088124942946,99.23969165104165,36.32614584574743,-1.067694930409715,0.8543236740481723,-1.9220186044578873,111.03116378062474,92.30022468849525,18.424050741161555,0.028879327676475153,-0.011694986364230497,-0.03457991803250293,-0.08961352657046195,1
2022-12-29,93.2456730595,94.7892505729,92.3525338694,94.3038488392,5071960,101.06088367427,96.51704973301601,98.76961138324721,42.19441826736254,-1.2902324084647603,0.4254124575455859,-1.7156448660103463,110.6840508328793,91.43771651566071,19.04429648493038,0.02587401539041128,0.030936587954927486,-0.0008228759513958517,-0.08271954674164195,1
2022-12-30,92.8088114991,94.6339220181,92.2554535226,94.5368416714,3407047,100.59344180464,96.911314707538,98.36649045830939,42.66295302733706,-1.431295307409684,0.054070904554531896,-1.485366211964216,110.52561526108333,90.66126834819666,19.74715901605666,0.025578040820866364,0.0024706609016273973,0.021397105098307945,-0.002254098359980583,0
2023-01-03,96.8570619589,97.0997628257,93.3136293022,93.9058194175,5921671,100.10901087433,97.265842221678,97.94166464489896,41.6776671888938,-1.575841572621698,-0.2719115908807141,-1.303929981740984,110.34878817860502,89.86923357005497,20.45725397712567,0.025580088737300135,-0.006674881905758712,0.026585301141461848,-0.005040115202564421,1
2023-01-04,95.3474625668,96.7114414387,94.3523890125,96.4104923638,6289509,99.76340483988,97.597634639352,97.79583871336573,46.91789861793651,-1.4713287924120664,-0.5117950311869846,-0.9595337612250818,110.01258164385824,89.51422803590175,20.546966736807242,0.026519477922278146,0.02667218029549767,0.02233889232020747,0.04164044472493478,0
2023-01-05,94.9834112665,96.342536121,94.517425602,95.0610755439,4557079,99.433817062645,97.85362809308,97.5353850781785,44.59321353640787,-1.4803240665713417,-0.705500838263856,-0.7748232283074857,109.84148282396202,89.02615130132799,20.933855440267394,0.026467803250750096,-0.013996576376853698,0.005545286506631886,0.03921464579520584,1
2023-01-06,97.0803467564,101.7935975914,95.7018058325,101.2256775629,7241667,99.34450314363,98.182747108874,97.88684150529484,55.45232371552688,-0.9787387320856311,-0.760148417028211,-0.2185903150574201,109.65804453034767,89.03096175691235,20.763184797062355,0.03036092546012235,0.06484885620879743,0.07794893001099679,0.07339921762368995,1
2023-01-09,102.4683060014,105.5845851323,101.1188891815,103.3808612609,6212259,99.24159797607001,98.54315452767399,98.41008148201915,58.513589714852436,-0.4026815655445688,-0.6886550467314826,0.2859734811869138,109.34885889550476,89.13433705663526,20.369000752833305,0.0302706375231836,0.021290879447665834,0.07229886214871373,0.09355103717385527,1
2023-01-10,103.0410800472,105.0312271557,102.7692550763,104.8856066356,4638814,99.27557609743499,98.96464772860199,99.02679816331256,60.55187864324503,0.17327090611517804,-0.5162698561621505,0.6895407622773285,109.45368627142291,89.09746592344707,20.504761743207638,0.030330832367615124,0.014555357310310102,0.10334967320207666,0.11692339501649496,1
2023-01-11,103.5653139197,106.9728340909,103.4196933996,106.8466296401,5532560,99.30906881706501,99.36376702628401,99.7715440182447,63.096547312920144,0.7789760064227949,-0.25722068364516143,1.0361966900679562,109.58176564273704,89.03637199139298,20.688335814718254,0.030324097466502695,0.01869677897095179,0.05552891531604942,0.10824690363492584,1
2023-01-12,107.3514474432,108.6183459684,104.0992558269,106.9825421255,5330916,99.22800672752001,99.793302667878,100.45830574274521,63.273373792814745,1.2554960866225144,0.04532267040837376,1.2101734162141407,109.22801215702944,89.22800129801058,20.15561081856543,0.029876887679461693,0.0012720334357556595,0.03483895201366649,0.12540849673107868,0
2023-01-13,104.3904968671,106.9825421255,104.3031245551,106.759257328,5641571,99.24402498473499,100.189318668552,101.05839636991233,62.74148653182326,1.5967184894100654,0.3556018342087121,1.2411166552013533,109.29109697417438,89.1969529952956,20.247207811220388,0.029524782292626544,-0.0020871143371977707,0.017863754165140744,0.05466577155447072,0
2023-01-17,106.2107533688,107.3999876166,104.633197734,106.2156073862,4848070,99.47944482562,100.61378134258199,101.54955932384449,61.38838715325284,1.8024936701466459,0.6449802013962989,1.157513468750347,109.93975820495142,89.0191314462886,21.0301000325596,0.027443421633406368,-0.0050922978990920464,-0.0059058695255574944,0.027420415062571646,1
2023-01-18,107.5261920674,109.1086017195,106.3806439757,106.4971403918,5374108,99.72068948731001,101.072153849828,102.02075752079264,61.84726304655982,1.9656307760690765,0.9091103163308545,1.056520459738222,110.58684307746243,88.85453589715759,21.793177816996938,0.027442402146030647,0.0026505803857652666,-0.004537205080905493,0.015364679748660848,0
2023-01-19,106.2932716636,106.4388921837,102.9925398739,103.0604961166,5325095,99.82602166353999,101.35719926967998,102.11978024420287,53.490403193120194,1.7968961359516697,1.0866674802550176,0.7102286556966522,110.77844777792401,88.87359554915597,21.943028344450674,0.028472980484822146,-0.032269826800575885,-0.034645812494144335,-0.03543521715428122,1
2023-01-20,103.6818103358,106.5699506518,103.3804729395,106.4486002184,5078502,100.124543729815,101.645313320768,102.53204881317403,59.325542762903105,1.914495293428331,1.2522330428896802,0.6622622505386508,111.45087715439261,88.79821030523739,22.62448946612251,0.02927590453271968,0.032874905802576126,0.002193583767335028,-0.004990925589276385,1
2023-01-23,105.3613003347,111.5550264578,105.3321762307,110.8220698398,7669252,100.52524286105499,101.97402306640001,103.32157462523365,65.36594746324602,2.333694542806029,1.4685253428729501,0.8651691999330788,112.73551400943597,88.31497171267401,24.29294533564649,0.030175446806129262,0.04108527131805362,0.04061075660894464,0.038055833409534445,0
2023-01-24,110.1570694645,110.739551545,109.1862659969,109.6910838,3504703,101.272276129345,102.339770524908,103.92819454663997,62.76990635838355,2.5453110849520186,1.683882491288764,0.8614285936632546,113.801892855034,88.742659403656,24.74441615133872,0.023460436709305397,-0.010205422452719937,0.06433685003707268,0.03272095786415985,1
2023-01-25,107.7494768649,111.098748828,106.2156073862,110.6230551289,5957609,102.08435322996,102.522523031904,104.56580031637903,64.03738671705892,2.7564464181700714,1.8983952766650254,0.858051141505046,114.8257938480155,89.34291261190451,24.962573038697762,0.023303887473740452,0.008496327108949542,0.0392156862742703,0.03874202370055091,1
2023-01-26,111.0599166893,112.3802094052,108.9872512861,112.205464781,5813038,103.066806339135,102.625743969192,105.29338740824768,66.14490888383153,3.0166854529879714,2.1220533119296148,0.8946321410583566,115.74807061882434,90.38554205944565,24.607853352829082,0.022406595597089324,0.014304519525845105,0.012483027461946739,0.08873398643505093,0
2023-01-27,109.3318865171,110.5648069209,107.4679438593,109.2153901009,8705733,103.95387800762,102.725721759084,105.66691147421457,59.09737903247481,2.947673776977055,2.287177404939103,0.6604963720379522,115.71606586532144,92.19169014991857,22.629627837143786,0.02339309763872342,-0.026648209032741565,-0.004336666961622382,0.025991792065122477,0
2023-01-30,107.4582358247,107.7300607956,104.8127963755,105.0409351904,7351733,104.49073232518,102.68700795532399,105.60729468527984,50.93755134372189,2.5270081259659065,2.3351435491444636,0.19186457682144287,115.3906377853289,93.5908268650311,20.862913327524378,0.025056858893068676,-0.038222222222008884,-0.050460728389715936,-0.05216591476550625,1
2023-01-31,105.7787458258,108.3028348414,105.4389646121,108.2348785987,6577082,105.17563417154501,102.83303743080401,105.85754077227224,55.9491800677675,2.423416470411709,2.352798133397913,0.07061833701379605,115.17159912334377,95.17966921974626,19.008138207172582,0.02563918221245862,0.03040665434395251,-0.035386745111298246,-0.013275511106765059,1
2023-02-01,108.8367767486,116.6226205585,108.6426160551,115.5353206748,9886428,106.25710923441002,103.120620809578,106.77923409632251,64.79992597492031,2.8970090828668305,2.4616403232916966,0.4353687595751339,115.81241341806853,96.70180505075152,17.985251532824766,0.028716351658062973,0.06744999551547215,0.05786666666722762,0.04440544098313093,1
2023-02-02,116.7973651826,121.2727691681,116.7876571479,120.6320388795,11206465,107.468186560195,103.50529622828401,108.09854883757751,69.41945078143112,3.6416188886368843,2.697636036360734,0.9439828522761502,117.83030760692391,97.10606551346608,19.284071646495853,0.029478346869211268,0.044113940004943064,0.14842883549007957,0.0750994981835047,0
2023-02-03,119.331162233,120.0592648336,116.1178027553,116.4770000383,6156899,108.53898278491502,103.798348379642,108.89649657097965,62.24738910054749,3.8520466193452023,2.928518152957628,0.9235284663875745,117.93215039068512,99.14581517914492,17.30837596734062,0.0307430393226762,-0.03444390793519192,0.07615032738345939,0.0664888888891142,0
2023-02-06,114.7586779007,115.9527661658,113.4966333929,114.2538600976,5330987,109.19039191165,104.010136068558,109.40672166875302,58.749975997993914,3.795669186660888,3.10194835969828,0.6937208269626076,118.26614753607339,100.1146362872266,16.623725706135254,0.028610532614508362,-0.019086514418889533,-0.01109150491568689,0.08770794824418116,1
2023-02-07,113.9626190573,117.7487525808,113.3413048381,117.0012339108,4935342,109.87141054414501,104.259632559722,110.13000854894797,61.61988238285027,3.927407067101825,3.2670401011789894,0.6603669659228357,119.14319116675298,100.59962992153703,16.877512679028886,0.028692237783932192,0.024046223128505906,-0.030098181232987686,0.08099381110411552,0
2023-02-08,115.6712331602,115.8847128428,112.0986763996,112.564662064,6460544,110.255363315565,104.45631734225,110.36188031228626,54.969047247860296,3.6319491672227713,3.340021914387746,0.2919272528350252,119.30275573647793,101.20797089465208,16.411704880093914,0.030281210761657303,-0.03791901759072358,-0.03358893148873632,-0.02571212503197684,1
2023-02-09,114.9042984209,116.0692625819,111.7200630473,112.6908665148,5512202,110.54757515930001,104.70115397677,110.58368852204947,55.11745092686073,3.3691429150483287,3.345846114519863,0.023296800528465944,119.51285266109346,101.58229765750656,16.219763280875966,0.03008576807291733,0.0011211729195104159,-0.013680006797711863,-0.06582971189463582,0
2023-02-10,111.4482380763,111.6132746658,109.6716677307,111.4191139723,4374417,110.76940375164,104.924827095696,110.66325285064477,53.21429457929606,3.0233954443982896,3.2813559804955483,-0.2579605360972588,119.58923327724547,101.94957422603453,15.924667330304896,0.030256304243548974,-0.011285320468566895,-0.04770992366418736,-0.0434239039839357,1
2023-02-13,111.8074353593,113.3073267167,111.2055372094,113.1277280752,4198226,111.087827289,105.0593804563,110.89796477679288,55.44043395718758,2.854355725523206,3.1959559295010798,-0.34160020397787383,119.7642264568216,102.4114281211784,15.62079190773901,0.030368952240825493,0.015335017861699995,0.005002156101884481,-0.009856402413345289,1
2023-02-14,111.5161943191,115.5304666574,110.5259747822,114.9819626983,4870669,111.526145054605,105.281306128986,111.28691695979356,57.78780881755317,2.8373050812327705,3.124225759847418,-0.28692067861464743,120.0582353861557,102.99405472305429,15.300610143699053,0.03043502201625261,0.01639062902304045,0.02033080634089446,-0.017258546299088295,1
2023-02-15,113.584005705,116.0886786513,112.6034942027,115.9721822352,4994402,111.99989714677501,105.52886101321602,111.73313270030846,59.02908562468764,2.870604225188316,3.0735014529155977,-0.20289722772728158,120.41381852678228,103.58597576676775,15.024873404983378,0.0304460764148473,0.008611955420331663,0.04086433737062323,0.03027166882322807,0
2023-02-16,113.4675092889,114.6324734499,111.7783112553,112.0210121222,9117624,112.447922947055,105.702828994604,111.76054978810765,52.406943510851605,2.5487868021769913,2.968558522767877,-0.4197717205908855,119.79698244680438,105.09886344730563,13.071045346403784,0.03056358107618725,-0.0340699815839175,-0.009782888526359446,-0.005944176429879766,1
2023-02-17,113.3704289421,113.972327092,110.0696971524,112.0695522956,9287116,112.72897055091498,105.91116341874402,111.78997859834502,52.47747648769289,2.2714767916880447,2.8291421765519105,-0.5576653848638657,119.54974636732913,105.90819473450082,12.101194188291634,0.029837225410683368,0.0004333131122493672,-0.025329280648494712,0.005837762481774034,0
2023-02-21,110.322106054,111.4773621804,107.6912286569,108.0310098705,7583850,112.58941755245,106.01154449729,111.43198157664548,46.32597423080213,1.70616241005267,2.604546223252062,-0.8983838131993922,119.66981269868249,105.50902240621751,12.577372367938707,0.02963836402816317,-0.03603603603633354,-0.06847480328165867,-0.04505277610907232,0
2023-02-22,108.1297133521,109.3558062141,106.5338464524,107.4388197553,5089232,112.476804350215,106.051541600154,111.05168045080306,45.484020397960315,1.1965685986123873,2.322950698324127,-1.1263820997117397,119.80530571945859,105.14830298097142,13.03113368410626,0.029578735493897522,-0.0054816678647165995,-0.040904757777955436,-0.06560283687966229,1
2023-02-23,109.5115005458,110.8917307961,106.9522749688,109.8715436878,7136058,112.43922877816001,106.16485158974399,110.9392864733742,49.54113738787935,0.9777415261607416,2.05390886389145,-1.0761673377307086,119.81293096995378,105.06552658636625,13.11588895071828,0.029974810158277534,0.02264287655095898,-0.019612897194435375,-0.052604326570551696,0
2023-02-24,108.0226734991,109.0833411337,107.4096270681,108.314600371,5808479,112.24468555766,106.207608092214,110.68931636838617,47.12400434444935,0.67095285408314,1.7773176619297884,-1.1063648078466484,119.83492129397614,104.65444982134387,13.524445631623305,0.029940007289611447,-0.014170578336680673,0.002625084231277164,-0.033086754716667,1
2023-02-27,110.4553974316,110.8251714694,108.4897564941,109.0541484465,5362738,112.23662347493999,106.216615382816,110.5335860901113,48.41155785901802,0.48194046056838147,1.518242221657507,-1.0363017610891256,119.84004361082673,104.63320333905325,13.548911042542928,0.029381242545387563,0.006827778277045615,0.015034870030022907,-0.02690653962056022,1
2023-02-28,113.0146230086,114.8878204366,111.7593374594,113.0243539043,13010878,112.635794410635,106.348324617228,110.770802072415,54.77788375473235,0.6450731749830965,1.343608412322625,-0.6985352373395286,119.48730270351538,105.78428611775462,12.165774350384423,0.028962893228643455,0.036405817791954176,0.028695421131596177,0.046221395502880736,1
2023-03-01,114.5326427425,116.1090478508,113.793094667,114.1044833304,6756779,112.92927464722,106.60027007246599,111.08829552555642,56.355893073343964,0.8516966157093719,1.2452260529999746,-0.39352943729060264,119.49863083502144,106.35991845941855,11.634460963861624,0.028333221461638962,0.009556607835286224,0.05345431677325552,0.062041481750093164,1
2023-03-02,112.3383257554,115.885237249,110.8640950523,115.2624599222,6503427,112.91563160959,106.87207432775,111.48583499190343,58.046099285263544,1.096249334533539,1.2154307093066876,-0.11918137477314872,119.46438353023912,106.36687968894087,11.5993717208113,0.024048542596995612,0.010148388196517866,0.05692870527291949,0.04906562749057475,1
2023-03-03,115.5543867941,115.9338917276,113.7979601149,115.7587356045,7232428,112.67196644584001,107.16817198800001,111.89277790738882,58.78281562381571,1.3149465409235859,1.2353338756300674,0.07961266529351851,118.36026326512211,106.98366962655791,10.097093356431998,0.02175713031916101,0.004305614183794049,0.024192854068559866,0.06872697870833933,0
2023-03-06,116.6247853245,118.2303831199,115.0386493205,115.3500379838,5775804,112.61561834311499,107.46560956981801,112.22204077180892,57.88138835275833,1.4387027010773608,1.2760076407195262,0.16269506035783454,118.17284585097072,107.05839083525926,9.869372631643472,0.020372497135080807,-0.0035305985208439195,0.010915913354546891,0.057731774783319256,0
2023-03-07,115.1408237256,115.525194107,112.5475400136,113.2384336104,5225892,112.56484701875499,107.674216497726,112.31884008976998,53.330935326280695,1.3508201107149063,1.2909701347186022,0.05984997599630404,118.07967060856856,107.05002342894142,9.798482805017665,0.020335306976296454,-0.01830605702701682,-0.017560151962453197,0.0018941024540717333,1
2023-03-08,113.4817060037,115.8949681447,113.4817060037,115.4570778368,4474897,112.487639215055,108.08834968577801,112.61771987520142,57.14329824928186,1.4435581322153723,1.3214877342179563,0.12207039799741604,117.79104652891876,107.18423190119124,9.429315702367353,0.02007802524431421,0.019592678524972484,-0.0026059179562106793,0.011853999658220538,0
2023-03-09,115.4960014198,117.7049147505,113.7055166054,113.8904036243,5701404,112.55392629307,108.47852749593201,112.73892785130604,53.801101446071094,1.37478846108651,1.332147879591667,0.042640581494842955,117.89255123996539,107.21530134617463,9.48634156572125,0.018351824109443814,-0.013569321533622225,-0.012653956470347949,-0.011903756859137804,0
2023-03-10,115.1554200692,115.4278851497,110.8543641565,111.3117162559,7009561,112.484968780125,108.8536337691,112.60300293745784,48.74726006275736,1.0995347296905464,1.285625249611443,-0.18609051992089665,117.85029844377765,107.11963911647236,9.539638445631407,0.019081019580927557,-0.022641831851843652,-0.017014694508482253,-0.03841627437771644,1
2023-03-13,110.7278625121,114.1628687048,108.9081850105,112.7226961367,8221437,112.55014788834501,109.27860855721,112.61440228976662,51.43543046884694,0.9839065861285547,1.2252815169148654,-0.24137493078631067,117.89372933715046,107.20656643953956,9.495467663190515,0.019116564961251158,0.01267593321044691,-0.023683101558876096,-0.022777121646626486,1
2023-03-14,115.5835794813,117.9773798309,114.7077988656,117.1015992152,8322374,112.748841445345,109.73456356473,113.04175437790313,58.67881683739059,1.2314163307836736,1.2265084796886272,0.004907851095046434,118.44729459013273,107.05038830055726,10.108224744021092,0.020716290821727042,0.03884668508274203,0.028195488721710404,0.03411532181813226,0
2023-03-15,115.3305761924,115.63223396,112.5864635965,115.2916526094,9517727,112.76432594090002,110.14965978349001,113.25603039995045,55.02562715159771,1.2669177823352982,1.2345903402179614,0.032327442117336735,118.48859190100876,107.04005998079128,10.152618591643666,0.020770286634486063,-0.01545620741245235,0.03575487367700214,-0.0014327855034909076,1
2023-03-16,115.0289184247,120.1084459958,113.7541710841,119.524592252,6788769,112.94194644173999,110.66203524018002,113.85303629062183,61.12180907343481,1.6179648992588227,1.3112652520261336,0.30669964723268905,119.24458052053654,106.63931236294343,11.16083842604521,0.022256829570426285,0.03671505739397207,0.060341850828792065,0.04947026657562814,0
2023-03-17,120.3225257019,121.0426119859,118.3472511776,119.3007816502,13761522,113.30593491814,111.11984102590799,114.37186918201023,60.653671863350255,1.8567096306164643,1.4203541277441998,0.43635550287226454,120.16964957748365,106.44222025879634,12.115366532746014,0.020635354805875732,-0.0018725067166774911,0.018780122984985992,0.07177200804211425,1
2023-03-20,119.6851520315,121.4026551279,119.1353564228,120.7020306353,4974722,113.73755883512501,111.632660127736,114.97474170137117,62.585786634254355,2.134381807777956,1.563159663750951,0.5712221440270049,121.28739989806469,106.18771777218534,13.275897848104853,0.02070598891898723,0.011745513866024737,0.046927751519270755,0.07078729281744112,0
2023-03-21,120.5463363037,122.2395121607,115.2235363393,117.1599845896,10090147,114.19400757108,111.95134626827002,115.18286007167869,55.206078517993085,2.0450514152101533,1.6595380140427918,0.38551340116736155,121.4048589544658,106.98315618769419,12.629123956259109,0.020070775751517052,-0.029345372460238606,-0.019783440527574303,0.0004985873360507931,0
2023-03-22,117.0334829451,120.4101037634,115.4960014198,115.6614266472,8342533,114.605137915675,112.19695757599601,115.22843784077597,52.39140802364157,1.8322147029475246,1.6940733518237383,0.13814135112378634,121.13387564175879,108.07640018959121,11.393446829386571,0.020322347796069902,-0.012790697674204266,-0.030505709624526145,0.0032072923705306344,1
2023-03-23,118.0065725181,121.6264657297,116.9361739878,119.4759377734,6182233,115.08535761995499,112.488764198752,115.63296164388302,58.22937536378079,1.9488738392711156,1.7450334493132138,0.20384038995790177,121.5634381864842,108.60727705342578,11.257871028079355,0.020946288516881587,0.03297997644310002,-0.010158013543323241,-0.0004070666771021081,0
2023-03-24,118.3666156601,118.8336986552,114.873224093,116.3133966611,6356161,115.48529743446,112.678099539172,115.69776497885607,52.483203194908484,1.7657815771272425,1.7491830748760195,0.016598502251222946,121.18255165364299,109.788043215277,9.866631243542132,0.02168782115383157,-0.026470109138612807,-0.0072259136211524355,-0.025040783034089964,0
2023-03-27,117.5005659402,117.7243765419,115.1359582778,115.6711575429,4628324,115.81614788928,112.85187184752,115.69523093733645,51.374464839101655,1.5509776064501182,1.7095419811908392,-0.15856437474072105,120.69014326054312,110.94215251801688,8.416780319653958,0.021772440891348544,-0.005521626370101451,8.413259270678708e-05,-0.04168010319230453,0
2023-03-28,115.6906193344,115.8560445618,112.4696928477,113.2676262976,5523792,115.82831150894499,112.98203922691201,115.46403049545678,47.34351889625613,1.173274252517345,1.6022884354561406,-0.4290141829387957,120.67551779651505,110.98110522137493,8.369639899647037,0.02091657985491416,-0.020779002271232416,-0.05196286040101883,-0.03322259136201278,1
2023-03-29,115.525194107,117.7535692291,114.2017922877,116.6247853245,7865317,115.95432660864999,113.190222785678,115.57457857441328,52.90214676379778,1.1317897323225168,1.5081886948294159,-0.3763989625068991,120.74645003806914,111.16220317923084,8.265536215121557,0.021845066044166507,0.029639175258068695,0.002677152179703546,0.008329126703914058,1
2023-03-30,118.7169279064,120.0597915172,118.0698233404,118.8239677594,6213755,116.13240200051,113.43675933303001,115.88404421107869,56.166491581270584,1.2618230833035113,1.458915572524235,-0.19709248922072375,121.07090741677668,111.19389658424332,8.504956982195187,0.02211545285436394,0.018856904463154578,0.027256666946820163,-0.00545691480770405,1
2023-03-31,118.2498449114,120.1960240574,117.7438383334,119.524592252,5016500,116.32069483288498,113.76604125573802,116.2307630721188,57.184622059155785,1.4052115875182238,1.4481747755230328,-0.04296318800480892,121.47049916013466,111.1708905056353,8.85449375048572,0.02212797033598175,0.005896322987788638,0.055240549828071916,0.0276081318496475,0
2023-04-03,118.3568847644,119.1450873185,117.3546025042,119.0283165698,5146768,116.50460876218501,114.01763558276599,116.49719673856464,56.18905324730646,1.4619502576247072,1.4509298719433676,0.011020385681339562,121.76417104679628,111.24504647757375,9.02893428936763,0.02213633395813467,-0.004152080110456979,0.02060909470154515,0.029023302768063752,0
2023-04-04,119.631632105,119.6608247922,116.1771641209,116.8875195092,4772208,116.68706305712502,114.138944576154,116.534370335768,51.984650201775345,1.3189673959494428,1.4245373767445828,-0.10556998079514002,121.7294415881702,111.64468452607983,8.642566534692289,0.022121124351105238,-0.017985611510724864,-0.01629678158972947,0.0319587628868383,0
2023-04-05,116.3717820355,116.4690909928,112.5378091178,114.1628687048,6691718,116.622352600525,114.22838027425,116.30851303758058,47.14909826195499,0.9745617575799486,1.334542252911656,-0.3599804953317074,121.75855452167163,111.48615067937838,8.8082632644876,0.02238538247579734,-0.02331002330993559,-0.04485874786249511,-0.02110972048394244,0
2023-04-06,111.1110651859,112.1874968716,108.861476711,111.3701016302,6274987,116.49633750082,114.243321204276,115.83818814163958,42.7586995385948,0.47083732546958856,1.1618012674232425,-0.690963941953654,122.0046557525818,110.98801924905821,9.456637641888133,0.022852222107257153,-0.024463007160598682,-0.0643394375413947,-0.06273032511667109,1
2023-04-10,109.4433842757,113.5692840652,109.4239224842,113.3649352549,4096459,116.59899845077,114.266510613754,115.60264024766438,46.584764729537795,0.22994779088089956,0.9754305721147739,-0.7454827812338743,121.78402394681233,111.41397295472767,8.893773642886876,0.022616832065941384,0.017911751857098812,-0.030136530136758877,-0.05153464137416397,0
2023-04-11,114.1725996005,114.659144387,112.9562376342,113.2481645061,3373011,116.62527186924001,114.34716610185801,115.3784044627535,46.38929804660806,0.029281140904231506,0.7862006858726655,-0.7569195449684339,121.73626022018294,111.51428351829708,8.764804178417455,0.022456483614240404,-0.0010300429188042637,-0.008012274122729313,-0.04856115107962933,0
2023-04-12,114.5618354297,114.6299516998,109.8326201049,110.1148160811,5838931,116.275932712535,114.448643719672,114.87711033116744,41.3727751547458,-0.3782237286319514,0.5533158029717422,-0.9315395316036936,122.11253102864413,110.43933439642586,10.039219948531834,0.02137318295633903,-0.027667984189105543,-0.011271297509165668,-0.057942057942010905,1
2023-04-13,110.4748592231,110.8446332608,108.5140837335,110.4164738487,5299556,116.03217377449998,114.492275624672,114.4522878090277,42.02280412033726,-0.6691198161394425,0.3088286791495053,-0.9779484952889478,122.39622094554055,109.66812660345941,10.969452633730066,0.021195082501456564,0.0027394839162953044,-0.02600858369098369,-0.03281622911725668,0
2023-04-14,110.3094339957,111.953955374,108.3729857454,109.8618127921,5211571,115.54903480150499,114.37880546701801,114.01509971217743,41.12001873187765,-0.9336510252129386,0.06033273827701649,-0.9939837634899551,122.23803150449048,108.8600380985195,11.57776300680682,0.01914371439332315,-0.005023354190426654,-0.029902045024470136,-0.013543031891164237,0
2023-04-17,106.2808431634,108.9568394892,106.0667634574,108.781683366,6404636,115.02307988729501,114.141798356748,113.51667910777958,39.347271089235825,-1.2164290945153908,-0.195019628281465,-1.021409466233926,122.09276522770526,107.95339454688477,12.292637872916382,0.019179152835146214,-0.009831709478015038,-0.012106751503068836,-0.04042918454983113,0
2023-04-18,109.4725769629,110.534314996,107.5555905041,108.2756767881,5054956,114.40176219493499,113.97777189174401,113.01753602971486,38.509686564482855,-1.4644816211857972,-0.44891202686233145,-1.0155695943234657,121.54960812990063,107.25391625996934,12.49604166548775,0.01879797628448541,-0.004651578852641225,-0.019388384594978603,-0.043907887952852054,0
2023-04-19,106.8938895944,107.6334376699,106.1835342061,107.3707034852,6796764,113.91229813971499,113.84010875949599,112.47974245404677,36.992993194983136,-1.71432712212831,-0.7019950459155272,-1.012332076212783,121.56076206555375,106.26383421387624,13.42868865038226,0.017948700237409118,-0.00835804799143458,-0.022674933569630018,-0.02492046659623859,1
2023-04-20,108.2562149966,113.1995100275,108.2562149966,111.3117162559,8699540,113.69481262014999,113.72631840639801,112.36850186374707,46.81640313909261,-1.5761557451797898,-0.8768271857683798,-0.69932855941141,121.37924595903196,106.01037928126802,13.517649858934849,0.01999726789610241,0.03670473083230963,0.023257894266883294,0.008107869921898825,0
2023-04-21,110.4164738487,111.0295202797,109.1855155388,110.406742953,4516756,113.24135287913,113.683160024178,112.18166768177116,45.078384722949046,-1.5221315310477195,-1.005888054824248,-0.5162434762234716,120.5697914312716,105.91291432698841,12.943043094802512,0.018281348695898068,-0.008130081300871339,0.019681854947631416,0.0049601417184987895,1
2023-04-24,110.4359356402,110.873825948,109.5115005458,110.5527063889,3218100,112.95331836552,113.64039682165999,112.02652851102152,45.43027002592663,-1.4508148324274543,-1.0948734103448894,-0.35594142208256496,120.22878601224966,105.67785071879035,12.882255699980485,0.017505770649579297,0.0013220518239736023,0.029635671560432897,0.016280525986542616,0
2023-04-25,109.4725769629,110.6013608676,107.448550651,107.6334376699,6282571,112.55143237187,113.564683295612,111.60813890710519,39.9212245180164,-1.611282560865405,-1.1981552404489926,-0.4131273204164123,120.06603656872211,105.0368281750179,13.353191582713666,0.01830685346588838,-0.02640612622119498,-0.03304484657790929,-0.005931517929524288,0
2023-04-26,108.1686369351,108.4994873899,106.8646969072,107.341510798,6225729,112.25512659689,113.44895895006799,111.20179337290469,39.406606763767726,-1.741930559412907,-1.3069103042417756,-0.4350202551711315,120.09375897757515,104.41649421620484,13.965745027991128,0.01784597447581268,-0.002712232167064177,-0.027763088313409123,-0.0002718868951437914,1
2023-04-27,108.3048694753,109.1611882995,106.2127268933,108.674643513,9447029,111.85761950631499,113.322812566362,110.96111243386615,43.01899963411426,-1.7180922726405754,-1.3891466979215357,-0.32894557471903974,119.57495702614297,104.14028198648701,13.798501262387926,0.01658283189365533,0.012419544918728986,-0.016987941202392554,-0.02369088207064829,1
2023-04-28,108.6941053045,110.2121250384,108.1297133521,109.9883144366,8064438,111.415836840175,113.20313521038999,110.8684650055551,46.40943833128526,-1.5750418914048083,-1.4263257366181903,-0.14871615478661804,118.47058484351416,104.36108883683585,12.663815492332798,0.016168722416328014,0.012088108882941428,0.02187867281468936,-0.0037898818967798675,0
2023-05-01,110.2510486213,111.3603707345,109.0833411337,109.9104672707,4171844,110.93513059111001,113.16092431336,110.77722712604508,46.23387773423852,-1.4512262168741756,-1.4313058326693873,-0.019920384204788366,116.94745127795272,104.9228099042673,10.83934485821847,0.016028567916844916,-0.0007077766969952881,0.02393255371199654,-0.005809347768843898,0
2023-05-02,109.8812745835,110.3386266829,108.207560518,109.1417265081,4850231,110.440801088025,113.10236779760999,110.62146516243126,44.445852021078814,-1.399005493197194,-1.4248457647749486,0.025840271577754592,115.20670931152387,105.67489286452613,8.630702016911814,0.01604200033488718,-0.006994245240597996,0.004297994269878869,0.014013199530296117,1
2023-05-03,108.927646802,112.1680350801,108.8741268755,110.2413177256,5624062,110.10849099884499,113.146573954712,110.58526064463781,47.569305798426015,-1.2544320599380399,-1.390763023807567,0.13633096386952714,113.84588103138428,106.37110096630569,6.788559172204985,0.016000281820879,0.0100748930100385,0.0023002742636430984,0.027014776539310947,0
2023-05-04,110.007776228,110.3580884743,108.7135670959,109.4239224842,3579606,109.87154368781498,113.18627600929001,110.47465701031041,45.52045328834659,-1.1920720723972522,-1.3510248335255042,0.15895276112825196,113.11956450613592,106.62352286949404,5.912396803215484,0.015307742040551586,-0.007414599700581892,-0.004426737494452437,0.006894699140286287,1
2023-05-05,110.6402844505,113.4817060037,109.9299290622,112.9367758428,4874374,109.94987739844501,113.24758065239001,110.70914451816657,54.57542945920792,-0.8494020470294288,-1.250700276226289,0.4012982291968603,113.40749059352854,106.49226420336149,6.289435289779459,0.016143111694496625,0.0321031569591852,0.03477175463610016,0.026807042378120594,0
2023-05-08,113.720112949,114.4256028895,111.8371846253,112.6351180751,3247629,109.91338653945499,113.333991006472,110.89257057120784,53.74926682964464,-0.5953124525318003,-1.1196227114873913,0.524310258955591,113.23894546110739,106.58782761780259,6.051235479781426,0.01564465909215386,-0.0026710322253212793,0.021714184834567885,0.024789729968933916,0
2023-05-09,111.0100584882,111.3311780473,109.8228892092,110.7765169907,3173743,109.78980416368499,113.368438377356,110.88151784925472,48.84324731727054,-0.537719694885709,-1.0032421081670548,0.4655224132813458,112.77696029364994,106.80264803372005,5.441591143584536,0.016064333183373077,-0.016501079913289196,0.012361049355503528,0.014978601996722851,1
2023-05-10,112.4113074733,113.1119319659,111.0684438626,112.3042676203,4101016,109.89927674064499,113.354036651676,111.01701782744951,52.66766750273949,-0.36459745909932906,-0.8755131783535097,0.5109157192541807,113.08024255467069,106.7183109266193,5.7888748831943015,0.015084439818690476,0.013791286015322646,-0.0056005514393329126,0.018713037337188432,1
2023-05-11,112.1972277673,112.7178306888,110.8446332608,112.352922099,3630615,109.99609915316,113.319005427048,111.1442468056924,52.78871713390292,-0.22092415402454435,-0.7445953734877166,0.5236712194631723,113.34746032900165,106.64473797731836,6.093600048807489,0.015079997757452973,0.00043323802141248535,-0.002505399567405253,0.026767452201532205,1
2023-05-12,113.5692840652,113.9195963115,111.8955699997,112.96596853,3838686,110.15130694005502,113.273075599204,111.31774411276932,54.37211878737531,-0.05693795579189498,-0.6070638899485523,0.5501259341566573,113.74236279596042,106.56025108414963,6.520223782473446,0.015042562755426966,0.005456435129117532,0.01976458186967367,0.00025848698957564586,1
2023-05-15,113.5498222738,117.9968416224,112.8978522598,117.8508781864,5859171,110.60476668107499,113.314918450842,111.939947357877,64.56916761679724,0.46186952773047096,-0.39327720641274766,0.8551467341432186,115.45808358211454,105.75144978003544,8.775963363376407,0.017430140718632164,0.04324231199861517,0.04938913439027148,0.046306695464396475,0
2023-05-16,117.578413106,119.7532683017,117.1989081725,117.6659911676,5081009,111.07428240005001,113.361237514518,112.48528486356491,63.98630554024684,0.8483303349422329,-0.14495569814175155,0.9932860330839844,116.69212461965411,105.45644018044591,10.115468852403895,0.01736166503461942,-0.001568821731710579,0.04728910445175938,0.0621925509490282,1
2023-05-17,118.9602002997,122.9012130703,118.6001571576,122.3173593265,7349587,111.82161519211502,113.54281602884001,113.42167290765397,71.06329655352414,1.5124947483116387,0.1865343911489265,1.325960357162712,119.02329432930895,104.61993605492108,12.880656615129546,0.018768085441619734,0.03953026794526138,0.08278060125706421,0.08916038471533594,1
2023-05-18,122.4243991796,128.5062090108,122.3757447009,126.4237973246,10891208,112.57721924555001,113.762150418596,114.65997047117264,75.6185251744591,2.3431941746083282,0.6178663478408069,1.7253278267675214,122.17790555819701,102.97653293290301,17.056179530791702,0.018515893652399598,0.033571996818037464,0.07274378664060999,0.1252381777235969,0
2023-05-19,124.8473922163,124.8717194557,121.8794690187,123.5337212928,10257187,113.23356816254,113.95501677196599,115.50508959704192,67.55794607312298,2.7367766151859882,1.0416484013098433,1.695128213876145,123.88799428624495,102.57914203883504,18.818494014798087,0.019402154579002767,-0.02286022167471824,0.04986768111137718,0.09354810922542178,0
2023-05-22,123.8061863732,124.1273059323,122.2691913927,123.1444854636,4709104,113.863157116275,114.19167215612,116.23265110814268,66.52936239616145,2.9829004370677836,1.4298988084614312,1.5530016286063524,125.27101052533683,102.45530370721318,20.037830845340665,0.019482221216429944,-0.0031508467900632775,0.006762132060848192,0.04491784328350379,0
2023-05-23,122.5022463454,123.3196415867,120.8479940713,121.1399209432,4604632,114.53848127993999,114.36001665225,116.7000101400529,61.348973064547884,2.9818310430450623,1.7402852553781576,1.2415457876669047,125.9902604421918,103.08670211768818,19.99638730019978,0.01872374481306491,-0.016278150928589752,-0.04179495073884998,0.02952365200112772,0
2023-05-24,118.9509554291,119.6339087493,117.2533286046,118.7655823851,6315616,115.109684859295,114.393296315648,116.89673130624786,55.80606437766467,2.757606293315078,1.9437494629655419,0.8138568303495362,126.20259033044091,104.01677938814909,19.273626688675918,0.019506162808698182,-0.019599967868670354,-0.03859787317827601,-0.029037390612065783,1
2023-05-25,124.0731053307,127.5464107878,123.0574561788,127.2927424117,9575704,116.04058980423001,114.633318111694,117.8868276020052,67.25024949071036,3.230735208972604,2.201146612166954,1.0295885968056497,127.91449575657353,104.16668385188649,20.465090659011253,0.02452764587627967,0.07179824201047147,0.03368609590988281,0.006873271531853575,1
2023-05-26,127.5854366918,133.3612704856,126.8195533256,132.7466124974,9083778,117.17850470726998,114.89775851660201,119.30204521109042,72.20744190157089,3.9996693211365084,2.560851153960865,1.4388181671756435,130.75430938613434,103.60270002840562,23.171151932308433,0.025718427869134263,0.04284509849006701,0.09581227611698839,0.07457794607161228,1
2023-05-30,134.639368842,135.4198869223,132.1856151272,133.2441927736,7753836,118.34519098241499,115.17662673907002,120.62986878847228,72.6147171921185,4.596223313427458,2.967925585854184,1.6282977275732744,133.17469664488655,103.51568531994343,25.061441938397124,0.025642204486823406,0.0037483463181384735,0.12190914318554658,0.08201510016447577,0
2023-05-31,130.3465194007,132.4441617413,128.9415868562,130.0538251206,10911040,119.39079591304001,115.363662628776,121.52738843915111,65.94226235723751,4.756728043747415,3.3256860774328305,1.4310419663145848,134.42471591149237,104.35687591458763,25.184386926112023,0.026498449642668995,-0.023943765102174885,0.021690810148232265,0.07358353966220244,1
2023-06-01,130.4733535887,132.8734466855,128.4844959555,131.546565949,5007034,120.45605832421002,115.65139425596401,122.4815958210415,67.44938485983761,4.947350926534298,3.6500190472531244,1.2973318792811739,135.76257893845153,105.14953770996851,25.414281070103893,0.026502938401889827,0.011477869466859358,-0.009040129354890292,0.1076152139974138,0
2023-06-02,131.8490167051,132.0343897492,129.1562293283,131.351436429,5327592,121.55243402145001,115.9651944516,123.32634254560897,67.03180750685206,5.024753383800004,3.9249659145625007,1.0997874692375031,136.68126950892187,106.42359853397815,24.892690317994155,0.026339917064842337,-0.001483349402489731,-0.014205169510209337,0.03188472445799806,0
2023-06-05,131.536809473,131.8587731811,129.8009372626,130.4733535887,3798281,122.429262908745,116.185142767906,124.00701026399858,65.07927249377465,4.9580876934423515,4.131590270338471,0.8264974231038806,137.49169948558773,107.36682633190227,24.605941780552584,0.026013791612958054,-0.006684988487161481,0.003225806451374824,-0.01712479788321919,1
2023-06-06,128.20009468,132.0539027012,127.5659237398,130.6782395848,5469139,123.33141898423,116.47243962638,124.64236543740823,65.33301628553181,4.86569849762661,4.278411915796099,0.5872865818305115,138.09778353103735,108.56505443742266,23.945827702988602,0.02594320964596753,0.001570328273663213,-0.006600904842598898,-0.019257523614255367,1
2023-06-07,131.9758508932,133.7027471457,130.3307139095,131.7221825171,4835726,124.37870226055,116.793460125864,125.31663373071221,66.66223895121993,4.821141743394605,4.3869578813158,0.43418386207880566,138.38634955070015,110.37105497039985,22.52418948833661,0.025307520915421853,0.007988651634862176,0.0028225506943764245,0.012828207051602813,1
2023-06-08,132.5417265014,133.4295658176,130.8832231456,132.8832031615,4507733,125.40764903761001,117.185771663142,126.03725939078723,68.1259868876113,4.823907850676164,4.474347875187873,0.3495599754882912,138.72253429673563,112.0927637784844,21.234566410111803,0.025282325274288,0.008814161914218799,0.01847005159687032,0.010160943410854273,0
2023-06-09,134.4344828459,134.61985589,132.5124570733,132.8051513534,3676052,126.43026050033,117.50937898372001,126.68182053008368,67.9101170054279,4.7648753648440305,4.532453373119105,0.23242199172492573,138.67618478815024,114.18433621250975,19.3718248137095,0.025301008759370608,-0.0005873715130508828,0.01627594445224978,0.011067369828009266,1
2023-06-12,134.3857004659,136.8150629907,133.4978611497,136.6004205186,5933753,127.61198309975998,117.86490803890402,127.62644910041858,72.47699486233043,4.9670807824007,4.619378854975424,0.34770192742527595,138.96124685394233,116.26271934557765,17.787144245396004,0.025670807150627743,0.028577725536418797,0.0370342937558501,0.04696029312785788,1
2023-06-13,138.0541354431,139.0590524714,136.0101537204,138.3370732472,6859549,128.6362928528,118.241157658808,128.6465085429692,74.28069980240734,5.20743532114507,4.736990148209354,0.4704451729357162,139.97466239120916,117.29792331439084,17.628570113387497,0.024459839310574667,0.012713377616312194,0.04104258443463027,0.058608332089062465,0
2023-06-14,135.0393843581,137.917544779,134.8637677901,137.732171735,6474558,129.63960188117,118.61523476211201,129.5118097993531,72.49850543107199,5.288149037750571,4.847221926117598,0.4409271116329734,140.45669975809432,118.82250400424569,16.687952940243463,0.02452746572049383,-0.0043726637986556405,0.03709961798461414,0.045626249907602334,0
2023-06-15,135.3125656862,137.9858401111,134.57107351,136.6979852787,5524417,130.35863317878,119.011444077502,130.1962074640528,69.4313651165097,5.208623268916114,4.919502194677301,0.28912107423881217,141.04426327169503,119.67300308586496,16.394203946984096,0.023601236220393326,-0.00750867748088524,0.0007142346980308911,0.02870778267260521,0
2023-06-16,137.4589904069,137.5175292629,134.7662030301,135.5467211103,8847359,130.814779368065,119.439121125612,130.70578019226681,66.07989933981027,4.9951204876615805,4.934625853274158,0.06049463438742286,141.5682475405098,120.06131119562019,16.44075420895443,0.022859783352365628,-0.008421954179154811,-0.020170674942022293,0.020643549809333805,0
2023-06-20,135.7223376784,136.9028712747,133.9271460938,135.1467055942,3840324,131.39542858313501,119.914653204892,131.1287254686414,64.90753994819794,4.739011709181682,4.895503024455662,-0.1564913152739802,141.7606984454491,121.03015872082094,15.777215347725562,0.022060347678565618,-0.0029511264663827363,-0.01877169370257592,-0.010642096992681371,0
2023-06-21,135.1564620702,135.7711200584,132.5612394534,133.3417575336,4715288,131.905292186635,120.31418965046599,131.3394904272089,59.755908313266765,4.340366391188809,4.784475697802292,-0.44410930661348313,141.57695194834207,122.23363242492792,14.66455151476786,0.022368021848507422,-0.01335547213425714,-0.024552137606544178,-0.036109739756266745,1
2023-06-22,131.7124260411,136.2004050025,131.7124260411,135.5369646343,3763902,132.62514437119,120.75996565303001,131.73924987550328,63.54553044815903,4.153690809441798,4.658318720130193,-0.5046279106883951,141.04698616663,124.20330257575,12.700218854230283,0.02198388571150647,0.016463013097355095,-7.197869428410275e-05,-0.01593823050233778,0
2023-06-23,133.2246798216,133.4588352456,131.5587615441,132.7563689734,6956859,133.32468370060502,121.212796710876,131.83611836101724,56.31212631052203,3.7382856051016518,4.474312097124486,-0.7360264920228339,138.85242740159347,127.79693999961657,8.292153482098781,0.022040552562490257,-0.020515404549618643,-0.01768697661027263,-0.028834487189140723,1
2023-06-26,133.1466280135,137.4394774549,133.1466280135,136.3955345226,7256061,133.77982330615,121.73237792435398,132.27034847164418,62.352244844189485,3.6605279463086333,4.3115552669613155,-0.6510273206526822,138.71302753801646,128.84661907428355,7.375109504483357,0.016612483732694434,0.027412361285123588,0.02290188044229513,0.0062621464049232856,1
2023-06-27,136.7370111827,143.1177464887,136.5516381386,142.9811558246,7343867,134.29155047251,122.39476478500399,133.29042536240186,70.3430517651949,4.083239993324838,4.26589221223402,-0.18265221890918149,140.6167733405278,127.96632760449222,9.420135288872975,0.017318337463947703,0.04828326180215803,0.054923697091679546,0.05796996823529099,0
2023-06-28,139.3224773235,142.3621074222,138.5907416232,140.5225238718,6645180,134.65546702742,123.02958159511999,133.97919664901121,64.8122264291209,4.171761811779987,4.247066132143213,-0.07530432036322576,141.5128949391799,127.7980391156601,10.185145933010665,0.017947308281785385,-0.017195496417836353,0.058499301829775696,0.05385234506445258,1
2023-06-29,141.166451288,141.7079357062,140.0151871197,140.7176533919,3916548,135.188658440985,123.678421127196,134.62095443404823,65.04711715900089,4.209140955343628,4.2394810967832965,-0.030340141439668677,142.18881160265246,128.18850527931752,10.35612490336725,0.01681787541485044,0.0013885995975850829,0.03168812589376846,0.038223437949774786,1
2023-06-30,141.7615963242,142.0055082243,139.9468917877,141.020104148,6142766,135.662335350935,124.35140914045199,135.2303972639484,65.43229475678513,4.21458631668105,4.234502140762848,-0.019915824081797595,142.8909485851219,128.4337221167481,10.656772516097003,0.01673105780056408,0.0021493447965457158,-0.013715455475864835,0.06224737267600178,1
2023-07-03,140.5127673958,142.3557657128,139.8891334497,141.9274564163,2533617,136.19113635029998,124.96372394366,135.8682124213152,66.62069107610918,4.243204529255024,4.236242618461283,0.0069619107937413105,143.62537510026306,128.7568976003369,10.917360628875752,0.01669773131194797,0.006434205064461906,0.009997917101046028,0.040557939913959506,0
2023-07-05,140.7371663439,141.3908502361,138.6980628593,138.7956276193,5198675,136.60725005183002,125.53150163698601,136.14701386874233,59.07188383007434,3.9674381019753184,4.182481715164091,-0.2150436131887723,143.63529176722543,129.57920833643462,10.289412476612918,0.017548789156113246,-0.022066405444579718,-0.013658739513280116,-0.02927328556802633,0
2023-07-06,137.2345914588,137.888275351,135.3784218992,136.9614101307,5793780,136.921408579125,126.059675711822,136.2245754175002,55.13177110277609,3.5598494706630106,4.057955266263875,-0.4981057956008641,143.40161234759648,130.44120481065352,9.465581512370527,0.01793016676513383,-0.013215239702154435,-0.02878096028804822,-0.025341942650765614,0
2023-07-07,136.2199179545,138.6590369553,136.0150319584,136.1711355745,3459428,137.14385623199502,126.63042966991401,136.21948590864304,53.476745752507824,3.1369037183349917,3.8737449566780984,-0.7368412383431067,143.18548685917906,131.10222560481097,8.81064714552567,0.017972461547076046,-0.005770052713723106,-0.040558190692262075,-0.03230950565056612,1
2023-07-10,136.3760215706,138.4248815312,136.2979697625,137.1370266988,6364392,137.35654740886,127.22633998793,136.30687074580084,55.245134807854875,2.846838916958518,3.6683637487341825,-0.8215248317756645,143.07404046959428,131.6390543481257,8.325038985896184,0.017941274394055445,0.007093214874245968,-0.011949950794194586,-0.02753563027527417,0
2023-07-11,136.7662806107,137.0199489868,130.7465349168,134.2100838979,7709970,137.42679403608503,127.737048795628,136.10717676028648,49.14851794813047,2.3536492460993372,3.4054208482072132,-1.051771602107876,142.9501077026649,131.90348036950516,8.038190376659118,0.01866782536411026,-0.021343198633936966,-0.0200883316707563,-0.05437547260597331,1
2023-07-12,135.8199024384,136.2979697625,134.493021702,135.5076952063,5590112,137.37215777047,128.24743641102202,136.05008327895445,51.693671367398714,2.0439380214968708,3.133124282865145,-1.0891862613682743,142.94845248999147,131.79586305094855,8.118522428451154,0.017631126351030642,0.00966850828725474,-0.004872107186306152,-0.023689020103849434,1
2023-07-13,136.7077417547,140.1615342597,136.6101769946,139.1761301834,5410840,137.41411061728,128.832749669276,136.3478020317588,58.08129215704349,2.0706327237963933,2.9206259710513947,-0.8499932472550014,143.03128727031634,131.79693396424364,8.175545623085357,0.01845985099128051,0.02707178342539951,0.014869095048112513,0.016170394643181263,1
2023-07-14,141.049373576,141.8493070435,138.9127053313,139.2639384675,6058757,137.490698953905,129.43519390846402,136.62552931135318,58.22369036234907,2.0749550719216927,2.7514917912254546,-0.6765367193037619,143.1646173969528,131.8167805108572,8.253530582385109,0.018424746429123617,0.000630914827020046,0.03765629543488469,0.022712617324894824,1
2023-07-17,139.4980938915,142.9323734446,138.3760991512,141.9567258443,6306971,137.75363598218502,130.069502070838,137.13326231449096,62.437739581790275,2.2695045647911343,2.6550943459385907,-0.38558978114745646,143.73529187482626,131.77198008954377,8.684570610411793,0.018768897351725582,0.019335855401134028,0.04759161926694877,0.03514513375068051,0
2023-07-18,140.2981249238,141.6152491842,138.4541509592,140.99083472,6493646,138.02584166267,130.700840315554,137.50065016263468,60.09606593171171,2.3190149374393627,2.587878464238745,-0.2688635267993824,144.0760995060424,131.97558381929758,8.766847961933117,0.018724801756226445,-0.006804123711330101,0.01303890641454597,0.050523407967306255,0
2023-07-19,140.5420368239,141.127425384,137.741928211,138.3273167712,5379354,138.18487222152,131.208651134122,137.57938031583137,54.07357173851487,2.118903228499505,2.494083417090897,-0.3751801885913921,144.089510198971,132.28023424406902,8.545997666062087,0.019283625799247108,-0.01889142619865758,-0.006725514922289566,0.02080783353747795,0
2023-07-20,134.463752274,134.8198636481,130.2684675926,130.7758043448,9883246,138.05657456208002,131.571464859516,136.93142069954266,41.40458726178421,1.3355736535375229,2.2623814643802227,-0.9268078108426998,144.4664586383629,131.64669048579714,9.285880222097703,0.022818008068095877,-0.05459162082129132,-0.07876288659801411,-0.06035751840154224,1
2023-07-21,131.9270685132,133.9564155218,131.8977990852,133.0783326815,15686058,137.93364296444003,132.017501173332,136.56445993591953,45.59047348095805,0.8903111626511873,1.9879674040344157,-1.0976562413832285,144.62042520758735,131.2468607212927,9.695650893337467,0.022864729745962844,0.017606684571629172,-0.05612068368992773,-0.04441642146608926,1
2023-07-24,134.2491098019,135.6917999085,133.5173741017,134.9808455021,5277025,138.044866790875,132.471032730968,136.413639513651,48.84240374133307,0.6830801920883971,1.726989961645212,-1.043909769556815,144.4516244095198,131.6381091722302,9.282138144767728,0.022597614179551636,0.01429618768333496,-0.024192410777657325,-0.04914089347095274,1
2023-07-25,135.3125656862,137.956570683,135.1271926422,136.6492028986,5038481,138.057550209675,132.95695834696002,136.43607412174137,51.575635087056504,0.6460236947347653,1.5107967082631228,-0.8647730135283576,144.45218982902952,131.66291059032045,9.263730393075457,0.021914602281681923,0.012359956631580404,0.044911966576893336,-0.03079371669812614,0
2023-07-26,134.2783792299,136.8736018467,133.4783481977,135.6345293943,4050407,137.69021888816,133.410329564246,136.3597365286517,49.83184136327523,0.5286861173228203,1.3143745900750625,-0.7856884727522422,143.74641523458394,131.63402254173604,8.796843225796803,0.01881952806621205,-0.007425389118829728,0.019208211143716403,-0.019466779517989252,1
2023-07-27,140.7176533919,146.7617902758,140.6981404399,142.5811403085,8928873,137.79314970999502,133.904934806688,136.95225117435155,59.84223946397235,0.9848756539041119,1.2484748028408723,-0.2635991489367604,144.10305995769443,131.48323946229561,9.158525312730708,0.021956557307727262,0.05121565242435944,0.056306469100326995,0.09027156072827025,1
2023-07-28,145.9373680535,149.5472641747,145.0787981653,148.2301399143,7803416,138.168774036115,134.516217781622,138.0263358162514,65.81578352723383,1.78169790150136,1.35511942257297,0.4265784789283902,145.8711244140442,130.4664236581858,11.149191170960151,0.023598874044545706,0.03961954290432357,0.08474939311789154,0.11385630498590049,0
2023-07-31,148.2301399143,148.9618756145,146.8544767978,147.8984197302,4184927,138.512689815225,135.02783898969602,138.9665342842465,65.20242924863837,2.359222577650769,1.5559400535885297,0.8032825240622392,147.2396751754167,129.7857044550333,12.600990381218399,0.023626287399442687,-0.0022378727045105906,0.09041864479986472,0.09569931333626913,1
2023-08-01,147.2447358379,149.1374921825,146.6203213738,148.9130932345,3089314,138.861971656135,135.477624907894,139.91382561284206,66.23885365941763,2.865756064120518,1.8179032556949275,1.0478528084255905,148.60742363786537,129.11651967440466,14.036171120863953,0.023630074682880853,0.0068606108581212855,0.04440947037104381,0.08974725117862814,0
2023-08-02,146.9520415579,146.9520415579,143.3031195327,143.7421609529,5471076,139.109298322815,135.881793701096,140.27842897856186,56.932562202108485,2.8174585730604065,2.0178143191680236,0.7996442538923829,149.08384200241335,129.13475464321664,14.34058513680599,0.0244816716111277,-0.0347244971498718,-0.03027710129663741,0.05977557186069116,1
2023-08-03,142.4543061205,145.0787981653,141.8211108279,144.210471801,4339024,139.47175140633001,136.303113427844,140.6529092473655,57.51473541707979,2.784868998738517,2.1712252550821223,0.6136437436563948,149.63284101812656,129.31066179453347,14.5708209860988,0.02421717395321681,0.003257992261946452,-0.02493568177352834,0.011427398385050358,0
2023-08-04,143.9275339969,145.4397877774,141.5371973762,142.1128294603,3984509,139.76883610062,136.722571598186,140.79194926764498,53.99402127782728,2.56026616548192,2.249033437162082,0.31123272831983817,149.87383241532498,129.66383978591503,14.459584263018918,0.024460079162581916,-0.014545700561846897,-0.04566598964868274,-0.041269005463644315,1
2023-08-07,143.4689796248,147.0203368899,143.4494666728,146.7178861338,3896077,140.24787907237,137.28161767315999,141.3563242072788,59.81041014324336,2.7224734106400774,2.343721431857681,0.3787519787823963,150.71045987121192,129.7852982735281,14.920126946722759,0.025352942653377123,0.032404229026953946,0.02070182583295832,-0.007982056864120457,0
2023-08-08,144.5421919851,144.6982956012,142.3469848844,144.4056013211,3443698,140.75765494352999,137.623874851348,141.64673155145223,55.98315379932506,2.6340777525783494,2.4017926960018148,0.23228505657653464,150.98469987169835,130.53061001536162,14.531422724073254,0.025092217467652885,-0.015760074477840447,0.00135308842459958,-0.030269278647659603,0
2023-08-09,144.3763318931,145.2836841613,141.2747481717,141.6250056602,4796617,141.06352046622501,137.801442714604,141.644662418952,51.69891748580666,2.3129900161610237,2.384032160033657,-0.07104214387263319,151.00616986643595,131.12087106601408,14.096698235447084,0.025575208497180993,-0.01925545571267051,-0.0034326513795593927,-0.014728840019274103,0
2023-08-10,143.1957982967,144.3763318931,139.6151716036,141.08839948,4018267,141.159133931055,137.95832684873199,141.59168499619466,50.889547382295675,1.9922604987108343,2.3056778277690926,-0.31341732905825825,151.06405113081053,131.2542167312995,14.033689388592139,0.024939083182275293,-0.0037889225684303307,-0.03836946402476227,-0.021649414789435384,0
2023-08-11,138.7566017153,139.0005136154,135.1564620702,135.4491563503,5193238,140.96839482519502,138.06623347332598,141.0066822680142,43.23003491530209,1.268418712599015,2.098226004735077,-0.8298072921360622,151.15486991393522,130.78191973645482,14.452140284879778,0.02656805874929585,-0.03996957333476159,-0.06202283629486405,-0.04689001784924374,1
2023-08-14,134.8344983621,138.4834203872,134.3174051339,138.4346380072,4850395,140.79229043333999,138.20399491448998,140.76172567174618,47.716606283384095,0.9250093689011862,1.863582677568299,-0.9385733086671129,151.0260018220828,130.55857904459717,14.53731785631843,0.02668396383046735,0.022041345530266154,-0.022526866905514087,-0.05645697566175445,0
2023-08-15,137.829736495,138.3956121032,136.3321174285,136.6687158506,3384887,140.57618448987,138.310340502922,140.3719152125894,45.429553170832314,0.5045437638376029,1.59177489482216,-1.087231130984557,150.96535823824877,130.18701074149124,14.78084468728402,0.026786082262427364,-0.012756360561351321,-0.031325634465266705,-0.05357746098294536,0
2023-08-16,137.1077572708,137.819980019,134.8052289341,134.8832807421,4613017,140.403982688415,138.39853904599,139.84918812016184,43.1763032922981,0.026941486100184875,1.278808213077765,-1.25186672697758,151.04760362986931,129.76036174696068,15.161423113010514,0.026614820624783476,-0.013063963449043814,-0.0041777713752348955,-0.04760264535681913,0
2023-08-17,135.8003894864,136.3857780466,133.2441927736,134.2393533259,7065730,140.57716013747,138.46976132081198,139.31491813975595,42.360271359545074,-0.39892278733509556,0.943262012995193,-1.3421848003302885,150.68789069574643,130.46642957919357,14.384599245551946,0.023473422958743682,-0.004773960216990947,-0.030305165973575132,-0.048544360694026345,1
2023-08-18,133.9856849498,140.1517777837,132.2295192693,139.1858866594,11541812,140.88253783636497,138.619035403658,139.3026294273411,50.15392919743147,-0.3334357523133633,0.6879224599334817,-1.021358212246845,150.42164135825894,131.343434314471,13.54192459674971,0.024535686813796177,0.03684860818340696,0.018418046830495305,0.027587697183111493,1
2023-08-21,139.7907881716,145.5861349174,139.6737104596,145.1470934973,8121877,141.390850236125,138.864313210374,139.85924505305147,57.59527654772112,0.19720945880180807,0.589779859707147,-0.3925704009053389,150.6984956168746,132.0832048553754,13.165838334242524,0.026039302437699884,0.042829104164042064,0.07609403254970237,0.048488265557864896,0
2023-08-22,147.0886322219,147.469134786,143.3616583887,144.249497705,4867297,141.770864976445,139.093200137406,140.27736435323703,56.23398603941175,0.5391066469416614,0.5796452171540499,-0.04053857021238849,150.89184885418086,132.64988109870916,12.867219056963911,0.02605448588241692,-0.006184042481819918,0.074569372774002,0.05546830382665613,1
2023-08-23,143.7400725396,145.2669380404,142.8014257153,144.7080520772,5300356,142.22454111059,139.255352768578,140.69933461266208,56.79578991607532,0.8374109847544275,0.6311983706741255,0.206212614080302,150.97460108162878,133.47448113955122,12.304571212129934,0.025938167544504814,0.003178897531676439,0.03967475115715713,0.0728390596747508,0
2023-08-24,146.2137980244,146.614678439,138.6655131458,139.3499431219,6771049,142.06298125126,139.275610166072,140.5708211373514,48.89739498888475,0.634154569401403,0.631789610419581,0.002364958981821985,150.89963068789118,133.22633181462882,12.440467402274514,0.02488906970427369,-0.03702702702708971,-0.03993983093783304,0.03807072717039062,1
2023-08-25,140.3961432281,141.7355726912,137.8246420324,141.1490162017,4720643,141.70892506563,139.34394705540598,140.62588733395603,51.34409220943948,0.6111970586740938,0.6276711000704837,-0.01647404139638986,150.08420102304922,133.3336491082108,11.82039303952146,0.02326689769137775,0.012910468705582545,-0.021493880759576145,0.014104372141580113,1
2023-08-28,142.0729966694,143.9160688192,140.8410227125,142.1854387369,3565772,141.42327601596497,139.45369612457,140.7744160389983,52.74765950355122,0.668922777480077,0.6359214355524023,0.03300134192767468,149.31012012878088,133.53643190314907,11.153530500772133,0.02336423465272839,0.0073427542259236755,-0.017432432432676226,-0.020404506139525824,1
2023-08-29,140.6601376474,147.1719999909,140.6601376474,146.6440111522,5017209,141.30982191185,139.675641925408,141.33342509739848,58.31809195116526,1.0621960230359946,0.7211763530491208,0.34101966998687383,148.81865440459,133.80098941911,10.627474284730267,0.024453820991799602,0.03135744739340107,0.05234353073197395,0.01659980440345743,1
2023-08-30,145.8715830364,148.198644955,144.8840483567,147.5924355476,4000010,141.502335641585,139.924556524476,141.92952133075102,59.41414570555019,1.4338690757622885,0.8637148975917543,0.5701541781705342,149.43614377113926,133.56852751203076,11.213677984298439,0.02311625719923199,0.006467529004069883,0.04564976447793612,0.019932432432033576,1
2023-08-31,146.0866896003,149.9781628927,146.0866896003,149.3621759142,6593824,141.759920847245,140.244964892088,142.6373931958414,61.45112892267406,1.849901393316344,1.0609521967366724,0.7889491965796716,150.3371306741351,133.18271102035493,12.101036422181064,0.023231892577321712,0.011990725405634173,0.05047448769054208,0.07184956497285078,1
2023-09-01,151.0634732832,151.1025835676,149.107959066,150.5648171578,3693087,142.18252023212,140.545521942558,143.39238595412317,62.81687470776021,2.250708335125182,1.2989034244143745,0.9518049107108078,151.58116366424383,132.78387679999616,13.220532899234144,0.022931789053624443,0.008051846032899546,0.026736898253080676,0.06670822942644516,0
2023-09-05,150.5452620157,151.376355558,148.928736188,150.1932694566,4266753,142.35628939826,140.894259952222,144.04008914483524,62.08504776740185,2.5094426371859413,1.541011266968688,0.9684313702172533,152.2018075322577,132.5107712642623,13.83222079700827,0.021891926607509323,-0.0024676927067934784,0.017621729049665413,0.05631962591132611,0
2023-09-06,149.8412768975,151.8065686858,148.1790898128,149.7728338999,3109708,142.6246510272,141.161805939768,144.5860648357938,61.2159547962117,2.6500180415459624,1.7628126218841431,0.8872054196618193,152.95941014722166,132.28989190717834,14.492248072951586,0.02154637123076929,-0.0027992969207017993,0.002749410841041078,0.021336178157679075,0
2023-09-07,145.9009157497,146.164910169,141.9018891754,144.9329362121,6720529,142.790047554795,141.20084154751802,144.6191002049658,52.16348217917755,2.343867126373368,1.8790235227819883,0.4648436035913799,153.16133483991644,132.41876026967356,14.526624877187619,0.02240663195641928,-0.03231492361982502,-0.03740502630038389,-0.01801921165968068,0
2023-09-08,144.4342800867,145.1969306315,142.9285341394,144.2485062361,4473352,142.9480528926,141.275361194804,144.5838055412643,51.01460230424335,2.0226961591199313,1.907758050049577,0.11493810907035429,153.30710865624692,132.58899712895308,14.493454865635568,0.022418964344126057,-0.004722390878760474,-0.03958075646137926,-0.034236711180730905,0
2023-09-11,146.6635662944,146.6635662944,140.836133927,143.446745407,4145125,143.347932345435,141.329943035106,144.4755140999058,49.63548622130488,1.6840576866242998,1.8630179773645217,-0.1789602907402219,153.11898505133667,133.57687963953333,13.632638498552899,0.02030168038069769,-0.005558191554425607,-0.04223789006441592,-0.04727579712955032,0
2023-09-12,142.7818705732,143.1827509877,140.5232516522,140.7676909294,4470552,143.464584991545,141.324894770734,144.12238808366715,45.23498484903787,1.1858373559815618,1.7275818530879297,-0.5417444971063679,153.05220599596046,133.87696398712953,13.365836599995056,0.02034039223329286,-0.018676300183728456,-0.028739121634881015,-0.06275633096810396,1
2023-09-13,141.0023526354,143.8378482505,140.6014722209,141.3641227656,4625233,143.699355337295,141.31362809772,143.85969614861312,46.37482142075312,0.8295585840810702,1.5479771992865579,-0.7184186152054877,152.82884759588688,134.56986307870312,12.706378866019113,0.020087473793062013,0.004236993817701595,-0.01999593303086944,-0.05614309962192432,0
2023-09-14,143.1534182744,143.446745407,140.7383582161,141.3543451946,5629810,144.02290855992,141.36480244922598,143.62109129584996,46.35778740991713,0.5401891578788707,1.3464195910050205,-0.8062304331261498,152.29841835741678,135.74739876242324,11.491935387562018,0.019786525030527437,-6.916585912120077e-05,-0.014586599413345058,-0.024691358024120702,0
2023-09-15,137.7170887505,138.0774900207,133.6691743207,135.174920268,13654571,144.069686907025,141.329072651972,142.81669405510235,37.086290971888644,-0.18562636001831834,1.0400104008003528,-1.2256367608186711,152.13126853303362,136.00810528101636,11.191225300865899,0.022299652055963657,-0.04371584699496078,-0.039730499409875164,-0.06290246051663606,1
2023-09-18,134.8131501378,137.8441971746,134.4611575787,137.1499896274,5607696,143.967892055425,141.34864973303,142.27700791913068,41.13837426308182,-0.5946144509540829,0.7130854304494657,-1.3076998814035488,152.31976553759299,135.61601857325704,11.602411291751991,0.020907225899829802,0.014611211573006377,-0.029810485544395027,-0.04389612160062806,0
2023-09-19,136.6024456466,136.9348830636,133.6300640364,134.6469314294,6366027,143.44288395203,141.298847827642,141.55033396772774,37.814358386206834,-1.1079446411179674,0.3488794161359791,-1.4568240572539466,152.70297114481045,134.18279675924956,12.911183793372691,0.01857113740143157,-0.018250516859681376,-0.047451061769385405,-0.04348128082224334,0
2023-09-20,135.6735763934,136.5535577912,133.8451706003,133.923391169,5808017,142.92657862523,141.29311397306398,140.823958463087,36.88654552731349,-1.5552185756529866,-0.03194018222181405,-1.5232783934311724,153.05954233166378,132.79361491879624,14.179257355629524,0.018566044200886707,-0.005373611212071139,-0.009258589511417337,-0.05263521925529635,0
2023-09-21,132.0167648071,134.4562687932,131.9336554529,132.1829835156,5241664,142.30032519715002,141.22661973925,140.00100846808823,34.68218288997734,-2.0267595214926644,-0.43090405007598415,-1.5958554714166802,153.4160086082181,131.18464178608193,15.622850328230614,0.018610129209108053,-0.012995546470323194,-0.03621586939447852,-0.06488206405239227,1
2023-09-22,133.9429463111,135.2335856945,132.7305274964,133.1411854821,5301431,141.98988731516,141.105920845224,139.34769199323222,36.91737855111335,-2.2966656951620052,-0.8040563790931885,-1.4926093160688167,153.7461600308963,130.23361459942367,16.55930987485349,0.01708976226601218,0.007249056883232852,-0.01118292063038595,-0.015045207956238205,1
2023-09-25,132.8674134917,133.9918341666,131.7209932818,133.5518434677,5161338,141.61002867846,140.991678945228,138.795706419372,37.89821337343254,-2.449198776021319,-1.1330848584788147,-1.3161139175425045,153.92796201890738,129.29209533801262,17.396978809200732,0.01677272645231868,0.003084379819159766,-0.002774330145442261,-0.02623511798633904,0
2023-09-26,132.5936415012,133.0042994869,130.5696842864,131.097673125,5343026,141.055640397865,140.77449789084199,138.06256039133658,34.45079128758651,-2.7365679262430547,-1.4537814720316629,-1.2827864542113918,154.19100490847003,127.92027588725998,18.624373294899936,0.01695303109301318,-0.01837616223765226,-0.008210666469575578,-0.026359741486281174,1
2023-09-27,132.2123162289,133.0434097712,130.1428933085,132.0558750915,6296183,140.32623359483,140.595798698272,137.49049512468548,36.86557902807932,-2.854090973376941,-1.7338433723007185,-1.1202476010762226,153.7561569477593,126.89631024190071,19.141001662890915,0.015067722579729409,0.00730906921274177,-0.008151575236994613,-0.013944659414600324,1
2023-09-28,131.6843273902,136.6904437864,131.2933223225,135.1455875548,5341699,139.70389119519,140.53216411394402,137.2671705942202,44.02607289500212,-2.667169392453644,-1.9205085763313037,-0.7466608161223405,152.88045681490766,126.52732557547237,18.8635627926895,0.016186690756857452,0.02339700873709072,0.01193352368427214,0.022412900362854593,1
2023-09-29,137.101101772,138.4112962976,135.003128344,135.3704716897,4448208,139.004305983965,140.62405746084198,137.08653260331351,44.519296858100546,-2.472386292451006,-2.0308841195552443,-0.44150217289576155,151.52482577505538,126.48378619287462,18.014578329011908,0.015800816885779785,0.0016640138902708212,0.03259248210016619,0.01674377616158229,1
2023-10-02,135.7713521043,138.2646327313,134.2069407305,136.4068942249,4896911,138.29640983732,140.69062869171,137.02180513870272,46.844030225595354,-2.208925527048933,-2.0664924010539822,-0.14243312599495095,149.67090647983122,126.92191319480877,16.44944602089267,0.015784137089673106,0.00765619357207914,0.03294831926550179,0.02137784610880722,0
2023-10-03,135.5953558247,136.8908839937,132.4176452217,133.6789518918,6172973,137.47069395908,140.664590819504,136.70343816280723,41.87093399888597,-2.1949510903909015,-2.092184138921366,-0.10276695146953552,147.60030781350437,127.34108010465562,14.737124783031346,0.016130446897661677,-0.019998566411183694,-0.010852264506270082,0.019689737470311774,1
2023-10-04,134.5100454341,136.5046699358,133.923391169,136.2015652321,5543665,136.79213052569,140.655638066174,136.6556407408351,47.42894600370246,-1.957754657425312,-2.065298242622155,0.10754358519684315,145.20764546107188,128.37661559030812,12.304092206241963,0.01703662553232122,0.018870684611155486,0.006139400506079751,0.031393454760929584,0
2023-10-05,136.3482287984,137.0326587744,134.715374427,136.1820100899,4310399,136.35458421957998,140.666587680086,136.61053305979368,47.39111759611382,-1.7511663562468698,-2.0024718653470983,0.25130550910022853,143.89613647970057,128.81303195945938,11.061677615438263,0.015752343874173156,-0.00014357501814810103,-0.0016486273386535633,0.007668933583789839,1
2023-10-06,134.9793688463,138.0201934541,132.1438732313,137.1695447696,5234440,136.000636146255,140.558355769308,136.66377227025143,49.57821856307042,-1.490575418125303,-1.9000925759027394,0.40951715777743636,142.63719585115678,129.36407644135323,9.75960097387312,0.015909798203809864,0.007251579551866616,0.02611176126384729,0.013289996388753833,0
2023-10-09,136.3677839405,137.7953093191,134.6958192848,137.0326587744,3271653,135.679931814625,140.33440614651002,136.6989043182656,49.27244130449865,-1.2803417947910418,-1.7761424196804,0.4958006248893583,141.40327219938555,129.95659142986446,8.436531929541587,0.01589469451294997,-0.0009979328533161747,0.0061019382624842855,0.004587484767949457,1
2023-10-10,137.9028626011,139.5552721147,137.2330989817,138.2548551602,3343103,135.554290026165,140.14153485511,136.84709011273554,52.11235045423271,-1.0035409047668509,-1.6216221166976903,0.6180812119308394,140.9248085494478,130.18377150288222,7.923789829515765,0.015580438604171284,0.00891901534080386,0.015221137277468877,0.03423054417799243,1
2023-10-11,139.6432702545,139.7606011075,137.6779784661,139.0175057049,5137123,135.43695917313,139.943623104518,137.05379635960833,53.84860960403791,-0.7143995269112224,-1.4401775987403969,0.7257780718291744,140.3801711216583,130.4937472246017,7.2996499311674,0.01560474178950728,0.005516265912081542,0.013472093520496609,0.02067480258396004,1
2023-10-12,139.819266534,145.0991549206,139.594382399,141.7747807513,8109885,135.457980950965,139.904275500486,137.5034139207218,59.55769011760386,-0.2597693892555526,-1.2040959568434282,0.9443265675878756,140.50417572657813,130.4117861753519,7.450568420091555,0.016268913479752862,0.019834013223147595,0.03460577952228938,0.041068351522407065,0
2023-10-13,143.779182824,143.8329594649,137.5899803263,138.000638312,6601398,135.599266853165,139.780078830706,137.55076862465307,50.37232803027958,-0.20168854278281856,-1.0036144740313064,0.8019259312484879,140.7627183644954,130.4358153418346,7.615751369690961,0.014146649784694862,-0.02662068965509856,-0.0018387553037861881,0.006058878038823767,0
2023-10-16,138.6068477193,139.4819403315,136.6270851258,137.8637523167,6097400,135.63495498763,139.695097287834,137.5805765953242,50.070702889343806,-0.1648048416924155,-0.8358525475635282,0.6710477058711127,140.85039050122808,130.41951947403194,7.690400330908381,0.013789817174331729,-0.0009919229140848973,-0.008299338866352257,0.006064930431425308,1
2023-10-17,136.0353465236,139.6139375412,133.7669500316,139.5454945436,5915937,135.87988314334,139.55164945603002,137.76771163801712,53.735957803545645,0.0001268378512406798,-0.6686566704805744,0.6687835083318151,141.3410216880118,130.4187445986682,8.038185518471236,0.013300308621197517,0.012198581560704413,-0.015724137931206528,0.009335219236275671,0
2023-10-18,136.7882194973,139.3108328375,135.0282567017,138.3037430156,5357936,136.09890073567001,139.42961228992002,137.81876224540596,50.772251830851474,0.030288267307383876,-0.5288676829229828,0.5591559502303667,141.57992313555482,130.6178783357852,8.054469757298035,0.013424162439780972,-0.008898542601187498,0.0021964007363117766,-0.0051343367562295406,0
2023-10-19,139.6628253966,139.8681543894,130.7979905712,131.4398881131,9400323,136.061745965545,139.225909938978,137.21125042328157,38.223105906727255,-0.4939701293843086,-0.521888172215248,0.02791804283093935,141.65732304291885,130.46616888817113,8.22505552558591,0.017434506216516543,-0.049628844113971504,-0.04659574468017602,-0.07289655172402887,0
2023-10-20,131.5278862528,133.1216303399,130.3936880068,131.1367834094,6149460,135.96152586191002,139.02687761756602,136.63272975529284,37.77903949919044,-0.9232638908551962,-0.6021633159432376,-0.32110057491195865,141.82799184072005,130.0950598831,8.629597147605319,0.01735222743782381,-0.002306032879754061,-0.060257847533535025,-0.049737848944450436,1
2023-10-23,130.2372468694,132.7843041374,128.9661626282,131.2443366913,3820145,135.84615052309,138.942781224386,136.11954946348402,38.05405079598138,-1.240503882159686,-0.7298314291865273,-0.5106724529731588,141.98221099308006,129.71009005309992,9.033837832522334,0.017334211398648082,0.0008201610494305012,-0.05104277129725787,-0.048014184397026316,1
2023-10-24,132.3198695108,132.5349760747,130.5441648258,131.8994339541,5238786,135.88623856454498,138.81207714332402,135.71763370068555,39.79939653011378,-1.422658465412411,-0.8683968364317041,-0.554261628980707,141.90707876357516,129.8653983655148,8.86158931563967,0.016863062519520078,0.004991432615800262,0.0034962433976248875,-0.0547926008969859,0
2023-10-25,130.1101384453,130.295912296,126.8639848447,127.2159774038,7118080,135.64424368016,138.623022374388,134.90795214860123,32.70483025291222,-1.9227686076951613,-1.0792711906843955,-0.8434974170107659,142.58085808907455,128.70762927124545,10.227657614827535,0.01857625679898245,-0.03550778354310313,-0.029898598270170496,-0.08016967126153163,1
2023-10-26,128.1937345124,131.4203329709,127.6070802472,127.9297400931,5462708,135.283451307075,138.48395156140802,134.24336052426779,34.617683689992376,-2.2357425660899253,-1.3105654657655015,-0.9251771003244238,142.99376365124994,127.57313896290009,11.398751687186873,0.0177174927041087,0.005610637153180997,-0.025255159054948573,-0.02670534850866313,1
2023-10-27,128.3501756498,130.1492487297,127.6559681027,128.379508363,4397310,134.93390314074,138.36675466215002,133.68489841367085,35.85499868435859,-2.419592585283681,-1.5323708896691375,-0.8872216956145433,143.20986543451548,126.65794084696452,12.266690729524674,0.017745698186001232,0.0035157444201223687,-0.02668643439610896,-0.021025946913704407,0
2023-10-30,129.0248280547,130.0025851634,126.9324278423,128.1155139437,4604623,134.51933412668,138.145347207836,133.1544808451022,35.431164467233344,-2.557120302313706,-1.7373207721980513,-0.8197995301156547,143.27537362636124,125.76329462699877,13.01826173393851,0.01758543949544651,-0.002056359481869663,0.007070939973559787,-0.02383967816424193,1
2023-10-31,128.8683869174,129.6017047488,126.335996006,129.4061533271,4108171,134.305694198445,137.830528404432,132.79749727195914,39.21422354572951,-2.5327719782077622,-1.8964110133999936,-0.6363609648077686,143.3374899646219,125.27389843226807,13.449609594112788,0.01733771450775561,0.010074028848427785,0.01154081320673006,-0.01890289103035625,1
2023-11-01,130.071028161,132.8087480651,129.8217000983,132.2807592265,5127781,134.109653898165,137.591153634862,132.74828412477257,46.704060660414655,-2.2555188664551338,-1.9682325840110217,-0.28728628244411203,143.1385416755973,125.08076612073268,13.464933380990344,0.017558926227938993,0.022213826974161632,0.03038842345827497,0.0398124663745949,1
2023-11-02,134.7447071402,136.6708886442,133.6300640364,135.4291371163,6088377,134.072010249485,137.40557533564402,133.003603457299,53.46685302068604,-1.7614411966198134,-1.9268743065327802,0.1654331099129669,143.0722558836789,125.0717646152911,13.42598744875383,0.018437003250800065,0.02380072436996783,0.057086163474424856,0.05862121675337084,1
2023-11-03,136.3873390827,138.6166252904,135.9815698826,136.641555931,5560310,134.045610807555,137.35140759182602,133.350075121461,55.79318481908942,-1.2575527327942098,-1.7930099917850661,0.5354572589908564,143.0123941067603,125.07882750834969,13.378704823209212,0.01847664136963959,0.00895242220777659,0.05591235360818647,0.06435643564421989,1
2023-11-06,137.2770980516,137.6584233239,136.1135670923,137.2379877672,4823202,134.05587725719502,137.27318702313602,133.7203525162933,56.9337986473985,-0.8008586305240613,-1.5945797195328653,0.793721089008804,143.0367761072101,125.07497840717994,13.398739441739856,0.01850072407222471,0.004364937387723922,0.03747505358819336,0.07120506754169398,1
2023-11-07,136.8859952081,138.7632888567,136.5828905044,138.5872925771,4886905,134.07249912804,137.20122409994002,134.18387061732253,59.48088291224459,-0.3262864159269725,-1.3409210588116869,1.0146346428847144,143.08559520442518,125.05940305165483,13.445107885663587,0.018524373289594356,0.009831860928978697,0.023319615911662428,0.0709482432940638,1
2023-11-08,139.2032795556,141.3103461247,138.460184153,141.0219077776,4305862,134.172719231675,137.08878203244802,134.83511225163468,63.65751577248122,0.24346210342321228,-1.024044426364707,1.2675065297879193,143.4443945232357,124.90104394011428,13.820507394728107,0.01889574057552094,0.01756737688735477,0.03205724508005425,0.06608027200791011,0
2023-11-09,141.6770050404,143.9356239613,139.7118110278,139.9854852425,4979876,134.083254456235,136.93664302634602,135.32562396505043,60.785053506090755,0.6043941929525829,-0.698356702501249,1.302750895453832,143.09054754559583,125.0759613668742,13.435373605584447,0.018433240055477137,-0.007349372529653397,0.020019948703712043,0.03364378023236769,1
2023-11-10,141.9605546019,147.631545832,141.4521209054,147.3284411283,6700875,134.54964459705002,136.895968330628,136.46874940916942,70.8284895420605,1.4660509241524835,-0.26547517717050256,1.7315261013229861,145.14582619632142,123.95346299777863,15.750590246454973,0.02085110649007147,0.052455123279957494,0.06307323267995191,0.0782110912341818,0
2023-11-13,145.6858091858,146.9080055716,144.2680613783,146.4093494462,4125187,134.976924453525,136.812858976396,137.41547322221996,68.46490415801688,2.0511131186954117,0.1978424820026803,1.8532706366927314,146.70222402360176,123.25162488344823,17.373783878316175,0.020943165305767335,-0.006238385983461381,0.03820287041568249,0.06682815617026971,1
2023-11-14,149.6261703336,151.4643536978,148.7559665069,150.6528152976,6504983,135.53229049122498,136.822049893216,138.67617246749427,72.95270621244708,2.824630767879796,0.7232001391781034,2.1014306287016926,148.99413540498793,122.07044557746204,19.865147803481605,0.021646377866185645,0.028983571523615748,0.07620311517741096,0.08706081557793355,1
2023-11-15,151.5230191243,153.2829819198,150.6332601554,151.9141219678,4383341,136.212809438835,136.864875654574,139.9369295627615,74.13113041465525,3.499090645998848,1.2783782405422524,2.2207124054565957,151.4281153843751,120.99750349329487,22.340492070053656,0.021445784330155433,0.008372274143755076,0.031125564109557136,0.07723774526847049,0
2023-11-16,151.943454681,154.2509614574,147.8368748248,151.3665779869,10513826,137.20914393252502,136.99354849007,141.02546750791754,72.65132579371405,3.9439592284306,1.811494438119922,2.132464790310678,153.6074972025475,120.81079066250255,23.902712020543834,0.01736508301084579,-0.003604299414744716,0.03385868839285844,0.08130194873192953,0
2023-11-17,138.8806197097,145.7346970412,138.7828439989,145.2849287712,18919639,137.916551200615,137.01427694077202,141.43113048537302,58.64766654026992,3.7624117789018214,2.201677906276302,1.5607338726255193,154.42634337024037,121.40675903098962,23.941712616653305,0.020279443337507648,-0.04017828305682092,-0.035630841121662926,-0.013870453942565253,1
2023-11-20,145.5684783327,149.5968376203,145.5000353351,149.1764020636,7093479,138.81315446923,137.128870073904,142.1687753975851,63.49622996676678,3.8877281790476275,2.5388879608305674,1.34884021821706,155.71909445488976,121.90721448357024,24.357835610467607,0.020799903765220146,0.026785113399673044,-0.018021497071748938,0.018899425671014214,0
2023-11-21,148.198644955,148.433306661,144.8693820001,145.9302484629,6517877,139.51469519467,137.232121224574,142.5270109276151,57.44548743048102,3.682653525213766,2.7676410737072072,0.9150124515065587,156.37923990692377,122.65015048241622,24.176011980274986,0.021749283335704573,-0.021760503375835683,-0.03591499257167907,-0.03134735202505856,1
2023-11-22,147.986782755,150.6908754808,146.0172837592,146.4680148727,5071873,140.477297068115,137.334199066716,142.9023446366708,58.15685545073483,3.5229136835306747,2.9186955956719007,0.604218087858774,156.60567261972128,124.34892151650874,22.96225210510122,0.01953240184901688,0.0036850921276729842,0.008143212868026994,-0.03584990667460386,1
2023-11-24,146.3210373357,147.6242381638,146.3192736052,147.3106860848,1992027,141.4463443677,137.45332588452,143.32218667934976,59.30485183540907,3.424835856584309,3.0199236478543825,0.4049122087299266,156.75056245098475,126.14212628441524,21.63960921252278,0.01953179729039544,0.005753278030240283,-0.01250677689628521,-0.0267951614949703,1
2023-11-27,146.4876118776,148.7020734351,145.7723211975,147.7712157008,3429723,142.41592973459,137.705251793176,143.74590372901167,59.9515271100911,3.345702191089714,3.085079356501449,0.26062283458826485,156.7096719614283,128.1221875077517,20.073235140867304,0.01953591919880664,0.0031262471735071795,0.012615391649717145,0.017113178570060228,0
2023-11-28,146.3504328431,146.9677384985,143.5529603888,145.0766275224,5799571,143.263985413525,137.863784551076,143.872639328382,54.49496024418116,3.030622317099528,3.0741879486210655,-0.04356563152153736,155.98993360193708,130.53803722511293,17.765732471673466,0.02026250800825086,-0.01823486506232641,-0.009499598608674331,-0.027482728397297707,1
2023-11-29,147.2127010602,149.7407146966,145.853648768,146.3504328431,4975739,144.111199389325,138.09785457935,144.10861966311705,56.51009029366214,2.850841959161926,3.0295187507292374,-0.17867679156731153,155.18260403060614,133.03979474804387,15.365085695208286,0.020252324516099766,0.008780224233592149,-0.006518557935078939,0.0028793508174340676,1
2023-11-30,147.3792756021,147.4478651194,144.082079522,146.7619699467,7555619,144.835259925335,138.354626154904,144.36131969012493,57.169996649010656,2.7103293455759285,2.9656808696985757,-0.25535152412264717,154.5250690107652,135.1454508399048,13.380455961380477,0.019915090314919257,0.002811997857506743,-0.006829785823400769,0.0020069574524888,1
2023-12-01,146.5464028924,148.9176404894,145.635142163,148.5354988932,4929366,145.49057801418,138.681676462456,144.75886056660826,59.98773649258484,2.7108322640475535,2.9147111485683714,-0.20387888452081793,154.27795289783822,136.70320313052176,12.079648048139289,0.019513456309810117,0.012084390439458748,0.023841685803358992,0.008314487162831785,0
2023-12-04,147.0167310108,147.6242381638,142.7200876792,145.2823960742,5859577,145.92262002134,138.924500674298,144.80872109114082,53.08855061843716,2.4208268355333473,2.8159342859613665,-0.3951074504280192,153.7212702725341,138.12396977014592,10.688747570532382,0.020369505635955326,-0.021901180816978116,-0.007297803963757565,-0.016842384457601445,0
2023-12-05,143.577456645,144.4985158769,142.2938528219,143.2051135513,5206319,146.22097631054498,139.11756607597002,144.65599656353695,49.19754994127115,2.0003176878844897,2.6528109663459913,-0.6524932784615016,153.0660680297427,139.37588459134727,9.362667234091044,0.020740660325475415,-0.014298239697527193,-0.024235545466524733,-0.012900175604171893,0
2023-12-06,145.6841346753,145.7233286852,141.7745321911,141.7843306936,4267921,146.38082821637,139.33129922734202,144.38250457592392,46.677633764490515,1.534724507341565,2.429193674545106,-0.8944691672035412,152.62864459608733,140.13301183665266,8.53638615909762,0.020834906535293768,-0.009921313718947888,-0.045451546935956655,-0.03119978575256599,1
2023-12-07,143.9987922511,145.5469556408,141.6569501615,145.3999781038,5753646,146.59973173268003,139.598181287588,144.47940681667401,53.2413212829049,1.440881501093486,2.231531239854782,-0.7906497387612963,152.36968340073628,140.82978006462378,7.871708358344851,0.02123175408236347,0.02550103662733738,0.000809334322514621,-0.009280277740852272,0
2023-12-08,144.4495233645,145.8115152074,143.0483375118,144.7434784385,4990196,146.83763139248,139.790139105262,144.50455649494316,51.98993644072475,1.298567132572117,2.0449384183982495,-0.7463712858261324,151.83817548197993,141.83708730298008,6.810984407851213,0.021177264168198387,-0.004515129052023226,0.010742387957039856,-0.02552938848259123,1
2023-12-11,146.2034553061,152.5234893971,146.1299665376,152.0139672689,6945752,147.07190769950998,140.123009016846,145.21973847341525,62.5015458670176,1.752250800314414,1.9864008947814826,-0.2341500944670687,152.55794556126756,141.5858698377524,7.460347727271452,0.020901675655674544,0.0502301651779713,0.07214927436097662,0.04633438996464512,1
2023-12-12,152.0139672689,154.9881067226,151.5240421455,154.0520557819,5705165,147.454043016295,140.475912247986,146.06091155041378,64.82641084010737,2.2503148567015216,2.0391836871654903,0.2111311695360314,153.71257308188652,141.1955129507035,8.488787336810956,0.02096688407958552,0.013407245068440377,0.0595053575037221,0.07574409852839747,0
2023-12-13,153.8658842351,155.1886820681,151.5093443918,153.8266902252,5561691,147.612736762675,140.878867014654,146.80050951944105,64.35130440925813,2.596913490581983,2.150729647848789,0.4461838427331939,154.33167726171624,140.8937962636338,9.103469858219118,0.020047468057084187,-0.0014629182035653665,0.0627538586518035,0.0849343469245829,1
2023-12-14,154.5909734176,159.7743812225,154.5272831516,158.4809788969,7401171,147.94107960913,141.32445528795,147.91293517443714,69.34765686723924,3.2101529582810997,2.3626143099352515,0.8475386483458482,155.98074874482452,139.9014104734355,10.86874471503904,0.02103077640426851,0.030256704248698307,0.04254221993009644,0.0899656311073278,1
2023-12-15,158.9415085128,160.8999352009,158.231117084,158.6867474487,8577337,148.30708808222,141.77455003512603,148.93901253389075,69.55084346538369,3.6704428763282237,2.624180023213846,1.0462628531143778,157.51835827901678,139.0958178854232,12.42188801076069,0.020986525959717926,0.0012983801162274045,0.030085230886899517,0.0963308962906011,0
2023-12-18,157.6481061872,158.0939380495,154.5517794077,157.1287855565,4772322,148.899280921485,142.173734850864,149.71899091699638,65.98440139036563,3.864958611302683,2.8723357408316135,0.9926228704710693,158.75739986417364,139.04116197879637,13.241325118133842,0.018705561121665902,-0.009817845013829318,0.021466335435455175,0.0336470284901671,1
2023-12-19,157.3443526108,159.4510306411,156.7956364726,159.0590905424,4435329,149.393415345425,142.61426348622402,150.60852421465387,68.16272522968653,4.12729631010032,3.123327854685355,1.0039684554149648,160.2024310662792,138.58439962457084,14.470538337799892,0.01804912655756284,0.01228485906680632,0.003647829850143003,0.03250222617988774,0
2023-12-20,157.5697181675,158.735739961,153.6699141857,153.7581007079,5488666,149.784807957675,142.924328397178,150.9084838806773,57.30891477245438,3.8629258444676964,3.271247452641824,0.5916783918258726,160.63070390210555,138.93891201324448,14.481970624811675,0.019053929682424312,-0.033327173042567604,-0.03105896881775405,-0.0004458882733521241,1
2023-12-21,157.7558897144,158.5593669166,156.3645023641,158.1380313106,4257488,150.36830877957,143.306738909292,151.5970122073366,62.607017075494866,3.9611722132676164,3.4092324047669824,0.551939808500634,161.683193259929,139.05342429921097,15.049560073121373,0.01990353141541164,0.02848585266424908,0.00642304814185124,-0.002163966860168731,1
2023-12-22,158.3437998624,159.7155902077,157.5991136749,158.7847324734,2770624,150.942011099,143.646937943734,152.28155699458074,63.330632245417966,4.044592997100352,3.5363045232336567,0.5082884738666955,162.73215527321136,139.15186692478866,15.622084386405078,0.019899413418225625,0.004089472705840036,-0.0017248814139728674,0.0006174745293816564,1
2023-12-26,159.029695035,161.6470710139,158.8337249857,160.9697985234,2520478,151.60194024013,144.106321147962,153.109008568754,65.74283901063973,4.238166196432559,3.6766768578734377,0.5614893385591211,164.0665296516502,139.1373508286098,16.443838900447975,0.020018152234027836,0.013761184818987804,0.04690288044855806,0.024444998752433333,0
2023-12-27,161.2245595876,161.6654921986,160.2349108384,160.9012090062,3317659,152.39316931432,144.567070281752,153.8511228961298,65.59696674551768,4.33605639172896,3.808552764644542,0.5275036270844176,165.10698676268282,139.6793518659572,16.68554766013142,0.019339357609180326,-0.0004261017770362807,0.017473201561317042,0.011581346639907508,0
2023-12-28,161.6752907011,161.6850892035,159.5686126707,159.8331722373,2909720,153.06730628403002,144.972823835626,154.42084188100316,63.243786061372546,4.2781377268013046,3.902469757075895,0.3756679697254097,165.85758022094177,140.27703234711828,16.71196057135578,0.01950270728774483,-0.006637841788117549,0.006602900339147233,0.039510578638982,0
2023-12-29,159.8233737348,160.2620526903,157.4619346404,158.8043294783,2905929,153.66942426061001,145.38283556488,154.83831689026954,60.97461080856031,4.10193322248702,3.94236245015812,0.15957077232889993,166.349020346894,140.98982817432602,16.502431953907106,0.01965626698290704,-0.006436978911189439,-0.013452641830729584,0.004213396120957835,0
2024-01-02,156.7760394677,156.8838229948,150.3424407331,151.2594825789,8607329,153.80562344489502,145.779227454196,154.49747552728195,47.511751000532286,3.3152674539412033,3.816943450914737,-0.5016759969735336,166.3191394130924,141.29210747669765,16.271857540606334,0.022672970593197714,-0.047510335040525264,-0.05992326898506073,-0.04739278000648239,0
2024-01-03,148.6530809228,150.0836622829,147.692827681,148.3983198586,6100066,153.96141963411497,146.12445818318,153.91660355883604,43.581940078536746,2.4329121481455616,3.540137190360902,-1.1072250422153402,166.1191207954525,141.80371847277746,15.793178823928686,0.022522521854231033,-0.01891559240795071,-0.07154242275641631,-0.07809836863883812,0
2024-01-04,146.7815669516,148.9372374943,145.7527241926,146.3014403308,6196064,154.11623597309,146.42560025597,153.1913499180707,40.911218363204696,1.546610198103508,3.1414317919094232,-1.5948215938059151,165.7913915441792,142.4410804020008,15.15110396691465,0.022516421850997736,-0.014130075932112796,-0.07873141235238457,-0.09073747031221757,0
2024-01-05,147.0559250207,148.4669093759,145.0668290199,145.9976867543,5398237,154.326903776125,146.707565311974,152.50623914056874,40.523813568894276,0.8103578414198012,2.6752170018114994,-1.8648591603916982,165.23097295397383,143.42283459827615,14.131131916787334,0.022378363520419404,-0.00207621726630447,-0.03478655179092882,-0.08656204021564962,1
2024-01-08,146.810962459,149.7113191892,146.7031789319,148.5061033858,6515509,154.482210040225,147.133367831614,152.12527383059077,45.1435110804027,0.4243887138650848,2.2250513442222166,-1.8006626303571318,164.95315018605703,144.01126989439297,13.556176006422415,0.02198659667648101,0.017181208053805852,0.000726312314739852,-0.06484852224326287,0
2024-01-09,146.8501564689,148.6333859328,145.929097237,147.986782755,5606916,154.64437525604998,147.534508684852,151.73113182339165,44.375036099655084,0.07572762384967291,1.795186600147708,-1.719458976298035,164.59449755631064,144.69425295578932,12.86839212067804,0.02197363029237197,-0.003496964898815458,0.01151965708874303,-0.021636328302213292,0
2024-01-10,148.7118719376,148.8392524696,145.2530005668,146.7913654541,5035695,154.38324516531003,147.902745826674,151.2606778834591,42.57827194506151,-0.2936638139703689,1.3774165173240926,-1.6710803312944615,164.85617796596893,143.91031236465113,13.567447412372658,0.01878153374714073,-0.008077865324493727,0.00543624161070233,-0.010828656321925756,1
2024-01-11,147.2224995626,149.3683716028,145.488164626,148.888244982,5995644,154.12505462531502,148.31820044744,151.03473189284395,46.658253613105586,-0.4124540229829847,1.0194424092626773,-1.431896432245662,164.86901758824095,143.38109166238908,13.941877249023522,0.018819369227051262,0.014284760697015786,0.0025732383214396304,0.017681334136909532,0
2024-01-12,149.1332075436,149.329177593,147.3400815922,148.2023498093,4083673,153.84383760452,148.694124377084,150.76498121822073,45.51894062129799,-0.5555382287440978,0.7044462816613223,-1.25998451040542,164.89437108947277,142.7933041195672,14.36590981740839,0.0188318728615205,-0.004606778545767187,0.0014566642391089513,0.015100671140839683,1
2024-01-16,148.2513423216,151.1321020469,146.8207609615,150.6617739284,6528042,153.452877356095,149.061744671122,150.75515195252353,50.21341796197624,-0.4651169419478549,0.47053363693948685,-0.9356505788873417,164.37200647033052,142.53374824185948,14.23124714552877,0.017833357782830676,0.016595041321981086,0.026366731192443593,0.014515703351261289,0
2024-01-17,150.0248712681,150.651975426,147.1735070503,150.2796323322,6630647,153.03252160027,149.35875457544,150.70986436963557,49.49971099604548,-0.4194578053576947,0.2925353484800506,-0.7119931538377453,163.75892837675423,142.30611482378578,14.018467008603878,0.017812398765391566,-0.002536420395405692,0.009345179334797171,0.015493610540854519,1
2024-01-18,155.4630401371,157.496229399,153.6170022724,157.1091885516,8133734,153.03154175002499,149.768107227852,151.31932381553696,60.34715384826583,0.16590307192703335,0.2672088931694471,-0.10130582124241377,163.75645505973392,142.30662844031605,14.016604926098102,0.02068325310109144,0.04544565430066361,0.06009917355400174,0.07028903277506648,1
2024-01-19,159.2942546016,164.8891995101,159.029695035,164.5560504263,9159006,153.30638974421998,150.314468481034,152.57996444513344,68.33424810361944,1.2166801700956569,0.45710314855468914,0.7595770215409677,164.8830123509277,141.72976713751228,15.102596344512989,0.02311116801792229,0.0473992765372484,0.09222164412124245,0.10523198420529556,1
2024-01-22,164.7912144855,168.4411566543,164.2620953523,164.9087965151,7176443,153.86392453458,150.840898559794,153.75413892798738,68.65630912937229,2.054212568393069,0.7765250325223652,1.277687535870704,166.49947639529188,141.22837267386814,16.4243202543194,0.021570957512246476,0.002143622722386551,0.09734628675801882,0.1127272727274371,0
2024-01-23,164.3796773819,164.6148414411,161.3911341295,163.6839837067,5053559,154.141222154385,151.294140078376,154.6998384307219,66.14088867238752,2.5892832254386633,1.1390766711056248,1.4502065543330385,167.36932517889932,140.91311912987067,17.163615079248952,0.020885310773092913,-0.007427213309921021,0.04184857178446055,0.08643340270564326,1
2024-01-24,167.9365337773,172.4095501534,167.2310415997,170.6311219556,9710403,154.733541628495,151.907052812638,156.21710352832935,72.33270123837778,3.5331782931167197,1.617896995507844,1.9152812976088758,169.68848267364086,139.77860058334915,19.32992793644145,0.022769655130512413,0.04244238252013943,0.03691794688534311,0.13542413770624684,0
2024-01-25,173.6000682031,174.8003847552,168.9555780338,169.1515480832,7234383,155.142629106485,152.34351495173598,157.448955390698,69.42098909017396,4.114404395714416,2.1171984755491584,1.9972059201652579,171.166937310552,139.11832090241802,20.657517919292708,0.022808144847679204,-0.008671184104298457,0.025727866904368124,0.07664961955834215,0
2024-01-26,165.663281205,166.1507567027,163.2626481007,163.5370061697,6653731,155.27441896466001,152.686068086206,158.02876975060292,59.614219438636894,4.075009487035004,2.5087606778463276,1.5662488091886764,171.5277215187769,139.02111641054313,20.934939138707822,0.02418198968828138,-0.03319237675991238,-0.0008979347500691626,-0.006192687865077429,1
2024-01-29,162.9588945242,165.1145650669,162.7335289675,165.0851695595,5370663,155.53701883077002,152.97471517144402,158.70080782764074,61.24015869220689,4.121205888970621,2.8312497200711864,1.289956168899435,172.23994457219655,138.8340930893435,21.47774962769464,0.024179291731238194,0.009466746555171213,-0.03250258412731488,0.0010695187165703501,0
2024-01-30,163.9583417758,165.7612662297,162.4787679033,162.8903050069,5255325,155.7413176072,153.194238832226,159.09980755899875,57.69381588942857,3.9353454317160015,3.0520688624001497,0.8832765693158517,172.69713891162303,138.78549630277695,21.774339096305635,0.02435168261555942,-0.01329534662899512,-0.037015582459938745,-0.004848847650373411,0
2024-01-31,160.6955384394,163.2577488494,157.7166957045,160.9893955284,6049403,156.227813254675,153.386695183056,159.27976831798935,54.737390710077456,3.5932415204057975,3.1603033940012795,0.432938126404518,173.199679957448,139.25594655190199,21.72707451919115,0.021728741774395488,-0.0116698748794134,-0.015578190532951175,-0.05650625933121911,1
2024-02-01,162.1211225633,164.3600803769,161.5087161591,163.605595687,4082620,156.98817704609502,153.75310852137198,159.69175187694273,57.93245096321229,3.4929624968982864,3.226835214580681,0.2661272823176053,173.85108866750232,140.1252654246877,21.48303386751985,0.02125032273656539,0.01625076080330068,-0.008962488129297008,-0.03278688524607609,1
2024-02-02,162.576752928,165.7661654809,162.1260218145,164.7912144855,4741027,157.91266575383,154.06540476981,160.1774149825196,59.33344298900647,3.469169747342278,3.2753021211330005,0.19386762620927733,174.35271688514408,141.47261462251592,20.821700466943504,0.020764152106261476,0.007246810804492521,0.011669874880027242,0.007669263032114904,1
2024-02-05,165.2027515891,168.8086004968,164.8891995101,167.6425787033,5749118,158.99491035128,154.499651374618,160.88838295592726,62.56258133537299,3.63845326010906,3.3479323489282127,0.2905209111808471,174.9990087018397,142.9908120007203,20.13158574095307,0.020811184007923828,0.0173028897608547,0.041326841144181614,0.015491452991349686,0
2024-02-06,167.5445936786,169.2299361029,164.1250143028,165.3007366137,4550248,159.834642012675,154.876305809438,161.30860711381038,58.45699376591851,3.542805324102261,3.3869069439630226,0.1558983801392384,175.30268137195827,144.36660265339174,19.35505240229041,0.021182432083393963,-0.013969255947468229,0.0103611427199779,0.014797882579309363,1
2024-02-07,167.0546685553,169.4259061522,165.4326244569,167.4564071564,5103354,160.808123232745,155.27922023087,161.8941118797713,60.994438860273526,3.599455955148784,3.4294167462001752,0.1700392089486087,175.60722745767382,146.0090190078162,18.4059162278878,0.021132108922992065,0.013040901007826067,0.016173147817504008,0.040170419963215354,1
2024-02-08,166.564743432,171.4737931678,165.9670347815,170.386159394,7327895,161.98786292974,155.73151910473402,162.70287830969784,64.19533470060752,3.836533340818278,3.510840065123796,0.3256932756944817,175.86230700746304,148.11341885201696,17.130226705615456,0.020982595763836952,0.01749561146898193,0.01636565550304314,0.04144457088113396,1
2024-02-09,175.4323881643,182.3991234182,175.0110525583,182.0953698417,9539890,163.648219172725,156.47189395112,164.5497822651266,73.54083485918997,4.912624623528927,3.7911969768048226,1.1214276467241047,178.74839916565693,148.54803917979305,18.454438513619547,0.0250248388199789,0.0687216056124822,0.1016004742147536,0.10500654061095349,0
2024-02-12,181.5368552011,184.4176149263,180.9195495457,181.8014147677,7085353,165.328172420645,157.180913589612,166.1927948844193,73.02551651678814,5.676282350535502,4.168214051550958,1.5080682989845435,180.65524618381457,150.0010986574754,18.541393809365843,0.02493913215550596,-0.0016142918639586723,0.08566413107085324,0.08445847214900493,0
2024-02-13,175.0012540558,178.5153889805,173.3747026463,176.6767979776,9692463,166.62892362310498,157.77921015023,167.19127136948413,64.53546014546947,5.801101368774454,4.494791514995657,1.3063098537787967,181.15094093608758,152.10690631012238,17.430368026417423,0.026339728494585504,-0.028187991807699042,0.03691989188542921,0.06882039122720496,1
2024-02-14,178.9598490524,183.2123991229,178.9598490524,182.4383174281,8437858,168.2368578779,158.45726652092802,168.6433709941142,68.91163034336574,6.292393018787607,4.8543118157540475,1.4380812030335592,182.2751874765704,154.1985282792296,16.688768175709622,0.026746640811073804,0.03261050413212985,0.0018833405083178434,0.08946752486876952,1
2024-02-15,185.1916966212,185.6522262371,182.6244889749,183.8786972907,8622946,169.57533331485502,159.229192545258,170.0943544509319,69.91123646738276,6.720502043947903,5.227549861392819,1.4929521825550838,184.20670560372966,154.94396102598037,17.256486545372947,0.025418173096852896,0.007895160857135597,0.011426107578174083,0.07918799240905439,1
2024-02-16,197.9493468329,202.6036355046,193.3244536686,195.5487137285,15557857,171.124966479965,160.276064548802,172.5185791440336,76.50324735487487,7.910269662186323,5.76409382155152,2.146175840634803,189.41037763611158,152.83955532381842,21.370828035530867,0.02693112890713687,0.06346584248065712,0.10681603904374981,0.0738807576408742,0
2024-02-20,191.6440104955,191.9134693134,182.3697279108,185.3288756557,11216103,172.14597043699501,161.146955448044,173.73860738323992,63.402972082380984,7.937020517822845,6.198679160805785,1.7383413570170596,191.19350356326453,153.0984373107255,22.12951378172498,0.030208743974138298,-0.05226236408278928,0.0158440302911651,0.019402824188729628,1
2024-02-21,184.4430401689,186.8477094346,182.4505999201,186.8084495282,6994439,173.30219372807,161.975124876532,174.98335425418853,64.35463028898639,7.985557474115609,6.5560548234677505,1.4295026506478585,192.95258109667688,153.6518063594631,22.677597952903565,0.030036696640363108,0.007983504282671694,0.01593307044626413,0.057345682435814505,1
2024-02-22,194.6113559211,197.8208532675,193.0311446893,196.0345275273,10225918,174.572364006655,163.000945858308,176.98822789924677,69.65376695397288,8.668564930123722,6.978556844798945,1.6900080853247772,196.51796194107203,152.62676607223796,25.142121502783148,0.030503911330573376,0.049387905217356254,0.0024843620269194844,0.07452496981374734,0
2024-02-23,195.6321134869,197.6147387591,192.9722548297,193.5120785424,5108090,175.790390529615,163.83090808377798,178.56192796049945,66.73277001353868,8.903676665464275,7.363580808932012,1.5400958565322629,199.06141161895397,152.51936944027602,26.475873930570238,0.03063442235042301,-0.012867370951011425,0.0441550344367414,0.05238987111416327,1
2024-02-26,196.1032323635,200.2157075567,195.4456289316,199.7838485865,6466592,177.602732650455,164.74554393987,180.5830632582138,70.09121113375623,9.486726756038621,7.788209998353334,1.6985167576852866,202.3718708457923,152.83359445511772,27.892744470419988,0.029576809629355837,0.032410225198040044,0.06945830925244789,0.021657697344305005,0
2024-02-27,199.9605181652,200.6573815034,197.4969590399,199.1066152015,5167118,179.303804932555,165.65114243939598,182.3472110623363,69.27791478740201,9.781397220721772,8.186847442827023,1.5945497778947484,205.05416677682086,153.55344308828916,28.72260502664942,0.02973904476454595,-0.0033898305082794566,0.01567115606087377,0.07434210938286823,0
2024-02-28,194.8174704295,195.4947038146,192.8544751106,193.885047653,6207904,180.85354206486002,166.359223814518,183.4460526423995,63.18984308428157,9.484260176696068,8.446329989600832,1.0379301870952364,206.19355639568184,155.5135277340382,28.02269067169727,0.030401323173788124,-0.02622498274713614,0.0019273686346057417,0.03788157410798343,1
2024-02-29,196.211197106,198.2625272143,193.6102283084,197.8895581037,9449578,182.698550193625,167.14328002761798,184.82162459109477,65.68074174150928,9.462825888393354,8.649629169359336,0.8131967190340177,207.348670097515,158.04843028973502,26.984472375687318,0.030092121658599428,0.020654044750614275,-0.009481699828101098,0.009462774745850222,1
2024-03-01,199.9997780716,207.4689752602,199.7887560748,206.359882905,7647353,184.836264554525,168.12790197458799,186.87288728765716,70.2642919214505,10.01388959665428,8.922481254818326,1.0914083418359546,209.9044250633902,159.7681040456598,27.12472097321607,0.030919727725623826,0.042803293324154446,0.036429064379199794,0.06639277743991046,0
2024-03-04,208.0775038091,209.4221556026,205.1673632487,205.6139446838,7089834,186.87740106444,169.058999057416,188.65774989681364,69.38543157215486,10.272011223980599,9.192387248650782,1.0796239753298167,211.73156188605594,162.02324024282404,26.59942901608056,0.031104753609293455,-0.0036147443519504163,0.060494077149216174,0.029182019159951,0
2024-03-05,203.9061387563,206.8604467113,200.9910907077,203.5527995989,6100185,188.67291210922002,170.054893035236,190.0763260589171,66.89558249659083,10.19276148107923,9.392462095136471,0.8002993859427594,212.88968265160932,164.45614156683072,25.67063843099062,0.031438642587419845,-0.010024344837455956,0.02861819263971621,0.02233067139884004,1
2024-03-06,206.0654336072,209.5596634247,205.2606055264,208.2443584112,5642363,190.82009319909497,171.05701957724804,191.8066148543726,69.57209947050254,10.388769804504278,9.591723637010032,0.797046167494246,213.9580925413771,167.68209385681283,24.251114182342178,0.031026837948948033,0.02304836298761148,0.009131985731294145,0.074060949681376,1
2024-03-07,209.2847459302,210.2907810312,207.5965699559,208.6762173814,6363079,192.881083710345,172.05484927540797,193.41324366647046,69.81403440720243,10.458397328405937,9.765058375289213,0.693338953116724,214.62900671637146,171.13316070431853,22.550602254688638,0.031105525398097102,0.0020738087384208903,0.01489331233010116,0.05450848130171404,0
2024-03-08,208.5486226856,209.643385175,201.5898042799,201.756658882,6940770,194.449608684745,172.87058648258,194.20785463937804,61.39127532394455,9.841777219506042,9.780402144132578,0.06137507537346387,213.8836488107896,175.01556855870038,19.988767534680314,0.03261866939886321,-0.033159305771548575,-0.008823954867922645,-0.022306777645920373,0
2024-03-11,199.5188442184,199.5188442184,193.9537524892,197.6441836888,6557056,195.2270493771,173.60544597623198,194.53512407265632,56.990551710550555,8.918452592055615,9.608012233717186,-0.689559641661571,213.84907606361566,176.60502269058435,19.07730178367384,0.030011145010138615,-0.020383343062819193,-0.05090257812155885,-0.038760800038422305,1
2024-03-12,200.1077428141,201.2168351693,195.6517434401,201.1481303332,7204936,196.194385155375,174.43174513815,195.16493419270807,59.644881847191904,8.372932430021763,9.360996272978102,-0.9880638429563398,213.9144086002323,178.47436171051768,18.06374166194821,0.030114205537603102,0.01772855936867379,-0.03607544329999446,-0.011813491489374828,0
2024-03-13,199.214579944,200.1076446644,196.2406420358,196.8491705847,5044502,197.20300378573,175.19264196027802,195.32533765861206,55.14800063054125,7.507175600285592,8.9902321384396,-1.483056538154008,212.4944553735806,181.91155219787942,15.50833536436944,0.029749290066719208,-0.021372108909880505,-0.024323798403948604,-0.05472027148029157,1
2024-03-14,198.1938223781,198.6551262781,195.3671091189,197.03565514,4910489,197.932870671325,176.1081654115,195.48822503779186,55.305419674641726,6.75820049193743,8.543825809139166,-1.7856253172017365,211.6479746609721,184.2177666816779,13.858338883410177,0.029084647403531075,0.0009473474272005955,-0.0030789094697478703,-0.05578288885754723,0
2024-03-15,195.7498932061,197.5557507497,193.3551370667,194.9745100551,9936353,198.487661309545,177.03968921542997,195.43929980134502,53.087635779478205,5.92995827216339,8.021052301744012,-2.0910940295806224,210.69910383131122,186.27621878777876,12.304485267446697,0.029252865910706194,-0.010460772104599392,-0.03069190982721759,-0.03361548939441261,1
2024-03-18,197.9484479633,199.4108794759,195.9363777614,197.0160251868,5062323,198.56102688246,178.05398091255,195.5894641237693,55.01195610468126,5.376328586012647,7.4921075585977395,-2.115778972585092,210.71847145078814,186.40358231413185,12.245549652122675,0.0257046792144228,0.010470677070161916,0.0008476266453365522,-0.0031782291301275523,1
2024-03-19,195.4947038146,197.8208532675,193.6494882148,197.6147387591,4624515,199.17532003763,179.086321952646,195.7823474223722,55.58732733031594,4.929065058915455,6.9794990586612835,-2.0504339997458283,209.73255268330615,188.61808739195385,10.600944578556804,0.02248135785954166,0.0030389079859485246,0.002938978829433392,-0.017566116912182905,1
2024-03-20,197.2810295548,202.1099980395,195.1177105636,201.2659100523,4277964,199.89819306383498,180.14151808597597,196.3045914823653,59.028677015664876,4.813734762682429,6.546346199465513,-1.7326114367830838,208.82294491301025,190.97344121465972,8.929297171110754,0.022713889501315893,0.01847620939676431,0.03226780770174531,0.022437175907223716,1
2024-03-21,209.4221556026,210.9336619982,206.4641179564,206.8997066177,6145205,200.441452018355,181.31977656323,197.3136500666829,63.70230918229647,5.117938561304641,6.260664671833339,-1.1427261105286988,209.67667429700333,191.20622973970666,9.2148826359556,0.02089342780771459,0.027991807275936642,0.05016689084823844,0.05006226650040202,0
2024-03-22,204.6501139822,207.8026844644,204.5735571647,206.359882905,3829346,201.083842236485,182.511146912248,198.17519605128453,62.96119861019402,5.2548879243254305,6.059509322331758,-0.8046213980063275,210.08611923982096,192.08156523314904,8.953754715656187,0.020609782617804988,-0.002609108159333684,0.044253501539481155,0.058394160583773,0
2024-03-25,203.7883590372,207.400270424,203.5135396925,204.6030020945,3137632,201.324799911885,183.62544205449802,198.7873680554003,60.4944854820388,5.162149634979016,5.88003738486121,-0.7178877498821938,210.43235992336488,192.21723990040513,9.04762852412225,0.01958619283287168,-0.008513674197560994,0.016580513020475474,0.038509440541734774,0
2024-03-26,205.9083939816,207.3021206581,202.7479715181,202.8461212841,3607375,201.511775216015,184.71831748399399,199.17391598194314,58.0454313517992,4.890513478849755,5.6821326036589195,-0.7916191248091646,210.5829727867288,192.4405776453012,9.003143921480243,0.019686935408536544,-0.008586779237914288,-0.019592030360342738,0.02647263335644845,1
2024-03-27,204.1907730776,204.6282265844,200.1273727673,204.1515131712,3123889,202.025098491925,185.78811226885003,199.64797285711046,59.36186701011387,4.726094607020258,5.490925004331187,-0.7648303973109289,210.45082521754807,193.59937176630194,8.34126728660879,0.018625792307688366,0.006435380074493624,-0.010701545778724064,0.014337267141515175,0
2024-03-28,203.719654201,203.8079889904,198.9593905525,202.4142623139,5750078,202.251333702435,186.83080486848402,199.91142899585233,56.80722381191442,4.4048336606225575,5.273706735589462,-0.8688730749669045,210.46095563091134,194.04171177395867,8.118237618699569,0.01828864779876878,-0.008509615384742042,-0.010697495922318279,-0.021679316888003175,1
2024-04-01,203.1013106755,207.8517593474,202.1492579458,204.8287465562,3186134,202.174776884995,187.785196028576,200.37974495398066,59.421012254970094,4.295544383934612,5.078074265258492,-0.7825298813238799,210.25729038743373,194.09226338255627,7.995570591910566,0.015723127278207606,0.011928429423395448,0.009774035902432532,-0.007419738406737153,0
2024-04-02,202.7577864947,202.7577864947,199.6366239376,202.2964825948,4277698,202.008903780545,188.540004671946,200.56229139596346,55.6195058812287,3.9589628467718967,4.854251981561173,-0.8952891347892766,209.9369777204296,194.0808298406604,7.849232178891841,0.015941683536174794,-0.012362834826532554,-0.009086538461482663,-0.011273145926933514,1
2024-04-03,199.8329234695,205.2823947744,199.7347737035,203.5429846223,3294302,202.008413031715,189.31268843409,200.84616694132882,57.07527303699248,3.7495790366954225,4.633317392588023,-0.8837383558926009,209.93610584735566,194.08072021607435,7.848873912390984,0.01585359652125762,0.0061617582842343754,0.005576298307722993,0.0034354284606901153,0
2024-04-04,207.6947197219,209.0982613749,197.9386329867,199.626808961,6206066,201.57753555920502,190.03154493917603,200.73003760986893,51.37370242212464,3.230400169361502,4.352733947942719,-1.1223337785812166,209.02486369946035,194.13020741894968,7.389045728330173,0.015449138667644361,-0.019240042434117588,-0.025396521155650942,-0.022163461538517337,1
2024-04-05,201.1088704268,205.6532045902,201.1088704268,204.0042885223,3323579,201.34393911625,190.69900827050998,201.04187103010045,56.59343845297303,3.1360230711339625,4.109391772580968,-0.9733687014470052,208.15158162318437,194.53629660931563,6.762202564243905,0.016336897697924974,0.02192831505990367,0.008442094027510727,0.007855307181537485,1
2024-04-08,208.9215917962,209.0590014686,204.2791078669,205.172270737,4430989,201.514719709,191.41942272358602,201.43524243075754,57.89222104104018,3.1195151159045906,3.9114164412456924,-0.7919013253411018,208.52360617815174,194.50583323984824,6.9562029803808105,0.014521760315173835,0.005725282655380637,0.008004629182987388,0.0016771287554881997,1
2024-04-09,207.4395303304,208.1755554253,203.7883590372,206.5169225305,3656842,201.958356651085,192.27902105080202,201.91921196406636,59.398419844790176,3.178297173073531,3.7647925876112605,-0.5864954145377292,209.05380810879225,194.86290519337777,7.026648043057467,0.013663846022994367,0.006553769613554028,0.03451497123738578,0.020862646159565346,0
2024-04-10,205.0250460881,207.7437946049,204.2692928903,205.3783852455,4645392,202.1698693967,193.08488536452202,202.2486570384886,57.522225805365515,3.0973080934415407,3.6312956887773167,-0.533987595335776,209.4068927214195,194.9328460719805,7.159349062563752,0.013263887834182407,-0.005513045957925677,0.006735626653504356,0.009017262995361097,1
2024-04-11,205.584499754,209.3828956962,204.5048523286,209.0393715154,4291584,202.779379443235,194.00786669469198,202.8953917505754,61.71035200696898,3.290602641260989,3.5631570792740512,-0.27255443801306223,210.17292671889282,195.38583216757718,7.292208207716243,0.01264638375724832,0.017825567503239492,0.01884806735583222,0.04715079404108935,0
2024-04-12,204.1515131712,206.0654336072,203.0816807223,204.0141034988,5854777,203.128301861175,194.8683608541,203.0019357265968,53.86029913883274,3.0036684122596,3.4512593458711613,-0.4475909336115613,210.04815654366558,196.20844717868442,6.81328462758464,0.014027466571872505,-0.024039815945532395,-0.012119195855876508,4.811161849160861e-05,0
2024-04-15,207.9793540431,210.4919880514,200.491508399,201.8744386012,4492462,203.47329828847998,195.63373771238403,202.89455504798758,50.89182158173384,2.5739470340338926,3.2757968835037077,-0.7018498494698151,209.34065451926688,197.60594205769308,5.7672001979034,0.014028716040938593,-0.010487828345713268,-0.017060931899486542,-0.01607347875984322,1
2024-04-16,202.5222270564,206.5267375071,201.9431434373,205.6041297072,3749231,203.90270351450002,196.44999601681798,203.1526097774364,55.49622767748736,2.505463227252676,3.1217301522535013,-0.6162669250008252,209.02687438123405,198.77853264776599,5.026094091361218,0.014397432042196276,0.01847530143906906,-0.016433467931407986,-0.004419942017900302,0
2024-04-17,202.2768526416,203.1700155117,194.4346863424,196.1915671528,6350323,203.83154493418502,197.020975785808,202.48965333699482,44.22632135060519,1.6723958446399934,2.8318632907307997,-1.1594674460908063,209.32895319099038,198.33413667737966,5.3940701460908915,0.017953096148260028,-0.045780026732947454,-0.03834311555841052,-0.04473118279568955,0
2024-04-18,193.8163428169,194.7438581051,189.9394270619,190.7246251895,6219358,203.304480691045,197.529453557324,201.36917446580483,39.241763604441054,0.5645397518495372,2.3783985829545475,-1.8138588311050103,211.18813994583894,195.42082143625106,7.755519433705421,0.018399798261407984,-0.027865325929336104,-0.05523142746034493,-0.08761386045666886,0
2024-04-19,190.66573533,191.0877793235,184.6785996072,186.2588108389,6495228,202.272435902105,197.905501630974,199.9300922156234,35.70196303105031,-0.666119468496845,1.769494972664269,-2.435614441161114,212.922199266101,191.62267253810901,10.530118269945804,0.017480172277153115,-0.023414985590680115,-0.09409012793590088,-0.0870297315499291,0
2024-04-22,188.0058766728,188.2316211345,183.3977451615,185.9545465645,7149843,201.25216908508,198.216869374384,198.59908786789737,35.4672201614128,-1.6469918542645132,1.0861976072785127,-2.733189461543026,213.86830716628342,188.63603100387658,12.537641843621476,0.017488831528543733,-0.0016335564101885858,-0.052178698283841585,-0.07886036561641929,1
2024-04-23,186.7299297155,190.9012947682,186.4551103708,189.6646077173,4425871,200.50524936622,198.36825413189598,197.7481849964119,40.59618193377061,-2.1007531830128414,0.4488074492202419,-2.5495606322330833,213.97907893087282,187.03141980156718,13.439877117673921,0.018329788281136492,0.019951440937278297,-0.0055578427334529446,-0.07752530074468555,1
2024-04-24,194.3267215998,195.6713733933,189.1542289344,192.432431117,4609370,199.984564857865,198.580874458882,197.2419227221822,44.16170483889062,-2.211528959315217,-0.08325983248684987,-2.128269126828367,213.8553174091202,186.1138123066098,13.871823119062778,0.01872788839307306,0.014593251914587713,0.03314538652047827,-0.019160538296084217,1
2024-04-25,192.6483606021,194.7800753687,190.0179468747,193.8457877467,4238321,199.46927858663997,198.924254254264,196.9184812959458,45.94587304466294,-2.160370090410055,-0.49868188407149094,-1.6616882063385638,213.4478307937826,185.49072637949735,14.015744485756496,0.018751717578375363,0.007344690401176246,0.04243639818434275,0.01636475916048541,1
2024-04-26,193.3844838467,200.2157075567,193.3844838467,199.6169939844,3933453,199.329415170165,199.26782778539,197.17548250437002,52.605247324798995,-1.6352876289680296,-0.7260030330507987,-0.9092845959172309,213.2431297296822,185.41570061064778,13.960523134670572,0.020008855872582016,0.0297721518986076,0.052473607948691825,0.07171839595311202,1
2024-04-29,199.7445886801,201.491654514,198.0445365841,201.4622095842,2789205,199.16108832156502,199.61949803126,197.58374222625858,54.53391470825807,-1.058065793620898,-0.7924155851648186,-0.26565020845607934,212.88476677873183,185.4374098643982,13.781485703681827,0.01992991162778764,0.00924378011595639,0.04692441089469912,0.08339491185455383,0
2024-04-30,199.9016283056,202.0216632501,194.8959902423,194.9745100551,3898216,198.79498969458,199.60801395779202,197.33524392424346,47.25301727272871,-1.1113060184638073,-0.8561936718246164,-0.2551123466391909,212.55517085775892,185.0348085314011,13.843589503256052,0.02100879691422815,-0.032203059534043676,0.005822784810134207,0.02799627406350136,0
2024-05-01,192.4520610702,196.9716614926,189.1247840046,190.4007309619,5815491,198.13787701156,199.709451063916,196.674814118306,42.90405427432576,-1.5052138599667728,-0.9859977094530478,-0.519216150513725,212.1806481803238,184.0951058427962,14.174746777916175,0.021469576934748578,-0.023458343820981886,-0.04616973153708681,-0.010557992451203368,1
2024-05-02,192.6287306489,194.8027479647,189.7038676237,194.2482017871,3523223,197.868946652865,199.858246109094,196.44370818200065,47.29812523390821,-1.4897569308153322,-1.0867495537255047,-0.4030073770898275,211.9931336718511,183.74475963387889,14.27630485521827,0.021720365262812128,0.020207227176926468,-0.035808243203472645,0.0020759493671629325,1
2024-05-03,198.2625272143,201.4720245608,196.2504570124,200.3138573226,3818510,197.68442509288,199.94383270499998,196.8122938144387,53.38847455271234,-0.976799556929592,-1.0647595543663222,0.08795999743673022,211.57771483248186,183.79113535327812,14.056028676082347,0.022330998718996346,0.031226314991312565,0.027384847721843686,0.003491002064956783,1
2024-05-06,201.5112844672,205.3096804094,200.5199718311,204.9956011583,3638517,197.675591613945,200.17350315731798,197.59165641861597,57.47346224232011,-0.19030581491850285,-0.8898688064767584,0.6995629915582555,211.5500386400793,183.80114458781068,14.03759251494309,0.022937538237675716,0.023372041746269057,0.07665343574400718,0.017538731365016824,0
2024-05-07,205.3685702689,205.5943147306,203.3859449968,203.4840947627,3200852,197.52395022555498,200.24750808084198,198.15284102281444,55.77398202567933,0.30748570427215327,-0.6503979043269761,0.9578836085991294,211.07098736025452,183.97691309085545,13.71685521601812,0.022946167928970577,-0.007373360145580765,0.04754686473609038,0.04364460105680057,1
2024-05-08,202.1001830629,204.1122532648,200.9616457779,203.5233546691,2932311,197.431198696735,200.33584287019403,198.6643185129369,55.81053237035795,0.6971210385728739,-0.38089411574700616,1.0780151543198802,210.78589616929023,184.0765012241798,13.52845706323118,0.022915851933099023,0.00019293845273637977,0.01602234308398942,0.06892107840607986,0
2024-05-09,203.5233546691,204.396887586,201.9087910193,202.5124120798,2758265,197.104850724955,200.50839015873,199.0308036145429,54.5601267254115,0.9138014952053766,-0.12195499355652961,1.0357564887619062,209.6002796187538,184.60942183115623,12.678966395642103,0.02253570403886938,-0.004967206790314815,-0.012113377382095392,0.04254459097519847,1
2024-05-10,204.9367112988,208.636957475,204.6618919541,205.8495041221,3502906,197.19662075612,200.667589079098,199.68020366288167,57.91222757855454,1.3393584660814781,0.1703076983710719,1.1690507677104063,209.91858185157085,184.47465966066918,12.902818564203017,0.022206696705769715,0.0164784568413765,0.011624541771475982,0.027634866970710936,0
2024-05-13,204.544112235,204.6128170711,201.6388791629,202.8068613777,3526900,197.24324189494502,200.596528648552,199.97798058810247,54.00069648849028,1.4147907631852092,0.4192043113338994,0.9955864518513098,210.04004477691043,184.4464390129796,12.975656614669928,0.022340710660657483,-0.014780908787592972,-0.0035204475307756278,-0.010677008522294251,1
2024-05-14,202.0314782267,206.2126582561,200.925526664,205.9378389114,3442176,197.25992735515499,200.60300653310398,200.54558614270223,57.20396759562226,1.707531759180597,0.676869800903239,1.030661958277358,210.10108636964569,184.4187683406643,13.019531322619764,0.022221882889653124,0.015438222910362898,0.016914651286906057,0.012058653289641619,1
2024-05-15,208.5682526388,213.5837056787,206.9487815007,213.4659259596,5820884,198.123645295495,200.80126906031802,201.7760946966925,63.741854354060365,2.5179593495270467,1.0450877106280005,1.4728716388990462,212.759557619728,183.487732971262,14.774523558158862,0.020814609968289745,0.03655514250316472,0.036999952319449525,0.04885223765432345,0
2024-05-16,214.182419251,214.7026130105,209.9619793153,210.0699440578,7977854,199.09091123891,200.83778077325,202.56598511203606,59.338006972561644,2.8533105082073007,1.4067322701438605,1.4465782380634402,214.19260740388896,183.98921507393104,15.17065351803715,0.019993613795119984,-0.015908777415102437,0.03581280549760857,0.03731885814002345,0
2024-05-17,212.3960935108,215.3013265828,206.3402529518,208.1560236218,8031759,200.185771878055,200.82737689805802,203.09836973201357,56.94995303179087,2.9308562472279505,1.7115570655606787,1.2192991816672718,214.56523779826367,185.80630595784632,14.366121813060778,0.019160970770274423,-0.009110872307717677,0.010771137165104916,0.011204882467590771,1
2024-05-20,208.224728458,217.647105989,208.1854685516,215.8804102019,5954459,201.682065059925,201.10985192445597,204.3157069196218,63.359123657405156,3.574401767127,2.084126005873943,1.490275761253057,216.0546864855463,187.3094436343037,14.252751152018226,0.020300047605014197,0.0371086382498087,0.011310864867289938,0.06446304989579366,0
2024-05-21,213.9664897659,216.1846744764,211.8170098917,215.733185553,3918174,202.98549395171,201.47163196174003,205.40308583708637,63.16609869855715,4.02612575782365,2.472525956263884,1.5535998015597654,217.48995810473164,188.48102979868835,14.29113368709218,0.02016766939073754,-0.0006819731756221303,0.02695883754623063,0.04756457916320178,0
2024-05-22,216.836728161,217.0432206012,212.6183825968,214.5063134787,5046958,204.089188069795,201.73879562465,206.27005989819241,61.48506137875981,4.236288653350357,2.8252784956811787,1.4110101576691783,218.57294956386608,189.60542657572392,14.193560796682553,0.02025703590469588,-0.005686988170851337,0.030507355715239326,0.004873787300821553,0
2024-05-23,221.2419002186,221.310731032,212.7167123302,214.3096540118,5806608,205.11238138305004,202.088005293192,207.0357355280598,61.2038890490601,4.336981464128883,3.12761908937072,1.2093623747581628,219.44757526281592,190.77718750328415,13.977892297973685,0.020304587604247762,-0.0009168003669016711,-0.007276047829587462,0.020182372937812776,1
2024-05-24,216.5171565273,219.3933012301,214.9881291725,217.2005481746,3795707,205.99155909256,202.491303153884,208.0038129229684,63.822907998895964,4.597060192521951,3.4215073100009663,1.1755528825209849,221.01124179675517,190.97187638836485,14.582813752524912,0.0195821348193236,0.013489332415425492,0.0068017473428514386,0.04345069816107294,1
2024-05-28,218.4395028159,219.4930075798,216.207417867,217.6233660284,5509381,206.79961691477,202.94428027335002,208.9199608377714,64.20353222879054,4.782166487235344,3.693639145447842,1.0885273417875019,222.48195806280387,191.11727576673616,15.16670231985695,0.019555316440556695,0.0019466702886041798,0.014531285812291461,0.008073709999299794,0
2024-05-29,213.9556669714,216.9645568144,213.5328491177,215.3912810795,4718791,207.82045546599002,203.31178539120398,209.53627705126937,60.57998423526713,4.694637104124382,3.89383873718315,0.800798366941232,222.9387915737787,192.70211935820134,14.549420627425008,0.017965276325195376,-0.010256641966509772,0.005047029134956471,-0.0015848487687398771,0
2024-05-30,214.3293199585,216.0205913735,211.8982156291,212.9232047704,4062500,208.946579156415,203.61795471143,209.8588415959485,56.76503672594158,4.375676233962537,3.990206236539028,0.38546999742350874,221.90843543306667,195.98472287976332,12.406861437007377,0.01714125793448544,-0.011458571102462844,-0.019693059893944542,-0.00738024295241646,0
2024-05-31,213.1296972106,214.860300519,205.5238923298,211.4875906623,13548694,209.808548600175,203.82238832363,210.01396055464863,54.61076019333137,3.9613909369335545,3.984443176617934,-0.023052239684379305,220.90452270275478,198.7125744975952,10.577237368649843,0.017003132483841436,-0.006742403251200568,-0.028194469546525047,-0.01316815783457248,0
2024-06-03,214.6783905122,214.7029729455,205.4403120564,210.6321219815,3828092,210.32446183311998,203.897036630906,210.07283307149163,53.31238643026431,3.523421867152649,3.892238914724877,-0.3688170475722279,220.53043055544146,200.1184931107985,9.704975477763785,0.015864917824295412,-0.004045006508991755,-0.022095412006224224,-0.03024129657269492,0
2024-06-04,210.2289700744,210.7648671216,205.5386417898,208.6753602862,4379643,210.508449789515,203.94334617852996,209.93974042527338,50.362872134429544,2.98403580126444,3.7105982920327896,-0.7265624907683494,220.45284254386118,200.56405703516882,9.447974904845356,0.015288280629475395,-0.009289949115509843,-0.019950124688290938,-0.04111693475521505,1
2024-06-05,215.9320946134,220.966576965,214.545645372,219.6391255637,7887926,211.316201329565,204.244068647914,210.86349139083782,62.78609124250385,3.4020361330184983,3.648885860229931,-0.24684972721143295,221.46936006766177,201.1630425914682,9.609446577417973,0.018984369440358723,0.05253981717085865,0.03854379765674398,0.01972152476604716,0
2024-06-06,217.9675200954,219.5260463703,215.3617821595,218.0461838822,3951234,212.04234279021998,204.548069899876,211.54755734239615,60.41999179955346,3.563687357002266,3.631846159584398,-0.06815880258213225,221.9362979091051,202.14838767133486,9.332056030595277,0.019135254651566028,-0.007252540627320947,0.03519910368348844,0.02406021982115214,0
2024-06-07,220.4650953245,220.7994164182,216.4040773339,218.0265179355,3627235,212.81804808300498,204.825569995162,212.16460120840603,60.38973434912365,3.648156561161585,3.635108239899836,0.013048321261749152,222.0094368602405,203.62665930576946,8.637790694942018,0.019050914423925962,-9.019165733548107e-05,0.04481198756036564,0.030918727915536515,1
2024-06-10,216.0402573202,225.007929009,215.9615935334,224.349119795,4797863,213.74302886665,205.264267144784,213.3250315499864,66.24280402187048,4.1771288032276175,3.743512352565392,0.43361645066222554,223.6395066154384,203.84655111786162,9.260164227356018,0.01968242332835846,0.02899923330138421,0.02144424049773419,0.06512301012997801,1
2024-06-11,223.4739851675,226.2272177036,220.8829966916,226.1288879701,4768588,214.90913019627,205.690269973062,214.54444644714007,67.69012067764714,4.685938946412904,3.9319976713348948,0.753941275078009,224.87221465166473,204.9460457408753,9.27190431257689,0.019160159379449208,0.007933029453051965,0.037068771138258905,0.08363961926296581,1
2024-06-12,227.5645020782,234.4180844983,226.9204423243,233.6806114976,5573488,216.29626882558,206.317952551118,216.3669383567077,72.9830983841043,5.633595050003549,4.272317147068626,1.3612779029349236,228.37696939066615,204.21556826049385,11.170512215194938,0.020044404156154744,0.033395660303687125,0.0717990348620392,0.06392980256984182,0
2024-06-13,227.6038339716,234.378752605,227.5546691049,233.5822817642,3682407,217.30208661581,206.918738493956,218.00649487170696,72.81582994817336,6.304016177502717,4.6786569531554445,1.6253592243472728,231.44619241821857,203.15798081340142,13.017919912950813,0.01879523634429939,-0.0004207868713191898,0.04115532959361201,0.07125140924453599,0
2024-06-14,230.1702400141,234.2804228715,229.7130067537,233.0709671503,3306544,218.452137770435,207.58762165774198,219.44120651728727,71.89311610894019,6.716645625260725,5.086254687576501,1.6303909376842238,233.75037295567907,203.15390258519093,14.00602927614335,0.018246699274414194,-0.0021890128396646613,0.030699656476964154,0.06900284129314338,1
2024-06-17,232.71698011,239.2165754897,232.3236611763,238.8035906093,4974631,219.98451611981,208.28360769948202,221.28524309747897,75.62282175346095,7.420691130914292,5.55314197624406,1.8675491546702325,236.90425605216927,203.06477618745072,15.382664408202523,0.018395468441653875,0.02459604269502691,0.021922996002398776,0.06442847124832851,1
2024-06-18,238.7249268226,245.2540211224,238.0464516619,243.6905783608,5256914,221.37502452775502,209.053973851958,223.4190845511286,78.27005931510067,8.277572631122496,6.098028107219747,2.1795445239027487,241.06182937684275,201.68821967866728,17.78593126400263,0.017308363187330807,0.020464465123958275,0.04327509997870593,0.07766230377881711,0
2024-06-20,242.8744415734,243.6905783608,234.6688253186,235.9815272599,7045020,222.3874416131,209.64326594654597,224.61550766624967,66.07957211176455,8.239620184420403,6.526346522659878,1.7132736617605246,242.87583458953156,201.89904863666845,18.425854290887855,0.01923433401473304,-0.031634588225590954,0.012487870733908668,0.009846412792032577,0
2024-06-21,234.3394207116,234.4967482851,228.9411183463,231.4780254688,15389140,223.236027212605,210.165258751012,225.2690807903021,60.18258304654024,7.756732851851893,6.772423788498282,0.9843090633536118,243.7542913572952,202.7177630679148,18.382574175761565,0.019837794843491966,-0.019084128505279185,-0.0306761096925261,-0.00900862976209904,0
2024-06-24,229.1082788931,231.4780254688,225.5980057393,226.0010593167,5928654,223.82059747785001,210.504492507038,225.33879303091143,53.884591209941455,6.853097523867405,6.788558535572107,0.0645389882952978,243.950806784625,203.69038817107503,17.98780767598222,0.020764683704911586,-0.023660847032921595,-0.07259008191079708,-0.03033371303188026,1
2024-06-25,227.1810161178,230.6323897613,224.7227727821,230.3570665076,4779039,224.4784233945,211.031351767214,225.8167238382151,57.67800818156352,6.414510902938588,6.713749009045403,-0.2992381061068148,244.56011809161132,204.39672869738868,17.891870758393203,0.020959885654633383,0.019274277758122516,-0.02383432643058303,-0.03537017211570792,0
2024-06-26,231.0748735617,232.9628044436,226.9450247576,228.2921421056,4818654,225.01186219836003,211.55970583730198,226.05247795891842,55.353506269931565,5.833065753015035,6.53761235783933,-0.7045466048242952,244.90273351816677,205.1209908785533,17.67984240961649,0.02113415209821166,-0.008964015878939247,-0.013763221613575682,-0.06318847597136734,1
2024-06-27,233.5331168975,233.8477720444,227.9283220919,228.646129146,4309553,225.67460460168505,212.020545826078,226.29949235768808,55.68323409830494,5.339282157260499,6.297946317723564,-0.9586641604630657,245.11734913338321,206.23186006998688,17.230777531228693,0.020919769529660254,0.0015505879314769988,0.011703793943697471,-0.03108462852611804,1
2024-06-28,231.4190276287,237.2598137945,230.0030794673,232.0483379227,6387433,226.6308612593,212.73768124147603,226.84700145911776,58.83028916768357,5.16296941733475,6.070950937645803,-0.9079815203110524,245.33828928941605,207.92343322918393,16.50916201453423,0.02077722033304994,0.014879800455871894,0.007341955863308325,0.0024637865851195873,1
2024-07-01,232.9038066035,234.378752605,229.1869426798,233.4446201374,4239557,227.728712733055,213.59208114043403,227.47534609514463,60.083112637419035,5.077379733182823,5.872236696753207,-0.7948569635703837,245.29483026662666,210.16259519948335,15.427231219774,0.02060863854272516,0.0060172041187605,0.02256966877737132,0.032935955447311205,1
2024-07-02,231.0945395084,236.9746575675,231.0945395084,236.8369959407,3510604,229.038956431015,214.60364484246998,228.36693179472132,63.0269434904498,5.223077284230982,5.742404814248762,-0.5193275300177804,245.15835507190673,212.9195577901233,14.075682924923536,0.02059098397441806,0.014531822585173826,0.035823334623215075,0.028129935544591644,1
2024-07-03,237.6039678615,240.6325236511,235.8438656331,239.2460744098,2768843,230.56749213719505,215.66947539937598,229.403040615205,65.00093077802936,5.469882738749817,5.687900399148973,-0.21801766039915638,244.29305838491166,216.84192588947843,11.90589889363021,0.020283986229243316,0.010171884082262217,0.031018263485678155,0.04798208209520016,0
2024-07-05,240.6030247311,240.6276071645,236.8468289141,238.5381003291,4076227,231.51244087546496,216.646945251612,230.2730463022426,63.920858812313334,5.544437424727278,5.659207804264635,-0.11477037953735714,244.68968399174167,218.33519775918825,11.383615555558855,0.017312203712730023,-0.002959187867330848,0.021818794490539473,0.043263234851369736,1
2024-07-08,239.0494149429,243.0514350935,239.0494149429,242.176300466,3782098,232.718946704655,217.64182263859198,231.40668955593378,66.95920667805287,5.829891535206173,5.693344550452943,0.13654698475322924,245.14040699214067,220.29748641716932,10.675074344720047,0.01725458360929884,0.015252071396060218,0.02254421655743699,0.043645917199690576,1
2024-07-09,243.8577389077,247.9187568983,243.3464242938,247.2697806577,4890692,234.18110984076503,218.710302496812,232.91746013705438,70.68169148518899,6.3934179158571,5.833359223533774,0.5600586923233255,246.21908527875576,222.1431344027743,10.280910741413878,0.01754463777414293,0.02103211661049853,0.033537462496276316,0.05922244218848505,1
2024-07-10,248.7742255792,251.6159548753,246.4733098169,250.7113213278,4258139,235.49921991740501,219.73218904368002,234.61211358379205,72.90308398313101,7.036606581892357,6.0740086952054915,0.9625978866868659,248.66277447756565,222.33566535724438,11.179276572361807,0.016834622060310323,0.01391816121220324,0.05103260645534258,0.05858174873394306,0
2024-07-11,251.3012997283,251.3012997283,237.072987301,237.2303148744,5627387,236.05429126261998,220.44755114948399,234.8614660876595,55.24531168410468,6.384932154932017,6.136193387150797,0.2487387677812194,248.5076227708832,223.60095975435678,10.551243480177504,0.02143138169805058,-0.05377103188640553,-0.02042307848490066,-0.008425465455902281,1
2024-07-12,237.5744689414,244.6148778551,236.5223407937,239.3345711699,5396287,236.336989246235,221.33475237177998,235.28747609549194,56.996197685408035,5.969459164163311,6.1028465425533005,-0.13338737838998949,248.81861450833887,223.85536398413112,10.562566022282285,0.020246672020173575,0.008870098649129465,-0.03209130313738129,0.0033389669813801426,1
2024-07-15,240.4358641843,244.6542097484,239.5410636101,241.4486604386,3674325,236.730308179955,222.355710961314,235.87425555674034,58.74254699599171,5.744563410332972,6.031189916109235,-0.2866265057762627,249.33508203205383,224.12553432785614,10.649057950380472,0.02030866797003943,0.0088331963843169,-0.03694552300288523,-0.003004588087272997,1
2024-07-16,242.83510968,243.3857561872,237.8989570618,241.7338166656,4124766,237.16345065572,223.305423258884,236.43230899567934,58.984491954580044,5.5256454285988355,5.930081018607155,-0.40443559000831986,249.83068154191722,224.49621976952278,10.68227912114982,0.020287305473340688,0.001181022195285708,0.018983669071064302,-0.02238835646383963,0
2024-07-17,227.3776755847,229.4229340401,216.0894221869,216.3942443605,10538858,236.04298334328,223.62703099964202,234.523921887567,37.78158395991995,3.269767789755292,5.398018372836782,-2.12825058308149,251.57266217268457,220.51330451387545,13.158348203741832,0.030684936984739723,-0.10482427595206179,-0.09585045193122133,-0.13687884849217113,0
2024-07-18,218.4395028159,218.6115798494,209.6881565406,214.0146648115,7715764,234.559187665815,223.80741227270602,232.57065930889397,36.45627978780333,1.275255968635662,4.573465891996558,-3.298209923360896,252.38379278491124,216.73458254671874,15.19838578609985,0.030142316529456585,-0.010996501113198609,-0.11362248014656684,-0.09786122854994883,0
2024-07-19,213.8671702114,214.6341421321,206.1679520837,206.748097511,6517081,233.09751617837,223.872692327672,230.11136770909454,32.685709226625235,-0.8815977609838228,3.482453161400482,-4.364050922384305,254.62557578992212,211.56945656681788,18.471290440588394,0.030250306208814564,-0.03395359522161845,-0.14472827855523884,-0.13615447822524285,1
2024-07-22,212.6183825968,220.3470996444,209.7963192473,219.7374552972,7515582,232.51048766978997,224.19697434023396,229.12337605081888,43.86279475392742,-1.5252056430004473,2.4809214005202964,-4.006127043520744,254.80964989793287,210.21132544164706,19.181209804017136,0.033747634018018946,0.06282697612493826,0.015449629663580211,-0.08992058643837919,0
2024-07-23,216.7678973476,218.242843349,214.9704298204,215.9812594801,3635340,232.00949767796,224.46635128824,227.8717459012266,41.70620658397964,-2.3117151240869305,1.522394095598851,-3.8341092196857813,255.29934992313207,208.71964543278796,20.076636929320415,0.033557611940421936,-0.01709401709426217,0.009189065012587427,-0.10653270419804162,0
2024-07-24,213.7393415579,214.1326604916,202.0971011197,203.080398454,9263428,230.64566427528,224.410969174878,225.51066519196692,35.28875737438376,-3.9307104389964422,0.43177318867979253,-4.362483627676235,257.1373516890381,204.1539768615219,22.971762766058127,0.035548347542005906,-0.05973139084916135,-0.017739941025599282,-0.06152587812973398,0
2024-07-25,203.6900428013,205.71563531,196.9869048733,198.9407166766,9961355,229.17809300382996,224.333646280856,222.9801939047891,33.50707138391104,-5.484590665809378,-0.7514995822180415,-4.7330910835913365,259.06332961670455,199.29285639095536,26.080360667260777,0.03569560902580075,-0.020384447779866255,-0.09464357631916653,-0.0704341833218618,1
2024-07-26,203.5327152278,204.8798325758,199.4225323704,203.021400614,5208974,227.89685657722998,224.275317514908,221.07935644852347,36.88963649601479,-6.313991091630214,-1.863997884100476,-4.449993207529738,259.8865270120773,195.9071861423827,28.07381454513972,0.03616196809973456,0.020512060102978236,-0.06000455269728666,-0.018025302006959176,0
2024-07-29,204.8208347357,208.9801824599,201.4677908258,202.1364330131,4199228,226.40126133175,224.048727655978,219.27526850229265,36.456500006918354,-6.962447631685478,-2.8836878336174765,-4.078759798068002,260.21937362302447,192.5831490404755,29.874491062768577,0.035851907090035065,-0.004358986777864615,-0.004648235123065447,-0.08010023716846182,0
2024-07-30,204.7815028424,205.6763034166,192.0804478346,193.4539175512,7652609,224.40172620244002,223.71640712584602,216.8160922212362,32.43294733927041,-8.083775810949476,-3.9237054290838764,-4.1600703818656,260.9374055829797,187.8660468219003,32.56274361060813,0.03663400520945668,-0.04295373838588179,-0.02758007117426553,-0.10430229911209321,1
2024-07-31,202.6526641136,209.3145035535,201.0843048654,208.6556943395,11123667,222.99266112238,223.72640054019996,216.03891147059466,44.071552875399995,-7.657509132833809,-4.670466169833864,-2.9870429629999453,259.67473204798756,186.3105901967725,32.8998010436551,0.04127661498906617,0.07858086815055931,0.027752215817939074,0.02745363869651296,0
2024-08-01,200.7204848517,205.5878066565,189.1077433336,193.0212667241,11268284,220.681420738095,223.26921767064403,213.84675482807134,37.010584914880866,-8.483465258811151,-5.4330659876293215,-3.0503992711818295,258.77379801587347,182.58904346031653,34.522505021377896,0.043881070198362,-0.07492931196961006,-0.04509412852065742,-0.02975484381170057,0
2024-08-02,184.7320701959,186.4036756642,176.6297001612,178.77328835,12991632,217.69318013914,222.530019726584,210.50642468730265,31.981783247401978,-10.170495082410412,-6.38055180658554,-3.7899432758248714,258.9581409414005,176.42821933687952,37.91111947180496,0.04610801164267847,-0.0738155883852204,-0.07588695740583584,-0.11943623771024203,1
2024-08-05,172.2343610769,184.0437620619,168.7436555401,178.8519521367,10079131,214.52696272267502,221.81693249974398,207.49171301581669,32.03668919241494,-11.370063843471797,-7.378454213962792,-3.9916096295090053,257.47508050981895,171.5788449355311,40.03983204914354,0.04574293757539834,0.000440019800642677,-0.14283694627718557,-0.1151919054339452,1
2024-08-06,180.2580673248,185.3613804898,177.2885093752,180.2482343515,5803940,211.175885407365,221.135704106538,204.89709600016747,33.069454251556394,-12.068939205020513,-8.316551212174337,-3.7523879928461756,253.8398018151371,168.5119689995929,40.406049512208305,0.04530286369917218,0.00780691626856167,-0.06617422312774202,-0.06826268171180838,0
2024-08-07,186.826493518,188.203109786,174.9679276662,175.5284071468,6652136,207.41673969831498,220.30226128598198,202.1000780141325,31.336016038291362,-12.855463790027414,-9.224333727744954,-3.6311300622824607,248.71109112784603,166.12238826878394,39.817761565043554,0.04485518384308132,-0.02618515083757178,-0.01815081678671826,-0.1587653157397142,1
2024-08-08,182.1656641534,187.6426303054,178.1587275161,187.3673070518,8637080,204.923589307185,219.69714010644998,200.69695697010084,39.852646343587985,-12.380772076001136,-9.855621397396192,-2.5251506786049447,244.71035043985142,165.1368281745186,38.83082593583228,0.047682566641213404,0.06744720183724318,0.047611193578650735,-0.0292919001530626,1
2024-08-09,186.8363264913,190.0891724029,184.9090637161,187.9867843724,5050766,202.35619996731,219.14905017230802,199.4864643417484,40.27012010495145,-11.818354199539527,-10.24816795782486,-1.5701862417146675,239.46641887081972,165.2459810638003,36.67811404790637,0.04757888795532358,0.0033062188401349335,0.04293273689332855,0.051537319179149055,1
2024-08-12,188.3014395194,193.1195964575,187.170647585,189.864882281,5568060,199.77701105942998,218.68788372251998,198.57012319310567,41.59369909121684,-11.093211537813318,-10.417176673822553,-0.6760348639907647,232.58130949339244,166.97271262546752,32.84091423732812,0.047604867826404156,0.009990584789617563,0.0816760965774046,0.06157567760782734,1
2024-08-13,193.1589283509,198.4630308316,190.4843596016,197.4461047285,6198858,197.562625462575,218.407054003844,198.46307381552418,46.72564549917093,-9.793891575830514,-10.292519654224145,0.4986280783936312,224.12425001733746,171.00100090781254,26.88932128996648,0.04889167155683439,0.03992956652341739,0.05379165573380207,0.09541214336370474,1
2024-08-14,199.3045366903,201.389127039,194.4241370309,198.2622415159,5377855,196.656025320345,218.159656394532,198.44394692984568,47.262859578016666,-8.599189621711446,-9.953853647721607,1.3546640260101608,221.7837813319285,171.5282693087615,25.555032926808487,0.04340539783780082,0.004133466135086472,0.05466052934415022,0.12951655369428017,1
2024-08-15,203.8473703748,209.442332207,201.703782186,208.2918743258,12073538,196.36988579606,218.151986675324,199.38184477707944,53.47223784205083,-6.76508844066646,-9.316100606310577,2.551012165644117,220.8216902752188,171.9180813169012,24.903823088793995,0.044998641729333676,0.05058771016212704,0.0970531876322871,0.11167672526891326,0
2024-08-16,201.5267886658,205.400980163,197.8197577155,204.427515802,11644577,196.25385671061,217.84775448009,199.86238487469092,50.98153722554386,-5.55928747233699,-8.56473797951586,3.0054505071788693,220.5289574493264,171.97875597189358,24.738470005725034,0.044523354139027846,-0.018552612944255142,0.035358565736709924,0.08745684695064027,1
2024-08-19,203.5425482012,207.5839002451,199.1195784617,207.4167396983,5285410,195.637820930665,217.635165596412,200.58184723884415,52.812525727647206,-4.312761303458501,-7.714342644304388,3.401581340845887,218.0518483766706,173.22379348465938,22.913797893863524,0.04220942731342593,0.014622414622478042,0.046173684471664034,0.09244393805971574,0
2024-08-20,205.7942990967,207.0724873016,200.9368102652,202.7165784403,4860323,194.974586878675,217.328966806508,200.78515497231612,49.670814885121764,-3.6619315985256833,-6.903860435148648,3.2419288366229644,215.6598418177018,174.28933193964824,21.21841135316614,0.04233214219164056,-0.022660472172287838,-0.026766746919658524,0.026693227091246996,1
2024-08-21,204.5750104022,206.4924402041,203.1241551854,205.6271385499,4460528,195.10192388347,216.95452718160604,201.24629626541935,51.591258510589505,-2.8781094380714762,-6.098710235733213,3.220600797661737,216.01530352914324,174.18854423779675,21.438414577771503,0.04023250990305343,0.014357780365048756,0.005868205868440501,0.03714724991349083,0
2024-08-22,205.555203621,207.24000158,196.5006461687,197.2494452616,6621890,195.01736031271997,216.376938327436,200.86564378886513,46.13444028195711,-2.89951080614901,-5.458870349816372,2.5593595436673624,215.88158682141795,174.153133804022,21.39730173277001,0.04106148418240643,-0.040742157612950414,-0.0490186782970794,-0.05301420950741442,1
2024-08-23,199.1805587117,202.7964701209,197.2297400223,199.6830423135,5296425,194.850442397695,215.69698694375398,200.7530150769256,47.8596665684559,-2.6891023034239936,-4.904916740537897,2.2158144371139032,215.50825658318925,174.19262821220073,21.20376421145722,0.04089083089040419,0.012337662337516209,-0.014964420523175703,-0.023208585546259264,0
2024-08-26,197.7125183848,198.2938229438,192.2738723417,193.3379552632,7333916,194.4105185102,214.89210041373397,200.04681890418982,43.91073845440235,-2.999768086743984,-4.523887009779115,1.5241189230351306,214.80197619306568,174.01906082733433,20.97773087498433,0.041498544181410135,-0.03177579316093504,-0.059764403538192234,-0.06787679941155389,0
2024-08-27,191.9093254149,193.8995545828,188.9633921415,192.8847347596,6632516,194.38205937062,214.08837576591998,199.36471565232412,43.63379621096841,-3.2451361555953326,-4.268136838942358,1.0230006833470258,214.78036549817298,173.983753243067,20.98784856339072,0.04033574746691183,-0.002344187942729614,-0.0221278721276571,-0.04850044212637239,0
2024-08-28,191.8107992184,193.7419126685,187.9879827968,190.0471803022,6412480,193.451633668755,213.113247559778,198.4773313332647,41.85398232316951,-3.626752107501204,-4.139859892654128,0.5131077851529238,212.83304303931416,174.07022429819582,20.037472936254165,0.036008563027886804,-0.014711140624666719,-0.048255785266792084,-0.0757680059041389,1
2024-08-29,193.7714705275,195.387300149,188.8451607057,190.135853879,6730335,193.3073630265,212.04215307014198,197.682904909049,41.93369190146227,-3.877334780417698,-4.087354870206842,0.21002008978914422,212.74232145449136,173.87240459850867,20.10783047651119,0.03190955817766998,0.00046658717408498696,-0.016562197421819413,-0.03606393606413272,1
2024-08-30,194.6187958168,194.9242270257,189.7121912344,194.3527750864,7313848,194.08633736331998,211.20957802667198,197.36574968784433,45.742886532575085,-3.6930815101133305,-4.00850019818814,0.31541868807480977,212.34177811293316,175.8308966137068,18.811670102712995,0.027125478995374683,0.022178464089595673,0.007610972058673671,-0.02669363990724649,0
2024-09-03,190.2343800755,191.2097894202,179.8103084927,180.6674864017,12163375,194.17711407657,210.19336724532997,195.77543889868772,37.21134551101233,-4.598341076487827,-4.126468373848078,-0.47187270263974934,212.1444168484216,176.20981130471841,18.50609723735675,0.03189558031929043,-0.07041468113134053,-0.049354554408989726,-0.06553534118146176,0
2024-09-04,177.3373009622,181.6034852678,174.8150303335,179.692077057,6241131,194.149306211845,209.267187600136,194.24369015186033,36.686146803625356,-5.332997709247451,-4.367774240927952,-0.9652234683194987,212.20426113282423,176.09435129086575,18.599041400929522,0.03188369697830233,-0.0053989202159553384,-0.054927971810336595,-0.06839658783284508,0
2024-09-05,176.4013020961,181.0320333285,175.2669699965,177.5836164533,6494995,194.25206667717,208.21171859905,192.65701646628315,35.51913846280614,-6.0160047749896535,-4.697420347740293,-1.3185844272493608,211.90074927340964,176.60338408093037,18.170908447085104,0.0314114550973618,-0.011733742734974184,-0.08628206428050855,-0.0655814194616372,0
2024-09-06,176.8545225997,178.0417632667,170.8345719975,172.1745282691,8887931,193.49242773803502,207.08936632232,190.70630330464667,32.64971582340924,-6.914060026091505,-5.140748283410535,-1.7733117426809697,213.4215860123713,173.56326946369873,20.599419323342122,0.02795872263991409,-0.030459387483092848,-0.04700878006193421,-0.09446574774545335,1
2024-09-09,174.4898938853,175.9185237336,171.9971811155,174.9332617692,7492474,192.839751607875,206.01510897478397,189.20410887269938,35.511171071551175,-7.318801951863122,-5.576359017101053,-1.7424429347620691,214.24754251487573,171.43196070087427,22.202674218883924,0.028272730600335617,0.01602288984226652,-0.026483167014038522,-0.09991888877618038,1
2024-09-10,175.3470717942,175.879113255,171.5439606119,175.4258927514,5367884,192.117802131395,204.88266007135798,187.891897813528,36.03380153813335,-7.513204100803705,-5.9637280338415835,-1.5494760669621215,214.81333459670088,169.4222696660891,23.626683434348003,0.028141660366880115,0.002816108138713913,-0.01215046604520209,-0.02901237934226708,1
2024-09-11,177.5836164533,183.6626827733,172.8248011655,183.1996096501,8187051,191.405477377475,203.877759861612,187.44501322653488,43.77693010230356,-6.959767352632298,-6.162935897599726,-0.7968314550325717,214.28092791679742,168.53002683815257,23.90260806822079,0.028512903958668453,0.044313395113891874,0.06403433476389941,0.019519684176099616,0
2024-09-12,181.6428957464,182.4015474589,177.3964166801,180.5098444874,8013044,190.51785752605002,202.75121683254602,186.78452096566488,41.8875421819063,-6.661417635817315,-6.262632245243244,-0.39878539057407103,213.6365660042386,167.39914904786144,24.269334936256563,0.028563432529553373,-0.014682155534268326,0.031878344128502656,0.016478029294270558,1
2024-09-13,182.5690419929,186.0174588681,182.2242003054,185.6923224198,4851255,189.38787993075,201.68014179274599,186.6805020565349,46.66398089423688,-5.938337223354097,-6.197773240865415,0.2594360175113186,211.08675795263673,167.68900190886325,22.914748324782952,0.026710046455729462,0.02871022324082584,0.058522886829191156,0.07851216022832586,0
2024-09-16,182.2734634036,185.1405757198,180.4408761499,184.8154392716,5915836,188.40727610423,200.605688571596,186.50287702939823,45.97540865482433,-5.374098664461769,-6.033038325584687,0.6589396611229175,209.04554844565206,167.76900376280793,21.908147889155444,0.026529551329279647,-0.004722236960436055,0.00882004947819559,0.05649112925955824,1
2024-09-17,186.7071422431,187.6914189455,183.2390201286,185.8105538556,4026069,187.326966812095,199.478373639388,186.43694148903649,46.932411280262876,-4.791405767865626,-5.784711814040875,0.993306046175249,206.0445164549426,168.60941716924742,19.983828235069744,0.026254586957265288,0.005384369335819317,0.02936520932280806,0.05919685481616077,0
2024-09-18,187.9485723182,188.8353080861,183.0124098768,183.3966620429,4266884,186.36097099222502,198.20091126709198,186.1473910655949,44.85664788781303,-4.472838249689573,-5.522337101170615,1.049498851481042,203.74876851919183,168.9731734652582,18.660342274877102,0.026003047401701774,-0.012991144811806077,-0.012362710245554132,0.0010756157896643082,1
2024-09-19,191.6827151631,195.4070053883,190.0669840677,193.810881006,7326067,185.77015811503,197.062902460656,186.87724725039538,54.256624553207935,-3.3415118922423517,-5.086172059384963,1.7446601671426114,201.19100286445737,170.34931336560263,16.602068820847634,0.029174288520504146,0.05678521542918746,0.04867256637136519,0.0736859341736813,0
2024-09-20,191.4856627702,192.6433455783,186.6775843842,189.3279390683,14306869,185.37408280536502,196.10485494453403,187.11064647114821,50.28309280240068,-2.77467878223851,-4.623873403955673,1.8491946217171629,199.98064655478413,170.7675190559459,15.759013912160944,0.02821065605119557,-0.023130496669901635,0.01892995386813978,0.01957871279287926,1
2024-09-23,191.5546311077,192.7566507042,189.8501279094,191.1802315612,4457925,184.94894226775,195.14176815236002,187.49822600353409,51.852126121687725,-2.151197271750732,-4.129338177514685,1.9781409057639534,198.30640216448325,171.59148237101675,14.444483686092882,0.02814963438496657,0.009783513738200966,0.04244117331033692,0.034438639513479474,1
2024-09-24,193.6138286132,194.9340796454,190.9043582112,193.8798493435,4849713,184.976036971765,194.190391930458,188.10599965495942,54.12453231262552,-1.4228454131309434,-3.588039624637937,2.1651942115069938,198.40346825375136,171.54860568977867,14.518022444210896,0.02743872656304892,0.0141207998350803,0.0003558537949057694,0.043427541226592314,1
2024-09-25,192.4118090167,197.3381188384,192.4118090167,194.4020381846,5060128,185.05190214301498,193.24375636083798,188.70562237206806,54.5711649339213,-0.7943285176216364,-3.0292974032346773,2.234968885613041,198.672962614529,171.43084167150096,14.721340676614247,0.02743436806560621,0.0026933631466508068,0.02680058284725484,0.060008595680578036,1
2024-09-26,207.7129273229,209.0233257355,199.5155477796,206.5207603461,7849767,185.87558114521,193.04628668055,190.40230217911872,63.461770774564535,0.6738870973571238,-2.288660503116317,2.962547600473441,202.30760213184834,169.44356015857164,17.680666696935628,0.030398464319684355,0.062338452182236326,0.08024118738442487,0.06557877077967844,0
2024-09-27,207.9690954337,208.2154109247,200.9934407261,201.8998817333,4524814,186.463782537925,192.80399101898598,191.49730975570742,58.74119525299309,1.447901754255497,-1.5413480516419544,2.9892498058974515,204.2500988318065,168.6774662440435,19.07750239944202,0.030985499944388373,-0.022374886694471074,0.04136599247913986,0.06640299750194112,0
2024-09-30,198.0376548331,201.2988719351,195.7616996954,199.0721798956,5747161,186.699752778385,192.65047266667798,192.2187259595067,55.99623940682452,1.8122515325302402,-0.8706281348075156,2.6828796673377555,205.01579535281385,168.38371020395616,19.620853591777625,0.03089137361329875,-0.014005465547697882,0.024023110840871498,0.04128014842305294,0
2024-10-01,200.4121361671,201.052556444,190.7861267755,194.2936593686,6930055,187.38106142673,192.14159674810602,192.41633866513465,51.60740559750969,1.695865800733742,-0.3573293476992641,2.053195148433006,205.76247937049533,168.9996434829647,19.619291089300226,0.026643964142538577,-0.02400395941565514,-0.05920519059202123,0.00213436324868832,1
2024-10-02,194.9143744061,201.4959243279,193.840438865,198.1854441277,5536564,188.305729780265,191.785680441058,192.96577728061706,54.72009523152054,1.8958100565965026,0.09329853315988923,1.8025115234366134,206.90624913724736,169.70521042328267,19.755659457295742,0.02677958378613626,0.020030425963190046,-0.018397423384856504,0.019461760681271034,0
2024-10-03,194.7961429704,200.1313365073,194.7961429704,196.6484354633,3813269,189.258970730765,191.65704118124398,193.31650663134877,53.262977836055995,1.908246488313523,0.456288124190616,1.451958364122907,207.5147109757983,171.00323048573168,19.29180970872283,0.026661345397014608,-0.007755406413246235,-0.012175204157462316,-0.04780306283133651,1
2024-10-04,201.604303144,201.8998817333,196.5646881964,198.9933589385,4134027,190.599912264235,191.658094026482,193.85715923202986,55.222043576422344,2.0833031551925387,0.7816911303910006,1.3016120248015381,207.53081841304999,173.66900611542002,17.765911796793596,0.02530744633295792,0.011924445112799553,0.02418864097352791,-0.014395861799658571,0
2024-10-07,196.4415304508,198.618959392,195.3074939299,197.1804769241,3711131,191.71227302198002,191.54127555268397,194.17366567889368,53.359836339530446,2.0520970992601804,1.0357723241648367,1.0163247750953437,207.24540457683125,176.1791414671288,16.204629270730447,0.025488601961134543,-0.00911026390061731,-0.0050708426545820195,-0.009502598366542547,1
2024-10-08,197.1804769241,199.5623477229,195.7419944562,197.9194233974,3616136,192.83694955428,191.45693536036998,194.53040450922762,54.04017017644006,2.0632094852259115,1.2412597563770518,0.8219497288488598,206.65270481355262,179.0211942950074,14.328950225779971,0.02548273950123565,0.003747564083560251,0.006463249662300052,0.018661257606567005,1
2024-10-09,198.4317596188,202.5600072494,197.6731079063,202.0378184083,4141557,193.77885999219,191.62861337751198,195.2453963091393,57.740074036781,2.3769363470631504,1.4683950745142715,0.9085412725488788,207.40537259593347,180.15234738844654,14.063982628747699,0.024146879870732288,0.020808442851163456,0.01529930187640538,0.019438230176570093,0
2024-10-10,198.0573600724,201.2397562172,197.0031297705,200.9540302475,3796758,194.801069280195,191.474580095672,195.78907573184034,56.45214027998366,2.509190116620374,1.6765540829354921,0.8326360336848819,207.31448038873418,182.28765817165583,12.847374149204821,0.023831365604649674,-0.005364283624414212,0.019137560585435365,0.02189488451335042,1
2024-10-11,199.1608534724,204.1757383447,199.1608534724,202.0378184083,2604134,195.61834407962002,191.65491112935598,196.38419408197936,57.47368785176715,2.670669018797412,1.8753770701078762,0.7952919486895356,207.7753979536261,183.46129020561392,12.429359762965754,0.02320565655023935,0.0053932143558663714,0.020808442851163456,0.01529930187640538,1
2024-10-14,203.9098161406,211.0923758606,203.9098161406,210.7376815535,5239260,196.914456193715,192.294198993426,197.75119288879085,64.6435819719577,3.460755030447274,2.192452662175756,1.268302368271518,209.69931658082365,184.12959580660637,12.985192285254572,0.024624974067491194,0.04306056763896726,0.04306056763896726,0.0687553090492754,0
2024-10-15,210.530776541,212.5210057089,186.7711842708,188.2047404289,16613187,197.03416552238,192.48125475927,196.8420069402298,43.96721857254916,2.2428299067809974,2.2025281110968042,0.04030179568419312,209.44012514420194,184.62820590055804,12.5926989250124,0.035419958984719016,-0.10692411987497152,-0.06344381251223297,-0.049084030267176004,0
2024-10-16,190.3723167505,190.3723167505,181.1896752428,181.8695059982,10972552,196.957807720145,192.51368019220402,195.4160544695603,40.08516185200877,0.7576809247440792,1.9135586738262593,-1.15587774908218,209.7124771219258,184.20313831836424,12.951676858531783,0.03615142316495295,-0.033661396712232894,-0.09982444162677351,-0.09982444162677351,0
2024-10-17,187.1997732253,187.9879827968,180.3029394749,180.5394023463,9727114,196.29423378716,192.61390009619402,193.9992304578212,39.300578114514366,-0.5206370126129798,1.4267195365384115,-1.9473565491513913,210.88369736693954,181.70477020738048,14.86489266475219,0.03362564540914532,-0.007313505607219106,-0.14329795689402403,-0.10158854677389062,1
2024-10-18,183.5345987179,184.0370823197,181.9187690964,183.6134196751,5758553,196.0085078175,192.53882234866,193.01010562137157,42.12018339844534,-1.2710142192122476,0.8871727853882798,-2.1581870046005274,211.33758629970765,180.67942933529235,15.641237875735758,0.03355841073815017,0.017026850033011742,-0.024395351271901178,-0.09119282161306042,0
2024-10-21,183.4163672822,183.9582613626,181.3867276357,181.7414219428,4918119,195.53656733658,192.413915100068,191.9368976519838,40.87496690261489,-1.993765248962518,0.31098517851812035,-2.3047504274806383,211.97241941042574,179.10071526273424,16.811026497723542,0.03351850359792019,-0.010195320884565318,-0.0007042635030924949,-0.13759409042060056,0
2024-10-22,181.8793586178,182.5493367536,179.8792768302,180.3029394749,6753600,194.85772184315,192.222676243946,190.82890163511868,39.89885637317767,-2.652052944935946,-0.2816224461726929,-2.3704304987632527,212.5822147623127,177.13322892398728,18.192240729807956,0.03332305938417989,-0.00791499512066507,-0.001309757694591407,-0.0419851324466779,0
2024-10-23,179.2684144123,181.0320333285,177.1402485693,180.0073608856,6015230,194.1379879782,191.873901367088,189.7982787065931,39.68912365972759,-3.1611615065124568,-0.8575302582406458,-2.303631248271811,213.00994326880505,175.26603268759493,19.441795484894193,0.03329762475828864,-0.001639344262277742,-0.01963940759820737,-0.010238907849776768,1
2024-10-24,184.1257558965,185.0321969037,180.5295497267,181.0418859481,6122134,192.8640442583,191.52949425573198,188.96433653911757,40.860869421303065,-3.4414848873030053,-1.3743211840531178,-2.0671637032498875,211.66015910840176,174.06792940819824,19.491569745295184,0.029628932253135985,0.005747126436443262,-0.003849072969838274,0.00278323510142231,1
2024-10-25,183.7415037304,186.4114651276,183.4262199019,183.7710615894,4794657,191.957603251105,191.03907800100401,188.46973892485875,43.95440010345856,-3.4041802497297624,-1.7802929971884467,-1.6238872525413157,210.67162439164494,173.2435821105651,19.49807751668956,0.02973119915151431,0.015074829932352651,0.01923497267765173,0.0008585533376532783,0
2024-10-28,183.7710615894,184.8745549894,181.6921588446,182.6084524715,4101018,191.13441687990002,190.602696734394,187.91152116739602,42.9243226890219,-3.4289026399566467,-2.110014925742087,-1.3188877142145596,209.9721961528266,172.29663760697343,19.71155125323491,0.029648103748593484,-0.006326399313607012,0.014449917898374354,0.004770681991103087,1
2024-10-29,182.6084524715,188.7072240307,181.929606978,187.318004661,6007375,190.78563414452,190.20072203364802,187.8549957858345,48.21821494536915,-3.0335054474967365,-2.294713030093017,-0.7387924174037193,209.6348295696287,171.9364387194113,19.75955423439318,0.029957478656908215,0.025790439192485026,0.03466666666684648,0.03890710382498552,0
2024-10-30,184.2439873323,185.4164490698,181.9778848143,182.5690419929,5851339,190.00481403778,189.7977713047,187.35157161507883,43.805955819793695,-3.067986088494848,-2.4493676417733834,-0.6186184467214648,208.8569886544484,171.1526394211116,19.843891547842464,0.029969146293269536,-0.025352409004646748,-0.0065408535277751145,0.014230979748256045,0
2024-10-31,182.4803684161,182.4803684161,176.6377649675,178.9038674855,7307475,189.11758563889,189.263305883412,186.54702836464273,40.709756100932736,-3.352416624471175,-2.6299774383129417,-0.7224391861582333,208.3028521888329,169.9323190889471,20.289246486655284,0.030183840004187626,-0.020075553157268167,-0.020287040034897452,-0.011809523809384714,1
2024-11-01,179.1501829766,182.7365365268,178.5491731784,180.6773390213,6318878,188.20178464303,188.93186375860603,185.98801033194343,42.815887392617284,-3.395583370605692,-2.783098624771492,-0.6124847458342,207.161242960091,169.24232632596903,20.148011192372227,0.030130360435413596,0.009912986011572755,-0.03545129391975954,-0.016834655801316045,0
2024-11-04,180.4999918678,181.1502647642,177.8003740855,179.140330357,3857564,187.299777314675,188.521009519476,185.33585033432976,41.441912582294854,-3.5133177418449293,-2.92914244818618,-0.5841752936587494,206.18112256692544,168.41843206242456,20.161631287504026,0.030125661849399774,-0.008506925509450869,-0.01878035617907947,-0.018992122585570037,1
2024-11-05,180.5985180642,183.9976718412,180.4014656713,183.7316511108,4053013,186.590388700345,188.32888343642801,185.18306945589836,46.92139254637683,-3.1992627561384097,-2.983166509776626,-0.2160962463617837,204.87927051545338,168.3015068852366,19.603241027038585,0.030823946463932238,0.02562974370232629,0.026985350809653585,-0.019145802650900712,1
2024-11-06,186.1751007824,186.5889108074,182.0271479125,184.7563235537,6393318,185.726313957615,188.16631521231,185.14242698902234,48.08886091930558,-2.835009193474434,-2.953535046516188,0.11852585304175367,202.59180652317295,168.86082139205703,18.161661862741614,0.03038348253783301,0.005577005576911098,0.02257607154552521,0.011980572045095617,1
2024-11-07,188.1456247111,191.4659575309,188.1456247111,191.2294946595,5274709,185.240087178215,188.189961499456,185.722147719544,54.8456709789888,-2.0009392291756,-2.7630158830480704,0.7620766538724704,200.83430099107972,169.64587336535027,16.836759311025272,0.03160660404932041,0.03503626279897554,0.0674843251567534,0.06889525278149167,0
2024-11-08,189.4560231236,191.2393472791,188.4461296102,189.1998550129,4767343,184.598189008445,188.171241522134,186.05335793795885,52.536638877393784,-1.4865714599616808,-2.5077269984307926,1.0211555384691118,198.31804938547543,170.87832863141455,14.864566603524793,0.031612653851961554,-0.010613632851009469,0.02976190476186602,0.047169811320916466,0
2024-11-11,189.4757283629,190.3526115112,183.7119458715,185.7809959966,5475193,183.3503547306,187.999805940338,186.0274187054485,48.80899496075728,-1.3393652778612193,-2.274054654316878,0.9346893764556587,190.10545647646555,176.59525298473446,7.368517782025498,0.029853153585718856,-0.018070093214748395,0.0055460750852307505,0.03706962930327373,0
2024-11-12,185.9287852913,186.9534577342,181.7516686673,183.8597351662,5478424,183.133104467465,188.06365091562802,185.82097265409152,46.799427919707675,-1.3620323492632735,-2.0916501933061573,0.7296178440428838,189.51914318279776,176.74706575213222,6.974204618987718,0.01816422830132102,-0.010341535850282302,-0.038538822195929856,0.0006971256973180573,0
2024-11-13,181.3571697767,182.7463891465,179.830013732,180.0960344624,8634649,183.044430890675,188.07173006373603,185.275740445359,43.05932711246245,-1.6645079473969417,-2.006221744124314,0.34171379672737245,189.5463891407465,176.54247264060348,7.104240449636914,0.01712610027358057,-0.02047049997324213,-0.04811748164330931,-0.02522397610897187,1
2024-11-14,184.0223033903,184.8499234403,182.3621369804,183.2587253679,11747404,183.18039704175501,188.185232242028,185.08364377131528,46.89963977115019,-1.630227070881773,-1.9310228094758062,0.3007957385940332,189.5800583399553,176.78073574355474,6.987277461508616,0.01749316558176875,0.017561135729283972,-0.013576580398708571,-0.041681694059761076,0
2024-11-15,165.8540727678,171.5045501333,164.8638844936,166.3910405384,16287484,182.31927808492,188.069562487414,183.30339584437098,33.80467867995965,-2.9303610478071107,-2.1308904571420673,-0.7994705906650434,192.03156710139547,172.60698906844453,10.654154753675266,0.02675038866833747,-0.09204301075235233,-0.09501098547764786,-0.12055408009136603,1
2024-11-18,165.2087261811,169.1399214189,164.3910572769,168.2137751724,8331082,181.64289574640003,187.93517275547802,181.8662891137071,35.887862590817534,-3.770186773480134,-2.4587497204096804,-1.3114370530704536,193.1418019816437,170.14398951115635,12.66100299490692,0.026933351562258873,0.01095452392209384,-0.06597735105866953,-0.09455876113680384,0
2024-11-19,165.8589990776,167.4551234598,165.0215264079,166.814703183,8651084,180.968483931805,187.76294896411,180.43280473935405,34.97795756473049,-4.496811682794572,-2.8663621128866588,-1.6304495699079133,194.16020413054372,167.77676373306628,14.579024935313937,0.026936968987899507,-0.008317226029593061,-0.08973118279573267,-0.09270671453862445,1
2024-11-20,166.814703183,168.0117964697,164.5978637632,167.9773123009,6197305,180.36698150257,187.458503017126,179.2465673642632,36.42054978255926,-4.922115238433037,-3.2775127379959343,-1.6446025004371023,194.7246838841854,166.00927912095463,15.920544061897274,0.02703725944014573,0.00696946429610934,0.00953339649398921,-0.06729033316960753,1
2024-11-21,169.0805001717,174.8574008025,168.9127231773,173.5538950191,8917431,179.99258195611998,187.31938402775998,178.70440809329526,42.95784380899342,-4.7543821921003655,-3.572886628816821,-1.1814955632835447,194.64780109066876,165.3373628215712,16.284247912085124,0.028182213617866398,0.03319842806039541,0.03174603174577695,-0.052956989247399444,0
2024-11-22,172.9317672589,173.879771465,171.2135096354,172.6947662074,4242578,179.43876718702,187.05943290351198,178.13206124701952,42.237313333483456,-4.637320910669359,-3.785773485187329,-0.8515474254820306,194.31642983813495,164.56110453590506,16.582439663786484,0.02790849616681623,-0.004950213370926937,0.03524906924990545,0.03788500660013128,0
2024-11-25,174.5018992252,174.9759013283,169.7841957938,172.3688897615,8926467,178.92678905152,186.81050191331,177.58318777220813,41.94989127848515,-4.518755111378766,-3.932369810425617,-0.5863853009531494,194.03584633241297,163.817731770627,16.888535653029013,0.027895970289277077,-0.0018870082345671113,0.026143872648309197,0.024701393122183113,0
2024-11-26,173.1490182228,173.2922063581,168.7941239011,171.0357588467,6517076,178.112676760805,186.515006013132,176.95962311263594,40.728849676733034,-4.480712519823101,-4.042038352305114,-0.4386741675179868,193.07942885628148,163.1459246653285,16.805936969411757,0.027102511979811957,-0.00773417358923989,-0.014509246088213024,0.025303858611727792,0
2024-11-27,171.0357588467,171.1740094601,166.6516343954,169.1792506098,4348730,177.44318719165,186.23065778447003,176.21863525522298,39.025300626424745,-4.547942342831959,-4.143219150410483,-0.4047231924214758,192.74678760127082,162.13958678202917,17.249014348566632,0.026697164804774513,-0.010854503464179044,-0.02035681610279949,0.007155360997483706,1
2024-11-29,174.1760227794,176.2004067611,172.0825134909,172.5268904625,5944388,177.1243383405,185.8049779736,175.8670405130589,43.60580627099283,-4.281738684941672,-4.170923057316721,-0.11081562762495079,192.55809369878753,161.69058298221248,17.42702951258794,0.02687813935593088,0.01978753210357409,0.0009166427956845968,-0.005917496443896941,1
2024-12-02,173.2872688362,181.9674323481,172.5268904625,180.9749904448,9100590,177.139220911675,185.63791900113,176.3535119351295,53.16715749779032,-3.350457316953083,-4.006829909243994,0.6563725922909107,192.5872194892865,161.69122233406353,17.441646743285784,0.029076457102890575,0.04896685936698231,0.05811200923783777,0.047947163769026746,0
2024-12-03,178.9456689412,180.9700529229,178.5407921449,180.8713024848,5939932,177.225769518065,185.431740419602,176.78377770176476,53.04827713217471,-2.5909104719824825,-3.7236460217916916,1.132735549809209,192.7369105521757,161.7146284839543,17.504385593912865,0.02900120820208478,-0.0005729408231776034,0.06911043661002436,0.04932684044704616,0
2024-12-04,183.0240620361,183.3795636134,178.1951656114,178.8962937221,5819763,176.98400164863,185.13206930717402,176.98496970370144,50.72186177331778,-2.1238484238364777,-3.403686502200649,1.2798380783641714,192.23046092719116,161.73754237006884,17.229194883761608,0.028507655695525984,-0.010919414719568143,0.036918321790448294,0.045958429561185676,0
2024-12-05,174.3340234804,177.1780360986,168.4188722362,169.8803787206,8663758,176.240204406975,184.64163611789402,176.30834199102512,41.725907677282116,-2.452931509609982,-3.2135355036825155,0.7606039940725333,191.34821808738872,161.1321907265613,17.144798181833906,0.030511760431994623,-0.05039743872785574,-0.06130466810320967,0.004144291384864385,1
2024-12-06,170.0087542902,171.1542593725,169.2088757413,170.8580080581,6058479,175.221630076905,183.928381072134,175.7892625688418,42.90833339203641,-2.604818977129298,-3.0917921983718726,0.48697322124257436,188.8216280826672,161.6216320711428,15.523195395218195,0.02922901031628431,0.00575481020741031,-0.05536143262716586,-0.009673172685870313,0
2024-12-09,169.8211284577,172.3195145425,168.0831207466,169.7125029758,7647077,174.24726247505,183.28463349698401,175.2105235599807,41.837140169073706,-2.785513905800798,-3.030536539857658,0.24502263405685998,186.4191283416099,162.0753966084901,13.970797237979857,0.029203955562961476,-0.0067044272335803345,-0.051335835724837575,-0.06223228657904101,0
2024-12-10,171.3320101611,171.707261826,165.3477336103,166.0686118086,8230865,173.26164326565,182.62456213524402,174.33986529794444,38.541024209993495,-3.186021035268226,-3.0616334389397712,-0.12438759632845464,184.7089661546625,161.8143203766375,13.213914716786004,0.029293804555453565,-0.021470964739230713,-0.022437946870068837,-0.08184101332185623,1
2024-12-11,167.6091186435,171.0357588467,167.3671800701,168.9916247774,6698595,172.51823774621,182.11852144342,173.83050905789258,42.45736322233294,-3.2303259165675513,-3.0953719344653274,-0.13495398210222387,183.00696004453934,162.02951544788064,12.159551865767622,0.029697912849795702,0.017601236844015267,-0.010923592648144131,-0.05536542283031343,0
2024-12-12,167.5794935121,167.9843703084,164.72560585,166.9672407956,6108503,171.86179806287,181.49415737677802,173.17686446148377,40.531038386210426,-3.3897142076827436,-3.1542403891088107,-0.2354738185739329,182.0091009574707,161.7144951682693,11.80867768052635,0.029506771904991205,-0.011979197102025552,-0.016175957175008304,-0.017148171830904668,1
2024-12-13,166.9820533614,169.3866265299,165.6736100561,167.2338669786,7051664,171.060555143405,180.905866007084,172.61086470120912,40.91129394464713,-3.4546925270615247,-3.214330816699354,-0.2403617103621709,179.93215894405577,162.18895134275422,10.3724716586047,0.029124719995391925,0.0015968772181269575,0.0070167092824440225,-0.021211420645075307,1
2024-12-16,167.9103074798,169.59400245,166.7401147879,167.2931172415,6643007,171.10565897856,180.27186117314403,172.1044125621892,41.00157524415573,-3.4615052346391053,-3.2637657002873044,-0.19773953435180092,179.89059272399086,162.32072523312914,10.268431561964457,0.02050030613319045,0.00035429583714408075,-0.010050838543846918,-0.014255789596391621,1
2024-12-17,166.8882404451,168.6163731125,166.2661126849,168.2114963161,6817636,171.105545035745,179.69248156098402,171.73365863399022,42.46885432550323,-3.354134464144721,-3.2818394530587875,-0.0722950110859335,179.89062886991343,162.32046120157656,10.268613834032292,0.020389322385133357,0.005489640516855632,0.007452093683594008,0.012903609442883601,0
2024-12-18,168.8039989449,172.2503892358,162.4938459482,163.3825998914,9000741,170.933939871165,179.00174509086403,170.9383197061245,37.22640753549107,-3.6169994218343504,-3.3488714468139005,-0.26812797502044994,180.17008713194335,161.69779261038664,10.806686217774832,0.02132570242977079,-0.0287072912996722,-0.02302922940658203,-0.0331911412378475,0
2024-12-19,160.7512957169,163.1752239713,159.0178305259,159.4227073223,9252641,170.506209622235,178.149442869144,169.84159471718885,33.56711067367766,-4.097617249789096,-3.49862060740894,-0.5989966423801558,180.9622112098565,160.0502080346135,12.264657821890818,0.021860477012666434,-0.024236929585721656,-0.04704562894741493,-0.04518571090562584,1
2024-12-20,157.9809509255,162.6715967369,156.9717214478,161.5458417421,15336722,169.905806958385,177.361279099036,169.05152300527564,37.13517750294222,-4.258106337920168,-3.6505177535111857,-0.6075885844089823,180.95506019193556,158.85655372483444,13.006327954708283,0.020571350656914848,0.013317641228534294,-0.03962662909480352,-0.03401240035445596,1
2024-12-23,162.7110969121,165.5946097056,162.1136567614,165.3674836979,5040203,169.53944283290997,176.62787240482803,168.70066211885893,43.06307932969302,-4.030459896672198,-3.7265061821433885,-0.3039537145288098,180.68003182964551,158.39885383617442,13.142179554895883,0.021432726128970216,0.023656702732720802,0.012148685403582604,-0.011510536568101526,1
2024-12-24,165.3378585664,166.6117392184,164.8144812443,166.2661126849,2595759,169.23430397908,175.738441027456,168.4688002680057,44.39094437709606,-3.7344877526098514,-3.7281024962366813,-0.006385256373170112,180.38249075455835,158.08611720360167,13.17485464041194,0.021496229605500006,0.005434133524349072,0.04292616451911657,-0.01156510508380637,0
2024-12-26,165.2588582159,166.7400160375,164.6663555871,165.4563590922,2796316,168.955333991355,175.283473400722,168.18190110840516,43.40853558115279,-3.524638208359164,-3.687409638661178,0.1627714303020138,180.18815629700867,157.7225116857013,13.296795123648996,0.02146259477036263,-0.004870226287389201,0.024206858610096083,0.012692656391674717,0
2024-12-27,164.0738529583,165.1107325587,162.5728462987,164.7453559377,3599555,168.73363925774999,174.94099039951197,167.85461109214754,42.518757405512346,-3.3767775554350408,-3.625283222015951,0.24850566658091022,180.11408116669207,157.3531973488079,13.489238967409259,0.02136101595590201,-0.004297224708684544,-0.0037620924397480104,0.033387016848480444,0
2024-12-30,161.9507185385,162.9085977884,159.9460846444,161.5952169612,4763085,168.187055582685,174.56210669181002,167.2584783177716,38.73079312605937,-3.473743656763048,-3.594975308965371,0.12123165220232268,179.83321833372548,156.5408928316445,13.849059561322715,0.021128161947347564,-0.01912126116435864,-0.028092890657473113,0.00030564215437256514,0
2024-12-31,162.3753454225,163.1159737085,159.9460846444,160.5978375361,3565535,167.16819793725,174.10179504903002,166.62413157666,37.58896419306694,-3.589690457734406,-3.5939183387191784,0.0042278809847724474,177.67028409768778,156.66611177681222,12.564693871234955,0.017218387204696456,-0.006172085064494737,-0.029364368844793654,-0.02884270870634642,1
2025-01-02,162.4148455977,164.6268554119,160.7953384123,161.8223429689,4169023,166.215749961455,173.703413469552,166.16681837592094,39.93041106367478,-3.541942470035792,-3.5835231649825015,0.04158069494670924,174.8659409047338,157.5655590181762,10.408389030864713,0.017445741354823612,0.007624669494847636,-0.01774261224034368,-0.026726851576915456,1
2025-01-03,163.3134745847,168.2904966666,162.7110969121,167.9349950894,5721416,165.66768502982,173.456054581842,166.33521615815704,50.012257701568295,-2.9765500886361735,-3.462128549713236,0.4855784610770626,172.15276216327766,159.18260789636236,7.829018836462094,0.019865224067696776,0.0377738451214662,0.03923246150114834,0.014980602805473309,1
2025-01-06,172.7885791236,178.1211027828,172.6750161197,175.2622775988,8475462,165.93677997372998,173.361152916106,167.1854124858373,58.91403724374793,-1.9151454860645458,-3.1527319369834985,1.2375864509189527,173.46196839383097,158.411591553629,9.069946302793543,0.019163774005672356,0.04363165941380687,0.09131156613116698,0.06383743930892405,1
2025-01-07,177.8199139465,179.5677967014,174.1925141025,175.5980290885,7332112,166.17378102524998,173.252275778914,167.9866140670433,59.27194137925451,-1.0349520690757856,-2.729175963401956,1.6942238943261705,174.55399775778062,157.79356429271934,10.086087806183183,0.019140590714269035,0.0019157088125294486,0.08512845548310666,0.08665362991939385,0
2025-01-08,175.5289037818,175.943655622,172.6552660321,174.778400452,4581723,166.42707589906,173.07242255616598,168.6334508656106,57.94493626504108,-0.39893099749113503,-2.2631269702197923,1.8641959727286572,175.49762074482163,157.35653105329834,10.900323516184397,0.01909978142034375,-0.004667641435126324,0.04075032341506257,0.0882985918955006,0
2025-01-10,172.5367655064,172.5367655064,167.3869301577,169.5051270557,6325342,166.598901661415,172.81035604785,168.7164676456191,50.16350995595376,-0.3167376539602458,-1.873849106967883,1.5571114530076373,175.76546415300837,157.43233916982163,11.004349248619786,0.01974221523575377,-0.030171196112692478,-0.032848771692211676,0.04747665832694392,0
2025-01-13,166.9869908833,169.4656268804,165.6341098808,168.7249985944,5465785,166.585570352265,172.43849592651796,168.7172801169316,49.112738212786574,-0.31096408367409367,-1.5612721023091252,1.2503080186350315,175.7389407626006,157.43219994192938,10.989391687382913,0.019393091821565338,-0.004602388581695482,-0.03914070408293724,0.00470422203888754,1
2025-01-14,169.7125029758,171.5295110374,168.1868087066,171.4801358183,3842111,166.8112151034,172.216717803026,168.9804092313476,52.8676629688055,-0.0831138545214003,-1.2656404527515803,1.18252659823018,176.21029736757592,157.41213283922409,11.269125110502646,0.019497967922714417,0.01632915837518012,-0.018871122662584505,-0.021579896326338166,1
2025-01-15,174.5413994005,177.2669114929,173.6822705887,176.151031542,5908559,167.25707333156998,172.161661084156,169.66332564188593,58.46348430613879,0.46895551499045496,-0.9187212592031734,1.3876767741936282,177.50198897153825,157.01215769160171,12.250502099434414,0.020329039778116592,0.02723869853152716,0.03920769006660274,0.003149252052375262,1
2025-01-16,183.4783140515,189.3144649452,180.7231768276,184.1498170308,10825448,168.099908321035,172.23111064434596,171.0429914884492,65.9244677322838,1.5342240285009723,-0.42813220166234434,1.9623562301633166,180.71694090786337,155.48287573420663,15.0113497536626,0.02243178110105666,0.0454086781029881,0.09141987592176481,0.053618848522267504,1
2025-01-17,190.5883455971,190.7463462981,186.4309521517,189.6502164348,8115101,169.17184432697,172.44130836590202,172.8151081500064,69.92507097994958,2.790130377257128,0.2155203141215502,2.574610063135578,184.903150365482,153.440538288458,18.598019192965744,0.02310918371599237,0.029869154869049064,0.10596026490061217,0.11884648995000746,1
2025-01-21,192.3066032206,192.7806053237,188.4355860458,190.4599700275,7959064,170.525712833775,172.57587474423602,174.4955711859582,70.47463892425912,3.806901958438033,0.9337966429848468,2.873105315453186,188.527822123628,152.523603543922,21.113659624341917,0.021610208895677614,0.004269721426752859,0.08123107971745425,0.12881891607152385,1
2025-01-22,194.3655498557,198.0440036762,192.8842932837,193.0669815943,7288595,172.207926547375,172.74208790504804,176.2642769391336,72.23380906712549,4.768101106191324,1.7006575356261422,3.0674435705651817,191.9493292371586,152.4665238575914,22.92740303606486,0.020262189726285202,0.013687976357570353,0.04842342342381234,0.1258854016705082,0
2025-01-23,187.7542080227,188.8108377107,185.4434477704,188.31708552,6307345,173.54648873627,172.68383972225797,177.41216347064466,64.67310603849903,5.087930938461938,2.3781122161933013,2.7098187222686363,193.83739742238177,153.25558005015822,23.383830850011453,0.021643997358792917,-0.024602322132332044,-0.007029419422035388,0.06906603879352957,0
2025-01-24,188.5047113525,188.8849005393,183.2906882191,184.4164432138,6088398,174.498936712065,172.588171486276,178.07923773189756,59.19369574001003,4.969365398709698,2.896362852696581,2.073002546013117,194.9524035112881,154.04546991284187,23.44251166753265,0.022212235480216422,-0.02071316203428475,-0.03173121791853373,0.0014478764480956308,0
2025-01-27,177.3064116682,177.316286712,168.2905954171,172.3886398492,12150238,174.80506307028,172.320324363328,177.5372760287835,46.19639741606818,3.8603583353607007,3.0891619492294047,0.771196386131296,194.93723242670004,154.67289371385996,23.033851540473908,0.027293857224611997,-0.06522088353399036,-0.10710449593370808,-0.09101796407142193,0
2025-01-28,171.5788862565,172.6453909883,167.8757448265,170.6901323133,7360510,175.06675173133502,172.05693230627,176.88516710349936,44.70364956909775,2.8119919912934392,3.0337279576422116,-0.22173596634877235,194.83888355841108,155.29461990425895,22.588106115568113,0.02738404739604136,-0.009852781119369491,-0.09360251704207656,-0.10380048737456726,1
2025-01-29,177.7507886398,177.9581645599,171.6085113879,173.0897679599,5679925,175.483972332445,171.91680697622,176.52370051839466,47.29480963008706,2.1500007819518885,2.856982522504147,-0.7069817405522585,194.71198199564319,156.25596266924683,21.91426306075605,0.02747229005290594,0.014058432166397683,-0.061419009370919375,-0.10347296813485685,1
2025-01-30,177.1533484891,180.9799279668,175.2425275112,179.4492961757,6013770,176.37667629317,171.84061839237597,176.80232867623326,53.51211043872616,2.1141580592899913,2.7084176298613163,-0.594259570571325,194.57266287389675,158.18068971244324,20.633098392762232,0.02795807040826588,0.03674121405762887,0.04095778197842059,-0.04708966963785244,0
2025-01-31,180.3034874655,184.1103168556,177.8112239079,178.0964151733,5902833,177.25160517503,172.074725885074,176.92557500928723,52.103992978625044,1.9540610534883172,2.557546314586717,-0.6034852610983998,193.94978098293134,160.55342936712864,18.84121251416873,0.02799008733181103,-0.007539071098252692,0.043390222736519046,-0.03427041499316297,0
2025-02-03,173.1292681352,177.9976647351,172.0627634033,176.5657833822,5321278,177.988777195695,172.24176604927,176.89130914004085,50.485361113700755,1.6842587430603828,2.3828888002814503,-0.6986300572210675,193.1260500286917,162.8515043626983,17.009244146167237,0.02816151980229133,-0.00859439977840415,0.020082154267520247,0.024230967519982993,0
2025-02-04,173.2773937924,177.0595355729,173.2576437047,176.3287823307,4687114,178.40846655776002,172.43204763222403,176.83773515819885,50.22518772433154,1.4347752678982317,2.193266093804807,-0.7584908259065752,192.85726864790746,163.95966446761258,16.19743991854738,0.027084891731351,-0.0013422818790829183,-0.01738939027069064,0.0330344229099917,1
2025-02-05,174.5216493128,178.7481680649,173.0897679599,178.4124165753,3959496,178.56597350658498,172.64074971771203,176.9877048169704,52.54084003384858,1.3891761286036513,2.032448100764576,-0.6432719721609246,192.94265428526154,164.18929272790842,16.10237437329726,0.02544468560221285,0.011816756272337914,0.001774327695998279,0.030750798722158468,1
2025-02-06,177.3656619311,180.7923021343,176.3287823307,180.5158009075,4479079,178.811862097535,172.77998783548003,177.3237139684494,54.82558680446083,1.5054105829659647,1.9270405972048537,-0.4216300142388889,193.14524034483713,164.47848385023286,16.031797979357577,0.025554821528464236,0.011789450378932864,0.022371364653080317,0.005943209332823329,0
2025-02-07,180.8515523972,181.2465541497,176.4966580755,177.7507886398,4991954,178.960481506925,172.88110828412803,177.36438774667326,51.32749497796123,1.3587510078154708,1.8133826793269772,-0.4546316715115064,193.18471413551293,164.73624887833705,15.896506881087626,0.025804116789738787,-0.015317286651913897,0.008064516128927002,-0.0019406709178491077,1
2025-02-10,180.5750511704,181.7304312966,179.1530448613,181.3650546755,5744135,179.553477887915,173.061031582408,177.74540364465673,55.338803010012505,1.5166799588182016,1.7540421352252222,-0.23736217640702062,193.12542925482109,165.9815265210089,15.117447488684444,0.0250361463672512,0.02033333333346876,0.016549510156731895,0.027181208053835393,0
2025-02-11,179.5233590043,181.286054325,178.8271684154,180.9108026601,3913262,180.1627680912,173.25853245867597,178.0468702175561,54.728316831640115,1.586892737334665,1.7206122556471108,-0.13371951831244577,192.79725260952563,167.5282835728744,14.025633211774291,0.025003960069417283,-0.002504628117102059,0.0021881838078119387,0.025985663082539467,0
2025-02-12,177.1780360986,179.2616703432,176.0621561477,178.6296675392,6640831,180.520244677245,173.447540797264,178.10237472437933,51.647042516370554,1.441847608438593,1.6648593262054074,-0.2230117177668145,192.5415382777173,168.49895107677267,13.31849912120979,0.025077516316508414,-0.012609170305799,0.00494444444452502,0.0012176897105606876,1
2025-02-13,178.056914998,182.2118396825,177.3755369749,181.9674323481,10302003,180.81106471754998,173.63635163497602,178.47047545044796,55.58721874618705,1.5780373912563448,1.647494939215595,-0.0694575479592503,192.67588921655042,168.94624021854955,13.12400269036058,0.02470076037910329,0.01868538891036975,0.0033213546770505253,0.008041575492573338,0
2025-02-14,172.6552660321,173.8007711145,166.5031137364,167.0857413214,12452812,179.95786093208,173.35856665250802,177.3862150572053,39.95436998379997,0.4796120122314278,1.4139183538187616,-0.9343063415873338,193.12257439868654,166.79314746547345,14.630884584225182,0.028926294256287784,-0.08178216747176836,-0.07641921397405371,-0.060000000000067444,1
2025-02-18,169.6433776691,171.5887613003,166.9869908833,169.8507535891,10704879,178.96788778979501,173.13815567459397,176.66855206024292,43.153252325207184,-0.16587255695711178,1.097960171663587,-1.2638327286206987,192.04580299438135,165.88997258520868,14.6148176257708,0.028239920728616558,0.016548463356794274,-0.04914588976757439,-0.0634868779269605,1
2025-02-19,170.1519424254,172.714516295,168.9916247774,171.8850126147,5797047,178.039139919155,172.99793005244598,176.21297687495314,45.45554910998232,-0.507426726707024,0.7768827919894647,-1.2843095186964888,190.33553813111266,165.74274170719733,13.813140433661141,0.028426578139865155,0.011976744186376953,-0.05540782547347556,-0.049890829694442695,1
2025-02-20,173.3445666445,176.5414545642,172.7111275521,174.2056479108,6687264,177.09607323498,173.08443543624998,176.02180268789095,48.040804360020154,-0.5841216027286578,0.5046819130458403,-1.0888035157744982,187.36329471972502,166.82885175023497,11.595086550701726,0.028420238001863517,0.013501091577437174,0.04261229314417925,-0.0247664326387953,0
2025-02-21,174.3244177406,174.4431875705,168.8511080824,170.2169611255,7365350,176.191067015255,173.07161449759798,175.46896063432993,44.16600928994038,-0.9557393647897356,0.21259765747872514,-1.1683370222684608,185.48740529054862,166.89472873996135,10.552564818157029,0.028359958468368307,-0.022896426339416687,0.0021560548226116083,-0.06457458387455606,0
2025-02-24,171.9886110872,173.4336440169,166.6142762872,166.841918461,7126206,175.31234077761502,173.01420280730198,174.6473375702033,41.14216368850476,-1.5052354380479755,-0.13096896162661503,-1.3742664764213606,184.65488963444244,165.9697919207876,10.658175933750735,0.028334240560902578,-0.01982788696369453,-0.029339929508599316,-0.0014592679092286787,0
2025-02-25,166.3965315991,167.940539387,162.7641543034,163.8429802577,8570278,174.88505779804,172.969690176284,173.6183511594887,38.6124479568063,-2.157830161940325,-0.5363412016893571,-1.621488960250968,185.42795004291582,164.3421655531642,12.056938857579144,0.02475810028336609,-0.01797472859916216,-0.0594852565193873,-0.03537089594511844,1
2025-02-26,165.6641176485,168.5046960787,164.7139590098,166.7825335461,5048546,174.68967785968,172.92550835165798,172.96732091059454,42.35400392339052,-2.4100373880014274,-0.9110804389517712,-1.4989569490496564,185.6719628446892,163.70739287467077,12.573479005245828,0.02508614987073392,0.01794128307344356,-0.02017676474007668,-0.02968542161402854,0
2025-02-27,168.5046960787,168.8214156249,154.771934504,155.0342178782,9543635,173.786900355595,172.68684789330996,171.2594063360808,33.55219685640378,-3.517358403146659,-1.432336031790749,-2.08502237135591,187.71909450022488,159.85470621096513,16.033652842789003,0.029218456978038827,-0.07044092338753616,-0.0707717862016799,-0.11005056530897617,1
2025-02-28,155.6775544565,158.4092605427,152.3730808659,156.4495583504,9427575,172.63691346433,172.471161720746,169.84894462315881,35.29670801389646,-4.231929093547677,-1.9922546441421347,-2.2396744494055425,188.2099765721339,157.0638503565261,18.041405856137004,0.027754281089802647,0.009129213483128895,-0.04512504530661776,-0.08088149784879184,0
2025-03-03,158.0925409965,158.6764926599,149.1254188439,150.5704517736,9259111,171.260615294345,172.13670841138799,168.0128976851056,31.587023946288795,-5.2125393717143425,-2.6363115896565765,-2.576227782057766,189.3262739448472,153.1949566438428,21.097271686724724,0.028615460134109785,-0.03757828809994179,-0.09720491365493533,-0.09752625022232353,1
2025-03-04,151.4909179548,154.6284209596,148.0169004321,151.3028657243,8538627,169.99746941145,171.79853579955198,166.4214660697908,32.53826413961565,-5.862995435501745,-3.28164835882561,-2.581347076676135,189.84738790706632,150.14755091583368,23.353192920269848,0.028757586630069363,0.004864260829882117,-0.02406792645499367,-0.07653739277493798,1
2025-03-05,151.5651490985,154.2721114701,148.462287294,153.7277497501,5859954,168.86741778241998,171.60543879672596,165.21254070601074,35.72476772881606,-6.1123592049522415,-3.8477905280509366,-2.264568676901305,189.69612029748333,148.03871526735662,24.66870493856955,0.029205254307647286,0.016026689343865863,-0.01739735560137512,-0.07827428639217526,0
2025-03-06,149.9865001102,152.470769051,148.0713366042,149.9865001102,6967778,167.44612195916503,171.41671465248402,163.76244160164782,33.125063067845645,-6.536520429158145,-4.385536508272379,-2.150983920885766,189.32832777187983,145.56391614645023,26.13641397804507,0.029136127263280118,-0.024336852949332632,-0.0038782620130412004,-0.03255873340145876,1
2025-03-07,149.9073202237,154.7446174432,148.6503395246,154.0840592396,5537838,166.12453487577,171.26747900243402,162.84069090050042,38.411325068507,-6.467479401570671,-4.801925086932037,-1.6655543146386336,187.8820669972177,144.3670027543223,26.19424293674411,0.029894636927036197,0.027319519599359854,0.018381631451500846,-0.015119883595337336,0
2025-03-10,150.8574788624,152.8666684838,146.3640203003,148.4523898082,7961801,164.65961493419,170.92917712464,161.47037651075752,34.38796929592266,-6.788933942557463,-5.199326858057122,-1.589607084500341,187.02550926496946,142.29372060341052,27.16621721691565,0.030558448151194524,-0.03654933196329413,-0.034316250322245945,-0.014066916453068568,0
2025-03-11,147.4428462546,148.96765292,143.8797513596,145.4831440623,7739928,162.86551940353,170.51351775218802,159.94778294423776,32.4576049391585,-7.200281930837605,-5.5995178726132195,-1.6007640582243852,185.3397530445918,140.3912857624682,27.598516522552153,0.029878198444845353,-0.020001333422360212,-0.03002507588743819,-0.038464054425806804,1
2025-03-12,150.164654855,150.164654855,146.9182795062,147.531923627,8482229,161.19657545187502,170.15502904288397,158.76532015211987,35.162155484518905,-7.277073216427624,-5.935028941376101,-1.3420442750515233,183.0104945042508,139.38265639949924,27.06499066897149,0.03033921687549454,0.014082590652719551,-0.04252312435779926,-0.04030388874599378,1
2025-03-13,147.3636663681,151.4897302565,146.8489971054,148.4127998649,5702173,159.68573206816,169.828377921428,157.7793658390513,36.34240336238163,-7.184038390246286,-6.184830831150138,-0.9992075590961482,180.62896288887472,138.7425012474453,26.23055992475939,0.03052918950028019,0.005970750033240879,-0.00026668444577515604,-0.010492279266092419,1
2025-03-14,150.5704517736,154.8963379828,150.5704517736,154.0642642679,5138783,158.29057366415003,169.677758867562,157.4255466417988,43.45414862212717,-6.578449404363511,-6.263554545792813,-0.3148948585706979,176.67149844756256,139.9096488807375,23.22428222720564,0.031731390777548066,0.03807935978665267,0.058983604326871886,-0.00012846865404314567,0
2025-03-17,151.3820456108,155.59837457,151.2731732668,153.8663145515,4764341,157.629602325655,169.54312840787,157.08657215700845,43.27179707324481,-6.044807875371987,-6.219805211708648,0.17499733633666104,175.6450035803472,139.61420107096276,22.857890889648115,0.026532421491069685,-0.0012848515996920495,0.04293573057798006,0.03646909793971509,0
2025-03-18,152.7380011681,153.3516452889,150.2537322274,151.9363048167,4282336,156.73387988703502,169.345407644826,156.5960705055505,41.445606850900674,-5.7117868514410475,-6.118201539655129,0.4064146882140811,173.9953058792197,139.47245389485033,22.026413184725282,0.026154487484594962,-0.012543419528996624,0.023741247082512018,0.044356758963337795,1
2025-03-19,151.6096877847,155.4647585114,151.2236858377,152.8765659696,4426507,155.78345755478,169.04423906243002,156.2418319783171,42.71402677263739,-5.31077476805649,-5.956716185335401,0.6459414172789115,171.63930904217523,139.92760606738477,20.35627111668085,0.02598557877029879,0.006188521920645451,-0.007709109597503594,0.036227022675530796,0
2025-03-20,150.6644778889,154.0197255817,150.1250649117,152.797386083,5480259,154.71304446339,168.594941232114,155.91378951209643,42.63027908757262,-4.942386206295339,-5.753850189527389,0.8114639832320503,168.1567342362791,141.26935469050088,17.37887043657824,0.02563226270127437,-0.0005179334458346174,-0.0069471246621836125,0.029543181060469825,0
2025-03-21,148.7532733771,150.6298366885,147.4824361979,150.5605542878,15911326,153.73022412150502,168.09419173610002,155.40395758597296,40.23055424886285,-4.7758759241190205,-5.558255336445716,0.7823794123266952,165.22993716012184,142.2305110828882,14.960900635294328,0.025415053713204152,-0.014639201968971838,-0.009054784704417673,-0.022741873313382177,1
2025-03-24,153.9059044948,154.6680109029,153.015130771,153.3615427747,5855208,153.05620533719,167.66585458255403,155.20944188966124,44.447604189256516,-4.36755253685925,-5.320114776528422,0.952562239669172,162.85773961406326,143.25467106031672,12.807758111185406,0.02574964591097767,0.018603733893977736,0.0031723423536114126,-0.003280586646085215,0
2025-03-25,153.2526704307,153.3615427747,150.9564537206,152.0649721324,5093720,152.467304930925,167.317051484088,154.90996857944586,42.93740291793274,-4.101298509339358,-5.07635152309061,0.9750530137512516,160.92948345910736,144.00512640274263,11.100318893963708,0.0255627508290957,-0.008454340109272263,-0.004793367016122652,0.0008468503683516371,0
2025-03-26,151.5700978414,152.411384136,147.9773104889,149.1353163298,4853836,151.58494407011,166.92525783879603,154.3600016985272,39.65850488581898,-4.079661218363498,-4.877013462145188,0.79735224378169,157.0374204097832,146.1324677304368,7.193955010665663,0.025279659763491037,-0.01926581619368073,-0.009466210885990867,-0.02447235530227676,0
2025-03-27,148.2940300351,148.3656878324,145.4336566332,146.1660705839,6933790,151.14153670539503,166.418976534108,153.57962730665798,36.60728253630212,-4.253079967632402,-4.75222676324263,0.499146795610228,156.83683282426682,145.44624058652323,7.536374504346958,0.02049557209647668,-0.019909742500788807,-0.046918360761215916,-0.04339940406767073,0
2025-03-28,147.2745889957,148.2643375776,142.6425656321,143.5729292991,7714957,150.49770525283003,165.76741448925,152.6266084487953,34.13710097203793,-4.547341483737313,-4.711249707341567,0.1639082236042544,156.5475041735995,144.44790633206057,8.03972248029436,0.02055712172003376,-0.017741061755583876,-0.0558448320755035,-0.046410728372738186,1
2025-03-31,141.3083845436,144.18657342,139.7129098295,143.6323142141,7116271,150.15079837485501,164.957064432916,151.77000899787194,34.24652551323925,-4.721329442067514,-4.713265654286756,-0.008063787780757892,156.89945378652592,143.4021429631841,8.989170200510998,0.018995189773661002,0.00041362195011207525,-0.036899389434562724,-0.06343981929611253,1
2025-04-01,142.6227706605,144.6121653102,140.346348922,144.1667784483,5869458,149.793994011055,164.047395673186,151.0458918026746,35.2885601309752,-4.761205146383588,-4.722853552706122,-0.03835159367746588,157.0003356286941,142.58765239341588,9.62166963397381,0.01897457044627051,0.0037210584339908426,-0.013678223185540128,-0.051939599063110964,1
2025-04-02,142.5534882597,147.7793607725,142.3654360292,146.2353529846,4904772,149.41937417278,163.162903332328,150.58774524857225,39.29817273846594,-4.573173554033133,-4.692917552971525,0.11974399893839216,156.54734006532885,142.29140828023117,9.540885754623055,0.018893065794259572,0.014348482768114623,0.018544050737820506,-0.019445181842689507,0
2025-04-03,139.5545500564,140.4156313227,134.0119579974,134.1208303414,11779640,148.62609068434,161.98398030727,149.01946763836537,28.25604914310165,-5.340140083654461,-4.822362059108112,-0.5177780245463488,158.37470419086307,138.87747717781693,13.11830710427242,0.02576139296062055,-0.08284263959396876,-0.06622105843481774,-0.08240790899270967,0
2025-04-04,127.7864394169,131.1020971664,122.6694392481,125.6485824798,15563959,147.20431684635,160.730610246466,146.79366905183534,23.320878412367122,-6.556032321364,-5.1690961115592895,-1.3869362098047109,160.8639286425135,133.54470505018648,18.55871089761756,0.027619160369392104,-0.06316876983265152,-0.12844981463701677,-0.12484489176896918,1
2025-04-07,123.6888802876,140.1187067481,122.4680254117,131.4880991134,18941906,146.35610231161002,159.672043364458,145.3359957243653,32.12100784999372,-6.9681114391527785,-5.528899177077987,-1.4392122620747916,161.6137392707328,131.09846535248724,20.850018165470686,0.029554741991439065,0.046474990153898554,-0.10084602368862905,-0.08455071664860658,0
2025-04-08,136.9861524862,139.2576254818,126.1929441999,127.6379771296,16423697,145.46384396497498,158.777030110066,143.65047014391146,29.70075008852244,-7.518689009471046,-5.9268571435565995,-1.5918318659144468,162.77084302872663,128.15684490122334,23.795602525008004,0.029863561804812314,-0.029281144147346172,-0.048335916168264936,-0.11465055608929642,1
2025-04-09,128.2516212504,149.4165039019,127.2816676401,148.1950551769,20667253,145.49700054246998,158.327128567338,144.08328776610085,50.951346594024315,-6.2244892672352705,-5.986383568292334,-0.23810569894293643,162.8222518075255,128.17174927741445,23.8152693189003,0.047791017248102474,0.16105769230757194,0.17944072469520078,0.013401015228556856,0
2025-04-10,140.7719408122,142.3307948288,132.1215382059,136.8228439702,16290727,144.917502747735,157.601790087544,143.391816928396,43.17582860230524,-6.0467656991549745,-5.998459994464862,-0.04830570469011253,162.58580436195956,127.24920113351044,24.383944353472113,0.05084299935118057,-0.07673812863138396,0.040572073767673356,0.02014611467825045,1
2025-04-11,137.1494610022,144.73093514,134.1109328556,143.4541594693,10617191,144.386997507805,156.881887353416,143.397754313244,48.14520656901251,-5.3096207476065445,-5.860692145093198,0.5510713974866537,161.5549549909068,127.21904002470322,23.780475776115164,0.051334039934610644,0.048466435184933765,0.12391439205935306,0.14170933438395572,0
2025-04-14,145.3742717183,146.1858655555,140.6828634398,143.0483625507,6835897,143.846099907765,156.180926300964,143.36447890728743,47.86932672290234,-4.703948294770527,-5.629343375028664,0.925395080258137,160.45800472549655,127.23419509003344,23.09677471740035,0.0513335058211957,-0.0028287567268960867,-0.034729179189254444,0.08791870530678225,1
2025-04-15,143.4838519268,145.5375802343,142.7613354619,143.9589312461,5259919,143.447231229235,155.528789258242,143.4210934157458,48.58132097860089,-4.103174388274255,-5.324109577677782,1.2209351894035274,159.6407873510692,127.25367510740081,22.577718625961044,0.051311615511070933,0.006365460458013006,0.05215567129604648,0.12786910669955365,0
2025-04-16,136.4071495658,139.6337299429,132.9727219864,136.7733565411,9279103,142.64207075781,154.73768074244998,142.7879756181605,43.52895425259691,-4.1589309976771744,-5.0910738616776605,0.9321428640004861,158.4775933659662,126.80654814965379,22.20315861095863,0.05239204693220779,-0.04991405981415753,-0.04657099489422445,-0.07707206304667846,0
2025-04-17,137.5651554066,138.2183894707,135.5361708136,136.0508400762,6494838,141.80474345747,153.89044921246798,142.1463436617833,43.044211608644055,-4.212856366942987,-4.915430362730726,0.7025739957877395,157.16775379889324,126.44173311604678,21.66783700861304,0.05238481238923296,-0.005282581952888443,-0.04891717982455002,-0.005642361111629635,0
2025-04-21,133.7447258803,134.6206533753,131.4386116843,134.1653690276,8395304,140.98498419446,152.96344057487,141.3862508394801,41.737976982456,-4.357503775607171,-4.803845045306015,0.446341269698844,156.13995794666948,125.83001044225051,21.49870617612198,0.052377174559185675,-0.013858577040347209,-0.06803025094537385,-0.0647509314199276,1
2025-04-22,135.7737104733,137.654232779,134.9225266928,136.8822288851,5222697,140.16101849998,152.146069379776,140.9572963676344,44.358208066143526,-4.204443793471029,-4.683964794939017,0.4795210014679885,154.2921271378439,126.02990986211611,20.164106666884564,0.05241666124252093,0.020250082992289142,0.0007960054995601595,-0.04310523766683849,1
2025-04-23,143.360133354,146.3145328712,141.276712589,142.1081013978,7994300,139.66317496325001,151.36093031422197,141.0668968466978,49.10005573080172,-3.6197323957020444,-4.471118315091623,0.8513859193895783,152.74423923694314,126.58211068955688,18.732302594631964,0.05325766877898891,0.03817787418618557,0.04452204277612282,-0.012856651770608019,1
2025-04-24,146.0967881831,148.8581867268,143.8599563879,148.630544553,7609178,139.63793637441,150.71532515208,141.78724424729802,54.33126017471695,-2.6000658079103403,-4.096907813655366,1.4968420057450258,152.6475538032692,126.6283189455508,18.633356760553415,0.054136822418360986,0.045897757348413615,0.10781601563980536,0.08669223532828152,1
2025-04-25,146.6807398465,151.0455310929,146.3541228145,149.9963975961,4805247,139.82945272502,150.14265975321803,142.56906837575536,55.36576108091811,-1.6625944116676976,-3.6100451332578323,1.9474507215901347,153.3216604064894,126.33724504355058,19.298091236904654,0.053930818110880144,0.009189585136808454,0.09580621836606795,0.1025025461958875,0
2025-04-28,149.2441886738,150.3131171423,145.9978133249,149.2441886738,7052725,140.113015693755,149.488194879732,143.2047941184263,54.63179413836825,-0.9691666003030832,-3.081869426666883,2.1127028263637997,154.13595274402604,126.09007864348395,20.01660870810315,0.05375253179601423,-0.0050148465853525614,0.050215907508496915,0.11238980487653305,0
2025-04-29,147.4725387121,149.5163695338,146.3887640148,148.0169004321,5721316,140.332245004655,149.106818061946,143.6630899578238,53.38821507056941,-0.5127414044087857,-2.5680438222152637,2.055302417806478,154.70122909989226,125.96326090941771,20.47852094828332,0.053811364613436746,-0.008223356987001273,-0.004128654192484538,0.08134490238573266,1
2025-04-30,144.4736005087,149.4916258193,143.2265172955,149.1650087872,7273648,140.58215652159998,148.69310316590798,144.1870822272882,54.43317043520498,-0.05771311827953696,-2.0659776814281186,2.0082645631485816,155.37677360774103,125.78753943545892,21.04764566457324,0.053822407826335385,0.007756603142941021,-0.005542725173565133,0.04965872684236183,0
2025-05-01,150.0854749684,150.7189140609,147.2152040808,147.4329487688,6731978,140.64203631081,148.20406188899,144.49621237409883,52.52026433531321,0.1612781940949617,-1.6205265063235026,1.7818047004184643,155.53704544816597,125.74702717345404,21.181446924501202,0.05384840198836804,-0.01161170459803329,-0.01213608329473248,-0.008057534794087662,1
2025-05-02,151.2236858377,155.0886540503,151.1197622366,153.510005062,6083227,141.61149504684,147.79014903201403,145.35466882056562,58.08579138848925,0.8157940753947059,-1.133262389979861,1.949056465374567,157.19076315338745,126.03222694029255,22.002829786373475,0.05064181613173773,0.041219119226393985,0.03711133400215938,0.023424612338765582,0
2025-05-05,152.5301539659,155.0342178782,152.2678705917,153.0250282569,4069314,142.98031733569502,147.446310374642,146.08517924307364,57.506460036381604,1.2806070113293515,-0.6504885097180185,1.9310955210473701,157.48237682545923,128.4782578459308,20.285392786918607,0.04791063734767007,-0.003159252095028875,0.025877513105011962,0.025333244910216823,0
2025-05-06,150.4437639551,152.8963609412,150.3428095998,151.4612254974,3471702,143.97897365489501,147.13869651537,146.59718364824758,55.58145134508387,1.5054350799068459,-0.2193037917930456,1.7247388716998915,157.91781924500162,130.0401280647884,19.36233498026844,0.04737211758905902,-0.01021926136732787,0.027322771213896146,0.02326980942882284,1
2025-05-07,151.7828937865,154.5987285022,149.9568076528,154.2127265552,5500190,145.307711126175,146.94609144132,147.3224734489097,58.230831520882,1.8839194336321725,0.20134085329199805,1.6825785803401745,157.74835216719305,132.86707008515697,17.123167028920385,0.04658239468165961,0.01816637260634879,0.004577691811788798,0.03383982482916692,1
2025-05-08,156.4099684072,157.1720748153,154.2127265552,154.4007787858,4824625,145.61799730662,146.698456346114,147.99659776670876,58.41340042863344,2.173984909406329,0.5958696645148642,1.5781152448914646,158.62775765089285,132.60823696234715,17.86834125575686,0.030231314682357145,0.0012194339261142328,0.008990362848294131,0.04726100966702318,0
2025-05-09,155.321244967,156.3802759497,153.0646182001,154.0147768388,3884590,146.47759395005,146.67806752532601,148.5697576783365,57.8544115623608,2.3456772503871264,0.9458311816893167,1.3998460686978098,159.32004214025153,133.63514575984846,17.535034326930454,0.02388186060522855,-0.002500000000229763,0.01685943932524059,0.0032882011605441797,1
2025-05-12,164.7337539815,168.059210242,163.9518526017,166.2678642835,11724095,147.61827919076,146.874433643988,150.25529164073302,68.24325807471192,3.4309169461699582,1.442848334585445,1.9880686115845132,162.98794259002958,132.24861579149044,20.82352332451741,0.027513455178674612,0.07955786903177953,0.07817213272592571,0.08654032727488081,1
2025-05-13,167.1388430356,172.394309031,166.7429436028,171.2561971366,8980217,149.028670920055,147.28814855124799,152.25537787843464,71.34052100215749,4.640006884752324,2.082280044618821,2.5577268401335034,167.3546944666411,130.7026473734689,24.59395689896063,0.027826092757142415,0.03000178582070734,0.10916666666677588,0.13069332810554757,1
2025-05-14,171.6669427981,173.483131446,171.2759921082,172.3548180625,7069732,150.44846526087503,147.709187598012,154.16961027691707,71.98849226539795,5.622061276479769,2.790236290991011,2.8318249854887583,171.2201106261078,129.67681989564224,27.612970766056154,0.027825810124249617,0.006415072530331134,0.11907975065857235,0.11764328348611408,1
2025-05-15,169.9893189517,174.5718548861,169.4449572316,172.9585646975,12811605,152.257725668695,148.09380389696,155.95903450744876,72.35835693555326,6.375570160807769,3.5073030649543626,2.868267095853406,174.21920908661545,130.29624225077455,28.84777546947931,0.02415391949637881,0.0035029286781009805,0.040240490505079496,0.12019230769195288,0
2025-05-16,166.7033536596,167.7326921848,160.260090391,163.8726727151,16540365,153.64881730064002,148.371527349058,156.7127143367489,59.60349844781074,6.168469554083487,4.039536362780188,2.1289331913032985,174.83879089803372,132.45884370324632,27.582345207294267,0.027952902416734204,-0.05253218884124633,-0.04311391088294825,0.06400616926918512,1
2025-05-19,160.8737345118,164.2982646054,160.7054772529,164.2388796905,7465699,155.15249283378498,148.574623758076,157.42949198948708,59.91023405591881,5.965128386692271,4.424654767562605,1.5404736191296662,174.81158115407362,135.49340451349633,25.341633848383534,0.027466080562838682,0.0022347043551103063,-0.04708854944256302,-0.012203107327705909,0
2025-05-20,163.3580034525,164.2388796905,162.5464096153,164.0310324883,5372424,156.50993301394502,148.88619661167797,158.05821013223118,59.63346804122076,5.721256431589836,4.683975100368052,1.0372813312217843,174.62386032257953,138.3960057053105,23.147319738512145,0.027486121127820198,-0.0012655176569132953,-0.05161659513545347,-0.04218921574287293,0
2025-05-21,161.8634830938,164.5852916942,160.0116634969,160.5669124514,5658555,157.432873566625,149.18787197946003,158.29713416262823,55.067425535316126,5.188649097080628,4.784909899710567,0.4037391973700606,174.35966744906477,140.50607968418524,21.503506223274787,0.02742117029233102,-0.021118687021293492,-0.020172736606592356,-0.0683932468126619,0
2025-05-22,159.4984661554,162.0891127213,159.0915063501,159.329726724,6355688,157.96783267517498,149.4238280414,158.3954763113303,53.49211455138488,4.613541365611837,4.750636192890822,-0.13709482727898425,174.41760584426842,141.51805950608153,20.826737811765355,0.025945121613954302,-0.0077051100286582574,-0.029890321802919284,-0.07879828326129135,0
2025-05-23,155.4735344219,157.2353726037,154.5057641531,156.3420462017,5733447,158.285115105455,149.582412968136,158.19991153898454,49.78803383475118,3.8720489261794455,4.574918739548547,-0.7028698133691016,174.34787469525943,142.22235551565055,20.295982448005777,0.026387881553764845,-0.01875155743833956,-0.04687519288247155,-0.04595413248975533,1
2025-05-27,159.4339481375,161.2751931106,157.9897371209,160.6300129313,8470355,158.85440631833,149.713727941404,158.4313497668241,54.64250243672457,3.5890416665788223,4.3777433249546025,-0.7887016583757802,174.39364422479892,143.3151684118611,19.5641257508837,0.026900317191693876,0.027426830042047934,0.00039298557178835125,-0.02197327920161618,0
2025-05-28,160.7044567982,162.455972097,159.6870572848,160.3917925575,6727191,159.47315092460002,149.844237501524,158.61805860403132,54.32825452580622,3.3074082377386276,4.163676307511408,-0.8562680697727805,174.20131916391452,144.74498268528552,18.47103183692417,0.02678080300445679,-0.0014830377552287333,0.006665836032843764,-0.022186289238041557,0
2025-05-29,164.2330960861,164.3125028774,157.2750759993,158.2974384372,6846250,159.92977240710002,149.97146017393402,158.58752335004738,51.522837129818335,2.8819930205010564,3.907339650109338,-1.0253466296082814,173.89794437332625,145.96160044087378,17.467882003446313,0.027044895171130217,-0.013057738721569456,0.012507142403504812,-0.014134132490633222,0
2025-05-30,157.8607010851,158.0492922144,152.3320032415,155.5876816844,15273621,160.33750905288,150.02568248823,158.30182414379527,48.0645467251228,2.29968434272115,3.585808588631701,-1.2861242459105506,173.25963974206195,147.41537836369804,16.118662146510186,0.027232249858472835,-0.017118133935407953,-0.03139096582813927,-0.023486169947948277,1
2025-06-02,154.6348001889,156.4512305397,154.2774696281,156.1038258278,5875258,160.46720009117,150.09181128312602,158.09249097084336,48.76990895016701,1.8584262579771291,3.240332122500787,-1.3819058645236577,173.16271248995156,147.77168769238847,15.823186784051252,0.02571201378562777,0.003317384370100429,-0.026734327619430842,-0.0015237127803269246,1
2025-06-03,155.7663469648,160.7491231183,155.2005735769,160.5406802911,6355432,160.84298269288,150.291413803192,158.32565185848685,54.49165029088542,1.8454696956862051,2.9613596371378708,-1.1158899414516656,173.07143641190848,148.61452897385155,15.205455052245531,0.026394384957941313,0.028422458192628453,0.0141710559314574,-0.0005561391583664976,1
2025-06-04,161.2950448084,162.2677780017,158.992247861,160.7292714204,5990639,161.30638498903,150.438768376106,158.55456800724048,54.723128580339804,1.8293318558219767,2.734954080874692,-0.9056222250527153,172.7551939245404,149.85757605351958,14.195109432635311,0.02622268041000959,0.0011747248669811139,0.03304625199332567,0.0021040905991436265,1
2025-06-05,162.00970593,164.3919096687,159.9042348589,162.9725132744,7393041,161.74437432499,150.656919198946,158.97532469935092,57.492757778772,1.9747892305400683,2.582921110807767,-0.6081318802676989,172.73523808111295,150.75351056886703,13.590412404748275,0.026113699279024783,0.013956647934604272,0.04400076301894695,0.029533483822321793,1
2025-06-06,164.2132443883,168.272916593,164.2132443883,165.5036047468,5717453,162.29951562304,150.984284967286,159.59706565625083,60.433703725398765,2.268157271430397,2.519968342932293,-0.2518110715018964,172.86393904538852,151.7350922006915,13.018428775703367,0.026255585981164117,0.015530787502419763,0.030913812291694542,0.06373205741643373,1
2025-06-09,166.5656705803,170.5459359937,166.5656705803,168.5309886647,6320019,163.025326214335,151.431583328902,160.44791546657933,63.67127002278846,2.713656792400002,2.5587060328258353,0.1549507595741666,173.20072350869617,152.84992891997382,12.483210468762666,0.02640419856158141,0.018291951541064888,0.04853949237344568,0.07960831690703452,1
2025-06-10,169.3151307287,173.0968791639,168.7295056429,172.4814765314,5711575,163.33600682673,152.009754273548,161.59396890132416,67.41789579487065,3.346908648139703,2.716346555888609,0.6305620922510937,174.24167349430283,152.43034015915717,13.353658975074337,0.02032917150342239,0.023440720890563815,0.05834703696929289,0.07437863237310571,0
2025-06-11,172.9479914302,174.4864980115,169.0669845059,171.5087433381,6133201,163.348634136805,152.567282856028,162.53823313339805,65.62326296372548,3.7273077829643455,2.9185388013037565,0.808768981660589,174.29147513794885,152.40579313566116,13.398142027902338,0.0192837749390197,-0.005639638602716324,0.03628403502441602,0.06706601618012331,1
2025-06-12,171.2109678708,174.0595872498,171.0025250436,173.7023559475,4468520,163.416011031055,153.157994406012,163.60148292521728,67.71068438750086,4.15785389124963,3.1664018192929313,0.9914520719566986,174.59390223998895,152.23811982212106,13.680288899977782,0.019443037082436308,0.012790092019248522,0.030684963778908614,0.06583835799987914,0
2025-06-13,169.786608552,172.2879224776,169.1265395994,169.3250565776,5297102,163.23433562506,153.61978847787202,164.14658517782516,59.89499937288771,4.098607115911278,3.352842878616601,0.7457642372946771,173.89193975661885,152.57673149350114,13.058042097269004,0.02025748806077387,-0.02520000000013234,-0.01830005179266525,0.023089840469918244,1
2025-06-16,171.7370378631,175.5683162843,171.5088425966,175.2408625287,6712899,163.80274511574,154.44218912161801,165.2031830207656,65.6634463094554,4.477397073031284,3.577753717499538,0.899643355531746,175.6788560632726,151.9266341682074,14.500502954503178,0.017809813639906403,0.03493756961119843,0.021760518548274765,0.03981388774351524,0
2025-06-17,174.9728646081,176.997737786,172.7693261498,172.7991036966,6631417,164.23075631604502,155.385199545954,165.92660403751174,61.71757635267228,4.52836118305143,3.7678752106099167,0.7604859724415136,176.73907705695106,151.72243557513897,15.232616620038064,0.018232650083290097,-0.013933729821148821,-0.00519999999984444,0.0018415146460215581,0
2025-06-18,173.9604280192,173.9604280192,170.5360101448,171.5583725827,4946925,164.607123320765,156.18660501533998,166.46296294657728,59.75269565017508,4.417709372037564,3.897842042895446,0.5198673291421176,177.51534912360907,151.69889751792093,15.68367825454333,0.018347973158352945,-0.0071801941523867985,0.013189518729476823,0.0002893685979739047,0
2025-06-20,173.1713230307,174.0696123572,164.6797592871,168.2034356506,18396639,164.988949480725,156.99791418576,166.62872225172228,54.68311601969223,4.013041794784698,3.9208819932732966,0.09215980151140135,177.84823251721068,152.12966644423935,15.588053717486044,0.018245545333669972,-0.01955565841289819,-0.04015859529878463,-0.0316571428574175,1
2025-06-23,168.9925406391,171.0124508925,167.4689228312,170.6848978785,6838843,165.55670803845,157.44771103979198,167.01502469236777,57.55179386854574,3.848213280418662,3.90634825070237,-0.058134970283707954,178.3690133064705,152.74440277042953,15.47784492676052,0.01827655966107159,0.014752744010857244,-0.012235050835750383,0.008030951404270237,1
2025-06-24,173.7718368899,179.1814245465,173.697393023,178.8439456835,7254464,166.68180301254,158.288133074058,168.14158859628515,65.3243350284897,4.32608406095332,3.9902954127525603,0.33578864820076015,180.00171103670192,153.36189498837808,15.982438134725264,0.0199717528253474,0.047801814374977214,0.04246702152229842,0.02056074766357585,1
2025-06-25,179.7670496323,181.8514779037,179.1566099242,181.7125160189,5431798,167.73592816692002,159.05330020505,169.43405787462942,67.57249849314094,4.880015963501535,4.168239522902355,0.7117764405991798,182.2560819011675,153.21577443267253,17.31311102269987,0.019513845399620283,0.01603951603973508,0.08031393839280243,0.05158251479099185,1
2025-06-26,181.8316262058,183.1319124132,180.7100052789,182.1591792199,5199682,168.82429750004002,159.835516538434,170.6459741932266,67.92125300764243,5.29402672981135,4.393396964284154,0.9006297655271958,184.21635525274567,153.43223974733436,18.234410544728615,0.0194502245160716,0.0024580761456935996,0.06722493603135193,0.06179125202467084,0
2025-06-27,183.0128022263,184.4222727717,179.7720125567,181.8514779037,14202820,170.001999473365,160.59336747158602,171.7131650227955,67.3836094037741,5.5335173764277386,4.621421046712872,0.912096329714867,185.59514051738995,154.40885842934006,18.344656053846,0.0190077702643736,-0.0016891891889158073,0.016816516816970717,0.08114009205763395,0
2025-06-30,182.4371029894,183.3999103338,181.1765201777,181.7125160189,4070695,171.30824119009,161.492150661142,172.66548416528164,67.12518986505478,5.647007192779313,4.82653827592616,0.8204689168531525,186.21440454680936,156.40207783337064,17.402739358206272,0.018246250680818137,-0.0007641504287008161,0.0,0.06460804838310819,1
2025-07-01,181.0871875375,183.5630912899,179.5586068052,182.3973995938,6572259,172.62291987839,162.41908185149398,173.59233325371196,67.78101590625586,5.726204944411137,5.006471609623156,0.7197333347879811,186.53835100078183,158.70748875599818,16.12234474100544,0.018240496876907035,0.0037690500902467505,0.0013077593724355463,0.01986901986935874,1
2025-07-02,181.2757786668,189.4943815653,180.2831937757,188.6010551633,8800624,174.02593862199998,163.50779557420802,175.02173534033938,73.02946081476723,6.217877075086648,5.248752702715855,0.9691243723707927,188.43529099086066,159.6165862531393,16.560005345133167,0.018609427024884512,0.03401175446204596,0.037115877953844745,0.037908996558517316,1
2025-07-03,187.9459491352,190.6160024923,187.8665423439,189.6333434501,3568536,175.471142223485,164.562817865508,176.41331706507847,73.79444108209151,6.614579068436512,5.521917975859987,1.0926610925765257,190.0530806148866,160.8892038320834,16.62032651822557,0.01854813630671868,0.005473396137186004,0.043589883651031114,0.041030950305157354,0
2025-07-07,187.6382478189,190.2288943848,187.2114363158,189.3653455295,6577422,176.79078383624,165.507962748142,177.64684358549957,73.21385186159227,6.828626903538179,5.783259761395625,1.0453671421425543,191.3864593357354,162.1951083367446,16.511805856367793,0.018626849155597584,-0.0014132426066227888,0.03820200261197604,0.04131870531059967,1
2025-07-08,190.710298057,194.8444141285,190.0998583489,193.5441279212,8097053,178.19280999496,166.406234415506,179.16087066509007,76.33970449757295,7.251859251134761,6.076979659343452,1.1748795917913082,193.54943264234007,162.8361873475799,17.235962155616072,0.018827812198845932,0.022067302652527987,0.026209146887434143,0.06511170590510873,1
2025-07-09,194.348121683,196.4921050478,192.7947263283,193.9411618776,6170835,179.463318655605,167.285129701136,180.5685174472339,76.61888560088842,7.5324815000342085,6.3680800274816045,1.164401472552604,195.5971665917686,163.32947071944142,17.980106527646335,0.018711468169788092,0.0020513872503622466,0.02271656634390129,0.0632890727033828,1
2025-07-10,196.5318084434,197.9412789889,195.1918188404,196.5615859902,5230356,180.667324128545,168.231477647464,182.0916668322783,78.42807246777126,7.875538672683831,6.669571756522051,1.2059669161617803,198.08063678844306,163.25401146864695,19.27665973234702,0.018387097267361062,0.013511438661246267,0.03800188699034668,0.04220830482632976,0
2025-07-11,195.3903358187,197.3060246585,194.6955263949,196.4623275011,4424409,181.915003336695,169.20038618884402,183.46030118168989,78.18129707745649,8.046647875228302,6.944986980263302,1.1016608949650006,200.08412962428383,163.74587704910618,19.975401648384917,0.018240787510159423,-0.0005049739937739162,0.01507769629202138,0.03601151531031754,0
2025-07-14,194.1595305537,197.3457280542,193.0428725511,195.6384820414,7263986,183.01180964139002,170.129855653928,184.6201279302337,76.04259634312193,8.023288235134913,7.160647231237625,0.8626410038972887,201.7062599381526,164.31735934462742,20.42977481441684,0.0183506280278654,-0.004193401707995981,0.008751727314448177,0.03312716217615841,1
2025-07-15,198.5914220925,199.6187474549,197.0231379646,197.812242953,6007129,184.43616896016002,171.13744153761203,185.87651983716384,77.77052962087967,8.08695846749552,7.345909478489204,0.741048989006317,203.083216913622,165.78912100669802,20.220597791195647,0.016821142585756427,0.011111111111258731,0.006362672322263174,0.022052412943976085,0
2025-07-16,192.5614688789,193.7128673526,188.3429830916,193.3654626407,9400048,185.34239896576,171.934550689186,186.58975248511965,67.10757954796472,7.689954568021989,7.4147184963957615,0.2752360716262272,203.87515675135387,166.80964118016612,19.998400677890867,0.01687015478461897,-0.0224798033019451,-0.015763148588284204,-0.0029684221303331038,0
2025-07-17,191.1917017292,192.5887649634,190.5217069277,191.0924432401,5704041,186.257065942935,172.69589898885,187.01858017607015,62.39807054313423,7.109953331998867,7.353765463516384,-0.24381213151751702,204.0126960081414,168.50143587772857,19.065725077669104,0.01674759664411897,-0.011755043375163532,-0.023236935565355665,-0.027824067060451263,0
2025-07-18,191.6284390813,192.1346573757,188.7300911992,189.0278666665,4757107,187.13054064712497,173.447231812232,187.20994079420632,58.38982976664756,6.409815732867401,7.164975517386587,-0.7551597845191864,203.57851063759256,170.6825706566574,17.579140137775568,0.01690715436062283,-0.010804072304449908,-0.04440764714743761,-0.03784166119358623,1
2025-07-21,189.3752713784,192.9585028354,189.3620699994,191.1817758803,5061514,188.27945765861,174.18661279873402,187.58821080240574,61.190739368025206,5.960050363334005,6.923990486576071,-0.9639401232420655,202.3112471483085,174.2476681689115,14.905279273898339,0.01593002334003612,0.011394664986618785,-0.011293054770890487,-0.022780314560797432,0
2025-07-22,190.8442970173,191.0725915422,183.7572408946,185.7523365258,7074450,189.032829590975,174.81364395353398,187.4133656332052,51.736825282102984,5.106631616892344,6.560518712639326,-1.4538870957469827,200.60799268624584,177.4576664957042,12.24672256170201,0.01759473172172338,-0.0283993562121706,-0.027945148556138277,-0.06096643082938724,0
2025-07-23,186.288332367,187.9955783797,184.7597516347,185.6233004899,5419786,189.371797331295,175.44581442655598,187.2428832386047,51.53304953076388,4.369509990840413,6.122316968279544,-1.752806977439131,200.09966342145592,178.64393124113408,11.329951176830344,0.014336259461079108,-0.0006946670944408817,-0.018010922075350044,-0.04003901237102525,1
2025-07-24,186.7647731147,188.6353986006,185.6828555834,186.7250697191,4819916,189.622425016305,175.85495853526803,187.19356766531854,53.22704349853338,3.830088484543978,5.663871271532431,-1.8337827869884524,199.84514330786527,179.3997067247447,10.782182846444737,0.013987768033652637,0.005935511470231303,-0.023311354550814345,-0.022854768335933584,0
2025-07-25,184.4321986206,185.1319709688,182.7349777153,184.3130884337,6608688,189.73012047699498,176.11609636121,186.9192363099263,49.17496196426326,3.1714083017494374,5.165378677575832,-1.993970375826395,199.6777523281219,179.78248862586807,10.486086053303358,0.014347583641045715,-0.012917286837961672,-0.007748209896138225,-0.024942239025096957,1
2025-07-28,187.6084702722,189.08742176,187.2263250891,188.859127235,4912986,190.08050294356002,176.44618254466002,187.1039878266,55.97741103744816,2.9818538942306247,4.728673720906791,-1.746819826676166,199.3649755747881,180.79603031233194,9.76898996735598,0.015296797466590196,0.024664763853356364,0.017432222875899406,-0.012148901926479772,0
2025-07-29,190.199116838,191.0209771279,186.5539480839,187.0129193375,4605413,190.34552310949,176.72726963745998,187.0953146371619,52.88193750509122,2.6520855216534187,4.313356081056116,-1.6612705594026975,198.93609131470222,181.75495490427775,9.026288682682381,0.015513779563416893,-0.009775582067594435,0.0015415692109956858,0.006786363150403263,1
2025-07-30,188.3231313938,189.4546781697,186.342924536,187.9856525308,4018496,190.62493575634,177.20952923377402,187.1801087222703,54.315385898292064,2.4410937406478865,3.9389036129744706,-1.497809872326584,198.49671069754768,182.7531608151323,8.258914197111679,0.015527849859383706,0.005201422429776281,0.01992568258884697,0.012726592160926087,0
2025-07-31,176.5560375095,180.1243801931,173.2159893508,178.7248354966,11375445,190.131124773005,177.499248349896,186.3748446055398,41.40163551616015,1.5092134224236133,3.4529655748642996,-1.9437521524406862,199.53818075685945,180.72406878915058,9.895335122101015,0.017434144076356337,-0.04926342467908651,-0.05366058758595105,-0.042844992557963146,0
2025-08-01,175.2904917733,180.2831937757,174.9430870614,178.6553545542,8393193,189.58222532820997,177.791734791214,185.6396550768408,41.32225487364411,0.756366107356456,2.913645681362731,-2.157279574006275,200.23945963431683,178.92499102210311,11.242862338657288,0.017341370121585955,-0.00038875930257231683,-0.04468977230507376,-0.030696321827058726,1
2025-08-04,180.6504501854,181.6430350765,179.1615728487,181.4643697961,4189343,189.18717654154,178.209683938108,185.2420088596274,45.84314187414457,0.38198989852543264,2.407314524795271,-2.0253246262698386,200.41762164396079,177.9567314391192,11.87231112353422,0.017831603846599424,0.015723095727577574,-0.03469032155861762,-0.03915488516315446,0
2025-08-05,181.3154820624,181.9011071482,176.0845596862,177.8215832457,5291996,188.401049307765,178.579521068542,184.53530165830097,41.38959780683728,-0.20627061553108206,1.8845974967300005,-2.0908681122610826,200.47124608396126,176.33085253156872,12.813301009251642,0.017323621329858527,-0.02007439011026324,-0.0050538709317609065,-0.04914813438750987,0
2025-08-06,177.5535853251,177.9059529614,174.1787966952,176.8190725056,5857823,187.544944839165,178.98906159462,183.80042269137707,40.23126058233821,-0.7447801871157367,1.358721959960853,-2.10350214707659,200.32961764074105,174.76027203758895,13.633716240701602,0.017265544712731392,-0.005637733743011464,-0.010278348797225223,-0.05940123554573107,1
2025-08-07,182.9780617551,185.4148576628,180.5114883006,181.7919228102,6616587,186.806461680165,179.41229979219798,183.60913698840784,48.0046332371527,-0.761507260929136,0.9346761157828554,-1.6961833767119914,199.12010931612951,174.4928140442005,13.18332088217264,0.018342014550311522,0.028123947457322496,0.001805054151776675,0.017160946351288286,1
2025-08-08,181.7919228102,184.0053871174,181.2658528179,183.4991688229,4338737,186.15830374625497,179.874447317506,183.59866382978805,50.390130282249196,-0.6297438076510105,0.6217921310960822,-1.2515359387470926,197.7119166674106,174.60469082509934,12.412675329169206,0.018565902057773764,0.009391209390982924,0.03192855149284757,0.02711261736759485,0
2025-08-11,185.7622623747,188.3132055449,182.4172512916,183.0128022263,7815999,185.5270197555,180.368754593288,183.5428674865987,49.690704388392845,-0.558132240194368,0.38580725683799216,-0.9439394970323602,196.29251897684682,174.76152053415316,11.605316827203206,0.018564945735543653,-0.0026505111697230355,0.03502862916840521,0.008532983262443672,1
2025-08-12,184.3527918293,188.3231313938,182.9135437372,187.0526227332,5918458,184.98903874451,180.998053414264,183.87712989103693,55.24718264129469,-0.17340094616426427,0.2739656162375409,-0.44736656240180517,194.20958267091206,175.76849481810794,9.968746244621157,0.01916091255469149,0.022073977654878174,0.02893802893813069,0.05191180574939125,1
2025-08-13,188.3926123362,189.7226760903,187.3305465027,188.6209068612,5923360,184.75181095553498,181.648395034932,184.32891817390959,57.22240115149275,0.2551080715762737,0.2701941073052875,-0.015086035729013791,193.31910457423015,176.1845173368398,9.27438120837376,0.018714632768941253,0.008384186787035341,0.0279115053825838,0.06674525654027641,0
2025-08-14,186.4669976474,188.6209068612,185.395005965,186.844179906,10992443,184.53939778883,182.17446502722999,184.56846691029915,54.29849655494214,0.44619409108270247,0.3053941040607705,0.14079998702193197,192.66669257533408,176.41210300232592,8.808194763704835,0.01865165488993766,-0.009419565332211333,0.02093502549052495,0.027791427791183043,0
2025-08-15,161.4935617866,166.257969264,160.5109027444,160.5555690645,31803282,183.11578290873,182.170990980112,182.28152425831829,29.929791810860735,-1.5062766341653742,-0.05694004358445848,-1.4493365905809157,196.11431131473822,170.1172545027218,14.197059586597222,0.036416356595461434,-0.14069804504869043,-0.1416556115681613,-0.12503380754025917,1
2025-08-18,160.6101612335,163.3298438352,160.55060614,162.3174072462,10125796,181.672564477025,182.157888859548,180.3801797809737,32.12824284769748,-2.878279123678084,-0.6212078596031836,-2.2570712640749004,196.97395854657984,166.37117040747015,16.845024578810214,0.03640500202429845,0.010973385675536518,-0.13945166552696042,-0.11308167914127465,0
2025-08-19,163.0221425189,163.9750240144,160.2925340683,161.0171210389,8921472,180.43580370267998,182.06815918539,178.53607894839524,31.346559443567386,-4.024135482440698,-1.3017933841706866,-2.722342098270012,198.04304404156034,162.82856336379962,19.516348726324146,0.03607209630951952,-0.008010762550733297,-0.13822779430482346,-0.13918811355794447,0
2025-08-20,160.6002353846,160.7689748161,156.7688577048,159.766464076,9323294,179.142961881985,181.892868693616,176.7484965795957,30.575995893061275,-4.975794604067914,-2.0365936281501322,-2.939200975917782,198.72334614774616,159.56257761622385,21.86006534675946,0.03604733350398675,-0.00776722968856125,-0.00491484034529488,-0.15297584591952496,0
2025-08-21,159.2109021908,160.5547481203,158.3548225617,159.1113580479,8294875,177.762276298425,181.62546632394603,175.0687691003866,30.157803277797697,-5.716951438307291,-2.7726651901815638,-2.944286248125727,198.8459580417705,156.6785945550795,23.721210351683933,0.03593028422548015,-0.00410039761403469,-0.019751727511499118,-0.14842753931137787,1
2025-08-22,159.9475288485,164.2478358227,159.250719848,161.7492778354,7448112,176.63408576851,181.43027701389198,173.80024612276884,34.06823853646192,-6.022047078229235,-3.4225415677910984,-2.599505510438137,198.59156687169107,154.67660466532894,24.86211085210101,0.03629148844947999,0.01657907907935674,0.004547074197924106,0.0074348636914640664,0
2025-08-25,161.5700983781,161.8812733689,160.0172097485,161.2515571207,4186776,175.253707262795,181.18126103735597,172.60513288447655,33.685014481690814,-6.2321590231785535,-3.9844650588685897,-2.247693964309964,197.43350227693003,153.07391224865995,25.311641460315787,0.03558780086247883,-0.0030771124382173998,0.009295399089470635,-0.00656645607875761,1
2025-08-26,161.2714659493,164.0626837169,160.9429702777,163.7600695224,6770237,174.09106477204,181.06996129625202,171.76274589761212,37.5008729110623,-6.125645637197806,-4.412701174534433,-1.7129444626633727,196.12061957012253,152.06150997395747,25.308082097066475,0.035941125990266456,0.015556515834586948,0.029216716716731872,0.0170351355545435,0
2025-08-27,162.5157677359,163.8994313225,161.8090043211,163.6406165509,4633530,172.87381297304498,180.837956376696,170.98920976935383,37.390539335413976,-5.981916063147935,-4.726544152257134,-1.2553719108908012,194.38206572961406,151.3655602164759,24.88318200041404,0.03586863413908927,-0.0007294389398365686,0.0116930272630007,0.02424884657306481,1
2025-08-28,163.9691122225,165.4025478806,162.9935796219,164.5166050086,7899538,172.16340144864498,180.672306402936,170.3727712207106,38.81226819694289,-5.731258017757909,-4.9274869253572895,-0.8037710924006198,193.78995666630334,150.5368462309866,25.123289892839857,0.03447349415520051,0.0053531236691932715,0.020248163467073033,0.03397147147140034,0
2025-08-29,162.1275455785,162.914939749,158.7033266061,160.0271641628,7202136,171.231991929075,180.44168223453798,169.3874753104334,34.489674056973044,-5.827692060860784,-5.107527952457988,-0.7201641084027957,193.2607539432365,149.20322991491352,25.729726981492913,0.03486741175602267,-0.027288679130992977,-0.022794966871270028,-0.01064680903461257,0
2025-09-02,156.0055807887,157.5783782469,155.298817374,156.8517060036,7683373,170.00135873945,180.214647641598,168.1935925193064,31.792557433992286,-6.090146254785111,-5.304051612923413,-0.7860946418616983,192.3536905413874,147.64902693751262,26.2966507652393,0.034668534272707,-0.01984324458795972,-0.04148670843701174,-0.027285634915181878,0
2025-09-03,157.3295178896,157.3295178896,153.7608603658,155.537723317,7253966,168.887165743015,179.911704150368,166.98827164289628,30.721956930960715,-6.331188515568186,-5.509478993452367,-0.8217095221158193,191.78409131200263,145.99024017402738,27.115056929581545,0.03452840493998448,-0.008377229168102462,-0.054577358261986064,-0.05020971369504268,1
2025-09-04,155.2291364739,158.9421330049,154.6915981021,157.5186517611,6245060,167.92214470579,179.48519827191998,166.0864030827252,34.31319303442241,-6.28986621134672,-5.6655564370312375,-0.6243097743154822,191.0264674865153,144.81782192506472,27.51789863237572,0.03478367026576542,0.012735999999579972,-0.015675541179671515,-0.03741103473474017,1
2025-09-05,159.5294434482,162.1076367499,158.0960077901,162.008092607,7046829,166.93295319562998,179.091109803682,165.69799256122758,41.69046921896107,-5.827679766356738,-5.697981102896337,-0.1296986634604007,189.25820314480583,144.60770324645412,26.747564841811343,0.034802745353594206,0.028501011122853637,0.03287427809858623,-0.015247776365606813,0
2025-09-08,163.0582833148,163.8944541153,161.1121953207,161.3112836065,7933594,165.82355893481,178.67415189141397,165.28021075601544,40.92225276246644,-5.454741477400404,-5.649333177797152,0.19459170039674767,186.9168397735378,144.7302780960822,25.440632168581267,0.034636528717911716,-0.00430107526906276,0.03711999999982618,0.008024384175136845,1
2025-09-09,161.1818762207,163.5112091651,161.0126511777,162.7546736789,5315373,164.81065250744,178.292215806918,165.03968341533778,43.254800785076434,-4.985248835235751,-5.516516309284873,0.5312674740491214,184.39667234749407,145.22463266738595,23.767905219803552,0.03478888973116357,0.008947855600237808,0.033240647118673916,0.03763406739844144,0
2025-09-10,163.5510268223,164.6460123944,161.8090043211,162.6750383645,5690240,163.59177328900498,177.91146625383,164.8144791247818,43.15356593948727,-4.566953441694352,-5.326603735766769,0.7596502940724168,180.31423209826042,146.86931447974953,20.444131722581385,0.03421817808346058,-0.0004892966364645757,0.00411674347106783,0.045887999999546736,1
2025-09-11,163.2523943935,169.8820343122,163.2523943935,169.3743591832,8999907,162.629445905105,177.65100544561798,165.2487534160597,53.09831661619109,-3.6527653222805156,-4.991836053069519,1.339070730789003,175.17267065402106,150.08622115618894,15.425527251977586,0.035714845908102186,0.04118222983718667,0.04998457266243639,0.07526541961570943,0
2025-09-12,167.1445703818,168.8965472972,166.4178981384,167.0350718246,5170573,161.638990501035,177.219685778844,165.41887897877785,49.82084284767065,-3.081503931718885,-4.609769628799392,1.5282656970805073,167.9651045431384,155.3128764589316,7.827460469153191,0.03575877676086933,-0.013811342932195214,0.02629969418970335,0.03102918586785952,1
2025-09-15,168.3391000969,170.2802108838,167.7630381418,170.150803498,5597644,162.11875222271,176.830034979802,165.869538456799,53.90215880976191,-2.35026921665758,-4.15786954637103,1.8076003297134502,169.42316632191,154.81433812350997,9.011189636058397,0.01646320531413221,0.018653158521533486,0.04595520744091841,0.05479790188182343,1
2025-09-16,171.6738288848,173.3063528287,170.797840427,172.7489056283,6447519,162.64032714181502,176.497706181778,166.52471628265624,57.03993954621186,-1.5433248201992171,-3.6349606011366675,2.0916357809374504,171.2924045379806,153.98824974564945,10.639522863995897,0.016599700738266956,0.015269408529890116,0.019923596826423973,0.06140672782839851,1
2025-09-17,173.4556690431,178.730115,173.1769454429,177.3179817885,9588307,163.45537017929502,176.173183259124,167.55264633083183,61.945662640144796,-0.5290309717877051,-3.013774675266875,2.48474370347917,174.16802681676944,152.7427135418206,13.10774509974638,0.01714878602417261,0.026449233606325562,0.061561382598128045,0.09001346224483475,1
2025-09-18,187.142988695,190.6768057687,182.9919979351,188.8949656104,15473653,164.91179525601498,176.07225933377998,169.5852481669812,70.98620360405553,1.1951926157152286,-2.1719812170704547,3.3671738327856833,180.17578273333905,149.64780777869092,18.511698879546735,0.021516889692152173,0.06528939538522782,0.11016205464242979,0.11525124889822291,1
2025-09-19,189.9451563183,190.9754381975,187.8000795824,189.2334156964,18903501,166.41789813844,175.92569592790397,171.45650221740203,71.20160200236703,2.5594584804116494,-1.225693277574034,3.785151757985683,184.73442510034755,148.10137117653244,22.012688739369096,0.021373343765131978,0.0017917369311899467,0.0954246859518133,0.1328963051251295,1
2025-09-22,192.3043525055,200.2330434893,191.5527942265,199.6059153889,15475542,168.31073001611497,175.98856768565997,174.13739870992566,76.86923156137071,4.426596002519545,-0.09523542155531806,4.521831424074864,191.48601004838844,145.1354499838415,27.538683992463863,0.023679934497968146,0.054813256180617165,0.12569471734110094,0.17311180015230576,1
2025-09-23,200.3126788037,203.1695957056,197.8937561306,199.9543198892,12417874,170.24586815454,176.07488444261602,176.59615310795178,77.0327351969133,5.8668004486106895,1.0971717524778835,4.769628696132806,196.9369066830963,143.5548296259837,31.35587232499249,0.02355507829372812,0.0017454617996726096,0.05854763912348071,0.1574853059818353,1
2025-09-24,198.1724797308,202.8210916612,196.5001381297,200.5217215038,6360493,172.08395075361,176.129074013632,178.87477866946114,77.31398169626604,6.973570437469419,2.2724514894761905,4.701118947993229,201.64422290382387,142.52367860339612,34.355640977278945,0.023599295148300843,0.002837656195247007,0.05965281430796865,0.13085948464593278,0
2025-09-25,198.1326620737,199.8050036748,195.3056084147,198.690109274,6027565,173.836425389765,176.23556694629804,180.76195301275055,74.15710049199413,7.615115516534615,3.3409842948878756,4.27413122164674,205.28232458097816,142.39052619855184,36.178722751238304,0.023881737828990966,-0.009134233518762636,-0.004588071015409034,0.05185497470484579,1
2025-09-26,199.0882858457,204.2645812777,196.4867992146,202.9904162483,7363317,175.76011595175,176.473526406462,182.87894951137432,76.57546512303699,8.374013037780173,4.347590043466336,4.026422994313838,209.32589406934076,142.19433783415926,38.19498859093299,0.02399186959837539,0.021643286573312714,0.01518394981805038,0.07269857969467353,1
2025-09-29,205.399384507,209.5404208526,203.7469517345,204.0157209204,9295427,177.95954378963,176.77328349153998,184.89197535985295,77.1251044816332,8.954951205900443,5.269062275953157,3.6858889299472857,212.85198161523007,143.06710596402993,39.213898937443005,0.022318990666893666,0.0050510003922839,0.017424543288362848,0.02209255934578991,0
2025-09-30,203.42343327,209.3114693239,201.9452027476,203.8066782203,12253833,180.307292400465,177.02578153833997,186.69337563227649,76.7297946305334,9.291375695378122,6.07352495983815,3.2178507355399715,215.52009166024854,145.09449314068146,39.05865236063267,0.021257445619740155,-0.0010246401559493856,0.02575150300634288,0.019266192064441023,1
2025-10-01,203.8066782203,217.4442258007,202.6818294052,216.7474168002,12699236,183.36777707462502,177.64568314382802,189.5556652673168,82.65623575401955,10.481381142848335,6.955096196440188,3.526284946408147,220.04672456067303,146.68882958857702,40.00588115448529,0.02335574882915535,0.06349516459863991,0.06777167516653737,0.08091739475761739,1
2025-10-02,223.9743215764,225.3778939917,217.7329038152,222.5707491612,11166002,186.62038194463,178.384632117254,192.69995897149616,84.5616594894439,11.758814987836672,7.915839954719485,3.8429750331171872,225.0491027548787,148.1916611343813,41.18384113226223,0.023434141015506223,0.026866905483667214,0.09094901195403238,0.12019038076157007,0
2025-10-03,218.9075247017,219.4948351449,214.6171721417,216.5383741001,9269817,189.346896019285,178.980898204874,194.9702842218394,75.32928341446758,12.14443477618326,8.761558919012241,3.382875857171019,228.13987683734007,150.55391520122993,40.97556562438076,0.025307423030710742,-0.02710317992743505,0.062469473478381055,0.06674185955275824,1
2025-10-06,221.3264473747,225.457529306,219.7636043308,222.8892904186,7891854,192.42579635989,179.75242224457202,197.62923719295944,78.04679085828568,12.814786228059575,9.57220438082171,3.242581847237865,231.60227123010188,153.24932148967812,40.71852694525522,0.02508012650169801,0.029329287914409807,0.02833654817700393,0.09251036838265914,0
2025-10-07,222.8892904186,223.8050965335,210.3069107531,210.5955887676,10543323,194.817842114325,180.18715147522397,198.86412781911568,63.47200567618055,12.213258758332358,10.100415256323839,2.11284350200852,232.25928731464927,157.37639691400074,38.43738827407039,0.02976653931104881,-0.055156089500359884,-0.05380383738083594,0.03331054019712587,1
2025-10-08,209.042700138,217.6532685008,208.0472587088,216.5184652715,7875462,197.510013459675,180.777262393904,200.54549329077133,66.69859952469443,12.075274293662517,10.495387063791574,1.579887229870943,233.01243753156038,162.00758938778964,35.94999914182456,0.029752232853710436,0.028124409151020213,-9.194134149537181e-05,-0.001056305685576242,1
2025-10-09,216.0107901426,219.8531940594,214.5275824131,219.2957468591,6701398,200.00608284346998,181.40346428047,202.33123172585024,68.120602486171,12.051106371992802,10.80653092543182,1.2445754465609813,234.24204775089174,165.77011793604822,34.23492367901203,0.02909807964891426,0.012826996460174822,-0.016122549238463235,-0.014714432666657506,0
2025-10-10,219.6939234308,223.4451449127,208.7739309521,208.9929280665,12829661,202.103975655565,182.008826131868,202.96567899638833,58.193288998704766,11.072959562477337,10.859816652840925,0.21314290963641191,232.97842852568576,171.22952278544423,30.553038622791313,0.03157077749940408,-0.04698138901535409,-0.007610134241076483,-0.03484576839997844,1
2025-10-13,219.3455189305,220.1219632453,216.0406533855,218.4794848871,7853006,204.52040972502,182.805308738526,204.44318431931325,63.47187785488402,10.937180018631551,10.87528932599905,0.06189069263250069,232.4364560767769,176.60436337326308,27.29903229637604,0.0324333345569148,0.0453917599430993,0.009057054848144341,-0.019784734938220305,0
2025-10-14,212.924921712,220.6395927885,212.7357878404,217.1953654434,8260006,206.742732715775,183.51992865147201,205.65767775970247,62.32474469113315,10.603722927304744,10.82097604626019,-0.21725311895544586,231.0284481055157,182.45701732603428,23.493658104179303,0.03270166554367451,-0.005877528704187451,-0.009577848388685473,0.031338627339830394,1
2025-10-15,222.9340852829,227.060190007,219.5147439735,226.5425604638,8033603,209.20396164954,184.494348195834,207.64671420771174,67.00001566435688,10.967272410914717,10.850235319191096,0.11703709172362053,230.90209112831633,187.50583217076365,20.743516812674134,0.03329188449775503,0.04303588615400655,0.08397237437486793,0.046296721989648404,1
2025-10-16,229.543816373,231.0120924811,223.0087433901,226.6819222639,7742842,211.093309482215,185.49160519100002,209.45959116544395,67.06563728835667,11.138238646675092,10.907835984687896,0.2304026619871955,231.95320016673858,190.23341879769143,19.763668242911375,0.03099157745653801,0.0006151682925039648,0.03754328412591512,0.03368134362197961,0
2025-10-17,225.4376204774,226.3235633494,221.6848062892,223.9643671621,5272810,212.82985705549999,186.335054078038,210.8409984032207,64.37729086452904,10.92847003527055,10.911962794804428,0.016507240466122397,231.82023576071572,193.83947835028425,17.845596447742366,0.03132602432116387,-0.011988406815415353,0.031165497960240707,0.07163610383427033,1
2025-10-20,226.1095434421,230.2754658235,225.4973469632,227.0900532499,5494792,214.20406394855,187.20687176657802,212.38852743623778,66.06236286443715,10.888922918977272,10.907354819638996,-0.0184319006617244,233.1454687931785,195.26265910392146,17.68538327001871,0.029452223425172546,0.01395617583013875,0.002416732577662728,0.039411335884692145,0
2025-10-21,224.8901276913,227.1199164928,224.1833642766,224.9697630057,4557485,215.454836104375,188.046010982166,213.58674034761512,63.855749899524035,10.564708458879949,10.838825547487188,-0.27411708860723927,233.76024808092984,197.14942412782017,16.992342625056654,0.029657496655661857,-0.009336781659330273,-0.007553135429153035,0.03579449104003096,0
2025-10-22,224.9697630057,225.7362529062,215.0800524063,219.5545616307,7498073,216.40647811072,188.696049760116,214.15510427933748,58.48289734814359,9.758316866679706,10.622723811325692,-0.8644069446459852,233.44254529601534,199.37041092542466,15.744507589628789,0.030424632453632222,-0.024070796460157196,-0.019689763989145126,-0.030846295807699375,1
2025-10-23,217.3944537292,229.4990215087,217.1256845433,227.4285033359,7001931,217.843397813815,189.47220168961002,215.41923752281963,63.316175478667745,9.64344339780169,10.426867728620891,-0.7834243308192015,233.4476182451755,202.23917738245447,14.32608983146419,0.03098433284385943,0.03586325716358507,0.0014903782933528564,0.0032935183562226023,1
2025-10-24,227.9560872934,229.6682465516,225.2584410201,227.707226936,5346676,219.0792383482,190.28946263021,216.5895222288368,63.47825661810167,9.465780387175329,10.23465026033178,-0.7688698731564507,233.66413809684423,204.49433859955576,13.314725629512456,0.030820480805922094,0.0012255438347072989,0.012168141592568738,0.01671185386017693,1
2025-10-27,231.9378530103,234.7151345978,230.0763775376,230.2754658235,7671698,220.39222559335502,191.68386056538998,217.89294542832855,65.0122390388712,9.423587336973156,10.072437675660055,-0.6488503386868985,234.01253209249268,206.77191909421737,12.360060762096426,0.030839585979506264,0.011278688524988478,0.04883025027206234,0.014027089817512328,0
2025-10-28,228.6329874652,229.9619017732,226.0448397492,226.6022869496,6118502,221.53200602981997,192.969558159458,218.7224065255925,61.06193273225152,8.990121677079458,9.855974475943936,-0.8658527988644789,233.06514295929216,209.99886910034778,10.412163132689495,0.03121025567896605,-0.015951238490666708,-0.0036328620827253966,0.0072566371679851915,1
2025-10-29,231.8383088673,236.3078408846,230.942411581,234.6753169406,7784456,222.42840103683997,194.442722077492,220.2417313270218,65.95782763354295,9.192062692945314,9.723192119344212,-0.5311294263988984,235.0684175289084,209.78838454477153,11.365469906853237,0.029044702657652095,0.03562642769265412,0.030601092896179516,0.0688701487119805,0
2025-10-30,236.696063042,241.3945465879,231.0220468954,231.4899043671,7317726,222.874358797135,195.877190883314,221.31298590226731,62.612544680855684,8.991418751444854,9.57683744576434,-0.5854186943194861,236.11794666247778,209.6307709317922,11.884353082893115,0.028803788417213302,-0.013573700954269019,0.005273851207973745,0.01785792445374157,1
2025-10-31,232.6695024608,236.8229818242,229.3994773657,232.0373971532,6532964,223.64930994979,197.33571166541998,222.33435840235614,62.96026635628767,8.775427409827728,9.416555438577019,-0.6411280287492911,237.13091728563026,210.16770261394973,12.056024084194073,0.027958528320552997,0.002365082778002181,0.023985239852450713,0.01901639344287065,1
2025-11-03,234.5956816263,238.6969003147,232.9332944395,236.6263821419,6160630,224.33616453595496,198.83325375155,223.69550352040793,65.82897707143893,8.872271430054468,9.307698636872509,-0.4354272068180407,238.94547711615286,209.72685195575707,13.02448279831977,0.027579104545566176,0.019776919776729684,0.008313891834622833,0.02757964812138436,0
2025-11-04,230.3650555521,235.8896559402,228.7225771939,229.1406625941,6896422,225.26341822728,200.19103586101798,224.2140900988548,57.94514199451879,8.249886451432644,9.096136199784535,-0.8462497483518909,238.5618682220196,211.9649682325404,11.807021396898186,0.025365246108420208,-0.03163518573051993,-0.010148355192520775,0.011201897733117638,1
2025-11-05,229.1406625941,240.8072361447,229.0510728655,239.7918858869,7225883,226.42708925805,201.711672188308,225.69768969771624,64.46613193236522,8.517917326850466,8.980492425197722,-0.46257509834725674,240.51086308677725,212.34331542932273,12.440007840825565,0.02656761154459502,0.04648333984993136,0.03341913341917113,0.021802757158287278,0
2025-11-06,239.6724329154,239.6724329154,231.8682716544,232.4654369678,9278439,227.08557376348503,203.088168596646,226.34223705677184,57.82431946044423,8.046396676416578,8.793673275441494,-0.7472765990249162,241.0046038163913,213.16654371057876,12.258841301300155,0.02768125165370595,-0.030553364606155098,-0.017584451642440935,0.004214147495404275,0
2025-11-07,231.2062035598,231.4600411242,222.3617064611,229.0212096226,6892795,228.08698784129,204.37826068892602,226.59737730113642,54.95772215272362,7.310521658637128,8.497042952080621,-1.1865212934434926,239.2677144976974,216.90626118488262,9.803914517199273,0.025451866308475683,-0.014816083586985385,-0.0005213084842632387,-0.01299871299887323,1
2025-11-10,235.1531288267,235.4617156697,231.0021380668,234.0083711831,7673744,228.86343215609,205.857884829332,227.3031862422758,58.18982004264316,7.04850686424993,8.207335734514484,-1.1588288702645535,239.4061509232078,218.3207133889722,9.213109029954103,0.02397920901473796,0.02177598122339086,-0.024118892440454953,-0.011063901392153408,0
2025-11-11,231.5098131957,232.1867133676,225.9652044349,227.6275916217,6237600,229.385043465005,207.27340254169403,227.33408199269718,52.95418423209249,6.253891697205262,7.8166469270526395,-1.5627552298473777,238.50300978294663,220.26707714706336,7.949922261895575,0.024889061857530183,-0.027267313255248338,-0.020811030702900246,-0.006603240800958421,1
2025-11-12,230.1759216805,230.7781637452,227.8565431504,229.6782009659,5955373,229.54182549011003,208.756212094672,227.5573314187165,54.37494098472149,5.723641907779324,7.3980459231979765,-1.6744040154186521,238.56624977663228,220.51740120358778,7.862989036750578,0.023079626636360855,0.009008615034718614,0.002868692137215856,-0.04217692722834754,0
2025-11-13,226.3534265923,227.9560872934,218.6288011015,222.2123902467,13465856,229.31834888925,210.05008686438399,227.04828940233398,48.61820428995557,4.6474141019079696,6.847919558939975,-2.2005054570320057,238.82354649074443,219.81315128775555,8.289958171716131,0.02426206079759646,-0.032505525939348634,-0.05040837161833933,-0.04410568235363177,1
2025-11-14,202.8211912053,225.1290336343,202.4727867051,224.97971742,15254389,229.36911640214498,211.309519360644,226.8512825468736,50.70163149137058,3.972009138461118,6.272737474844204,-2.300728336383086,238.76965854716275,219.96857425712722,8.196868255389814,0.024279998232025694,0.01245352327216187,-0.011632483491283319,-0.017646803146572854,1
2025-11-17,223.1779684331,230.6537335666,222.2372762824,227.6674092789,8713644,229.39798420359497,212.63664187409202,226.92900890230467,52.70733392377269,3.6119834135251097,5.740586662580386,-2.128603249055276,238.7738678887038,220.02210051848616,8.174338338376632,0.024225495083773415,0.011946374054166542,-0.008754821652833034,-0.02709715841421112,0
2025-11-18,225.4475748917,226.582378121,218.4197584013,224.0937745479,12167355,229.354184780705,213.86342389147202,226.65898658283757,49.8057899628381,3.0036734976291086,5.193204029590131,-2.1895305319610223,238.82015650777686,219.88821305363314,8.254457389668007,0.02440120223059992,-0.015696733855403044,0.008466603950892715,-0.015524555035810073,1
2025-11-19,226.2538824494,234.8345875693,225.4674837203,234.0581432545,8870502,230.079363861895,215.291085989272,227.36366817061494,56.92606777036175,3.287725927608818,4.812108409193869,-1.524382481585051,238.60696635185414,221.55176137193584,7.412748667957756,0.02561245729309817,0.04446517412945861,0.040352196805155005,0.019069908551096137,0
2025-11-20,238.1929643627,240.163067613,218.4171178125,219.6839690165,9263965,229.69213714592502,216.29727818593798,226.63226825117542,46.64639675558136,2.3261493916258758,4.314916605680271,-1.9887672140543948,239.30086550097755,220.08340879087248,8.366614960744643,0.028246797311769885,-0.061412835452473225,-0.03506624109127565,-0.01137839896053039,1
2025-11-21,218.6565227644,227.5943076365,214.960708819,223.4496094062,8596770,229.479256269435,217.42556893757003,226.3291578849873,49.23277522045606,1.8466616023090126,3.821265605006019,-1.9746040026970064,239.43677826734412,219.5217342715259,8.678363491136503,0.02854579355100619,0.017141170594096478,-0.002874533855300454,-0.006801093144514492,1
2025-11-24,222.3074482814,232.6218116271,222.3074482814,230.3374893774,8806555,229.48235744712997,218.629302655158,226.71090374140755,53.6579922634125,1.9994104647655035,3.456894576957916,-1.4574841121924123,239.44090798183913,219.5238069124208,8.67914261078087,0.029296976497410254,0.030825204794512784,-0.01589628040864355,0.011727985603899427,1
2025-11-25,236.9610263809,244.0134972565,232.556972786,241.8588526892,8330341,230.24518573411,220.011501596376,228.1535655459592,59.94708835655621,3.015383308203866,3.368592323207106,-0.3532090150032401,241.46221147411515,219.02815999410487,9.743548560410467,0.031019569727461248,0.05001948811260437,0.10093992644057925,0.07927519707827813,1
2025-11-26,242.2279353234,252.0335631463,242.2279353234,249.3502326434,8791060,230.97893151925,221.45214661347399,230.17229574571547,63.422966198088794,4.374613044472625,3.5697964674602103,0.8048165770124145,244.8621402954295,217.09572274307052,12.021190577741024,0.030784275609917016,0.030974181308247584,0.11591259123714237,0.06533457531649445,1
2025-11-28,250.1731871656,251.8540094323,247.2354889013,251.6245796867,2916326,231.98566528523003,222.70673889500003,232.21537040676162,64.43214400827976,5.571112880678982,3.9700597501039647,1.6010531305750169,248.53515994281128,215.43617062764878,14.267687304931867,0.030539539357667757,0.00912109453113108,0.09241695898847735,0.14539345229965783,1
2025-12-01,249.6095880079,255.1558027277,247.9138029318,254.1183812693,6842394,233.089714491035,224.004438206458,234.3013714412891,65.55437716523303,6.64398880018561,4.504845560120294,2.1391432400653168,252.24646168243018,213.93296729963984,16.437230817520238,0.03055677607768312,0.009910802774931726,0.050688773405594745,0.13725140063838048,1
2025-12-02,254.9912118232,266.3877853038,254.9912118232,264.672149567,9196769,234.49200286229,225.30576289002002,237.19382650088062,69.88489762960039,8.250742176251634,5.254024883346562,2.996717292905072,258.07385498847754,210.91015073610248,20.113139756016693,0.03148355533791948,0.04153091265962283,0.061447373684676565,0.1490624052663172,1
2025-12-03,264.642223948,268.4826783852,259.0661833613,267.9639676561,7999577,236.43316811539003,226.665955845358,240.12431613471105,71.10512248389105,9.678164159750082,6.138852738627267,3.5393114211228154,263.98998898501196,208.87634724576813,23.31045266556928,0.030221278687493205,0.01243734217780501,0.06493557978216735,0.10793532953886253,1
2025-12-04,267.6696990693,272.0886157216,265.3404883911,268.7719593688,6348761,237.88217178948497,228.030960602658,242.85266310938619,71.41132259876379,10.75067742692579,7.061217676286972,3.689459750638818,268.8318602658309,206.932483313139,26.021023974621393,0.028862637917146647,0.003015299854557174,0.0576643768400642,0.07788934672130576,0
2025-12-05,269.1210915904,272.911669996,266.6971164521,267.3355296572,5373412,239.62567642395499,229.40386901032198,245.18436468536848,69.99131457439744,11.353863771201645,7.919746895269908,3.4341168759317373,272.992663669618,206.25868917829195,27.84925868013316,0.02770405198538856,-0.005344418052290134,0.01006294048904377,0.06243805748254738,1
2025-12-08,268.8268230036,271.4852154907,265.879149533,267.4951329585,5272568,241.54937259075,230.69396334452597,247.30919975900005,70.06254749279464,11.709788791222849,8.677755274460496,3.032033516762352,276.64073603478914,206.45800914671088,29.05523046296079,0.02726504158780161,0.0005970149254184154,-0.0017496184345267007,0.05263984298335389,0
2025-12-09,265.4103148354,268.0437693067,264.0736371872,266.4776619128,4047273,243.17283712723503,231.94320216437401,249.13476758317148,68.93907080646258,11.774036757209586,9.297011571010316,2.4770251861992705,279.69367804328573,206.65199621118433,30.036941088894682,0.027192068343623286,-0.0038036992839711736,-0.008536223277860189,0.006821693739797574,1
2025-12-10,266.1085792786,275.4154467849,265.2008355025,274.4678021835,6244572,245.514847655325,233.356424643638,251.54743754510753,72.64826858639061,12.327586532699883,9.90312656334823,2.424459969351652,283.71662515284265,207.31307015780735,31.119728898146814,0.026411420736127778,0.02998427790662106,0.0266791044776038,0.024271302534775385,0
2025-12-11,270.5475460957,271.3106493799,262.1783479844,269.440298193,7061221,247.50295251667998,234.410282271494,253.25151951157346,67.20975099425752,12.219739610748434,10.366449172828272,1.8532904379201618,286.3345262837048,208.6713787496552,31.378675181184214,0.02714743172466046,-0.01831728148257905,0.007271778043160815,0.0024866389550812773,0
2025-12-12,266.5973643888,269.0412899397,256.492480376,258.5673232927,6739294,249.32069916897998,235.13021375412401,253.75778653834743,57.23117485264774,11.12862804611018,10.518884947484654,0.6097430986255254,286.6199734488316,212.02142488912835,29.920720104006783,0.02781779510739888,-0.04035392988064346,-0.02968480946327312,-0.03279850746267565,1
2025-12-15,262.7768603642,265.0312569949,259.1458852599,260.6222157968,6405964,251.10282408782,236.01189058805798,254.4115417058191,58.48564404358147,10.310869634870357,10.477281884961796,-0.16641225009143845,286.9578120534455,215.24783612219454,28.558012516088343,0.027797850978388085,0.007947224258394892,-0.05044521170262195,-0.025693615751753884,0
2025-12-16,259.1458852599,260.9314471931,254.6670176175,258.1982406585,5859741,252.62936565680002,236.718069592856,254.77217970131255,56.38468505515145,9.359307396970564,10.25368698736355,-0.894379590392985,286.929279638863,218.32945167473702,27.15433646669552,0.028034008652800795,-0.009300723389558896,-0.04172374217923136,-0.031069851014413508,0
2025-12-17,257.519926628,259.4531216149,246.3077947126,247.6544475672,7855446,253.807399307765,237.45924676884803,254.0943004504447,48.26316223377111,7.666022349771936,9.736154059845228,-2.0701317100732926,285.6354846422377,221.97931397329225,25.080502318908543,0.029609755179442924,-0.04083603770656796,-0.042205161837663985,-0.09769216790818136,1
2025-12-18,258.4476208168,260.1733315119,251.5996416709,252.871480478,8741172,254.74806616894003,238.18630707297797,253.97784140544996,51.95100190054625,6.668186008243964,9.122560449524975,-2.4543744412810113,285.2711093554135,224.22502298246653,23.963316892252028,0.028424758575001124,0.02106577516393826,-0.02973935009762574,-0.06149346562529323,1
2025-12-19,255.0710134739,260.6720918285,252.9512821287,255.7742655202,25749747,256.552580994125,238.9158774462,254.14892941637854,53.91919711598421,6.041975874991664,8.506443534618313,-2.4644676596266493,282.4937356628099,230.61142632544005,20.222875613384673,0.023869049038493084,0.01147928994093328,-0.009388038942937826,-0.01080205238980736,1
2025-12-22,262.1783479844,262.1783479844,256.9613150735,258.3678191661,4181985,258.29849148212,239.903375268192,254.55072844016155,55.66654917058886,5.689394142629396,7.94303365622053,-2.253639513591134,279.32819343317675,237.26878953106328,16.283255725101636,0.02377762243035086,0.010140010139898736,0.04325935473455589,-0.008650055498176323,1
2025-12-23,257.519926628,259.8042488777,257.2406208508,259.5847943384,3791496,259.76085673017,240.72548145721797,255.03016328761282,56.50007686342964,5.445399133667195,7.443506751709863,-1.9981076180426687,276.4240407879379,243.09767267240215,12.829634354861222,0.023140987277520095,0.004710242847688617,0.026548323471313973,0.0053701128108532,1
2025-12-24,259.5847943384,260.8315953777,258.6870257687,260.1334306866,1279508,260.67458563004004,241.58424276208203,255.51618875418302,56.89355288130446,5.235944984807702,7.0019943983294315,-1.7660494135217295,275.1747067835767,246.1744644765034,11.125074673843207,0.02072512210008819,0.002113514967617025,0.017043017042915443,0.05038868973275301,1
2025-12-26,261.1908025576,262.2879755019,259.5548687194,261.2506537956,1836042,261.26960668765,242.27840462871802,256.062328281937,57.732011011157034,5.101297053686352,6.621854929400816,-1.5205578757144638,274.806795835487,247.73241753981307,10.362620680958713,0.019721961268368008,0.004294807883981733,0.011157870352447752,0.03313609467450007,1
2025-12-29,260.1733315119,263.9948330572,259.3553645928,262.3978025236,2601560,261.808267829495,242.992722233912,256.665706781143,58.621976957205,5.029179660839844,6.303319875688622,-1.274140214848778,274.6045220751882,249.0120135838018,9.775286587990314,0.01966691426005746,0.004390988927045925,0.010836567651697271,0.025896025895837838,0
2025-12-30,263.5349760453,264.3569330469,259.1359100536,259.3254389738,2185127,262.06862071472,243.699943670146,256.9190146090151,55.26572005860378,4.670276011066193,5.976711102764137,-1.306435091697944,274.4330456906193,249.7041957388207,9.436020949153495,0.019819159548120087,-0.011708800608281278,-0.0031060664162517737,0.003706420601415239,0
2025-12-31,260.8217199234,261.1808273513,255.3253812353,256.3528274874,3025778,261.65265461074,244.285199154896,256.86509202600416,52.1544592855007,4.098729773598336,5.601114836930977,-1.5023850633326408,274.19718647655964,249.10812274492034,9.588690689557206,0.017557053950012308,-0.011462861099023502,-0.018747613592699275,-0.012450524535681073,1
2026-01-02,266.4178106748,270.557521302,264.4427198214,268.203372608,7553217,261.664624858335,245.149871346942,257.94492827190857,61.46751944643994,4.549570596899628,5.390805988924708,-0.8412353920250801,274.23365637909563,249.0955933375744,9.606978037299067,0.020364811667120508,0.046227479668358384,0.02212507127942831,0.03102231766251684,1
2026-01-05,275.4353971976,287.0265869536,275.4353971976,283.6150663886,10398711,262.406780209325,246.4310814421,260.3897033306411,69.72177752759393,6.0803693714781275,5.528718665435393,0.5516507060427349,277.9643799925772,246.84918042607276,11.857620272495815,0.024059234331434427,0.05746271432285588,0.09366465361407927,0.08560519282182422,1
2026-01-06,284.7223142913,297.480603188,284.7223142913,295.2760825889,7237927,263.80380785591,247.78803302716003,263.7122156409515,74.2214444325829,8.140644696639356,6.051103871676185,2.089540824963171,284.909538347759,242.69807736406105,16.00108100287692,0.025419277488600157,0.0411156443442342,0.15183470173900493,0.12529937274281466,0
2026-01-07,291.2760248504,294.5179669078,289.2809835843,291.475528977,6148356,265.002827656835,249.06339906798001,266.3563407205752,70.54191417942748,9.358871575555497,6.712657412452048,2.6462141631034495,289.2952322191791,240.71042309449086,18.33369460781871,0.02572661479689841,-0.012871186784170874,0.08677055826219626,0.12397584336663625,0
2026-01-08,289.9792480275,291.1912355966,278.7571409056,280.941711092,5500686,265.726030115795,250.07672397335003,267.7454236130918,61.449030466099515,9.366364466209973,7.243398823203632,2.1229656430063404,290.9926762337399,240.45938399785015,19.01706513805552,0.027254190726282903,-0.03613963039014234,-0.009425998874605046,0.0959181291098048,1
2026-01-09,287.6849505714,302.0292972747,285.7896613686,300.4332642618,9427640,267.02430321970996,251.55334351959402,270.85855129392115,69.32760156275093,10.820377502732867,7.95879455910948,2.8615829436233877,296.3039217021364,237.74468473728354,21.93030232033591,0.03053361040479257,0.06937934952427582,0.017465626161398573,0.1201695986907163,1
2026-01-12,300.9669378005,308.7326359288,299.8397394851,306.4782392981,6612806,268.876200274965,252.989401966744,274.2509025324144,71.28742541163712,12.318472591192346,8.830730165526052,3.487742425666294,302.8428482658509,234.90955228407918,25.26564118069953,0.030198767965705697,0.020120857958765725,0.0514715947982165,0.08061339335962381,0
2026-01-13,306.2986855841,309.8711062273,301.8397683544,304.1141153978,7146521,271.15353988021997,254.441886187358,277.0950180434035,69.41928362859576,13.16322127994789,9.697228388410421,3.4659928915374696,308.032742915804,234.2743368446359,27.20171239650802,0.028335808724166474,-0.007713839343747031,0.08248118165056573,0.02993142123605308,0
2026-01-14,300.7225452454,301.1913799429,296.2636280157,301.1415039113,6545166,273.179504285945,255.82396832252002,279.38515955463174,67.04033173522035,13.437921800363767,10.44536707080109,2.992554729562677,311.92652132471386,234.4324872471761,28.367440771260235,0.028630249475411953,-0.00977465805101363,0.0023573942494026223,0.033162217659317594,1
2026-01-15,327.2665692908,330.1793295393,318.0395034351,318.2888835934,11262836,276.18403643269,257.45721835155,283.0902761297525,72.82544942536663,14.867886435724756,11.329870943785824,3.538015491938932,318.93103684260325,233.43703602277674,30.955446203228558,0.030348041420835362,0.05694126999893934,0.03853664887382835,0.13293566254805755,1
2026-01-16,324.9074329937,329.3663502234,319.3761810834,326.1992222135,11399265,280.111275165005,259.39838954393804,287.19589004249036,75.00498869410563,16.449818658927484,12.353860486814156,4.095958172113328,325.97116506210097,234.25138526790903,32.74405135607719,0.027905137287867823,0.02485270151691843,0.0726211171974418,0.08576266684386624,0
2026-01-20,315.3162721069,323.6854702182,314.9174633578,317.4409910553,9227009,283.33975069387,260.95137164730596,290.07637585323414,68.45812443741272,16.80309961139318,13.24370831172996,3.5593912996632184,330.15574731023867,236.52375407750128,33.04583737489789,0.02930900820813207,-0.026849331824793987,0.054125674914610844,0.03577008202052778,1
2026-01-21,318.6878918466,327.875056877,316.1242638197,324.433610693,7913957,286.77271795251,262.79073512181,293.34849345702133,70.66008823868634,17.446214179308015,14.084209485245573,3.362004694062442,335.04658618100325,238.4988497240167,33.66698797093209,0.02939704693155422,0.022028092888866535,0.019305503322100348,0.06681536392554754,0
2026-01-22,332.1643955991,332.2042964244,316.6729001679,317.9996026098,6036095,289.75430712469495,264.570302981554,295.69621813823835,66.08842291633957,17.23800740759782,14.714969069716023,2.523038337881797,338.0084558358874,241.50015841350248,33.30694144983075,0.030267372772180914,-0.019831509039574424,-0.02513684596811605,0.055980655205419616,1
2026-01-23,318.1891315301,322.837477928,310.2987433227,321.5807016825,6200984,292.8541024919,266.321749591542,298.1614070472156,67.35445186547572,17.164109636044884,15.204797182981796,1.959312453063088,340.9225112478078,244.78569373599217,32.827546786534995,0.030232696410159948,0.01126133191145584,0.013040882380810137,0.010342233922643551,0
2026-01-26,321.2016438419,321.2016438419,315.7851068044,318.667941434,4777183,295.78082802926997,268.14255658778796,300.1144103221475,65.22160242207377,16.67825318966527,15.499488384318493,1.178764805346777,342.6364724528437,248.92518360569628,31.682678512845975,0.03051116132498278,-0.009057633848239321,-0.017771491821344743,-0.02308797896081649,1
2026-01-27,323.6405817897,335.6357674021,322.4834578554,331.8850898219,7888088,299.312549830585,270.186694364908,303.1401893221239,69.88213721299769,17.161890281825208,15.831968763819837,1.3299215180053707,345.8721475115947,252.75295214957532,31.11102271345658,0.031228931187268927,0.04147624115693316,0.043665108692409804,0.045501681174136,1
2026-01-28,341.0822300586,343.1869985943,332.1344699801,335.9150731794,8470041,302.988413363375,272.460748023562,306.26160683234065,71.15153872213088,17.66671128816904,16.19891726868968,1.46779401947936,348.91397786424,257.06284886251,30.31506320064214,0.031171142432111065,0.012142706861771435,0.04457472547918151,0.0353892510146383,1
2026-01-29,339.8901929021,343.7456101488,328.0645857973,340.4936928851,7350542,307.04682605894,274.77102753286397,309.521805504032,72.56627547825283,18.226142294868396,16.604362273925425,1.6217800209429711,351.12984719162364,262.96380492625633,28.714200826307568,0.030629376441380328,0.013630289532303053,0.06849057785004842,0.07073622133704771,0
2026-01-30,332.099556758,340.1046598382,320.7427843507,321.5208504445,9814060,310.305227206795,276.648096356176,310.66457168883846,59.53694647369968,16.94323451517056,16.672136722174454,0.27109779299610537,348.10426447193936,272.50618994165063,24.36248825415639,0.033991343127166125,-0.05572156793812455,-0.031228397102629035,-0.00018611576405802577,1
2026-02-02,319.8051149556,329.6207179848,319.0569744808,327.5857758934,7409582,313.274347371065,278.717936383086,312.2761149464157,61.89241034638328,16.22883376044581,16.583476129828725,-0.3546423693829155,346.4212138960126,280.1274808461174,21.161558105928176,0.03307674207022493,0.018863241499004868,-0.024795842613325125,0.027984724221927992,0
2026-02-03,336.1046020997,337.6008830492,311.1765614798,317.8799001338,10520298,314.987589058325,280.39437152067205,312.8098087737857,56.24917815339371,14.709916199591362,16.208764143781252,-1.4988479441898903,345.2412104230069,284.7339676936431,19.20940533252564,0.032301503801144486,-0.029628501827131837,-0.0664147184627325,-0.042198911965631414,0
2026-02-04,323.1867099017,323.1867099017,286.7773065474,296.8621403955,14719408,315.066891948655,281.93793494825195,311.29098321394895,46.386057152842625,11.675616294446854,15.302134573914374,-3.62651827946752,345.12107851676535,285.0127053805446,19.077971907634243,0.03499072732455673,-0.06611855524508892,-0.07669396872678569,-0.11625835189313838,1
2026-02-05,299.3260163591,303.5954046686,291.595231453,303.2362972407,8514321,315.65493036184,283.533668704942,310.5238702641157,49.29015641534437,9.673740090951355,14.176455677321771,-4.502715586370416,344.26529712680764,287.04456359687236,18.127622294491736,0.035124379831387005,0.021471774193597026,-0.07433008526177143,-0.10942169098260668,1
2026-02-06,308.6428590718,323.5955936092,307.5318205907,321.7103793648,8344434,317.69336377547995,285.36112650469,311.58925208322853,56.623658741135074,9.468792464597243,13.234923034776866,-3.766130570179623,341.53166105965875,293.85506649130116,15.00711063075638,0.03618443872130126,0.060923056679576204,0.01205008315841205,0.0005894762969118617,1
2026-02-09,316.7726522312,331.5758584256,315.3162721069,329.7503956671,7458948,319.159220345745,287.118957364248,313.31888480550197,59.37705851940651,9.841683317470881,12.556275091315669,-2.714591773844788,342.1627346866715,296.15570600481846,14.415071145998438,0.0334414013913894,0.024991473132370157,0.1107862903224508,0.006607795371446068,0
2026-02-10,329.0371684145,333.7803790247,320.722833938,328.2541147176,6785829,320.24801411671996,288.697035005732,314.7412876542732,58.631149827360915,9.90231689207019,12.025483451466574,-2.1231665593963847,342.8046483778692,297.6913798555707,14.086978383527532,0.03331668202377655,-0.0045376168434096975,0.08250271390512842,0.03263564188686785,1
2026-02-11,337.0672095105,343.4862547842,330.0696022697,339.0373127608,7160914,321.99417398487003,290.44528966721396,317.05519480727577,62.30614414920402,10.697173047785611,11.759821370730382,-1.0626483229447707,344.69114433739765,299.2972036323424,14.097752187028146,0.033799339002926025,0.03285015346259068,0.05385879507590352,0.1420698924730226,0
2026-02-12,339.0373127608,340.2243623142,324.7528172956,327.5758006871,9764434,323.31588882366,291.91443805557,318.05715727202096,56.55525248927974,10.283709835725801,11.464599063729468,-1.1808892280036662,343.9902421197703,302.64153552754965,12.788949761381103,0.03480177564883145,-0.033806049193725096,-0.006594669812603815,0.0802657982170254,1
2026-02-13,364.0451550314,375.3869646291,352.384138831,354.0300478756,15706020,325.10294703777004,293.701596021742,321.4831468533142,64.66257401372899,11.952888464269051,11.562256943837385,0.3906315204316666,349.56255318559016,300.6433408899499,15.047298937575265,0.03701698022037284,0.08075763573808392,0.07852432613122096,0.10046200117824444,1
2026-02-17,350.1297422003,361.7309071627,346.7980232859,358.239584947,8791276,326.70496517444496,295.50710836756,324.9837600050938,65.75760856215287,13.460237771937102,11.941853109457329,1.5183846624797734,355.11928330806984,298.2906470408201,17.394481971495583,0.03678197406529478,0.011890338395454947,0.05663763681299527,0.08639622470282426,1
2026-02-18,360.7333865296,373.0677291573,358.3692626293,368.3843697851,8784291,329.252134110935,297.499356575886,329.1171514127135,68.30652693616359,15.297087014067529,12.61289989037937,2.684187123688158,362.5941722471748,295.9100959746952,20.25319485097452,0.03630673090457045,0.028318436220834853,0.12457748408888203,0.1222536238487808,1
2026-02-19,361.7513660053,369.6116179392,359.9535955503,369.3719152119,6640140,331.49904933688,299.54008428698,332.9509384412074,68.55193268145658,16.64066668779975,13.418453249863449,3.2222134379363023,369.0326706447177,293.96542802904224,22.644783677611613,0.036173462934970195,0.0026807473600904963,0.043334929982244974,0.08947275509023966,1
2026-02-20,365.8113309495,376.6428979411,365.8113309495,374.9150407815,8178683,334.344821245465,301.68848244344,336.9475196164734,69.95806166857028,17.9458782532526,14.32393825054128,3.6219400027113213,375.78057522308467,292.9090672678454,24.786239441823966,0.03564182869049463,0.015006895059739511,0.04654833395077507,0.1445138499092562,0
2026-02-23,371.9387319171,378.3906304518,369.2221010073,373.0873074856,6077445,336.92015153562,303.820675354896,340.38940417543785,68.86468313208857,18.61816638772933,15.182783877978892,3.43538250975044,381.1694894024191,292.67081366882087,26.26695830755079,0.03576725869800793,-0.004875059939153603,0.012766387735841045,0.05382949759308664,1
2026-02-24,376.1235420318,380.0386865783,367.5451806773,377.4618822595,5711768,339.859848576895,305.88055695641594,343.92011637391994,70.07038947553596,19.28168395211503,16.002563892806123,3.2791200593089087,386.609547807703,293.110149346087,27.511163455503425,0.035544888793974515,0.011725337973522043,0.02190195495225722,0.05365765850623072,1
2026-02-25,384.5231251022,395.459562037,383.5243637383,394.4608006731,9745022,342.988634119455,308.380967006018,348.7335148786037,74.24420577851743,20.937838681398205,16.98961885052454,3.948219830873665,395.2371807098438,290.7400875290662,30.466634397098908,0.035723929771020756,0.04503479480323658,0.05213383771122482,0.07078593183313364,0
2026-02-26,391.3147023768,392.9826338545,366.0860902008,375.2546196452,7717136,344.95561144274495,310.714712933068,351.2593343801843,63.47381885142959,20.464670952184804,17.684629270856593,2.7800416813282105,398.92455003858606,290.98667284690384,31.29036711136312,0.0379854847065372,-0.04868970755808166,0.005809128630524851,0.015926236378651648,0
2026-02-27,365.4867335063,378.111077146,365.1586403982,371.8388557807,9041372,346.52286958752495,312.939045732746,353.219288799281,61.75791530201906,19.588257283955613,18.065354873476398,1.5229024104792153,401.6897179892234,291.3560211858265,31.840235230283636,0.03809262033965757,-0.00910252315542337,-0.014896938586594133,-0.008205018914119289,0
2026-03-02,366.1259407792,373.3469854402,362.8300282783,371.719004417,5802068,349.03277728615,315.209461007916,354.98116647715904,61.69489401175061,18.668819602809037,18.186047819342924,0.48277178346611294,403.98850006164355,294.07705451065647,31.490293377483457,0.035352660387645715,-0.00032232070919091527,-0.057652867451705836,-0.0036675143891159445,0
2026-03-03,350.4653625932,359.0846731637,348.1616196312,350.884842366,7982042,350.19773060978,317.274068903892,354.5910403713344,51.7994066348873,16.07372792715512,17.763583840905365,-1.6898559137502467,404.2661525957769,296.1293086237832,30.87879632563608,0.03799636078294984,-0.05604814874524933,-0.06494197806876156,-0.07040986426075369,1
2026-03-04,358.7750571409,361.8911925962,350.2657101965,357.3168655496,5980360,352.16957888057,319.362976605324,354.8506427692645,54.239652188158324,14.370455923244435,17.08495825737318,-2.7145023341287455,404.2184933434788,300.12066441766115,29.559006560620617,0.037260209940114905,0.01833086644674986,-0.03905452591986425,-0.0941638182047958,0
2026-03-05,350.6001953773,354.3205814579,335.8834466802,346.1007754329,5905738,354.63151063244,321.16950680357803,354.0173220705631,49.53060194925509,11.977486840520726,16.06346397400269,-4.085977133481965,400.24322611941847,309.0197951454615,25.723442006400287,0.03439579543515135,-0.03138975849754022,-0.0689182653555187,-0.07769083359950302,0
2026-03-06,329.111844633,340.9771296361,321.3414812218,324.3377653135,8655215,355.68658403608003,322.488905726526,351.1906976175095,41.924732222065565,8.23007735774496,14.496786650751146,-6.266709293006185,397.2945697995133,314.0785982726468,23.395870201959955,0.037703199312908234,-0.06288055868172793,-0.07565752020946337,-0.12774644104223154,1
2026-03-09,320.0830419033,338.739904181,316.2677734932,338.5201766809,9504107,356.527073901885,324.067613373376,349.9839813378324,47.574535909609715,6.331643172824386,12.863757955165793,-6.532114782341408,395.979062419016,317.075085384754,22.131272155779136,0.03651517877893376,0.04372728952390581,-0.052605098390159144,-0.08931162340803278,1
2026-03-10,339.4290495221,354.8349435603,338.5801023628,345.4515805464,6121075,357.31213314585,325.773976370572,349.5523241196007,50.128139701839835,5.325042986754738,11.356014961483583,-6.030971974728844,395.19523408868906,319.42903220301093,21.204486178125777,0.036386965003771865,0.02047560040131291,-0.0018757394741111266,-0.015484458613155616,1
2026-03-11,347.5689546379,352.5627614574,343.1044913412,350.6351520251,4517227,358.431185011225,327.561666335162,349.6554505867911,52.010697169083244,4.889216144268744,10.062655198040614,-5.173439053771871,394.07053064379534,322.7918393786547,19.88629735521155,0.03643746962159775,0.015005204117176651,0.08108024881463116,-0.018699686940952587,0
2026-03-12,343.7636738414,345.0520760008,333.5962831569,336.8522452032,5978201,358.32193163334495,329.05075518875395,348.43609769311576,46.937212206949766,3.392547662006848,8.728633690833862,-5.3360860288270135,394.21093948240656,322.43292378428333,20.031711531285925,0.036991876231065514,-0.039308400034327784,-0.004927125744921934,-0.026722073124892498,1
2026-03-13,342.0458042955,348.8173064666,339.8585169086,341.1069686134,5332197,358.99849002966005,330.686385781546,347.73808539980945,48.60391787623077,2.520690773732099,7.487045107413509,-4.96635433368141,393.00431359060906,324.99266646871104,18.944828184731076,0.03618528545862057,0.012630829898828244,-0.012576616167533916,0.05170290078212503,1
2026-03-16,347.2693262287,350.3154485125,343.1444417958,345.7512089556,4427025,358.58454808365997,332.47435341091,347.5488590717895,50.43404137261937,2.179366905387667,6.425509467008341,-4.246142561620674,393.02103530293283,324.1480608643871,19.206899685615355,0.03134857685642337,0.013615202178597796,-0.013928846099122372,0.021360712810676086,1
2026-03-17,345.7512089556,352.3774912244,342.585135432,352.0234303209,4833889,358.27374035235505,334.150754565168,347.9750087145619,52.87464039997637,2.3874599732285446,5.617899568252382,-3.230439595023837,392.82907423246706,323.71840647224303,19.289906006578956,0.031511525971878895,0.018140851580089157,0.04503810003863329,0.019023938938433238,0
2026-03-18,352.9522783893,357.4117478791,348.7974311155,349.0371338428,5170497,357.30637855524003,335.45919591425195,348.07616348867987,51.57258912590573,2.2850652506545543,4.951332704732816,-2.6662674540782616,391.7584606205835,322.85429648989657,19.284336431188073,0.030813273947702637,-0.008483232139910979,0.023248323719788466,-0.0045574956562985935,1
2026-03-19,340.3179471359,358.605267709,337.6712295216,356.7675467994,6459706,356.67616013461503,336.68902519846205,348.90391428017705,54.6835261871393,2.7954719545700186,4.520160554700256,-1.7246886001302375,390.6805700041593,322.6717502650708,19.067385864370898,0.03128069788165294,0.022147823847538328,0.03186203709041746,0.05912177187415346,0
2026-03-20,359.324375891,361.5516137325,346.2306144102,356.6177325948,17587864,355.76129472528,337.991869270818,349.63856364347447,54.610309580878805,3.1515550258795884,4.246439448936123,-1.0948844230565342,388.7222004320773,322.8003890184827,18.52978735769995,0.031047724406008562,-0.0004199210548829768,0.013051126368809784,0.04547184727550779,1
2026-03-23,367.3644048704,373.7864404403,361.0022949824,361.3418738461,6490661,355.174023043305,339.59987252589997,350.7531646151531,56.584340933621135,3.7714769049195525,4.151446940132809,-0.37997003521325645,387.28682706178296,323.06121902482704,18.082856253573798,0.03122439345359338,0.013247073321134284,0.03525338369539166,0.045092148593187,1
2026-03-24,357.7163700951,379.5193306691,357.5565682769,373.5267624857,6406241,354.977267054615,341.06174249037804,352.9220786980623,61.263815002504174,5.186204799577922,4.358398512021832,0.8278062875560899,386.585686907128,323.3688472021021,17.808700886555553,0.03207669196180889,0.03372121949195872,0.046975168668363265,0.061084945809424696,0
2026-03-25,370.5404660076,375.2146691907,360.2132735049,368.8825221435,5052006,353.69835312813495,342.30982814728594,354.44212093096115,58.66825185041156,5.865027085193788,4.659724226656223,1.2053028585375642,380.5205652044038,326.8761410518661,15.166715840801162,0.03035529498367506,-0.012433487526553821,0.03439197893907209,0.05685752711239611,0
2026-03-26,357.9211161747,359.0347350955,337.1119231578,338.130659749,9260967,351.84215513332504,342.99015903430995,352.8886484374411,45.05620124988726,3.8768899716826013,4.503157375661499,-0.6262674039788978,377.5556781684713,326.1286320981788,14.6165106483062,0.033892319634804165,-0.0833649212107076,-0.0642361590978684,-0.05223817922227936,0
2026-03-27,337.2117992942,345.2642129145,333.925874407,336.7523690668,5984796,350.08783079763003,343.70237633742005,351.35185992595143,44.55721051452288,2.1651024924692024,4.0355463990230405,-1.870443906553838,374.87575876126385,325.2999028339962,14.160976636724401,0.033876084758795076,-0.004076207354941297,-0.09845183026291948,-0.055704923542239104,0
2026-03-30,343.5739091823,344.1132403188,320.2927817897,322.719771904,6568103,347.63786917198,343.790994103632,348.6249944000513,39.73255486097499,-0.3201245369096455,3.1644122118365035,-3.484536748746149,373.06723644591034,322.2085018980497,14.629802751063439,0.0348624862255282,-0.041670373995249865,-0.1251421454485233,-0.10688520965203607,1
2026-03-31,328.4226992919,341.6363121363,325.0568734955,341.366646568,8335566,347.16195938208,344.094342590722,347.93372317795115,47.81828678797099,-0.7760916148000092,2.376311446509201,-3.15240306130921,372.6865326213165,321.6373861428435,14.704706290209984,0.03562270278758208,0.05778039118578371,0.00957022596354351,-0.08609855878514505,1
2026-04-01,344.8573175349,358.5553296408,341.007092477,353.3617705485,5974768,346.964204632025,344.812758180586,348.4506800703844,52.2558083384223,-0.16761044245424728,1.8675270687165115,-2.035137511170759,372.23099150978396,321.697417754266,14.564491979543442,0.03628881839830221,0.03513853535808309,0.04932230032331342,-0.042075052796787915,0
2026-04-02,337.5813409989,353.8711388441,336.8322699759,348.0383724789,4269444,347.061084484325,345.284853416304,348.4114126807192,50.214899418932426,-0.11362862417479391,1.4712959301382504,-1.5849245543130444,372.3287444792521,321.7934244893979,14.560929544993865,0.0357228984676387,-0.015065008479374642,0.07845382520421307,0.029301432580099762,1
2026-04-06,350.5852139569,353.0571483325,345.4016424782,352.1832321391,2505516,348.453357825605,345.96852600689004,348.77063358151736,51.793598436633864,0.2606038117486946,1.2291575064603393,-0.9685536947116447,371.5331839489429,325.3735317022671,13.247010312863146,0.03246090007787858,0.011909203087804077,0.03168612305814511,0.04582258208030332,1
2026-04-07,347.7137750356,355.5590455491,345.0720512281,353.8711388441,4024802,349.22090593376504,346.614334750122,349.2563959874776,52.454794065725444,0.6854838469964193,1.1204227745675555,-0.43493892757113617,371.9466337811261,326.495178086404,13.015101593987227,0.03113348348395304,0.0047926946855134656,0.0014414923685983627,0.09652760584302422,1
2026-04-08,378.4206931688,388.817798967,377.3120680549,385.2422332843,7628526,351.21043857065996,347.94582058712797,352.683618587175,62.69591633871718,3.5130927319842726,1.598956766050899,1.9141359659333737,378.72936638013243,323.6915107611875,15.670905410139707,0.03645999902551412,0.08865118116914505,0.10689585904110488,0.12852921384503224,1
2026-04-09,384.7678216364,398.2487030218,384.6529640796,397.3172581738,5373571,353.544543878095,349.254463954166,356.9344414049488,65.75364032438932,6.651670422439395,2.6094994973285983,4.0421709251107965,387.61213506531533,319.47695269087467,19.272022027847846,0.03685103346960664,0.03134398008898698,0.12815495434170354,0.12439231204063428,1
2026-04-10,402.0014489705,406.7855159036,398.4858089696,398.9951772652,6399905,356.65169048119503,350.51606603588203,360.9402257725918,66.16862231664089,9.16871862114192,3.921343322091263,5.247375299050658,395.1147737857662,318.18860717662386,21.56898976291222,0.03522699300509073,0.004223121590822165,0.12751545256981145,0.14641145579253423,0
2026-04-13,397.3522148216,400.0039262427,389.1074397626,395.2398345369,5246628,359.35833377737,351.610988868918,364.2068551787164,64.29091587156651,10.736706609079874,5.284415979488985,5.452290629590889,400.58437411969265,318.1322934350473,22.944251721660684,0.03545451922394986,-0.009412000300454748,0.025951467385513682,0.12225625319036793,0
2026-04-14,399.5045455608,400.5532449929,390.5256808993,395.1499460142,5353210,361.8282706303,353.083570780312,367.15381621066723,64.24392137580176,11.835661001134099,6.594664983818008,5.240996017316091,405.3525303275797,318.30401093302027,24.05796518965256,0.03547402224344283,-0.0002274277915466083,-0.005454865387830576,0.11664926194584524,0
2026-04-15,388.7279104443,394.1212218093,379.2097146463,393.771655332,5925119,363.915681880855,354.407288369084,369.68884850793705,63.47772517047349,12.45183671255512,7.7660993295654315,4.685737382989689,409.32252085718176,318.50884290452825,24.954593185787928,0.03545572740647543,-0.0034880194116246876,-0.013091691907163305,0.022140412734565018,0
2026-04-16,388.4682324897,393.0225843091,383.8239921475,389.4170557854,5112999,365.934677977985,355.83803148211604,371.56772539150495,61.0023194551729,12.445318725334971,8.70194320871934,3.7433755166156306,412.1003082750026,319.76904768096745,25.231623606765652,0.0355165476960173,-0.011058692233519296,-0.014732266949566197,-0.019883864156095,1
2026-04-17,397.2523386852,400.0039262427,389.9214302741,396.4483357872,6017902,367.918717427375,357.82975538995,373.9373073339521,63.478832075106524,12.85928487537359,9.53341154205019,3.3258733333233987,415.7196502043038,320.1177846504462,25.984507182005174,0.035430840937966245,0.01805591177206889,0.003285815387542357,-0.006383138501714791,0
2026-04-20,397.1075182874,397.9964159013,389.89646124,391.1349253313,3747455,369.6445770642,359.5877279517621,375.5751757146519,60.359435479157334,12.61321096937337,10.149371427514826,2.463839541858544,418.1757095324499,321.1134445959501,26.25826833640846,0.03567049951304556,-0.013402529349377912,-0.00669608887535833,-0.010385869153117344,1
2026-04-21,392.5132160135,397.0176297647,390.5706251607,393.8415686275,5414899,371.26956180327,361.030351737016,377.3148321825422,61.400005363145645,12.492592292068593,10.61801560042558,1.8745766916430142,420.74703567814856,321.7920879283914,26.653126981142567,0.03562371180431502,0.006919973443709759,0.011361887663539516,-0.003311090890679158,1
2026-04-22,399.3747065835,403.5794919255,390.7753712403,402.9802351072,5268135,372.742235434345,362.494948525818,379.7591562706049,64.7632874344218,12.984735186668388,11.09135951767414,1.8933756689942474,424.1177132407674,321.3667576279226,27.566222940395335,0.03525181814100803,0.02320391550223433,0.016476041719358125,0.02338558311779937,1
2026-04-23,405.666903176,413.3074276099,396.64808806,403.4097024936,4420781,374.46859445185,363.998060281338,382.0115892442235,64.91798824257125,13.256602543042902,11.524408122747895,1.7321944202950075,427.50290115833496,321.434287745365,28.325102554523703,0.03504133292453023,0.0010657281647714623,0.03138246259114541,0.035932290330680905,1
2026-04-24,411.9890626095,419.9790536446,409.8017752226,416.5234392017,6159630,378.388233424485,365.547782810156,385.2984320973165,69.34383148106986,14.364641690215649,12.092454836241446,2.272186853974203,431.6875420769188,325.0889247720512,28.171757969355966,0.028646380838090093,0.0325072417124328,0.057591357492415396,0.05063737592601636,0
2026-04-27,415.4847273832,416.4834887471,397.507022833,404.3585257893,5663427,381.76854126061,367.0834373122,387.11367911560063,61.58250212005983,14.098643465612952,12.493692562115747,1.6049509034972047,432.59464238493416,330.9424401362858,26.626657584983306,0.029861321730848017,-0.02920583157508494,0.0034202438780488453,0.03380828354000687,0
2026-04-28,385.5218864661,389.5868452172,377.3320432822,380.6379433967,10396202,384.664449835245,367.615595222622,386.4969423804672,49.8630321034371,11.837331805724034,12.362420410837405,-0.5250886051133712,427.7068896755864,341.62200999490364,22.37921381025817,0.031588659970629276,-0.05866225361836486,-0.05644821866241867,-0.033525219993444044,1
2026-04-29,383.3895309542,385.526880273,376.6029474865,382.1161102152,5116412,386.70192301760505,368.09312572798603,386.07972026948937,50.495269423194024,10.048666954515113,11.899669719572948,-1.8510027650578351,424.94333111071893,348.4605149244912,19.778235285048165,0.029409865438402842,0.0038833932458475218,-0.0826059850375872,-0.051774561316759615,1
2026-04-30,385.0574624319,395.5194877188,384.0836701021,394.0013704457,7050034,388.733903012465,368.605465741198,386.83416314341423,55.36866706500277,9.480888562929579,11.415913488244275,-1.9350249253146963,423.8655519257243,353.60225409920577,18.074908641108532,0.029213072993514628,0.031103792571861133,-0.025613792421918302,-0.023322027184136118,0
2026-05-01,388.9676131716,398.1462301059,385.7216387389,388.598071467,4586472,390.76188796187,368.9899888663,387.0021544123272,52.822767394469366,8.496971231472799,10.83212503688998,-2.335153805417182,420.53705063992345,360.98672528381655,15.239542849664431,0.029163665236983213,-0.013713909097797572,0.02091259741282281,-0.06704392863993713,1
2026-05-04,386.6804496483,400.5032070485,385.1723199888,390.8952226039,5062258,392.69748748511,369.309592502748,387.3729228115246,53.795463305984725,7.812512772090088,10.228202583930003,-2.415689811839915,416.65401371605776,368.74096125416224,12.201008152289807,0.02912970316464262,0.005911380692724455,0.02297498627774619,-0.03329546015907525,1
2026-05-05,403.8891079483,413.9865853374,399.7542359018,410.3111435182,6321089,395.519487718815,370.0540692234,389.5575152597794,61.09652661620388,8.736073051810365,9.929776677506077,-1.1937036256957114,412.91522035040384,378.1237550872262,8.796397230346283,0.03074589733110262,0.04967039705669274,0.04139521914365463,0.07795649549991057,1
2026-05-06,420.4785342027,432.2739059104,417.23255977,428.0890957956,7241179,397.66183084438,371.066613494122,393.2271895965242,66.34109657157164,10.778288004753449,10.099478942955551,0.6788090617978977,419.4628505414454,375.8608111473146,10.964602587466809,0.025741339168802706,0.04332797818982792,0.10162434460757108,0.1203115606785301,0
2026-05-07,425.8269013064,427.1702353409,405.5071013578,410.1313664727,7741791,398.30253625932494,371.38002481011404,394.83711120377905,57.85655394406755,10.822959056033028,10.244174965571046,0.5787840904619816,420.7684340559633,375.83663846268655,11.280820859253277,0.027066757100826348,-0.041948579160900334,0.0492104859728415,0.04093893381323399,1
2026-05-08,422.5859206805,437.4974278436,417.3823739746,434.9006482975,8165197,400.09780981094,372.57294538315995,398.65268616508575,64.58454353231389,12.710516303816917,10.73744323322022,1.973073070596696,427.658886458046,372.536733163834,13.777169467700693,0.030064566617647986,0.06039353204761233,0.05992892264260252,0.11915287344505532,1
2026-05-11,438.7009352871,447.8945336418,436.7283815934,443.0705162542,8324011,402.489343896805,373.99757859263,402.88295569738233,66.48509470932885,14.696249867101585,11.529204559996494,3.1670453071050915,435.67587610297755,369.30281169063244,16.490638924682347,0.030026812521596925,0.018785596178535258,0.03499603378300775,0.13347641678181899,0
2026-05-12,436.2589637524,436.5086540933,416.044033747,430.6659001145,9319351,404.26514160182,375.17651650658,405.52895040377445,61.12175261160681,15.095003367167863,12.242364321430767,2.852639045737096,439.43249011882847,369.09779308481154,17.398160216171426,0.030964922318529205,-0.027996934313235133,0.050068186245801005,0.04960810087137468,1
2026-05-13,435.3700661385,439.9543807988,421.7769239758,436.0691990932,7839354,406.38001878988,376.880203641124,408.4375455170531,62.539331017073515,15.66642664481219,12.927176786107053,2.739249858705138,443.7849455161611,368.97509206359894,18.40884147683521,0.03094749443235814,0.012546382189217775,0.002686937350575347,0.018641220661715474,1
2026-05-14,442.7858692655,447.8945336418,437.457477389,440.0143064806,14936202,408.90988132463997,378.534152459744,411.4448560850099,63.58338860849055,16.250297589598915,13.591800946805426,2.658496642793489,448.18114772303215,369.6386149262478,19.20778547643563,0.030704527385047385,0.009046975561685544,-0.006897795410621743,0.0728618741475584,0
2026-05-15,427.8893435229,443.9494262544,421.0378405665,436.0791867069,12768709,410.89142387062503,380.33372068522397,413.7909828109042,61.73512022529731,16.20864507049447,14.115169771543236,2.0934752989512333,451.42662497586025,370.3562227653898,19.730370969240916,0.030766630441441695,-0.008943163246610264,0.012569573283979008,0.0027099026272174864,0
2026-05-18,440.7633775036,441.1628820491,407.5845249947,413.0577372689,8264953,411.987564467505,382.108120124332,413.72114990214186,52.17909479236488,14.154828525481093,14.123101522330808,0.03172700315028543,451.49922309695756,372.4759058380525,19.180995756763416,0.03318726615521345,-0.05279190142471368,-0.05277020682073397,-0.06773815427628449,0
2026-05-19,403.869132721,414.9494911683,396.8779030498,406.4059865853,8418715,412.615785365395,383.46583632242,413.02446768149025,49.78136740856296,11.853780425420155,13.669237302948678,-1.8154568775285238,451.345204299716,373.88636643107407,18.772630765943106,0.033451715979269145,-0.01610368256888428,-0.0763800617396102,-0.0563311688312218,1
2026-05-20,415.9291761901,426.9704830681,415.3349131786,426.3212881815,6866692,413.78283801911005,385.08323047512204,414.290831538634,56.26174514875895,11.5045641732126,13.236302677001465,-1.7317385037888648,452.6868126121613,374.8788634260588,18.804054213217285,0.03477930505751842,0.04900346513970444,-0.02237643717666926,-0.022354045944934064,1
2026-05-21,424.185,430.98,421.609,427.36,5682855,414.98035289443004,386.61772743461995,415.5355142492403,56.576486113296745,11.182715754033325,12.825585292407837,-1.6428695383745122,454.00765806651793,375.95304772234215,18.809230316509147,0.03477582592093012,0.0024364530866631817,0.034625335493447595,-0.028758852369628385,1
2026-05-22,434.345,438.125,430.29,432.16,4892619,415.762180934345,388.523882530556,417.1187986064555,58.07778408791677,11.186022938391034,12.497672821604477,-1.311649883213443,455.5018004660332,376.0225614026568,19.11651485105313,0.0341605619621828,0.011231748408835562,0.06337016250939143,-0.008987328050430787,1
2026-05-26,444.738,456.78,438.0,454.89,8052479,418.28875464488,390.799543158288,420.7160558820312,64.36134859412252,12.874357365584274,12.573009730400436,0.3013476351838378,461.11271565385,375.46479363591,20.47578881020926,0.03506257457121331,0.05259626064420586,0.06701216338588578,0.10127461358717338,0
2026-05-27,461.215,462.4,441.12,448.25,5053494,421.66935747504505,392.8495189791761,423.3383362742187,61.46313822802767,13.520723570757525,12.762552498471855,0.7581710722856698,462.7083177644242,380.6303971856659,19.464995291628643,0.032004239285511236,-0.014596935522873666,0.04888150505428679,0.1029611147372147,1
2026-05-28,446.13,457.68,438.25,449.68,5675579,425.04755196428493,394.8026503727581,425.84706615286456,61.86144859027642,13.987127593947264,13.007467517566937,0.9796600763803269,463.5517701069404,386.54333382162946,18.117604943124498,0.032010096040141794,0.0031901840490797806,0.04054054054054057,0.05479133335831765,1
2026-05-29,452.77,460.46,445.7,450.06,8549508,427.85048344200004,396.823107695902,428.15305985259175,61.97392436931288,14.223459776287427,13.250665969311036,0.9727938069763908,465.04592065240297,390.6550462315971,17.38711940263365,0.03160587439249478,0.0008450453655932666,-0.010617951592692743,0.053116810183451824,1
2026-06-01,444.54,463.8799,438.22,458.17,6613740,431.32907986865,398.85115675991403,431.01181605710684,64.3878034914168,14.89348117525725,13.57922901050028,1.3142521647569705,466.1256639620085,396.5324957752915,16.134587588648035,0.03129868129437971,0.01801981957961174,0.022130507529280585,0.060186042206590074,1
2026-06-02,465.3,491.51,461.45,490.05,10440669,436.286818738455,401.51980210801804,436.63450024214427,71.93083122639382,17.79183433769498,14.42175007593922,3.3700842617557587,474.69431143603583,397.87932604087416,17.60653361412018,0.03410866197794922,0.06958115983150348,0.08977495107632105,0.07729341159401182,1
2026-06-03,487.95,508.2599,487.36,500.77,8964923,440.809761562545,404.308364631096,442.7426430762258,73.9304261750754,20.715024600713775,15.680404980894131,5.034619619819644,486.5260216966266,395.09350142846347,20.741945446956723,0.03303881928295677,0.021875318845015812,0.1126738657067945,0.1171667596207473,1
2026-06-04,485.655,510.75,480.11,501.7,6728982,444.49030677276494,406.87182938138204,448.3576294499186,74.10278691741725,22.843392760050847,17.113002536725475,5.730390223325372,496.8825957889197,392.0980177566102,23.574097440527108,0.032161441128757726,0.0018571400043931874,0.09500840299452151,0.11568226294253692,0
2026-06-05,479.71,484.9,452.905,453.01,11909363,446.63423844912995,408.554378938512,448.80071235945013,53.980314383547956,20.36649154289273,17.763700337958927,2.602791204933805,496.68397226509705,396.58450463316285,22.411955693212082,0.03845119414766689,-0.09705002989834566,-0.07558412406897264,0.006554681598009093,1
2026-06-08,476.0,497.71,471.115,492.17,9726918,449.497706034255,411.63516574353196,452.93112070616917,62.74308240823675,21.31767729534272,18.474495729435688,2.843181565907031,502.97053798693145,396.0248740815785,23.79226022061232,0.040772710773139244,0.08644400785854622,-0.017173552728797614,0.07420826330837893,1
2026-06-09,501.72,525.9799,466.51,499.21,11731669,452.304680221545,414.884318362196,457.3386330198673,64.06772007739269,22.381567246175734,19.2559100327837,3.125657213392035,509.87053834300707,394.738822100083,25.454460516864646,0.0407168001645729,0.01430400065018178,-0.004963125373729338,0.018691970207121766,0
2026-06-10,502.79,534.44,494.88,497.01,11393843,455.62188521582004,418.370122924116,461.11685844654664,63.310192377225945,22.784540088040046,19.96163604383497,2.8229040442050746,515.4205339276322,395.8232365040079,26.249243353833435,0.03999173210226578,-0.004406963001542419,0.09712809871746764,-0.0075084370070092055,1
2026-06-11,522.485,557.62,519.9,552.64,12427690,461.45042526116004,422.595589992756,469.8333481183041,72.24634373869833,27.27832747026372,21.424974329120722,5.853353141142996,533.879923974402,389.020926547918,31.39210400434681,0.046273394536299715,0.11192933743787847,0.12286405103927489,0.10153478174207686,1
2026-06-12,548.62,569.95,544.07,567.25,8064479,467.81220993713004,426.873354581786,479.11112448798946,74.03497056572706,31.653707015079874,23.470720866312554,8.18298614876732,552.847212330891,382.777207543369,36.35433218179106,0.04636001956884213,0.026436740011580806,0.13629534664770349,0.25217986357917055,1
2026-06-15,589.98,599.62,580.51,585.78,11664375,475.297250601785,431.62818713220804,489.27006501294284,76.13564665742007,36.19916156426535,26.016409005903114,10.182752558362239,573.2193177924761,377.3751834110939,41.20455864901793,0.04621943575175836,0.032666372851476444,0.17860807629625164,0.19019850864538657,0
2026-06-16,581.985,600.91,567.65,568.23,10906131,483.05586373834,435.94912248942603,496.790058821234,70.3318930665296,37.94788907072956,28.402705018868403,9.545184051861156,584.5472166204786,381.5645108562015,42.02054482754981,0.044690872012709715,-0.029960053262316877,0.028210046323103644,0.13825844834839063,1
2026-06-17,592.015,623.35,590.825,592.92,11045453,492.38156440907505,440.73009971254396,505.94529131444983,73.40355342920958,40.85509279721032,30.893182574536787,9.96191022267353,598.1719462574979,386.5911825606522,42.970894726891615,0.04435079897006319,0.04345071537933576,0.045253415601586466,0.19297398442687275,1
2026-06-18,622.52,638.9,612.5,617.11,16781180,501.921,445.367455046858,516.5324064273593,76.02282665013185,44.59691802112309,33.63392966385405,10.96298835726904,616.2286816141449,387.6133183858551,45.54807693407723,0.04410558321255729,0.04079808405855778,0.05348424323124723,0.11665822235089762,1
2026-06-22,626.22,641.18,620.685,640.18,10737316,512.562,450.22470988338205,528.3083677199918,78.22527749766115,48.860662364403765,36.679276203963994,12.181386160439772,636.3544239362036,388.7695760637964,48.3033950765775,0.04408281103203435,0.037383934792824425,0.1266212625169385,0.12856765094755396,0
2026-06-23,581.925,592.5,573.51,585.88,12035065,520.248,453.962406338078,533.7913803180878,63.451624180208874,47.312762207550804,38.80597340468136,8.506788802869444,642.1925584845867,398.3034415154134,46.87939539780514,0.050066839713039775,-0.08481989440469861,-0.011873439924441676,0.00017071255420120224,1
2026-06-24,585.24,594.265,569.49,588.97,10726663,526.952,457.8370096473399,539.0464869544604,63.86979578605641,45.80733886861981,40.20624649746905,5.601092371150756,648.5287654776224,405.3752345223776,46.14339274834232,0.049386108725592875,0.005274117566737235,-0.045599649981364676,0.03649930485894792,1
2026-06-25,637.735,669.22,609.7001,668.0,16508296,537.9395,463.29401072705593,551.3277739111785,72.52750124613516,50.41024264730777,42.2470457274368,8.16319691987097,668.4696343713429,407.40936562865704,48.52967085382015,0.05563618428463938,0.1341834049272459,0.04345652785154175,0.12662753828509765,0
2026-06-26,642.759,660.19,622.0,626.84,28138620,546.7975,467.95537762041596,558.5194144910663,63.93465948049536,50.158611788475696,43.82935893964458,6.329252848831118,676.2075893864186,417.38741061358144,47.33382628355783,0.058574488213269375,-0.06161676646706582,0.06991192735713803,0.015767043152760563,1
2026-06-29,635.43,708.99,632.11,694.64,14165300,559.0264999999999,474.0598365047079,571.4832797776314,70.19814893342351,54.79840400120304,46.02316795195627,8.775236049246772,695.5864855411564,422.46651445884345,48.85635494602009,0.06171675453046648,0.10816157233105739,0.17941491077644023,0.0850698241119685,1
2026-06-30,697.5,739.67,696.0,723.0,16461221,572.2679999999999,480.59086978896397,585.9134436083332,72.36046078172004,60.07142178608967,48.832818718782946,11.238603067306727,718.1800810077111,426.3559189922887,50.99431769999764,0.061816404077398523,0.04082690314407467,0.08233532934131738,0.23404110056666894,0
2026-07-01,668.405,693.78,639.06,650.91,16089190,580.3109999999999,485.78637128233794,592.1035918361109,60.36968043730574,57.767359688367264,50.61972691269982,7.1476327756674465,724.9364781012007,435.68552189879915,49.8441277526019,0.0667638125589362,-0.09970954356846473,0.0383989534809519,0.10516664685807409,0
2026-07-02,656.69,656.998,581.9,603.04,15096149,585.4245,489.9703399097879,593.1451545183861,53.9737754069322,51.48517588316179,50.792816706792216,0.6923591763695711,725.6026179036189,445.246382096381,47.88939236523888,0.06969692357348937,-0.07354319337542825,-0.13186686629045263,-0.09724550898203599,0
2026-07-06,627.755,629.0,591.68,592.79,8622756,589.979,493.766535207644,593.1113302785399,52.686626932803726,45.158847535685595,49.6660228725709,-4.507175336885304,724.7967384323032,455.1612615676969,45.70255498324623,0.06996307855612997,-0.016997214115149872,-0.18009681881051176,-0.054320081679535503,0
2026-07-07,545.35,558.28,527.63,554.5,12552356,595.0535,496.78834115777204,589.4340607282028,48.07444614403436,36.63321880150124,47.05946205835697,-10.426243256855727,715.769989722825,474.337010277175,40.57332314584319,0.06767137324370384,-0.06459285750434385,-0.14811571492218578,-0.20174478866751122,1
2026-07-08,547.1,578.14,546.18,570.5,7535701,598.97,499.867872373738,587.6308168493264,50.042451802718205,30.81247584678124,43.81006481604182,-12.997588969260583,710.8390616748032,487.10093832519686,37.35381126761046,0.06554267710813422,0.028854824165915227,-0.05395993632263196,-0.21092669432918398,0
