Date,Close,High,Low,Open,Volume,SMA_20,SMA_50,EMA_20,RSI_14,MACD,MACD_signal,MACD_diff,BB_upper,BB_lower,BB_width,Volatility_20,Return_1d,Return_3d,Return_5d,Target
2019-03-14,22.17393684387207,22.50960505812176,22.148306899982867,22.495549825864057,43094000,22.695628929138184,21.973132057189943,22.447913560553527,46.25143431311798,-0.020859612656323634,0.09054169687417103,-0.11140130953049467,23.61460484500591,21.776653013270458,8.098263491503271,0.011401649419447121,-0.011098668297606307,-0.003196314575041659,0.01013152747702084,1
2019-03-15,24.000268936157227,24.76585727303669,23.43889383829947,23.683616991585502,144066000,22.731965255737304,22.03394920349121,22.59575692965864,66.09200243949071,0.10868577735077167,0.09417051296949117,0.014515264381280507,23.786885030923646,21.677045480550962,9.281377683965017,0.022123034888791544,0.0823639079133518,0.07662338173483563,0.09879239879525437,1
2019-03-18,24.29377555847168,24.553380285734203,23.993657758862746,23.99531196511752,56746000,22.781199264526368,22.137923698425293,22.757472989545597,68.12818563572095,0.23235650261388585,0.12180771089837011,0.11054879171551574,24.015862874280657,21.54653565477208,10.839320576742766,0.022246119948442833,0.012229305558833836,0.08344076070059492,0.09209858312840136,1
2019-03-19,24.746021270751957,24.884091534184257,24.31610103776336,24.32023576560291,51556000,22.8541618347168,22.247189598083494,22.94685854013668,71.01627207234678,0.36267816466730096,0.16998180165215632,0.19269636301514464,24.34549843625259,21.362825233181006,13.050897357962747,0.022524157836971283,0.01861570307142202,0.11599583984522366,0.11007694021552594,0
2019-03-20,24.27638435363769,24.94120423767355,24.214655863123426,24.857788519616616,41263000,22.896367263793945,22.339208450317383,23.073480046184393,64.48176585055086,0.42318503283487985,0.22062244788870103,0.20256258494617882,24.49469761132946,21.29803691625843,13.961431777546279,0.02304920506321704,-0.018978279860663583,0.011504680143999968,0.08266515708354971,1
2019-03-21,24.757692337036133,24.97206990137746,24.273883054051897,24.347288062779807,27379000,22.972889709472657,22.444011764526365,23.233881216741704,67.75627106794379,0.5041630161679329,0.2773305615445474,0.22683245462338553,24.762372193357614,21.1834072255877,15.579080442344875,0.023231729269578675,0.01982618071897191,0.01909611692294888,0.11652218148524685,0
2019-03-22,24.41152000427246,24.727664176398346,24.30725073845408,24.68428812363335,23307000,23.050458240509034,22.525008926391603,23.346037291744633,63.24038672536348,0.5342469706822754,0.32871384337209303,0.20553312731018242,24.945074138496697,21.15584234252137,16.43885668752608,0.02315572186122481,-0.013982415164187856,-0.013517375695253797,0.017135269159241462,0
2019-03-25,24.370643615722656,24.53914244842258,24.10705095706724,24.373979989980693,23878000,23.117301845550536,22.599831047058107,23.44361884640921,62.7089061621702,0.5484679414210838,0.3726646629818912,0.17580327843919258,25.09725622037614,21.137347470724933,17.1296320656616,0.02316295416101557,-0.0016744712554831453,0.00388275538531091,0.0031641050221264955,1
2019-03-26,24.776880264282227,24.980415037488548,24.54331811784959,24.554996225171223,28009000,23.219338798522948,22.68104175567627,23.570596124301876,65.78630713818652,0.5857657230369071,0.4152848749928944,0.1704808480440127,25.317041491013274,21.12163610603262,18.06858249231255,0.023032295294937583,0.016669098074106214,0.0007750289075767469,0.0012470284896564099,0
2019-03-27,24.688451766967773,24.914507385475,24.395663903650878,24.82191625658713,21862000,23.331464195251463,22.75998779296875,23.67705856646053,64.53780022668332,0.6012581137132642,0.4524795227369684,0.1487785909762958,25.490653579210164,21.172274811292763,18.50882024282171,0.02275862748463493,-0.00356899239820474,0.011344306403159088,0.016974002690328005,1
2019-03-28,24.94704246520996,25.29988987493708,24.66342998780893,24.78354899968398,33030000,23.44052095413208,22.834812812805175,23.798009413960475,66.53773622685264,0.6271724001290053,0.48741809821537585,0.13975430191362948,25.692758285161652,21.188283623102507,19.21661498425486,0.022693415287481006,0.010474156122992406,0.02365135933937501,0.007648133178009164,1
2019-03-29,25.08384704589844,25.24734212655393,24.88114757561621,25.12638940108812,24493000,23.567207431793214,22.920294342041014,23.920470140811712,67.57943796604616,0.6512415380865271,0.5201827861896061,0.13105875189692096,25.888826609164,21.24558825442243,19.702115187723233,0.022442399829589604,0.005483799567794989,0.012389242646449361,0.027541383801922725,1
2019-04-01,25.50759506225586,25.58767281370888,25.00376597972961,25.28404208737134,27040000,23.706234836578368,23.008248558044432,24.071624895234965,70.62938841196186,0.6964808293799187,0.5554423948276687,0.14103843455225007,26.140253743125825,21.27221593003091,20.53484176906746,0.02258143712603642,0.01689326264755331,0.03317920876610292,0.046652499805122094,0
2019-04-02,25.27903938293457,25.637725888123484,25.2423360819454,25.53846039538364,22857000,23.825070667266846,23.082553787231447,24.18661675120636,66.96989568086545,0.7057552532179976,0.5855049665057345,0.12025028671226312,26.321758097561233,21.32838323697246,20.95848919117435,0.02282223852441826,-0.008960299031071206,0.013308067206266871,0.020267245645782417,1
2019-04-03,25.37496757507324,25.64189663029457,25.176438175414344,25.543466421855005,22266000,23.97210063934326,23.16296085357666,24.299793020146062,67.72573712434797,0.7126311361880369,0.610930200442195,0.10170093574584183,26.470220382538184,21.473980896148337,20.84189267164166,0.022019570648861113,0.0037947720514817096,0.011605896361993606,0.027807163226978737,0
2019-04-04,25.19145393371582,25.5251152485882,25.163926059839746,25.420845988251667,15228000,24.13409662246704,23.24097099304199,24.384713107152706,64.67661503495934,0.6952578065982955,0.6277957216734151,0.06746208492488037,26.504003426302358,21.764189818631724,19.639490476135002,0.021285455488379415,-0.007232073925394489,-0.012393999817248202,0.009797212188446869,1
2019-04-05,25.38164329528809,25.394990386020613,25.174773730582483,25.358287079773305,18875000,24.311058521270752,23.31281406402588,24.479658839356077,66.36664281839842,0.6888948586223727,0.6400155490632067,0.04887930955916597,26.490989928137534,22.13112711440397,17.933660971277494,0.021094545239005013,0.007549757234048382,0.004058853297359999,0.011872032581156322,1
2019-04-08,25.39832305908203,25.46672430370445,25.191453524528157,25.369961489798463,13899000,24.46872272491455,23.37773166656494,24.567150669806168,66.51794042353313,0.6773895687601588,0.6474903530025972,0.029899215757561604,26.47755582534481,22.45988962448429,16.41959920028702,0.020994562029371423,0.0006571585456423001,0.000920414339040887,-0.004283900654182826,0
2019-04-09,25.312406539916992,25.3674606998511,25.04881384717117,25.23983521959579,11621000,24.619734668731688,23.44146011352539,24.63812741934053,64.89848916409052,0.6538021741055431,0.6487527172231864,0.005049456882356695,26.391477902276744,22.847991435186632,14.392870251321268,0.02109563879328511,-0.0033827634590354316,0.004801334870127905,0.0013199535186827482,1
2019-04-10,25.65107536315918,25.67276418697741,25.274871640512742,25.32492203808272,14992000,24.781148433685303,23.51411148071289,24.734598652085165,68.18643500125044,0.6548876009555116,0.6499796939696515,0.004907906985860078,26.291871725928452,23.270425141442153,12.192520425644242,0.021149129306237576,0.013379558467035313,0.010615233408512559,0.01088110900118644,1
2019-04-11,25.80956268310547,25.87462596640465,25.544301010371747,25.704459721919378,16669000,24.962929725646973,23.58249168395996,24.836976178849003,69.62054609038543,0.6609177631732202,0.6521673078103654,0.008750455362854792,25.963991078495916,23.96186837279803,8.020383535514664,0.02072151413099255,0.0061785838489216705,0.016191605369646034,0.024536446011255597,1
2019-04-12,26.44518280029297,26.479383418833645,25.906319407403974,25.97138427041202,30087000,25.08517541885376,23.66783390045166,24.99013871422462,74.57140563360964,0.7088151615732947,0.6634968785629513,0.04531828301034346,26.178985032302375,23.99136580540514,8.720765114734025,0.011958013717868098,0.02462731062094159,0.044751819965818784,0.04190191677629951,0
2019-04-15,26.392635345458984,26.48606178884212,26.123203608010428,26.445186824911733,16216000,25.190118408203126,23.754506301879882,25.123709821961228,73.50491811866448,0.7340721278934552,0.677611928429052,0.05646019946440317,26.360158959018115,24.020077857388138,9.289678848305584,0.011923764636567665,-0.0019870331481846026,0.028909508541105966,0.03914873765736293,1
2019-04-16,26.567806243896484,26.693762726340257,26.367609467090272,26.69292903052255,21116000,25.281207656860353,23.835901832580568,25.26124281452649,74.79881414386207,0.7594686019182966,0.693983263126901,0.06548533879139562,26.575798784086516,23.98661652963419,10.24152916108705,0.011454161705069304,0.006637112821233915,0.02937839629833605,0.04959622080973447,1
2019-04-17,26.737144470214844,26.771345096262404,26.51275616104144,26.712951377561364,18138000,25.40424566268921,23.92418960571289,25.401804876973,76.01807300829927,0.7842196739583898,0.7120305452931988,0.072189128665191,26.759763722301713,24.048727603076706,10.671586770264389,0.010150219540069817,0.006373812905883458,0.011040259094697635,0.042340100431637495,0
2019-04-18,26.57781410217285,26.897294597634804,26.53944341309079,26.779679852032025,26548000,25.495251750946046,23.999022369384765,25.51380575556346,72.46556657756817,0.781964448345903,0.7260173259037397,0.055947122442163266,26.90810245550906,24.082401046383033,11.08324576171786,0.009783902577037252,-0.00595913928727454,0.007016304142804408,0.029766154060807404,0
2019-04-22,26.275854110717773,26.516924276140116,26.209121846458444,26.46937815437663,13504000,25.58846845626831,24.079589042663574,25.58638178938768,66.15569154112004,0.7471982814012854,0.7302535170032489,0.016944764398036494,26.948013529388817,24.2289233831478,10.626232480025315,0.009550792547244632,-0.011361355388154082,-0.010988943930806516,-0.00640300696175633,1
2019-04-23,26.329242706298828,26.53361118709396,26.20829155544343,26.4226691612176,19777000,25.686398410797118,24.153005485534667,25.65713044814112,66.70766362757536,0.7157036706915854,0.7273435477409163,-0.011639877049330893,26.960420204693058,24.412376616901177,9.919816499929498,0.009476082248085235,0.0020318500535165818,-0.015255995806523703,-0.0024019063776843375,0
2019-04-24,26.219972610473636,26.44352567036097,26.124878752881543,26.240826149790998,23335000,25.75855302810669,24.221491584777834,25.71073446360136,64.39289837052131,0.674155535902301,0.7167059453731932,-0.04255040947089217,26.980764961312044,24.536341094901335,9.489756135538563,0.009138786791933695,-0.004150141993983447,-0.013463917323056296,-0.01309229788224453,0
2019-04-25,26.010591506958008,26.10485164222242,25.572660939118265,26.10485164222242,26732000,25.8246600151062,24.27972152709961,25.739292277254375,60.09006301590905,0.6172181281840672,0.696808381935368,-0.0795902537513008,26.9471584836553,24.7021615465571,8.693229400832319,0.00935350568335446,-0.007985557674915045,-0.010095299001206093,-0.027173917695893612,0
2019-04-26,25.892972946166992,25.93801638101169,25.45087078196934,25.78787000717365,16404000,25.871956539154052,24.33240779876709,25.75392853143653,57.75535759303918,0.5561925460262316,0.6686852147535408,-0.11249266872730923,26.91978562143793,24.824127456870173,8.100114737732477,0.009294431570382032,-0.004521948713067547,-0.01656978003501275,-0.02576739958271701,1
2019-04-29,26.08566665649414,26.248326452527213,25.895480576850908,25.962212841659927,13404000,25.922047519683836,24.388650283813476,25.785522638584872,60.46544120860546,0.5174136816719574,0.6384309081372243,-0.1210172264652668,26.908364126325395,24.935730913042278,7.60986651145209,0.009344312412237791,0.0074419307017301595,-0.0051222766695738775,-0.0072381074054622685,1
2019-04-30,26.55946350097656,26.561130892548466,26.069815191821345,26.135713752428902,18953000,25.974640941619874,24.4536576461792,25.859231292145985,66.20606543347004,0.5189306880007223,0.6145308641099239,-0.09560017610920157,26.978962521175447,24.970319362064302,7.733093071914773,0.009454490459354334,0.018163110443814023,0.02110186513335255,0.00874392010608993,1
2019-05-01,26.60116958618164,26.95985604773748,26.58365242918598,26.734634094059757,18158000,26.040747451782227,24.519945640563964,25.929892082054142,66.66492063787814,0.5175324668444539,0.5951311846568299,-0.07759871781237604,27.027112939428573,25.05438196413588,7.575554345916741,0.009094558518198887,0.0015702909512289587,0.027350920324484607,0.014538420057530255,0
2019-05-02,26.344257354736328,26.87561442143664,26.211626512048102,26.691264200575315,20428000,26.08921194076538,24.578185272216796,25.969355441357205,61.15623857208882,0.4900447655173288,0.5741139008289298,-0.08406913531160098,27.034353587209093,25.14407029432167,7.245459530089468,0.009489757353887043,-0.009657929912178398,0.009913133585865541,0.012828076120032117,0
2019-05-03,26.335079193115234,26.413491157410306,25.916334738388567,26.271684892381987,19214000,26.14639320373535,24.64034198760986,26.004186274857968,60.96243212077666,0.46219210041072145,0.5517295407452881,-0.08953744033456668,27.001443025566957,25.291343381903744,6.5404800973424635,0.009262514161576816,-0.00034839325692526124,-0.008448375015296272,0.01707437179451765,0
2019-05-06,25.989734649658203,26.019765197815545,25.470891101687524,25.59101011227206,14371000,26.176797771453856,24.702933692932127,26.002809929600847,54.02492818813618,0.4075542128815002,0.5228944751725306,-0.11534026229103045,26.961241741971033,25.39235380093668,5.993429581158501,0.009779729993432518,-0.013113480347813566,-0.02298526516071142,-0.0036775754324858134,0
2019-05-07,25.632719039916992,25.827076761739743,25.33575945687316,25.746163719712403,21734000,26.188517570495605,24.75491264343262,25.967563178202386,47.94990427407123,0.33162238098743657,0.4846400563355118,-0.15301767534807525,26.93202458847466,25.44501055251655,5.678114585735104,0.010337786092516068,-0.013736793182146045,-0.02700923792377896,-0.034893192064120226,0
2019-05-08,25.307403564453125,25.663587427813667,25.2840473498736,25.46672699577322,15099000,26.18826742172241,24.806337890625,25.90469083403579,43.18465672152334,0.2424013650107817,0.43619231807056585,-0.19379095305978417,26.932955749974585,25.443579093470237,5.6871904984021695,0.01072458292163612,-0.012691415021452213,-0.03902306961472035,-0.04863568188372369,1
2019-05-09,25.3632926940918,25.5126054174961,24.76186695646025,25.0246259746808,22282000,26.173878288269044,24.864684867858887,25.853129106422074,44.21044544991567,0.1741948430058251,0.38379282305761775,-0.20959798005179264,26.968946911897234,25.378809664640855,6.0752832642653045,0.010274998553585936,0.0022084102581418907,-0.024103437915424908,-0.03723637555750514,0
2019-05-10,25.35494804382324,25.475067074740824,24.746015930348896,25.29405483247581,21025000,26.15114755630493,24.9164656829834,25.80568329093647,44.08247087561723,0.11810588821692036,0.3306554360894783,-0.21254954787255792,27.010013988642346,25.292281123967516,6.568479876366616,0.01015423664403558,-0.00032900500614041484,-0.01083657943822458,-0.037217702749427484,0
2019-05-13,24.472410202026367,24.66426683667039,24.040318710462117,24.5091135009276,37864000,26.052508926391603,24.95491153717041,25.67870490151646,33.15238716024484,0.002413735253593785,0.2650070959223014,-0.26259336066870764,27.168337635172616,24.93668021761059,8.565998092035281,0.010972938842263455,-0.03480732203716219,-0.03299403513680055,-0.05838168292540802,1
2019-05-14,25.19145393371582,25.408332595115883,24.647585115411385,24.665102274778835,34277000,25.992449855804445,25.00419967651367,25.63230004744021,45.09673365370477,-0.030896157961866066,0.20582644514546794,-0.236722603107334,27.156834364200872,24.828065347408018,8.959405633989558,0.013252502007138492,0.029381811017123116,-0.006775096689871418,-0.01721491604203218,1
2019-05-15,25.389144897460938,25.6727573777092,24.908672027182064,25.047141893224357,18166000,25.933516788482667,25.05393611907959,25.609142414108852,47.85541720087558,-0.040871340348022756,0.1564868880467698,-0.19735822839479256,27.094760620581027,24.772272956384306,8.955544607155483,0.013297874831851901,0.007847540847196965,0.0013487250527428607,0.0032299375477073955,0
2019-05-16,24.798564910888672,25.283207874143976,24.58251837079852,25.003767041428453,34233000,25.836587810516356,25.101220054626467,25.53194455665931,41.19601163615655,-0.09533267772358656,0.10612297489269855,-0.20145565261628512,27.036323611945026,24.636852009087686,9.287107184798893,0.01393035487767773,-0.023261121591823586,0.013327445321887454,-0.022265554792681885,0
2019-05-17,24.18128776550293,24.488256427315893,24.057832389613385,24.422357874394063,39094000,25.71676149368286,25.145815124511717,25.403310576549178,35.61710459601308,-0.18615688609449066,0.04766700269526071,-0.23382388878975136,27.065854883008406,24.367668104357314,10.491938416561052,0.01471566810457406,-0.02489164786768383,-0.040099558003712565,-0.046289200683502285,0
2019-05-20,22.73821258544922,23.35215019772244,22.40872125694962,23.18948877367436,65162000,25.539879417419435,25.163731269836425,25.14949172025394,26.561149474258713,-0.370311116291429,-0.035928621102077236,-0.33438249518935176,27.38561442179363,23.69414441304524,14.453748776239827,0.01917306692112081,-0.059677350273809826,-0.10441203603815852,-0.07086337644150609,1
2019-05-21,22.96676445007324,23.337962751028897,22.910041312308262,23.113574469542705,25060000,25.371755504608153,25.17816577911377,24.941612932617684,29.61357483693027,-0.49213936879717934,-0.12717077064109766,-0.3649685981560817,27.49148198526702,23.252029023949287,16.709340276228577,0.019454275535019206,0.010051443743219979,-0.07386719624292115,-0.08831127768552871,0
2019-05-22,22.45709228515625,22.944237862727377,22.436237164605203,22.56219521951712,31809000,25.183611488342287,25.18146427154541,24.70499191857374,26.925880213012718,-0.622638037120737,-0.22626422393702553,-0.39637381318371145,27.614003546058157,22.753219430626416,19.301378270077908,0.019749506809641444,-0.022191726920217647,-0.07130288085014314,-0.11548449639191705,0
2019-05-23,21.69550895690918,22.1459512256673,21.53535029155317,22.07004355337,46607000,24.967857360839844,25.166918449401855,24.418374493653303,23.4945162285414,-0.7785380793754797,-0.33671899502471636,-0.44181908435076334,27.799323208027676,22.13639151365201,22.68088772109671,0.020613209493553303,-0.033912819993640264,-0.045856886271143926,-0.12513046481238066,0
2019-05-24,21.349340438842773,22.16681109483152,21.332656974592545,21.91322912052341,27963000,24.740675735473634,25.15042652130127,24.1260855360523,22.114964619752485,-0.9194243409379048,-0.4532600642073541,-0.4661642767305507,27.943536652511362,21.537814818435905,25.89145867544279,0.02064614870328399,-0.01595576848434177,-0.07042454825304345,-0.11711317255403653,0
2019-05-28,21.22755241394043,21.49865311899693,20.861359470073776,21.401890306455844,61965000,24.497770023345947,25.094972190856932,23.850034762517836,21.633678303382112,-1.029042828867194,-0.5684166171393221,-0.4606262117278719,27.98042881985262,21.015111226839274,28.432455633208736,0.020288041649270894,-0.005704533367258735,-0.054750626465943864,-0.0664370678140066,0
2019-05-29,21.197525024414062,21.38520842841581,20.9856501199728,21.08241134866269,28132000,24.22967309951782,25.03304718017578,23.597414787460334,21.509386365328623,-1.1055946230889155,-0.6758522183292408,-0.42974240475967473,27.85866963603793,20.600676562997712,29.954977284380508,0.019303400623308233,-0.001414547892325424,-0.022953318748326845,-0.07703477037461126,1
2019-05-30,21.406063079833984,21.46612100409269,21.197524554655487,21.242567997849523,17310000,23.96991777420044,24.966248016357422,23.388714624829255,24.743169854019243,-1.13633621672669,-0.7679490180087306,-0.36838719871795933,27.626347745819206,20.313487802581673,30.508489900239,0.019672469163241765,0.009837849238519158,0.0026568802513453615,-0.04680166033859057,0
2019-05-31,20.990650177001957,21.332653178153983,20.937265010129096,21.107432814947785,22192000,23.70223741531372,24.900533332824708,23.16032753455999,22.733864984074927,-1.1806101616348954,-0.8504812467339635,-0.3301289149009319,27.407716929981238,19.996757900646205,31.266917546555767,0.019767955808930707,-0.019406319661992244,-0.01116012964277957,-0.0324886953012804,1
2019-06-03,21.11911392211914,21.54870276953785,20.953951450408344,21.06656085250977,28911000,23.441439151763916,24.827761764526368,22.96592623813705,24.76844976708398,-1.1915956583298666,-0.9187041290531441,-0.27289152927672244,27.1029483661958,19.77992993733203,31.239628170665146,0.02000471638119153,0.006120046022106251,-0.0036990687452715942,-0.010783776547249269,1
2019-06-04,22.163471221923828,22.188496414349224,21.33432259003653,21.434420177693173,36805000,23.2501259803772,24.782800788879396,22.889501950878646,38.862807916065165,-1.1033125374274917,-0.9556258107280137,-0.14768672669947802,26.755568210140474,19.744683750613923,30.154178370661928,0.024094625125083816,0.04945081046752042,0.03538287910603111,0.0440898126045266,1
2019-06-05,22.165143966674805,22.64811801158907,21.888204184508535,22.43957947904876,23651000,23.07674722671509,24.73869079589844,22.820515476192565,38.88255830767931,-1.0214380495332165,-0.9687882584890543,-0.05264979104416223,26.433527188800795,19.719967264629382,29.092314693291677,0.024109047309930735,7.547304906463381e-05,0.05595318771781832,0.04564773204165551,1
2019-06-06,22.7548885345459,22.939237145830543,22.12843928015974,22.273581911542458,32687000,22.949121475219727,24.69825096130371,22.814265291273834,45.55996154041429,-0.8986059006174081,-0.9547517869147251,0.05614588629731698,26.147303997873472,19.75093895256598,27.871938593441293,0.025194631094793675,0.026606845809698854,0.07745469902094371,0.06301137437937387,1
2019-06-07,22.928396224975582,23.178643441083228,22.79576537545105,22.920889779016317,25963000,22.827376651763917,24.663049850463867,22.82513490400733,47.38142710135642,-0.7782882941035965,-0.9194590883524993,0.1411707942489029,25.827964196303856,19.826789107223977,26.2893769206553,0.025305052921216285,0.007625073186637188,0.034512870091174985,0.09231472258523388,1
2019-06-10,23.373828887939453,23.754202585695253,23.08270995990195,23.08354365567785,23280000,22.728320693969728,24.631585578918457,22.87739147390563,51.836629390068744,-0.6396198908822264,-0.8634912488584449,0.2238713579762185,25.51153392012453,19.945107467814925,24.4911470902753,0.02586519951713873,0.01942711817229803,0.05453088520795979,0.10676181652956718,1
2019-06-11,23.646596908569336,24.33644197700855,23.307096578925616,24.231339032676644,37105000,22.687030029296874,24.602840576171875,22.950649134349792,54.38371949621882,-0.5019281671584572,-0.7911786325184474,0.2892504653599902,25.38883179573418,19.985228262859568,23.818029622637578,0.025000458762174986,0.011669804803380979,0.039187551838351986,0.0669175722428541,0
2019-06-12,23.33379364013672,23.619908856739706,23.14026958493209,23.495619748600348,27057000,22.59414701461792,24.55936454772949,22.987139087281882,51.04959184009266,-0.4132830242053025,-0.7155995108558185,0.302316486650516,25.062842334522074,20.125451694713767,21.8525206400309,0.024034701431702808,-0.013228257310854752,0.01768101925591914,0.052724659727858114,1
2019-06-13,23.49061393737793,23.59738588270585,23.14026913812368,23.48310749207168,37735000,22.49922046661377,24.523596038818358,23.035089073005317,52.61794157350121,-0.32661204206372574,-0.6378020170974,0.3111899750336743,24.657168644896537,20.341272288331005,19.182426177697224,0.02400789218990863,0.006720737298861801,0.004996402172634085,0.03233263049015034,0
2019-06-14,22.18265724182129,22.362834171446003,21.47696241126494,21.530349169945666,100797000,22.3684250831604,24.45974983215332,22.953905089083026,40.85938109754573,-0.35932377772867596,-0.5821063692236553,0.22278259149497937,24.252823154481234,20.484027011839565,16.848732660570406,0.02638203385586291,-0.055679970691418945,-0.0619091056699802,-0.03252469016310744,1
2019-06-17,22.18599319458008,22.413717826128646,21.79978045460581,22.09173307066496,35785000,22.26866035461426,24.399640617370604,22.880770622939888,40.89565972824315,-0.38059165670217965,-0.5418034267193602,0.16121177001718057,23.959963445351786,20.57735726387673,15.189985062456394,0.025990817523614797,0.0001503856243383339,-0.049190477264798194,-0.05081904633828638,1
2019-06-18,23.19365119934082,23.608225502636444,22.22686642514267,22.36783896676668,54920000,22.291432285308836,24.35588077545166,22.91056877307331,50.727740745968354,-0.31253432324806596,-0.4959496060251014,0.18341528277703545,24.019279979550795,20.563584591066878,15.502347916698886,0.024729033193368374,0.045418656533569246,-0.012641761463909051,-0.019154794703857392,0
2019-06-19,23.14694023132324,23.278735763879805,22.831629797126052,23.254545857473367,28920000,22.30044107437134,24.310853118896485,22.933080340525688,50.30993899396239,-0.25937763695637983,-0.44863521221135716,0.18925757525497733,24.04408584437509,20.556796304367587,15.63776038499638,0.02465091281137452,-0.002013954923100192,0.04347012979508924,-0.00800784526062115,1
2019-06-20,23.277070999145508,23.81092912011613,23.119414968743836,23.56568729005947,57291000,22.3414400100708,24.270146408081054,22.965841355632335,51.508166135952195,-0.20439398801887876,-0.3997869673728615,0.19539297935398275,24.135716107741473,20.54716391240013,16.06231377083903,0.024070426954664385,0.0056219425341657026,0.049178677510456126,-0.009090564376124544,0
2019-06-21,23.07411193847656,23.66446039276125,23.071585265211027,23.294754926254047,45399000,22.41037015914917,24.2186071395874,22.976152839712736,49.50316011120568,-0.1751768207506217,-0.35486493804841357,0.17968811729779188,24.206014193670345,20.614726124627996,16.02511713790762,0.02270892623927113,-0.008719269734426605,-0.005153964756858032,0.0401870112735907,1
2019-06-24,23.51287269592285,23.5339261646314,23.15916896027844,23.20296088195397,20506000,22.518546772003173,24.17267333984375,23.027269016494653,53.69913353856494,-0.11528870254472423,-0.3069496909476757,0.19166098840295148,24.30613574480453,20.730957799201818,15.876592667372535,0.022491100430568223,0.01901528252164919,0.015809107421654867,0.059807081418690844,0
2019-06-25,23.286327362060547,23.822778672710893,23.24506212374534,23.509498573263365,24436000,22.62148551940918,24.109496231079103,23.05194123988188,51.327588294009985,-0.08512597328929772,-0.26258494741600014,0.17745897412670242,24.335443778292614,20.907527260525747,15.153366098905058,0.022607151860672435,-0.009634949195365117,0.0003976601229329635,0.003995755645508803,1
2019-06-26,23.701513290405277,23.919631204811743,23.42023497131531,23.46065852982768,24774000,22.74668493270874,24.055673789978027,23.113805244693634,55.229920098923245,-0.02740386379626969,-0.21554873069205405,0.18814486689578436,24.39067782800839,21.10269203740909,14.454791106159476,0.022734224932263805,0.017829601116970295,0.0271907041797137,0.023958806370941943,1
2019-06-27,24.061115264892575,24.2918649697798,23.768046835975504,23.826997197392515,21813000,22.87943754196167,24.005539970397948,23.20402524661734,58.345022696762975,0.04681850330176829,-0.1630752838932896,0.20989378719505788,24.497557329830848,21.261317754092495,14.144751459921068,0.022814689511158788,0.015172110323979693,0.02331669873178832,0.03368311527579437,1
2019-06-28,24.242172241210938,24.36344290409093,23.986159074480668,24.242172241210938,49265000,23.04201364517212,23.95564052581787,23.30289638895959,59.85944076768844,0.11887967787631837,-0.10668429153936801,0.22556396941568638,24.51527306586309,21.568754224481147,12.78759264166704,0.022009912755136255,0.007524878806534074,0.041047472376760874,0.05062211303511166,1
2019-07-01,25.29401969909668,25.74878227157113,24.95547444264701,25.406025358185687,44832000,23.250758934020997,23.92996463775635,23.49252718040122,67.29781234188232,0.25789116823898794,-0.03376919958369681,0.2916603678226848,24.757740195545978,21.743777672496016,12.962856531275927,0.023423027459602494,0.04338915867026283,0.06719007302103663,0.0757519945014069,0
2019-07-02,24.871265411376957,25.320973119134297,24.750836415018785,25.17022886084176,19011000,23.38614864349365,23.90187286376953,23.623835583351287,62.3008256219324,0.33014038510686916,0.03901271735441639,0.2911276677524528,24.962993709984993,21.80930357700231,13.485290720839071,0.02209149443496112,-0.016713606328646158,0.033670515167951054,0.06806303221085375,0
2019-07-03,23.992055892944336,24.31965279606565,23.83457332103473,23.89184029492063,49411000,23.47749423980713,23.85512912750244,23.658904184264912,53.41742513000756,0.3128472414662049,0.0937796221767741,0.2190676192894308,24.970249587035635,21.984738892578623,12.716479296989656,0.023935841954028016,-0.035350413575275574,-0.010317406615955482,0.012258398819482652,0
2019-07-05,23.804256439208984,24.038374468263733,23.746147776418184,23.887628620585964,24565000,23.529962635040285,23.80681480407715,23.672747256164346,51.720983802456466,0.28075211847008674,0.13117412143543664,0.1495779970346501,24.990862940544496,22.069062329536074,12.417361881643377,0.023476457841494096,-0.007827568198962909,-0.058897845325110554,-0.010675266830144414,0
2019-07-08,23.155799865722656,23.680459613968797,23.107796288057536,23.58024401381732,34291000,23.541332817077638,23.74971897125244,23.623514171360377,46.25817900523744,0.20067818298452877,0.14507493374525507,0.055603249239273705,24.98678627703721,22.095879357118065,12.280132745168913,0.02435549288103472,-0.027241202645516327,-0.06897379434781747,-0.044813326325661595,1
2019-07-09,23.20379638671875,23.241693262804628,22.94104492669352,23.02862874670193,26131000,23.5328311920166,23.695935440063476,23.583541049013554,46.70685598953047,0.13948404508544954,0.14395675601329397,-0.004472710927844431,24.98411381421771,22.081548569815492,12.334109826049742,0.02396201768563549,0.002072764546006578,-0.03285502125132178,-0.08263705560617463,0
2019-07-10,23.1170597076416,23.47918350948065,23.074951168165057,23.40002138279659,30134000,23.506354331970215,23.636563301086426,23.53911425459718,45.96009766669629,0.08303119290098593,0.13177164339083236,-0.04874045048984643,24.967655741954683,22.045052921985747,12.43324583086881,0.023811204631828856,-0.003738038277511957,-0.028868649324222173,-0.07053142149063807,1
2019-07-11,23.24843406677246,23.365493068834517,22.9865242676311,23.17937702993384,20712000,23.502086353302,23.570342712402343,23.511430427185303,47.33358820371176,0.04833553174238858,0.11508442106114361,-0.06674888931875503,24.965875300664862,22.03829740593914,12.456672359704791,0.023669335211347876,0.0056830047070144385,0.004000475111504587,-0.03099450207560417,1
2019-07-12,24.03415870666504,24.079635602396653,23.27538107045472,23.27538107045472,21971000,23.52926359176636,23.51900249481201,23.56121407285004,54.74237828416693,0.08328037781477704,0.1087236124118703,-0.02544323459709326,25.01126141492154,22.047265768611176,12.597060824919156,0.024815496842671477,0.03379688445406148,0.03578562344313485,0.009658031875231066,1
2019-07-15,24.282602310180664,24.80052542360869,24.192491780867343,24.515037006587992,30334000,23.634260845184325,23.477769393920898,23.629917714500575,56.811217096509466,0.12952861729365495,0.11288461338822724,0.01664400390542771,25.013773066052767,22.254748624315884,11.673834268859979,0.020899780873290363,0.010337104225192961,0.0504191543941801,0.048661780244784625,0
2019-07-16,23.92805290222168,24.236279724750883,23.78151870739004,24.16890766268718,14617000,23.721363830566407,23.429628868103027,23.658311541902584,53.082014712261824,0.13600373970010438,0.11750843865060268,0.0184953010495017,24.93399450982279,22.508733151310025,10.223954136176893,0.021326168784823057,-0.014600964238924985,0.02923288654613332,0.031212845666818367,1
2019-07-17,24.008054733276367,24.194170782198057,23.848888791966857,24.04847828841811,15453000,23.762084007263184,23.38999526977539,23.691620417271515,53.818656361869394,0.14590885358188643,0.12318852163685944,0.022720331945026997,24.95564290552554,22.568525109000827,10.045910938598904,0.01897061981140611,0.003343432555152015,-0.0010861197060095806,0.038542748814211825,1
2019-07-18,24.403867721557617,24.44765963992937,23.900259857144224,24.100692654941422,19357000,23.8249303817749,23.365418243408204,23.75945349387019,57.38371972283454,0.1835813167586302,0.1352670806612136,0.04831423609741661,25.01467029899856,22.635190464551243,9.987352728079832,0.019219291039784998,0.01648667468808429,0.00499392156688705,0.04969941852714044,1
2019-07-19,24.42239570617676,24.688515591366265,24.382813836788863,24.576509920056385,22047000,23.882196617126464,23.347718086242676,23.822590847423196,57.5489205623636,0.2124827004506713,0.15071020461910514,0.06177249583156616,25.071198873615284,22.693194360637644,9.95722692975536,0.019212767411801827,0.0007592232850359704,0.020659549942284805,0.016153550629756763,1
2019-07-22,24.94032096862793,25.263707858193506,24.611040649478564,24.67504274862443,33905000,23.975507068634034,23.3392586517334,23.929041335156978,61.985146235262555,0.27402075475876586,0.1753723146470373,0.09864844011172857,25.18885955804824,22.76215457921983,10.12160023094214,0.019450392546336605,0.02120698021120737,0.038831394117883056,0.02708600379999271,1
2019-07-23,25.33023452758789,25.463295274201982,25.198017076224435,25.2224405129596,19692000,24.066375160217284,23.33876438140869,24.062488305864683,64.95438111135167,0.35021580195697055,0.21034101210902395,0.1398747898479466,25.394323731639254,22.738426588795313,11.035717365672287,0.019328006277096643,0.015633862910201746,0.037959835571963474,0.05859990493568401,1
2019-07-24,25.5820426940918,25.675521583542707,25.306657766534364,25.365609734397065,19006000,24.181160926818848,23.36095703125,24.207207771410122,66.76004854825862,0.4260089741330013,0.2534746045138194,0.1725343696191819,25.612418772439554,22.74990308119814,11.837792651496121,0.0191004964961143,0.009941012043518827,0.04748293336438514,0.06556082857616152,0
2019-07-25,25.297388076782227,25.44392225522016,25.21401590220872,25.44392225522016,15741000,24.260954666137696,23.36307571411133,24.311034467159846,62.8197140342169,0.45782879512219665,0.2943454426354949,0.16348335248670176,25.753003960347687,22.768905371927705,12.30000479983192,0.019165024932443906,-0.0111271261921283,0.01431686098199969,0.03661388290657319,1
2019-07-26,25.342021942138672,25.51887459101268,25.30917840655292,25.398447223013925,14996000,24.325,23.36213325500488,24.40922375049116,63.186618593827355,0.48110196840288566,0.33169674778897307,0.1494052206139126,25.88562744144284,22.76437255855716,12.831469199941129,0.018966414773729744,0.0017643665512412365,0.00046534960179478446,0.03765503790151614,1
2019-07-29,25.411081314086918,25.47929506445404,25.0085323235883,25.368131082823428,12068000,24.383445453643798,23.37438358306885,24.504638756547898,63.78215160280914,0.4993623022864426,0.365229858688467,0.1341324435979756,26.01330341169243,22.753587495595166,13.368561560729475,0.018933381203150225,0.0027250932110280957,-0.006682866651784858,0.01887547261525424,0
2019-07-30,25.22749328613281,25.342868931358083,25.020323744409115,25.18791302113872,11164000,24.380119132995606,23.395307693481445,24.573482045079796,60.95893676833337,0.493332894383645,0.39085046582750266,0.10248242855614237,26.002785754081927,22.757452511909285,13.311392058706009,0.016396855677705435,-0.007224723170372704,-0.002762925185686105,-0.004056071464446309,0
2019-07-31,24.421554565429688,25.33444658598277,24.141959619086112,25.267074522635447,20819000,24.357633590698242,23.428974533081053,24.559012761303595,50.41009805450699,0.4186955640973409,0.3964194854814703,0.022276078615870554,25.964843287780955,22.75042389361553,13.196763890039614,0.017528657032853896,-0.03194684115310553,-0.03632178122213814,-0.04536338800380979,0
2019-08-01,24.029953002929688,25.080957471188245,23.77562319266864,24.34912820075659,21911000,24.35952844619751,23.450238304138182,24.508626117648937,46.224420036174955,0.3242086927722063,0.38197732693961756,-0.05776863416741124,25.96509817417207,22.753958718222947,13.182272649659513,0.015987174819774415,-0.016035079235059757,-0.05435141834722268,-0.05010142035239529,0
2019-08-02,23.456449508666992,23.903632132577155,23.2358049113804,23.754571257940437,20080000,24.34213809967041,23.4702254486084,24.40841882155542,40.87199659149424,0.20073626478116324,0.34572911450792676,-0.14499284972676352,25.97862499784962,22.7056512014912,13.445712052725298,0.016793008480510886,-0.023866192921508156,-0.07020292334947653,-0.0744049720174993,0
2019-08-05,22.541030883789062,22.92673647983542,22.23954077097268,22.90231304199545,27765000,24.31139965057373,23.487135887145996,24.230572351291954,34.08717590335591,0.02868616719357675,0.2823205250450568,-0.25363435785148003,26.05542594580424,22.567373355343218,14.34739521621376,0.017944278524289967,-0.03902630807529883,-0.0770026198210424,-0.11294483673572797,0
2019-08-06,22.438282012939453,22.921678040389555,22.27995777490805,22.74903706095063,22199000,24.273123931884765,23.50891471862793,24.05987803335362,33.41664717247053,-0.11463431682109615,0.20292955667182622,-0.31756387349292237,26.14184663329172,22.40440123047781,15.397463520978716,0.01794206602082439,-0.004558303982605483,-0.06623695809126973,-0.11056236311542478,1
2019-08-07,22.74230194091797,22.96715657221552,22.148585161376616,22.23532731088785,22244000,24.254386043548585,23.53920970916748,23.934394595978794,37.34398973018159,-0.20136376939475298,0.12207089145851038,-0.32343466085326333,26.17587150964169,22.33290057745548,15.844437065057775,0.01824357701105785,0.013549162444932206,-0.03044568051465546,-0.06876108644159828,1
2019-08-08,22.820619583129883,22.953680308656324,22.106475514874337,22.770090945996134,29163000,24.232995319366456,23.571671600341798,23.82832078523128,38.352752509757316,-0.2607718901874634,0.04550233512931563,-0.306274225316779,26.207590346396366,22.258400292336546,16.296747480092634,0.018209452567108923,0.0034436989894590653,0.012403545373867342,-0.050326083436466384,1
2019-08-09,23.220643997192383,23.62656132844263,22.70272100124713,22.70272100124713,30735000,24.19231958389282,23.607963218688965,23.770446805418054,43.36807871078909,-0.2724341752686499,-0.01808496695027747,-0.25434920831837243,26.2145637084083,22.170075459377344,16.718067215529693,0.0169004156650898,0.017529077709976804,0.034867285463377584,-0.01005290725638086,0
2019-08-12,23.213069915771484,23.42950288770161,22.95200332558557,23.022743763487654,20040000,24.138842964172362,23.652411613464356,23.71736329211838,43.29625563676304,-0.279070830471035,-0.07028213965442898,-0.208788690816606,26.20480232778057,22.072883600564154,17.11730232202571,0.016671210829375817,-0.00032617878392238175,0.0207001022181712,0.02981403270538685,1
2019-08-13,23.89184188842773,24.04342782899314,22.90904950723817,23.184434407348952,22340000,24.137032413482665,23.707866172790528,23.7339803012907,51.11051596967438,-0.22694314279124939,-0.10161434028179306,-0.12532880250945633,26.203790840572196,22.070273986393133,17.125207371682237,0.017788189276501488,0.02924093948448725,0.046940982535362386,0.06478035504902091,0
2019-08-14,22.869468688964844,23.59287627496485,22.770094775664955,23.47834392860301,27108000,24.08010311126709,23.721986122131348,23.65164586202157,41.772812247064145,-0.26507295162844713,-0.13430606255112387,-0.13076688907732326,26.21938876888437,21.940817453649807,17.768077219040727,0.020173567724752216,-0.04279172799808639,-0.015123409508797425,0.005591639244665769,0
2019-08-15,22.62355613708496,22.97220645416356,22.30438099136105,22.906519388366355,20010000,23.99108753204346,23.731154365539552,23.55373255488475,39.88526334416367,-0.3115429148089355,-0.1697534330026862,-0.14178948180624928,26.215540081443745,21.766634982643172,18.543990941879716,0.019758607335576682,-0.010752875601283352,-0.025395769746335617,-0.00863532409043799,1
2019-08-16,23.056427001953125,23.22233129321558,22.904839455116505,22.91915619954234,17458000,23.922789096832275,23.737185134887696,23.506370121272216,44.62828206433603,-0.3098696498490803,-0.197776676371965,-0.11209297347711528,26.173798459898357,21.671779733766193,18.818954211021726,0.0203887603420915,0.019133634970790236,-0.03496653336213684,-0.007072025877452592,1
2019-08-19,23.477500915527344,23.586138220333865,23.21053935206663,23.53813625063212,17489000,23.849648094177248,23.74816722869873,23.503620673106035,48.85552564748258,-0.271437467389152,-0.21250883457540243,-0.05892863281374955,26.058318920351127,21.64097726800337,18.521621932971943,0.020217163549561632,0.018262756564082938,0.02658707269644145,0.011391470439513052,1
2019-08-20,23.611404418945312,23.997951686053664,23.32844111519429,23.425288354214626,17920000,23.763706588745116,23.752918739318847,23.513885791757396,50.158625140598744,-0.2275517176975832,-0.21551741119983858,-0.012034306497744618,25.866468539457923,21.66094463803231,17.697255626853348,0.01985882128282361,0.005703481980461111,0.043664589062594406,-0.011737791953924326,1
2019-08-21,24.211856842041016,24.27586053916121,23.921315138196096,23.97100209204389,19381000,23.695197296142577,23.76422393798828,23.58035922511774,55.61927795567394,-0.14267577501196627,-0.20094908396226413,0.058273308950297864,25.639864933601043,21.750529658684112,16.41402359435129,0.020687869550566694,0.02543061024417126,0.050113135048635904,0.058697828591178114,1
2019-08-22,24.221960067749023,24.37270590186049,23.96342023232104,24.286807055099995,12294000,23.64142589569092,23.781987266540526,23.641464067273102,55.70721132471178,-0.0737456392329996,-0.17550839501641124,0.10176275578341165,25.46138729916873,21.821464492213106,15.396375933564425,0.020596624461220694,0.0004172842163210344,0.031709471757674024,0.07065219636465225,0
2019-08-23,22.917469024658203,24.04174215204656,22.826516826505383,23.916261432771705,25742000,23.520198249816893,23.770524368286132,23.572512158452636,43.674727582932505,-0.12296210450478284,-0.16499913691408558,0.04203703240930273,25.187499143248147,21.85289735638564,14.177609182730707,0.023602074099100416,-0.053855717681069115,-0.029389839840713194,-0.006026865189612929,1
2019-08-26,23.34612464904785,23.40760167174373,23.159166907934825,23.32338619809593,14249000,23.41695041656494,23.793793716430663,23.55095144327123,47.674278233089574,-0.12592598498572727,-0.15718450652841393,0.03125852154268666,24.841107844695713,21.992792988434168,12.163474771875817,0.024132832626114202,0.018704317825342542,-0.035756538568736396,-0.0055958369228559235,0
2019-08-27,23.207170486450195,23.598771100742415,23.15158849486569,23.508662192153345,14298000,23.315934276580812,23.814217262268066,23.518210399764463,46.52107627261931,-0.1378977221511164,-0.15332714965295444,0.015429427501838039,24.4737752696615,22.158093283500126,9.93175722101477,0.024125415191447383,-0.005951915561425936,-0.041895436143914555,-0.017120283288645344,1
2019-08-28,23.24843406677246,23.27790923950201,22.77767138567937,23.102741580837005,17202000,23.25727825164795,23.815312919616698,23.492517415669987,46.93159906723697,-0.142414122672065,-0.15114454425677656,0.008730421584711573,24.298078741298276,22.216477761997623,8.950320655656068,0.02322249298354935,0.0017780530524544869,0.014441605299352789,-0.03979136261848726,1
2019-08-29,23.864049911499023,24.04258596158732,23.668670443825096,23.70572564125815,16429000,23.248983097076415,23.829655113220216,23.527901462891798,52.758120526745735,-0.09522070386929826,-0.1399597761792809,0.04473907230998264,24.26742285282288,22.230543341329952,8.761155285751258,0.023827259460985135,0.02647988432074322,0.022184635361839122,-0.014776267290050993,0
2019-08-30,23.80257606506348,24.077117704560585,23.571826353377425,24.031640792255025,16720000,23.26628942489624,23.840165214538573,23.55406094881291,52.14247563862972,-0.06206456345322664,-0.12438073363407005,0.062316170180843414,24.309700212940804,22.222878636851675,8.969292601750722,0.023174969616323492,-0.002576002257098975,0.02565610395980511,0.038621500456832214,0
2019-09-03,23.07916259765625,23.65182427240111,22.81641109650927,23.5802421654117,22210000,23.2931960105896,23.840266227722168,23.50883253441704,45.424856047470975,-0.09308843872151584,-0.11812227465155922,0.02503383593004338,24.286983470159242,22.29940855101996,8.532856196443324,0.0224596576637819,-0.03039223424514248,-0.007280983683892073,-0.011434962136317117,1
2019-09-04,23.834571838378903,23.94657749979091,23.42865451902652,23.478341470474348,19865000,23.363010501861574,23.84670021057129,23.539855325270548,52.331063359654934,-0.05607349058379185,-0.10571251783800575,0.0496390272542139,24.30139167747141,22.424629326251736,8.03305015451726,0.023462357358855754,0.03273122400027484,-0.0012352502290868816,0.027034806000801437,1
2019-09-05,24.50829315185547,24.73230608785383,24.284281822133675,24.284281822133675,20938000,23.451310062408446,23.871139526367188,23.632087499231016,57.496977809342354,0.027309989409239677,-0.07910801638855668,0.10641800579779635,24.468487838078698,22.434132286738194,8.674805569184375,0.024025176041863584,0.02826655826020441,0.029648769312318857,0.05419113741013826,1
2019-09-06,24.583253860473636,24.700312912508483,24.363452504452493,24.578200512626584,13748000,23.539441776275634,23.888774337768556,23.722674771730315,58.041814720421854,0.09830747340284063,-0.043624918430277215,0.14193239183311784,24.625851960149998,22.45303159240127,9.230551804922651,0.024025819725115184,0.003058585441005901,0.06517096348071716,0.0301375479703494,1
2019-09-09,24.64219284057617,25.02874004037956,24.456078414528086,24.843467303157883,21686000,23.610519218444825,23.900395889282226,23.810247921144207,58.492349659531655,0.15751365473475332,-0.0033972037972711117,0.16091085853202441,24.786514394310007,22.434524042579643,9.961620623289644,0.023814833786799446,0.0023975255853863064,0.033884435083361586,0.0352741977682427,1
2019-09-10,24.79630851745605,24.797150206333004,24.32301915182059,24.53608369587189,20850000,23.689681148529054,23.91147861480713,23.90415845412629,59.710586177215106,0.21439936470618903,0.04016210990342092,0.1742372548027681,24.957562953608036,22.421799343450072,10.704085016000377,0.023808311378527455,0.006254138090588723,0.011751751287452539,0.07440243607340347,1
2019-09-11,25.09695816040039,25.16180354528276,24.805573166612877,24.95463402546101,19260000,23.749936962127684,23.907537384033205,24.017758426152394,62.050541701766576,0.2805080905915496,0.08823130604104665,0.19227678455050293,25.157386124278,22.34248779997737,11.852234929251999,0.023135361508368108,0.012124774247452619,0.020896513652845394,0.05296450595301949,1
2019-09-12,25.31338882446289,25.460764686080203,24.967263562458708,25.384970926883756,33109000,23.872132968902587,23.916379852294924,24.141151797420058,63.68561825785676,0.34637112720082897,0.13985927027300313,0.20651185692782584,25.37380442328577,22.370461514519405,12.580957523480269,0.020520719520632783,0.008623780725904862,0.027237672727790763,0.03284992829239397,0
2019-09-13,24.44934463500977,25.0952750721496,23.907841457727677,25.06664158395936,62557000,23.96342239379883,23.92552562713623,24.170503496238126,53.73226333881994,0.325099370089891,0.1769072902363807,0.1481920798535103,25.36931284508778,22.55753194250988,11.733636608206362,0.02208896142626566,-0.034133880510621606,-0.013992561925176394,-0.005447172543711742,0
2019-09-16,24.309545516967773,24.445132929063305,24.06026906134358,24.15290624406116,22176000,24.026078319549562,23.935631408691407,24.18374559345047,52.30781130200718,0.2935765609986021,0.20024114438882498,0.0933354166097771,25.375247328981402,22.676909310117722,11.230871651109595,0.021898280003050576,-0.005717908603644628,-0.03137482392886348,-0.01349909587026088,1
2019-09-17,24.323862075805664,24.36344394290289,23.896049588225853,24.25564832894997,21912000,24.068396377563477,23.958992652893066,24.19709002034144,52.44684208007256,0.2666756632873799,0.213528048168536,0.053147615118843916,25.39905085688268,22.737741898244273,11.057275760670436,0.021599426980383668,0.0005889274576482695,-0.039091042116847885,-0.019053095799231423,0
2019-09-18,24.232072830200195,24.486402678719287,23.907002548240737,24.29523484935874,16510000,24.09942979812622,23.979558181762695,24.200421716518466,51.412018780399954,0.23523820345635826,0.21787007922610047,0.017368124230257798,25.414868400549828,22.78399119570261,10.91676121337847,0.021617771658937655,-0.003773629587250804,-0.00888661058417306,-0.03446175925674,1
2019-09-19,24.476289749145508,24.58661202915897,24.189116430585088,24.2960703488562,19421000,24.112651443481447,24.006742782592774,24.226694862482944,54.01194218913827,0.22740862927719263,0.2197777892363189,0.007630840040873721,25.437625475535793,22.7876774114271,10.989865922957518,0.020987537772543228,0.010078251276999683,0.006859208127167449,-0.03306941955193332,0
2019-09-20,24.15928077697754,24.51113933399156,23.95190380052857,24.449096614162038,35524000,24.10951747894287,24.024959716796875,24.220274473387192,50.25293126207282,0.19339433116584814,0.21450109762222477,-0.02110676645637663,25.433738790719733,22.785296167166006,10.985050305825753,0.021210577359118743,-0.012951675904189552,-0.006766248645679873,-0.011863870478429073,1
2019-09-23,24.261266708374023,24.40574990250823,23.97400080895488,24.10488495546607,14850000,24.176707363128664,24.029501876831056,24.22417849576689,51.42420157960769,0.17267665815678512,0.20613620972913685,-0.033459551572351726,25.383319903536947,22.97009482272038,9.981611824019181,0.016993113871973217,0.004221397662370396,0.0012047619028878742,-0.001986002106047269,0
2019-09-24,23.993555068969727,24.553638524783494,23.775979979542907,24.41935498842586,20292000,24.209078884124757,24.023720932006835,24.202214359881445,48.21509362792226,0.13312112364555873,0.19153319251242124,-0.05841206886686251,25.358190534387383,23.05996723386213,9.493229013485202,0.016846224591611118,-0.011034528519151654,-0.01972254312738042,-0.01357954611839729,0
2019-09-25,23.43771171569824,23.560098274489896,22.94731928879556,23.096051265392745,55588000,24.22060594558716,24.013914108276367,24.12940458424495,42.31115903030004,0.05627249009350521,0.16448105202863805,-0.10820856193513284,25.333333884674055,23.107878006500265,9.188274988550623,0.01766696979263596,-0.023166360786207374,-0.02986715821304231,-0.03278139348904363,1
2019-09-26,23.53460121154785,23.683333191570767,23.17509291577017,23.39436681233453,27477000,24.234914302825928,24.004445037841798,24.072756643988082,43.60741126380656,0.0031512413658703053,0.13221508989608452,-0.12906384853021421,25.303764814689174,23.16606379096268,8.820749258755269,0.017682783748527123,0.004133914480427547,-0.02995167175567781,-0.03847350016072315,0
2019-09-27,23.29918098449707,23.90601077384745,23.198892660590182,23.510806758094777,28660000,24.20667085647583,23.982351303100586,23.99908277165561,41.185839266621606,-0.05728384331499825,0.09431530325386797,-0.15159914656886622,25.341070229236013,23.07227148371565,9.37261781668506,0.0167469791221777,-0.01000315343925462,-0.028940025039085326,-0.03560121679202044,1
2019-09-30,23.46320533752441,23.518449328477963,23.15979053571783,23.439408225308732,19826000,24.189702320098878,23.96316749572754,23.948046825547877,43.538393030085594,-0.09089589752928262,0.057273063097237856,-0.14816896062652046,25.357435118086592,23.021969522111164,9.654792626509186,0.016839051750443014,0.007039919263105432,0.0010877180390054253,-0.03289446426860121,0
2019-10-01,23.359519958496094,23.76747188274366,23.23458348616585,23.65018517767901,19429000,24.20372018814087,23.931551475524902,23.89199664773342,42.384259333790524,-0.12446547568200117,0.020925355341390055,-0.14539083102339123,25.323539254185526,23.083901122096215,9.25328054811454,0.015355265947193173,-0.004419062849119526,-0.007439312503236706,-0.026425225801307572,0
2019-10-02,22.953269958496094,23.270282256845444,22.804537972887896,23.241386914682327,19543000,24.15965509414673,23.884012184143067,23.802594105901292,38.120410211771464,-0.18175542465428052,-0.019610800657744062,-0.16214462399653645,25.397273316855014,22.922036871438443,10.245330224173015,0.013873823826350364,-0.017391196425346145,-0.014846488648297962,-0.02066932826371748,1
2019-10-03,23.32383346557617,23.32978274654952,22.711054283206224,22.947326653894944,17096000,24.100432109832763,23.838847999572753,23.756997854441757,43.68549118949973,-0.1950088037725628,-0.05469040128070781,-0.14031840249185498,25.378352012485543,22.822512207179983,10.604954274918581,0.012707365807670488,0.016144257778962334,-0.005940018422178062,-0.00895565402095122,1
2019-10-04,23.91875457763672,23.941702259150563,23.38926714046878,23.66888486666297,25884000,24.06720714569092,23.811275329589844,23.7724032566508,51.26357112527256,-0.155712088401458,-0.07489473870485786,-0.08081734969660015,25.32762043552476,22.806793855857077,10.474113445768145,0.014126696677313862,0.025507003938207706,0.023940330115269637,0.0265920760713394,0
2019-10-07,23.46405601501465,23.883906477981025,23.43175970085902,23.798066658501885,18658000,24.008300304412842,23.773716011047362,23.743036852685453,46.15174692472353,-0.15942181681387524,-0.09180015432666133,-0.06762166248721391,25.26583684257585,22.750763766249833,10.47584812100895,0.014635732556818914,-0.019010127017532907,0.022253302359191318,3.625580895705305e-05,0
2019-10-08,22.975366592407227,23.36377021652996,22.85468052354921,23.29237886845937,22757000,23.9172532081604,23.725001716613768,23.66992539932562,41.37631258325601,-0.1994952979510991,-0.11333918305154889,-0.08615611489955022,25.196877712374757,22.637628703946042,10.70043029671784,0.015045376577525969,-0.020827150356899526,-0.014940377347627987,-0.016445259439038518,1
2019-10-09,23.215038299560547,23.36461970892417,23.11899878032709,23.260082609138404,16329000,23.823157215118407,23.684752616882324,23.626602818395614,44.41410338456596,-0.20949933875064275,-0.13257121419136766,-0.07692812455927509,25.01576069023647,22.630553740000344,10.012136211410507,0.01495615885488301,0.010431681522441005,-0.029421108686575326,0.011404403012633013,1
2019-10-10,23.325523376464844,23.693530842426885,23.2575313884426,23.334872011396165,17340000,23.723763942718506,23.662831993103026,23.59792858583078,45.80819051991621,-0.20613618123369903,-0.14728420759983396,-0.05885197363386507,24.717824703460508,22.729703181976504,8.380295497309628,0.014811697933447254,0.00475920287008047,-0.00590403630391767,7.245425119206672e-05,1
2019-10-11,23.87456321716309,24.14398291403598,23.71988194474665,23.753877134055443,23697000,23.69502487182617,23.659724197387696,23.624274741195762,52.22098624521284,-0.15735404852245694,-0.14929817578435856,-0.00805587273809838,24.635294873098882,22.75475487055346,7.9364339675432065,0.01423411980976198,0.023538157401099102,0.03913742229701889,-0.001847561098141215,1
2019-10-14,23.93830680847168,24.022446159674303,23.78702489046377,23.832918639922333,13312000,23.676462936401368,23.669361343383787,23.654182557126802,52.91759628902434,-0.11225626149589729,-0.1418897929266663,0.029633531430769022,24.581470996578222,22.771454876224514,7.644791053527255,0.014214223132478587,0.0026699374865533088,0.031155171901001033,0.020211799407295894,1
2019-10-15,24.67431640625,24.699814010452283,23.98419681465456,24.021592976606524,21230000,23.693985652923583,23.71202705383301,23.7513381618052,60.143375668173455,-0.01693094748997126,-0.1168980238393273,0.09996707634935605,24.659971463857318,22.72799984198985,8.153848196616444,0.01585949176502041,0.030746100953048527,0.05782477023199717,0.07394658130957676,0
2019-10-16,24.5179386138916,24.655623105058403,24.35305764649821,24.56213349565625,20046000,23.708278942108155,23.75362018585205,23.82434772867057,58.10304187104775,0.0454724911298392,-0.08442392084549402,0.12989641197533322,24.713357809048528,22.703200075167782,8.478716396028709,0.015908990129312014,-0.006337674762036727,0.026948153600816482,0.05612311715874774,1
2019-10-17,24.59868049621582,24.79245680985503,24.504341451831674,24.65902272915546,13125000,23.71439847946167,23.79074775695801,23.898093706532023,58.87873223128565,0.10028681694467423,-0.047481773287460366,0.1477685902321346,24.739400235258554,22.68939672366479,8.644552014967664,0.01577036182377442,0.0032931758087717533,0.027586482746158048,0.05458214588383359,0
2019-10-18,24.369203567504883,24.642020971693213,24.13718006202121,24.604626429459195,16981000,23.72489461898804,23.82171943664551,23.942961312338962,55.72117652232563,0.12378379223639868,-0.013228660182688555,0.13701245241908724,24.771965682738596,22.67782355523748,8.82677104000742,0.015629503649890554,-0.009328830818638445,-0.012365604530702679,0.02071829946552506,1
2019-10-21,24.61057472229004,24.80860141301753,24.39724849647232,24.51453520582256,13031000,23.742360019683836,23.84951805114746,24.00654354185811,58.256935232404295,0.16003714086962617,0.021424500027774386,0.1386126408418518,24.8352847641564,22.649435275211275,9.206538385960467,0.01575099432659034,0.009904761725861855,0.0037782992223478473,0.02808335272820739,0
2019-10-22,24.43124771118164,24.720214101842533,24.41255043897011,24.61227601703201,13046000,23.764244651794435,23.873881607055665,24.04699155798416,55.704542552480994,0.1723116878771016,0.051601937597639834,0.12070975027946176,24.893342614033422,22.635146689555448,9.502494009661097,0.015624160459761095,-0.007286583638616895,-0.00680657586734934,-0.00985108122415057,0
2019-10-23,23.82441711425781,24.09808557958625,23.69183248254287,24.048790856997403,20957000,23.783579921722414,23.872533111572267,24.02579399191498,48.0350817151895,0.13155669346593513,0.0675928887712989,0.06396380469463622,24.902850305077635,22.664309538367192,9.41212708128057,0.0157642246560589,-0.024838297417208777,-0.022355529664232376,-0.028286289094502037,1
2019-10-24,23.993555068969727,24.094692843555396,23.6867407666732,24.04284818404588,16896000,23.806527614593506,23.89501483917236,24.022723618301146,50.09739995946083,0.1116194071269021,0.07639819244241955,0.035221214684482555,24.92325481381988,22.68980041536713,9.381689067008802,0.015809763117459734,0.0070993533189400715,-0.02507132240034493,-0.02459991410267648,1
2019-10-25,24.631824493408203,24.763558075704143,24.070890113093864,24.07428946978409,20869000,23.87315979003906,23.935180206298828,24.080733225454196,57.02810738966348,0.14564308949879745,0.09024717185369513,0.05539591764510232,25.019485711099808,22.726833868978314,9.603470434098503,0.016559643394817053,0.026601702940800775,0.008209846038062185,0.010776754569587599,1
2019-10-28,24.77885627746582,24.8578957741624,24.504338381570125,24.74570890414346,12999000,23.93894233703613,23.969628791809082,24.147221135169588,58.45937004617113,0.18236910160104713,0.10867155780316554,0.0736975437978816,25.133596445210625,22.744288228861638,9.980842857257183,0.016547331371752207,0.0059691795911003265,0.040061385704871055,0.006837774293152465,0
2019-10-29,24.49073982238769,24.961585560725187,24.4830900543016,24.840899486505727,13272000,23.99550333023071,23.98989356994629,24.17993720061893,54.620263473048105,0.18608111350852852,0.12415346894423815,0.06192764456429037,25.182159088566305,22.808847571895118,9.890651110790298,0.01679096397219289,-0.011627512256897177,0.020721595944777738,0.0024350828049941597,1
2019-10-30,24.667516708374023,24.72955941717048,24.351353885754506,24.64796838382731,17281000,24.08121566772461,24.011015815734865,24.22637334421465,56.50752572059888,0.2009706623066485,0.13951690761672023,0.06145375468992828,25.2000703434737,22.96236099197552,9.292343801801179,0.016145833326027544,0.007218111305267172,0.0014490284702772804,0.03538804706418852,1
2019-10-31,24.889339447021484,24.993878156674207,24.460140348565908,24.630119499385525,27881000,24.159490966796874,24.024565467834474,24.289512973053398,58.82173985730002,0.22804126046159467,0.15722177818569513,0.07081948227589954,25.274486457448273,23.044495476145475,9.23028959661254,0.01593426039092508,0.008992503836924737,0.004458767923688933,0.03733437481343693,1
2019-11-01,25.20720672607422,25.20720672607422,24.82475073947404,24.90124193679408,21234000,24.22391357421875,24.044270401000976,24.376912378103,61.94644543108116,0.2720085916987429,0.1801791408883047,0.09182945081043822,25.421646731236315,23.026180417201182,9.888849325257674,0.015242657569674497,0.012771221981576986,0.02925460434770466,0.02335930222383631,1
2019-11-04,25.921972274780277,25.961067306352888,25.42053071420652,25.45622638925852,34075000,24.34680938720703,24.104360466003417,24.52406093969131,67.85357229923065,0.36037445234600796,0.21621820317984536,0.1441562491661626,25.701562191254204,22.992056583159858,11.128791313074679,0.015365097835729237,0.028355603081031022,0.050854554239762484,0.046132718335108125,1
2019-11-05,26.690284729003903,26.923157695886168,25.87693064440952,25.92197495982323,38711000,24.532555294036865,24.17124366760254,24.73036796724489,72.75025970544768,0.4867900152715805,0.2703325655981924,0.2164574496733881,26.088046618377135,22.977063969696594,12.681037957088506,0.01502232191255172,0.029639428901446774,0.07235809876818311,0.08981128877966937,0
2019-11-06,26.615493774414062,26.71068225022005,26.23728817302879,26.52200416650053,18076000,24.70257806777954,24.239410133361815,24.90990375840386,71.60680272192572,0.5743198529209543,0.3311300230627448,0.24318982985820953,26.383196591476594,23.02195954408249,13.60682693997145,0.015182952803457802,-0.0028021789707086686,0.05586842936004954,0.07896932184417049,0
2019-11-07,26.494808197021484,27.15433206869706,26.402169642341004,26.82117077595226,23981000,24.861042308807374,24.304337615966798,25.060847038272207,69.70297529400256,0.6267250659548615,0.3902490316411682,0.23647603431369335,26.589393199718618,23.13269141789613,13.90409033895535,0.015394814789573807,-0.004534410611182982,0.022098469829725298,0.06450427314141227,1
2019-11-08,26.63673591613769,26.652884884394595,25.9330189305924,26.335871008434037,17830000,24.999150943756103,24.35979133605957,25.210931693307014,70.68990683724559,0.6719629846322377,0.4465918222393821,0.2253711623928556,26.82860173011155,23.169700157400655,14.636103365841546,0.014863529498230235,0.0053568124766483205,-0.0020063035449007227,0.05671113049526322,0
2019-11-11,26.580644607543945,26.62228956113044,26.418313583519105,26.448911033847835,9154000,25.131267833709718,24.41535270690918,25.34138054228196,69.72323819722013,0.6952735802365808,0.4963281738388219,0.19894540639775893,27.01600046066221,23.246535206757226,14.999105014705332,0.014951066642198713,-0.0021057876149068733,-0.0013093563908860295,0.025409807779344762,1
2019-11-12,26.81691551208496,26.890856779870216,26.62398866879628,26.686880812839963,16875000,25.238397789001464,24.490107765197752,25.4819076822632,71.49168164257487,0.7244613431921287,0.5419548077094833,0.1825065354826454,27.24658863240427,23.23020694559866,15.913774401938824,0.013747760247274808,0.008888832758930043,0.012157374858810632,0.004744452311647773,0
2019-11-13,26.65884017944336,26.832218732017832,26.516906894580607,26.55770079920817,12625000,25.345442867279054,24.546593132019044,25.593996491518453,68.60450771197799,0.7264632808731619,0.5788565023422191,0.14760677853094284,27.415881202681945,23.275004531876164,16.33775622895763,0.013730127565543855,-0.005894612770449559,0.000829841290436617,0.0016286154747564563,0
2019-11-14,26.259382247924805,26.503304314500543,26.016311236269622,26.410665770604357,17268000,25.4284779548645,24.58161491394043,25.657366563557154,61.811271159965024,0.6878873767599742,0.6006626772257702,0.08722469953420409,27.505654362432338,23.351301547296664,16.337402586618207,0.014391832130115524,-0.014984070155706797,-0.012086326887947751,-0.008885738947268407,1
2019-11-15,26.59424591064453,26.606993903746435,26.353723183215504,26.539851339366,18120000,25.539730072021484,24.621834754943848,25.746593168041667,64.94496224707447,0.6765376884921253,0.6158376794790412,0.06070000901308403,27.616396687939954,23.463063456103015,16.262244041439082,0.014212241474821107,0.012752153099343744,-0.008303326359069274,-0.0015951656249074686,0
2019-11-18,26.437864303588867,26.63674045397829,26.17949373591716,26.50160589051992,15850000,25.631094551086427,24.657748184204102,25.812428514284257,62.37097810737919,0.6474607653434532,0.6221622966519237,0.02529846869152952,27.69696421017113,23.565224892001723,16.12002682887484,0.014332557577395768,-0.005880279801168231,-0.008289028118518282,-0.005371589217010753,1
2019-11-19,27.00134658813477,27.678718222290343,26.91210740051537,26.91210740051537,31743000,25.759599494934083,24.701848945617677,25.925658807031922,67.38670974373073,0.6622513836911068,0.6301801140597604,0.03207126963134643,27.83067530405231,23.688523685815856,16.080031131893392,0.01460449807107449,0.02131345702040721,0.028255209250727775,0.006877415710494272,0
2019-11-20,26.48886108398437,26.927410582006196,26.261937376042702,26.848369448488118,19927000,25.89282169342041,24.729687004089357,25.97929711912263,59.60492029327083,0.625410416154434,0.6292261744786951,-0.003815758324261065,27.7837846000353,24.001858786805517,14.606078310077745,0.01401914852503017,-0.01897999799667771,-0.003962692795059786,-0.006376087418463849,1
2019-11-21,26.79312515258789,26.831370757365345,26.32992910408642,26.443816484395832,19317000,26.03280019760132,24.759281730651857,26.05680455088123,62.382395115520794,0.6136910035723702,0.6261191402974302,-0.012428136725060046,27.7468688395261,24.318731555676536,13.168530691390767,0.014081199884945416,0.011486491157125744,0.013437577442698245,0.020325798208953083,0
2019-11-22,26.765077590942383,27.15263184002923,26.66223934349777,26.9112596656884,13216000,26.139462852478026,24.805596389770507,26.124259126125146,61.95947483106945,0.5952780856224251,0.6199509293624292,-0.024672843740004113,27.754152628521794,24.524773076434258,12.354422010555547,0.01324604013891123,-0.0010468193421176997,-0.008750267192089267,0.00642363317507999,1
2019-11-25,27.16452407836914,27.212119927619074,26.879808142983368,26.90870348077432,19636000,26.258746242523195,24.862695960998536,26.223331978719813,65.54233974291849,0.6059328915176536,0.6171473217934741,-0.011214430275820475,27.804776325435355,24.712716159611034,11.775353389938568,0.013457079654340422,0.01492416698847654,0.02550743847546122,0.027485570182067764,0
2019-11-26,26.87981414794922,27.212126006823585,26.86111525336971,27.11183606222449,30793000,26.378199958801268,24.913815002441407,26.285854090074995,61.12338058177485,0.5846635524958863,0.6106505679339566,-0.02598701543807025,27.71427929186529,25.042120625737248,10.130178216487653,0.013386152721399036,-0.01048094675240907,0.003235493988388072,-0.004500977008271012,1
2019-11-27,27.06423759460449,27.19172237454768,26.8968067298558,27.02174320830908,20182000,26.498036003112794,24.970458297729493,26.359985852411135,62.86970393447921,0.5760485498331427,0.6037301643137938,-0.027681614480651096,27.61001953044811,25.38605247577748,8.392950535690174,0.013382924659827121,0.006861038757194793,0.011177251500415819,0.021721451473351472,0
2019-11-29,26.874711990356445,27.0089954924843,26.771873752715184,26.929104938319288,9229000,26.59730463027954,25.01842674255371,26.409007389358308,59.89226185177335,0.547615396412823,0.5925072107335996,-0.0448918143207766,27.438664459166088,25.755944801392996,6.3266548289912405,0.01359121277813922,-0.007002805956958791,-0.010668771047731007,0.003045066124385043,0
2019-12-02,26.40811920166016,27.02089665391329,26.394520152831017,27.00304881416972,23158000,26.657350254058837,25.063403511047362,26.408922800053723,53.21100477327527,0.48187700080104534,0.5703811687470888,-0.08850416794604343,27.21783954258181,26.096860965535864,4.205138794225306,0.014215605478551064,-0.01736177819742646,-0.017548296416515452,-0.013336721631736381,0
2019-12-03,26.051156997680664,26.26193168701217,25.763040059649345,25.991664207186165,18736000,26.663809490203857,25.099201316833497,26.374849866494387,48.73210320024721,0.39640546659058984,0.535586028315789,-0.13918056172519921,27.19231611642229,26.135302863985423,3.9642244399668716,0.01324603736324275,-0.01351713846993896,-0.03743244543218882,-0.040986069826823845,1
2019-12-04,26.32312774658203,26.46336053597985,26.103002777445205,26.32567766945212,14439000,26.645451641082765,25.145792770385743,26.36992395031226,52.04414881114332,0.3466188204225027,0.4977925867371318,-0.1511737663146291,27.19412625676397,26.09677702540156,4.118336015256284,0.011604193746954707,0.010439872168655828,-0.02052428483595814,-0.020710202767888597,1
2019-12-05,26.44805908203125,26.55599715678879,26.267030793041258,26.397065494621955,15494000,26.637079906463622,25.2059997177124,26.377365391428356,53.52927754362635,0.31362814923920723,0.4609596992375469,-0.1473315499983397,27.1923967168066,26.081763096120646,4.16950215483812,0.011652421754166736,0.004746067285466893,0.0015124091218348124,-0.022767259207629786,1
2019-12-06,26.86111259460449,26.88576076659749,26.522002055480044,26.74127757543906,16937000,26.655395126342775,25.272529945373535,26.423436553635607,58.14451926201767,0.317156785078776,0.4321991164057928,-0.1150423313270168,27.21488136562147,26.09590888706408,4.197921183511325,0.012124262339719702,0.015617535914152159,0.03109096448176696,-0.0005060294509141583,0
2019-12-09,26.71917533874512,26.95459817254996,26.68177917992558,26.85685979621347,24694000,26.659517097473145,25.340929832458496,26.45160215221747,56.08330382999506,0.304984433373658,0.40675617979936585,-0.10177174642570785,27.219607125265053,26.099427069681237,4.20180174865204,0.01214522658406893,-0.005284116782559467,0.015045612967270472,0.011778806915768714,1
2019-12-10,26.776973724365234,26.84921451069295,26.62314189465168,26.780373080996803,14563000,26.66933355331421,25.407205200195314,26.482589920993444,56.7555814445025,0.2965827819347986,0.3847215002264524,-0.08813871829165382,27.230431072393976,26.108236034234444,4.207810577329092,0.01213962746302167,0.002163179996663267,0.012436248774014835,0.02786120888025012,1
2019-12-11,27.173025131225582,27.31155741426822,26.787169813574952,26.787169813574952,20829000,26.68713903427124,25.483475303649904,26.548345655301265,61.14481332300994,0.3182142751503676,0.37142005521123544,-0.05320578006086785,27.287095065601765,26.087183002940716,4.4962184261120655,0.01242426215651888,0.014790745621114265,0.011612048291839816,0.032287097218297145,1
2019-12-12,27.8597412109375,28.06031780859001,27.14837610575325,27.173872086808103,38935000,26.747184085845948,25.581604728698732,26.673240470123766,67.33557181757095,0.3863164226307454,0.3743993286951375,0.011917093935607914,27.5348163696961,25.959551801995797,5.889459475974889,0.013460556775794398,0.02527197749958221,0.04268716596722433,0.05337564183926613,0
2019-12-13,26.807567596435547,27.1772739452834,26.39961565142709,27.03194132829589,70952000,26.774593353271484,25.65127941131592,26.686033529772505,53.318235221510555,0.35133626211942826,0.36978671537999563,-0.01845045326056738,27.529906963538217,26.019279743004752,5.642017417787923,0.015766073974619804,-0.03776681220889733,0.0011425440524099884,-0.0019934020968177535,1
2019-12-16,27.462841033935547,27.842745453022008,26.98689709672804,27.024293259164267,37921000,26.818023109436034,25.722161140441894,26.760015196835653,59.03735025261746,0.37219884633854505,0.37026914157170554,0.0019297047668395129,27.624984080578745,26.011062138293322,6.018049636617538,0.01642191447407565,0.02444359918678818,0.010665573719170762,0.027832658971029156,1
2019-12-17,27.5197868347168,27.617523604111213,27.345555627019063,27.51468698935564,20248000,26.872119235992432,25.803275756835937,26.83237440044338,59.501696796735914,0.388845278523096,0.37398436896198367,0.014860909561112357,27.71418263444015,26.030055837544715,6.267190101775523,0.016323756351558798,0.002073558256805441,-0.012202352263316674,0.027740741653552003,1
2019-12-18,27.82914924621582,28.148711455944547,27.49853791193344,27.570778696353784,35155000,26.913509368896484,25.90035140991211,26.927305338135994,62.02049839544902,0.42213455276421286,0.3836144057224295,0.03852014704178336,27.852689618360532,25.974329119432436,6.9792477568863145,0.015849404176955857,0.011241453771319021,0.038107957617016686,0.024146156411428032,0
2019-12-19,27.545286178588867,27.983834027761432,27.512138800756,27.979586857870878,31787000,26.96633062362671,25.986956367492677,26.98616065627436,58.42949904734145,0.4207608955325739,0.3910437036844584,0.0297171918481155,27.922710441196855,26.009950806056565,7.09314018965715,0.015362598555747188,-0.010200206449557658,0.0030020617514205927,-0.011287076572885746,0
2019-12-20,27.386459350585938,27.68436396146037,27.207031136056223,27.68436396146037,50540000,26.99599733352661,26.0681750869751,27.024284341446894,56.459715902102324,0.40221972600290457,0.39327890814814764,0.008940817854756922,27.965761997326073,26.026232669727147,7.184507035012203,0.015290224193650868,-0.005766025699394883,-0.004844786223513475,0.021594340928841493,1
2019-12-23,27.431961059570312,27.67234601459078,27.26712767359992,27.518672036996733,20254000,27.02934150695801,26.139323043823243,27.063110695553885,56.907916341369656,0.3867392340567335,0.39197097332986486,-0.005231739273131364,28.010842528928407,26.04784048498761,7.262485634122728,0.015281200158406377,0.0016614673843700078,-0.014272379767395038,-0.0011244275247078717,1
2019-12-24,27.515233993530277,27.530688503617256,27.38731590988065,27.47230916545015,7024000,27.046877002716066,26.210861587524413,27.10617005726592,57.76478947077592,0.37684621391273154,0.3889460214464382,-0.012099807533706652,28.049711843485884,26.044042161946248,7.415531491263208,0.01495278590363216,0.003035617241477162,-0.001091010086580635,-0.00016543882457620285,0
2019-12-26,27.29889488220215,27.621694095096533,27.19930677611176,27.58134337474599,15848000,27.06783103942871,26.263353157043458,27.124524802497945,54.72050664372629,0.34754290760948336,0.38066539867904725,-0.033122491069563886,28.073336899218283,26.06232517963914,7.429526646038902,0.01486046981138594,-0.007862521226568386,-0.0031973636045039555,-0.019053919303184452,0
2019-12-27,27.17440795898437,27.416507345408277,27.06194274069838,27.412215517314632,14487000,27.073339557647706,26.316482543945312,27.129275579306178,52.989938929788856,0.31069329303988624,0.3666709775512151,-0.05597768451132884,28.079912855707292,26.06676625958812,7.435900516936762,0.014837932212845462,-0.00456014515440839,-0.009388796521934695,-0.013464308092496102,0
2019-12-30,26.91084861755371,27.243091161616533,26.84989351820508,27.173552405295823,13104000,27.075146389007568,26.36272590637207,27.10847301152023,49.42597655826987,0.2572571712767626,0.3447882162963246,-0.08753104501956199,28.080415917459124,26.06987686055601,7.425773541595277,0.014919867095386338,-0.009698807121334974,-0.021965481962416766,-0.01736663826980067,1
2019-12-31,27.13062286376953,27.15981253410032,26.854183946163555,26.881655902807765,12487000,27.111271572113036,26.417954292297363,27.11058252125826,52.3065659302989,0.22999140695789322,0.32182885442863834,-0.09183744747074513,28.068860828283906,26.153682315942167,7.064141227192436,0.014424528424639212,0.008166752722634785,-0.006164059723249959,-0.010984930867552811,1
2020-01-02,27.677490234375,27.68693520256151,27.242227521378958,27.41392846262948,20329000,27.192588233947752,26.47929260253906,27.164573732031283,58.62212659025602,0.24963310371410685,0.3073897042857321,-0.05775660057162524,28.04691821591027,26.338258251985234,6.283550316081763,0.014550312245643123,0.020156830654107782,0.018513090557481737,0.005896960239657689,0
2020-01-03,26.9735164642334,27.472310056606105,26.964073132747625,27.258540672384683,22870000,27.225107669830322,26.5301379776001,27.146377801764817,49.5297290012039,0.20601962402503915,0.2871156882335935,-0.08109606420855436,27.98934313320447,26.460872206456173,5.6141960769620125,0.01576294762868354,-0.025434884600456953,0.0023287205680615486,-0.011919105860248025,0
2020-01-06,26.93316650390625,26.95033709116742,26.582035690558808,26.686773652888206,20789000,27.249363040924074,26.592312965393067,27.126071963873525,49.060033921231906,0.16628291661833927,0.2629491339105427,-0.09666621729220343,27.940729498516017,26.55799658333213,5.074367841579448,0.015753746195578403,-0.0014959102711228356,-0.007277988450717254,-0.008877523861503755,0
2020-01-07,26.8404483795166,27.17870208066347,26.806966879650453,27.064519145897183,18565000,27.248329830169677,26.649250831604004,27.098869717744293,47.935143294125595,0.12585888902225406,0.235531084932885,-0.10967219591063093,27.942071761174795,26.55458789916456,5.091995988957812,0.015397169628993238,-0.0034425259419905707,-0.030242693530745268,-0.0026160541808848414,0
2020-01-08,26.50562858581543,26.9134210152172,26.477296953915317,26.86963651022487,31979000,27.237652492523193,26.686726913452148,27.042370562322496,44.01075108825578,0.06604408170417386,0.20163368428714276,-0.1355896025829689,27.969186481611843,26.506118503434543,5.371490728060782,0.015611336017678307,-0.012474448599625099,-0.017346195073911996,-0.02303648836565131,0
2020-01-09,26.29272079467773,26.87049818116283,26.017139881089665,26.812978508968552,42397000,27.213439846038817,26.717004203796385,26.970975346356326,41.67432492295705,0.0014438922707107338,0.16159572588385637,-0.16015183361314564,28.031321968000874,26.39555772407676,6.010869089606165,0.01569344262510385,-0.008032550159992713,-0.02377907213901609,-0.05003233414485708,0
2020-01-10,25.68833541870117,26.231771717883092,25.652276520612485,26.22318642190748,40705000,27.139205360412596,26.740956115722657,26.84881916277012,35.85525964464142,-0.09739832479660393,0.10979691574776433,-0.20719524054436828,28.193600999166236,26.084809721658957,7.770276430360523,0.015989517805942755,-0.022986794736697735,-0.042924505005463076,-0.047646032627461365,1
2020-01-13,25.856590270996094,26.081519023082624,25.726954492473595,25.757003832758382,22054000,27.03904781341553,26.764737586975098,26.754321173077354,38.43261155803229,-0.1603068163352539,0.055776169331160697,-0.2160829856664146,28.177823444206012,25.900272182625045,8.423193291780606,0.014768117194201428,0.0065498542257602654,-0.02448681089444793,-0.03997213742966377,1
2020-01-14,26.45755195617676,26.54082749979916,25.89179373738641,25.9269929486045,28911000,27.021547031402587,26.796101837158204,26.72605743813444,46.67424923970976,-0.15982727423477172,0.012655480617974217,-0.17248275485274595,28.18451551593884,25.858578546866333,8.607712083876855,0.013598115860198278,0.02324210883500677,0.006269079673656197,-0.014265649288931037,0
2020-01-15,26.02486038208008,26.431794748379104,25.815384476420537,26.382860380348134,22733000,26.949647998809816,26.81245491027832,26.659276766129263,42.28522692310622,-0.19214687793886043,-0.028304991093392715,-0.16384188684546772,28.17093690342112,25.728359094198513,9.06348687496949,0.012677312112162255,-0.016354180266313856,0.013100302448321388,-0.018138343792858835,1
2020-01-16,26.36054229736328,26.430081051310967,26.116725183244025,26.18454786084685,21508000,26.89168577194214,26.82122631072998,26.63082586434203,46.489255245558965,-0.1885007522378359,-0.06034414332228136,-0.12815660891555455,28.10926761995332,25.674103923930957,9.055451996107774,0.013111404442119612,0.012898509746255504,0.019490273894794408,0.0025794782980115283,1
2020-01-17,26.509923934936523,26.52280105797755,26.104707203473588,26.498762888312967,26896000,26.825724506378172,26.817619094848634,26.61931139487484,48.294231902518135,-0.17157946041793792,-0.08259120674141268,-0.08898825367652524,27.973976599477265,25.67747241327908,8.560828191805818,0.012870620119374456,0.005666865115600661,0.0019794718289321,0.0319829410058714,0
2020-01-21,26.44810676574707,26.57173302301721,26.29872626632025,26.42492827530151,21967000,26.770865535736085,26.81427135467529,26.603006192100764,47.579007127106834,-0.1612980007175402,-0.09833256553663819,-0.062965435180902,27.88055471485416,25.66117635661801,8.290274945625233,0.012737489472736584,-0.002331850115495304,0.01626315674524892,0.022876817420682594,1
2020-01-22,26.868776321411133,27.29373766607849,26.65672303061335,26.682478908690246,29264000,26.744981384277345,26.821750717163084,26.628317632987464,52.71140536282782,-0.11784688681705191,-0.10223542979272095,-0.015611457024330963,27.81962377711266,25.67033899144203,8.036217168332513,0.013305198673467283,0.01590546950637961,0.019280105026469263,0.01554279722914309,1
2020-01-23,27.442258834838867,27.455135954536416,26.684195374068118,27.05850462057662,30266000,26.74549627304077,26.83786117553711,26.7058358426876,58.654434045770685,-0.036713114036764694,-0.08913096664152971,0.05241785260476502,27.82146382171324,25.669528724368302,8.0459718353182,0.014200067658617676,0.02134382699709092,0.03516927857622609,0.054463249060685115,1
2020-01-24,27.81571578979492,28.466465649276454,27.538415556525106,28.37374513383074,55782000,26.760520362854002,26.86256259918213,26.811538694793057,62.00333252470918,0.0570630532267522,-0.059892162667873325,0.11695521589462553,27.8862992060718,25.634741519636204,8.413729090115003,0.014508018691970243,0.013608827072279395,0.05170914637334412,0.055202714573030276,0
2020-01-27,26.53052520751953,27.46200908537621,26.497043709047105,27.16410611408009,38843000,26.722101879119872,26.85683479309082,26.784775505528913,47.688193296905254,0.027361792488434844,-0.04244137163661169,0.06980316412504653,27.823956776075853,25.62024698216389,8.246768176697573,0.017841345764370256,-0.04620375732868609,-0.012589003304257496,0.000777115492053726,1
2020-01-28,27.327220916748047,27.406204632104544,26.85160746087841,26.916854379549395,23166000,26.729742527008057,26.870202407836913,26.836436973264068,54.67429270230241,0.06733383233290269,-0.020486330842708816,0.0878201631756115,27.846061633674605,25.61342342034151,8.352636435151636,0.019135568823443975,0.030029398325017276,-0.004191998872365987,0.03323920909679323,0
2020-01-29,27.25853729248047,27.938476724875013,27.226773512101143,27.542705064778023,23668000,26.747126960754393,26.890185508728027,26.87663700366563,54.00469802570201,0.0924045848924564,0.0020918523043242272,0.09031273258813217,27.884810735515085,25.6094431859937,8.506960590047642,0.01900187066450319,-0.0025133775760375343,-0.020031068102833727,0.014506093109969642,0
2020-01-30,27.060226440429688,27.087698397442644,26.49275048748074,26.984676511797414,21128000,26.743607139587404,26.89950511932373,26.89412171192887,52.023594658453895,0.09517419958443796,0.020708321760346975,0.07446587782409098,27.876950534193934,25.610263744980873,8.475621023679274,0.019001146748072628,-0.007275183181068456,0.019965727356201057,-0.013921317363429941,0
2020-01-31,26.198278427124023,27.00699394956444,26.066066893535105,26.97093670517029,22123000,26.669646549224854,26.894713401794434,26.827850922899838,44.39972968266944,0.0275001336852867,0.02206668414533492,0.005433449539951778,27.740924164211993,25.598368934237715,8.03368438355457,0.019651359774466047,-0.03185294902107172,-0.04131201240928706,-0.058148327905489405,1
2020-02-03,26.20429039001465,26.32190546415139,26.06778701648956,26.23862992416924,21288000,26.631185245513915,26.87877227783203,26.768464205482204,44.46086523638521,-0.02535466316961177,0.012582414682345585,-0.03793707785195735,27.711260486769575,25.551110004258256,8.111356902056029,0.018902536091915927,0.00022947931129713162,-0.038675842770061086,-0.012296583461997135,1
2020-02-04,26.751163482666016,27.00614163633416,26.583754344641072,26.76747603238436,22559000,26.622085094451904,26.884018325805663,26.766816517594947,49.86148230961779,-0.02285097054334173,0.005495737637208122,-0.02834670818054985,27.694871976908082,25.549298211995726,8.05937535433503,0.019539583470407587,0.020869601294746687,-0.011421299760519088,-0.021079985990415273,1
2020-02-05,27.24738311767578,27.45600101255491,27.11688926923771,27.25768448795792,24825000,26.642431831359865,26.89310348510742,26.812584765221693,54.212247769999024,0.018955494227800074,0.008187688955326513,0.010767805272473561,27.746007272856968,25.53885638986276,8.284344676060114,0.0199592081549308,0.0185494599265299,0.04004479506048697,-0.0004091993156127849,1
2020-02-06,27.44569396972656,27.462006517121743,26.976948122517907,27.372721437893706,22683000,26.68943510055542,26.906715812683107,26.872880879936442,55.86070174139717,0.06731349904994843,0.020012850974250897,0.04730064807569753,27.844573409505323,25.53429679160552,8.656146558350066,0.019747899905714933,0.0072781613997319194,0.04737405826432739,0.014244800580122119,0
2020-02-07,27.062803268432617,27.34525174274869,27.031895882771327,27.328082792356184,15883000,26.727939224243165,26.904681396484374,26.89096872645989,51.970289197262176,0.07388973179541836,0.030788227138484392,0.043101504656933964,27.878946849021986,25.576931599464345,8.612767449985945,0.01994838267388822,-0.013950847871301075,0.01164957875452921,0.032999299694957074,0
2020-02-10,26.974374771118164,27.008714307542917,26.639556512959675,26.817267011723157,19218000,26.792241191864015,26.906572608947755,26.89891215928449,51.08540143459153,0.07114587753051538,0.03885975721689059,0.03228612031362479,27.843083930523118,25.741398453204912,7.8443809992141444,0.019138244748146443,-0.0032675291039638843,-0.010019617127213665,0.029387721233503195,1
2020-02-11,27.486045837402344,27.540131713252237,27.12976515978978,27.1847107112322,15527000,26.873713970184326,26.91500877380371,26.95482965243857,55.77742691340196,0.10900242004614924,0.05288828978274232,0.05611413026340692,27.87316564738216,25.874262292986494,7.438135855034386,0.019470998831334487,0.018968783173874737,0.0014702440288190122,0.027471042716048943,1
2020-02-12,27.875812530517575,27.90929239327536,27.61224744444857,27.64744665846801,15310000,26.944626998901366,26.935030784606933,27.04254230749371,59.00345176524436,0.16851241126791905,0.07601311407977768,0.09249929718814137,28.014669598534713,25.87458439926802,7.942530432334255,0.01908267101028526,0.0141805298376112,0.030041576034116613,0.023063844704929615,0
2020-02-13,27.81313705444336,27.941056776046704,27.553868733906445,27.599367676359982,13857000,27.03404083251953,26.963131141662597,27.115932283393676,58.267368899649014,0.208216925828701,0.10245387642956236,0.10576304939913864,28.08031022798737,25.98777143705169,7.740384812981936,0.01859227993527012,-0.002248382033908425,0.031094781267118288,0.013388004876907056,0
2020-02-14,27.28086471557617,27.9616623191096,27.223343409493523,27.88783173812991,19137000,27.080056953430176,26.987725296020507,27.13164013407772,52.300135282410636,0.1944911375455689,0.12086132865276368,0.07362980889280522,28.08388665255045,26.076227254309902,7.413793116067439,0.019112166197507684,-0.01913744349748414,-0.007464919582829577,0.008057607520574495,0
2020-02-18,26.67819023132324,27.043914245833523,26.4463922136912,27.04305620770612,26693000,27.088470268249512,26.99482654571533,27.088454429053485,46.494107145449604,0.13344429456230245,0.12337792183467144,0.010066372727631001,28.075729084408152,26.101211452090872,7.289144099922168,0.01981849129849341,-0.022091472925666822,-0.04296277634537882,-0.010980218904352634,1
2020-02-19,27.102293014526367,27.20016339573177,26.759747499046096,26.871353039908698,20525000,27.121179580688477,27.007911224365234,27.089772389574712,50.646225261684194,0.11792639977894481,0.12228761742352612,-0.0043612176445813056,28.063742843391584,26.17861631798537,6.950754187507798,0.020098372776180318,0.015896984747682863,-0.02555785197928362,-0.01396173262411482,0
2020-02-20,26.54855155944824,27.102290662639877,26.28069631964921,26.953768208763115,25521000,27.105168342590332,27.00166000366211,27.038227548610287,45.663593752554036,0.060251506882284644,0.10988039531527784,-0.04962888843299319,28.074827640642447,26.135509044538217,7.154792663866171,0.02036030299296987,-0.020431535249852528,-0.026843473026344822,-0.04761335547138912,0
2020-02-21,26.141620635986328,26.56658201425661,25.951889418681358,26.48502418344648,24522000,27.040136432647706,26.990108909606935,26.95283641407467,42.36508169628106,-0.018083727963997376,0.0842875706594228,-0.10237129862342018,28.08238467258063,25.997888192714782,7.708897789986997,0.019946029471498875,-0.015327801313404943,-0.02011266846380444,-0.06009809016455392,0
2020-02-24,25.03414535522461,25.65227181477525,24.901935423904803,25.25735809720949,36849000,26.90105791091919,26.95525234222412,26.77010393227943,34.9629882552165,-0.16759701153151596,0.03391065422123504,-0.201507665752751,28.202367030810446,25.59974879102793,9.674780257344851,0.021474335035853435,-0.042364446190347405,-0.07630895504647028,-0.08235513733803246,0
2020-02-25,24.268356323242188,25.38871194801709,24.13013683893177,25.24963278796608,31892000,26.78794946670532,26.897158966064453,26.531842255228263,30.937721844720215,-0.3439156948091515,-0.041654615584842264,-0.3022610792243092,28.520287764497038,25.055611168913604,12.933713347076722,0.02014124581073872,-0.03058978132131851,-0.08588774536720678,-0.09032973703184821,1
2020-02-26,24.54307746887207,24.742252042711023,24.381677863125283,24.41172557496764,23074000,26.648742294311525,26.830825691223144,26.342436085099102,33.878721396857074,-0.45622276900993697,-0.12456824626986121,-0.3316545227400758,28.616789231906594,24.680695356716456,14.770280081962225,0.018858874279262233,0.011320138124343293,-0.06114935219103124,-0.09442800814981234,0
2020-02-27,23.51887321472168,24.494139941833275,23.48367400323932,24.06402706122066,34837000,26.461759090423584,26.765051803588868,26.073525335539347,28.93205609507649,-0.6207164255494995,-0.22379788212578888,-0.3969185434237106,28.83203417520777,24.091484005639398,17.914720458943187,0.02053087912188832,-0.04173088136356928,-0.06052821532358377,-0.11411840446144195,0
2020-02-28,23.404687881469727,23.5343236689759,22.556481290611707,22.60713336992315,44586000,26.278982162475586,26.68388874053955,25.819350339913672,28.433601257326416,-0.7516283320373525,-0.32936397210810164,-0.4222643599292508,28.977514837376244,23.580449487574928,20.537573778287047,0.02053722576162128,-0.004855051184190162,-0.03558825452654624,-0.10469636877634758,1
2020-03-02,24.464948654174805,24.501865576876444,23.27848837410232,23.76011298295313,31976000,26.192315673828126,26.62279197692871,25.690359703176636,38.95107819852382,-0.7610498685623313,-0.4157011513989476,-0.34534871716338367,29.004587917362926,23.380043430293327,21.474025271808074,0.022755180769437274,0.045301213930928785,-0.0031833340703241175,-0.02273681377866621,0
2020-03-03,23.54463005065918,24.766289755232247,23.314549731021057,24.437481007436915,29930000,26.059332656860352,26.537101593017578,25.48600449817497,34.246422883660145,-0.8331742103530928,-0.49919576318977665,-0.33397844716331615,29.099095212325896,23.01957010139481,23.32955026509705,0.02399741228816005,-0.03761784324687634,0.001095156034999878,-0.029821808405288808,1
2020-03-04,24.50615501403809,24.52933513853518,23.589266139292224,23.827073649921207,23477000,25.947082233428954,26.476318969726563,25.392685499685744,42.113169214815535,-0.8034841766677303,-0.5600534458853674,-0.24343073078236288,29.041674604500447,22.852489862357462,23.853104894272626,0.02550141101079174,0.040838397601069554,0.047061816767077325,-0.001504393851211594,0
2020-03-05,23.52659797668457,24.30354980287664,23.390096238610344,23.803038517506167,24374000,25.761042976379393,26.399121742248536,25.214962878447537,37.22680957520778,-0.8492075415559164,-0.6178842650194772,-0.23132327653643914,28.96598476242708,22.556101190331706,24.882080969985076,0.02612005774080388,-0.03997187795443191,-0.03835490075022541,0.0003284494921318437,0
2020-03-06,23.13254165649414,23.25960169708578,22.535877727236045,22.92049000114809,30169000,25.54538536071777,26.313133354187013,25.01663704778531,35.445099817925794,-0.9067878040726107,-0.675664972830104,-0.23112283124250677,28.846871854258776,22.243898867176764,25.8480069642468,0.02598145946414037,-0.01674939660128294,-0.01750243657591477,-0.01162785106786457,0
2020-03-09,21.267000198364254,22.34443071083988,20.96909724923546,21.555459816572988,43934000,25.255595207214352,26.18816867828369,24.659528776411875,28.492554620077456,-1.0903849032277009,-0.7586089589096233,-0.33177594431807755,28.96562273176483,21.545567682663872,29.37984628048439,0.030624843436459163,-0.08064576239966093,-0.13217719441578335,-0.13071551880264576,1
2020-03-10,22.570220947265625,22.637183944516075,20.896126366276636,22.02850087761293,55071000,25.035387516021725,26.09359519958496,24.460547078397944,37.687710391040525,-1.1178421160069085,-0.8304555903290805,-0.2873865256778281,28.83298476549684,21.23779026654661,30.337834771239645,0.03467428488176831,0.06127901146122183,-0.040650885026672245,-0.041385619620991854,0
2020-03-11,21.11676597595215,22.019918338561503,20.8180049278119,21.795847552456323,36030000,24.716923522949216,25.972442359924315,24.14209173530787,32.64571653372096,-1.2425603617249479,-0.9128765446082541,-0.3296838171166938,28.702653233167315,20.731193812731117,32.25101786245704,0.03620105102847939,-0.06439702006947179,-0.087140259400596,-0.13830766336638145,0
2020-03-12,18.7824764251709,20.84118177204451,18.571282778989,19.487312192277216,64281000,24.262256717681883,25.80987491607666,23.631652181961492,26.51132123906156,-1.5123249872162177,-1.0327662331298468,-0.47955875408637083,28.746336358645664,19.7781770767181,36.963417650229275,0.04169475859897578,-0.11054200029680428,-0.11682530446322437,-0.2016492803683393,1
2020-03-13,20.108015060424805,20.1294774755438,17.26978054920839,19.360252858840465,84714000,23.877000617980954,25.669422760009766,23.296067694196093,34.08570823769395,-1.6007035919858055,-1.1463537049010386,-0.45434988708476687,28.398402579016597,19.35559865694531,37.87244498063739,0.04614905471354392,0.07057315581014212,-0.10909090755441253,-0.13074769910639028,0
2020-03-16,16.103923797607422,18.78419074892909,15.472920307343175,17.872454886417508,76935000,23.31815357208252,25.437951431274413,22.611101608806695,25.52678055800682,-1.9711191398564019,-1.3113067918921113,-0.6598123479642906,28.6996702823163,17.936636861848736,46.1573142452991,0.06186111447111854,-0.19912911596619776,-0.23738683205815558,-0.24277407968209586,1
2020-03-17,17.128128051757812,17.171052883881188,15.580235418709066,16.467933195351343,70662000,22.840650463104247,25.241043663024904,22.088913650992513,30.34479295558765,-2.157164951790243,-1.480478423871738,-0.676686527918505,28.624593680698595,17.056707245509898,50.64604641568741,0.0648977523867579,0.06359967092632157,-0.0880793531142704,-0.24111828183795958,0
2020-03-18,14.411803245544434,16.095339550355153,13.36442115698101,15.939091462368989,98993000,22.20612597465515,24.990616397857664,21.357760279045078,25.612243009656382,-2.49503114281195,-1.6833889676597804,-0.8116421751521694,28.719211838879893,15.69304011043041,58.66026223266876,0.07126537824358394,-0.15858853915647897,-0.2832806618536535,-0.3175184466240404,1
2020-03-19,16.69371795654297,17.81149743120051,14.1654075909436,14.392054059999433,74438000,21.713384294509886,24.787681789398192,20.913565772140114,34.81023143027005,-2.5492746358369125,-1.8565661012952068,-0.6927085345417057,28.32814857308331,15.098620015936461,60.927989749123846,0.08263481424960893,0.15833651571006668,0.03662425172573003,-0.11120783124363354,1
2020-03-20,16.78277587890625,18.21990247263948,16.40646892538865,17.636670658892633,74044000,21.245442056655882,24.59322473526001,20.520157210879745,35.14726837002277,-2.5556172005444537,-1.9963763211450565,-0.5592408793993973,27.86507581991118,14.625808293400585,62.3158016256147,0.08281951145866426,0.005334816521706864,-0.020162867291041775,-0.16536884279856434,1
2020-03-23,16.891916275024414,17.110191927172608,15.519398534674442,16.840403207794953,46921000,20.838330602645875,24.405208644866942,20.174610455084,35.5867803536736,-2.522756247271193,-2.101652306370284,-0.4211039409009092,27.47733467140753,14.199326533884221,63.71915481481697,0.08280018004581625,0.006503119442555327,0.1720890153178254,0.04893170678900405,1
2020-03-24,18.576133728027344,19.095630942149437,17.574685410048836,17.95448464883799,62970000,20.55371947288513,24.262964611053466,20.0223745763167,42.10704854709268,-2.3339075982019253,-2.1481033647366123,-0.18580423346531294,27.067002262340488,14.040436683429775,63.378142316750086,0.08663600442874798,0.09970552929469201,0.1127619249579197,0.084539633980663,1
2020-03-25,18.994346618652344,21.303703430389724,18.26705364725112,18.52636423078148,64442000,20.276282930374144,24.12571973800659,19.92446715177724,43.632858345339066,-2.125990305255044,-2.143680752840299,0.01769044758525462,26.554682555327002,13.997883305421286,61.928506783141515,0.08681404012769327,0.02251345176278563,0.13177621841007525,0.3179715470043385,1
2020-03-26,21.23123359680176,21.373549401562503,19.734736922181828,19.734736922181828,60213000,20.16190094947815,24.02119337081909,20.04892109892243,51.06220191736502,-1.7604232050567639,-2.067029243283592,0.3066060382268283,26.28117187868422,14.042630020272078,60.70132915085525,0.09088079902834446,0.11776593441507521,0.25688721463729114,0.2718097701225597,0
2020-03-27,20.1416015625,21.13693786857265,20.08135727750769,20.34328735848128,39448000,19.998746633529663,23.90352819442749,20.057747809739343,47.75995997459258,-1.5408706454718484,-1.9617975237212435,0.4209268782493951,25.93473419901018,14.062759068049147,59.36359587183638,0.09157484801261385,-0.05132212545887593,0.08427307088722702,0.20013528797791746,1
2020-03-30,20.964067459106445,21.07320529040709,19.94515682595347,20.27344294289621,52343000,19.823702573776245,23.795598697662353,20.144063966821925,50.369024852910236,-1.285686937287462,-1.8265754064344875,0.5408884691470255,25.419268983670328,14.22813616388216,56.4532926083765,0.09145528439127026,0.04083418560606056,0.10370037359010009,0.24107100211613774,0
2020-03-31,20.701265335083008,22.064179442766125,20.610464234757963,20.77984471554954,50191000,19.681534337997437,23.679425525665284,20.197130763799173,49.51800407407715,-1.0920692506002823,-1.6796741752676465,0.5876049246673642,25.03078468181564,14.332283994179237,54.358062252198145,0.0911354368331654,-0.012535836594500194,-0.024961727226183728,0.11440117939339034,0
2020-04-01,19.525192260742188,20.466395997203367,19.18031636837709,19.90586401057485,41858000,19.43248620033264,23.540967235565187,20.13313662065089,45.78951571921872,-1.021747043307311,-1.5480887488755797,0.5263417055682686,24.30238096067708,14.5625914399882,50.12117039621084,0.09131659010472032,-0.05681165162149271,-0.030603787878787925,0.02794756001601839,1
2020-04-02,20.69777107238769,20.77547782181447,19.334858768615582,19.41780292164587,45049000,19.291044855117796,23.417547130584715,20.18691133034011,49.844426292814504,-0.8614684054016983,-1.4107646801808036,0.5492962747791053,23.830173766519525,14.751915943716067,47.05944074561131,0.09216320793073103,0.060054661484850946,-0.012702515255601288,-0.025126308463509606,0
2020-04-03,20.45330047607422,21.177101224269933,20.129379182911936,20.66109797318641,28960000,19.1570827960968,23.277767963409424,20.21228172517193,49.021140394007126,-0.7455785981399501,-1.2777274637726328,0.5321488656326827,23.382086468519642,14.932079123673962,44.109050604340155,0.09212881888851102,-0.01181144556379865,-0.011978246498225209,0.015475378787878746,1
2020-04-06,22.04060173034668,22.12529278969878,21.265287855299903,21.35434369494463,38868000,19.195762872695923,23.162265682220458,20.386407439950478,54.299210875919364,-0.5196627961195261,-1.1261145302420117,0.6064517341224855,23.510534875784955,14.88099086960689,44.95546263729242,0.09181076697807523,0.07760611819736618,0.12882892193907014,0.0513514027437747,1
2020-04-07,22.11307144165039,23.18087565390884,22.04846236244472,22.861320750186994,45892000,19.17290539741516,23.073916606903076,20.550851630588564,54.53067592514905,-0.3309600933941752,-0.9670836428724444,0.6361235494782692,23.420247151951685,14.925563642878636,44.305666423505535,0.09088239293156933,0.0032880096555589766,0.06837936144490508,0.06819902473182426,1
2020-04-08,22.796709060668945,22.89274921274824,22.14537427817683,22.418655147877665,27565000,19.256902551651002,22.983306369781495,20.764742814405743,56.755748656795504,-0.12480927585694346,-0.7986287694693442,0.6738194936124008,23.715866747555115,14.79793835574689,46.31029506374919,0.08965018460338078,0.030915543361873743,0.11457361550699319,0.16755362796117224,0
2020-04-09,22.20299530029297,23.355490253846124,21.94193785742833,23.20619014970645,34828000,19.427928495407105,22.882195529937743,20.9017192416331,54.27183735799202,-0.009234556097286628,-0.6407499267949328,0.6315153706976462,24.06001643427732,14.795840556536891,47.684836187916495,0.08568211912066585,-0.026043836362341755,0.007367928150650016,0.07272397702346578,1
2020-04-13,22.693679809570312,22.83337607094881,22.07203094684277,22.133147853032007,25729000,19.55721173286438,22.794864597320558,21.072382152865217,55.98628478358505,0.12056359893992408,-0.48848722164796143,0.6090508205878855,24.397656426638434,14.716767039090326,49.500355775563456,0.08461821903183514,0.022099924025605233,0.026256342066816485,0.10953632329984275,1
2020-04-14,23.36684226989746,23.432323957191112,22.9032247297156,23.235002941811604,23094000,19.92035765647888,22.738235874176027,21.290902164011147,58.296312054716815,0.27458293548873414,-0.33587319022062234,0.6104561257093565,24.75978142787097,15.080933885086791,48.58771970711197,0.06892207647378833,0.029662992779305286,0.025009452360479578,0.06017261033870702,0
2020-04-15,22.477148056030277,22.90322279274218,22.36539072074009,22.78797330092897,25926000,20.187808656692503,22.663693027496336,21.403877963251066,54.24414356494979,0.32115144779837834,-0.20446826261682222,0.5256197104152005,24.971324987322646,15.404292326062361,47.39014929234877,0.06936717721676354,-0.03807507251475484,0.012347557256551456,0.016464316833623593,1
2020-04-16,22.551359176635746,22.854325774019845,22.186401398193063,22.854325774019845,26896000,20.59478645324707,22.579696941375733,21.51316188833532,54.52806797215379,0.35989687933944126,-0.09159523422556952,0.4514921135650108,24.67698332356017,16.512589582933973,39.6430123670399,0.056102894314699,0.0033016252960775816,-0.006271377499322384,-0.010762513281204256,1
2020-04-17,23.214046478271484,23.349377952348046,22.608113188028444,22.981802247979022,34089000,20.920802879333497,22.499030208587648,21.675150896900668,57.08872715287011,0.43901554202387416,0.014526921024319225,0.4244886209995549,24.7375583051139,17.104047453553093,36.487657264346815,0.046436999748967374,0.029385692296644894,-0.006539000428946173,0.0455367018865771,0
2020-04-20,22.55049133300781,23.159916857922923,22.518187631897828,22.70066574061151,23801000,21.209188652038574,22.401126155853273,21.7585166527204,53.82052184145191,0.4430668981570349,0.10023491645086237,0.3428319817061726,24.576900035839778,17.84147726823737,31.757097728276452,0.04751608364797315,-0.02858420852584953,0.0032630152541908153,-0.006309619143481493,0
2020-04-21,21.62238502502441,22.24578088471361,21.548172104510044,22.22569889906415,29138000,21.445712089538574,22.29231779098511,21.74555173579697,49.547943888356194,0.36715487171958827,0.15361890750460755,0.21353596421498072,24.17042945317481,18.72099472590234,25.410369702439283,0.0491793430643452,-0.04115681092167167,-0.04119371007020256,-0.07465524116283195,1
2020-04-22,22.698047637939453,22.894496052299303,21.892173660232597,22.244033894821364,35438000,21.65180778503418,22.206791248321533,21.83626563123911,54.096284335882764,0.38930337999436304,0.20075580200255866,0.18854757799180438,24.085109213028776,19.218506357039583,22.476658320202755,0.04571952048121384,0.049747639387150766,-0.022227871423235457,0.00982774066169445,0
2020-04-23,22.60724449157715,23.15468050792052,22.571446966541885,22.72249400393249,21659000,21.83245267868042,22.10921522140503,21.909692189366545,53.656533963028494,0.3949761382776664,0.23959986925758023,0.1553762690200862,23.968003525407124,19.696901831953713,19.56308691613095,0.0457537662178697,-0.004000482676339456,0.0025167149456415405,0.0024781351094484982,1
2020-04-24,23.120628356933597,23.143328209525414,22.6028782087159,22.68407710186568,23373000,21.926922416687013,22.01411153793335,22.02501944342055,55.84214440457364,0.4358731531061011,0.27885452602728444,0.15701862707881664,24.11426457832625,19.739580255047777,19.951200812154163,0.038262924066121924,0.022708820862609835,0.06929130760437441,-0.004024206698531763,1
2020-04-27,23.438438415527344,23.680288205847607,23.080466487058573,23.080466487058573,16588000,22.09176425933838,21.92661756515503,22.159630774097387,57.188184499460675,0.48830012776712195,0.320743646375252,0.16755648139186996,24.211961517189845,19.971567001486914,19.194458468433456,0.03591977993944577,0.013745736218213178,0.03261913929329929,0.03937595280772532,0
2020-04-28,23.113645553588867,24.13343045137648,23.06038723904952,23.94396634132814,18988000,22.1992431640625,21.843273181915283,22.250489324525148,55.331881026759994,0.497901316902265,0.3561751804806546,0.14172613642161042,24.29770398419121,20.100782343933794,18.90569696110924,0.03538373867973004,-0.01385727394378411,0.022399946273876425,0.06896836435196962,1
2020-04-29,24.099374771118164,24.18406582087376,23.506539088139863,23.668062585641525,28871000,22.369148635864256,21.79169687271118,22.426573652772102,59.61623468997436,0.5783831967751318,0.40061678373955006,0.17776641303558177,24.50488711372762,20.233410158000893,19.095393504955773,0.03605004686787801,0.04264706816775776,0.042332171906177996,0.06173778271732999,0
2020-04-30,23.7152099609375,23.92737388866859,23.468993757777096,23.88197252007365,23379000,22.578649520874023,21.723955211639403,22.549300920216425,57.30918720765446,0.6042019132790593,0.44133380964745195,0.1628681036316073,24.34799262157516,20.809306420172888,15.672709734613427,0.03321532076805577,-0.015940862110707776,0.01180844647170698,0.049009310700078856,0
2020-05-01,22.674474716186523,23.38605382638177,22.543509654664422,23.224530306014884,26836000,22.677484703063964,21.64647367477417,22.56122223411834,51.49529584062223,0.5345231455652026,0.45997167683100215,0.07455146873420049,24.222087299546278,21.13288210658165,13.622344953218041,0.0331495798848076,-0.04388471560931673,-0.019000500651622843,-0.019296778351323596,1
2020-05-04,22.89798164367676,22.912824556533277,22.292048411283595,22.63168516560432,17046000,22.79971876144409,21.581600894927977,22.59329455883819,52.60725775294887,0.49166969903003377,0.4663112812708085,0.02535841775922526,23.96004509743476,21.63939242545342,10.178426744042683,0.03292150777830041,0.009857204203751024,-0.04985163054442432,-0.023058565688938715,1
2020-05-05,23.12586212158203,23.481214427597592,23.024582925785943,23.272544346040902,26462000,22.85398178100586,21.543435230255128,22.644015279099506,53.77090738725508,0.4706704875999961,0.46718312253664607,0.003487365063350012,23.96780468870604,21.74015887330568,9.74729846530189,0.028354127688405867,0.009951989719067633,-0.024851048771071915,0.0005285435378352688,0
2020-05-06,23.065622329711918,23.61567786409505,23.016728800488693,23.427960684221077,22727000,22.901609325408938,21.519380550384522,22.684168331538785,53.39766266912107,0.444048894249498,0.46255627687921647,-0.01850738262971846,23.96495153559001,21.838267115227865,9.286178932423873,0.02837927021411821,-0.002604866860894006,0.017250570009728516,-0.04289540501462075,1
2020-05-07,23.3773193359375,23.61480432405566,23.22452706304878,23.57376773344505,18238000,22.930639839172365,21.49606538772583,22.75018271291009,55.13308955682769,0.44299585272793607,0.45864419204896045,-0.015648339321024385,24.012483063835816,21.848796614508913,9.435787507467113,0.027721142617663487,0.013513487811862346,0.020933621998649343,-0.014247844550250965,1
2020-05-08,24.012941360473636,24.05834273625783,23.57639005454353,23.765852495322903,16757000,23.0211371421814,21.50594675064087,22.870445441249473,58.524939571305154,0.48782732525691586,0.4644808186905516,0.023346506566364278,24.146307225747698,21.8959670586151,9.775104301904024,0.02747937955978853,0.027189688235939258,0.03835875325330007,0.05902966490031303,1
2020-05-11,24.045246124267575,24.16224088544553,23.726562213492667,23.868005405918005,20851000,23.088715457916262,21.518757915496828,22.98233122058453,58.69584526443617,0.5199694307574028,0.47557854110392184,0.044390889653480925,24.2870704063452,21.890360509487323,10.380438449364386,0.02716127081648664,0.0013453064041173413,0.042471162518505245,0.05010330161163479,0
2020-05-12,23.438438415527344,24.247804555958265,23.418358095123004,24.14827224629441,18764000,23.092295265197755,21.498227710723878,23.025770001055275,54.17962898393714,0.4908201015405318,0.4786268531912439,0.012193248349287922,24.294374150733525,21.890216379661986,10.411081893166457,0.027125259948229927,-0.02523607808396744,0.0026144605680209487,0.013516308810541666,0
2020-05-13,22.975698471069336,23.60258658177158,22.644792794353883,23.579885058483363,21927000,23.11722278594971,21.48684907913208,23.021001283913755,50.959570817903305,0.42547518876097,0.4679965203051891,-0.04252133154421911,24.287498764759178,21.946946807140243,10.124710824007312,0.026041107508964247,-0.019742780481120104,-0.043195161885151157,-0.0038986096866221454,1
2020-05-14,23.27691650390625,23.30747496341578,22.24229033047093,22.784487328971757,19912000,23.153500652313234,21.462264308929445,23.04537416200828,52.92104746907396,0.39345910086926494,0.45308903641800435,-0.05962993554873941,24.296016133201217,22.01098517142525,9.869051751997908,0.026170465190011,0.01311028838649686,-0.03195349369228917,-0.0042948821714088314,0
2020-05-15,22.736467361450195,23.05514964194096,22.41865770403563,22.65002938288111,21650000,23.129621696472167,21.446461696624755,23.015954466717034,49.12452648060689,0.3207786548223517,0.42662696009887385,-0.10584830527652217,24.285956855355558,21.973286537588777,9.998738189996075,0.025905801920761366,-0.023218244665927257,-0.02994956582142061,-0.053157752724311114,1
2020-05-18,23.88197135925293,24.161363870776626,23.39914448914893,23.453277079686025,26531000,23.196195697784425,21.46145029067993,23.098432266006164,56.28319493662141,0.3515589244983772,0.41161335297877455,-0.060054428480397326,24.36474617444642,22.02764522112243,10.075363149084042,0.02740953578794863,0.05038179324836278,0.03944484601087361,-0.006790313734815978,0
2020-05-19,23.7440242767334,24.10025095356857,23.714338442778637,23.881975309670956,18702000,23.302277660369874,21.510990772247315,23.159917219408754,55.2745242676998,0.3606638252173724,0.40142344742649416,-0.04075962220912177,24.243098530146398,22.36145679059335,8.074926266770694,0.025467064554678027,-0.005776201656237379,0.020067424856241578,0.013037808056513445,1
2020-05-20,24.331623077392575,24.561249485567615,24.10461620347766,24.182322947054068,18605000,23.38395643234253,21.546218814849855,23.271508253502454,58.672084862631586,0.4105611437795105,0.40325098669709747,0.007310157082413005,24.382630470931243,22.385282393753815,8.541531810309397,0.02370770554192741,0.024747228768417395,0.07015846791779867,0.059015598939488045,0
2020-05-21,23.99285888671875,24.403218171753803,23.9797628807065,24.352577728362824,14847000,23.45323715209961,21.603740673065186,23.340208313808766,56.02949229709907,0.4179518010177006,0.4061911495612181,0.011760651456482474,24.418455632462702,22.48801867173652,8.23100430958361,0.023980609938802855,-0.013922794611617273,0.0046431479963591205,0.030757612705804682,1
2020-05-22,24.15438461303711,24.20677030358432,23.618299328327048,23.90031143265097,17452000,23.504924964904784,21.71117883682251,23.417748913735277,57.02343036573093,0.4318644616255227,0.411325811974079,0.020538649651443697,24.503501965008216,22.506347964801353,8.496746971916796,0.02356074432264206,0.006732241750805779,0.017282678433993226,0.06236312919882181,1
2020-05-26,24.62323570251465,25.06589863061664,24.5682304864041,24.883420533113483,23573000,23.56416482925415,21.801483249664308,23.532557179333313,59.85975400474676,0.47524438848028083,0.4241095272753194,0.05113486120496141,24.674281160070038,22.45404849843826,9.422072361654122,0.023737053966681215,0.019410599648416627,0.011984922838666812,0.031038658078555992,1
2020-05-27,25.109554290771484,25.12788936247041,24.446868845129917,24.710545827641276,22812000,23.663960266113282,21.981595859527587,23.68274738042266,62.61577807831025,0.5426102654099871,0.447809674902253,0.09480059050773415,24.940507932703564,22.387412599523,10.788960530991886,0.023690152108970776,0.0197503932518166,0.04654282381791863,0.05751047076616067,0
2020-05-28,24.72102165222168,25.25885373863405,24.65903212532807,24.883419424723588,18543000,23.695042610168457,22.133453731536864,23.78163064440352,59.12315363177054,0.5582121492123662,0.46989016976427567,0.0883219794480905,25.040876215483685,22.34920900485323,11.359621735710059,0.02227609834479087,-0.015473498017947729,0.02345897228442473,0.016003805976713137,1
2020-05-29,25.430858612060547,25.494595058072957,24.61363390802759,24.70007187291861,27300000,23.780825042724608,22.353834838867186,23.93869997465657,63.165543179142205,0.6206996259197517,0.5000520609953709,0.12064756492438078,25.32496353532568,22.236686550123537,12.986416491663967,0.022669394713024895,0.028713900656087032,0.032799219375681865,0.059934488513071704,0
2020-06-01,25.31910514831543,25.41601959928208,25.090351339761877,25.356647924152124,18444000,23.913056564331054,22.526342582702636,24.07016713405265,62.12392928625206,0.6536687444553309,0.5307753976873629,0.12289334676796793,25.50769818888248,22.31841493977963,13.336995379586963,0.019846822564566987,-0.004394403879549591,0.008345463050332347,0.048219838921074176,1
2020-06-02,26.02368927001953,26.04639078449051,25.3278275672394,25.40989907088326,31847000,24.069341945648194,22.7111608505249,24.25621686128759,65.93771943784982,0.728256174732195,0.5702715530963294,0.15798462163586557,25.83853953038947,22.30014436090692,14.700838840848743,0.020442028231032694,0.027828160496856214,0.05269473228590371,0.05687528578390122,1
2020-06-03,27.025144577026367,27.140394096020405,26.237607307441163,26.28475392958722,31926000,24.26430606842041,22.91382541656494,24.51992426278652,70.48650913921637,0.8582825770780644,0.6278737578926764,0.23040881918538803,26.3967551441616,22.13185699267922,17.57683957437823,0.02164709243372149,0.03848244945656343,0.06269100030345554,0.07628929864991352,0
2020-06-04,26.96926689147949,27.328111457003008,26.37642946389924,26.69511338703887,34997000,24.459488296508788,23.081688079833985,24.75319498932871,69.92539836633395,0.9459166373102263,0.6914823337761864,0.25443430353403995,26.81977402534573,22.099202567671846,19.299551161696513,0.02163351440257376,-0.002067618376198399,0.06517456811754063,0.09094467335882772,1
2020-06-05,27.68433380126953,28.647366403404607,27.510586926036414,27.91308589334631,50958000,24.674839019775387,23.255487823486327,25.032351066656407,72.89861803275892,1.060838499101468,0.7653535668412428,0.2954849322602253,27.36391930116824,21.985758738382533,21.796132321169104,0.021997975687466018,0.02651413969342853,0.06381280202123918,0.08861184058253846,1
2020-06-08,27.722753524780277,27.83800303744201,27.359542535710304,27.7210066135474,23916000,24.860329627990723,23.3853182220459,25.288579872192013,73.05276449735814,1.1418524884304908,0.8406533511590925,0.30119913727139835,27.837553260927542,21.883105995053903,23.951602231248827,0.021610897957518638,0.0013877785099161155,0.025813328982037476,0.09493417569004303,0
2020-06-09,27.53066635131836,27.84149161245367,27.203252929504504,27.240797361037263,22335000,25.03460063934326,23.533099517822265,25.502111917823093,70.88202813624955,1.1769892298972238,0.9079205269067188,0.269068702990505,28.20250948249331,21.866691796193212,25.308243488985433,0.021811748461272425,-0.006928863443893429,0.020816266978923137,0.05790789559706799,0
2020-06-10,27.506216049194336,27.870299567526278,27.47653022305228,27.64678657934563,25914000,25.237989521026613,23.663942489624024,25.69297897795369,70.59447923544778,1.1891545818182792,0.9641673378890309,0.2249872439292483,28.491050858848872,21.984928183204353,25.779084622505493,0.020560545614341053,-0.0008881115266885509,-0.006433882547212555,0.01780088431337834,0
2020-06-11,25.647388458251957,26.939579885580297,25.616830000973383,26.858380985392525,45115000,25.371574020385744,23.7628649520874,25.68863702369638,52.99347221845872,1.0368516784126705,0.9787042059937587,0.058147472418911716,28.457179006895636,22.28596903387585,24.323323291102454,0.02603867545336818,-0.06757845527054329,-0.07486143339525175,-0.04901425161264428,1
2020-06-12,26.21490859985352,26.537957336093516,25.558336319520677,26.439295970236323,39439000,25.518473625183105,23.896659278869627,25.738758126187538,56.554977982582535,0.9509823303062603,0.9731598308562591,-0.022177500549998785,28.467942183675067,22.569005066691144,23.116339964638442,0.02624840790253462,0.02212779451308866,-0.04779244115178605,-0.053077860278820554,1
2020-06-15,26.5501766204834,26.782420893544703,25.53039178432766,25.756526031303626,29824000,25.709159088134765,24.01370738983154,25.81603607802524,58.55284131982225,0.8996133973351732,0.958450544152042,-0.0588371468168688,28.39595856673766,23.02235960953187,20.901496384165302,0.025336860995064974,0.012789211885017027,-0.03475721367857654,-0.04229655265840593,1
2020-06-16,27.12904357910156,27.463441358197592,26.542317877531502,27.06617975422384,30387000,25.871512699127198,24.14722225189209,25.941084411461077,61.817663763259134,0.8952924990016129,0.9458189351219563,-0.050526436120343354,28.488562192819288,23.25446320543511,20.231128532197335,0.02357059038638385,0.02180275358965278,0.057770214041924506,-0.014588196562033695,1
2020-06-17,27.36652946472168,27.65203373946038,27.22246839278586,27.3647825533219,20279000,26.05263795852661,24.25374080657959,26.07684108320018,63.101807453509345,0.9006491592854466,0.9367849799546544,-0.03613582066920773,28.55453648613755,23.55073943091567,19.20648904417074,0.023390246175720587,0.008753935055899387,0.043929997332685655,-0.005078364258567225,1
2020-06-18,27.826648712158203,27.862446232701743,27.19888816430484,27.25127384553568,33625000,26.22738924026489,24.368012351989748,26.24348942881523,65.52127396674263,0.9312868341262899,0.9356853507889815,-0.004398516662691643,28.71222094224558,23.742557538284203,18.948372475945245,0.023146369910007514,0.01681321148264936,0.04807772505324914,0.0849700645917062,0
2020-06-19,26.7072696685791,28.059524454402958,26.7072696685791,28.022476516364023,58465000,26.36310977935791,24.44622356414795,26.287658975459408,55.91539001065832,0.8553825606918508,0.9196247927695554,-0.06424223207770463,28.63206112153197,24.09415843718385,17.213078132008757,0.025065142639255793,-0.04022687227477795,-0.015546950974982598,0.018781719831299837,1
2020-06-22,27.657283782958984,27.713737293453377,26.774304711921697,26.948076672877267,27195000,26.538254737854004,24.55530933380127,26.41809943331651,61.12455322435344,0.861950052900962,0.9080898447958369,-0.046139791894874826,28.632227293896385,24.444282181811623,15.780785712751118,0.025943172557566126,0.0355713678773224,0.010624449790468171,0.041698674110568934,0
2020-06-23,27.45969581604004,28.00130399093949,27.45881420304632,27.791365690641108,22419000,26.680077743530273,24.650629653930665,26.51729908881399,59.54851404713415,0.8415107283202552,0.8947740215007205,-0.0532632931804653,28.61414525958905,24.746010227471494,14.498214995102673,0.02596052997272713,-0.007144156616011865,-0.013187103481772544,0.012188127309920915,0
2020-06-24,27.077749252319336,27.430587939940853,26.86075299675352,27.274456631390727,19096000,26.778487491607667,24.7248477935791,26.570675294862117,56.51502763831659,0.7854384748810688,0.8729069121767902,-0.0874684372957214,28.578542764440865,24.97843221877447,13.444039910001134,0.026098666669190362,-0.013909351592219621,0.013871862917387734,-0.010552314014629083,1
2020-06-25,27.24358558654785,27.29915749512997,26.72755759655953,26.99748093926482,15029000,26.904615688323975,24.820176544189454,26.634761989308377,57.52672050017739,0.7457854656591287,0.8474826228732579,-0.1016971572141292,28.44513372092285,25.3640976557251,11.451700707751993,0.025689385678222532,0.006124450473456999,-0.014958019726652672,-0.02095340806726742,0
2020-06-26,27.116559982299805,27.854875534278584,26.740787585142247,27.65993306680008,31425000,26.98890075683594,24.911480560302735,26.68064751245042,56.44349310720969,0.6960862168909863,0.8172033416768036,-0.12111712478581738,28.374314778148168,25.60348673552371,10.266546487346817,0.025159334936441385,-0.0046625875967944985,-0.012495980874624224,0.015325052646704362,1
2020-06-29,27.325624465942383,27.381196381512567,26.85546553410995,27.174784486574257,14516000,27.089226722717285,24.993712120056152,26.742073888973465,57.85024888099825,0.6658929612305577,0.7869412655875545,-0.12104830435699676,28.24859892746278,25.92985451797179,8.559655220968224,0.025104464042237963,0.007709845340966748,0.009154203006803252,-0.011991753044850784,1
2020-06-30,27.839887619018555,27.968673808855453,27.058347618195057,27.34062030948533,25125000,27.180036640167238,25.099500045776367,26.84662757754919,61.172235518263385,0.6756725940926493,0.7646875312885736,-0.08901493719592424,28.27401218300821,26.086061097326265,8.04984597573553,0.024734897105793883,0.01881981338494687,0.021887795590501913,0.01384544845381841,0
2020-07-01,27.585840225219727,27.949263350477374,27.516154094162964,27.795778549014663,15661000,27.208071422576904,25.21876914978027,26.91702878208924,58.71054747721933,0.6553688380651153,0.742823792643882,-0.08745495457876673,28.313411049984996,26.10273179516881,8.125086194024734,0.02346711893781363,-0.009125302417718029,0.017306038938060153,0.01876415089621486,1
2020-07-02,27.82753562927246,28.17243479100273,27.756084588274778,28.02865277836684,16638000,27.250984859466552,25.321358909606932,27.003743719916212,60.345515648248686,0.651273291209403,0.7245136923569863,-0.07324040114758323,28.38224570450486,26.119724014428243,8.302531823141262,0.02351036182350537,0.008761574854325715,0.01836778383438742,0.021434404838875043,1
2020-07-06,28.120391845703125,28.314452730723843,27.99248727757983,28.227125921328252,17561000,27.27278776168823,25.431621856689453,27.110091160467345,62.293805719349194,0.664004361038181,0.7124118260932253,-0.04840746505504434,28.452391539999695,26.09318398337677,8.65040852162921,0.022890676854625522,0.010523972382326274,0.010075623527048494,0.03701914490844582,0
2020-07-07,27.620241165161133,28.064818113856752,27.569960617813187,27.99248546230638,16150000,27.267662143707277,25.521614112854003,27.158676875200086,57.131234901587966,0.626513784695117,0.6952322178136037,-0.06871843311848669,28.440270740765097,26.095053546649456,8.60072705080388,0.023273484478791236,-0.01778604947208151,0.0012470506484683064,0.01078170050920324,1
2020-07-08,28.189191818237305,28.21300714629548,27.708448590165297,27.88663199767708,18023000,27.300588417053223,25.616629180908202,27.256821155489344,61.082403722780874,0.6353874446751995,0.6832632631859229,-0.04787581851072342,28.53617876565253,26.064998068453917,9.051748846757446,0.023648308055735905,0.020599047259363568,0.012996342679529649,0.01254689688402788,1
2020-07-09,28.359437942504883,28.609069021928025,27.8081252842105,28.228003575343045,25225000,27.34324951171875,25.721545028686524,27.361832278062252,62.20495652690547,0.6486797472259518,0.6763465599939288,-0.027666812767977,28.66051165436514,26.025987369072357,9.635008026985533,0.023662929806789124,0.00603941132350716,0.008500809594453873,0.02804328999839245,0
2020-07-10,28.177722930908203,28.49086714156696,27.824884265203448,28.39560246841752,13280000,27.469766235351564,25.803111991882325,27.439536149761867,60.20869142474521,0.6372057981884787,0.6685184076328388,-0.031312609444360096,28.581176988380292,26.358355482322835,8.09188358944551,0.017329058068815153,-0.006407567454795204,0.02018381238648459,0.01258420099792712,0
2020-07-13,27.460580825805664,28.538504199999583,27.396187741425752,28.37531493272643,21549000,27.53204984664917,25.878019409179686,27.44154040462318,52.982275865741904,0.5637467152228659,0.6475640691508442,-0.08381735392797829,28.48325971112649,26.58083998217185,6.909836861225129,0.01808297007496277,-0.02545067629705111,-0.025847175652629284,-0.023463791810507173,1
2020-07-14,27.79313087463379,27.893690284431173,26.920736059134967,27.255934091792916,18363000,27.59419755935669,25.98039253234863,27.475025211290856,55.64105019665483,0.5262970476751541,0.6233106648557063,-0.09701361718055224,28.436912521655522,26.75148259705786,6.107914248900363,0.018063219014358884,0.012110087945248926,-0.019968910139164575,0.006259529322674151,0
2020-07-15,27.67845916748047,28.030416263607204,27.360021874911883,27.869873515259957,15253000,27.621668338775635,26.076002082824708,27.494399873785106,54.4966610933388,0.48181085232867105,0.5950107023502993,-0.11319985002162825,28.437325308001096,26.806011369550173,5.905921099490085,0.017523219092641512,-0.00412590102462973,-0.01771838571384665,-0.018118030983293787,0
2020-07-16,27.46323013305664,27.68728269030537,27.283281787266414,27.398837042145235,12929000,27.62650337219238,26.1627494430542,27.491431327049064,52.321517225346305,0.42429700590854225,0.5608679630619479,-0.13657095715340561,28.43718465682222,26.81582208756254,5.868866383183594,0.01753548884783124,-0.007776048266324831,9.647673761103981e-05,-0.03160174793538528,1
2020-07-17,27.58407592773437,27.804600343394995,27.34502754191672,27.711098879497875,13354000,27.614374732971193,26.25311851501465,27.50025462235243,53.44508430287806,0.3840411268823516,0.5255025958260287,-0.14146146894367706,28.41995782358215,26.808791642360237,5.8345198716312066,0.017136241868997912,0.004400276081591548,-0.007521820691680947,-0.02106795515838711,1
2020-07-20,27.97395896911621,28.01982808200481,27.36795771118809,27.508211571314256,14323000,27.67770919799805,26.345051307678222,27.545369322044216,56.96840000418796,0.379226864543206,0.49624744956946415,-0.11702058502625817,28.380710864457658,26.97470753153844,5.07991222416961,0.014591916898685359,0.014134352095146019,0.010676165166842999,0.018695094126636613,0
2020-07-21,27.72785758972168,28.15920362394437,27.580547443443336,28.15920362394437,14312000,27.68123788833618,26.419349632263184,27.562749157061116,54.18101147118465,0.3515013140461001,0.46729822246479136,-0.11579690841869128,28.38450246809658,26.97797330857578,5.081164235481892,0.012510996075588776,-0.00879751699308029,0.009635700366742883,-0.0023485401916947257,0
2020-07-22,27.680221557617188,27.84605734427237,27.37766340413577,27.78695562144807,14404000,27.69226417541504,26.492049140930177,27.57393700473312,53.63398322320009,0.32197327831443445,0.43823323363472,-0.11625995532028555,28.38816559210045,26.99636275872963,5.02596257407673,0.012401665534105216,-0.0017179845918622316,0.003485548333563848,6.367370835391739e-05,0
2020-07-23,27.31591796875,27.882224853181523,27.202127623987163,27.64229484999892,19417000,27.704172611236572,26.569598731994628,27.54936376321092,49.51655864341767,0.2661083112838156,0.4038082491645391,-0.1376999378807235,28.364864001889323,27.04348122058382,4.769616475640786,0.01235704491947396,-0.013161151478100708,-0.023523341872800363,-0.005363978075154541,0
2020-07-24,26.973663330078125,27.42529654081089,26.83164455103976,27.04423107183224,15631000,27.690676498413087,26.649558029174806,27.494535150531608,45.94777161715376,0.19200452478419194,0.3614475042884697,-0.16944297950427778,28.397843532392116,26.983509464434057,5.1076183279202745,0.012612368549746835,-0.012529494306705025,-0.02719987497061882,-0.022129166090443797,1
2020-07-27,27.58142852783203,27.60612715392176,27.12362064962042,27.19507000617033,20646000,27.713919925689698,26.73564826965332,27.502810710274503,52.49530709585767,0.18024061068327057,0.3252061255674299,-0.14496551488415932,28.37300205661182,27.054837794767575,4.756325577105964,0.013561337779614397,0.022531800383086775,-0.0035690837798937336,-0.01403199460317861,0
2020-07-28,27.11127281188965,27.531151160731326,27.00630196282837,27.449115712840143,13974000,27.703202342987062,26.82314437866211,27.465521386618803,47.683351547174574,0.1314645455354828,0.2864578095610405,-0.1549932640255577,28.39342826609277,27.012976419881355,4.983004596798426,0.014032286462160098,-0.01704609735742857,-0.007491791309904738,-0.022237014736421257,1
2020-07-29,27.24358558654785,27.45352390785809,27.11920916081569,27.21535882571581,16562000,27.673387241363525,26.89037666320801,27.444384643754905,49.09746824196788,0.1023063734347609,0.2496275223357846,-0.1473211489010237,28.388487935959063,26.958286546767987,5.168147204811084,0.01336284093335066,0.004880360120907978,0.010006881644761156,-0.01577429465874991,1
2020-07-30,27.53026390075684,27.60347815938337,26.992185535956597,26.992185535956597,21259000,27.67060842514038,26.966101455688477,27.45256362061223,52.11742406441618,0.10116469245588178,0.21993495635980406,-0.11877026390392229,28.387478063394614,26.953738786886145,5.181451938027615,0.013455744749026518,0.010522782080143678,-0.001855039053672014,0.007846923989596633,1
2020-07-31,27.940444946289062,28.085991879435788,27.468522794972912,27.75961497879846,24719000,27.676253890991212,27.038277893066407,27.499028508771932,56.12806197890415,0.1318383341535636,0.202315631918556,-0.0704772977649924,28.399725876117,26.952781905865425,5.228106289061625,0.013733564210133675,0.01489927764626131,0.030584035657513775,0.03584168766327278,1
2020-08-03,28.335622787475582,28.53497501886752,27.987193824138537,28.05070361441757,20796000,27.687015438079833,27.125133171081544,27.578704154362757,59.63585074156254,0.18589211672755823,0.19903092888035645,-0.013138812152798218,28.442296997133113,26.931733879026552,5.455853923601243,0.013898356105169587,0.014143577238880267,0.040084195138651246,0.027344278374940023,1
2020-08-04,28.96720314025879,28.98484549570674,28.261525747017007,28.271226855305475,25258000,27.754363536834717,27.221389541625978,27.710942153019523,64.51863605529061,0.27650599598359094,0.21452594230100336,0.06198005368258758,28.692015667253905,26.81671140641553,6.756790723554268,0.014015718588312326,0.02228927020663085,0.05219489521357068,0.06845603824086122,1
2020-08-05,29.06864547729492,29.24859550247058,28.738743827677386,28.954856815577205,22299000,27.798336219787597,27.310297737121584,27.84024723152194,65.24583625094834,0.3524409767485075,0.24210894919050419,0.11033202755800331,28.884204262985207,26.712468176589987,7.812467872984863,0.013358202096715408,0.003501972093921113,0.040378760366008404,0.06699044385876407,0
2020-08-06,29.035127639770508,29.18684922182331,28.704341008837943,28.91251611574381,14193000,27.83212070465088,27.388809204101562,27.95404536564085,64.77345551772817,0.40524398630028813,0.274735956612461,0.13050802968782715,29.02271190914943,26.64152950015233,8.555519122188887,0.01332980647080269,-0.0011530581137876306,0.02468641178425446,0.05466216177362182,0
2020-08-07,28.750205993652344,29.085404026584666,28.35767282762628,28.967203943235635,14192000,27.860744857788085,27.469392890930177,28.02987018735623,60.74721353912077,0.41926690820977797,0.3036421469319244,0.1156247612778536,29.109311230663547,26.612178484912622,8.962907339689757,0.013454107861654107,-0.009812997884944608,-0.0074911321454042,0.028981680460705483,1
2020-08-10,28.87634658813477,29.044825530894187,28.58525276999916,28.59936867335005,11989000,27.93153314590454,27.53830265045166,28.110486987430377,61.877019256185775,0.4355380550410537,0.3300213285537502,0.10551672648730348,29.24040181195767,26.622664479851412,9.37197868241645,0.011923152191720021,0.004387467502329434,-0.006615337109888708,0.019082827461205154,0
2020-08-11,28.582603454589844,29.40207273622914,28.4705780479725,28.89486603144564,19316000,27.971006774902342,27.60357261657715,28.155450460493185,57.711285066956584,0.4198902072324451,0.3479951042894892,0.07189510294295587,29.308112599832594,26.63390094997209,9.560655686730604,0.012026783307237308,-0.010172447980854482,-0.015585403680499876,-0.013277073516787863,1
2020-08-12,29.4303035736084,29.627895943864303,28.699927525416165,28.74315012033003,18471000,28.05859899520874,27.671704902648926,28.276865042694634,65.02835819604158,0.47046822534134236,0.37248972849985984,0.09797849684148252,29.530317381195232,26.58688060922225,10.490319821298282,0.013483730282045399,0.02965790433909654,0.02365539850762155,0.012441518700827103,0
2020-08-13,29.05806350708008,29.410018953627656,28.919572849653253,29.304168172213178,15095000,28.13834066390991,27.71236328125,28.351264896445628,60.10994726701638,0.47503905216694875,0.3929995932332776,0.08203945893367115,29.64479780516408,26.63188352265574,10.707505174150828,0.013733391574323003,-0.012648189835939183,0.006292933158655867,0.0007899351294105017,0
2020-08-14,28.91692924499512,29.09599430439364,28.7563847923227,28.934568238537672,10140000,28.20498332977295,27.751316528320313,28.40513769154558,58.30919853865904,0.4619480602296129,0.40678928663254466,0.05515877359706822,29.72532746678538,26.68463919276052,10.780677437292201,0.013836330689357749,-0.004856974108084389,0.01169682779024761,0.005799028061906242,1
2020-08-17,29.137451171875,29.267118962353088,29.021014307883483,29.066000130924916,10594000,28.26315793991089,27.78037887573242,28.474881832529334,60.309946833919305,0.4640187124488442,0.4182351717958046,0.04578354065303958,29.83195810505519,26.69435777476659,11.1013791769459,0.013622003853672827,0.00762604926033239,-0.009950709512762668,0.009042161304696261,0
2020-08-18,28.98925018310547,29.389724538747554,28.945145982092136,29.273287698306238,8857000,28.326227569580077,27.805708808898927,28.523869294488964,58.28554339151355,0.4485307546851587,0.42429428837367544,0.02423646631148324,29.905263839446373,26.74719129971378,11.148934435322023,0.013489989759554167,-0.005086271544320398,-0.002368131790951855,0.01422707099308429,1
2020-08-19,29.039533615112305,29.381784517399428,28.953970048306772,29.06246564703694,11273000,28.394193172454834,27.835886154174805,28.572980182167377,58.79097104143593,0.435296067199225,0.4264946441387854,0.008801423060439573,29.973172145803396,26.815214199106272,11.121844271175327,0.013457746475985308,0.001734554418939105,0.0042398820800935155,-0.013277809300156762,0
2020-08-20,29.00601577758789,29.108340098412796,28.76167435786413,28.905458047852235,8910000,28.47869806289673,27.865882148742674,28.614221667445523,58.28402966529191,0.4172925835009025,0.42465423201120883,-0.007361648510306351,29.997559540875518,26.95983658491794,10.66664968057389,0.012982440275197462,-0.001154214043815438,-0.004510874802047815,-0.0017911630442788429,1
2020-08-21,29.110984802246094,29.149799331997997,28.668172764341357,28.959266595271345,11508000,28.585564136505127,27.93515407562256,28.661532442188438,59.46290948791015,0.406805416376649,0.4210844688842969,-0.014279052507647882,29.95967845245098,27.211449820559274,9.614043713701236,0.012451465347115954,0.003618870839176447,0.004199302098940372,0.006710794068307324,1
2020-08-24,29.46206283569336,29.65524041730496,29.209780162179666,29.286524245926387,11996000,28.679595851898192,28.000097160339354,28.73777343204605,63.20788605518873,0.4219592406269257,0.42125942323282267,0.0006998173941030195,30.02302974647692,27.336161957319465,9.368569219149649,0.011831172958160597,0.012059984773176602,0.014550137966443444,0.011140702112327983,1
2020-08-25,29.65082550048828,29.73462584410659,29.37384759797248,29.550267780094394,11140000,28.806573486328126,28.062110137939452,28.82473077189769,65.07605827992586,0.4440812329932413,0.42582378518490643,0.01825744780833488,30.00534424215137,27.607802730504883,8.322897246992543,0.010820252585864613,0.0064069738038246005,0.022230206583512047,0.022821401492073345,1
2020-08-26,29.96220588684082,30.12451352785381,29.418836178728892,29.527331778794867,14844000,28.942504501342775,28.11877338409424,28.933061735225607,67.9656587772898,0.4811919845221162,0.4368974250523484,0.04429455946976779,30.01098631012401,27.87402269256154,7.383478570292107,0.010902194023664675,0.01050157562552223,0.029240545806923368,0.03177297142431912,0
2020-08-27,29.91545867919922,30.10599140690137,29.650826712729614,30.03454037216235,12552000,29.061764240264893,28.16975196838379,29.026623348937378,67.06847362944029,0.5010545683351815,0.449728853708915,0.05132571462626645,29.997288210047778,28.126240270482008,6.438177407596765,0.010904523699454478,-0.0015602058078818537,0.015389141148547392,0.03135359604658383,1
2020-08-28,30.416492462158203,30.416492462158203,29.78844065695934,29.90311430369901,14589000,29.18556661605835,28.22154884338379,29.15899183591079,71.42268916017616,0.550874905081919,0.4699580639835158,0.08091684109840325,30.149663760676184,28.221469471440514,6.6066707376335385,0.01100719429698023,0.01674832361194456,0.025822787350636034,0.04484587755380165,1
2020-08-31,30.62201690673828,30.924575050533893,30.30181640796385,30.30181640796385,22229000,29.299886322021486,28.299843788146973,29.298327556941977,72.99974504635159,0.6000252681396603,0.4959715048147447,0.10405376332491556,30.37012195436792,28.22965068967505,7.305391021548484,0.010781544873878026,0.006757006740200966,0.0220214433606587,0.03937110844932534,1
2020-09-01,31.714933395385746,31.93810598223018,30.64583296345352,30.873413615204043,29205000,29.437272834777833,28.380996780395506,29.528480493936623,79.48362008032154,0.7188797138674339,0.5405531466252826,0.17832656724215123,30.92531145881354,27.949234210742127,10.109894570652653,0.012292387676940011,0.03569054553055806,0.06015200152815092,0.06961384244979874,1
2020-09-02,33.07954025268555,33.42796919414898,32.07041975144172,32.272420174293096,37053000,29.637817573547363,28.49339366912842,29.86667666143652,84.49139464637047,0.9126644595200339,0.614975409204233,0.29768905031580095,31.801016903383378,27.474618243711348,14.597561540879008,0.01498650966326641,0.04302726543005564,0.08755275756534053,0.10404221830722538,0
2020-09-03,31.05777931213379,32.54058541239937,30.88753374672151,32.28566123581581,41795000,29.738950157165526,28.572994270324706,29.980115009121974,60.809266050701495,0.8928093053346693,0.6705421884303203,0.22226711690434897,31.968105014792183,27.50979529953887,14.991483195243513,0.02128972762861288,-0.061118169270433675,0.01423036264145039,0.03818496133334737,1
2020-09-04,32.01573181152344,32.86078150115086,31.182149821778356,31.84107820392581,58514000,29.902226448059082,28.668437194824218,30.173983276017353,65.71309582538649,0.9434966710343744,0.7251330849511312,0.21836358608324324,32.290472399956954,27.513980496161214,15.973699858412305,0.02187556891128412,0.030844204595638747,0.009484441048249304,0.052578033162596904,0
2020-09-08,30.921052932739254,31.998094795879982,30.87341890411305,31.10805586484388,26685000,30.004461765289307,28.744527053833007,30.245132767133725,56.94447956206435,0.8851320849298787,0.7571328849468807,0.12799919998299802,32.38333252053798,27.625591010040637,15.856780060628642,0.023621542312665528,-0.03419190556781759,-0.06525143044486714,0.009765392884201862,1
2020-09-09,31.758153915405277,31.918698320765525,30.970442862851293,31.41678464250401,26273000,30.16323928833008,28.833177642822264,30.389230019350062,61.207369881758936,0.89609515614411,0.7849253391863266,0.11116981695778339,32.56510020920376,27.7613783674564,15.925749206935766,0.02393681762784018,0.027072201728929546,0.022550698046780893,0.0013627813585703752,0
2020-09-10,31.49794006347656,32.44619562037215,31.26065492976493,31.943400276703823,22851000,30.266621112823486,28.906338691711426,30.494821452124015,59.243760158687714,0.8737147461877939,0.8026832205866201,0.07103152560117376,32.711008757230616,27.822233468416357,16.15236557325179,0.02342176525813693,-0.00819360762032495,-0.016173041150366885,-0.047812036598077756,1
2020-09-11,31.729047775268555,32.13216360911759,31.286232439689527,31.799613824665027,17362000,30.40017032623291,28.9892028427124,30.612366816233017,60.45711686957916,0.8646593165793561,0.8150784397851674,0.049580876794188766,32.85767016099325,27.942670491472565,16.167671485970047,0.0231134967100845,0.007337232572233399,0.026130896780484303,0.02161353702685731,1
2020-09-14,31.949583053588867,32.27507668070198,31.698185317855256,32.144527257548,16447000,30.551803016662596,29.07164379119873,30.73972074360024,61.630995604142086,0.8653034971614879,0.8251234512604315,0.040180045901056394,32.998733887272465,28.104872146052728,16.018241995572836,0.02300808668829741,0.006950579793075562,0.00602771617939446,-0.0020661329350204483,1
2020-09-15,32.36503982543945,32.73640075926673,32.22743081700479,32.31123115313529,16618000,30.71318244934082,29.156536750793457,30.894513037108737,63.81055770679146,0.8890890392790318,0.8379165688641517,0.051172470414880156,33.191243125988436,28.235121772693205,16.136788694789267,0.02306861197075743,0.01300351153734125,0.027528776809387034,0.0466991501175984,1
2020-09-16,32.376502990722656,32.81402525670798,32.315638052348646,32.477064063439784,18498000,30.88254508972168,29.251661987304686,31.03565493745292,63.871539693194705,0.8985068072366893,0.8500346165386592,0.048472190698030104,33.3289686945545,28.436121484888865,15.843406673415878,0.022968791962073604,0.00035418356798033734,0.020405756265990505,0.019470561071165626,0
2020-09-17,32.2777099609375,32.6481926500916,31.31446035303256,31.31446035303256,22862000,31.04445390701294,29.33343235015869,31.1539458920705,62.88799553672555,0.8877650810982978,0.857580709450587,0.030184371647710817,33.40879088347867,28.680116930547204,15.23194438238536,0.023038141537060863,-0.0030513804969445335,0.010270146774631339,0.024756218847629352,0
2020-09-18,31.73169708251953,32.447078974095994,31.318876718339663,32.38356918420228,35295000,31.18073797225952,29.400877532958983,31.20896981497041,57.608033582819175,0.8256756349212253,0.8511996945447147,-0.02552405962348936,33.366878541271475,28.99459740324757,14.022378629761038,0.023543780991738424,-0.016916097179098366,-0.01956873052948027,8.349784934424953e-05,0
2020-09-21,31.3142147064209,31.329345554983288,30.574507724255696,31.155768643669944,24198000,31.29089946746826,29.463607368469237,31.218993137965697,53.88296342046338,0.7343172110775171,0.8278231978512752,-0.0935059867737581,33.26002514607025,29.321773788866274,12.5859320896109,0.023883216208016634,-0.013156635619360424,-0.03281047013033345,-0.01988659276405169,1
2020-09-22,32.186561584472656,32.20525443657283,31.417478904958607,31.721909234148264,19500000,31.427124404907225,29.558126983642577,31.311142513823505,59.740977132194296,0.7239607358185971,0.8070507054447397,-0.08308996962614257,33.24226639500931,29.611982414805144,11.551435420662637,0.02442148931952846,0.027857855808623766,-0.002823879902730142,-0.005514537968419608,0
2020-09-23,31.29642105102539,32.15273362178561,31.1593401392966,32.06105206080772,15542000,31.509404182434082,29.62819278717041,31.309740469747492,52.42338644498555,0.6365880618128941,0.7729581767183706,-0.13637011490547657,33.13422100621683,29.88458735865133,10.313218329203172,0.025463052073278536,-0.027655657815797374,-0.013717388967951716,-0.03336005559361244,1
2020-09-24,31.379199981689453,31.82872142731562,31.07388343210622,31.172688981344645,13611000,31.580253887176514,29.70220760345459,31.316355661361012,52.99994061301666,0.5674825702452999,0.7318630554237566,-0.16438048517845671,33.044691356582454,30.11581641777057,9.274386929489452,0.025402005560001658,0.002644996708380809,0.0020752644087616012,-0.027836856466441517,1
2020-09-25,31.760189056396484,31.84208107774266,31.001788870154265,31.33737400004691,18183000,31.672490406036378,29.788146781921387,31.35862550850725,55.663054581150945,0.5372653441191702,0.6929435131628394,-0.15567816904366927,32.922575809630125,30.422405002442627,7.893824499228506,0.025467949295928802,0.012141452775384476,-0.01324691135327305,0.0008979026177786675,1
2020-09-28,32.694828033447266,32.795412887510615,31.958682862055905,32.19456931948864,22192000,31.78640718460083,29.890361824035644,31.48588289183487,61.43590771740511,0.582026292256657,0.670760068981603,-0.08873377672494598,32.97145320244272,30.601361166758938,7.456306785222297,0.025972965561322094,0.029428004203348568,0.044682648541247705,0.04408902921468694,0
2020-09-29,32.424217224121094,33.00637120061849,32.40018307956198,32.71173391276959,13722000,31.87651720046997,29.97936698913574,31.575248066338318,59.03900872970358,0.5888754458397045,0.6543831443532233,-0.06550769851351879,32.96374035605008,30.789294044889857,6.8214676574772275,0.026104403560215667,-0.008276869021893396,0.03330286441468977,0.007383691452245378,1
2020-09-30,32.4295654296875,33.02417803472449,32.197240975486615,32.30761538002044,22403000,31.912248802185058,30.07340114593506,31.65661162475253,59.07299355700814,0.5879573979987889,0.6410979950823364,-0.05314059708354757,33.02260811526354,30.801889489106582,6.958828379418065,0.024960063320688033,0.00016494478585071803,0.02107595682451402,0.03620683581725337,1
2020-10-01,32.81055450439453,32.99837270362016,32.47407972171688,32.8443782150267,16016000,31.89879951477051,30.176007804870604,31.766510946623193,61.52213935914254,0.6109300513992153,0.6350644063457123,-0.02413435494649696,32.95759648853572,30.840002541005294,6.638475365036513,0.023128087148269496,0.011748201669031788,0.003539595645796867,0.045614755109764094,0
2020-10-02,31.76284408569336,32.48296859595791,31.702317293777924,32.04501948026124,17100000,31.934052753448487,30.264946327209472,31.766161721772733,52.260431541076166,0.5383883640940503,0.6157291978953798,-0.0773408338013295,32.92315014389885,30.944955362998126,6.194624892035054,0.019753336309761324,-0.03193211558069964,-0.02039750516893668,8.359614271058469e-05,1
2020-10-05,32.5880126953125,32.654773847295054,32.03612707044234,32.11979837637805,18923000,31.96266679763794,30.37723331451416,31.844433243062234,57.665930462248205,0.5412436450172464,0.6008320873197532,-0.05958844230250682,32.991859209727714,30.933474385548166,6.439965842686392,0.019397216260454497,0.025979052990119822,0.004885889265723975,-0.0032670408306014753,0
2020-10-06,32.3993034362793,33.1131972075154,32.22483681733851,32.588904304356305,16672000,32.036579322814944,30.473590812683106,31.89727802336862,56.10146250228658,0.5222589396636295,0.5851174577885285,-0.06285851812489907,32.9631445918176,31.110014053812282,5.784420737720922,0.017640244281174677,-0.005790756889583082,-0.012534109048969344,-0.0007683697549146773,1
2020-10-07,32.64497375488281,32.92269750568887,32.584443566448314,32.788285580467786,12747000,32.08092031478882,30.584264831542967,31.96848714065569,57.709992964026654,0.5210308461878377,0.5723001354683903,-0.05126928928055263,33.03443136293721,31.127409266640424,5.944412060453516,0.01672512520220233,0.007582580257834426,0.027772376642644092,0.006642343871747336,1
2020-10-08,33.2315788269043,33.317032818358946,32.78472976628815,32.92536925679394,17045000,32.16760225296021,30.704024696350096,32.08878158696508,61.35156540892288,0.5609256978288855,0.5700252479404894,-0.009099550111603905,33.20488625116764,31.130318254752776,6.4492466056401705,0.016947810085946903,0.017969230927433077,0.01974855409591658,0.01283197827252125,1
2020-10-09,33.531551361083984,33.82529900868499,33.29121669837181,33.463010922432915,17253000,32.257727432250974,30.82405044555664,32.226188232119256,63.10134018251327,0.6097194652562479,0.577964091403641,0.03175537385260685,33.43121510968865,31.084239754813296,7.275699628266033,0.01697570316178948,0.00902673134316534,0.034946674919462906,0.05568478913975117,1
2020-10-12,34.04161834716797,34.27928416613737,33.80662148084615,33.9846501301596,18839000,32.362329196929934,30.946073913574217,32.39908633831437,65.92622593705414,0.6816889347486992,0.5987090600726527,0.0829798746760465,33.75902887117874,30.965629522681127,8.631638753500512,0.017178645099071903,0.015211553458750915,0.0427828370386194,0.04460553226875841,0
2020-10-13,33.95793533325195,34.51961390384777,33.70157672150878,34.2178593388827,16731000,32.441973972320554,31.058520164489746,32.54754814735604,65.04637684814057,0.7236311683150234,0.6236934817211268,0.09993768659389657,34.00229033063093,30.88165761401018,9.619120955103616,0.017067315197836476,-0.002458256040079765,0.02185741791357798,0.04810695699177803,0
2020-10-14,33.85200500488281,34.1582145766467,33.63392177231461,34.14041137869645,17298000,32.515749073028566,31.156216201782225,32.67178213378716,63.88409774851502,0.7397951009735593,0.6469138055716133,0.092881295401946,34.19193411315525,30.839564032901883,10.309988777204943,0.01710839242663525,-0.0031194572735231407,0.009556779534237059,0.03697448982692042,0
2020-10-15,33.81907272338867,33.86892032200892,33.38201318924646,33.38468553666568,14361000,32.59281721115112,31.2512247467041,32.7810479042254,63.50419197330845,0.7414013607894105,0.6658113166151727,0.07559004417423787,34.35753709850729,30.828097323794957,10.828888315627982,0.017080016665169142,-0.0009728310476555535,-0.006537457223969256,0.017678783772040907,0
2020-10-16,33.70513916015625,34.11727153403893,33.66062946140485,34.11727153403893,10295000,32.69148931503296,31.344624977111817,32.869056595266436,62.12767126359262,0.725122090805641,0.6776734714532664,0.047448619352374655,34.47318457319393,30.909794056871984,10.900055613811842,0.016530363457954493,-0.0033689144632764734,-0.007444391733915645,0.005176849624492164,0
2020-10-19,33.44877624511719,34.14664606124209,33.39358734412178,33.93568340566817,14803000,32.798217391967775,31.438596382141114,32.924267990490314,59.027247262443,0.6836535744812693,0.678869492058867,0.004784082422402247,34.49061039972876,31.105824384206787,10.320030430528519,0.01628696336089136,-0.007606048259314546,-0.011911517787719372,-0.017415214987865024,1
2020-10-20,33.557376861572266,33.926782246974014,33.43008550231209,33.55915616299015,13297000,32.86675815582275,31.532216987609864,32.9845640734505,59.93929254656175,0.6520363692779014,0.673502867502674,-0.021466498224772534,34.56553501055339,31.167981301092112,10.337355736009393,0.015240185399215957,0.0032467739823793806,-0.007738114641902105,-0.011795725144910563,0
2020-10-21,33.117652893066406,33.54580924047828,32.96276536238741,33.44878296999944,11896000,32.9578197479248,31.622917976379394,32.9972391991282,54.63614355852358,0.5847567452716262,0.6557536430564644,-0.0709968977848382,34.497972940707434,31.41766655514217,9.346207998965763,0.014039998081407934,-0.013103645446417511,-0.01743016886232962,-0.021693016756628825,1
2020-10-22,33.235145568847656,33.31881687553154,32.67791524374942,33.03130350839798,13547000,33.05061702728271,31.69901481628418,33.019896948625295,55.7623793245955,0.5347535297133987,0.6315536203878513,-0.09680009067445261,34.41245415628674,31.68877989827868,8.240918031151182,0.014040499141421173,0.003547735588648848,-0.006386800961088013,-0.017266208311417786,0
2020-10-23,33.17728805541992,33.28588657137948,33.00282142575317,33.22535636234017,8868000,33.12147197723389,31.781399307250975,33.03488657784383,55.037753676805224,0.48486774973236635,0.6022164462567543,-0.11734869652438795,34.348128779468475,31.8948151749993,7.407018643843677,0.013905775947320356,-0.0017408533176989094,-0.011326535078121536,-0.015660849291502577,0
2020-10-26,32.31562423706055,32.93159855294692,31.83227915445149,32.899554156663406,15509000,33.10251178741455,31.849373207092285,32.96638540253113,45.545295270257625,0.37152117592103906,0.5560773921896113,-0.18455621626857222,34.36612646776255,31.83889710706655,7.634554673451823,0.013729260761569356,-0.025971496432138697,-0.024217557282683377,-0.033877233646838034,0
2020-10-27,32.00941848754883,32.50611857363445,31.975594786232158,32.50611857363445,9620000,33.08177185058594,31.90681255340576,32.87524569634234,42.72520917295449,0.2540563511685434,0.4956731839853977,-0.2416168328168543,34.40160341938399,31.761940281787886,7.979207248989444,0.013767588211587621,-0.009475470665999186,-0.03688044870330709,-0.04612870607881325,0
2020-10-28,30.90654182434082,31.58749816703197,30.756999003297047,31.5109474550063,22331000,33.005620670318606,31.945158386230467,32.68775008948505,34.45111564802522,0.07115151133539399,0.410768849455397,-0.339617338120003,34.61186157731074,31.399379763326472,9.73313559551752,0.01571164509789856,-0.03445475473529802,-0.06844279216812443,-0.0667653313435298,1
2020-10-29,31.60084724426269,31.99517981573212,30.742751996365296,30.91099105247504,15697000,32.945135307312015,31.996384658813476,32.58423553279721,42.05848288801403,-0.017574657444221486,0.3251001480754733,-0.3426748055196948,34.66340287920984,31.226867735414185,10.431085232279901,0.016383745270382635,0.022464675079729046,-0.022118619388392546,-0.04917379769555885,0
2020-10-30,31.1219539642334,31.421039585288817,30.658191284091643,31.100588765236115,18530000,32.913090801239015,32.038703422546384,32.44497062150542,38.72050849645173,-0.1250914939839305,0.23506181966359255,-0.360153313647523,34.73889790566283,31.087283696815195,11.094716782752506,0.015139184066258473,-0.01515444432004076,-0.027725106085905282,-0.06195003303926638,1
2020-11-02,31.26615333557129,31.634672432538,31.008012037568896,31.603517682476543,11757000,32.846997833251955,32.08180679321289,32.33270230855931,40.25801980420198,-0.19639970388428196,0.14876951495401766,-0.34516921883829965,34.80593731906273,30.88805834744118,11.927662282899313,0.013840545202402724,0.004633364971351472,0.011635449649279428,-0.032475649976326126,1
2020-11-03,31.48957633972168,31.97737311360691,30.857578072003417,31.68451847740398,15457000,32.801511478424075,32.12235706329346,32.252404597241444,42.658623567982886,-0.23220686853057515,0.0725742382570991,-0.3047811067876742,34.84053095914757,30.76249199770058,12.432472705196568,0.013954737876373925,0.0071458423987258435,-0.0035211367493070966,-0.016240287152650357,1
2020-11-04,32.457157135009766,32.84436563755042,31.79044217219366,32.08774843401884,21277000,32.79212064743042,32.178483695983886,32.271904838933665,51.708727289495926,-0.18042875039821382,0.021973640526036523,-0.20240239092425033,34.83566239227692,30.748578902583922,12.463614456765129,0.01559586519552161,0.030727018517157978,0.042902292456021174,0.05017110356383325,1
2020-11-05,33.90275573730469,34.06119847367638,33.114090471886286,33.1452452286684,21783000,32.82567949295044,32.25729469299316,32.42722397211186,61.48836134583727,-0.02248727361118341,0.013081457698592536,-0.03556873130977595,34.91843734820996,30.73292163769092,12.750735933487414,0.018145707598711307,0.0445386697387502,0.08432768730567686,0.07284325243716117,0
2020-11-06,33.880496978759766,34.151989854684864,33.573397700441404,33.82975972293676,13545000,32.84312677383423,32.33659545898438,32.565630925125944,61.282569188809184,0.09973668642192735,0.0304125034432595,0.06932418297866785,34.964752277342996,30.721501270325458,12.919753457816602,0.018053593192137674,-0.0006565471762057795,0.07592736762298458,0.08863656239889672,0
2020-11-09,33.42829895019531,35.06170408875192,33.38112030794735,34.63532719432629,24088000,32.812460803985594,32.396831588745115,32.64778978465636,57.10142400134294,0.1582868216458948,0.055987367083786564,0.10229945456210823,34.88097284292538,30.743948765045804,12.608088441135964,0.017972263115474597,-0.01334685346699438,0.029920729383228428,0.069152914060719,0
2020-11-10,32.32364273071289,33.2200133828095,32.07707365312966,32.96365475154967,26784000,32.73074617385864,32.43086410522461,32.616918636661744,48.41194095980206,0.11423487222852202,0.06763686811273366,0.04659800411578836,34.740074214384556,30.72141813333273,12.277923820329653,0.019371660613486587,-0.0330455408792486,-0.0465777183078433,0.02648706295673775,1
2020-11-11,33.46213150024414,33.57073001295063,32.806098961475655,33.011720340280654,15133000,32.711252498626706,32.465808067321774,32.697415099860066,55.866201986039414,0.16923903168203225,0.08795730082659338,0.08128173085543887,34.6839206883758,30.73858430887761,12.061098484883221,0.02110444667614631,0.03522154910001829,-0.012348268644875704,0.030963105026544868,0
2020-11-12,32.952972412109375,33.700689902982376,32.782064392842344,33.57873983932593,12160000,32.66794748306275,32.46327671051026,32.72175389150286,52.23127675016757,0.1697881292752328,0.10432346651632127,0.06546466275891152,34.57848433499533,30.75741063113016,11.69670578736626,0.02136461936314424,-0.015215978938193153,-0.01421928584502985,-0.028014929894038754,1
2020-11-13,33.246707916259766,33.58763421346711,33.075803338016875,33.380230195285954,10997000,32.64502592086792,32.50705528259277,32.77174951290828,54.087231745483905,0.19171531855511859,0.12180183692408074,0.06991348163103785,34.515824916842405,30.774226924893437,11.461464300927997,0.021471650624604745,0.008913778717043686,0.028556966590582045,-0.018706604655100878,1
2020-11-16,33.897403717041016,33.94725131212858,33.29121892991354,33.363317975315056,12100000,32.667457294464114,32.54468872070313,32.878954675206636,57.98186709705274,0.25861730772783886,0.14916493108483236,0.1094523766430065,34.586405790223395,30.748508798704833,11.748379914983278,0.02185265977495273,0.019571736318079624,0.01300790467557933,0.014033162966043289,0
2020-11-17,33.87870788574219,34.04249185643305,33.56092609942806,33.70602061921951,11950000,32.68352384567261,32.60384181976318,32.97416926668621,57.83007870301617,0.30659478497916837,0.1806509018636996,0.12594388311546878,34.63707574539163,30.729971945953594,11.954352957431622,0.021847625005280973,-0.000551541689000512,0.028092624302766378,0.04810921739187912,1
2020-11-18,33.880496978759766,34.26503661688936,33.791484368390044,33.815515124611395,13517000,32.72166604995728,32.64628868103027,33.060486191645595,57.841452483269926,0.34083273856519014,0.21268726920399772,0.12814546936119242,34.73646158405331,30.70687051586125,12.314749077996042,0.021606793653889733,5.280877368796233e-05,0.019063212637364213,0.012502654784934286,1
2020-11-19,34.210731506347656,34.25613085009225,33.322374669315806,33.62234989931465,14555000,32.770445346832275,32.70054450988769,33.170033364474364,59.986715220714586,0.39011670738101856,0.2481731568394019,0.14194355054161667,34.87772186129777,30.663168832366775,12.860835378724545,0.021684155608816244,0.009747039064831986,0.009243415570176161,0.03816830477411148,0
2020-11-20,34.121726989746094,34.61308247166271,34.0656484303254,34.20896030440051,16140000,32.81766729354858,32.74839809417725,33.26067085259548,59.113629817569446,0.41718365362028464,0.28197525619557845,0.1352083974247062,35.0002764837611,30.635058103336064,13.301427982003966,0.0216921351370918,-0.002601654880868276,0.007173210525723173,0.026318968954468724,1
2020-11-23,34.44841003417969,34.63979022197678,34.0923527652876,34.303315457707136,12212000,32.924306583404544,32.79837463378906,33.37378886988922,61.337894080975154,0.4596959067412527,0.3175193863047133,0.1421765204365394,35.204602629041354,30.644010537767734,13.851748341975348,0.020747507483124844,0.009574047777000327,0.016762240995932043,0.01625511858483919,1
2020-11-24,34.913944244384766,34.965571144589106,34.37541020783468,34.592603802794564,13455000,33.06953287124634,32.84935272216797,33.52047033412689,64.31695526223672,0.524901159923715,0.35899574102851367,0.16590541889520133,35.465303084734295,30.67376265775838,14.489289720636226,0.0206328929771435,0.013513953466739892,0.020555325977365646,0.03055713819234107,0
2020-11-25,34.78932189941406,35.205016199714684,34.626427567771444,34.96824012730912,11787000,33.263671875,32.897609100341796,33.641313340344716,62.919278793713886,0.5600647335029194,0.39920953952339483,0.16085519397952458,35.5538211957223,30.973522554277697,13.769672388113657,0.018616955536077884,-0.0035694146756491962,0.019565097331345038,0.026824427080395452,1
2020-11-27,35.15606689453125,35.53170663992133,34.982489922735994,34.9958414750874,6846000,33.441432857513426,32.955176239013674,33.785575583600576,65.3085043971062,0.6104880487836866,0.44146524137545323,0.16902280740823333,35.739610978343116,31.143254736683737,13.74449552219679,0.01825262061874207,0.010541883977432942,0.02054251153099451,0.02763271484002594,1
2020-11-30,35.7462272644043,35.79785416647635,34.95934145944705,35.07328125812028,15454000,33.67264652252197,33.03546684265137,33.97230431510569,68.79308385313294,0.6901146865715049,0.4911951304146636,0.19891955615684126,35.92080190501811,31.424491140025836,13.353006755750288,0.01774030970482103,0.01678687128578793,0.02383812651454842,0.04760896994300379,1
2020-12-01,36.01239013671875,36.20020834935836,35.61627815781252,35.913584554722306,18181000,33.909958362579346,33.12943035125733,34.16659820287836,70.244706395479,0.7658680400477706,0.546129712341285,0.2197383277064856,36.092977631937174,31.726939093221514,12.875387495414072,0.017730880519543326,0.007445901083370954,0.03515642647019468,0.04540064696708157,0
2020-12-02,35.93760299682617,36.08714578080774,35.704385524314326,36.027505239076305,10031000,34.13235969543457,33.204451179504396,34.33526532611149,69.26969374458186,0.8105251914118483,0.5990088081553977,0.2115163832564506,36.18622007146016,32.078499319408984,12.034681424620677,0.01785295463715817,-0.002076705811767887,0.02223047602678485,0.02931948178859911,0
2020-12-03,35.58778381347656,36.19664106281293,35.43646169855954,36.00615054749272,16120000,34.28889102935791,33.29027843475342,34.45455280109864,64.7429051534746,0.8083704299465566,0.6408811325136294,0.16748929743292718,36.284567696354245,32.29321436236158,11.640368685517691,0.017279611352714688,-0.00973407111711111,-0.004432452402760578,0.022951350312923058,1
2020-12-04,36.64527893066406,36.70937114980608,35.81833819889762,35.81923124544779,20083000,34.42601718902588,33.39560001373291,34.66319338486678,70.9279403893889,0.8818286127343313,0.6890706285577699,0.19275798417656143,36.659445880536545,32.19258849751521,12.975237183246552,0.01573198090003992,0.029715115802941394,0.017574195757143363,0.042360029652932285,1
2020-12-07,37.4650764465332,37.63865335146812,36.79302027360364,37.06629235301504,19707000,34.60524616241455,33.50969776153565,34.93003939073977,74.64181122463275,0.9947289439595011,0.7502022916381161,0.24452665232138493,37.18349545110284,32.02699687372626,14.90091575472495,0.01620762038369388,0.022371163210962663,0.042503487220389546,0.04808477183941928,1
2020-12-08,37.68941116333008,37.98226589822086,37.22208977786607,37.321785006765055,18121000,34.81830177307129,33.609589424133304,35.192836702415036,75.56182501712097,1.0897433239634822,0.8181104981031895,0.2716328258602927,37.662800397468345,31.973803148674236,16.339100298090983,0.015610930388198522,0.005987835554453591,0.05905474083097184,0.046567890113503374,0
2020-12-09,37.04939270019531,37.92884972042811,36.822406146509564,37.3386853599678,20908000,35.05458927154541,33.70209293365478,35.369651559346494,67.98370255133844,1.1007104585431549,0.8746304901911826,0.2260799683519723,37.8147946794727,32.29438386361812,15.74804021548076,0.013796936704180201,-0.016981386638310503,0.011027717111824042,0.030936668298865877,0
2020-12-10,36.49928665161133,36.9630493151021,36.31858569976493,36.623905655910086,26244000,35.20644702911377,33.78348735809326,35.4772358538479,62.208739825641956,1.0528761303804401,0.9102796182290341,0.142596512151406,37.93348508039479,32.47940897783275,15.491697012344996,0.0129082537839413,-0.014847910005852394,-0.02577840182176494,0.02561280137341937,0
2020-12-11,36.12364959716797,36.22868610788556,35.45248283032007,35.96164487967093,26664000,35.3649808883667,33.84974925994873,35.53879906749743,58.551217454193115,0.9734351551933145,0.9229107256218902,0.05052442957142422,37.912298523701665,32.81766325303174,14.405875933459939,0.012555907085473916,-0.010291627286550753,-0.041543805483634566,-0.014234557594255515,1
2020-12-14,36.65595626831055,36.87849121243792,36.13967356804042,36.186852225781294,26116000,35.53544330596924,33.947611503601074,35.64519499138439,61.963999820529374,0.9425650070302325,0.9268415819035588,0.015723425126673685,37.94552728821579,33.125359323722684,13.564395195496035,0.01272560855116413,0.014735683605576533,-0.010619241051222139,-0.021596650933766504,1
2020-12-15,37.21317672729492,37.33156478059275,36.76187596723026,36.9657180216551,21207000,35.701231956481934,34.04011478424072,35.794526585280636,65.19466847675265,0.9520881468552886,0.9318908948939049,0.020197251961383778,38.0939050312152,33.30855888174867,13.40386840235552,0.01249714012113446,0.015201361953448789,0.0195590144678095,-0.012635762176579468,1
2020-12-16,37.8220329284668,38.02231297932346,37.11525983454904,37.20783443402863,23160000,35.89839820861816,34.148569374084474,35.98762242748884,68.35726609753601,0.9972690143689107,0.944966518788906,0.05230249558000466,38.30767753520049,33.48911888203583,13.422767849312736,0.012690180330742403,0.016361306792851638,0.04701582897183165,0.020854329098555224,1
2020-12-17,37.92884826660156,38.27689181212942,37.790877717499264,37.96445466495475,17152000,36.100815773010254,34.254246864318844,36.17250107883291,68.89131785420182,1.0298231225641885,0.9619378395439626,0.0678852830202259,38.477977064319596,33.72365448170091,13.1695710493421,0.012641497261927216,0.0028241564470314895,0.03472537966200728,0.039166837112065034,1
2020-12-18,39.01150894165039,39.1093585083966,37.883966737475504,38.13532844955235,45243000,36.34085464477539,34.36984546661377,36.44288278005362,73.73080686964796,1.1299586956833068,0.9955420107718315,0.1344166849114753,38.87074879324148,33.8109604963093,13.923140626137181,0.013616640958137126,0.02854451755135856,0.04832514642686858,0.07994373150792677,0
2020-12-21,38.50160217285156,38.78169241524915,38.03657956461071,38.436066624443306,19096000,36.559848403930665,34.46924648284912,36.63895129365343,68.33859395701984,1.1548591466766425,1.0274054379527937,0.12745370872384876,39.04125764111858,34.078439166742754,13.574505067811643,0.014181533090713882,-0.013070675363044737,0.017967549382394088,0.050350504868334145,1
2020-12-22,38.88043975830078,38.92083570707558,38.42259845824158,38.5015993180488,17929000,36.78144989013672,34.56602291107178,36.8524263855246,70.08883681399914,1.191427921118347,1.0602099345859044,0.13121798653244254,39.26063471111936,34.30226506915408,13.480625850192244,0.01418502893870298,0.009839527813633397,0.02508885809056194,0.04480302886324039,0
2020-12-23,38.19457244873047,39.14077103238198,38.160457123339,39.05099998843379,10533000,36.945481300354004,34.650755653381346,36.98024982011564,63.269611910306665,1.1517880824261084,1.0785255641539453,0.07326251827216312,39.3414361764269,34.549526424281105,12.970218775035644,0.015021456982164689,-0.017640420577390237,-0.020940909877180447,0.009849801594966179,1
2020-12-24,38.733211517333984,38.78168939532038,38.38399682887788,38.46658661295516,4123000,37.14267578125,34.74837978363037,37.147198553184055,66.0622320613176,1.1505737973857322,1.0929352108003028,0.05763858658542942,39.44364260158498,34.841708960915014,12.389881837735214,0.01503492374776607,0.014102502896885305,0.00601557679191167,0.021207162555492376,1
2020-12-28,38.77091598510742,39.254790687390624,38.70538386598946,38.99175470613376,10625000,37.32341823577881,34.847416648864744,37.301838308605326,66.2556368550029,1.1395182461663822,1.1022518178735186,0.03726642829286364,39.538071081562926,35.108765389994694,11.867363443475362,0.01501796138096559,0.0009734402673158282,-0.0028169376137258118,-0.006167230211546637,0
2020-12-29,38.51596450805664,39.125520102448974,38.313977901231496,39.125520102448974,9593000,37.46190509796143,34.94363315582275,37.41746937521974,63.61567589084071,1.0975325170284762,1.1013079577045102,-0.00377544067603397,39.610136890301035,35.31367330562182,11.468887055914884,0.014962407645727621,-0.006575843530462699,0.008414600261793304,0.0003730321439767703,1
2020-12-30,39.03575134277344,39.32032775645048,38.61112466358495,38.75206873580851,10553000,37.61307315826416,35.05537265777588,37.57159146736771,66.54264849704897,1.0935946987693015,1.0997653059174686,-0.006170607148167084,39.75752469180004,35.46862162472827,11.402692486799461,0.015099568031769114,0.013495360725240824,0.0078108634318654335,0.00399459433684779,1
2020-12-31,39.30685424804688,39.36520508863787,38.87594703983484,39.16860532295393,10211000,37.7815357208252,35.17036220550537,37.736854589337156,67.98907429552916,1.0996733384596382,1.0997469124259025,-7.357396626428425e-05,39.90226499713399,35.6608064445164,11.226273553194115,0.015038499435446337,0.006944990065463008,0.013823203536004192,0.029121462239417806,0
2021-01-04,38.173038482666016,39.70096519500935,37.81574522007064,39.43972705133643,24171000,37.91079845428467,35.27146991729737,37.778395912511336,56.90823365109326,1.0014570738737163,1.0800889447154653,-0.07863187084174905,39.781307113086925,36.04028979548241,9.867946522191245,0.01653026528697753,-0.02884524307709524,-0.008903477551987393,-0.014462344141468297,1
2021-01-05,38.431583404541016,38.54738788143322,37.9198807624134,38.15777718424768,15069000,38.00011367797852,35.37539867401123,37.840604245085586,58.56653347731395,0.9337190589331854,1.0508149675590095,-0.11709590862582409,39.78919983182077,36.21102752413627,9.416214746110317,0.015381860652947098,0.006772972028213031,-0.01547729754007332,-0.008752245644563783,0
2021-01-06,38.19457244873047,39.01329573903005,37.75289165246825,38.00066439114756,17226000,38.036588478088376,35.47574436187744,37.87431550257558,56.422944104234425,0.8511004346965123,1.01087206098651,-0.15977162628999775,39.810233734783125,36.26294322139363,9.325995456803323,0.014751778318864477,-0.006167087973339758,-0.02829740055760588,-0.008344385592601311,1
2021-01-07,39.80419921875,39.91192517817996,38.656010417224216,38.78707808563706,21267000,38.142327880859376,35.62551586151123,38.058113951735045,65.62485565788158,0.9050748681913134,0.9897126224274708,-0.08463775423615738,40.06635421641881,36.218301545299944,10.088667590343636,0.017369435116453547,0.04214281419644572,0.0427307021112473,0.019685745746990113,1
2021-01-08,40.00619125366211,40.39670261837932,39.37868411583314,40.12828320226381,15271000,38.290167808532715,35.785451316833495,38.24364512334714,66.57861403689054,0.9531616109714918,0.9824024201362751,-0.029240809164783332,40.30767781736463,36.2726577997008,10.538005573233992,0.01673075719672788,0.005074641341282327,0.04097171413798795,0.017791731721954696,1
2021-01-11,40.01696014404297,40.28807122200246,39.53757499305633,39.55463265949962,11660000,38.466051483154295,35.96765968322754,38.41253226817532,66.63176956130934,0.9808332256476362,0.9820885812385474,-0.0012553555909111669,40.441277459617645,36.490825506690946,10.26997001409606,0.016167444143197734,0.0002691805953878301,0.04771326338994197,0.048304293676131094,1
2021-01-12,40.34282302856445,40.82490317679744,40.00258756350575,40.19739284603519,13846000,38.67701015472412,36.142499198913576,38.596369483450474,68.27599220166854,1.0173304390378135,0.9891369527984006,0.028193486239412868,40.50200012217365,36.8520201872746,9.437078823563697,0.015786700048589886,0.008143119401087029,0.013531833836283536,0.04973096226364726,1
2021-01-13,40.5062141418457,40.71089584470207,40.227921818050426,40.424521591834186,13118000,38.86952304840088,36.33018440246582,38.778259450916686,69.09821447929303,1.0473656615393026,1.000782694546581,0.046582966992721575,40.61153602404346,37.1275100727583,8.963387451260472,0.015643418079586257,0.004050066431036781,0.012498637648687083,0.06052277967552078,1
2021-01-14,40.58341979980469,41.16065445060936,40.51698702894267,40.71269299261206,19692000,39.038035202026364,36.51652973175049,38.950179484144115,69.50046790214424,1.065120595911381,1.013650274819541,0.05147032109183991,40.75844666776223,37.3176237362905,8.814026919298247,0.01547413062495809,0.0019060200908587177,0.014155489415555778,0.019576341098394234,0
2021-01-15,40.02503204345703,40.39758840284094,39.55911571101012,40.23420331316168,18165000,39.14818515777588,36.68723884582519,39.05254639455487,63.10260533440402,1.0223492779368684,1.0153900754430065,0.006959202493861838,40.82460509549059,37.471765220061165,8.564483543532695,0.015718394597591556,-0.013759011909349805,-0.007877261957657589,0.00047094685108772794,1
2021-01-19,41.22977066040039,41.2495234386682,40.24317280883257,40.24317280883257,18819000,39.31323127746582,36.86269111633301,39.259901086540154,69.60398410966212,1.0732927871097289,1.0269706177763511,0.04632216933337774,41.12172956919302,37.50473298573861,9.200456095624112,0.01684935003060231,0.030099629043027765,0.017862852253259787,0.030307412456914484,1
2021-01-20,41.46408462524414,41.81509374233748,40.846450629328416,41.25222166169269,14710000,39.435860061645506,37.013917694091795,39.46982332832148,70.68585881604493,1.1196662483340134,1.0455097438878835,0.07415650444612987,41.465032687985264,37.40668743530575,10.291002266301724,0.015865856356344556,0.005683125593245242,0.021700113735700688,0.02779333503472947,1
2021-01-21,41.907562255859375,42.14545863151203,41.33122482802441,41.48473353613471,15749000,39.606158065795896,37.17445899963379,39.70198894046795,72.66866122935426,1.178616135800027,1.0721310222703122,0.1064851135297149,41.853118388862995,37.359197742728796,11.34651999991682,0.015470381243866835,0.010695464149840017,0.04703382149346913,0.034595879760729975,0
2021-01-22,41.7459831237793,41.97310936421781,41.50898391391563,41.6292814060997,16248000,39.74943523406982,37.34081268310547,39.89665505316427,70.78989911961278,1.1984809187393708,1.097401001564124,0.10107991717524678,42.15300635825806,37.34586410988158,12.09361144395885,0.015518107521327226,-0.0038556079948908195,0.012520381634688826,0.028646263171252073,0
2021-01-25,41.7253303527832,42.1930446592638,40.94341389206292,42.15354593831556,14692000,39.925973129272464,37.528846435546875,40.07081460550893,70.53886610028292,1.1987390784130767,1.1176686169339145,0.08107046147916219,42.36519519440833,37.4867510641366,12.218723171696496,0.01473225056648108,-0.0004947247483634287,0.0063005304446057675,0.04248087315658067,0
2021-01-26,41.64273452758789,41.92641365651933,41.46408622889327,41.53321069281014,10742000,40.071449279785156,37.69245849609375,40.220521264754545,69.47773351964378,1.178691655310935,1.1298732246093186,0.0488184307016164,42.555411624254205,37.58748693531611,12.397666613581322,0.014620900796328324,-0.0019795127922768163,-0.006319330307370863,0.010016157271137471,0
2021-01-27,39.92179870605469,41.02240677946548,39.63542444960795,40.89493146948302,21857000,40.12899341583252,37.83183502197266,40.19207149725932,51.94419847431183,1.0122699716150336,1.1063525740104616,-0.09408260239542798,42.54208796580294,37.715898865862094,12.026688658571535,0.017762367734619706,-0.04132619629945533,-0.04369724417115284,-0.03719570643193415,1
2021-01-28,40.55379867553711,41.15886468194217,40.13096991355487,40.8940376484797,16946000,40.230885124206544,37.9779768371582,40.22652170471435,56.305240415252136,0.9207627244431649,1.0692346040970024,-0.14847187965383757,42.53245351911161,37.929316729301476,11.441798448129276,0.01792453541964693,0.015830949254963533,-0.028077229523191805,-0.03230356306714044,0
2021-01-29,40.44247817993164,41.124750551335296,40.18483243449895,40.3886169147736,22069000,40.301221466064455,38.10887832641602,40.24708898806838,55.35239249053357,0.8296957223149946,1.021326827740601,-0.19163110542560635,42.53744901388328,38.06499391824563,11.097567103279179,0.017778634625423027,-0.0027450078473812978,-0.028822707280692472,-0.031224679509467723,1
2021-02-01,41.9003791809082,42.13199150431928,40.71987308900129,40.92275689554788,17027000,40.43089771270752,38.26931175231934,40.40454519691026,63.955436301553796,0.865191504516801,0.990099763095841,-0.12490825857903998,42.72156525217836,38.14023017323668,11.331272215362544,0.019334410270664088,0.03604875533319829,0.049561406023357346,0.0041952652416406,1
2021-02-02,42.8106803894043,42.81875889523442,42.01350069412676,42.17150243299504,16141000,40.662779808044434,38.447915420532226,40.63370092952874,68.08993955671386,0.9557584786630215,0.9832315062092771,-0.02747302754625558,42.93107608696362,38.394483529125246,11.156621803167742,0.018170345101045024,0.021725369227944213,0.05565154899357405,0.02804680996735831,0
2021-02-03,41.76123809814453,42.95790476824489,41.70737340668565,42.81516624674335,17857000,40.82926254272461,38.598925552368165,40.74108542177787,59.601995792547406,0.9321074810000098,0.9730067011674237,-0.040899220167413874,42.89807298594771,38.76045209950151,10.13395939276764,0.019397106927365935,-0.02451356254360082,0.032608286572984646,0.04607606499981842,1
2021-02-04,42.24959182739258,42.29717246802876,41.06908579173246,41.29531129341849,15243000,41.032013511657716,38.761482849121094,40.88475269850308,61.97732002450855,0.9419121822467815,0.9667877973832952,-0.024875615136513707,42.80139009833301,39.262636924982424,8.62437124209169,0.019298742034349385,0.011693947581255859,0.008334355280572137,0.04181588919507084,0
2021-02-05,41.834842681884766,42.814259326702775,41.776488423206594,42.581746372054106,12488000,41.13354568481445,38.909211502075195,40.97523745882514,58.8144406095314,0.9057744843540689,0.95458513477745,-0.04881065042338106,42.84142733307666,39.42566403655224,8.304081837966713,0.017480377876063918,-0.009816642660176123,-0.022794258316928162,0.034428268608031054,1
2021-02-08,42.43542098999024,42.50005586857037,41.79623977867588,42.08081953972333,17610000,41.25500717163086,39.0596410369873,41.11430255703134,61.8504822242911,0.9150486375422204,0.9466778353304042,-0.03162919778818374,42.970419195813335,39.53959514744838,8.316139745393553,0.017670674664346277,0.014355935617406779,0.016143747708372347,0.012769378691585453,1
2021-02-09,42.60869598388672,42.65896833307835,42.06916203683007,42.37259401912736,12758000,41.38459396362305,39.21602851867676,41.256625740541374,62.704698432618684,0.9257093139116535,0.9424841310466541,-0.01677481713500062,43.097897806394684,39.67129012085141,8.27991133259699,0.017659086996299145,0.0040832632233658295,0.008499588776176514,-0.004718084451831528,0
2021-02-10,42.19753646850586,42.86544295775455,41.78817299060799,42.84030678408785,14587000,41.477329635620116,39.35685791015625,41.3462362860618,59.311000811413976,0.8907132521318388,0.9321299552636911,-0.041416703131852306,43.15546199191254,39.79919727932769,8.091805191100189,0.017848959580255036,-0.009649662020549732,0.00866965819326837,0.01044744816559251,1
2021-02-11,42.946231842041016,43.032413974399006,42.12032373558095,42.5243003406676,17123000,41.599330520629884,39.500858001708984,41.49861681520268,63.21511044035445,0.9128690939011008,0.9282777829911731,-0.015408689090072314,43.33124074330855,39.86742029795122,8.326625457685081,0.01817513700699094,0.01774263230020412,0.01203736972872882,0.01648868035209672,1
2021-02-12,43.65813446044922,43.72097489659711,42.63203403955404,42.94534241354498,13551000,41.75306625366211,39.653772888183596,41.70428516236902,66.50599191932164,0.9766145452582862,0.9379451354445958,0.03866940981369038,43.63622692948367,39.869905577840555,9.020466494033297,0.018419400001322302,0.0165766025998888,0.024629678339824546,0.04358309154952256,1
2021-02-16,43.91038513183594,44.417601530663205,43.72096662792043,44.06748961704037,15163000,41.947333908081056,39.81322853088379,41.91438992136587,67.61166769665017,1.0355506128965288,0.9574662309349824,0.07808438196154643,43.878374805329024,40.01629301083309,9.206977976142399,0.017950145925336884,0.00577786189227214,0.0405912004983624,0.034757853402552774,0
2021-02-17,43.31339645385742,43.64016662496432,42.6472846035936,43.47049749765882,14084000,42.05151519775391,39.967740783691404,42.04762863874601,62.3645933623281,1.0223014196359301,0.970433268675172,0.05186815096075814,44.04042192137945,40.06260847412837,9.459381971243563,0.017357716784189774,-0.013595614709051795,0.008549402265764838,0.016538888452188205,1
2021-02-18,43.38341522216797,43.576426041423,42.65356577251149,43.11140355854549,16715000,42.147481727600095,40.10250350952148,42.17484640859572,62.729926338763164,1.0058563817085329,0.9775178912818443,0.028338490426688567,44.19801537896577,40.09694807623442,9.730278381129912,0.017343658750293173,0.0016165614808143491,-0.006292509784863176,0.028103032852337062,1
2021-02-19,43.98489761352539,44.44992019034572,43.698523347454575,43.741614414492375,17992000,42.2513484954834,40.23289993286133,42.347232237636646,65.80105561153599,1.029490843250251,0.9879124816755257,0.041578361574725275,44.44799188722614,40.05470510374066,10.397980040696487,0.017437569261519365,0.013864339362800404,0.0016969216158260192,0.02418525972906438,0
2021-02-22,42.76399993896485,43.68416537263239,42.670636521367776,43.4498613096689,16967000,42.302249336242674,40.33439170837402,42.386924399667905,55.75760419140025,0.9388822354533062,0.9781064324310819,-0.03922419697777568,44.4968705055665,40.10762816691885,10.375907682259207,0.018675976504073315,-0.027757201694272315,-0.012684216890676114,-0.02048036482856097,0
2021-02-23,42.36360931396485,42.60779317757045,40.94161432366783,42.29538207405383,21303000,42.33416328430176,40.440676040649414,42.384703915315235,52.90565655300483,0.8252530799377169,0.947535761932409,-0.12228268199469206,44.51280368216448,40.15552288643904,10.29258749361228,0.01882728595972821,-0.009362796407526464,-0.02350681482729422,-0.03522574018030289,1
2021-02-24,43.169769287109375,43.21734651292828,41.53411337145361,41.98477342947493,15125000,42.410515022277835,40.57408569335937,42.45947204596229,57.607308226879375,0.7911318524776263,0.9162549800414524,-0.12512312756382615,44.59390421454179,40.22712583001388,10.296452146912335,0.019238105371473614,0.019029539413649044,-0.018532004634367105,-0.0033159987095691124,0
2021-02-25,41.04036331176758,43.03510679501041,40.86530734906919,42.61945932522303,23148000,42.46644325256348,40.672419967651365,42.32431883318185,44.865841083957754,0.5855158061214851,0.8501071452574591,-0.264591339135974,44.4391058842771,40.49378062084986,9.290453735348033,0.02024284740010461,-0.049326322806586,-0.04030578593343337,-0.0540080097060488,1
2021-02-26,42.181373596191406,42.710133868471566,41.36175288100636,41.97130505722384,22640000,42.54782199859619,40.78292831420899,42.31070500108752,51.10622360566961,0.5087688317381307,0.7818394825535935,-0.2730706508154628,44.322510406043264,40.77313359114912,8.342088144984842,0.020854200382139143,0.027802148722612996,-0.004301704239194071,-0.04100325600802124,1
2021-03-01,43.950782775878906,43.98848702895408,42.53956155428504,43.06383217297573,24677000,42.72323722839356,40.917680435180664,42.46690288440099,58.8790203493068,0.5839909506807999,0.7422697761790348,-0.1582788254982349,44.31496654008841,41.1315079166987,7.45135160608571,0.022618828493838273,0.041947642497997206,0.0180916762277612,0.027751913726683508,0
2021-03-02,43.13654708862305,44.06569155749748,43.054854537401056,44.02170326068564,18546000,42.7850456237793,41.02397071838379,42.53067852289833,54.579134612019516,0.5713172175279482,0.7080792644488174,-0.13676204692086924,44.33973756291009,41.230353684648506,7.26745486168988,0.02188123742416509,-0.018526079305753118,0.05107615059183512,0.018245323927189583,0
2021-03-03,41.570011138916016,43.215539546272936,41.47215817287615,42.91121045223413,23991000,42.723012161254886,41.09679397583008,42.43918639109049,47.406063312356665,0.4299110862489002,0.652445628808834,-0.22253454255993388,44.36520726395945,41.08081705855032,7.687637269142994,0.02290805232586355,-0.03631574744470434,-0.014493659289715244,-0.03705737080858229,0
2021-03-04,39.82215118408203,41.9237233044235,39.628243101566426,41.44523542823665,34575000,42.62605781555176,41.11300682067871,42.18994494280397,40.94080565899629,0.17479311137115872,0.556915125321299,-0.38212201395014034,44.664979390018615,40.587136241084906,9.566550035142923,0.024148294372256476,-0.04204617480118289,-0.0939376122798603,-0.029683268601480628,1
2021-03-05,40.41015625,40.93622130531709,38.87145637284007,40.779120258468645,42414000,42.534086036682126,41.15117790222168,42.02044125777502,43.721501977685755,0.019828798860736185,0.4494978600291865,-0.42966906116845033,44.78732028459942,40.280851788764835,10.594957869667462,0.024250168792717946,0.0147657785537465,-0.06320373378568622,-0.041990508966055384,0
2021-03-08,37.81663131713867,40.21445390442559,37.63798302616641,40.11300857838669,45243000,42.33317546844482,41.12990173339844,41.62007840628584,35.73053094232475,-0.3086988343470267,0.2978585211539439,-0.6065573555009707,45.37762811261791,39.28872282427173,14.3832944752393,0.02794465317298536,-0.06418002733808603,-0.0902905656973374,-0.13956865091619675,1
2021-03-09,39.82304763793945,40.11929485491448,38.65600681660397,39.11294743884488,37884000,42.20255680084229,41.162471237182615,41.44893261882428,44.22369531196596,-0.4025183409348472,0.15778314873618568,-0.5603014896710329,45.436517912709235,38.96859568897534,15.32590135298344,0.030549231572041334,0.05305645296574757,2.2511437246963695e-05,-0.07681420220946489,0
2021-03-10,39.28351593017578,40.75937555716275,39.05998209032348,40.15969639295929,19914000,42.03629779815674,41.17347732543945,41.242702458000615,42.59368397253076,-0.5144761151949453,0.023331295949959474,-0.5378074111449047,45.50315608238111,38.569439513932366,16.494593795443098,0.0305967898303552,-0.013548227465385088,-0.0278801277791203,-0.05500347837529729,1
2021-03-11,40.72885894775391,41.06640283821749,39.687498752357925,40.309622490817006,26170000,41.96286392211914,41.212636184692386,41.19376498083426,48.11124891365374,-0.48103132593158193,-0.07754122842634881,-0.4034900975052331,45.474874160435775,38.45085368380251,16.738658471141243,0.031850657611530685,0.036792608384319525,0.07700917636456439,0.022768929771787905,0
2021-03-12,40.502628326416016,40.710898969695,39.90564083672972,39.98104935022106,18906000,41.84068374633789,41.25236946105957,41.127942442318236,47.344205836050186,-0.46739319216038666,-0.15551162117315637,-0.3118815709872303,45.37728650017249,38.30408099250329,16.905090630332456,0.0315426998211879,-0.005554553385060501,0.0170650095556506,0.0022883375120832383,1
2021-03-15,42.26215362548828,42.30345021826923,40.68395530999736,40.8626035690241,31241000,41.77088470458985,41.316897506713865,41.235962555001095,53.54735698906233,-0.3110206339559838,-0.18661342372972184,-0.12440721022626194,45.21515144305191,38.326617966127785,16.491231932579108,0.03293682154677766,0.043442249843442804,0.07582411158428037,0.11755468833457083,1
2021-03-16,42.92738342285156,43.449859648927344,41.96053460506703,42.30705420215116,31190000,41.721734619140626,41.38930809020996,41.397050256701135,55.67349077942421,-0.13189536225169007,-0.1756698114341155,0.04377444918242543,45.06916884306622,38.37430039521503,16.046476755977917,0.03312123167191034,0.01574055603645541,0.05397952537579975,0.07795324489315592,1
2021-03-17,43.413047790527344,43.74341033997345,42.19393673202753,42.21997013240371,23754000,41.726717185974124,41.494108276367186,41.58905002182744,57.21320166876884,0.048690488069127014,-0.130797751533467,0.17948823960259402,45.08389563656947,38.369538735378775,16.091265630279775,0.03307544366482586,0.011313626150743827,0.07185754565496039,0.10512123883441515,0
2021-03-18,41.66786956787109,43.39149838821226,41.63195977797747,42.60240078889435,28728000,41.64093990325928,41.55883399963379,41.59655664526017,50.433879768770616,0.050403754882729856,-0.09455745025022765,0.14496120513295752,44.910951999877206,38.370927806641355,15.705755461883694,0.03430896571867241,-0.040199394225370444,-0.014061849826289552,0.023055166394956306,1
2021-03-19,42.926368713378906,43.12722145683531,41.08431547086622,41.35121603464576,108602000,41.58801345825195,41.65346992492676,41.72320541365244,54.61066062210555,0.15156475040532058,-0.045333010119118,0.19689776052443858,44.73657061564595,38.43945630085795,15.141656913017378,0.03488261557935218,0.03020310753968114,-2.3637813249877127e-05,0.059841558118886695,1
2021-03-22,43.00055313110352,43.54339664085125,42.67394140023448,42.78612984121372,31805000,41.59984111785889,41.71739700317383,41.84485757721921,54.85217226556775,0.23501255229528795,0.01073610236376319,0.22427644993152476,44.767698031319775,38.431984204398,15.230139482917021,0.03429416798577682,0.0017281782724261063,-0.009501628667357154,0.01747188541688316,0
2021-03-23,41.98543548583984,43.00869866576648,41.85786797430824,42.8648443979198,24712000,41.580932426452634,41.75698188781738,41.858245949468795,50.86392181848315,0.2167356327601837,0.0519360084430473,0.1647996243171364,44.7348118632045,38.42705298970077,15.169835079241533,0.0346630955914922,-0.023607083429106446,0.007621362005357124,-0.02194282208475573,0
2021-03-24,41.3711166381836,42.52194727392605,41.33492614900122,42.47309045866135,20882000,41.49099979400635,41.78406501770019,41.81185268172735,48.56272489360683,0.1509406950463159,0.07173694576370102,0.0792037492826149,44.55996183468011,38.42203775333259,14.793386787064563,0.03451381129052952,-0.014631713129745316,-0.036230692737598824,-0.04703496428530618,1
2021-03-25,41.771915435791016,41.98181751720741,40.65094209836263,41.16211982832191,17537000,41.52757740020752,41.81264686584473,41.80804913449532,50.147431025646796,0.12964438644662835,0.08331843390028648,0.046325952546341864,44.59161793416424,38.4635368662508,14.756654376575357,0.032689353853108914,0.009687889285480367,-0.028572602114362078,0.0024970287417851456,1
2021-03-26,43.61216354370117,43.69901934623628,41.31412246291807,41.31412246291807,28925000,41.59911689758301,41.87476585388183,41.979869554419686,56.73785673927795,0.25828223434059083,0.11831119398834736,0.13997104035224348,44.785256062739386,38.41297773242663,15.318301938960138,0.033570533000298615,0.04405467378528183,0.038745056209074535,0.01597607370195564,0
2021-03-29,42.759891510009766,43.53254079405687,42.36632773530137,43.46378025032378,28410000,41.53957233428955,41.918295288085936,42.05415735971398,53.22827880885477,0.2881359730588784,0.15227614980245358,0.13585982325642482,44.58927947092002,38.489865197659086,14.68338244836976,0.03253919693169782,-0.019542071854275145,0.03356870649569044,-0.005596709892545126,0
2021-03-30,41.270694732666016,41.98001252122146,40.859939883832375,41.96915468303074,27935000,41.4462797164917,41.94320854187012,41.9795418714237,47.67864414682257,0.18944572943970428,0.1597100657299037,0.029735663709800575,44.40774775258591,38.48481168039749,14.290633834215166,0.033202167471290574,-0.03482695406266734,-0.01199898778631403,-0.017023540303991336,1
2021-03-31,41.94925308227539,42.2577696312602,40.93051446395766,41.52764382510818,28684000,41.46524181365967,41.957598190307614,41.97665722483815,50.22518930759147,0.16409539860218558,0.1605871323043601,0.0035082662978254964,44.43448232810948,38.49600129920985,14.321587838765115,0.03239171369136273,0.016441650764659643,-0.03812951081318117,0.013974397866703958,1
2021-04-01,43.06117630004883,43.11817477069111,42.45047297681474,42.71013612772258,23528000,41.62719306945801,41.98954002380371,42.079944755810594,54.16221541930729,0.23106442288403173,0.17468259042029444,0.05638183246373729,44.573534599084155,38.68085153983186,14.15585011802242,0.03120737393970118,0.02650638893599888,0.007045967129466035,0.030864298436100723,1
2021-04-05,44.194820404052734,44.29977145863652,43.139891292800144,43.45474100523595,22966000,41.816426277160645,42.03528518676758,42.28136148421461,57.824914723215,0.3713329667532008,0.2140126656868757,0.1573203010663251,44.90835090164592,38.72450165267537,14.78808640409343,0.031515367806656785,0.02632636173486569,0.07085234911425542,0.013359962290513616,0
2021-04-06,43.77773666381836,44.17129708626992,43.22312750072507,43.70988034747014,18063000,42.11448154449463,42.075920257568356,42.423873406081626,56.05036845349507,0.4437266219396605,0.25995545693743266,0.18377116500222784,44.71723505877047,39.51172803021879,12.36037305374869,0.027288163062398688,-0.009437389640260418,0.043587988991287796,0.02380373564723204,0
2021-04-07,43.6501579284668,43.78134586307841,43.24664398347584,43.42849722234408,12074000,42.305837059020995,42.11441680908203,42.54066240821355,55.48942092860609,0.4852113629615218,0.3050066381422505,0.1802047248192713,44.76538674259165,39.84628737545034,11.627472020654418,0.025180141594935364,-0.002914237808392839,0.013677787720288048,0.057655031281007796,1
2021-04-08,43.92338943481445,44.14957480357887,43.43844863922549,44.14957480357887,18121000,42.53783073425293,42.160029907226566,42.67235069646126,56.493651787784536,0.5339804242347483,0.35080139536075006,0.18317902887399828,44.666330328116246,40.40933114038961,10.007560597815704,0.024803112264100972,0.006259576581496562,-0.006141691871506927,0.04706010733176047,0
2021-04-09,43.88811492919922,43.90801866715256,43.11456117530738,43.42760241682692,16614000,42.695793533325194,42.239356231689456,42.788137766245825,56.3169973092284,0.5632906350494835,0.39329924329849675,0.16999139175098676,44.73070857677734,40.66087848987305,9.532157034925888,0.023739579955342708,-0.0008030916117615083,0.00252133330300941,0.019203809561269436,0
2021-04-12,43.75962829589844,43.91795735236319,43.300924428703645,43.602203483854254,23247000,42.858643531799316,42.30347282409668,42.880660673831784,55.63457770183765,0.569585562973792,0.4285565072335558,0.14102905574023622,44.675000573107084,41.04228649049155,8.47603606474436,0.02369109669020821,-0.002927595170311048,0.0025079031239940708,-0.009847129237669394,1
2021-04-13,43.87633895874024,44.17128485841447,43.453825566540246,43.87995938782036,15281000,42.93935279846191,42.37215003967285,42.975487177156396,56.15430583372657,0.5773367353010244,0.4583125528470496,0.11902418245397478,44.785721589723444,41.09298400720038,8.599891106545368,0.021810819589062433,0.002667085333829089,-0.001071194110464524,0.0022523388013198087,0
2021-04-14,43.18331146240234,44.25904836245006,42.992412330846726,43.65106472391163,18220000,42.95214920043945,42.397808685302735,42.995279966227436,52.240799561334114,0.5215460103760279,0.4709592443528453,0.05058676602318257,44.801553762584284,41.10274463829462,8.611464602222568,0.021912616128383525,-0.01579501646638304,-0.016059096362053382,-0.01069518389439783,1
2021-04-15,43.42759323120117,43.63658761247916,43.13626773002579,43.575972166712745,18370000,42.95287647247314,42.410146942138674,43.0364526581297,53.4717069121806,0.4913786489244245,0.4750431252671612,0.016335523657263318,44.8030167433694,41.10273620157689,8.61474444945236,0.021802264442668924,0.005656855866913224,-0.007587703041078808,-0.011287749192240293,0
2021-04-16,43.31810760498047,43.5886250444132,43.1362544211585,43.471007715999065,16263000,43.03538837432861,42.44128433227539,43.06327693878215,52.81469412690684,0.4534095989840665,0.47071642001054226,-0.01730682102647574,44.79385826979353,41.27691847886369,8.17220414124985,0.019644946431960388,-0.002521107389898858,-0.012722833468050143,-0.012987737685664857,0
2021-04-19,41.79905700683594,43.13807398117443,41.62263269459195,43.1136455747019,26319000,42.97902278900146,42.432273635864256,42.94287504050156,44.62244815635213,0.2973168813841127,0.4360365122852564,-0.1387196309011437,44.818271018353286,41.13977455964964,8.558818279239688,0.020150224123544374,-0.0350673351660884,-0.032055310458800834,-0.04480319795692289,0
2021-04-20,41.37021255493164,41.801771887945605,41.12411998858411,41.61901440357165,19128000,42.89750576019287,42.42298103332519,42.79309766092347,42.612886184300656,0.13742397677201978,0.3763140051826091,-0.23889002841058932,44.86570679361248,40.92930472677326,9.176295910640198,0.020238605110941294,-0.010259668102899133,-0.04737496423797616,-0.057117947013885395,1
2021-04-21,41.5991096496582,41.64887070842887,40.94859890758498,41.18564212013087,25947000,42.87818946838379,42.406254806518554,42.67938451699345,44.06095183034882,0.028845270153588842,0.3068202581768051,-0.27797498802321624,44.88893930024643,40.86743963652115,9.37889335717062,0.019620738876401304,0.005532896269813348,-0.039683126765321264,-0.03668551019120947,0
2021-04-22,41.17568588256836,41.721242056611736,40.622888850857954,41.17477818687416,27057000,42.86841793060303,42.37759460449219,42.53617512323868,41.95209472882355,-0.09032963263614846,0.22739028001421438,-0.3177199126503628,44.910030759562176,40.826805101643885,9.52502064463486,0.01947402031422138,-0.01017867379027726,-0.014913521234836247,-0.05185429771905703,1
2021-04-23,42.17272186279297,42.32833822829483,41.3919307526001,41.48149929298699,22890000,42.888458251953125,42.37709831237793,42.50156052700575,48.23486153412685,-0.10313525169696192,0.16128517367197914,-0.26442042536894106,44.89417795943441,40.88273854447184,9.353190994642217,0.020116880540686385,0.024214192401509127,0.01939823990016376,-0.026441269148512192,1
2021-04-26,42.69022750854492,42.86936455254904,41.94109892070282,42.2532358323037,18271000,42.84236145019531,42.371978225708006,42.51952881096186,51.187975151883784,-0.0707103119644259,0.11488607654469815,-0.18559638850912405,44.821634321760826,40.8630885786298,9.2397935341003,0.017608149713003132,0.012271099015985554,0.0262293560625686,0.021320349441453557,0
2021-04-27,42.192626953125,42.908277957146005,42.07591726374068,42.85761264368014,13267000,42.813998222351074,42.34266807556153,42.48839530069168,48.33278495371457,-0.08419497258395126,0.07506986671896829,-0.15926483930291954,44.813341598179754,40.814654846522394,9.339671410482385,0.017253926757189245,-0.011656076447948638,0.024697610950717985,0.019879385369397262,0
2021-04-28,41.54572296142578,42.15823464937042,41.260730666122704,42.10394892351124,15940000,42.82774963378906,42.29537483215332,42.398616982666354,44.83175002580965,-0.14540526759139283,0.030974839856896065,-0.1763801074482889,44.787842699039814,40.86765656853831,9.153378741638727,0.015694297993465254,-0.015332157260981027,-0.014867404181477806,-0.0012833613190771365,1
2021-04-29,42.187198638916016,42.494810929056165,41.53035464624692,42.494810929056165,14650000,42.839646911621095,42.272850875854495,42.37848190230918,48.79280319687542,-0.1405331624260242,-0.0033267605996879883,-0.13720640182633623,44.78106611436097,40.89822770888122,9.063656415026262,0.0156421011657197,0.01544023383792914,-0.011783232345815464,0.024565777950425804,0
2021-04-30,41.27431488037109,41.68416551604449,41.06079578657419,41.59188078696817,19367000,42.75030384063721,42.23066886901856,42.27332313831508,43.955988139995725,-0.20793710450316638,-0.044248829380383665,-0.16368827512278272,44.803939057285916,40.6966686239885,9.607581851601163,0.015108409299200185,-0.021638880703086838,-0.021764752258116915,-0.02130303529719535,0
2021-05-03,40.726036071777344,41.60363647959687,40.55775339801271,41.595491375921966,15098000,42.576864624023436,42.165491638183596,42.12596246531148,41.307469885940876,-0.30211414807531867,-0.09582189311937067,-0.206292254955948,44.6980198128849,40.45570943516197,9.963886291733333,0.013732144278756128,-0.013283777336652758,-0.01972975390052778,-0.04601032956253104,0
2021-05-04,40.21937942504883,40.50527946569913,39.56525167323864,40.46185156773561,23497000,42.39894676208496,42.11459922790527,41.944383128143606,38.97067893385591,-0.4128737392389681,-0.15923226234329016,-0.25364147689567795,44.678378453171895,40.11951507099803,10.75230337148518,0.013811055422914286,-0.012440607915672475,-0.04664493679018433,-0.04676759117815543,0
2021-05-05,40.1551399230957,40.84364961382083,40.02304775201554,40.750460663089626,16388000,42.224195861816405,42.07042984008789,41.773979013377144,38.67196149827838,-0.5000706015402017,-0.22739993018267246,-0.2726706713575292,44.62575478787172,39.82263693576109,11.375273712326916,0.01382033805602205,-0.0015972275771395372,-0.027115530821509304,-0.03347114791145167,1
2021-05-06,40.58489608764648,40.63103671727439,39.79415151314066,40.15242906726164,13495000,42.05727119445801,42.01873237609863,41.660733020450415,41.88149328073496,-0.5284058782332366,-0.2876011197927853,-0.2408047584404513,44.42708951813604,39.68745287077998,11.26948209607241,0.014029285230755825,0.010702394895742762,-0.003465595912209962,-0.037980776229865065,1
2021-05-07,40.94679641723633,41.47154822248821,40.64099261238811,41.12864967925605,11712000,41.91020526885986,42.016861038208006,41.59273905823955,44.51485708598996,-0.5157146199686693,-0.3332238198279621,-0.18249080014070718,44.16979780542765,39.650612732292075,10.783018227050825,0.014306059767686584,0.008917118545980651,0.01808623113002228,-0.007935164134984074,0
2021-05-10,39.45578002929688,40.58037381728388,39.42592270185629,40.566803246078656,25239000,41.69501285552978,41.96234916687012,41.389219150721196,37.063705869306006,-0.6188357150104835,-0.3903461988644664,-0.2284895161460171,44.02767118392383,39.362354527135736,11.189147903498865,0.016099302391329284,-0.03641350528980114,-0.017416447686104952,-0.031190269542601845,1
2021-05-11,39.81495666503906,39.96785680930483,38.27508703236078,38.45151133768735,17887000,41.491943740844725,41.87963264465332,41.23928939018004,39.682908684669925,-0.663924069642043,-0.44506177301998173,-0.21886229662206125,43.7350737321384,39.24881374955105,10.81236398711077,0.016324204564511283,0.009103270432760047,-0.018971082763022618,-0.010055420192731535,0
2021-05-12,38.214481353759766,38.981701976352376,37.92134728885913,38.83965961905082,29940000,41.2435022354126,41.78119132995605,40.951212434330486,33.07716363388893,-0.8193568615535085,-0.5199207907266872,-0.29943607082682133,43.76559391043186,38.72141056039334,12.23024980091888,0.018019713803437847,-0.04019784134751181,-0.06672842084237895,-0.04832902022138752,1
2021-05-13,38.95817947387695,39.33997782683479,38.509425595469104,38.893940133918136,21841000,41.02003154754639,41.72895469665527,40.76139977143015,38.22323561128796,-0.8724709440781879,-0.5904308213969873,-0.2820401226812006,43.52036735562526,38.519695739467515,12.190803925544179,0.01873727616805017,0.019461159585880905,-0.012611601013855167,-0.040081822810547396,1
2021-05-14,39.95519256591797,40.27185415833822,39.08935774829134,39.48201384326199,16964000,40.85188579559326,41.73161552429199,40.684618132809945,44.39621380367744,-0.8246080447642896,-0.6372662660704478,-0.18734177869384183,43.156041362340126,38.5477302288464,11.280534652798897,0.01996671778278177,0.0255918809735336,0.0035221914733878368,-0.02421688478908568,0
2021-05-17,39.80319595336914,40.00224018214786,39.16083033489307,40.00224018214786,15725000,40.75209274291992,41.719476318359376,40.600673163339394,43.67963117037347,-0.7898364654508683,-0.6677803059465319,-0.12205615950433635,43.05639777452457,38.44778771131527,11.308891772214512,0.01856823918714332,-0.003804176698637196,0.04157362715202906,0.00880519720594286,0
2021-05-18,39.24226760864258,40.210340966729895,39.20064819209472,40.16329263051791,17824000,40.645695495605466,41.74798904418945,40.47130120574922,41.046601745607,-0.7983392104062759,-0.6938920868384807,-0.10444712356779517,43.02141436545369,38.269976625757245,11.689891590636352,0.018674425706257575,-0.014092545367053178,0.00729213065400347,-0.01438376691489296,1
2021-05-19,39.96424102783203,40.03481006181222,38.51484411556366,38.54198525525263,21369000,40.56395206451416,41.7508129119873,40.4230097602333,45.59263828842221,-0.7383097012433453,-0.7027756097194536,-0.03553409152389164,42.91520460793578,38.212699521092546,11.592817877716211,0.019179342559646186,0.01839785168353636,0.0002264652309993398,0.04578786920786282,1
2021-05-20,41.16573715209961,41.55477626282903,40.29085300085909,40.32885197718253,21886000,40.56345462799072,41.78845733642578,40.493745702315806,52.19879366578652,-0.587018404080176,-0.6796241685915981,0.0926057645114221,42.91419343497717,38.212715821004274,11.590427041016014,0.020333288662331722,0.030064279800305238,0.03423195464823303,0.05666480590303036,0
2021-05-21,40.8255500793457,41.43624981386986,40.65364701019404,41.43624981386986,13216000,40.49609603881836,41.79039115905762,40.52534611917579,50.33523390741155,-0.48893309838478416,-0.6414859545502354,0.15255285616545122,42.73297216839135,38.25921990924537,11.047366775448122,0.01959681945717935,-0.008263840180900428,0.04034635527418984,0.021783339224102694,1
2021-05-24,41.54482269287109,41.83886436294779,41.28878345045282,41.339448752244266,14420000,40.43882579803467,41.81123504638672,40.622439126194394,54.069016320918756,-0.3491358771925235,-0.583015939078693,0.2338800618861695,42.49980086698407,38.377850729085274,10.193051001246232,0.019828802939318723,0.017618197724891704,0.03954989821871768,0.043755952198972325,1
2021-05-25,41.57649612426758,41.8859203612617,41.30145734328404,41.79001520702884,9600000,40.4080192565918,41.797521896362305,40.713301697439455,54.23218884394768,-0.23310272785992225,-0.5130332968349388,0.27993056897501656,42.37969801307502,38.43634050010858,9.7588488263333,0.01967705400004135,0.0007623917817785042,0.009978176041164799,0.05948250847540004,1
2021-05-26,41.66243743896485,41.80810017248232,41.21368715818903,41.68777008827223,9873000,40.41385498046875,41.77222297668457,40.803695577584726,54.70241618785248,-0.13268140652252214,-0.43696291877245547,0.30428151224993333,42.399609231963524,38.42810072897397,9.827096437370068,0.019371374559931504,0.002067064873394031,0.02049910798489263,0.042492897837097754,1
2021-05-27,42.312950134277344,42.38171067871388,41.58644146966966,41.61810728281051,19098000,40.420142555236815,41.75022102355957,40.94743410679355,58.20293183665811,-0.0005989436660343017,-0.34969012375117126,0.34909118008513695,42.42897922042305,38.41130589005058,9.939780209537997,0.019378546311642087,0.015613889520158075,0.018489125518354133,0.027868151077654613,1
2021-05-28,42.73365783691406,42.94084372819683,42.312952891307695,42.522851516187245,19946000,40.493109703063965,41.77153678894043,41.11755065251931,60.33766984131283,0.13645202138816614,-0.25246169472330376,0.3889137161114699,42.715423013165456,38.270796392962474,10.976254115318472,0.018771535710375143,0.00994276459811072,0.027832112383589402,0.04673807833231636,0
2021-06-01,42.36994934082031,43.246641983614026,42.26952298148211,43.01502769573076,16277000,40.57530536651611,41.76040840148926,41.23682671807179,57.598809210253464,0.21325934165518845,-0.15931748744760532,0.37257682910279377,42.94285819727094,38.20775253576129,11.669919964218414,0.018597783590178132,-0.008511054623074443,0.016982009343355475,0.019861118533328392,1
2021-06-02,42.86032104492188,43.21950284874194,42.474898893123566,42.688417947184085,13286000,40.70735244750976,41.75760375976562,41.39144522539084,60.22058999435287,0.31012368188783057,-0.06542925358051815,0.3755529354683487,43.26752497196385,38.147179923055674,12.578428075150857,0.018380404288924068,0.011573573056627096,0.012936250223808399,0.030878622306629522,0
2021-06-03,42.05238342285156,42.50113718325204,41.9130538428712,42.41428139405744,20389000,40.80221462249756,41.75894271850586,41.4543917203871,54.266847727161256,0.31802950929083806,0.01126249899375309,0.306767010297085,43.413597772572984,38.19083147242213,12.800202999939906,0.019018463960271046,-0.018850479939791387,-0.015942337926289185,0.009359653631835219,1
2021-06-04,42.97522735595703,43.28283964771544,42.47942863979781,42.56809293284804,23865000,40.92173118591309,41.791024932861326,41.599233209489,59.22555219487652,0.39421644554615654,0.08785328830423379,0.30636315724192276,43.69610255968638,38.1473598121398,13.559403736703802,0.019435734044266087,0.02194510412943651,0.014285549653786811,0.015651880088199732,0
2021-06-07,41.96009826660156,42.92817481152526,41.841580116357605,42.79427069990135,24142000,40.972396278381346,41.79478858947754,41.63360131016639,52.48425023362794,0.3684356113184535,0.14396975290707775,0.22446585841137573,43.78351425863772,38.16127829812497,13.722009135890515,0.020262695182605914,-0.023621261638648527,-0.02100364057881876,-0.0181018805660087,0
2021-06-08,41.93748474121094,42.73908372163009,41.93567625212875,42.34642760926292,16615000,41.096481513977054,41.761295013427734,41.662542589313496,52.341324295276095,0.3422343276465796,0.18362266785497813,0.15861165979160144,43.84730864321824,38.345654384735866,13.387166141245558,0.018222486335633673,-0.0005389292762602027,-0.002732275136114848,-0.010206870820889224,1
2021-06-09,41.97368240356445,42.268628386170775,41.77373388373256,42.268628386170775,12126000,41.20441780090332,41.74557083129883,41.69217495257549,52.564007254366054,0.32069371290453574,0.21103687686488967,0.10965683603964607,43.91474693576446,38.49408866604218,13.155526904698661,0.01817539374784795,0.0008631338425966195,-0.02330516937343785,-0.02068670088654123,1
2021-06-10,42.40251922607422,42.481229912091344,41.637107330925495,42.11571496368612,15413000,41.41381969451904,41.76820732116699,41.7598267881468,55.232720694002055,0.3343717389005292,0.2357038492720176,0.09866788962851158,43.794918772778,39.032720616260086,11.499055609082514,0.015140673545456949,0.010216802480817133,0.01054384946054343,0.008326182126276116,1
2021-06-11,42.586181640625,42.7155610817781,42.26499882596529,42.38171194148465,14508000,41.59521980285645,41.78094589233398,41.838527250287584,56.36497017278348,0.355928769671813,0.2597488333519767,0.09617993631983629,43.74157987310441,39.44885973260848,10.320224681685993,0.014770478272551731,0.004331403367134001,0.015468188028372687,-0.009052790160006041,1
2021-06-14,43.0503158569336,43.056649019955,42.16638231621034,42.56718352693283,14675000,41.749975967407224,41.78072868347168,41.95393568901577,59.175028280933276,0.4057869646577288,0.2889564596131271,0.11683050504460168,43.84677989410786,39.653172040706586,10.044575490714248,0.01401573185438828,0.010898704660242231,0.02565020250112049,0.025982245880482147,0
2021-06-15,42.589805603027344,43.11727010089926,42.39166559895205,43.11636240500879,11131000,41.889306449890135,41.74862838745117,42.01449472844544,55.36526650363476,0.40348943945294025,0.31186305558108973,0.09162638387185051,43.813366493753925,39.965246406026345,9.186402005320554,0.014295308620453931,-0.010697023813638018,0.004416869100502874,0.015554601470302076,0
2021-06-16,42.13833999633789,42.62418509527508,41.75201357260976,42.54728288889366,20437000,42.0341100692749,41.71584045410156,42.02628951586377,51.84150127968613,0.3610768634517143,0.3217058171552146,0.03937104629649968,43.527152371315296,40.54106776723451,7.103955809126275,0.014089134505285178,-0.010600320905370886,-0.010516125819082345,0.00392287698730609,1
2021-06-17,42.62871551513672,42.99694329132871,41.97458764780208,42.05963151831858,20881000,42.16733379364014,41.69541160583496,42.083663420556434,55.178419263847566,0.3628510761930812,0.32993486896278795,0.03291620723029326,43.338666637136015,40.996000950144264,5.555641005087881,0.01379497657382795,0.011637276618904346,-0.00979319973395687,0.005334501185094931,0
2021-06-18,41.93477630615234,42.50114756321558,41.6642587318248,42.275866383508045,28537000,42.20578575134277,41.65563934326172,42.06948369537509,49.908275242415996,0.3047490999752469,0.32489771516527977,-0.02014861519003286,43.29035195429019,41.12121954839536,5.139419554168157,0.012931873981308035,-0.016278679772510962,-0.015379955076114449,-0.015296166723039906,1
2021-06-21,42.36423873901367,42.434448856410135,41.80164647703995,42.05057325690016,18591000,42.28272018432617,41.62516181945801,42.09755560429305,52.90610052536379,0.2900137958735698,0.3179209313069378,-0.027907135433368035,43.16398041176845,41.4014599568839,4.1684178482393435,0.012895719334656261,0.010241200041845255,0.005360883762754121,-0.015936633779875753,0
2021-06-22,42.349647521972656,42.72623251154036,42.06424698090695,42.543867092867416,13722000,42.32296142578125,41.596962203979494,42.12156435835777,52.790503367488654,0.2740000696952123,0.3091367589845927,-0.03513668928938041,43.136680953961566,41.50924189760094,3.845286344658448,0.012360031812213476,-0.0003444229726611292,-0.006546479052716658,-0.005638863048429088,1
2021-06-23,42.55116271972656,42.66240322916428,42.2210830041579,42.2958532111831,17674000,42.3716947555542,41.57045867919922,42.16247848801194,54.27638075706118,0.27440648154502156,0.3021907034966785,-0.027784221951656918,43.114401156265714,41.62898835484269,3.505672383397674,0.01238770109209761,0.004758367767980776,0.01469869325340345,0.009796843525980092,1
2021-06-24,42.86118698120117,43.18853275963733,42.72806079930672,42.84568405765968,12502000,42.43163223266602,41.5640161895752,42.22902215402996,56.54254039113331,0.2963290361142725,0.3010183700201973,-0.004689333905924797,43.127731458764146,41.73553300656789,3.281039118557569,0.012460959411524903,0.007285917508686124,0.011730371109675009,0.00545340067734168,0
2021-06-25,42.14448928833008,43.07910642200744,41.943886976680005,42.9788052661824,19100000,42.42320919036865,41.538354110717776,42.22097140491569,50.332131045402335,0.2529553921304952,0.2914057744422569,-0.03845038231176168,43.12886028546384,41.71755809527347,3.3267218985186475,0.012628995903327849,-0.01672136829027704,-0.004844390582852798,0.005000932415775816,1
2021-06-28,43.11101913452149,43.42924816204461,42.44629963986364,42.49097880193268,13987000,42.442077255249025,41.534212341308596,42.30573785535434,57.16506154574267,0.29319260588918894,0.29176314073164333,0.0014294651575456063,43.19829169834467,41.68586281215338,3.563512872132661,0.01347943010788325,0.02293371832267166,0.013157253034013605,0.017627612763406075,1
2021-06-29,43.50766372680664,43.52225184716625,42.92318584971862,43.071811456501145,14184000,42.49896297454834,41.56838447570801,42.42020698596884,59.620149924187565,0.3530174262426442,0.30401399783384353,0.049003428408800676,43.38494873186672,41.61297721722996,4.1694464773127615,0.013436198121485025,0.009200538522355028,0.015083034118700711,0.027344175751006228,0
2021-06-30,43.479400634765625,43.63897256878142,43.0864048331953,43.59702736971663,15381000,42.52991695404053,41.61056823730469,42.52108257156853,59.35907873116244,0.3936111279950225,0.3219334238660793,0.0716777041289432,43.50319689162019,41.55663701646087,4.576919059735882,0.013225993340403764,-0.0006496118067493839,0.03167463573476459,0.021814631039652754,0
2021-07-01,42.82289505004883,43.5705903133935,42.75815633717761,43.5705903133935,11153000,42.56844253540039,41.6350439453125,42.54982661713808,53.4988596723974,0.3685588975045775,0.33125851859377897,0.037300378910798515,43.52389872669583,41.612986344104954,4.489035230738694,0.012956502052666841,-0.015099232628148607,-0.006683304877892482,-0.000893394090302202,0
2021-07-02,42.6888427734375,43.63805138752421,41.55270866896991,43.47300807540879,37054000,42.55412330627441,41.66530708312988,42.56306625107136,52.36211140371911,0.33403735129373047,0.3318142851337693,0.002223066159961151,43.493208412966325,41.6150381995825,4.413603353701092,0.011999721827109917,-0.003130387995829209,-0.018820154502220188,0.012916362122298963,1
2021-07-06,43.15479278564453,43.47119573198829,42.70070704363298,42.89218919257348,13870000,42.61385803222656,41.684948501586916,42.61942115912595,55.87192892064377,0.340353663910939,0.3335221608892033,0.006831503021735741,43.546164582031906,41.68155148242121,4.3756026459763095,0.010896069933302638,0.010915030296791306,-0.007465784817225374,0.0010153703624229404,0
2021-07-07,42.81376647949219,43.3444485131842,42.52472063555524,43.31162350170111,12581000,42.65767211914063,41.68741928100586,42.637930237256064,52.8054230804774,0.31421928995601434,0.3296615867025655,-0.015442296746551176,43.539722751281026,41.77562148700023,4.1354841383602805,0.011089887455669656,-0.0079023970256622,-0.00021317032736745123,-0.015948851027064448,1
2021-07-08,42.90130233764648,42.95419036367593,42.08613107055128,42.34691547459808,16011000,42.70405311584473,41.70159278869629,42.663013294436105,53.51074201295356,0.29714571169644444,0.3231584117013413,-0.02601270000489686,43.53333671070796,41.8747695209815,3.8838636352085913,0.011091745374919871,0.0020445727006106473,0.004976934262110655,-0.013295912286723333,1
2021-07-09,43.78394317626953,43.84777054436481,42.67607746100049,42.81649767081011,16782000,42.773124313354494,41.746357192993166,42.769768521277385,60.00181428180651,0.3507927960647592,0.3286852885740249,0.022107507490734313,43.71316470109983,41.83308392560916,4.395472170134823,0.011758938289112045,0.020573753954516327,0.014578922757202628,0.022442390340435603,1
2021-07-12,44.29182434082031,45.04590202041005,43.15295636216827,43.887885832977545,33142000,42.858406448364256,41.78844970703125,42.914726218376714,63.186953109246936,0.4293410855931086,0.3488164479778416,0.08052463761526696,44.0024712203473,41.71434167638121,5.338811527495378,0.011956184984219334,0.011599712764702508,0.03452295798446303,0.03755036359009112,0
2021-07-13,44.1331787109375,44.454138252367805,43.94990195694933,44.25353940855669,11806000,42.912549591064455,41.845626983642575,43.030769312906315,61.538466464284575,0.47333350052531387,0.3737198584873361,0.09961364203797779,44.18329791506593,41.64180126706298,5.922502093728207,0.011828835954167921,-0.0035818264938028976,0.02871419528469743,0.022671547286827298,0
2021-07-14,43.91251373291016,44.86172244780506,43.835920883350674,44.60640947094242,14020000,42.978684997558595,41.90935653686523,43.1147449719543,59.22402644248917,0.48480347408511903,0.39593658160689266,0.08886689247822638,44.31152356828523,41.64584642683196,6.202323643928837,0.011590692481988102,-0.004999979255349896,0.0029364773319529025,0.025663410247829477,0
2021-07-15,43.52500534057617,44.17331083116985,43.140214827995024,44.06662690067153,12624000,43.048018264770505,41.97546905517578,43.15381738801353,55.29134473354589,0.45735274430521144,0.40821981414655645,0.049132930158655,44.34250174750452,41.75353478203649,6.014137397787675,0.01149880021218235,-0.008824554993388412,-0.01731287910706858,0.014538090196445808,0
2021-07-16,42.67973327636719,43.79307068035454,42.60587786269033,43.68182668090965,13980000,43.05056915283203,42.02596092224121,43.10866652023768,47.830382988475996,0.3632046546626313,0.3992167822497715,-0.036012127587140175,44.34193481224773,41.75920349341634,5.999296570650542,0.012161748494928246,-0.01942037818478981,-0.032933169035705645,-0.02521951701464875,0
2021-07-19,42.46089172363281,42.48824531915831,41.7241359849447,42.26120073696965,14938000,43.07687492370606,42.063480834960934,43.04697368246579,46.096100636607616,0.26784537618136284,0.3729425010360898,-0.10509712485472694,44.29564580075971,41.85810404665241,5.658585397442266,0.011613136526628185,-0.005127528593426134,-0.03305713761017137,-0.04133793638976557,1
2021-07-20,42.72714614868164,43.06087116111582,42.24205459570194,42.66331877043842,20727000,43.09502029418945,42.09908782958984,43.01651391734349,48.540828198320014,0.21132099103689939,0.3406181990362517,-0.1292972079993523,44.28118107997848,41.908859508400425,5.504862407264994,0.011474327441168268,0.006270580156013006,-0.01833105327963569,-0.03185885547617273,1
2021-07-21,43.67817687988281,43.701885185239945,42.71893661900134,42.82197522369534,13660000,43.161446762084964,42.183535766601565,43.07952943758533,56.18477614013212,0.2404929870333561,0.32059315663567256,-0.08010016960231647,44.32171643503624,42.00117708913369,5.37641696464405,0.012458781182821795,0.022258231988904198,0.02339385761973567,-0.005336448158095974,0
2021-07-22,43.432899475097656,43.67544353138781,43.2669482786886,43.45751910553537,12583000,43.20553359985352,42.255894622802735,43.113183726872215,53.95858152600399,0.24104158993053204,0.30468284329464446,-0.06364125336411242,44.336329385803246,42.07473781390379,5.234495175652977,0.012536911655821022,-0.005615559583901142,0.022891835569337493,-0.002116159774313675,1
2021-07-23,44.05475997924805,44.09397120809744,43.47848743958479,43.770270739794185,13489000,43.26521224975586,42.3727001953125,43.202857655669916,58.45328718292419,0.28833160005364533,0.30141259464644465,-0.013080994592799322,44.44206190644166,42.088362593070066,5.440165876881545,0.012815025945515392,0.014317729455454176,0.03107190510563429,0.032217321836972346,0
2021-07-26,43.97178649902344,44.09761861851471,43.73835915197181,43.96449243791736,11160000,43.35657711029053,42.47297233581543,43.27608897408454,57.64467042580829,0.31547738050194596,0.3042255518175449,0.011251828684401055,44.45212738580126,42.2610268347798,5.053675121649337,0.01211809610847488,-0.0018834169171206838,0.006722112508222633,0.035583208784795595,0
2021-07-27,43.34444427490234,43.93257089076469,42.655105187837314,43.836829833996056,14715000,43.36824836730957,42.54075736999512,43.28259900273385,51.80902237749186,0.2831058643363775,0.30000161432131145,-0.016895749984933928,44.45804432548531,42.27845240913383,5.025778071300737,0.011611575088216633,-0.014266926001176516,-0.002036594408025505,0.014447445754336652,1
2021-07-28,43.55325698852539,43.68364919233739,43.24961953982144,43.466632626913785,8359000,43.370528030395505,42.61575859069824,43.30837595376162,53.49655493240754,0.27117471213856703,0.2942362338847626,-0.02306152174619558,44.46167089569461,42.2793851650964,5.031725067005851,0.011475993300037138,0.00481751968715316,-0.01138362780682245,-0.002860006993903541,1
2021-07-29,44.14229583740234,44.29913031841862,43.53410960560089,43.628028029649336,9162000,43.403672790527345,42.713759155273436,43.38779689506073,57.967909394962604,0.305725487254243,0.2965340845586587,0.009191402695584272,44.54514241902664,42.26220316202805,5.259783585634324,0.011857627067224609,0.013524564857047006,0.0038776986780530986,0.016333156912800906,1
2021-07-30,44.25991439819336,44.34562394449948,43.7283211202434,43.94624549405823,11548000,43.47552375793457,42.79967262268067,43.47085570488289,58.81936808869527,0.338693808934984,0.3049660294339238,0.03372777950106021,44.64234510162415,42.30870241424498,5.3677160978498,0.011251999506791616,0.002664532022173649,0.021120818102658312,0.004656804827490868,0
2021-08-02,44.19426727294922,45.09879686180583,44.08758685560069,44.59273445815285,15619000,43.550794982910155,42.860243225097655,43.53975204469873,58.11179482113725,0.3554271243755238,0.31505824842224384,0.04036887595327998,44.69899099085199,42.40259897496832,5.2729049304032225,0.01122067761063418,-0.0014832185316386859,0.014717849565021313,0.0050596255380872535,1
2021-08-03,44.38666915893555,44.47511617409885,43.7638912829755,44.26813109735973,11135000,43.61238880157471,42.93146560668945,43.62041081748319,59.644069834437126,0.3798351188378106,0.3280136225053572,0.05182149633245342,44.80047653328658,42.42430106986284,5.448395579143187,0.011034334567706625,0.004353548499809401,0.0055360356070595085,0.02404517814147389,1
2021-08-04,44.47875595092773,44.67753561884759,44.13317679562618,44.54532077393085,12123000,43.695638275146486,42.99014427185059,43.70215797304933,60.39088446021185,0.4019755409960908,0.342806006203504,0.0591695347925868,44.881551190867654,42.50972535942532,5.4280608432979465,0.010811791329661351,0.002074649748158519,0.0049444639853009065,0.02124982208899251,0
2021-08-05,44.466896057128906,44.71856023918974,44.21340922978667,44.71856023918974,8372000,43.7739179611206,43.047952270507814,43.7749901715331,60.236276549636365,0.413795019352726,0.35700380883334837,0.05679121051937763,44.946373676131785,42.60146224610942,5.356868974134512,0.010823239344072219,-0.0002666417606622673,0.006168872141173898,0.007353496540420723,0
2021-08-06,44.26266479492188,44.507946330581625,44.13501001155456,44.22983977610342,9964000,43.797854042053224,43.09995681762695,43.8214353737606,57.50604233231471,0.40204772912157694,0.3660125928909941,0.036035136230582854,44.98953992864547,42.60616815546098,5.441754682537778,0.009960271656000158,-0.004592883252850344,-0.0027937298824933787,6.214193511033805e-05,0
2021-08-09,44.19426727294922,44.39030949669165,43.8587161421636,44.35930713086748,5952000,43.792976188659665,43.13758316040039,43.85694317368333,56.581097179015416,0.38280605862217953,0.3693712860372312,0.013434772584948351,44.97731036329168,42.60864201402765,5.408785963894825,0.009623608965947031,-0.0015452644410264282,-0.006396057441273251,0.0,0
2021-08-10,43.97360229492188,44.35565517789664,43.56966375543773,44.305504606448416,9319000,43.784997367858885,43.16238204956055,43.86805356618224,53.58651822433707,0.3457653093156665,0.36465009069291826,-0.018884781377251747,44.96218486256636,42.60780987315141,5.377127169004282,0.009655861488379403,-0.004993067916806537,-0.011093505640089263,-0.009306101850864112,1
2021-08-11,44.09123229980469,44.31189415241887,43.74838710733997,44.206121579141474,9816000,43.79393329620361,43.19680770874024,43.889308683670095,54.95512650122698,0.3221880239600097,0.3561576773463366,-0.0339696533863269,44.97755269299961,42.610313899407615,5.405403478105047,0.009604795002355998,0.00267501407080295,-0.0038730721684172575,-0.008712555979546344,1
2021-08-12,44.15597152709961,44.2234476747369,43.46936981120104,43.97543222265267,8702000,43.82548160552979,43.22272071838379,43.914705144949096,55.72885719569581,0.30520851625519896,0.3459678451281091,-0.04075932887291012,45.01237822286798,42.638584988191596,5.416468108765438,0.009365935297849915,0.0014683016082361888,-0.0008665319783014436,-0.006992269701708853,1
2021-08-13,44.3292236328125,44.58544448783794,43.9599326556846,44.00552662499948,8582000,43.90795612335205,43.268257522583006,43.954183096174184,57.817079785426785,0.30224800422134734,0.33722387694675676,-0.03497587272540942,44.98949149269659,42.826420754007515,4.92637537628098,0.008085524407102277,0.0039236393113117884,0.008087155005076507,0.0015037241476310026,1
2021-08-16,44.509765625,44.57997575056528,44.16874302749337,44.20795426085961,9188000,44.01039981842041,43.29894828796387,44.00709571796712,59.93776228358907,0.3108863032385969,0.3319563622051248,-0.021070058966527916,44.89435443963919,43.12644519720163,4.017026088678252,0.007923027455135956,0.00407275330790724,0.009492438822064075,0.0071388976787922775,0
2021-08-17,43.6480827331543,44.33468786860048,43.267852465031176,44.27723975483352,16499000,44.056446647644044,43.33270797729492,43.9729040051278,47.630125752200456,0.24537310108791388,0.31463970998168267,-0.06926660889376879,44.74186715238795,43.37102614290014,3.111556000990179,0.009227475267323364,-0.01935941202444158,-0.011502154213357318,-0.007402613040077832,0
2021-08-18,42.76179122924805,43.50128092785278,42.70525791502068,43.46207318048487,15616000,44.010627365112306,43.349194107055666,43.85755993123449,38.804094020151204,0.12054750249770052,0.27582126848488625,-0.15527376598718573,44.8869906281217,43.13426410210291,3.982507478201039,0.008998040722337506,-0.02030539369448725,-0.035358895895578946,-0.030152050673406317,1
2021-08-19,43.17758560180664,43.38730462254203,42.18643165893483,42.52289411054206,14044000,43.99786167144775,43.37327217102051,43.792800471288984,44.042826597017275,0.05454468998869544,0.2315659527856481,-0.17702126279695266,44.91404862284776,43.081674720047744,4.164688539827669,0.00923636773858736,0.009723502234260994,-0.0299300615154241,-0.022157499687047055,1
2021-08-20,43.32711791992188,43.42377377594511,42.89582577180956,43.112842308197415,10007000,43.961479568481444,43.39176414489746,43.74844975211117,45.83853336282024,0.014139996847092107,0.1880807615979369,-0.1739407647508448,44.922435266111,43.000523870851886,4.371807805661406,0.008634355974291871,0.0034631931366950752,-0.007353468769628613,-0.022605983835657817,1
2021-08-23,43.99093246459961,44.331955021775535,43.37545217630879,43.43289681770493,15707000,43.96243686676026,43.419859161376955,43.771543343776735,53.04263383411801,0.03527662547856636,0.1575199343740628,-0.12224330889549645,44.923469870970436,43.00140386255008,4.37206430172578,0.009347927521173761,0.015320994715240621,0.028743913667275356,-0.011656614073675908,0
2021-08-24,43.897926330566406,44.04472929462337,43.78212225326873,43.98637333376604,9429000,43.99011096954346,43.43681137084961,43.783579818709086,51.99903369080775,0.04401535658629285,0.13481901881650882,-0.09080366223021596,44.909333665335716,43.0708882737512,4.179224264420159,0.008742783028607407,-0.002114211470921834,0.01668321002019213,0.005724045176040082,1
2021-08-25,44.07846832275391,44.33924925622447,43.910694490240616,43.910694490240616,10017000,44.01637153625488,43.46658462524414,43.81166443814193,53.89532617736704,0.06476255148523791,0.12080772535025464,-0.05604517386501673,44.91392655920923,43.11881651330053,4.0782781116569895,0.008726596685786207,0.004112768125491106,0.017341342764148227,0.030790971464387473,1
2021-08-26,44.29092025756836,44.507022003173766,43.82224298795782,44.04107870169428,10836000,44.023802757263184,43.50963623046875,43.85730784951588,56.09344830299518,0.09722717418060256,0.11609161511632424,-0.018864440935721677,44.92784265748826,43.119762857038104,4.107050475442756,0.008254233289418655,0.004819857470064859,0.006819309711385557,0.025785014151303853,1
2021-08-27,45.220985412597656,45.26657590114587,44.37298910794195,44.4979064204644,16459000,44.071856307983396,43.561481628417965,43.98718190314271,64.15127533298718,0.19574764963736158,0.1320228220205317,0.06372482761682988,45.11279390789124,43.03091870807555,4.72382008433478,0.009470754759277068,0.020999002721564963,0.030139443764795715,0.04371090401572664,1
2021-08-30,45.48996353149414,46.3069573218959,45.43160757753631,45.591175997862685,19614000,44.136641120910646,43.63258537292481,44.1303039629857,66.08952933640828,0.29216225784580274,0.1640507091855859,0.12811154866021685,45.34741423324993,42.92586800857136,5.486476005378006,0.009509055025374087,0.005948081768725633,0.032022328870524586,0.03407591025947987,0
2021-08-31,45.3367805480957,45.70880542902089,44.92554792131675,45.70880542902089,17378000,44.18414669036865,43.69203620910645,44.245206494900934,63.968335839090656,0.35215155895913597,0.2016708791402959,0.15048067981884006,45.500394591800124,42.867898788937175,5.958009829432295,0.009543301750831694,-0.003367401763080813,0.02361342425141033,0.032777270768879374,0
2021-09-01,44.96749877929688,45.52188566226023,44.94287915011676,45.25107321961028,12586000,44.20858383178711,43.74439323425293,44.313996236271976,59.04810352512476,0.3656802257510563,0.23447274846244798,0.13120747728860832,45.563386038112505,42.853781625461714,6.1291364205666214,0.009759690461361251,-0.008145301989563758,-0.005605508835952011,0.020169268360988868,0
2021-09-02,44.85260391235352,45.224628822695394,44.69394679267305,45.20730325513508,16991000,44.22786922454834,43.79042205810547,44.3652922054226,57.56455035597364,0.3629469100540774,0.2601675807807739,0.10277932927330352,45.60758247173078,42.848155977365906,6.2391124482055655,0.009783670447965166,-0.002555064659194639,-0.01401099428667063,0.012681688515812306,1
2021-09-03,45.379642486572266,46.13827698053499,45.138921089850605,45.21824791373342,25191000,44.28371810913086,43.84079116821289,44.46189699410352,62.249897333103576,0.39871223945931433,0.287876512516482,0.11083572694283234,45.75212079092268,42.81531542733904,6.63179491014352,0.010017618494992936,0.011750456567663825,0.000945412046430949,0.003508483340799007,0
2021-09-07,45.28024673461914,45.37233902238783,44.77053560917212,45.37233902238783,12398000,44.33801708221436,43.90350631713867,44.53983506462882,60.88458994622171,0.4142607738579329,0.3131533647847722,0.10110740907316074,45.86818912870016,42.807845035728555,6.90230257094475,0.010028275705513873,-0.002190315888507377,0.006954977790898376,-0.004610177291740514,0
2021-09-08,45.07874298095703,45.58115667822745,44.50703048285639,45.55654052536515,13987000,44.39327411651611,43.942860794067386,44.59115962808865,58.10240552720149,0.4056473800164824,0.3316521678311143,0.07399521218536809,45.946460672104784,42.84008756092744,6.997395828530814,0.010011171569769864,-0.004450146988886683,0.005041826981670994,-0.00569157236175899,0
2021-09-09,44.9975814819336,45.472641489154846,44.93922552345485,44.93922552345485,13174000,44.43859157562256,43.97265914916992,44.62986647131198,56.97312925046162,0.3878018107882113,0.3428820964225337,0.0449197143656776,46.006700441305384,42.870482709939736,7.057419283931729,0.01002857573895488,-0.0018004383808509772,-0.008419215835640759,0.0006689876789538474,1
2021-09-10,45.42249298095703,46.13736307027136,45.27295604794429,45.32219530322396,16110000,44.50191764831543,44.01152099609375,44.70535471032579,61.22245045837231,0.40329691959655634,0.3549650610573382,0.04833185853921812,46.12073271663568,42.883102579995175,7.2752598263887664,0.010202452357462692,0.009442985267864579,0.003141463587236437,0.012705819035994548,1
2021-09-13,45.4963493347168,45.81640099791176,44.9766101715777,45.77354448261256,14927000,44.56027393341064,44.06499008178711,44.780687531696366,61.926298587805775,0.41673266076232096,0.36731858099833475,0.04941407976398621,46.233221820395165,42.88732604642612,7.508696600404748,0.010186227273671047,0.0016259863541776554,0.009263930760806227,0.002571788620394422,1
2021-09-14,45.76169204711914,46.08538901326139,45.44164037192065,45.77354619934846,14134000,44.6228702545166,44.12644706726074,44.8741165331652,64.4246405416674,0.4436770884683128,0.38259028249233035,0.06108680597598243,46.3753691315056,42.8703713775276,7.85471157275733,0.01021852924393815,0.0058321759060318,0.016981147431053056,0.010632568221672578,1
2021-09-15,46.47929000854492,46.56682567637328,45.538290275216646,45.78448303660991,23346000,44.764430618286134,44.19293701171875,45.02699019748708,70.13262245650317,0.5169755277423675,0.40946733154233783,0.10750819620002972,46.63266820643013,42.896193030142136,8.34697353385225,0.00943934348293588,0.01568119379604438,0.02326594068782062,0.031068901548109595,0
2021-09-16,46.26136779785156,46.42549631310309,45.61032515113127,46.06532559787506,17569000,44.93940944671631,44.26188903808594,45.144549968950365,66.6360118451977,0.551127512899015,0.4377993678136733,0.11332814508534167,46.67546607124407,43.203352822188556,7.726210227956646,0.007916604459849678,-0.004688587339722661,0.016814941733160227,0.028085649812654268,0
2021-09-17,46.138275146484375,46.2859929147357,45.68236332298817,45.95317575311775,34470000,45.0874439239502,44.32662849426269,45.23919046204884,64.6745672825205,0.5617847540049965,0.462596445051938,0.09918830895305852,46.69768829015203,43.477199557748364,7.142761824856877,0.007927258060697004,-0.002660808731489883,0.008229221484587601,0.01575831969036634,0
2021-09-20,45.11885833740234,45.86473083812471,44.53711785721584,45.50000344970568,30105000,45.17703094482422,44.35332679748535,45.22773025970155,51.22634794651828,0.48241133985636253,0.4665594240128229,0.01585191584353962,46.570311758813745,43.78375013083469,6.168093762917596,0.009757088563223095,-0.02209481836599858,-0.02926963107423708,-0.008297171154047045,0
2021-09-21,45.09772491455078,45.35123346594144,44.73124262058924,45.32735141311251,16935000,45.23237056732178,44.36944480895996,45.215348798258624,50.989638320515056,0.4130407697989753,0.45585569317005337,-0.04281492337107806,46.51645526066875,43.94828587397481,5.6777245023485845,0.009254611837774903,-0.0004683944503541815,-0.025153663600816056,-0.01450923475217425,1
2021-09-22,45.9795036315918,46.20086467979138,45.21071573362792,45.39717169354911,20610000,45.336449432373044,44.40637130737305,45.28812544905226,59.416188466814155,0.4243249129105706,0.4495495371181568,-0.0252246242075862,46.50308439585981,44.16981446888628,5.146565194643206,0.01006828661563629,0.019552620863064973,-0.0034412104567952406,-0.010752883205858876,1
2021-09-23,46.32026672363281,46.59489987396948,45.97949891422565,46.15585333331631,18370000,45.448539352416994,44.4545263671875,45.386424618059934,62.126242311918354,0.45551353479432066,0.4507423366533896,0.004771198140931077,46.53842766569162,44.358651039142366,4.796142313060569,0.010125238043240377,0.007411195535544701,0.026627632668500878,0.0012731773526157841,1
2021-09-24,46.37721633911133,46.43048846623415,46.00154693278884,46.133812752754594,10605000,45.55285415649414,44.511570587158204,45.48078573435054,62.576020082920174,0.4793010165956062,0.45645407264183296,0.022846943953773236,46.57696451059938,44.5287438023889,4.4963608672552935,0.010114364506356551,0.0012294751197849951,0.02837152931738518,0.005178806356942012,0
2021-09-27,46.37078094482422,46.45987614850381,45.68465537557201,45.90509838090084,9831000,45.61034393310547,44.58539154052735,45.56554718296709,62.48571558399197,0.4919624479031057,0.4635557476940875,0.0284067002090182,46.68149060527731,44.539197260933626,4.696946261763965,0.009118763454912627,-0.00013876197829665315,0.0085098202966154,0.027747213771676327,0
2021-09-28,45.100494384765625,46.05849571812318,45.05640577701173,45.649760722579785,20124000,45.590870475769044,44.63818359375,45.521256440281235,47.816924721305604,0.39494256225156477,0.449833110605583,-0.05489054835401824,46.683998718617204,44.497742232920885,4.7953821957803715,0.011063837050004735,-0.027394116169190408,-0.026333448081050315,6.14104197071974e-05,0
2021-09-29,44.95903778076172,45.39899877792136,44.79094889589846,45.34021514501637,15783000,45.571983337402344,44.6828214263916,45.46771180604128,46.50761073924377,0.30314477388891703,0.42049544326224986,-0.11735066937333283,46.69467324648526,44.44929342831943,4.92710576483288,0.01106066588673321,-0.0031364756846588016,-0.030579208290119286,-0.022193929256098643,0
2021-09-30,44.54111862182617,45.421965680577024,44.49978752703936,45.421965680577024,15735000,45.55066432952881,44.70008026123047,45.379464836116036,42.78058320005326,0.1944305079473807,0.375282456199276,-0.18085194825189532,46.7330647387541,44.36826392030351,5.191583598743646,0.01110617570868722,-0.009295553898939879,-0.03945722469447155,-0.038409711939307756,1
2021-10-01,44.763404846191406,44.88372964735305,43.85867558502982,44.80932946017544,16052000,45.5462043762207,44.72669036865234,45.320792456123215,45.29186491729197,0.12477201540184524,0.3251803680397899,-0.20040835263794465,46.73972395822078,44.35268479422062,5.240917869429337,0.011157779980059353,0.004990584683167487,-0.007474187216184536,-0.034797506627385566,0
2021-10-04,43.71630096435547,44.69083323434675,43.4251332838983,44.54111838695499,20093000,45.46303730010986,44.71992118835449,45.16798374262153,37.044151481630884,-0.01475528432191453,0.257193237567449,-0.2719485218893635,46.8986495977574,44.02742500246232,6.315514241474,0.011942777380493605,-0.023391962372697583,-0.027641535000511586,-0.057244668439534574,1
2021-10-05,44.58612060546875,44.98750800244518,43.65934903618484,43.715378662179326,16557000,45.428330993652345,44.7322078704834,45.11256820574984,45.86334551107808,-0.05451607160275529,0.19485137573340816,-0.24936744733616345,46.91267551499054,43.94398647231415,6.534884680423765,0.012888299398059718,0.019896917669738334,0.0010103469565878598,-0.011405058554538217,1
2021-10-06,44.89474487304688,44.947102501874895,44.06074387194816,44.37579012745719,12042000,45.41913108825683,44.76321388244629,45.091823126444794,48.61392264140476,-0.06042682010313172,0.1437957365661002,-0.20422255666923192,46.91427007139053,43.92399210512313,6.583741024144205,0.012964443251222379,0.0069219807282421275,0.0029340937604447337,-0.0014300330008919504,1
2021-10-07,45.36685180664063,45.91612156686617,45.24836653772011,45.24836653772011,13261000,45.43759460449219,44.799485778808595,45.1180163340825,52.58276314628571,-0.026708171717274354,0.1096949549094253,-0.13640312662669965,46.9205250761253,43.95466413285908,6.527328237954308,0.013171493446231365,0.01051586182143982,0.037755958438271175,0.018538671914041904,0
2021-10-08,45.26857376098633,45.74160384984383,45.12436692735837,45.63322010018731,10279000,45.42989864349365,44.82201133728027,45.13235513664477,51.68779616765771,-0.007825904723944177,0.08619078298275142,-0.09401668770669559,46.91465918638817,43.94513810059913,6.536490669046049,0.013011076888949095,-0.0021662963538483515,0.015306403567971971,0.01128531032281166,0
2021-10-11,45.22173690795898,45.8876525248728,45.0848775732612,45.12070066179039,11186000,45.41616802215576,44.84124778747559,45.14086768629374,51.240195971054966,0.0033208051258952764,0.06961678741138018,-0.0662959822854849,46.90329373057535,43.92904231373617,6.54888236142738,0.01300622122554486,-0.0010346438850634687,0.007283525852229689,0.03443648960215051,0
2021-10-12,44.573272705078125,45.62220530856923,44.27383946117181,45.543215113848674,20991000,45.35674705505371,44.848827896118166,45.08681102141606,45.38074580193572,-0.03971319969592457,0.04775078998991923,-0.0874639896858438,46.87846864590467,43.83502546420275,6.710012025350511,0.013291048188124611,-0.01433965714763874,-0.017492487795821576,-0.0002881591898140634,0
2021-10-13,44.54846954345703,44.58245312424523,44.04696733516603,44.19576419312379,16424000,45.260206031799314,44.85206390380859,45.03554040446758,45.167989436672414,-0.07495532805092608,0.023209566381750167,-0.09816489443267626,46.72887818515483,43.7915338784438,6.489904850736386,0.012685783081471233,-0.0005564581668751067,-0.015907375861483497,-0.0077130481656382255,1
2021-10-14,45.70486831665039,45.84723916444392,45.08212330912232,45.17764804082796,19233000,45.23238105773926,44.87658615112305,45.09928591991356,55.615786418807055,-0.00946415521904953,0.01667482206159023,-0.02613897728063976,46.644110816038975,43.82065129943955,6.2421200267907055,0.014119272529757658,0.02595821551322408,0.010683610177882885,0.00745073763219084,1
2021-10-15,46.22381591796875,46.46354394171542,46.02450098160854,46.32944214758139,25103000,45.23665809631348,44.91172454833984,45.20638401496644,59.35829688252057,0.08335197579678066,0.030010252808628318,0.053341722988152346,46.659812176040646,43.81350401658631,6.292038977314056,0.014352772855955508,0.01135431783159313,0.037029886134041456,0.021101662314920944,1
2021-10-18,46.23392105102539,46.29086868069618,45.80222557272302,45.96112743411475,16042000,45.29241123199463,44.95114967346191,45.30424468506729,59.430033740558535,0.1559273941778514,0.05519368108247294,0.10073371309537846,46.77870366944401,43.80611879454524,6.563096982566768,0.0133623619162989,0.00021861312952986545,0.03783410574686985,0.022382690543853778,1
2021-10-19,46.87963104248047,46.92371964066297,46.08787578199386,46.32209580287172,16383000,45.381506538391115,45.00485694885254,45.45428148101141,63.82413021317873,0.26252115554201794,0.09665917597438195,0.165861979567636,47.016616965258834,43.746396111523396,7.206064988100272,0.013648219489660926,0.013966152486665662,0.025703229636089064,0.05174307824921254,0
2021-10-20,46.787784576416016,47.15886044877181,46.700528873724224,46.93566342362747,13458000,45.42192058563232,45.061140594482424,45.581281775811846,62.78250093034872,0.33571630854251566,0.1444706024880087,0.19124570605450697,47.15138767307424,43.6924534981904,7.615120915820439,0.01302801803625759,-0.001959197715980854,0.012200824342328609,0.05026693522601344,1
2021-10-21,47.22499465942383,47.28377829634279,46.71522346461306,46.79054164183248,11787000,45.467156982421876,45.123815841674805,45.73782585996537,65.65588089265864,0.42411426912708805,0.2003993358158246,0.22371493331126346,47.33040177217727,43.603912192666485,8.19600306425908,0.013085509057985695,0.00934453483886899,0.021436070873258828,0.03325961541430922,1
2021-10-22,47.34072494506836,47.88907321868144,47.121199933012896,47.27918380080165,15367000,45.51533241271973,45.18751091003418,45.89048291568946,66.39546122088873,0.49777076508804186,0.25987362167026806,0.2378971434177738,47.51503424894546,43.515630576494,8.78693719335287,0.013089242996529613,0.0024506151134404686,0.009835698198436438,0.024163064102750376,1
2021-10-25,47.95245361328125,48.17565064678146,47.31960360151208,47.53177760762824,12416000,45.59441604614258,45.25997550964355,46.08686107736487,70.06497924467666,0.5986051127771361,0.3276199198916417,0.27098519288549444,47.833912431612426,43.35491966067273,9.823555512602368,0.013346914030544712,0.012921827220067073,0.02489258782841164,0.03717038319893362,1
2021-10-26,49.03629302978516,49.139165279004885,48.129727829713126,48.2427016012251,24043000,45.79120597839356,45.35050605773926,46.36775935854776,75.22661376694421,0.7572447960406663,0.41354489512144665,0.34369990091921965,48.4709355661284,43.11147639065873,11.70412322837383,0.012234110215177098,0.02260237662174025,0.03835465484801048,0.04600424404685288,0
2021-10-27,48.0479736328125,49.23835535893652,47.93316036964609,48.84799096493525,23500000,45.9456527709961,45.43850387573242,46.52777976562059,64.3332878974531,0.7940652820750671,0.48964897251217077,0.30441630956289634,48.76799837063076,43.12330717136144,12.285582767544476,0.013319547854274725,-0.020154855432737317,0.014939540713936994,0.026934146760855482,1
2021-10-28,48.64133071899414,48.676232298789785,48.07736589827654,48.14258255370636,11872000,46.1506633758545,45.55609466552735,46.72907033260855,67.38671159123561,0.8611973930273322,0.5639586566152031,0.29723873641212917,49.12661868062427,43.17470807108473,12.896695679251083,0.013110376148153217,0.012349263482288153,0.014365836444333535,0.02999123810991655,1
2021-10-29,48.83421325683594,48.87830185761691,48.08379254583992,48.08379254583992,15564000,46.35420379638673,45.66922721862793,46.929560134915924,68.33568820525382,0.9193662021422426,0.6350401657206111,0.28432603642163157,49.476059960905566,43.23234763186789,13.469570864518591,0.013110338225216223,0.0039654042147017066,-0.00412102466282438,0.031547643461323105,0
2021-11-01,48.501712799072266,48.91779523154101,48.21513865595611,48.71205077099276,16896000,46.593474388122566,45.772719116210936,47.07928896007367,64.83346232249842,0.9279386946797032,0.6936198715124295,0.2343188231672737,49.60140340336567,43.58554537287946,12.911374628073998,0.011706499006846439,-0.0068087604076866315,0.00944346102350302,0.011454245703892196,1
2021-11-02,49.3302116394043,49.67465145381399,48.37588238147848,48.44660704836752,16262000,46.83067893981934,45.879504699707034,47.293662548581345,69.0850356298966,0.9901713106295063,0.752930159335845,0.2372411512936613,49.91525756227696,43.74610031736172,13.173324377472795,0.011537102731321436,0.017081847063097566,0.014162460406148991,0.005993899445877915,1
2021-11-03,49.817020416259766,49.94745023101975,49.027104522136185,49.51207568454208,14038000,47.07679271697998,45.9978865814209,47.5339823455031,71.28201135092792,1.0664788032096482,0.8156398881106057,0.25083891509904244,50.287153483855455,43.866431950104506,13.638825338742924,0.011579900390505734,0.009868369923363707,0.02012538124152652,0.0368183432035345,1
2021-11-04,50.39108276367188,50.43241736143436,49.68383262440296,49.94836423937898,15956000,47.32800426483154,46.12413887023926,47.806087147233455,73.65923597992652,1.159904418520874,0.8844927941926595,0.27541162432821453,50.7435732373085,43.91243529235458,14.433606595218299,0.011606044913706563,0.011523417952647108,0.0389547060415516,0.03597253649959198,1
2021-11-05,51.33713912963867,51.40602778489491,50.50038075378257,50.51783329392963,18674000,47.63143253326416,46.265063247680665,48.14237781222443,77.03332786519799,1.295351725596582,0.966664580473444,0.3286871451231381,51.32794686736599,43.93491819916233,15.521323367800491,0.011836529930248639,0.018774281362511802,0.040683536995638425,0.051253531200328384,1
2021-11-08,51.33990097045898,51.79364252581492,51.26182878969743,51.61728811408838,17231000,47.93734073638916,46.38744155883789,48.446903827294385,77.0425731025035,1.3869298853869054,1.0507176414561363,0.3362122439307691,51.79468696610136,44.07999450667696,16.093284151592886,0.011803117601578985,5.379810537031737e-05,0.030569482909141632,0.058517277176260984,0
2021-11-09,51.23427200317383,51.61085938508981,50.989950432066905,51.361944302155536,15838000,48.27039070129395,46.50232772827148,48.71236746309243,75.78602763125811,1.434447444694051,1.1274636021037194,0.3069838425903315,52.058000928218775,44.48278047436912,15.693306691314163,0.010954586158514353,-0.002057443923507485,0.016732905769387907,0.038598260589026046,0
2021-11-10,50.40486145019531,51.51901056969408,50.33873029619108,50.91279664524552,18450000,48.56321029663086,46.60368934631347,48.87355736662603,66.60064835621655,1.3891655174783466,1.1798039851786448,0.20936153229970178,52.04798742350784,45.07843316975387,14.351510559501648,0.012030333909139018,-0.016188588625347,-0.018159907140308906,0.011800003874653298,1
2021-11-11,51.01382827758789,51.171812135471264,50.40853240939549,50.76491321520254,14157000,48.82865829467774,46.7246159362793,49.07739269147954,69.52150492541202,1.3864358283409146,1.221130353811099,0.1653054745298157,52.209324351559296,45.44799223779618,13.847056933161921,0.011206626216598481,0.012081509796317835,-0.006351252860006706,0.01235824832017629,1
2021-11-12,51.73209381103516,51.97274333685839,50.93942408349387,51.29029334860573,13592000,49.104072189331056,46.86220573425293,49.33022136953245,72.5686646469087,1.4257948799373992,1.262063259036359,0.1637316209010402,52.48851284218763,45.71963153647448,13.784765710701768,0.011296882787538326,0.014079820270278098,0.009716578149690402,0.007693351988297126,1
2021-11-15,51.96632385253906,52.14267827249572,51.42073305951055,52.14267827249572,13972000,49.39069232940674,46.99393936157227,49.58127874886642,73.4991380245262,1.4590683865795455,1.3014642845449962,0.15760410203454933,52.724875515628575,46.056509143184904,13.501261184940692,0.011227604840699736,0.004527751039025807,0.030978408776832334,0.01220148208779226,1
2021-11-16,52.24187850952149,52.311685180117415,51.68801865703387,51.81201896182683,13194000,49.658804702758786,47.13317199707031,49.83466920226214,74.59106430704567,1.4904913813823413,1.3392697039124652,0.15122167746987603,53.004549359737595,46.31306004577998,13.47493028479172,0.011066854341569808,0.00530256205469426,0.024072889124322483,0.019666650211898062,1
2021-11-17,52.32178115844727,52.47976501761535,51.81292800359215,52.184003844463646,12532000,49.93550453186035,47.278032760620114,50.0715370076131,74.91384351519267,1.5044988805708357,1.3723155392441395,0.13218334132669618,53.20008621035154,46.67092285336916,13.075192527225948,0.01097036959350219,0.0015294750343102237,0.011398868748017321,0.03803045287895612,1
2021-11-18,52.79664993286133,52.97300434316476,52.321783833369885,52.45588564425646,12712000,50.214087295532224,47.43401412963867,50.33107157192246,76.80010628165857,1.5362094003376328,1.4050943114628383,0.1311150888747945,53.45675871861828,46.971415872446165,12.915385294176495,0.01096578796042955,0.009075929066252542,0.015978156982557,0.0349478115144064,0
2021-11-19,52.23728561401367,53.01709647328071,51.98101949954597,52.93167326718379,19612000,50.458915328979494,47.570309982299804,50.512615766407336,70.11251895916554,1.4989255097586636,1.4238605511220035,0.07506495863666007,53.53179328653347,47.386037371425516,12.179722602119298,0.011539038283538217,-0.010594693404959776,-8.791597160850984e-05,0.00976553945069103,0
2021-11-22,50.81910705566406,52.54222407499662,50.74562838622837,52.509158498559415,25898000,50.60224800109863,47.67676513671875,50.54180541300321,56.644938147913074,1.3395016590975857,1.40698877271712,-0.0674871136195343,53.45354235138521,47.75095365081205,11.26943747726257,0.013416559665708865,-0.027148779682556023,-0.028719857571985696,-0.022076158400782253,1
2021-11-23,50.98811721801758,51.05608437843037,50.3828212667447,50.74012012311825,17109000,50.699839210510255,47.78129364013672,50.58431129919506,57.68803304767889,1.2128142487776685,1.3681538679292298,-0.15533961915156125,53.46228727544024,47.93739114558027,10.897265584847531,0.01260134943807338,0.0033257208193051557,-0.034254686938348655,-0.023999161731433682,1
2021-11-24,51.31969833374024,51.35184591084542,50.278109827886,50.814520620448846,12084000,50.86342544555664,47.87810180664062,50.65434815962793,59.7348319740409,1.1261874009347892,1.3197605745303418,-0.1935731735955526,53.3522895126249,48.37456137848839,9.786458718681047,0.01149240460755486,0.0065031057001943005,-0.017565753455368482,-0.019152307175331007,0
2021-11-26,50.20461654663086,51.18833562366702,49.904265412540695,50.68040054936184,14219000,50.941589736938475,47.95696678161621,50.61151657743773,50.82986105557,0.9565309257222765,1.2471146447687287,-0.2905837190464522,53.23707891287725,48.6461005609997,9.012240049015526,0.012565882033615841,-0.02172814383782673,-0.01209172188641816,-0.04909465637548249,1
2021-11-29,51.83497619628906,52.12981940001445,50.85585037108567,51.08731292011298,18703000,51.09162788391113,48.07090080261231,50.728036541137854,60.17737501318672,0.9427657285829554,1.186244861531574,-0.24347913294861856,53.20128319273212,48.98197257509014,8.25832096645848,0.01433396755463853,0.032474297421311915,0.01660894781916422,-0.007701575857086307,0
2021-11-30,50.85585021972656,51.89468118618306,50.701541854167615,51.7366973102819,22574000,51.209334754943846,48.18564064025879,50.74020927243202,53.58856949543516,0.8431303454735684,1.117621958319973,-0.27449161284640455,52.9599952257759,49.458674284111794,6.837270896837964,0.015011305031249735,-0.01888929152498764,-0.009038402973400195,0.0007230186870905708,1
2021-12-01,50.95504760742188,52.21523602617111,50.82369980142219,51.75598296169567,21980000,51.29057655334473,48.30278709411621,50.76067006624057,54.136452014273836,0.7633732945290959,1.0467722255617975,-0.28339893103270164,52.82195593772741,49.75919716896205,5.97138689907286,0.014612642729538149,0.001950560009649438,0.014947451298507719,-0.0006485748523384904,0
2021-12-02,50.742862701416016,51.35458803031687,49.96672751841285,50.15685542824713,22619000,51.33686866760254,48.39805427551269,50.75897412673348,52.7032775930772,0.6752597345404681,0.9724697273575317,-0.2972099928170636,52.73768112272751,49.93605621247757,5.4573350166524275,0.014537661343439888,-0.0041641587235993205,-0.02106904594182557,-0.011240043317732873,1
2021-12-03,51.26367568969727,52.263011728866026,50.55458938953991,51.89009627976388,20305000,51.38049831390381,48.496922454833985,50.80704094225384,55.79654507973062,0.6400759617109486,0.9059909742282151,-0.26591501251726646,52.71347640730067,50.04752022050695,5.188653816680288,0.01449242705936003,0.010263768351932656,0.00801924396522069,0.021094855730702466,1
2021-12-06,51.89375686645508,52.20513106837538,51.06434599873403,51.86344529724702,22482000,51.40832920074463,48.60725326538086,50.91053769693967,59.267337293375334,0.6554789006689461,0.8558885595163613,-0.20040965884741524,52.759640870570635,50.05701753091863,5.257170154467616,0.014141206867254608,0.012290987103065643,0.018422301677851305,0.0011339962797209946,1
2021-12-07,54.228607177734375,54.47384676472775,52.53855562058038,52.53855562058038,29562000,51.5527645111084,48.76440979003906,51.22654431415821,68.9855040617085,0.8463327506022651,0.8539773977335421,-0.007644647131276994,53.37826556080605,49.72726346141075,7.0820685059645925,0.017268564167181713,0.04499289417969621,0.06869428114116016,0.06631994044806166,0
2021-12-08,54.05958938598633,54.27819636952045,53.49654614878815,54.27819636952045,17998000,51.694030380249025,48.94359169006348,51.49635813052279,67.72584207463106,0.972734401771234,0.8777287985410805,0.0950056032301535,53.81279808682999,49.57526267366806,8.197339967481025,0.01728612536434388,-0.0031167643895793073,0.054539860021215025,0.060927070512877934,0
2021-12-09,53.58747863769531,54.21389902959426,53.498383439491874,53.498383439491874,29080000,51.85316123962402,49.116160507202146,51.69551246453922,64.19950356662173,1.0230204858516743,0.9067871360031994,0.11623334984847489,54.03777196639227,49.668550512855774,8.426142879400226,0.016931187376382,-0.008733154536564092,0.032638256960252576,0.05605942954022414,1
2021-12-10,58.02019500732422,59.220681799961376,56.81787221151348,57.31294486115555,57087000,52.20347957611084,49.38574203491211,52.2978631828997,76.54699663534743,1.4043670657044416,1.0063031219434477,0.39806394376099385,55.630898052771435,48.77606109945024,13.130996264965605,0.024539354079183843,0.08271925610828745,0.06991859143943913,0.1317993535720039,0
2021-12-13,57.099853515625,58.271868257096365,57.06035842400697,58.23329116707556,26898000,52.47186756134033,49.63247100830078,52.7551955955402,71.06651762813406,1.6137211381520729,1.1277867251851728,0.4859344129669001,56.4979728275871,48.445762295093566,15.345766992341922,0.02497701302593828,-0.015862433616140703,0.056239127306926706,0.10032221530168739,0
2021-12-14,56.47985458374024,56.82061883075996,55.62839771119108,56.74897617425065,35956000,52.69754409790039,49.887742080688476,53.109925022987824,67.55746155068584,1.7098963953535389,1.2442086592188462,0.4656877361346927,57.07561229338669,48.31947590241409,16.615833889157404,0.025235579036323282,-0.01085815275717128,0.0539748467286596,0.04151401858114112,1
2021-12-15,58.77153778076172,58.86338699925046,56.06010778616757,56.54048543566877,29092000,53.024027061462405,50.17145042419433,53.64912623801391,72.88660588924617,1.9485737163381316,1.3850816706427032,0.5634920456954284,58.13071583683783,47.91733828608698,19.26179152502334,0.02649804111012118,0.04057523189305834,0.012949676803786225,0.08716211958496389,0
2021-12-16,57.00983810424805,58.8450143256348,56.16665016593178,58.54190562675567,42748000,53.25842990875244,50.41375228881836,53.96919403479812,64.16135082508475,1.9728312019877734,1.5026315769117173,0.47019962507605606,58.63776067952429,47.87909913798059,20.200861272058706,0.027701323054016635,-0.02997538847946135,-0.001576456082366673,0.06386490936980427,1
2021-12-17,58.32146835327149,58.78347896333974,56.497314978890415,56.72051201414745,50661000,53.53467082977295,50.672844619750975,54.38369635084321,67.29999746198939,2.073985420558593,1.6169023456410925,0.45708307491750033,59.34123494846628,47.72810671107962,21.692723719761993,0.02799196517274003,0.023007086016013645,0.03260656003993012,0.005192560037229121,1
2021-12-20,59.24639892578125,59.34376315361239,57.4148981934236,57.5260394524852,32770000,53.88512649536133,50.952401123046876,54.84681088178969,69.33918373330258,2.203385775131288,1.7341990315391316,0.4691867435921564,60.16310674853648,47.607146242186175,23.301347371674403,0.027823302308603953,0.01585917842306639,0.008079780842062068,0.037592835672842106,1
2021-12-21,59.737247467041016,60.03582097059281,58.54109865239367,59.9091797101223,36534000,54.33103351593017,51.24271133422852,55.312566747051726,70.39431684582482,2.318814018898351,1.8511220290109756,0.4676919898873755,60.93308416007108,47.72898287178926,24.303055608928002,0.02666004655099044,0.008284867100102788,0.047841029785168576,0.05767353523318963,1
2021-12-22,60.56550216674805,60.7466872912638,59.09203923080208,59.467340191981776,28383000,54.8099027633667,51.562555923461915,55.81284631083233,72.1367510304589,2.4488956216110154,1.9706767475309837,0.4782188740800317,61.75313772121425,47.86666780551915,25.335695222171427,0.02665767218391,0.01386496256232772,0.038476977292199344,0.030524373765383528,1
2021-12-23,61.45290756225586,62.001061082498985,60.65146444819438,60.65146444819438,23596000,55.31656322479248,51.90064468383789,56.349995001444086,73.90858020268469,2.593693938801202,2.0952801857850276,0.4984137530161745,62.63580427470223,47.99732217488273,26.463108418960196,0.02668020128577111,0.014651994349268671,0.03724291562831916,0.07793513550912445,1
2021-12-27,62.3292121887207,62.51593346043902,61.42146724814509,61.45290011972874,19442000,55.922793006896974,52.23313156127929,56.91944425737519,75.56125254351502,2.7474867906904166,2.2257215067661056,0.521765283924311,63.45341586838896,48.39217014540499,26.93221299073253,0.02566601419880968,0.014259774862191765,0.043389423376257064,0.06871815728597652,0
2021-12-28,61.84114074707031,62.65089865571737,61.6590388392051,62.63148319727839,17247000,56.42310123443603,52.54547805786133,57.388177256393774,72.79554150638349,2.797734901062384,2.3401241856253616,0.45761071543702236,64.12844782827321,48.717754640598855,27.31273689413749,0.025487719327601945,-0.007830540841308964,0.02106213165392723,0.043795772710836456,1
2021-12-29,62.17483901977539,62.58063829836232,61.85223070904058,61.91508939812723,14797000,56.989050674438474,52.864296417236325,57.844049805287256,73.50946812988573,2.831839865118752,2.43846732152404,0.3933725435947122,64.63815596817744,49.339945380699504,26.844122522538715,0.024645431193735818,0.00539605622848871,0.011747718475129343,0.04080522046281554,0
2021-12-30,61.478790283203125,62.46048052299095,61.36416642749204,62.220139270374325,11473000,57.51523780822754,53.15627960205078,58.19021556508877,69.41731676986385,2.770763343839562,2.5049265259871447,0.2658368178524171,64.87397641915769,50.15649919729739,25.588831382272335,0.02505394454502463,-0.011195022738231475,-0.013644034244210679,0.015079345234199959,1
2021-12-31,61.50929260253906,62.05467450515574,61.31147776538892,61.65349453398792,12046000,58.05355930328369,53.45070976257324,58.50631814008403,69.4974518042967,2.6937689512876233,2.5426950110472406,0.15107394024038268,64.90989619978733,51.19722240678006,23.62072878489577,0.024939413069446154,0.0004961437789428036,-0.005366138795668496,0.00091753250610771,0
2022-01-03,61.31610107421875,62.09073073939471,61.12198172086228,61.59341846614185,22591000,58.55618057250977,53.73253189086914,58.773916514763535,68.2771641592277,2.5873361975842,2.5516232483546326,0.03571294922956758,64.79374219075876,52.31861895426077,21.30453713771533,0.02511020084124283,-0.0031408510835700953,-0.013811663352815584,-0.016254194123847543,1
2022-01-04,62.01862335205078,62.13601881936803,60.75314168291266,61.27541963122736,21103000,59.062423896789554,54.02608985900879,59.08293621355279,70.31815445604978,2.5305050628848207,2.54739961126067,-0.01689454837584936,64.66618779264216,53.458660000936945,18.97573288101104,0.025105638854519132,0.011457386649253554,0.008780801742534372,0.002869976246175243,0
2022-01-05,59.43775939941406,62.04543996735553,59.34623944092767,62.04543996735553,34961000,59.32288150787353,54.25579597473145,59.11672889792053,56.05087868455145,2.2512606954554855,2.488171828099633,-0.23691113264414776,64.46932063264687,54.176442383100195,17.350603996167262,0.0260655827239441,-0.0416143379704893,-0.033678377940563164,-0.04402230329041579,0
2022-01-06,58.88589477539063,59.96002530300109,58.6455570516369,59.17522603368716,28581000,59.56419677734375,54.452788009643555,59.09474469577482,53.548940356353626,1.9628007145508022,2.3830976053898674,-0.4202968908390652,64.11948448688408,55.00890906780342,15.295388693205739,0.026201712593558916,-0.009284748106249574,-0.03963406440155948,-0.04217544775797111,0
2022-01-07,57.23309326171875,59.15210985027925,57.1693106993415,58.776808993558085,27832000,59.74647750854492,54.63649040222168,58.91744455919805,46.8098096464698,1.5825837915029268,2.2229948426124793,-0.6404110511095524,63.56227596139482,55.93067905569502,12.77330015750021,0.02706224755355556,-0.028067867865066654,-0.07716279129845904,-0.06952119200024409,1
2022-01-10,57.41889572143555,57.50023894282206,55.79290580033384,56.28190663377296,29793000,59.71641254425049,54.812041702270506,58.77472562226829,47.60804877451415,1.281479745542498,2.034691823198483,-0.7532120776559852,63.5951003848471,55.837724703653876,12.990357844160394,0.01966202985503048,0.003246416524564699,-0.0339660124873149,-0.06355924927558454,1
2022-01-11,57.50117492675781,58.05117973210499,56.809736284336296,56.899401437023386,19037000,59.736478614807126,54.98538093566894,58.65343507983872,47.980348076841686,1.0375318427725162,1.83525982711329,-0.7977279843407739,63.56463588513659,55.90832134447766,12.8168159861387,0.019320609687636364,0.001432963910024343,-0.023515306236146616,-0.0728401918831626,0
2022-01-12,57.496559143066406,58.327576924742026,57.28764721023163,58.00589239465873,18806000,59.787313842773436,55.16527786254883,58.54325641919374,47.95975862989291,0.834212633153733,1.6350503883213787,-0.8008377551676458,63.465190816898456,56.109436868648416,12.303201926070708,0.01913572719258073,-8.027285872480583e-05,0.004603383572907127,-0.032659378078218615,0
2022-01-13,55.20315170288086,58.04007580490451,54.92213887964304,58.00217934338595,30048000,59.6088945388794,55.28273666381836,58.225151208116316,39.0038573376381,0.4824603781595016,1.4045323862890033,-0.9220720081295017,63.77974499749386,55.43804408026494,13.994054044716625,0.018848488466370144,-0.039887733707315465,-0.03858910887635736,-0.06254032627944117,0
2022-01-14,55.12736129760742,55.4980357956011,54.723406175634594,55.07282099128346,25661000,59.514770698547366,55.38894348144531,57.93012359759165,38.746355187006266,0.19532692236546012,1.1626912935042946,-0.9673643711388344,63.98985343826229,55.039687958832445,15.038561645081321,0.017743194936161236,-0.001372936199030117,-0.04128287173564782,-0.036792209613450644,0
2022-01-18,53.40985870361328,54.63466536958353,53.243469687227446,54.38323409684672,35825000,59.26919021606445,55.44931900024414,57.49962217911752,33.36989966017504,-0.16886988864497,0.8963790570744417,-1.0652489457194116,64.46094545196665,54.07743498016225,17.51923796149661,0.01793401676484523,-0.031155175099387256,-0.07107730445719984,-0.06982086589181158,0
2022-01-19,52.132354736328125,54.05137136485674,52.073195068521294,53.76019239548502,22692000,58.9134880065918,55.46522331237793,56.98845385123282,30.03182209303297,-0.5541939757027237,0.6062644505190087,-1.1604584262217323,64.96617389193268,52.86080212125091,20.547708479469602,0.017793545810212568,-0.023918879365968593,-0.055627203734320174,-0.09336887806672178,0
2022-01-20,50.63024139404297,52.70270600900604,50.54242399111433,52.50488764702027,25225000,58.4581377029419,55.45103012084961,56.38290980769093,26.655433648358198,-0.9695971712071554,0.2910921261737759,-1.2606892973809312,65.48610681141076,51.43016859447303,24.04445089982805,0.018132029789486515,-0.02881345663134638,-0.08157691203985906,-0.11942136801505376,0
2022-01-21,49.290802001953125,51.34015514397436,49.11609111418892,50.53039736646667,38010000,57.89440269470215,55.4121607208252,55.70747096904923,24.058049511251824,-1.390855840886367,-0.045297467238252676,-1.3455583736481143,65.89696309283687,49.89184229656743,27.64536820713075,0.017802426410642468,-0.026455323048241275,-0.07712165509588764,-0.10710166935304144,1
2022-01-24,50.06266784667969,50.24107425844166,47.45775933362236,49.07450352717779,54256000,57.32489070892334,55.405316848754886,55.169870671680705,28.388533517298853,-1.6434782544074409,-0.36493362467209034,-1.2785446297353507,65.83830483519935,48.81147658264732,29.702330073350826,0.01787739697391599,0.01565942961723321,-0.03970062162195387,-0.09187258979412727,0
2022-01-25,49.37492370605469,50.415776955125615,48.45793655657287,48.80735130330001,38158000,56.677176284790036,55.37253875732422,54.6179709606687,26.91577565447875,-1.8775354812967961,-0.6674539959970316,-1.2100814852997646,65.5333511113877,47.82100145819238,31.251291638445007,0.016946095426230004,-0.013737664615303014,-0.02479383177770078,-0.07554663306543485,1
2022-01-26,51.49916076660156,53.07522990993436,50.84746990170997,51.02587632347006,49715000,56.160077285766604,55.36788009643555,54.32094141837659,37.671419092074935,-1.8700624265220824,-0.9079756821020417,-0.9620867444200407,64.95731152204104,47.36284304949217,31.329138638860222,0.020876093068614373,0.04302258922349256,0.04480265434839015,-0.012145892372003808,0
2022-01-27,50.130149841308594,52.71379887689154,50.011830490994136,52.66388146844392,34183000,55.55784282684326,55.33115661621094,53.92181841103678,34.18020827190884,-1.9521050650949192,-1.1168015587006173,-0.835303506394302,64.27432824744291,46.84135740624362,31.378055651895103,0.020947999797308298,-0.026583169607315327,0.00134795042956104,-0.009877329022437098,1
2022-01-28,51.77462005615234,51.81159617229928,49.2131583219117,50.2272052103921,30254000,55.072634315490724,55.32181144714355,53.71732332961922,41.22633788158066,-1.862954464899829,-1.2660321399404597,-0.5969223249593694,63.4920428481556,46.65322578282585,30.575652090412824,0.023073659159688995,0.03280401554851631,0.04860152016403796,0.05039110652126921,1
2022-01-31,54.157676696777344,54.20297120302676,51.395621584548,51.7099115065024,40288000,54.70505352020264,55.35852935791016,53.75926174553904,49.63979772068697,-1.5817754938150799,-1.3291808107153837,-0.2525946830996961,62.593481309287995,46.816625731117284,28.839850366555808,0.02604237638899478,0.04602750610319206,0.0516225097768952,0.08179765534347672,1
2022-02-01,54.78995513916016,54.89903221515526,53.22775123269849,54.15675588974081,25719000,54.37874622344971,55.398395462036135,53.85742302112201,51.61871642576085,-1.293014481250161,-1.3219475448223392,0.028933063572178286,61.66308825829712,47.0944041886023,26.791136393307248,0.02633771987839037,0.011674770428629522,0.09295414660843004,0.10967169215982908,1
2022-02-02,55.77996444702149,55.9066057011152,54.87407078945262,55.37046614004792,24443000,54.06681327819824,55.46924903869629,54.040522204541006,54.62527766710699,-0.9730669114482495,-1.2521714181475212,0.27910450669927167,60.50044119915398,47.633185357242496,23.79880570305416,0.0265990928879581,0.01806917536885755,0.07736115468399651,0.08312375612917045,0
2022-02-03,53.69272232055664,55.37232548990045,53.62524424665494,55.06265839678279,30602000,53.77956142425537,55.52672134399414,54.00739840606631,47.870938739509356,-0.8778103023305874,-1.1772991949841345,0.29948889265354706,59.722632185776206,47.83649066273453,22.101596235183965,0.02630972757593346,-0.03741920862009984,-0.008585197973390413,0.07106646380522874,1
2022-02-04,54.553314208984375,55.14214636362657,53.25733055486351,53.27951763591825,20548000,53.56293239593506,55.59802528381348,54.0593903872966,50.584037191127756,-0.7245243148871197,-1.0867442189647316,0.36221990407761195,59.0435517175621,48.08231307430801,20.464224330044242,0.02668584841853996,0.016028091913273146,-0.004319056833953394,0.05366903996240624,0
2022-02-07,54.31945037841797,55.608963465117405,53.99868976790656,54.5533174600144,18671000,53.41725025177002,55.65802032470703,54.08415800549864,49.82513702994283,-0.614827572577596,-0.9923608896873045,0.3775333171097085,58.64914691889711,48.18535358464293,19.588790671431934,0.02605479290000303,-0.00428688584657777,-0.026183488696746804,0.0029870868085124513,1
2022-02-08,55.48324203491211,55.63391812535211,54.26028675800971,54.38877576768565,14570000,53.32046756744385,55.763592834472654,54.217404103538016,53.55908918954729,-0.42903816856829025,-0.8796963454635017,0.4506581768952115,58.31909800989278,48.32183712499492,18.749387132159985,0.026569984965297787,0.021424952726630142,0.033347530856522756,0.012653540124117235,1
2022-02-09,56.51115417480469,56.54628254397443,55.6071082098749,56.14232745594211,22004000,53.27096652984619,55.85711639404297,54.4358564912777,56.6291430640825,-0.1965886566200723,-0.7430748076948159,0.5464861510747436,58.12039312375584,48.42153993593654,18.20664016370964,0.026937559059789954,0.01852653345753974,0.03588856138639285,0.013108465289139115,0
2022-02-10,54.664249420166016,56.81620966192697,54.40634396484837,55.028453292888194,24920000,53.12935104370117,55.93328437805176,54.457608198790865,50.206963926213085,-0.1595611999751796,-0.6263720861508887,0.4668108861757091,57.629777619256544,48.6289244681458,16.94139486798391,0.027879283610800335,-0.032682127654404036,0.006347616541515055,0.018094204533142477,0
2022-02-11,53.00590133666992,55.44072552790976,52.604721376645486,54.664244659690176,27281000,53.01948852539063,55.974301452636716,54.31935040239839,45.245254382942925,-0.2610225987234642,-0.5533021886654038,0.2922795899419396,57.41817905797839,48.62079799280286,16.592730918108593,0.027274158801769918,-0.030336977111851016,-0.04465025127196698,-0.028365148749470714,1
2022-02-14,53.48289108276367,53.873901421741714,52.69624045535429,53.15196077332505,19291000,52.93726501464844,56.02910202026367,54.23968761005222,46.8715974709854,-0.2994900670147942,-0.5025397643352819,0.20304969732048772,57.23560870028684,48.63892132901004,16.239387072411056,0.027378632561992605,0.00899880454940516,-0.053586997757535726,-0.015400731962977976,1
2022-02-15,55.71896743774414,56.02124000470185,54.37676524716288,54.44886621631378,34284000,53.05272045135498,56.11820785522461,54.38057140316573,53.79946641724749,-0.14783894329001868,-0.4315996001262293,0.2837606568362106,57.51650173223877,48.588939170471185,16.827718702857915,0.028024715395790482,0.04180918999910066,0.01929447543441487,0.004248587396599834,0
2022-02-16,55.20500946044922,55.53778749291356,54.28155147823176,54.91382691892445,22931000,53.206353187561035,56.184432907104494,54.45908931338321,52.11725676911059,-0.06833868279652933,-0.3589474166602893,0.29060873386375996,57.74375180779336,48.66895456732871,17.055852725847444,0.027483283701499658,-0.00922411166124315,0.041487986588729875,-0.023113042609520962,0
2022-02-17,53.52170944213867,54.68458124991247,53.51153977507997,54.510797719519154,21424000,53.35092658996582,56.17029495239258,54.369815039931346,46.9403850960848,-0.1395537088529366,-0.31506867509881875,0.17551496624588214,57.732364696692244,48.9694884832394,16.424974735304694,0.02758861965539229,-0.03049179838500926,0.0007258089192472283,-0.020901045750128855,1
2022-02-18,53.61321640014648,54.32961012427401,52.992954934214,53.7010337927842,19708000,53.56704730987549,56.16136749267578,54.2977580266185,47.247152374135915,-0.18645890117737451,-0.2893467203145299,0.10288781913715539,57.53277600403061,49.60131861572037,14.806598060983681,0.026702973980822445,0.0017097166544490783,-0.03779235571711659,0.011457499036176433,0
2022-02-22,53.379356384277344,54.557944732330434,52.67220478594035,53.61322701086807,20204000,53.732881736755374,56.15720504760742,54.21029120353839,46.50711965410411,-0.23973859556155475,-0.2794250953639349,0.03968649980238015,57.36164328022826,50.10412019328249,13.506670128919104,0.02663977478079485,-0.004361984442860178,-0.033070424115764996,-0.0019358470791361881,0
2022-02-23,52.24513244628906,54.08280238459504,52.20353343438406,53.6354005508676,22416000,53.87639217376709,56.04170379638672,54.0231332266575,42.99012648953566,-0.3692292845560843,-0.2973859332023648,-0.0718433513537195,56.995662810959296,50.75712153657488,11.579359757912707,0.026947441893255052,-0.02124836294059107,-0.02385157367272983,-0.0623456454992003,1
2022-02-24,53.61414337158203,54.14011683137205,50.75040900505224,50.987051220881206,35316000,53.98214130401611,55.97198959350586,53.984181811888405,48.092529258262495,-0.3572655136930223,-0.3093618493004963,-0.04790366439252597,56.90936299839843,51.05491960963379,10.845148501600997,0.025879685462828164,0.026203607134126505,1.7289979930223964e-05,-0.028817422629135447,1
2022-02-25,54.35456848144531,54.48120973663343,53.059512311033934,53.59842702480573,22380000,54.19336223602295,55.92948387145996,54.01945673279859,50.664370981806044,-0.2847555361480545,-0.30444058667000795,0.019685050521953462,56.52795909079991,51.85876538124599,8.615803701602143,0.025067780918326482,0.013810257206417376,0.01826946151518638,0.015561144215825662,0
2022-02-28,54.3018798828125,54.751129460138536,53.27951462007161,53.706577117598776,25005000,54.31972522735596,55.84009071350098,54.04635417565706,50.47272869389697,-0.22890372643939116,-0.2893332146238846,0.06042948818449345,56.37368835297821,52.265762101733706,7.562494534077125,0.02417178694434613,-0.0009693499572313025,0.039367254712922684,0.012845032044451976,0
2022-03-01,52.70085906982422,54.31852730973343,52.2553049299284,54.05692637128706,24898000,54.2468843460083,55.7539111328125,53.918211784625356,44.91331700697521,-0.31025335660472564,-0.29351724302005283,-0.016736113584672807,56.418619810419585,52.075148881597016,8.00685787061645,0.022906075152488756,-0.029483708785835838,-0.017034391381172242,-0.01271085603896438,1
2022-03-02,54.1484375,54.5875209807783,53.02069407606381,53.10758407718699,21771000,54.21480846405029,55.67045051574707,53.940138043232466,50.24915152160993,-0.254976829038128,-0.28580916022366787,0.030832331185539852,56.37241655116691,52.05720037693368,7.959478778007005,0.02363085240331902,0.027467833650640427,-0.003792339580723114,0.03643028478619792,0
2022-03-03,53.4847412109375,54.880556430505685,53.09002830532841,54.8787086821268,26454000,54.1000473022461,55.5552173614502,53.89676691634723,47.955607420631324,-0.26170772276116594,-0.28098887273116746,0.01928114997000152,56.15412839829946,52.04596620619273,7.593638817273589,0.02335999904275284,-0.012256979512335842,-0.015048073356547675,-0.0024135825457041182,1
2022-03-04,55.092227935791016,56.00921518309627,53.98482038622604,54.79642605294888,44757000,54.170022583007814,55.46231697082519,54.01062034677045,53.492476625442485,-0.13576623155572065,-0.2519443444960781,0.11617811294035746,56.25888943928845,52.081155726727175,7.712261345580017,0.02281707467199427,0.03005505287038379,0.045376278644688295,0.0135712503098524,0
2022-03-07,52.75446701049805,55.35012976361378,52.68976056909107,55.19298655626445,26494000,54.0800802230835,55.3060962677002,53.890986695696895,45.85251969930627,-0.22203498055995396,-0.24596247170885327,0.023927491148899305,56.248578148491,51.911582297676,8.019581023039608,0.0245421329208863,-0.04243358841863476,-0.025743503485247454,-0.028496488071018677,1
2022-03-08,53.239776611328125,55.09778267712374,52.0990882757712,52.89035825053764,26993000,54.02609653472901,55.14183364868164,53.828966687661776,47.52796249295009,-0.24837998691516816,-0.24644597475011626,-0.0019340121650519015,56.22165767389048,51.83053539556753,8.12778001738522,0.02464337044218506,0.009199402976310944,-0.004580083853136019,0.010225972612512457,1
2022-03-09,55.18744659423828,55.61451268644536,54.261216967632535,54.42668211374416,22560000,54.01130676269531,54.99899833679199,53.95834572638334,53.71738854975816,-0.11082043500217509,-0.21932086680052804,0.10850043179835295,56.17109979832916,51.851513727061466,7.997558900484069,0.02557555118885573,0.036582985633635046,0.0017283501142528745,0.019188163910330402,0
2022-03-10,54.32869338989258,54.5403769182503,53.27859766722781,54.12810340287538,19323000,53.90218372344971,54.84874938964844,53.99361693243184,50.86829124010735,-0.07028747547396819,-0.1895141885352161,0.11922671306124791,55.7426657373402,52.06170170955922,6.828970133504257,0.0254143070333565,-0.015560662022644833,0.029840627127959873,0.01577930751551415,0
2022-03-11,53.41539764404297,54.94802341303231,53.34791958379614,54.72339862646337,19813000,53.83974113464355,54.67356056213379,53.93854842877576,47.95518888336446,-0.11058538747292346,-0.1737284283227576,0.06314304084983413,55.657162672995504,52.0223195962916,6.751226882042041,0.024630367517100304,-0.016810559740417452,0.003298680871577364,-0.03043678490734414,0
2022-03-14,52.48639297485352,53.61229205465869,52.20445626793088,53.33312696956411,25234000,53.81376571655274,54.4937126159668,53.800247909354596,45.12437730792823,-0.2150062278920899,-0.18198398823662404,-0.03302223965546586,55.69194958541917,51.93558184768631,6.9803101264430305,0.023976596860479194,-0.017392076258240685,-0.04894326130440607,-0.005081541921202248,1
2022-03-15,54.79365158081055,55.16340215201178,53.15564777006045,53.36178449809273,28260000,53.879303741455075,54.35939979553223,53.89485778282659,52.606981727504454,-0.1103123966582018,-0.1676496699209396,0.0573372732627378,55.797775365215806,51.960832117694345,7.121367540184623,0.025882686557829822,0.04395917637286373,0.00855824357087287,0.029186354045516394,1
2022-03-16,56.12107467651367,56.17561145872482,53.9894467487656,55.153246024659055,29454000,53.89940910339355,54.255499267578124,54.10687843936822,56.298989310649326,0.07886110720401973,-0.11834751449594774,0.19720862169996747,55.901196142722746,51.89762206406436,7.427862652405813,0.024714711805135806,0.024225855685953368,0.05065350351786524,0.016917399515506304,0
2022-03-17,55.70972442626953,56.10998408861887,55.24383796273277,55.899224415298185,18174000,53.92464485168457,54.1293212890625,54.25953043812072,54.872431099893156,0.1933609993021932,-0.05600581173631956,0.24936681103851277,56.00289744317538,51.84639226019376,7.707988053354368,0.02467848439264819,-0.0073296930362648505,0.06141270658397735,0.025419919939283497,1
2022-03-18,56.42518997192383,56.68401574835194,55.0922301708456,55.82988715990245,41538000,54.06981887817383,54.069069900512694,54.465783727054344,56.91724598834778,0.33793952240221614,0.02278325509138758,0.3151562673108286,56.404964619447206,51.73467313690045,8.637520116480358,0.023673609207663378,0.01284274070680791,0.029776047845744724,0.05634690483702731,0
2022-03-21,55.958003997802734,56.35910638454915,54.80122775329567,56.35910638454915,25789000,54.18705825805664,54.010512084960936,54.60789994331609,55.15964896217167,0.4100937346173339,0.10024535099657685,0.30984838362075706,56.650648481453274,51.72346803466,9.092910014284989,0.023805290770983117,-0.008279741270761476,-0.0029056941559100213,0.06614306730150954,1
2022-03-22,56.893287658691406,57.09430391462207,55.77559779881236,55.998021045246205,19262000,54.362754821777344,54.00371597290039,54.825555916208984,57.95857301645393,0.5365609024964542,0.18750846129655233,0.34905244119990186,57.06091321393915,51.664596429615536,9.92649618661689,0.02395570304055491,0.016714028272441617,0.0212451819607955,0.03831896610840557,0
2022-03-23,55.78025436401367,56.896084029449455,55.75978104401988,56.58245917975093,13839000,54.53951091766358,53.97094314575195,54.91647957790467,53.66551366161942,0.5407412310029969,0.25815501523784123,0.28258621576515564,57.120224757839544,51.95879707748761,9.46364863473742,0.02386702178195254,-0.01956352568961972,-0.011429923554197474,-0.006072947007243146,1
2022-03-24,58.29762268066406,58.37114132535768,56.02408637290426,56.45496690522132,26016000,54.773684883117674,53.98687210083008,55.238493206738895,60.7472891363669,0.7386698300955885,0.3542579782093907,0.3844118518861978,57.78933637592354,51.75803339031181,11.01131501099846,0.025153113952662166,0.0451300974753972,0.041810259761109414,0.04645325894260255,1
2022-03-25,58.524696350097656,58.668013153196966,57.70573862513929,58.35811231074587,14538000,54.982191276550296,54.0074348449707,55.551464934677824,61.32155305186778,0.9034383434124607,0.4640940512500047,0.43934429216245596,58.40259183132544,51.561790721775154,12.441848807266183,0.025057388365217644,0.0038950759738083374,0.028674888700284562,0.03720867185770227,1
2022-03-28,58.89786529541016,58.93695523830288,57.30648464508332,58.24642541521631,14427000,55.21199054718018,54.08132911682129,55.870169730938045,62.297739255514244,1.0520033526923385,0.5816759115384714,0.47032744115386704,59.014863805899566,51.40911728846079,13.775533977423713,0.025034546049252968,0.006376264527374831,0.05589094146203455,0.05253692211256977,1
2022-03-29,59.69729232788086,60.05465064526739,58.62985378233456,59.56048638205416,23001000,55.561812210083005,54.172727737426754,56.23465759731355,64.37222455832146,1.2201837545452676,0.7093774801398307,0.5108062744054369,59.65262806905497,51.47099635111104,14.72527873462554,0.023790796069303104,0.013573107080554925,0.024009034723143863,0.04928533372883925,0
2022-03-30,58.731292724609375,59.95972744942738,58.38137538482262,59.455324760147285,18626000,55.790954971313475,54.27915641784668,56.472432371341725,60.071013713031505,1.2609840012682625,0.819698784365517,0.44128521690274547,60.049398877729445,51.532511064897506,15.265714338840663,0.023770064561456576,-0.01618163178935883,0.0035300717029926876,0.05290471322231105,0
2022-03-31,58.60007095336914,59.4674233302977,58.44837951834453,58.67452326386872,21731000,56.04672145843506,54.4085107421875,56.67506461724909,59.48951829393797,1.268111984883717,0.9093814244691572,0.35873056041455986,60.33474905381874,51.75869386305138,15.301617949459311,0.023505986719574434,-0.0022342735048508366,-0.0050561143523181196,0.005188003537670793,0
2022-04-01,58.34880447387695,59.05515356629103,57.5773078334027,58.787129503109306,16267000,56.209550285339354,54.56288200378418,56.834468413118415,58.32525468386179,1.2392011191541883,0.9753453634061635,0.2638557557480248,60.58663075253792,51.83246981814079,15.574152239179906,0.022811047172372593,-0.004287818690392631,-0.02258876075312566,-0.0030054299670092544,1
2022-04-04,59.08121490478516,59.255243467565606,58.11987048794073,58.29668941506188,16484000,56.525887680053714,54.75869026184082,57.04844426946763,60.73735347314822,1.2608541092202614,1.0324471125689831,0.22840699665127828,60.77092330737776,52.28085205272967,15.0197928826936,0.020195181029901654,0.012552278277374374,0.005958019378469626,0.003113009418174828,0
2022-04-05,57.15201568603516,58.840186230758825,57.04778527535005,58.587984847738376,19778000,56.721499633789065,54.90047721862793,57.05830821390263,52.17163454407377,1.1095537608051274,1.0478684422162121,0.06168531858891524,60.694656237328445,52.748343030249686,14.009349644107665,0.02192629763989021,-0.03265334373809137,-0.024710810819431717,-0.04263638337005371,0
2022-04-06,56.02408599853516,56.916562365230455,55.25817359844655,56.03153052009064,23742000,56.76333160400391,55.03346046447754,56.959810860058106,47.91677553041302,0.8883918174792527,1.0159731172688202,-0.12758129978956756,60.6883267825254,52.83833642548242,13.829333365783747,0.02109204363169189,-0.01973560641668859,-0.039841749909076185,-0.04609479206882583,1
2022-04-07,56.12180709838867,56.54896718089231,55.20885732696416,55.82214466558946,16583000,56.85298728942871,55.12591339111328,56.88000097799435,48.31009681738887,0.7127880827537965,0.9553361103658154,-0.242548027612019,60.630586086977196,53.075388491880226,13.28900723656748,0.020730416087176292,0.0017442694175513473,-0.05009050357488165,-0.04229114085804675,0
2022-04-08,54.62812805175781,55.706731480405416,54.532272308560536,55.594122903900185,20464000,56.91362380981445,55.21587295532227,56.66553688978135,42.96869360103442,0.4479299839327737,0.8538548850792071,-0.4059249011464334,60.502793732832735,53.32445388679617,12.612691593886344,0.021302380575253757,-0.026614949230203022,-0.0441609557245074,-0.06376611235942131,0
2022-04-11,54.03346252441406,54.8403215636017,53.92364784439879,54.21679584822193,23512000,56.99097728729248,55.2610498046875,56.41486314069875,41.02398105254235,0.18787775636258175,0.720659459335882,-0.5327817029733003,60.246311022436295,53.735643552148666,11.424031978724008,0.02104948592498388,-0.010885702083372362,-0.03553156537302815,-0.08543751831281776,1
2022-04-12,54.44852828979492,55.7067448295261,54.17864395011944,54.82450328226646,17350000,56.9737211227417,55.26686683654785,56.227593154898386,42.96432485526384,0.015102735916457277,0.5795481146519972,-0.5644453787355399,60.278742749782495,53.668699495700906,11.601915977791235,0.018637740813646952,0.0076816429299402245,-0.02981512704429279,-0.047303447897478534,1
2022-04-13,55.14370727539063,55.53178091107836,54.539724768238514,54.76772876820233,20266000,56.924852752685545,55.27394187927246,56.1243659282786,46.159375371309565,-0.06497854604842246,0.45064278251191325,-0.5156213285603357,60.30686464336332,53.54284086200777,11.88237378626586,0.01801465086909137,0.012767635920216458,0.009437980798908674,-0.01571428979970424,0
2022-04-14,53.40435791015625,55.56435924191219,53.31222617825676,55.37171758424442,27385000,56.80958442687988,55.22642974853515,55.86531754560028,40.10578494699538,-0.2657313112413249,0.3073679637612657,-0.5730992750025905,60.493105391700496,53.126063462059264,12.967956030594479,0.019252904521639056,-0.031542118786971995,-0.011642870637312286,-0.048420557511065,1
2022-04-18,54.58160781860352,55.02086655488517,53.31129265496391,53.31129265496391,21375000,56.71740531921387,55.24420745849609,55.74305947636249,45.331621573271136,-0.3260762905762462,0.18067911289376332,-0.5067554034700095,60.524971849258705,52.90983878916903,13.42644822560304,0.019728679580647144,0.022044079444374143,0.002444134542999965,-0.0008515802172502918,1
2022-04-19,55.61647415161133,55.716980526762136,53.91713858856832,53.91713858856832,16581000,56.7003288269043,55.26547065734863,55.73100373114809,49.50262041691575,-0.28708571174599484,0.08712614796581167,-0.3742118597118065,60.52439319196496,52.87626446184363,13.488684965954365,0.020169518005323607,0.018959982572281042,0.008573360399214192,0.029296875551553025,1
2022-04-20,55.62577438354492,57.0877974873682,55.38474157704784,56.22882323554954,13920000,56.63695316314697,55.29159713745117,55.72098188851922,49.53988071753583,-0.25252400656239615,0.01919611706017011,-0.27172012362256626,60.48804251517398,52.78586381111996,13.59921089304949,0.01977853519601118,0.0001672208113776552,0.041596164813475056,0.021621265637966625,0
2022-04-21,55.16138458251953,57.3148711861907,54.968746504216114,56.35352683710986,20352000,56.60600967407227,55.28515998840332,55.667686906995435,47.649248119987426,-0.25961332131160475,-0.03656577061418486,-0.22304755069741988,60.49390539797884,52.718113950165694,13.73668890032141,0.01937766972662451,-0.008348464469427053,0.010622200171215956,0.0003205679850397658,0
2022-04-22,54.62348937988281,55.72070619543901,54.55927549245422,54.91757109189132,21064000,56.4223030090332,55.24740669250488,55.5682395234609,45.48398645162115,-0.3051180903845747,-0.09027623456826284,-0.21484185581631188,60.320316225456715,52.524289792609686,13.817277950527624,0.016222927256509975,-0.00975129987594936,-0.01785414819755793,0.02282831434426269,1
2022-04-25,54.71003341674805,54.791930258662354,53.15029423492053,54.11535917906689,26959000,56.231569862365724,55.248322372436526,55.48650560853587,45.909875505552755,-0.33038904793814083,-0.13829879724223842,-0.1920902506959024,60.072318797363174,52.390820927368274,13.660472024516462,0.01617847801158462,0.0015843740091987524,-0.016462529770511658,0.002352909767175282,0
2022-04-26,52.1219482421875,54.48482615047635,52.08844611650461,54.33034077363872,35809000,55.89277400970459,55.230643310546874,55.16607157364555,36.68115508136167,-0.5528800508531688,-0.22121504796442454,-0.3316650028887443,59.92367881725275,51.86186920215643,14.423706387692551,0.01874821049865711,-0.04730549431118192,-0.0551007985628994,-0.06283256827640127,0
2022-04-27,52.07261657714844,53.05350415935652,51.650110700125886,51.72362934268813,19313000,55.511540222167966,55.20243782043457,54.8714568120744,36.53041737554213,-0.7248310258369557,-0.32193824353893075,-0.40289278229802494,59.47268720248967,51.55039324184626,14.27143604543642,0.018227409179434745,-0.0009464662527547407,-0.04669919171574988,-0.06387610502097696,1
2022-04-28,53.878047943115234,54.4438706385221,51.92651114917685,52.66822619989532,22334000,55.26887798309326,55.165619430541994,54.776846443602096,45.37732960880929,-0.7072672531022732,-0.3990040454515993,-0.30826320765067394,58.99921894879199,51.53853701739453,13.498884369752687,0.02026114181321274,0.034671416276767175,-0.015207182698925625,-0.02326512739150821,0
2022-04-29,51.59334564208984,53.816627112207854,51.50121391333654,53.28989079168095,26108000,54.918541717529294,55.0933861541748,54.47365589107712,38.13353031366876,-0.867701891034649,-0.49274361456820925,-0.37495827646643975,58.64775611219771,51.189327322860876,13.580893731117047,0.021983658224387765,-0.042405068265234824,-0.010141650838558114,-0.055473272985539834,1
2022-05-02,53.63701248168945,53.75706560159652,51.77854105239433,51.84926933426169,26725000,54.682952117919925,55.09569221496582,54.393975566373534,46.37919987332653,-0.8204826498907067,-0.5582914216327088,-0.2621912282579979,58.097648749331114,51.268255486508735,12.489072001993005,0.02425037857088318,0.03961105476231008,0.030042582980697397,-0.0196128729603392,1
2022-05-03,54.08557891845703,54.60487069385351,53.21078194474912,53.60537354443272,17064000,54.433170318603516,55.10513946533203,54.36460445704815,48.016899067846815,-0.7383542107350394,-0.594303979453175,-0.14405023128186434,57.192339964514126,51.674000672692905,10.13782452780493,0.024118341053025988,0.008363001890172583,0.0038518651522212455,0.037673777410341946,1
2022-05-04,56.17856979370117,56.2167260719317,53.41645001889694,54.14327599801193,23896000,54.384498023986815,55.161123733520505,54.537363060538915,54.933323276624144,-0.49863203945986356,-0.5751695914545127,0.07653755199464918,56.9795704709514,51.78942557702223,9.54342704724425,0.02494017706577903,0.03869776227041344,0.08887239419245407,0.07885052617760313,0
2022-05-05,53.97576141357422,55.639730849393175,53.44530110835772,55.30098205521455,32806000,54.28208179473877,55.19573631286621,54.48387718939942,47.734725076275616,-0.4808557129215245,-0.5563068157479151,0.07545110282639056,56.76969270624057,51.794470883236976,9.165495608323944,0.026082229880396535,-0.039210830539404995,0.006315581651763491,0.0018136045047911775,1
2022-05-06,53.98599243164063,54.90545997155159,52.99300980550741,53.505787117127454,20745000,54.17529106140137,55.20317329406738,54.4364595934224,47.76895985694882,-0.46063240478594025,-0.5371719335555201,0.07653952876957981,56.51691591344873,51.83366620935401,8.644623060329854,0.026074254700147827,0.00018954837872553476,-0.001841276155452487,0.046375104381656485,0
2022-05-09,52.387168884277344,53.7905622715899,52.14055181924324,53.31407742626906,30074000,54.06324310302735,55.163825302124025,54.2412890496943,43.02597833605099,-0.5670800400273706,-0.5431535548498901,-0.023926485177480417,56.519144543215894,51.6073416628388,9.085290852819838,0.026233825503596663,-0.02961552571970938,-0.06748838433136695,-0.02330188687967627,1
2022-05-10,54.106056213378906,55.014355376372535,53.213579766434975,54.02229912570548,29271000,54.06687278747559,55.159908828735354,54.228409731949974,48.9002736996724,-0.5068975167123924,-0.5359023472223906,0.029004830509998247,56.52280202126766,51.61094355368352,9.084783739743044,0.027234651650951066,0.03281122774354461,0.0024139501952800124,0.0003786091474171638,0
2022-05-11,52.77710723876953,54.41316245996204,52.66077815666465,53.47229136706368,26660000,53.98330173492432,55.16143379211426,54.09019044688517,45.03422618485891,-0.5599823808451347,-0.5407183539469395,-0.019264026898195286,56.494719415783486,51.47188405406515,9.304424146529795,0.027732042946070203,-0.0245619264758159,-0.022392571450860044,-0.0605473326825956,1
2022-05-12,53.192169189453125,53.382016906020425,51.953495999514224,52.43184110162749,25518000,53.88572483062744,55.14230842590332,54.00466461284402,46.457996121341075,-0.56208116572828,-0.5449909163032076,-0.017090249425072424,56.36059931147594,51.41085034977894,9.18564049617028,0.027623610440183976,0.007864431614370337,0.01536636398416591,-0.014517483470349535,1
2022-05-13,54.74353790283203,55.05529899811852,53.37178269342399,53.70216041837276,19449000,53.95268383026123,55.16748435974121,54.07503349760478,51.51340142672596,-0.4335641207292582,-0.5227055571884178,0.08914143645915962,56.4442486992485,51.46111896127396,9.236110947977672,0.027476331349500623,0.029165359056018803,0.01178207642669582,0.014032259796846969,0
2022-05-16,54.22517013549805,54.827292403815534,53.75799357530333,54.384309650862114,14189000,53.934861946105954,55.150143203735354,54.089332225023185,49.820705778209174,-0.3692845014349544,-0.4920213460377252,0.12273684460277079,56.41324159798297,51.45648229422894,9.19026975299767,0.02714375645601945,-0.00946902204702349,0.027437329791064835,0.03508495095966779,1
2022-05-17,56.5964241027832,56.67553057717313,55.24328554607898,55.41452019517127,24676000,53.98385944366455,55.22698234558106,54.32810288004795,56.81184660920803,-0.12555474532197763,-0.4187280258945757,0.29317328057259806,56.62658178636352,51.341137100965575,9.790786986828225,0.02858031504727109,0.043729765372056084,0.0639991744124071,0.04602752563563306,0
2022-05-18,53.0991096496582,55.9049666945593,52.690562657912295,55.83796244605423,35024000,53.85752620697021,55.22416900634766,54.21105590572512,46.51784202828995,-0.21215560792923327,-0.37741354230150725,0.16525793437227398,56.41438375862694,51.30066865531349,9.494894146570806,0.0318737235064408,-0.06179391204599116,-0.03003876468657607,0.00610117582670644,0
2022-05-19,50.83207702636719,52.18521891655886,50.15736987395667,51.92929355525484,34884000,53.6410608291626,55.13706161499024,53.88924839340531,41.294532359094575,-0.45843346615551184,-0.39361752707230824,-0.0648159390832036,56.44119488246981,50.84092677585539,10.44026352209979,0.03314304091129454,-0.042694362264238284,-0.06257413486490104,-0.0443691655942825,0
2022-05-20,50.5510368347168,51.649183682483056,47.6893406301571,51.54774364101255,40281000,53.4374382019043,55.06150848388672,53.57132348305402,40.68464159634183,-0.6685810516649653,-0.4486102319908397,-0.21997081967412557,56.501996653779614,50.372879750028986,11.469705715668477,0.03311491788780933,-0.00552879614784596,-0.10681571077860941,-0.07658440116816678,0
2022-05-23,48.98478317260742,49.841893654784045,47.85871493286482,48.76515380354449,58586000,53.15117568969727,54.97289619445801,53.134510120154346,37.371931737671524,-0.950550750660689,-0.5489983357248096,-0.40155241493587934,56.71559166530897,49.58675971408557,13.412369263179336,0.033656236214921906,-0.030983611023260416,-0.07748390705977237,-0.09664122675495401,0
2022-05-24,48.78375625610352,49.21836432384538,48.03832080953156,49.0126939067916,25060000,52.984266090393064,54.89884346008301,52.72015260929236,36.9560070093708,-1.1766710295304676,-0.6745328744859412,-0.5021381550445264,57.008770365938226,48.9597618148479,15.191318376210827,0.032148740676330306,-0.004103864577608585,-0.04029583070550469,-0.1380417220793192,1
2022-05-25,49.47522735595703,50.01685629964209,48.75584934574841,48.75584934574841,17842000,52.85439662933349,54.79247497558594,52.41111210897471,39.452166375185094,-1.285261347978242,-0.7966785691844014,-0.4885827787938406,57.146904050080984,48.561889208586,16.24276387393364,0.03237190357327561,0.014174207829004581,-0.0212816501128803,-0.06824751521468309,1
2022-05-26,51.2462272644043,51.61010360812433,49.11135327483248,49.46685497421959,39743000,52.72280559539795,54.69497802734375,52.3001706952061,45.413495136590285,-1.21441603386058,-0.8802260621196372,-0.3341899717409429,57.04299361157749,48.402617579218415,16.388308502901957,0.03243993911851515,0.035795690148233916,0.04616625705636457,0.008147419154686197,1
2022-05-27,54.28193664550781,54.48481670767895,52.1163549305755,52.30992667884217,37301000,52.85723514556885,54.666422271728514,52.48891030952055,53.808694905209734,-0.9029060960010398,-0.8847620688959178,-0.018144027105121974,57.19575807951339,48.51871221162431,16.416004060735467,0.033713351761954134,0.059237714523662666,0.1127051463716755,0.07380461498721935,0
2022-05-31,53.9887924194336,54.63092767038671,53.604439260251546,54.39547914339512,30009000,52.874824142456056,54.61769432067871,52.63175622475036,52.96163722485616,-0.6719407998036147,-0.8421978150774573,0.17025701527384263,57.22867503461331,48.5209732502988,16.46852150440085,0.032631644338087136,-0.005400401020851819,0.09122878872295104,0.10215436147167534,0
2022-06-01,53.3829460144043,54.9948037571388,52.89994676440924,54.68210902097852,18345000,52.83969249725342,54.566193161010744,52.703298109479306,51.1688368078265,-0.5316572661492316,-0.7800897052918121,0.2484324391425805,57.165144242792664,48.51424075171417,16.37197924936479,0.03268760401374498,-0.011221706911363039,0.041695142531676055,0.09427707317485123,1
2022-06-02,53.67330551147461,53.76916126772048,52.8720307690862,53.76730102490455,29488000,52.71442928314209,54.50179351806641,52.79567976681219,52.00733777446876,-0.3925271614839332,-0.7025771965302363,0.31005003504630313,56.783351882934255,48.64550668334992,15.437604675323291,0.031429256565472186,0.005439180838614055,-0.01121240640340293,0.0848521245857825,0
2022-06-03,52.42440032958984,53.00883611362342,52.20663120524626,52.94090174624969,20562000,52.63686122894287,54.43467643737793,52.76031982041006,48.17546951599569,-0.3786766135177757,-0.6377970799277441,0.25912046640996844,56.66559496562714,48.608127492258596,15.307651872179024,0.030622551025514297,-0.02326864667609807,-0.02897623784007164,0.02299043516133925,0
2022-06-06,52.22989654541016,53.2991918272359,51.88649358492741,53.18751690474047,14557000,52.549056434631346,54.313321914672855,52.70980331802912,47.587409995090994,-0.3790256129829288,-0.5860427865387812,0.20701717355585236,56.53264148377887,48.565471385483825,15.161395158837616,0.03062691465745793,-0.0037101766154088445,-0.021599584794046556,-0.03780336935099882,1
2022-06-07,53.324317932128906,53.46856485122231,51.885558576557465,52.16568132212706,15895000,52.595913887023926,54.20931434631348,52.768328519371956,51.197194822100926,-0.2876753952417914,-0.5263693082793832,0.2386939130375918,56.59280416854546,48.59902360550239,15.19848211063263,0.030243155392500186,0.020953925990782274,-0.006502069809564692,-0.012307637521181358,0
2022-06-08,52.6142463684082,53.629566211110536,52.31458396426517,53.21543496963557,24004000,52.52132339477539,54.08364196777344,52.75365402880398,48.84657680638036,-0.2694702451688542,-0.47498949565727744,0.20551925048842323,56.45792576270522,48.584721026845564,14.99049191255309,0.029464174158115638,-0.013316092755738196,0.0036213297171701075,-0.014399723196031111,0
2022-06-09,51.763648986816406,53.38480799611343,51.73665771564023,52.22338101707335,18787000,52.47065048217773,53.92496910095215,52.65936783432897,46.115170444126264,-0.3199899871455969,-0.44398959395494136,0.12399960680934446,56.41885213022355,48.522448834131914,15.049181253763452,0.02916892259645007,-0.01616667424324325,-0.008926832895186587,-0.035579260611216634,0
2022-06-10,50.372352600097656,51.28158180994949,50.22810567486993,51.19317057186446,24018000,52.329659652709964,53.75779029846191,52.44155685964027,41.98016033862714,-0.46691097837964435,-0.448573870839882,-0.018337107539762365,56.36515659225214,48.294162713167786,15.423363982583036,0.02967070637794635,-0.026877865335055873,-0.05535870774359475,-0.0391429890774343,0
2022-06-13,48.17140197753906,49.60271313286408,48.02250091476069,49.02386171572171,31619000,52.00105285644531,53.54921691894531,52.0348754422973,36.417103656751685,-0.7522735029023906,-0.5093137972523838,-0.2429597056500068,56.2608844939857,47.741221218904926,16.383636113292265,0.030073874808110655,-0.043693623762856126,-0.08444185173270502,-0.07770443436246388,1
2022-06-14,48.40871810913086,48.85542491576427,47.88942632778216,48.85542491576427,24380000,51.71023025512695,53.35041519165039,51.68952712485287,37.380665260456944,-0.9483440115849362,-0.5971198401188943,-0.3512241714660419,56.11471532055696,47.30574518969694,17.035256055520325,0.030157243691335624,0.004926494182221353,-0.06481248797858141,-0.09218307919577351,1
2022-06-15,49.01735305786133,49.679961622308575,47.975972067671584,49.244426938939625,19141000,51.33127670288086,53.14913795471191,51.43503435656797,39.89633954582284,-1.0426010921459294,-0.6862160905243013,-0.3563850016216281,55.26833207067695,47.394221335084765,15.339791334569055,0.02823899438455114,0.012572837548773474,-0.02689966762111684,-0.0683634862953506,0
2022-06-16,46.26919174194336,47.87453515996492,45.813183740941874,47.64373724512562,37244000,50.989780807495116,52.931481475830076,50.94304934565133,33.37625050953136,-1.3237942819789623,-0.8137317288152335,-0.5100625531637288,55.40948909511301,46.57007251987722,17.335663019630907,0.027675046769004497,-0.05606506970447733,-0.03948837188676069,-0.10614509124486993,1
2022-06-17,46.40599822998047,46.56513419642437,45.40277351599045,46.066315753800296,43504000,50.76847686767578,52.73911972045899,50.510949239396965,33.95489294373337,-1.518103023890994,-0.9546059878303856,-0.5634970360606084,55.619781646762426,45.91717208858913,19.111484442329076,0.026384941291261982,0.0029567511963493054,-0.041371057887455986,-0.07874070130505473,1
2022-06-21,47.27115631103516,47.94113744373401,47.18858409221335,47.30024701774423,21901000,50.6044828414917,52.562106704711915,50.20239753193393,37.6432915470203,-1.5840234388787877,-1.0804894780400662,-0.5035339608387215,55.69018594712874,45.518779735854665,20.099812586038958,0.026870691370508855,0.018643238246209393,-0.03562405225685916,-0.018688384177061312,0
2022-06-22,46.55144500732422,47.27115632209238,46.37315659584343,46.57115022948133,24721000,50.48281593322754,52.40057304382324,49.85468776768539,35.84967358474411,-1.6750318060298781,-1.1993979436380287,-0.47563386239184946,55.82752382664714,45.138108039807946,21.174365156210452,0.02623052919014011,-0.015225168154876179,0.006100241969971387,-0.03836650038159806,1
2022-06-23,46.59648132324219,47.08160558826511,46.07382228279994,47.08160558826511,16707000,50.37345218658447,52.2518334197998,49.54438239202413,36.05499685973429,-1.7236533356501837,-1.3042490220404597,-0.4194043136097241,55.937750824555906,44.80915354861304,22.092187040749707,0.02623584513434017,0.000967452587366191,0.0041047084542329415,-0.04938805511920408,1
2022-06-24,47.77036666870117,48.02465893318928,47.053468734449815,47.38658190044591,21201000,50.28820915222168,52.11827018737793,49.37542851361243,41.326437026521695,-1.6484610781861804,-1.373091433269604,-0.27536964491657634,55.956207309094424,44.62021099534894,22.54205608999037,0.026704067438231036,0.025192574892419106,0.010560570052090545,0.032444373247976666,0
2022-06-27,47.45318984985352,48.234833805910846,47.18200951744395,48.21231508904304,13207000,50.09855728149414,51.964459838867185,49.192358164683014,40.35834540239091,-1.5960657386203323,-1.4176862943397497,-0.1783794442805826,55.87837033438235,44.31874422860592,23.073770449765888,0.02523764117085,-0.0066396144925440215,0.019370931286610382,0.02256586777173375,0
2022-06-28,46.77195739746094,48.245163477147926,46.74005319306056,48.10065851454906,15667000,49.7230583190918,51.83181182861328,48.96184380589996,38.2839850207838,-1.5911698050929957,-1.452382996490399,-0.13878680860259673,55.34047425707563,44.10564238110797,22.594812659892042,0.020529499705715767,-0.014355883230359634,0.003765865345098929,-0.010560327957488291,0
2022-06-29,46.01751708984375,46.53548335437701,45.666574479757095,46.49325941944522,14444000,49.32449455261231,51.66053001403809,48.68143173770413,36.07270469904402,-1.6293842429074985,-1.487783245773819,-0.14160099713367957,54.80417147683704,43.844817628387574,22.21888728481464,0.020619600427293636,-0.016130184614812415,-0.03669324104237781,-0.01146963144530666,0
2022-06-30,45.585880279541016,46.32998947284348,45.10732084867042,45.79419362672896,18890000,48.93464126586914,51.45991813659668,48.38661731311717,34.83306182419231,-1.6751884141776827,-1.5252642794545919,-0.14992413472309085,54.31238786980664,43.556894661931636,21.979303269924515,0.0206073924791907,-0.009379837018586135,-0.03935055949285715,-0.021688355322166508,0
2022-07-01,44.838016510009766,45.44137209177019,44.04886629689826,44.98533853375538,21315000,48.492876815795896,51.244162979125974,48.048655331868844,32.73408887201346,-1.7516430551733038,-1.5705400345983345,-0.1811030205749693,53.689511720261976,43.296241911329815,21.43257008325539,0.020454978472182306,-0.016405601141081694,-0.04134829917458527,-0.06138429246373489,0
2022-07-05,44.69351196289063,44.75262762350537,43.53089681177432,44.29002207516342,20711000,48.10633239746094,51.0348055267334,47.72911786815663,32.328722758740625,-1.803109098969422,-1.617053847472552,-0.18605525149687008,53.22521969941699,42.98744509550489,21.28155295507926,0.020195656237443512,-0.003222813102958577,-0.02877176368225509,-0.05815579301823082,1
2022-07-06,45.28561019897461,45.702236902177006,44.61844262666397,45.09043366090658,22975000,47.75911808013916,50.84804794311523,47.49640285204405,35.834969891828194,-1.775650338393092,-1.64877314565666,-0.12687719273643183,52.6490377695891,42.86919839068922,20.477428755048283,0.020723238699041073,0.013247968442837932,-0.006586909778314998,-0.031778597287592136,1
2022-07-07,46.780399322509766,47.047828348150816,45.80170308668541,45.80170308668541,21319000,47.431922149658206,50.68945526123047,47.428212039707454,43.75765532536987,-1.6146592957405304,-1.6419503756734342,0.027291079932903806,51.612875876305594,43.25096842301082,17.629282294129066,0.021726972960185924,0.03300803758561255,0.04331999860132929,0.01657808332371724,1
2022-07-08,46.79447937011719,46.88268574950508,45.97905538490088,46.259621257102914,12713000,47.14093379974365,50.58290588378906,47.36785654736553,43.82801157571557,-1.4690028420498606,-1.6073608689487195,0.1383580268988589,50.58355590840035,43.69831169108695,14.605659375697053,0.02170882867842229,0.0003009817746606469,0.047008331074340326,0.0265125754546105,0
2022-07-11,45.309078216552734,46.1310706823946,45.13266902167173,45.93120493141808,21449000,46.81820526123047,50.447635116577146,47.17178242062145,38.37416932037481,-1.4566373040631717,-1.57721615597161,0.12057885190843831,49.616824917436595,44.01958560502434,11.955262447976098,0.022376359408216206,-0.03174308537158399,0.0005182223994555368,0.010505855147223242,0
2022-07-12,45.16925811767578,46.22302036065213,45.0472718768486,45.77449300008964,21159000,46.558050537109374,50.27345932006836,46.98106582034091,37.896138068369396,-1.441503089265339,-1.550073542630356,0.10857045336501692,48.92003333411388,44.196067740104866,10.146399042725706,0.02185656649132472,-0.0030859179745102994,-0.03444051842581719,0.010644635739974095,1
2022-07-13,45.20304107666016,45.569934077247446,44.31724028545121,44.56965685672493,17665000,46.40963249206543,50.14565322875976,46.81173013046656,38.096789950330674,-1.4105234759376302,-1.522163529291811,0.11164005335418081,48.71993130877304,44.09933367535781,9.956117696482956,0.019910228007260833,0.0007479192794437317,-0.03400910352842412,-0.001823297112518829,1
2022-07-14,45.4760971069336,45.667518748727474,44.424206960812526,45.270597238665246,19957000,46.263001441955566,49.98243492126465,46.68452698536818,39.79008035342442,-1.3483951100785774,-1.4874098454491644,0.13901473537058706,48.41393309248339,44.11206979142774,9.298712074384174,0.01993507070188688,0.006040656198558869,0.0036862124976944077,-0.027881382683036637,1
2022-07-15,46.397552490234375,46.42382611860499,45.61590846669517,46.0569331539277,18714000,46.13201141357422,49.828674392700194,46.65719608106972,45.234282943399585,-1.2108463015772202,-1.4320971366747757,0.2212508350975555,47.87677605306317,44.38724677408527,7.564225300506003,0.020320210208151706,0.020262411286835924,0.027193149140475548,-0.008482344183025292,0
2022-07-18,46.078521728515625,47.14354884676543,45.80921699278282,46.93241837254827,18042000,46.12247791290283,49.62667343139648,46.60208423796933,43.758995957311,-1.1147310701924482,-1.3686239233783102,0.25389285318586197,47.86622348994497,44.37873233586069,7.561369882750057,0.0160240228419954,-0.006876025665058516,0.01936773789999502,0.0169821047403651,1
2022-07-19,47.76191711425781,47.9824258989275,46.53174204914385,46.617131349312594,27257000,46.1902738571167,49.50239654541016,46.71254451190156,52.552473062329085,-0.8924356750005202,-1.2733862737027521,0.3809505987022319,48.0727559691686,44.307791745064804,8.150989179562334,0.01799689243782336,0.0365331899243726,0.0502642080728537,0.05739875093426572,1
2022-07-20,48.02182769775391,48.5698260954373,47.33683417504103,47.81257652146383,27412000,46.227807426452635,49.38311325073243,46.837238148649405,53.75473030909166,-0.6873688011666914,-1.15618277919554,0.4688139780288485,48.221637997308605,44.233976855596666,8.626109183430806,0.01757583584412953,0.005441795455453313,0.03500777778874031,0.062358340367263176,1
2022-07-21,48.57640075683594,48.588596159508256,47.482286644473,48.09502777433719,13912000,46.32905521392822,49.306897888183606,47.0028726827624,56.29917461463754,-0.4746311625249149,-1.019872455861415,0.5452412933365001,48.56882880895044,44.089281618906,9.668980231433093,0.017297699704360615,0.011548353856343674,0.05420918325108737,0.06817435635719149,0
2022-07-22,48.09220886230469,48.77438894954056,47.54421399448025,48.68243124989323,17867000,46.40384159088135,49.18662094116212,47.10661898557595,53.529903209638064,-0.3411724667137648,-0.884132458031885,0.5429599913181202,48.77062264560858,44.037060536154115,10.200797923559508,0.017512611194668133,-0.009967636279909264,0.006915378778802772,0.036524693245985285,1
2022-07-25,48.147579193115234,48.16728441692253,47.53014526763936,47.89891752418782,15061000,46.42270221710205,49.09403038024903,47.20575805296065,53.80971014036513,-0.22830579868636391,-0.7529671261627808,0.5246613274764169,48.838250948872286,44.00715348533181,10.406756248154604,0.016619398929530467,0.0011513368198388108,0.0026186320136083463,0.04490286118096476,0
2022-07-26,47.9580192565918,48.494752886059366,47.75439509025264,48.29019446687391,17958000,46.447943687438965,48.989347381591806,47.27740197711599,52.641114963310415,-0.1523973124196374,-0.6328531634141522,0.4804558509945148,48.91601700044174,43.97987037443619,10.62726621273537,0.01656900016191487,-0.003937060589549679,-0.012730080668998944,0.004105826444630756,1
2022-07-27,49.52506637573242,49.750271461231485,48.50602186519348,48.62519102527351,25699000,46.58559913635254,48.88497795104981,47.4914652531747,60.31403342926943,0.03381847763440504,-0.4995188352044408,0.5333373128388459,49.39421616592417,43.77698210678091,12.05787660410256,0.01762939495718255,0.03267539284215193,0.02979396345737051,0.03130323750773889,1
2022-07-28,50.07118606567383,50.34424566847476,48.84851734396118,49.60013641581026,14867000,46.788282585144046,48.80189826965333,47.73715294960319,62.588870996440555,0.22289374735715484,-0.35503631869212166,0.5779300660492765,49.96465269947293,43.61191247081516,13.577630717898698,0.01711592170543551,0.011027136961274442,0.03995230715220788,0.030771841584569026,1
2022-07-29,50.24666213989258,50.467174506311096,49.75778288743588,49.91824175129931,18482000,47.02132167816162,48.67490303039552,47.976153824868845,63.31648184851843,0.3824876341447663,-0.20753152812474407,0.5900191622695103,50.481816121986164,43.560827234337076,14.718831033759397,0.016810982728644387,0.0035045320074622577,0.04772179749659289,0.04479838478112774,1
2022-08-01,50.330169677734375,50.651083787065694,49.77372717024692,49.8666262799195,11485000,47.29592933654785,48.61952423095704,48.20034581085604,63.67852000291932,0.5098283161663701,-0.06405955926652122,0.5738878754328913,50.88893852898846,43.70292014410724,15.19373545606226,0.016068504854678454,0.0016619519443759057,0.016256481029098824,0.045331261118341626,0
2022-08-02,49.845985412597656,50.59572530659565,49.472524004260265,50.03459357172953,13072000,47.5535530090332,48.599802398681646,48.357073391974296,59.982152969839866,0.5651622616576759,0.06178480491831821,0.5033774567393577,51.101831069067465,44.00527494899894,14.92329315271243,0.016321680134230306,-0.009620159602818035,-0.004497609718707163,0.03936705863318912,1
2022-08-03,51.30324172973633,51.42147307007161,50.11904550213231,50.22883276944758,19228000,47.85443458557129,48.61484649658204,48.63766085271354,66.3190471483313,0.7183228395589936,0.1930924118464533,0.5252304277125402,51.59762553467003,44.11124363647255,15.644071365655037,0.0170895834534412,0.029235179224090135,0.021027856276345513,0.035904552666591094,1
2022-08-04,51.87186813354492,51.904710165197336,51.140895786543325,51.45993419952949,16293000,48.10900802612305,48.67258819580079,48.945680593745095,68.42042783169967,0.8754949389073303,0.3295729172586287,0.5459220216487016,52.20162235538671,44.01639369685939,17.01392108123029,0.015958397650302637,0.011083634964123679,0.030631695972457296,0.03596244086387923,0
2022-08-05,51.74427032470703,51.79681759099866,50.978576473723166,51.13059127650743,14357000,48.356497573852536,48.73179847717286,49.212212949074804,67.4041605390397,0.9784795796985009,0.4593542497466031,0.5191253299518978,52.692615309980326,44.02037983772475,17.93396111662325,0.016015746549136477,-0.0024598653071331578,0.03808300500825523,0.029805127764406247,0
2022-08-08,51.18969345092773,51.88969945492179,50.55255443565906,51.548142314104375,13722000,48.65052833557129,48.76608779907227,49.400544425441744,63.02266712023172,1.0037750367724527,0.5682384071517731,0.4355366296206796,52.91716020320886,44.38389646793372,17.5399199704805,0.01403320731405921,-0.010717647969508692,-0.002213276880372761,0.017077704658992943,0
2022-08-09,49.99518203735352,50.60980243284798,49.521318858084726,50.585404467642014,20072000,48.89182453155517,48.74106689453126,49.45717657895715,54.76509233578009,0.9168657232914512,0.6379638703797088,0.2789018529117424,52.88043611037523,44.90321295273512,16.31606763313066,0.015402970318052914,-0.023334998376563942,-0.03617926563508067,0.002993152277378064,1
2022-08-10,51.64760971069336,51.70484970865324,50.599474509478895,51.23942706499526,19519000,49.21405296325683,48.68838035583497,49.66578925817012,62.152752028131474,0.9701433607646024,0.7043997684566876,0.2657435923079148,52.994415828538415,45.43369009797525,15.36294061415343,0.016561686210105734,0.0330517383076081,-0.0018680447788151922,0.006712401972006843,0
2022-08-11,51.1803092956543,52.33823170313262,51.06958421379441,51.97978283065446,14268000,49.49926357269287,48.63221069335938,49.81002926174004,59.207849974191575,0.9635518087445547,0.756230176514261,0.20732163223029365,52.955349946387095,46.04317719899864,13.96419309801949,0.016938205113264694,-0.009047861414239078,-0.00018332118519959195,-0.01333205960714956,1
2022-08-12,52.38139724731445,52.39828539066151,51.20095253838987,51.40363531514708,18399000,49.798455810546876,48.612179718017586,50.054921450842365,63.937506193519226,1.0432201238613459,0.813628165983678,0.22959195787766784,53.16352425227804,46.433387368815715,13.514750154234578,0.01709409951467148,0.023467774388032936,0.0477289033206858,0.012312994629343654,1
2022-08-15,52.44989776611328,52.52778081902549,51.65605475772315,52.00605957957056,14329000,50.11702461242676,48.58771156311036,50.28301443324912,64.19250062998162,1.0992141998956484,0.8707453727660721,0.22846882712957628,53.208333116155615,47.02571610869791,12.336360857952245,0.01686044170108385,0.0013077260706775284,0.015533885496617827,0.024618321193769832,0
2022-08-16,51.76396942138672,52.3541882646116,51.234741910882896,52.31477781955855,14782000,50.3171272277832,48.574502944946296,50.4240577654527,59.64455441627478,1.075839614304492,0.9117642210737561,0.16407539323073583,53.28852474641011,47.345729709156295,11.810680308418782,0.015848578336781063,-0.013077782301602947,0.011403997626524331,0.03537915678978143,0
2022-08-17,50.53848648071289,51.11275500376828,49.83003273199319,51.080850799208136,19022000,50.44296016693115,48.54067474365235,50.43495573833462,52.48944600117936,0.9475065891373902,0.918912694686483,0.02859389445090721,53.22180659965547,47.66411373420683,11.017777004078551,0.017017785407718995,-0.023674439081318055,-0.0351825431059124,-0.0214748220913471,1
2022-08-18,52.40205001831055,52.60004008996175,50.823745702376456,50.99077297897807,23459000,50.634242630004884,48.52222938537599,50.62229805071328,60.29062269731729,0.9848233149927594,0.9320948187477383,0.052728496245021184,53.39946041108815,47.86902484892162,10.922323066187822,0.018581704679483182,0.03687414616796758,-0.0009122562643706367,0.023871304012615502,0
2022-08-19,51.46181869506836,52.13273766782132,51.4092714354075,51.68983729095775,16923000,50.80272312164307,48.499180831909186,50.702252397794716,55.35228517453391,0.9278328001764464,0.9312424150334799,-0.003409614857033505,53.32808962297236,48.27735662031378,9.941854869797034,0.01897766612382183,-0.017942643902550515,-0.005837085712239176,-0.017555441446213793,0
2022-08-22,49.61513900756836,50.96072795244878,49.455621602684126,50.91193561455324,18555000,50.876101112365724,48.45621063232423,50.59871778920173,47.178605074795705,0.7252950394209208,0.8900529399109681,-0.16475790049004735,53.16259449685364,48.589607727877805,8.988477239786654,0.020931554969827446,-0.03588446219598862,-0.01827018451565443,-0.054046983488619804,1
2022-08-23,49.71180725097656,50.44747254856031,49.63016927509092,50.09371275907454,9003000,50.96379051208496,48.44299972534181,50.51425011889457,47.61468747421109,0.5660575649194115,0.8252538649126568,-0.25919629999324534,52.90424663623435,49.02333438793558,7.615038460254435,0.020889319891744244,0.001948361837572632,-0.05133850233710224,-0.03964460595563002,1
2022-08-24,49.81126403808594,49.8544293912462,49.11688853446655,49.69115704248602,11883000,50.97810039520264,48.47579696655274,50.447299063579464,48.0895292731201,0.44278193612019123,0.7487594791541637,-0.3059775430339725,52.879738874324936,49.07646191608034,7.460609416121962,0.019605479561121315,0.0020006672983594598,-0.03207338370147028,-0.014389478064494199,1
2022-08-25,51.62133407592773,51.65417610962578,49.94450753337892,50.05617044795229,17345000,51.05560779571533,48.54004928588867,50.55911192189835,55.92059338263093,0.4855455697250477,0.6961166972683406,-0.21057112754329288,52.92922742363465,49.181988167796014,7.33952530901632,0.021084019677566825,0.03633856865101448,0.04043513952572697,-0.014898576336422331,0
2022-08-26,48.87479019165039,51.70203303720496,48.79409364208316,51.50028808377351,25682000,50.98701419830322,48.537198028564454,50.3987003285414,44.86158326487923,0.2944190403879219,0.615777165892257,-0.32135812550433507,53.063536447961475,48.91049194864497,8.145298493385233,0.024388089847246934,-0.053205596744895334,-0.01683738945760671,-0.050270833192801345,0
2022-08-29,48.24797439575195,49.05119929912216,48.04341594501599,48.79409359206821,16580000,50.8829044342041,48.576773681640624,50.19386928732336,42.78214919519249,0.09131843066023038,0.5108854188458517,-0.4195669881856213,53.26676016485443,48.49904870355377,9.369967210629099,0.024516544308324197,-0.012824930673677293,-0.031384259615228505,-0.027555392147704305,0
2022-08-30,47.51700210571289,48.59797935236492,47.04782812752429,48.49757400196064,18282000,50.766455268859865,48.59899375915527,49.93892955574141,40.42869399478815,-0.12715782437922485,0.3832767702008364,-0.5104345945800612,53.53761856206934,47.99529197565039,10.917300719671506,0.024639974054055606,-0.015150320799859784,-0.07950844439971161,-0.044150580448280796,0
2022-08-31,46.83388519287109,47.870759277282495,46.59272979156518,47.870759277282495,32445000,50.5429874420166,48.590248336791994,49.64321104499186,38.30784444970405,-0.3513732443162709,0.23634676729741494,-0.5877200116136858,53.785669674165135,47.30030520986807,12.831383328373963,0.023629929474571043,-0.014376262865280265,-0.04175782628992164,-0.059773203967245836,0
2022-09-01,46.16765975952149,46.28776675615981,45.11952450826525,46.116988166137325,31930000,50.25777702331543,48.58257263183594,49.31220616066135,36.30740150344078,-0.5761825310376736,0.07384090763039725,-0.6500234386680708,53.95441357758029,46.561140469050564,14.71070458428725,0.02344071683458326,-0.014225286469528364,-0.04311713936769179,-0.10564768257218315,1
2022-09-02,46.93804550170898,48.7762689859096,46.75788499584128,48.60642821814399,40426000,50.01746578216553,48.58940391540527,49.086095621713504,40.196397637183516,-0.6842937075134117,-0.07778601539836455,-0.6065076921150472,53.91571088117203,46.11922068315903,15.587535426061025,0.02395867171809501,0.01668669683930868,-0.012184198883504638,-0.03962665992727432,0
2022-09-06,46.74850082397461,47.292744425802326,46.01377339331273,46.77946719817821,24738000,49.79540615081787,48.56896659851074,48.863467545738374,39.55643629072185,-0.7763183504687916,-0.21749248241244998,-0.5588258680563416,53.90167888536983,45.6891334162659,16.49257653252225,0.023915264608980843,-0.004038188546377941,-0.0018231323014276102,-0.031078477191145426,1
2022-09-07,47.39876937866211,47.80225927434767,46.83106931136342,47.1904560239548,20440000,49.6655855178833,48.56787818908691,48.7239724822073,42.91427603421612,-0.7876972219206593,-0.3315334303140919,-0.4561637916065674,53.90054167658723,45.43062935917937,17.053885963668066,0.02380119789248694,0.013909933863676116,0.026666060735008656,-0.0024882194122378687,1
2022-09-08,48.0368537902832,48.112857607627895,46.79541753916306,47.16137271601287,22535000,49.48504772186279,48.59317611694336,48.658532606785954,46.07970262921229,-0.736734365043695,-0.4125736172600125,-0.32416074778368253,53.674241858077764,45.29585358564782,16.931151242940647,0.02264056021835668,0.01346204595574041,0.023409758050837892,0.02568585955357028,1
2022-09-09,49.01930236816406,49.3542911524232,48.36620936549876,48.36620936549876,23019000,49.37699737548828,48.65321182250977,48.6928916316791,50.61988413276745,-0.6100384012773077,-0.45206657406347156,-0.15797182721383612,53.496615001879704,45.257379749096856,16.686383722621756,0.023205255471476137,0.020451975938515554,0.048574852758163534,0.06176710328173951,1
2022-09-12,49.64423751831055,49.85067522330248,49.22198378284676,49.42748007577715,18157000,49.240139389038085,48.73437896728515,48.78349600183448,53.31283392872101,-0.4539708005793912,-0.45244741936665556,-0.0015233812127356527,53.12669682392508,45.35358195415109,15.786134983006269,0.02270701538315851,0.012748756509279868,0.04737397550788103,0.05765455266992392,0
2022-09-13,47.2598991394043,48.63176204122455,47.075042319022245,48.21607312789713,35136000,48.98063945770264,48.782816619873046,48.63839153874589,43.5535614033118,-0.5167257897962898,-0.4653030934525824,-0.051422696343707386,52.66299310158803,45.298285813817245,15.03595577622174,0.024857236156124885,-0.04802850236196743,-0.016174136929760108,0.010939352202015806,1
2022-09-14,47.92612457275391,48.13725143987735,47.17732255755569,47.586443056654986,20605000,48.788747215270995,48.847468872070316,48.5705565896038,46.50051489061475,-0.5068580027355267,-0.4736140753091713,-0.0332439274263554,52.265161031113635,45.312333399428354,14.250883715064996,0.025127956486790476,0.014097055759353827,-0.022300965999061617,0.011125925862733643,0
2022-09-15,46.93053817749024,48.0021300209849,46.66217130032793,47.75534761115468,36574000,48.60834980010986,48.880367431640636,48.4143643598787,42.89638940778981,-0.5727706683045639,-0.4934453939082499,-0.07932527439631404,52.07729067242327,45.13940892779646,14.273024641151522,0.02501373435730307,-0.020773354911105546,-0.054662927189069954,-0.023030559362252512,1
2022-09-16,47.15199279785156,47.263655736767895,45.965920837283306,46.70346179734151,59012000,48.34584693908691,48.88779930114747,48.294138496828495,43.93728399659883,-0.6002184488975786,-0.5148000049061157,-0.08541844399146292,51.39604080864925,45.29565306952457,12.61822498799294,0.02326108253232528,0.004718774362309386,-0.0022832537419185117,-0.038093352620318766,0
2022-09-19,47.09004974365234,47.2354961037826,46.393798629805566,46.393798629805566,17948000,48.127258491516116,48.893710708618165,48.179463377478385,43.69735052380966,-0.6198243502795435,-0.5358048739808012,-0.08401947629874229,50.86333384257418,45.391183140458054,11.370169159086334,0.023070687936313686,-0.0013136889985707612,-0.01744507482202906,-0.05144983390501534,0
2022-09-20,46.26618957519531,46.80761609500668,45.95278166436405,46.54206270425289,17132000,47.95981101989746,48.912852935791015,47.997246824879994,40.527403612921724,-0.693842612945403,-0.5674124217737216,-0.1264301911716813,50.72095417444614,45.198667865348774,11.514403813656175,0.022085758986369643,-0.017495419370799903,-0.01415599795132072,-0.021026485081523383,0
2022-09-21,45.62086486816406,47.29945062624953,45.58585244597207,46.45826454973879,20669000,47.75526390075684,48.92188507080078,47.77092473376419,38.19039403306703,-0.7954059849630895,-0.6130111344115953,-0.18239485055149418,50.57249464840864,44.93803315310503,11.798618696805725,0.022174566046514632,-0.013948084183211584,-0.03247217856203233,-0.0481002736010997,0
2022-09-22,45.19223403930664,45.72211280835538,44.7560261417537,45.648308781170506,23540000,47.52431240081787,48.92166893005371,47.52533514381585,36.67752435103269,-0.9001067444303743,-0.6704302564153511,-0.22967648801502316,50.38645002948218,44.66217477215356,12.044940722235681,0.022157363126461674,-0.009395499846311273,-0.0403018411464201,-0.03703993616287493,0
2022-09-23,44.34725570678711,45.22818265500697,43.71518405209853,44.940532155295685,29649000,47.16060848236084,48.89909210205078,47.222660911717874,33.83224416943027,-1.0392853062147935,-0.7442012663752398,-0.2950840398395538,49.67543057753283,44.645786387188856,10.664926412527471,0.020127698107670164,-0.018697423362266097,-0.04147594357839668,-0.059482896154332776,0
2022-09-26,43.73978805541992,44.78441073963568,43.64989636887568,44.37564251661626,19361000,46.90385837554932,48.84593681335449,46.890958734927594,31.91539677238181,-1.1849435897023568,-0.8323497310406632,-0.35259385866169357,49.69909832824693,44.108618422851706,11.919019242795406,0.017104090849273605,-0.01369797615851609,-0.04123281788234634,-0.07114585154338315,1
2022-09-27,43.97539520263672,44.46175025787564,43.19571544382403,44.42958214212637,17850000,46.690229415893555,48.803874282836915,46.61328601756656,33.48937156377744,-1.266764824682987,-0.919232749769128,-0.34753207491385896,49.68767279307527,43.69278603871184,12.839702930058316,0.01717232337076899,0.005386563531544208,-0.02692583941770965,-0.04951335723974892,1
2022-09-28,44.08988952636719,44.35388320391995,43.180573558706485,43.65273594981202,27605000,46.51887378692627,48.7304337310791,46.37296254221424,34.284426869809025,-1.3073002641601619,-0.996846252647335,-0.3104540115128269,49.694225528888346,43.343522044964196,13.651885712050408,0.017050367347954166,0.0026035996539175432,-0.00580342968957448,-0.03355866545321118,0
2022-09-29,42.5920295715332,43.655577082598754,42.09526463089886,43.61110408452022,39997000,46.30678100585938,48.621837768554684,46.01287368786366,29.34270427124322,-1.4436481944591222,-1.0862066410096924,-0.35744155344942974,49.90776697573998,42.705795035978774,15.552737165750981,0.01822507779202486,-0.03397286704332103,-0.026240604605410223,-0.05753653305813278,0
2022-09-30,42.012939453125,43.319664299523296,41.97792703392815,42.490775956023725,27202000,46.099044990539554,48.49056854248047,45.6319275702695,27.68147229615532,-1.5802168878203986,-1.1850086903718338,-0.39520819744856484,50.15835860971142,42.03973137136769,17.611269908107293,0.018208083012221085,-0.01359620859192967,-0.044626222015033856,-0.05263721996905557,1
2022-10-03,43.22126007080078,43.6158320087484,42.29301942595784,42.50781160547234,21479000,45.91320571899414,48.39314956665039,45.40234018936771,35.84339094593108,-1.572816733484622,-1.2625702989943914,-0.3102464344902305,50.13877395968163,41.687637478306655,18.406766308366844,0.019126085440841767,0.028760677862684103,-0.01970132982635253,-0.01185483532664,1
2022-10-04,45.40513229370117,45.43351762569158,44.0804281213788,44.33022914957412,27277000,45.84603729248047,48.33830062866211,45.40260610406614,47.398423386069965,-1.3748830251727,-1.2850328442300532,-0.08985018094264685,50.05904865078967,41.633025934171265,18.378955334489543,0.022674220443792303,0.050527731475736415,0.06604763263143809,0.03251220562035395,1
2022-10-05,45.87255859375,46.183862350425656,44.610306594103896,44.71344525191885,18493000,45.76972675323486,48.296591415405274,45.447363484036025,49.495111288879826,-1.1668510072586287,-1.2613964768357684,0.09454546957713972,49.922330370393034,41.61712313607669,18.145634294680065,0.0225614431184151,0.010294569720121105,0.09186739111485598,0.04043260453888675,0
2022-10-06,45.37106704711914,46.33620799437553,45.29726302168578,45.77699460129512,17250000,45.63643741607666,48.21351142883301,45.44009715671061,47.31600577428494,-1.030570535322049,-1.2152312885330248,0.18466075321097586,49.65848484536784,41.61438998678548,17.62647418167792,0.022374690974544142,-0.010932277640584576,0.049739571979085184,0.06524782931319462,0
2022-10-07,43.57136154174805,44.78819484506804,43.43321407063871,44.6973574594976,28425000,45.36404037475586,48.08351493835449,45.26212233623798,40.43575831586984,-1.0556199433748787,-1.1833090195013956,0.1276890761265168,49.16459527470415,41.56348547480757,16.755804238562565,0.023138197877479505,-0.039666369395765955,-0.04038686067670627,0.03709385986576397,0
2022-10-10,41.41587829589844,43.53540029586899,40.86139344899826,43.52593972325186,33454000,44.952622413635254,47.90689926147461,44.89581338001516,34.049646980510715,-1.2351630725054221,-1.193679830102201,-0.04148324240322121,48.58865566915385,41.316589158116656,16.17717970738765,0.024670609143943405,-0.04947018338603726,-0.09715351474767686,-0.04177068812767015,0
2022-10-11,40.75920486450195,41.51049923397191,40.26906345275087,41.179325043280606,28046000,44.627587699890135,47.71547996520996,44.501850664252,32.37225954887113,-1.4141390391720208,-1.2377716719161649,-0.1763673672558559,48.53276279776991,40.72241260201036,17.501170460483532,0.02296310953993515,-0.01585559593122321,-0.10164764645776647,-0.1023216362226903,0
2022-10-12,40.74123001098633,41.22853077452854,40.49899817385148,40.90019363892623,15046000,44.26834297180176,47.53338485717774,44.143696316321936,32.32531727044868,-1.539680721722064,-1.2981534818773448,-0.24152723984471924,48.21534836365962,40.321337579943894,17.832180411053763,0.02248113085630943,-0.0004410010836909395,-0.06495393833516128,-0.11186052707909777,1
2022-10-13,41.4414291381836,41.990232622656656,39.27459331039788,39.49695468091463,27980000,43.99388751983643,47.33614860534668,43.88633753745162,36.20603146973061,-1.5646370301347474,-1.3514501915288255,-0.2131868386059219,47.92560216929959,40.06217287037327,17.873913268930313,0.02293038984832895,0.017186499450518644,0.000616933488712057,-0.08661109743913453,0
2022-10-14,40.41288757324219,42.00820865046624,40.34759843325728,41.94386520678143,22816000,43.656932258605956,47.10696899414062,43.55553277895548,33.19482344228253,-1.6484079717624027,-1.410841747575541,-0.23756622418686169,47.60334975129673,39.71051476591518,18.079224941018765,0.02315717293870699,-0.024819162522407567,-0.008496664554940359,-0.07248967800741224,1
2022-10-17,41.195404052734375,41.75083453824727,41.00805513624764,41.590925249980565,24120000,43.36219997406006,46.89599166870117,43.33075861455347,37.45666407493755,-1.6328322328301326,-1.4552398446264594,-0.17759238820367318,47.114706821067166,39.60969312705296,17.307732768410794,0.023894285108823188,0.019363042991520807,0.011147774419809409,-0.00532342309847611,0
2022-10-18,41.144317626953125,42.44252410801918,40.70243197956554,42.41035238418551,20341000,43.10610637664795,46.69508415222168,43.12252613954391,37.28941283575622,-1.6060965142665466,-1.485411178554477,-0.12068533571206963,46.72772772829622,39.48448502499968,16.803286847592563,0.023772923561983225,-0.0012401001266028056,-0.007169432073391491,0.009448485654502514,1
2022-10-19,41.18879318237305,41.47266095171492,40.77056792894832,40.99292933048609,12702000,42.8845027923584,46.51895637512207,42.93836109600383,37.550850000284775,-1.5632987244836158,-1.500988687740305,-0.062310036743310926,46.40446366476769,39.364541919949104,16.416004119028823,0.023732002740649762,0.0010809647111704734,0.0191994597694769,0.01098550955054689,0
2022-10-20,40.71567916870117,41.84073298404503,40.51129685875791,41.17270317936426,23402000,42.660675048828125,46.30031776428223,42.72667710292739,35.83920408158029,-1.5496936113627413,-1.5107296724647923,-0.038963938897949024,46.13419827297324,39.18715182468301,16.284426911526463,0.023757770307253626,-0.011486474283843418,-0.01164510690122389,-0.01751266750628855,1
2022-10-21,42.554176330566406,42.6421766226032,40.60875625679738,40.88505118519151,26980000,42.57102108001709,46.12779510498047,42.71024845794063,46.11755192005869,-1.3747132663886106,-1.483526391249556,0.10881312486094541,45.95725346785156,39.18478869218262,15.908626581775703,0.025995672893008945,0.04515452521982044,0.034266182669407064,0.05298529468955815,1
2022-10-24,43.19666290283203,43.411455109070914,42.68475958576347,42.83804542814078,25287000,42.5438648223877,45.94410041809082,42.75657364316838,49.18136548561721,-1.1707016653718583,-1.4209614460740165,0.25025978070215826,45.900753593949545,39.18697605082585,15.780836017490193,0.026095825580895137,0.015098085021660435,0.048747961892660285,0.0485796630987243,1
2022-10-25,43.53256607055664,43.92902942174898,43.22599079848758,43.33575293951717,18246000,42.52172336578369,45.76575378417969,42.830477683872026,50.757839590798625,-0.970726492615789,-1.330914455382371,0.36018796276658205,45.84623707968935,39.19720965187803,15.636777866725993,0.026128686950243313,0.0077761369779929534,0.06918432798784946,0.058045644729298074,1
2022-10-26,43.63759231567383,44.63868763732768,43.08500248274686,43.335749161304655,29291000,42.499108505249026,45.60322624206543,42.907345744043624,51.266884907120584,-0.7946102152891115,-1.2236536073637194,0.42904339207460795,45.786592252357856,39.211624758140196,15.470836272731677,0.026127650174266527,0.0024125902651124242,0.02545968641694074,0.059453043998112465,0
2022-10-27,43.09068298339844,44.54501597632876,43.04431859563877,44.09840185205626,18512000,42.524041175842285,45.45427017211914,42.924806433505985,48.4576755663238,-0.6912000847412969,-1.117162902839235,0.425962818097938,45.82151415419719,39.22656819748738,15.508746991940095,0.02508781024321413,-0.012532985970423294,-0.002453428397281243,0.05833143062299628,1
2022-10-28,44.74656295776367,44.882815427840974,43.11433792023881,43.23829272777629,23094000,42.66072235107422,45.301160430908205,43.09830705486387,56.27068047013861,-0.47021083824033383,-0.9877724899194547,0.5175616516791208,46.08625540278452,39.23518929936392,16.05942357712584,0.026180991996943122,0.038427795980936263,0.027887096874542383,0.05151989337466012,0
2022-10-31,44.483516693115234,44.73804619268264,43.99999871642837,44.17410431532272,19259000,42.723835182189944,45.16159439086914,43.23023178231638,54.84833366064602,-0.3126963347344329,-0.8527572588824504,0.5400609241480174,46.233823658835135,39.21384670554475,16.431055225624412,0.025559066981147665,-0.005878580325749838,0.019385221148820575,0.029790583434139206,0
2022-11-01,44.27345657348633,45.118425497695554,43.825896718093205,45.02096823286327,16324000,42.667251396179196,45.0547607421875,43.32958652433257,53.68140748196109,-0.20248097731719383,-0.7227020025693991,0.5202210252522053,46.03616912418292,39.298333668175474,15.791585432688105,0.0228519749044396,-0.004722201283636762,0.027448476287636803,0.017019224222364127,0
2022-11-02,43.15029525756836,45.46095273347805,43.12096062250854,44.49865253574856,21070000,42.531138229370114,44.92353050231934,43.31251116559312,47.82275487052545,-0.20341935237899378,-0.618845472531318,0.4154261201523243,45.57537325800833,39.4869032007319,14.315323574086708,0.023310063701835467,-0.025368728869265333,-0.035673526516484255,-0.011166909818955406,0
2022-11-03,42.02335357666016,42.850347072671816,41.76220058544207,42.66867589741512,23887000,42.36375255584717,44.76777229309082,43.18973425236141,42.77801819096996,-0.29173485892575,-0.5534233498102045,0.26168849088445445,45.11944211882669,39.60806299286765,13.009657533745417,0.02383049505456962,-0.02611666210350061,-0.05530505003521524,-0.024769377806090564,1
2022-11-04,44.027435302734375,44.36712799015221,42.89008383394999,43.2288308250114,28891000,42.386556243896486,44.61589431762695,43.26951530477788,52.39530132336534,-0.19773353851143582,-0.4822853875504508,0.284551849039015,45.188992523038614,39.58411996475436,13.223231738934532,0.02484730096157027,0.04768971430179447,-0.00555685708306064,-0.016071126081976028,1
2022-11-07,44.96608352661133,45.2045289582073,43.674500495938325,44.16652972031878,17687000,42.56406650543213,44.53772018432617,43.43109323066678,56.11555247838396,-0.046954485700794635,-0.3952192071805196,0.348264721479725,45.5423140759941,39.58581893487016,13.994187186893328,0.022209479379247506,0.02131962076425231,0.04208055259423715,0.010848216808604594,1
2022-11-08,45.61801910400391,46.25104001741426,44.80332705392723,45.536645912432,20743000,42.807007217407225,44.48512107849121,43.63937188527032,58.53907958359108,0.12371860157191605,-0.2914316454300325,0.4151502470019486,45.94511142531729,39.66890300949716,14.661637950872567,0.02178902401058779,0.01449838469936493,0.08553971117003467,0.03036949528180255,0
2022-11-09,44.42201614379883,45.32376306678743,44.38038383861698,45.27644936327402,23695000,42.99104652404785,44.42322135925293,43.71390943370161,52.78040879336526,0.16061929019859633,-0.20102145830430676,0.36164074850290306,46.05378709864752,39.92830594944819,14.24827177857354,0.022915230533724597,-0.026217774986641462,0.008962158216832217,0.029471893034322072,1
2022-11-10,47.93246841430664,47.98923906786563,46.09870194807814,46.45920714866676,33970000,43.315598487854004,44.44519302368165,44.11567695566399,63.98065706220756,0.46773574542869056,-0.0672700175577073,0.5350057629863979,46.97104800459591,39.6601489711121,16.87821313500686,0.028255262557685738,0.07902505503451485,0.06596938525766372,0.14061502318863983,1
2022-11-11,49.02251052856445,49.1086194320066,47.50005126154737,47.7649906274366,26728000,43.74607963562012,44.5022900390625,44.58299443879737,66.62767440585102,0.7899786554166752,0.10417971703716922,0.685798938379506,47.923360805524815,39.568798465715425,19.097853817754935,0.027364049318902947,0.022741205498452155,0.07463040902321261,0.11345369521262705,0
2022-11-14,48.56170654296875,49.67824194899272,48.54089039294599,48.767038172966096,21608000,44.11439476013184,44.534763259887704,44.96191940109941,64.47071909287159,0.9966862737310578,0.28268102837594694,0.7140052453551109,48.613718838812346,39.61507068145133,20.39843957123379,0.02760367932212707,-0.009399844696391102,0.09319006111224892,0.07996300176397386,1
2022-11-15,49.62146759033203,50.39263243732309,48.81623601726524,50.14566852567852,23315000,44.53825225830078,44.59222259521485,45.40568589531204,67.10798197056059,1.2318177816162432,0.4725083790240062,0.759309402592237,49.419501590797296,39.657002925804264,21.91935733888964,0.027652088634574138,0.021822977873019678,0.035237058134090615,0.08776024397729132,0
2022-11-16,48.42071914672852,49.0650921110094,48.283517372443946,48.89288152325542,25405000,44.899848556518556,44.61266159057618,45.69283191925646,61.534643060382805,1.3062136138699856,0.6392494259932021,0.6669641878767835,49.80642802924119,39.99326908379592,21.855661568864228,0.02863041688688056,-0.024198164663663757,-0.012275817279600143,0.09001624307157652,1
2022-11-17,48.45667266845703,48.51628402454091,47.60791740938157,47.783914388569805,20375000,45.28689823150635,44.62105796813966,45.95605484775176,61.637379291516744,1.3524834088064495,0.7818962225558517,0.5705871862505978,50.03074025859518,40.54305620441752,20.950174166657824,0.028309847539874568,0.0007425234974218764,-0.0021628950460952368,0.010936308341548573,1
2022-11-18,48.74526977539063,48.988447295514334,48.351643512984985,48.90707409319184,14536000,45.59645290374756,44.61557731628419,46.22169436466975,62.50311293908224,1.3963437477421863,0.9047857275931187,0.4915580201490676,50.39429134903552,40.7986144584596,21.044788090933384,0.027010431616033757,0.00595577638828404,-0.0176576360492835,-0.0056553764828563,1
2022-11-21,48.96101379394531,49.28367316405393,48.36205944845512,48.53521575393163,18622000,45.884670448303225,44.60191284179688,46.48258192936267,63.172200980222996,1.4320048609498457,1.0102295542644641,0.42177530668538155,50.76311609442815,41.0062248021783,21.26394544609974,0.026950577129069626,0.004425947780139383,0.011158335868154845,0.008222677484022167,1
2022-11-22,50.1541862487793,50.17594809327869,49.1095635698881,49.48426506526664,18920000,46.21575145721435,44.65979858398438,46.83225853121187,66.71013128810053,1.5388071840941748,1.1159450802304063,0.42286210386376855,51.30496037586653,41.12654253856218,22.02369866630284,0.02724188609628424,0.02436984781106677,0.03503157536087409,0.010735648990580327,1
2022-11-23,50.49388122558594,51.23571512279096,50.03591508404477,50.18257744415023,13964000,46.55856590270996,44.711153717041014,47.180984502104636,67.6625967599732,1.6320461284785068,1.2191652898800265,0.41288083859848035,51.827442290775124,41.28968951464479,22.633327663378434,0.027216887637246983,0.0067730134254726515,0.03587243353565572,0.042815598681530176,0
2022-11-25,50.14094543457031,50.58282751989436,50.1002588296106,50.21474946327961,7455000,46.911079025268556,44.77536186218262,47.46288554329185,65.56369627026038,1.6583433451261982,1.307000900929261,0.3513424441969373,52.14800967404122,41.67414837649589,22.32705261779121,0.02702791282171196,-0.006989674440727844,0.024099411944180638,0.034758324774735616,0
2022-11-28,49.412353515625,50.03212393018647,48.84746236644461,49.69905472385663,23505000,47.14436855316162,44.820569076538085,47.64854915970453,61.3339214126843,1.601926785203517,1.3659860777841122,0.23594070741940487,52.39050955952815,41.89822754679509,22.25564226382966,0.026472813995343097,-0.01453087716297774,-0.014791043153897343,0.013685096898800042,0
2022-11-29,49.33476257324219,49.75677415722451,48.71404646893564,49.48710270549076,12694000,47.38693084716797,44.86546333312988,47.80914091337478,60.88345288275955,1.5332806099719747,1.399444984221685,0.13383562575028973,52.5667173544677,42.207144339868236,21.86166698157999,0.026394501867810533,-0.0015702741695612366,-0.02295562599288581,0.007633599681367231,1
2022-11-30,52.13935852050781,52.19896988881963,48.99792062487299,49.59214291489431,47349000,47.780225944519046,44.98292671203613,48.221542590244596,69.5803120500814,1.6857531623790365,1.4567066198531553,0.2290465425258812,53.14584179680409,42.414610092234,22.459566677292138,0.02863361273963083,0.05684827089421862,0.039855911543296596,0.039581387321917294,0
2022-12-01,52.11285018920898,52.27086809785886,51.28112474262285,52.139344123365184,23006000,48.22835369110108,45.11276641845703,48.59214331395549,69.42320222735698,1.7838862278663825,1.5221425414558007,0.26174368641058177,53.467975290148786,42.98873209205337,21.728386718763346,0.027602846270768727,-0.0005084130693401301,0.054652257612664235,0.03206267619615444,0
2022-12-02,51.17137145996094,51.35115123020911,50.72475731872884,50.8165404013853,19320000,48.68575458526611,45.232349166870115,48.837784089765535,63.90421631064282,1.7653382041587165,1.570781673996384,0.19455653016233243,53.22983178782309,44.14167738270913,18.666968361756325,0.027105207014830924,-0.018066153085654735,0.03722747999429665,0.02055059027028605,0
2022-12-05,50.21000671386719,51.04646422678753,49.722706035188445,50.88465992822503,18548000,48.994883155822755,45.34960418701172,48.9684719587276,58.76675333703949,1.653998397244564,1.5874250186460201,0.06657337859854384,53.043472655014796,44.946293656630715,16.526580893420864,0.026335718452796638,-0.018787160059721475,-0.03700375036033021,0.016142789029264915,0
2022-12-06,49.75394058227539,50.48725596655965,49.36882917656544,50.210961011300405,19655000,49.23427600860596,45.469887237548825,49.04327849430358,56.44832044723487,1.5115360263757864,1.5722472201919735,-0.06071119381618706,52.84410003838595,45.62445197882597,14.663865592941836,0.026337809726873017,-0.009083172089396241,-0.04526541147469321,0.008496605378629285,0
2022-12-07,49.061302185058594,49.67634407937631,48.82948025668931,49.16538653113032,16524000,49.40644016265869,45.571605377197265,49.04499503628024,53.0267812314011,1.327441521485511,1.523286080450681,-0.19584455896516983,52.61623590864074,46.19664441667664,12.993430554456372,0.026586155324324488,-0.013921277171431656,-0.04123534731824352,-0.05903517846769324,1
2022-12-08,50.25164794921875,50.37843984247103,49.23919336733592,49.27988357750568,27514000,49.69792175292969,45.694840545654294,49.15991436132201,57.76479535550126,1.2630367535815665,1.471236215076858,-0.20819946149529156,51.96439949197585,47.43144401388353,9.121016167693375,0.025958019434364883,0.024262416836597245,0.0008293413619493428,-0.03571484256249002,1
2022-12-09,51.54228210449219,52.29168506193095,51.190288165606766,52.13083006190541,37028000,49.87841243743897,45.87384559631348,49.386806527338216,62.21500165878548,1.3011401671420941,1.4372170054899054,-0.13607683834781126,52.12865280591639,47.62817206896155,9.022902929397889,0.020219767402373315,0.025683419508504057,0.03594371624212389,0.007248401478187283,1
2022-12-12,52.66923141479492,52.69194256751378,51.30762706254298,51.54512681247863,23416000,50.06074848175049,46.08697143554687,49.69941842138171,65.62128729939383,1.406064551042526,1.4309865146004297,-0.02492196355790366,52.57904482671383,47.54245213678714,10.060961616989744,0.020177516820206437,0.021864559819413154,0.07353920644273293,0.04897877658017791,1
2022-12-13,54.0327262878418,55.05463783722002,53.46404874446547,54.485018207008345,40414000,50.33429946899414,46.303200759887694,50.11211440866362,69.23499079751487,1.5810155590589403,1.4609923234921318,0.1200232355668085,53.29206756371335,47.376531374274926,11.752495319980344,0.020504132695106436,0.02588788247750795,0.0752428724813956,0.08599893104930678,1
2022-12-14,54.35443878173828,55.41514551700703,53.71952641091569,53.79711682543313,35218000,50.57094802856445,46.48218688964844,50.516145301337396,70.03532536181473,1.7257318405329585,1.513940226900297,0.2117916136326614,53.98489883378689,47.15699722334201,13.501628655623021,0.02014513464368804,0.005954030381192688,0.054560189468230824,0.10788822067367976,0
2022-12-15,52.79886245727539,53.60219907515594,52.77047712674424,53.34577457537677,36876000,50.7898551940918,46.620712966918944,50.733546935236255,61.67993894400618,1.6953555241747296,1.5502232863551837,0.14513223781954587,54.18564706101732,47.39406332716628,13.371929705050785,0.020500676659775934,-0.02861912217895124,0.00246122905154178,0.050689173629304696,0
2022-12-16,52.601104736328125,52.96918278273747,52.12421384755645,52.74682139678613,49549000,50.99707679748535,46.765313720703126,50.91140958295929,60.688687256084314,1.6364605803521286,1.5674707451545729,0.06898983519755575,54.30268053554748,47.69147305942322,12.963894974565013,0.020568818887368497,-0.003745492075843293,-0.02649545284624677,0.02054279687673466,0
2022-12-19,52.44081115722656,53.09437495097188,52.06775117273545,52.85966515653604,25092000,51.18185386657715,46.94270271301269,51.05706687574665,59.84910161702089,1.5588817424960908,1.5657529446228766,-0.006871202126785825,54.37453183646234,47.98917589669196,12.475819958409424,0.02062933806938994,-0.0030473424447083897,-0.035206464594289,-0.0043368823017264635,0
2022-12-20,51.90556335449219,52.38071183014909,51.60978754119548,52.015284115799545,29831000,51.32908134460449,47.15249641418457,51.13787606419861,57.01279585460213,1.4376377372056055,1.5401299031394227,-0.10249216593381716,54.366319211019174,48.291843478189804,11.834374537209392,0.020866327631011046,-0.01020670334655216,-0.016918908120531095,-0.03936804746845157,1
2022-12-21,53.54758071899414,53.61246103375487,52.1851086675995,52.253803330496055,25619000,51.49875106811523,47.40826393127441,51.367371745607706,62.83209901780005,1.4572497993205715,1.5235538823756525,-0.06630408305508095,54.63210945720402,48.36539267902645,12.168677197411728,0.021313994308744786,0.031634708466367956,0.017993462065300392,-0.014844382185309701,0
2022-12-22,52.77092742919922,52.94743928763489,52.20895897823968,52.79573524879832,27553000,51.6126033782959,47.64885787963867,51.501043715473564,58.77899226039416,1.3940532915430026,1.4976537642091226,-0.10360047266611994,54.75709368023585,48.468113076355955,12.184970709159249,0.02166962455458672,-0.014503984668712278,0.00629502604341714,-0.0005290839002218828,0
2022-12-23,52.70795822143555,52.821496944532754,52.232809857181856,52.47610920075867,13761000,51.74095401763916,47.87418846130371,51.615987954136614,58.449780692422166,1.3236305262370607,1.4628491166147102,-0.1392185903776495,54.84397331154097,48.63793472373735,11.994441744711356,0.021575599572534087,-0.0011932556585850795,0.015458744980058503,0.0020313924135821892,1
2022-12-27,52.813873291015625,53.24990282340914,52.1841600226762,52.62400390356677,16677000,51.911030006408694,48.12220817565918,51.73007227193462,58.86708859710058,1.2618209518329593,1.4226434836583601,-0.16082253182540085,54.85361058548272,48.96844942733467,11.337014806721225,0.021193265649694638,0.002009470166442595,-0.013701971557386505,0.007113965736925021,0
2022-12-28,51.98856735229492,53.21746458684154,51.75576469796487,52.632595369717386,15410000,52.04372024536133,48.33807144165039,51.754690851016555,54.291402245063175,1.1331785499735858,1.3647504969214053,-0.23157194694781946,54.738553319385204,49.34888717133745,10.35603550752722,0.021600966673959634,-0.01562668835465053,-0.014825588918329302,0.0015991348988133591,1
2022-12-29,53.22127532958984,53.67829468321133,52.52382100101287,52.6526280516286,18176000,52.09781608581543,48.57961059570312,51.89436556326163,59.37121230131575,1.1178123068198431,1.3153628589010928,-0.19755055208124972,54.84115669834956,49.354475473281305,10.53149947020927,0.01825169095896489,0.023711135737624733,0.009738891914533143,-0.006093746627260033,1
2022-12-30,53.34721755981445,53.39683320548236,52.28624637621877,52.64976323672149,14376000,52.1595344543457,48.82277908325195,52.03273242007619,59.86200836390599,1.103081299274919,1.2729065469758583,-0.1698252477009392,54.956467898694385,49.36260100999702,10.724533773578008,0.01824897310698245,0.002366388806819719,0.01009856379705365,0.010920598873090048,0
2023-01-03,52.80815124511719,54.15249443058432,52.55149434736787,53.90728785829297,20173000,52.241373443603514,49.064628524780275,52.106581831984855,56.70452947654913,1.0359667434815307,1.2255185862769928,-0.1895518427954621,55.01353753308759,49.469209354119435,10.612906616923967,0.017886885176044077,-0.01010486280925238,0.015764694711982497,0.0019009088392440976,1
2023-01-04,53.453121185302734,54.20878067789783,53.05144266396423,53.71550320631806,17074000,52.40352916717529,49.282607421875,52.23482367515799,59.459757086185235,1.0230288190031587,1.1850206328222261,-0.16199181381906747,55.05835348980824,49.748704844542345,10.132234850685919,0.017350824751491693,0.012213454267539392,0.004356262683994583,0.012103787403827004,0
2023-01-05,52.95508575439453,53.41496956808365,52.5829829196895,53.02091966880966,16277000,52.56358642578125,49.47777587890625,52.30342006365671,56.47129196744091,0.9615044982823662,1.1403174059142542,-0.17881290763188806,54.930524929386344,50.19664792217616,9.006000787054976,0.017359677106010184,-0.009317237606793705,-0.007350557786453438,0.018590979735027213,1
2023-01-06,56.14275741577149,56.38796393666921,53.64966612875536,53.72790393691047,35261000,52.91765918731689,49.72997970581055,52.669071240048595,67.67116577831402,1.1566315647416516,1.1435802376797337,0.013051327061917917,55.20016259641778,50.635155778216,8.626622734846714,0.02102238767191961,0.06019576053868314,0.06314567149257355,0.054893124377223934,0
2023-01-09,55.04171752929688,57.40600557832267,53.48365456938965,56.51200316574409,37739000,53.1571626663208,49.95806221008301,52.89503755331033,61.76017820000833,1.208495667864291,1.1565633237166453,0.051932344147645804,55.2693122184196,51.045013114222,7.94681072561087,0.02140862510554903,-0.019611432304985188,0.02971943094748486,0.03176360543232648,0
2023-01-10,54.85471725463867,54.87379991609323,52.47516432990196,54.57516336163808,44635000,53.322784423828125,50.19334289550781,53.0816737153416,60.78898604938246,1.220440505462129,1.1693387600657421,0.0511017453963869,55.421885168066325,51.223683679589925,7.87318504432857,0.020895387424694448,-0.003397428042805517,0.03587250352222293,0.038754736934872636,1
2023-01-11,55.16098403930664,55.18006670003249,54.085701766904855,54.67057094155295,22502000,53.44737205505371,50.40163131713867,53.27970327000494,61.84718078354568,1.2403223809272461,1.183535484238043,0.056786896689203115,55.66874660275826,51.22599750734916,8.312380804865063,0.020447363099223338,0.005583235134478226,-0.0174870886585462,0.031950666605292444,1
2023-01-12,55.5235481262207,55.826002661700585,54.74308439744703,54.91768546815751,19514000,53.52191314697266,50.622431945800784,53.493402780120725,63.11618460769738,1.2706871121602745,1.2009658098224893,0.06972130233778517,55.910605861362775,51.13322043258254,8.926036361333725,0.019728542534988694,0.006572835732149063,0.008753916457409971,0.04850265720914315,0
2023-01-13,55.2430419921875,55.52259588538151,55.02073244375127,55.0665301033448,19647000,53.56634330749512,50.8418236541748,53.66003508603184,61.41423153779419,1.257619821241505,1.2122966121062926,0.04532320913521248,56.046624307902526,51.08606230708771,9.260594796137084,0.01975252295281057,-0.00505202105232061,0.007079149378278693,-0.016025494026256082,1
2023-01-17,55.26593017578125,55.84984569278627,54.81749680202069,54.85184777096388,15835000,53.68969669342041,51.08413635253906,53.81297747553178,61.50544517909748,1.234875903443779,1.21681247037379,0.018063433069989143,56.249158227256075,51.13023515958474,9.53427451248509,0.01848810007019568,0.0004143179442759326,0.0019025428625389917,0.004073503817627611,0
2023-01-18,54.79364776611328,56.05975288913287,54.73926418987492,55.64471324589974,15703000,53.799323844909665,51.33954223632813,53.906374646063355,58.43580953175425,1.1653089847006015,1.2065117732391522,-0.04120278853855064,56.35069720021865,51.24795048960068,9.484778517529215,0.018603486298125936,-0.008545633958675913,-0.013145780209293356,-0.0011132951108270284,0
2023-01-19,53.737449645996094,54.39006354092216,53.45980293749872,54.300375399361776,22692000,53.864155769348145,51.53374252319336,53.89028655081886,52.16555206109309,1.0132699933716651,1.1678634172656548,-0.15459342389398967,56.338897699985374,51.389413838710915,9.188826577861272,0.019189320455294957,-0.01927592272421008,-0.027253972480449695,-0.025806907148287372,1
2023-01-20,54.45875930786133,54.51410011704767,53.34531169011037,53.71932529700267,22950000,53.9918155670166,51.72359603881836,53.94442681339433,55.66436172449748,0.94014426101635,1.122319586015794,-0.182175324999444,56.307555913339414,51.67607522069379,8.578116227443514,0.019164938146878602,0.013422848806874388,-0.014605216366622265,-0.01917724738950055,1
2023-01-23,55.49396514892578,55.79546607785813,54.36334576454249,54.57515855649964,23429000,54.089134788513185,51.921114959716796,54.09200189296875,60.16742063871252,0.9547186487885071,1.0887993985703366,-0.1340807497818295,56.48425294454287,51.6940166324835,8.856189567071162,0.018347860354085276,0.01900898687780095,0.012780995815460328,0.00454216762309656,1
2023-01-24,55.81836318969727,55.97674599043896,54.92150001650198,55.189607201239454,13825000,54.241506576538086,52.149041900634764,54.256417254561946,61.487478035509234,0.9811352504517217,1.0672665689466136,-0.08613131849489197,56.66931101233226,51.813702140743914,8.951832605786462,0.017947639184794587,0.005845645376049813,0.03872371237208916,0.009995905473026978,1
2023-01-25,55.88039016723633,56.00346842583925,54.96062622422806,55.11614464485273,13766000,54.40012817382812,52.30800033569336,54.41108134148331,61.74850768966991,0.9955990106416692,1.0529330572856248,-0.05733404664395558,56.820959623400555,51.97929672425569,8.90009465358978,0.017926950701153334,0.0011112288858821096,0.026104723600814506,0.01983336473165287,1
2023-01-26,57.11118316650391,57.30009529853037,55.93571615079159,56.33167312603742,24525000,54.61499366760254,52.46977378845215,54.66823389624718,66.58780181903009,1.093768076137863,1.0611000610560726,0.0326680150817904,57.19229440860901,52.03769292659607,9.438070273128368,0.018416298768935406,0.02202549043741686,0.029142232191159856,0.06278179449774446,0
2023-01-27,56.387020111083984,57.17511621130476,56.31069310332191,56.60932966399551,19344000,54.834916305541995,52.626280059814455,54.83192782146973,61.64611330910524,1.1004485751553617,1.0689697638759306,0.031478811279431085,57.22184063367035,52.44799197741364,8.705855644342845,0.018261499171867025,-0.012679881859717024,0.010187631612452508,0.035407725547363045,0
2023-01-30,55.47679901123047,56.2553519560523,55.31555543306641,55.624685090142535,16984000,54.947692489624025,52.74338668823242,54.893344125256476,56.01869860085515,1.0205316296661735,1.059282137033979,-0.03875050736780561,57.22983383475246,52.66555114449559,8.306595752166961,0.01819748148525915,-0.016142386990132707,-0.007222411203608448,-0.000309333413989199,1
2023-01-31,55.81645965576172,56.02827246192681,55.40905594316825,55.53595218151703,23719000,55.07115459442139,52.891301498413085,54.9812598900665,57.57504970244261,0.9733840841353611,1.0421025264542556,-0.06871844231889446,57.258811978808325,52.88349721003445,7.944839364630078,0.018218316170795355,0.006122571067276095,-0.022670227422316058,-3.410228868738763e-05,1
2023-02-01,57.50904846191406,58.03858041776192,55.59605467222627,55.67906041684835,26553000,55.30619945526123,53.072349014282224,55.22200165881388,64.3458565839098,1.0603737571118543,1.0457567725857753,0.014616984526079069,57.480892296807625,53.13150661371483,7.864191945807331,0.01898243248438699,0.03032418782185564,0.019898699179698554,0.02914543527351121,1
2023-02-02,57.79719543457031,58.50037494247008,57.22281934077544,57.97466090882334,24188000,55.52340316772461,53.25338752746582,55.46725820888592,65.35942134517052,1.1394301111701566,1.0644914403026515,0.07493867086750505,57.78057208544212,53.2662342500071,8.130513581449867,0.01889533527967367,0.005010463229053075,0.041826429511012675,0.01201187280722893,0
2023-02-03,57.01959609985352,58.01377982302016,56.888881871858295,57.05585060854262,19093000,55.72662868499756,53.41455917358398,55.6150999127876,60.37170825837706,1.1263531754131222,1.0768637873247457,0.04948938808837644,57.74109557986931,53.712161790125805,7.2298179251388195,0.01907153257207556,-0.013453928497224044,0.021555226746947653,0.01121846814255023,1
2023-02-06,57.37070083618164,57.55388780689309,56.50818505176928,56.61122704036104,18709000,55.788025856018066,53.55888946533203,55.78230000072989,61.7895913956995,1.1312801343371888,1.0877470567272345,0.043533077609954285,57.92085506709936,53.65519664493677,7.646189942572478,0.01376074914264517,0.00615761528217873,-0.0024056670981792427,0.03413862837630166,1
2023-02-07,58.62535858154297,58.869611527855646,57.21995328294987,57.30964141871463,24025000,55.96720790863037,53.721519012451175,56.05306748461685,66.41409767873887,1.2223348637870117,1.11466461813919,0.1076702456478218,58.40015504884705,53.534260768413695,8.69418801162495,0.013588303584402458,0.02186931181029017,0.014328777386961367,0.050323846103902836,0
2023-02-08,57.40982818603516,58.21796051427438,57.305828955518,57.884019400003375,15290000,56.094963455200194,53.86689666748047,56.182282789513835,58.96805182218404,1.1827789095685972,1.1282874764250714,0.05449143314352578,58.549072138670276,53.64085477173011,8.749836107585796,0.014553118383407074,-0.020733867133914452,0.006843824103879292,-0.0017252985144521338,0
2023-02-09,57.19038391113281,58.6711627864315,56.81541670707355,58.44885323590454,18837000,56.1964334487915,54.02245727539062,56.27829242014421,57.71011030902053,1.1208032892107553,1.1267906389822082,-0.005987349771452877,58.65549637541175,53.737370522171254,8.751669014230405,0.014596040851074,-0.0038224165066519378,-0.0031430141591560767,-0.010498978693948002,0
2023-02-10,56.6026496887207,57.09974155431607,56.257261887864495,56.89460749340669,21035000,56.2503885269165,54.16781501770019,56.30918358858007,54.365043346374854,1.0125894231629218,1.103950395818351,-0.0913609726554292,58.69534113801277,53.80543591582023,8.693104794916499,0.014797563288920016,-0.010276801486861498,-0.03450228607145911,-0.007312335401370773,1
2023-02-13,57.35353088378906,57.38787821663272,56.62363641219146,56.76961530651098,19847000,56.35591297149658,54.27209846496582,56.40864523574283,57.73560661465892,0.9761663536646523,1.0783935873876114,-0.10222723372295905,58.80002566132696,53.911800281666196,8.673846490843134,0.01496487159504584,0.013265831179242182,-0.0009806213330524338,-0.0002992808549019399,1
2023-02-14,57.46706771850586,57.77906174428729,56.60932345427851,56.69042202851892,17571000,56.46596984863281,54.37918281555176,56.509447376958356,58.23787708558972,0.9455624272982348,1.0518273553697361,-0.10626492807150134,58.9020645206723,54.02987517659332,8.628540972801416,0.014960331635563592,0.0019795962509587817,0.004837942822747632,-0.01975750581424629,1
2023-02-15,57.98038482666016,58.03667558253876,56.93181390358012,57.13790518515711,12683000,56.62530670166016,54.51536308288574,56.64953665788234,60.52216068262301,0.9517577252138025,1.0318134293385495,-0.08005570412474694,59.0195419941506,54.231071409169715,8.456414391200985,0.014817969680091593,0.008932369938704943,0.02434047072912926,0.009938309495999942,0
2023-02-16,57.29819488525391,58.09964843975133,57.203738808095686,57.31823113312521,17449000,56.80334396362305,54.657126846313474,56.711313631917726,56.12823135437385,0.8913456387937089,1.0037198712295814,-0.11237423243587252,58.810377993218,54.7963099340281,7.066605201553823,0.014312029671365188,-0.011765874673749455,-0.0009648228745894327,0.0018851241545891906,0
2023-02-17,56.82590866088867,57.32777209713256,56.52631852231576,57.2466735164991,14215000,56.921701431274414,54.79856620788574,56.72222744420067,53.246116830491346,0.7961811926315292,0.962212135509971,-0.16603094287844178,58.61664627605924,55.226756586489586,5.955355522291458,0.014326227576019701,-0.008242602150225653,-0.011156982304331486,0.003944320158080217,0
2023-02-21,55.485382080078125,56.58737935130929,55.32318492312002,56.292560795795424,22737000,56.92127227783203,54.92704780578613,56.60443264761757,46.02249688500919,0.6056122703300346,0.8908921624739838,-0.2852798921439492,58.6176666209932,55.224877934670864,5.960493415822074,0.014856697377941543,-0.02359005975267736,-0.04303184178651398,-0.03257251602340261,0
2023-02-22,54.97301864624024,55.63326115507014,54.58469400996306,55.55311617376093,23475000,56.87900505065918,55.02147521972656,56.44905988558163,43.58846690512111,0.40853227357308697,0.7944201846938046,-0.38588791112071763,58.71923993914536,55.038770162173,6.470699995005812,0.014932050965009006,-0.009234205742666202,-0.04058027035005374,-0.04339962297158362,1
2023-02-23,55.70100402832031,55.905184462385854,54.73544265729324,55.88705539159884,18939000,56.87003574371338,55.10464965820312,56.377816470604365,47.81181748099625,0.3075421382334511,0.6970445754017339,-0.3895024371682828,58.73128091713384,55.00879057029292,6.5456092969880215,0.015250667691246033,0.013242594276380748,-0.019795629477414645,-0.039312964292223196,0
2023-02-24,55.12377548217773,55.36134605305505,54.72877205172144,55.10278200780364,15353000,56.77066535949707,55.15374053955078,56.25838399551612,44.938910312611284,0.1788673374832328,0.5934091278180337,-0.4145417903348009,58.77640469122584,54.764926027768304,7.0661117639806985,0.014483412048031798,-0.010362982790204311,-0.006517150722302301,-0.03794917810989873,1
2023-02-27,55.85844039916992,56.2734800958732,55.74490165741395,55.89851653590578,18321000,56.744236373901366,55.190254821777344,56.22029412919743,49.128638825555925,0.13462112129958115,0.5016515265143432,-0.36703040521476205,58.7831553134495,54.70531743435323,7.18634726569658,0.014609849207749602,0.013327550781236264,0.016106478682342384,-0.017025126117950262,1
2023-02-28,56.70187759399414,57.11119213048944,55.54644664243637,55.868937434772896,27822000,56.80549030303955,55.23720359802246,56.26615922108283,53.502995455616166,0.16570387776503992,0.43446199676448255,-0.26875811899944263,58.76029505704871,54.85068554903039,6.882450071571911,0.014504482457816225,0.01509954787131429,0.017968680872699316,0.02192461272340762,0
2023-03-01,56.63317108154297,57.0758793016675,56.32117707211069,56.6742007996789,15484000,56.84632587432861,55.313889770507814,56.30111273160284,53.1024194092338,0.1826872400679207,0.3841070454251702,-0.20141980535724952,58.750241289817254,54.94241045883997,6.69846427611757,0.01446593907118662,-0.0012117149443116038,0.027381934313502443,0.030199404656783724,1
2023-03-02,57.11786651611328,57.33635806033371,55.92331674564692,56.23435718937655,27525000,56.82676677703857,55.404225006103516,56.37889880631812,55.62640681770353,0.23257655015620315,0.3538009463713768,-0.12122439621517367,58.71098287255338,54.94255068152376,6.631438677155728,0.012859471422098681,0.008558507766983858,0.02254674688271585,0.02543692905558026,1
2023-03-03,60.372344970703125,60.65571685909183,58.749401514935,58.93545291931294,46088000,56.95552425384521,55.56285568237305,56.759227012450026,68.05736570340294,0.528629686344722,0.3887666943660459,0.13986299197867608,59.36588417154812,54.54516433614231,8.464007484015655,0.018145074668413575,0.05697829161164014,0.06473273077464659,0.09521425995616606,1
2023-03-06,60.38760757446289,61.44953237960068,60.27406883349831,60.586062884282896,24983000,57.123924827575685,55.73249656677246,57.10478706597506,68.10249604747666,0.7557734088852825,0.4621680372698932,0.29360537161538935,59.96142690926303,54.28642274588834,9.93454875606722,0.017772331412527938,0.0002528078670320788,0.06629394789696863,0.08108295081149941,0
2023-03-07,59.646263122558594,60.66048310073944,59.489791122436685,60.57365935709755,19334000,57.23770294189453,55.85447021484375,57.3468324046973,63.41575279181564,0.8659836237279919,0.542931154561513,0.3230524691664789,60.280710441321865,54.1946954424672,10.632877781683428,0.01807651627753906,-0.012276433554519572,0.04426629985789177,0.0519274784804713,1
2023-03-08,60.32463455200195,60.36947498178742,59.50505194973309,59.897190971284765,20912000,57.32266674041748,56.005544357299804,57.63043260920251,65.73922512241694,0.9965769986888162,0.6336603233869736,0.3629166753018426,60.60164996263434,54.04368351820062,11.440442005482934,0.01761891368523773,0.011373242746984369,-0.0007902694308846714,0.0651820019956828,0
2023-03-09,59.39532470703125,61.29591826095837,59.3342623811928,60.11663321254423,21775000,57.42194156646728,56.13929168701172,57.798517570900486,60.10740193909032,1.0134037635329491,0.7096090114161687,0.3037947521167804,60.823407690512006,54.02047544242256,11.847269636842373,0.017301231873417453,-0.015405146701213845,-0.0164318956701186,0.039872956218970135,0
2023-03-10,58.66161346435547,60.12426302051631,58.46983693246755,59.936304476177504,26098000,57.49550304412842,56.25624649047852,57.88071717980096,56.02640292375711,0.956508693684178,0.7589889478697707,0.19751974581440734,60.93715382861761,54.05385225963923,11.971895547544603,0.01755154638794205,-0.012353013411322,-0.01650815334700695,-0.028336343522482377,1
2023-03-13,58.81809616088867,59.57375210316949,57.90310381308826,57.92314006217194,22364000,57.606275367736814,56.392837066650394,57.96999136847598,56.701608663729765,0.913515350435695,0.7898942283829556,0.12362112205273934,61.068397719606025,54.1441530158676,12.019948624584122,0.017335061327792636,0.0026675484578733144,-0.024973850273632303,-0.02599062086768189,1
2023-03-14,60.34371566772461,60.43054304841485,59.01177651423139,59.47833901856158,25893000,57.755784606933595,56.53528587341309,58.1960603493568,62.71289474261964,0.9911225168070033,0.8301398860677652,0.16098263073923802,61.41403815928038,54.09753105458681,12.668007463645854,0.01798551010370863,0.025937927379744208,0.01596743456444294,0.011693147376775626,0
2023-03-15,59.73117446899414,60.1156811456346,58.79232799177438,59.88669286839373,22963000,57.86898994445801,56.66296501159668,58.342261694084165,59.16142579497753,0.9917673234179034,0.862465373537793,0.12930194988011046,61.6233632333806,54.114616655535414,12.975423599153874,0.018214005170224284,-0.01015086976253421,0.01823272394797959,-0.00983777336431646,1
2023-03-16,60.72917175292969,60.783555327492856,58.94593499813936,59.33139887387633,31716000,58.006429290771486,56.82138542175293,58.56958646159326,62.85255201169635,1.060582641009141,0.9020888270320626,0.1584938139770784,61.96286793284107,54.0499906487019,13.641379724433525,0.018449242301693713,0.016708147676781415,0.03249128613094743,0.0224571050411404,0
2023-03-17,60.2015495300293,61.02208567659366,59.83040036212172,60.72917431943531,79303000,58.151597023010254,56.956353988647464,58.725011515730024,59.776476177170935,1.0603218419559894,0.933735430016848,0.12658641193914144,62.2052994571877,54.09789458883281,13.941843876010553,0.018336674443094756,-0.008688118208609263,-0.002355939406816332,0.026251171332161594,1
2023-03-20,61.4171028137207,61.51537325299551,60.2616717455406,60.37043892358831,25857000,58.38115673065185,57.12559432983399,58.98140116315771,64.1317897936398,1.1450012859329561,0.9759886012000697,0.16901268473288644,62.624142527765244,54.13817093353846,14.535463271784394,0.01855023801653193,0.020191395290997782,0.02822526695171068,0.044187194460065804,0
2023-03-21,61.19029998779297,62.13590019898079,60.95774265360076,61.79955921926587,25000000,58.666402626037595,57.22654518127442,59.19177247978964,62.76618757812016,1.1802045988217316,1.0168318007244022,0.1633727980973294,62.85908942493106,54.47371582714413,14.293314780588384,0.017493110542156843,-0.003692828471828613,0.0075931915676263895,0.01402937009596772,0
2023-03-22,60.63004684448242,62.31944627381556,60.60602458456557,61.20471150327764,25799000,58.94925403594971,57.338311767578126,59.32875099071276,59.401323708015596,1.1496433584696817,1.043394112273458,0.10624924619622367,62.860975599678405,55.03753247222101,13.271487918551664,0.017489754698924807,-0.009155914310312485,0.007117712381130348,0.015048630526340645,1
2023-03-23,61.428619384765625,62.2886954478483,60.68866561542341,61.39690619008946,27162000,59.23563480377197,57.469789810180664,59.52873845681303,62.488234029292286,1.1763018103136673,1.0699756518814998,0.10632615843216753,62.989663932534185,55.48160567500976,12.674901319781807,0.01748800302477496,0.013171234096710505,0.00018751407209571802,0.01151749005702829,0
2023-03-24,61.13456726074219,61.43535325484905,60.402300676948926,61.31331004616414,17228000,59.5361743927002,57.58926147460937,59.681674533377716,60.6592749624447,1.1603257634281476,1.0880456741908295,0.0722800892373181,62.86350816024642,56.208840625153975,11.177519555083103,0.017272493624555216,-0.0047868913052010464,-0.0009108098352500482,0.015498234480617379,0
2023-03-27,60.23796081542969,61.41612186087914,60.15627854125507,61.40651369102852,14707000,59.755150413513185,57.68354972839356,59.734654179287425,55.34050651874993,1.0630616710749266,1.083048873567649,-0.019987202492722345,62.63138117287184,56.87891965415453,9.626720841483206,0.01771854502361494,-0.014666112569152956,-0.006466860071186242,-0.019198919263049175,0
2023-03-28,60.03232192993164,60.20914013759481,59.47111089523474,60.08325146841206,12439000,59.921672630310056,57.77933532714844,59.763003488872585,54.167393446130596,0.9583387056179973,1.0581068399777187,-0.09976813435972143,62.43417230476836,57.40917295585175,8.385946400259234,0.017587279211024587,-0.00341377567756862,-0.022730405938119924,-0.018924209524913804,1
2023-03-29,60.10920333862305,60.92699769873772,60.02656059682317,60.80879628964461,26395000,60.09547424316406,57.87620079040527,59.795974903134535,54.55525894645202,0.8715025492653865,1.0207859818352523,-0.14928343256986576,62.10445699015166,58.086491496176464,6.685970190895441,0.01756466673716119,0.001280666917750306,-0.016772244706434347,-0.008590517952185461,1
2023-03-30,60.90200424194336,61.12302882729913,60.4743691602574,60.80398330439128,21523000,60.284681129455564,57.998367919921876,59.90131103064014,58.45924672989474,0.8567802475529689,0.9879848349787956,-0.13120458742582675,61.784575548060104,58.78478671085102,4.976038325171403,0.0176702461721886,0.01318934305041597,0.011023670415210685,-0.008572797957963951,1
2023-03-31,61.65060806274414,61.71595535689959,60.148599076903,60.59353328163365,22097000,60.34859428405762,58.15663108825684,60.067910747983376,61.79658048288976,0.8951994869298687,0.9694277653690102,-0.07422827843914148,61.96258250868644,58.7346060594288,5.348884240888405,0.012643611302309888,0.012291940636745435,0.02695691388884347,0.008441064116819774,1
2023-04-03,61.73997116088867,61.87738888034833,61.16050066075139,61.40651159110453,15682000,60.416212463378905,58.30225532531738,60.2271545968315,62.187111905793856,0.9222270072403376,0.9599876137432758,-0.03776060650293822,62.14061109242381,58.691813834334,5.708396997213768,0.012642104222918994,0.0014495087875465718,0.027130085439308838,0.0249346147367302,0
2023-04-04,60.96542739868164,61.91007072924889,60.73383053854362,61.80532297798524,13429000,60.48217067718506,58.4116845703125,60.297466292245794,56.770258927311104,0.8711057386210257,0.9422112387188258,-0.07110550009780015,62.184496057223775,58.779845297146345,5.629180834545882,0.012657301947528725,-0.012545256300632857,0.0010413968723643752,0.015543384609362665,0
2023-04-05,60.446510314941406,60.70501083658043,60.128425195782384,60.6511962745284,16908000,60.48826446533203,58.504247512817386,60.31166096107395,53.413396470855155,0.7797312367135589,0.9097152383177725,-0.12998400160421353,62.18916245423306,58.787366476430996,5.623894168350221,0.012594490269324885,-0.008511661541332094,-0.01953099548632642,0.005611569569773822,0
2023-04-06,59.83436584472656,60.38788967137353,59.48168617460355,59.98043498871528,14493000,60.510216522216794,58.583327026367186,60.26620428332657,49.68135269535453,0.650423663672477,0.8578569233887134,-0.2074332597162365,62.16482814298848,58.855604901445105,5.468866964520564,0.012302740757630541,-0.010127044010074693,-0.030865017918396465,-0.017530431231383203,1
2023-04-10,60.29081344604492,60.33694072505536,59.2395051959449,59.39326157069932,15400000,60.59167652130127,58.646919631958006,60.268548013109275,52.354600325818474,0.5781138505554537,0.8019083088220615,-0.22379445826660782,62.0190368747682,59.164316167834336,4.711407359607011,0.012017200928079733,0.007628519077194973,-0.0110655166611906,-0.022056467234115584,0
2023-04-11,59.73153305053711,60.6262036644551,59.65945894074165,60.61659182803357,16518000,60.637348365783694,58.71380989074707,60.217403730959546,48.92484571850491,0.47025771071606215,0.7355781892008617,-0.26532047848479956,61.88148091829847,59.39321581326892,4.103518989681989,0.012247499638556716,-0.009276378332634727,-0.011828263710826126,-0.032530596833577397,0
2023-04-12,59.26354217529297,60.30332161332564,59.22126035313012,60.286026170550855,14112000,60.58333969116211,58.78954475402832,60.126559773277016,46.197624799188084,0.34306336938976756,0.6570752252386429,-0.31401185584887537,61.96044633845622,59.206233043868,4.546156267760211,0.010854190961446557,-0.007834904803936449,-0.009540063830790979,-0.027915579304631843,1
2023-04-13,59.98811340332031,60.205296185983805,59.302934624944896,59.49128922965472,17265000,60.59618663787842,58.872977828979494,60.11337440470971,50.77296041309943,0.29730068290109557,0.5851203167711334,-0.28781963387003784,61.94577335070386,59.246599925052976,4.454361859073887,0.010997044499659644,0.012226255830003696,-0.0050206660919495105,-0.007583513245557616,0
2023-04-14,59.53645324707031,60.35232662004815,59.12035089841098,59.6267869158484,17465000,60.53655071258545,58.91352592468262,60.058429532553575,48.03101591719913,0.2220288142657978,0.5125020162700663,-0.2904732020042685,61.96070958182949,59.11239184334141,4.705120633666888,0.01041026575464759,-0.007529160872477125,-0.0032659433552750805,-0.004978954710230354,1
2023-04-17,60.28794479370117,60.38212027231386,59.3702086037545,59.44708864024595,13201000,60.54087047576904,58.96334091186523,60.08028812885335,52.6161642464523,0.2204729287213283,0.45409619876031876,-0.23362327003899047,61.96145826452012,59.12028268701796,4.692987654743604,0.01066300825500797,0.01262237680689915,0.017285544886570747,-4.758025609186145e-05,1
2023-04-18,60.76458740234375,61.07017930966372,60.265842288566525,60.69731920461192,16806000,60.5082447052002,59.03824073791504,60.145459488233385,55.30942587081753,0.25476419026657027,0.4142297970615691,-0.15946560679499883,61.87582107694716,59.140668333453235,4.520297616993775,0.009762031581009151,0.00790610146478854,0.012943797612085861,0.0172949579400985,1
2023-04-19,60.97407531738281,61.19413944129342,60.113999278539815,60.23316111845317,19060000,60.497433471679685,59.110308227539065,60.22437528148571,56.48023385858138,0.29543855432631005,0.39047154851451726,-0.09503299418820721,61.846565545135206,59.14830139822416,4.460129946130965,0.009769248719276067,0.00344753291340516,0.024146921623740436,0.02886316071068329,0
2023-04-20,60.83185195922852,61.76496628241368,60.26679913210005,60.33598822681409,20239000,60.507523727416995,59.15443809509277,60.2822302031755,55.41872670828701,0.31259365937133765,0.3748959706858814,-0.062302311314543724,61.863473572439545,59.151573882394445,4.481921458663648,0.009554291318325454,-0.002332521771162388,0.009021822976194471,0.014065095700467767,0
2023-04-21,60.82031631469727,60.90680450666415,59.77188939084962,60.59929174985772,14807000,60.477108573913576,59.22264785766602,60.33347649951091,55.32789735481462,0.3215517254768159,0.36422712164406834,-0.042675396167252466,61.77510089072455,59.1791162571026,4.292507851047818,0.009054315585808019,-0.00018963165117813485,0.0009171281289959143,0.021564318961007967,1
2023-04-24,60.97792434692383,61.39210581854747,60.71365747632377,60.89143614098301,12338000,60.469276428222656,59.298398666381836,60.394852484978806,56.3798069773521,0.3374784667287827,0.35887739066101126,-0.021398923932228586,61.753118936943146,59.18543391950217,4.246263836956665,0.009018920454459524,0.002591371465598069,6.312567301725025e-05,0.011444735022626773,0
2023-04-25,59.77477645874024,61.11726263049861,59.74786918159237,60.925066222653165,23670000,60.44611721038818,59.36184120178223,60.33579762533704,47.235762789871075,0.2501331650428398,0.337128545537377,-0.0869953804945372,61.76212285197668,59.130111568799684,4.354309928652721,0.00950761358237917,-0.019730876396160557,-0.017377006723332533,-0.01628927284652859,0
2023-04-26,59.21453475952149,59.88145408514797,58.95699468706116,59.57778672126269,17179000,60.40522785186768,59.39906127929687,60.22901068573556,43.682984285190926,0.1341580704504537,0.29653445051999233,-0.16237638006953864,61.81742360669872,58.99303209703664,4.67574018028433,0.009700321988267285,-0.00937254361135853,-0.026402058596129763,-0.028857191334227594,1
2023-04-27,59.42786407470703,59.58930773995069,57.96910105279364,59.21452675539461,18250000,60.371160888671874,59.4382772064209,60.15271100849475,45.368000511050234,0.05878324859998685,0.24898421013599126,-0.1902009615360044,61.84193500665535,58.9003867706884,4.872439410915659,0.009738350755935519,0.003602651208050478,-0.025420023538321623,-0.02307981492101363,1
2023-04-28,60.20529556274414,60.23220283944678,59.05788716929372,59.49128861380638,16183000,60.33632545471191,59.48277542114258,60.1577190612804,51.10902528177208,0.06107633310643479,0.21140263473007997,-0.1503263016236452,61.78803679117652,58.8846141182473,4.81206412728683,0.009730416248316127,0.013081935555681268,0.007202354061517369,-0.010112093938658306,1
2023-05-01,61.30561065673828,61.40555249080045,60.17646185484579,60.20529369744928,17030000,60.31907558441162,59.562923736572266,60.26704207037163,57.858794274711435,0.14995130615110952,0.19911236901428592,-0.0491610628631764,61.71503782535391,58.92311334346933,4.628592953115649,0.010224879396599116,0.01827605169461255,0.035313557823411834,0.005373851493372106,0
2023-05-02,58.84455108642578,60.20529682098312,58.14111274386765,60.13418315999356,28357000,60.17430458068848,59.60329658508301,60.13156673856726,43.41977936238756,0.021550008128123466,0.16359989683705345,-0.14204988870892998,61.5512329213229,58.79737624005406,4.576466151887409,0.0135533176280428,-0.040144116402207275,-0.009815479613199063,-0.015562172331276769,1
2023-05-03,58.92719650268555,59.76805262134926,58.85032013521687,59.28275749214194,19816000,60.07239303588867,59.672132873535155,60.016864811340426,43.92585123978797,-0.07270208683928558,0.11633950010178563,-0.1890415869410712,61.5007726956439,58.644013376133444,4.755527747668989,0.013356407475101436,0.0014044701630637757,-0.02122901396151433,-0.004852495388216194,0
2023-05-04,58.63506317138672,59.000236028630894,57.78267790873278,58.61968862976867,17684000,59.98182067871094,59.745373764038085,59.88526465515436,42.47949930887741,-0.169021890386432,0.059267222004142105,-0.22828911239057412,61.5286386140363,58.435002743385574,5.157622485688798,0.013283234599440244,-0.00495752977634889,-0.043561224767900364,-0.013340558602672914,1
2023-05-05,60.55316925048828,60.68289971576036,58.94353123509424,59.1914630940828,24876000,60.017760848999025,59.842417068481446,59.94887461661473,53.34253337212116,-0.08954863739234753,0.02950405012484418,-0.11905268751719171,61.582503062324975,58.453018635673075,5.214263881862385,0.015133128463126963,0.032712612136104546,0.029036132190948916,0.005778124407372021,0
2023-05-08,60.4513053894043,60.611792271713774,59.63639611866643,60.520498150855936,13934000,60.02578544616699,59.948967666625975,59.99672516640422,52.77254146585556,-0.03438866299749321,0.016725507500376702,-0.05111417049786991,61.597676424281474,58.45389446805251,5.2373857882266375,0.015051978669591208,-0.001682221795239247,0.02586426942353004,-0.013935188935926268,0
2023-05-09,59.437477111816406,59.971780871394174,59.18281475470221,59.843007184127806,16990000,60.01108264923096,60.02054840087891,59.943463446919665,47.34953951211154,-0.07165545548150476,-0.00095068509599959,-0.07070477038550517,61.599125785582494,58.42303951287942,5.292499539239317,0.015390870764717913,-0.016770990652016482,0.013684882338819593,0.010076141536363936,1
2023-05-10,60.18319320678711,60.34944279259706,59.414411219882005,59.778623587833664,19174000,60.05706520080567,60.090174713134765,59.96629485262133,51.312696475822904,-0.04054917471796671,-0.008870383020393014,-0.03167879169757369,61.60870448861883,58.50542591299251,5.167216488601726,0.015528242303365932,0.012546227249313313,-0.00610993690802053,0.02131438077228598,1
2023-05-11,60.31772994995117,60.395570432537845,59.38750429021766,60.21298585515278,14430000,60.07354602813721,60.16386589050293,59.99976486189084,52.01447715487744,-0.0049837823605827225,-0.008093062888430957,0.0031092805278482346,61.62890333789639,58.51818871837803,5.178177126519828,0.015303279134200314,0.0022354537204731795,-0.002209636972976603,0.028697279197024583,1
2023-05-12,60.65215301513672,60.801103493296665,59.9852337743737,60.38596158913981,11942000,60.129331016540526,60.2345516204834,60.061897066961876,53.7972401050524,0.04961525995541649,0.003448601680338533,0.04616665827507796,61.68366430746715,58.574997725613905,5.169967018256203,0.015226419909636184,0.0055443576119829086,0.020436195517437694,0.0016346586953850384,1
2023-05-15,61.483394622802734,61.504535530720354,60.3946067053929,60.721339492247246,14614000,60.189103507995604,60.25677261352539,60.19727778656576,57.97642948695931,0.1581367431797034,0.034386229980211507,0.12375051319949187,61.85142927638263,58.526777739608576,5.523676783676308,0.015271625181409614,0.013705063486510793,0.021604061644721728,0.01707306776504014,1
2023-05-16,61.6409912109375,62.16665087299215,61.38056983771155,61.54681574531004,14967000,60.232923698425296,60.281840286254884,60.334774303172594,58.7384624557935,0.2539303767458989,0.07829505933334899,0.17563531741254992,61.996727928419745,58.46911946843085,5.856611705669406,0.015192711679083384,0.0025632382385782915,0.021938180732005375,0.037072806690225946,1
2023-05-17,63.18144607543945,63.51105655140815,61.94274355668013,62.20893497405663,24133000,60.343292236328125,60.3525439453125,60.60588590053134,65.3521535731249,0.448973863725314,0.152430820211742,0.29654304351357197,62.50920456193253,58.17737991072372,7.1786349247297805,0.016123513359027463,0.02499075427308539,0.041701620380590665,0.04981877346305752,1
2023-05-18,65.14472961425781,65.28502871329357,63.040184475251976,63.040184475251976,26389000,60.55893611907959,60.44894584655762,61.03815673041005,71.60006161930265,0.7532844123046729,0.2726015386303282,0.4806828736743447,63.57027952756035,57.54759271059883,9.945166152058652,0.017345609618304322,0.031073735420271476,0.059549981160233134,0.08002621564690604,1
2023-05-19,65.56275177001953,65.82222005126715,65.19374080467696,65.34653309010223,22968000,60.796057891845706,60.57229438781738,61.469070543706195,72.72772807201113,1.0164664167816753,0.42137451426059763,0.5950919025210777,64.51590365151205,57.076212132179364,12.237128158157331,0.017333065045539633,0.0064168223313989525,0.06362260700288935,0.08096330485839953,0
2023-05-22,65.18989562988281,65.79627721904453,64.7814841722764,65.48107346021831,17796000,61.00665645599365,60.702860031127926,61.82343483762777,70.0557450086188,1.1813359713122296,0.573366805670924,0.6079691656413055,65.19167645438867,56.82163645759863,13.719879900036252,0.017464416481485945,-0.005687011756990046,0.03178859743167717,0.06028458626624733,1
2023-05-23,65.97116088867188,67.17142329737598,65.54064449287748,66.36900730729224,36088000,61.31647567749023,60.84592132568359,62.21845636629864,72.34819105990991,1.3593679110750472,0.7305670267517487,0.6288008843232985,65.98082941341346,56.652121941567,15.214030762161205,0.016666605300086755,0.01198445328436648,0.012686080352280582,0.0702482162059399,0
2023-05-24,65.30136108398438,65.76070566034026,64.96790149734997,65.48490242543386,23021000,61.620816993713376,60.945074234008786,62.51206633941157,67.57198067806577,1.429928928907593,0.8704394071829176,0.5594895217246754,66.4868145731241,56.75481941430265,15.793356261106226,0.01670308554634263,-0.010152918270118105,-0.003986877899086028,0.03355280925374382,1
2023-05-25,70.03610229492188,70.38109465071292,66.38150746713018,67.21179126957227,49263000,62.15122890472412,61.15117279052734,63.22864119231731,78.41821606143819,1.846616444846532,1.0656748147156405,0.7809416301308916,68.13070899086992,56.171748818578315,19.241711520498352,0.022493828145936926,0.07250601108984744,0.07433984390086334,0.07508470308538229,1
2023-05-26,78.10159301757812,78.31781167184108,71.78700533890753,71.8263984700104,82500000,63.04604377746582,61.498621215820314,64.6451127947231,86.62498390624182,2.7954379301405368,1.41162743780062,1.3838104923399168,72.13872760716833,53.9533599477633,28.844581784693872,0.03280872357652626,0.11516190162457196,0.183874771422875,0.19124946572624402,0
2023-05-30,77.19924926757812,88.58108073541896,76.76392317591943,80.25324040039534,116912000,63.84072570800781,61.83857521057129,65.84074483975691,82.83009664947772,3.434977906594355,1.816297531559367,1.618680375034988,74.7772537394965,52.90419767651912,34.261916387071636,0.033259236502741096,-0.011553461525386721,0.18219969669991753,0.18422109011922183,1
2023-05-31,77.64321899414062,78.96072266981628,75.92979703248744,76.38818126903122,89998000,64.78065910339356,62.163097534179684,66.96478999731727,83.21961126197255,3.9323133317857355,2.2395006916046407,1.6928126401810948,76.99471486900117,52.56660333778595,37.70895799659369,0.030969745483886736,0.005750959119092736,0.10861707676399801,0.17692667444742516,0
2023-06-01,75.91249084472656,77.43468026832609,75.4521784403528,76.93784874942975,80792000,65.6299238204956,62.45754135131836,67.81695198278483,75.98304137680373,4.139087122147259,2.6194179777131645,1.5196691444340948,78.44511350720751,52.814734133783695,39.052886063871505,0.03193096257480039,-0.022290783043715234,-0.02802890553536941,0.16249477169541948,1
2023-06-02,78.03144836425781,79.16252189358867,75.64822587866591,75.97880417131785,62815000,66.59974308013916,62.805569381713866,68.78976116197273,78.45341989562807,4.422953943821639,2.9801251709348597,1.4428287728867795,80.0697407127567,53.12974544752163,40.450599385673755,0.0317925681162153,0.027913160218460353,0.010779885874216522,0.11416035169500938,0
2023-06-05,77.09931182861328,77.7623820385788,76.34782150418182,77.7623820385788,26222000,67.4270502090454,63.11898323059082,69.58114693974802,74.80809651844473,4.52059422070802,3.288218980889492,1.232375239818528,81.33528753970197,53.51881287838884,41.25417703291656,0.03203916241769206,-0.011945652108022342,-0.007005211434734426,-0.012833044119077819,0
2023-06-06,75.91728973388672,77.07046082248776,74.60843768896818,77.07046082248776,37823000,68.20034942626953,63.41463768005371,70.18458911061838,70.34449859888255,4.45128390905154,3.520831966521902,0.930451942529638,82.19076504584697,54.20993380669208,41.02740158157781,0.03250176176484407,-0.015331162713282276,6.321606769521537e-05,-0.016605854925454522,1
2023-06-07,76.17002868652344,77.40200072279117,75.67800676606751,75.8999954666526,28957000,69.03697700500489,63.73327903747558,70.75463097499028,70.74642513291292,4.366415588060349,3.6899486908295915,0.6764668972307573,82.83108870706447,55.242865302945305,39.96151714771511,0.03187213943497804,0.0033291356095910274,-0.023854736990720715,-0.01897384377801703,1
2023-06-08,77.28187561035156,77.35971608687615,75.80004720008375,76.3891259198088,21909000,69.8919111251831,64.07827011108398,71.37627332121517,72.51144965938427,4.338857933480199,3.819730539359713,0.5191273941204857,83.50336370537785,56.28045854498835,38.95000826580729,0.03187411120667695,0.014596908298458278,0.0023679041668245304,0.018038991348946487,1
2023-06-09,77.3222427368164,78.58401078855017,77.25113273940931,77.43564188414041,19241000,70.74213676452636,64.42253089904786,71.942556122701,72.5761442300299,4.271041673644163,3.9099927662166034,0.3610489074275596,83.97425992478445,57.51001360426828,37.40945288181719,0.031906961098228284,0.0005223362676698429,0.018506364068771042,-0.009088715412928994,1
2023-06-12,82.19824981689453,82.45194805091256,77.94687799732968,77.94687799732968,51065000,71.81944160461425,64.84845581054688,72.91928885548134,79.00408628149034,4.5582056625122505,4.039635345475733,0.5185703170365175,85.09851127441681,58.5403719348117,36.97903902652844,0.033743080128201285,0.06306085943050954,0.0791416418547004,0.06613467574932264,0
2023-06-13,81.79077911376953,82.95740370038476,80.81826814229765,82.75271779966063,38990000,72.83481082916259,65.25125923156739,73.76419268960403,77.3719967241928,4.6987415445669,4.171456585293967,0.527284959272933,85.9011237578003,59.76849790052488,35.87930765492164,0.034061490517436864,-0.004957170061804073,0.0583436086120821,0.07736695290982043,1
2023-06-14,85.15996551513672,85.38675643704357,81.41599806880862,82.25012353951443,43524000,74.01075954437256,65.71965911865234,74.84950438727381,80.88775815523596,5.02406809905419,4.341978888046012,0.6820892110081784,87.06903968011154,60.95247940863358,35.28751823688553,0.034418632645582356,0.04119274125853112,0.10136440047397177,0.1180245955480892,0
2023-06-15,84.89572143554688,85.33200060764007,83.70314242818878,84.98989691307078,33814000,75.09647331237792,66.19826499938965,75.80628696329983,79.84000582727583,5.200619939109089,4.513707098258627,0.6869128408504617,87.98232817699866,62.210618447757184,34.318135849121965,0.034640569465156854,-0.003102914356428177,0.032816655155812446,0.09852045858182401,0
2023-06-16,83.42350006103516,85.52228257749293,83.16788089944089,85.45789572887337,68299000,76.01041183471679,66.65780479431152,76.53173582975082,74.08238171725753,5.162235545298074,4.6434127876665166,0.5188227576315576,88.53097713623438,63.4898465331992,32.9443427533147,0.03517693181290094,-0.017341526164300736,0.019962164011111172,0.0789068851117749,0
2023-06-20,83.41580200195312,84.28452575327488,82.74119188177008,82.89975418350134,27535000,76.90306434631347,67.12943351745605,77.18736117948437,74.05231028142381,5.07271931699745,4.729274093532704,0.34344522346474626,88.84938101648562,64.95674767614132,31.068506233704657,0.03527106498921259,-9.227686534851731e-05,-0.020481026532045532,0.014812385759682467,0
2023-06-21,81.89226531982422,83.6640887709891,81.59663955551466,83.08443142126839,23229000,77.73818283081054,67.56146255493164,77.63544728808816,68.15575817471152,4.823241063008069,4.748067487427777,0.07517357558029225,88.57624314833694,66.90012251328415,27.88349282903709,0.03572494618810222,-0.018264365330842636,-0.0353781800182108,0.0012408025348862317,0
2023-06-22,81.38700866699219,82.01304284889923,80.69914868043647,81.64399704382589,23464000,78.50897521972657,67.99457206726075,77.99273884798379,66.27112141817159,4.532509808368744,4.704955951615971,-0.1724461432472273,87.99882731226731,69.01912312718582,24.175203066862284,0.035956564333970306,-0.006169772576919086,-0.024411483485504815,-0.04430434917771198,0
2023-06-23,79.4277572631836,80.76773642325463,79.10895046983413,80.57355417067582,37413000,79.21529502868653,68.39785636901856,78.129407268479,59.41067467493093,4.09678281815242,4.583321324923261,-0.48653850677084165,86.51888044306538,71.91170961430767,18.439836427381817,0.03652076380892702,-0.024073269627406746,-0.047809223708910165,-0.06440800643309896,0
2023-06-26,79.37751770019531,80.86240554015254,79.24129899262869,79.70309080402764,21372000,79.6823657989502,68.78564445495606,78.24827492864246,59.24132156132656,3.704706575002078,4.407598374939025,-0.7028917999369471,85.65090723532305,73.71382436257736,14.980833906042182,0.03351772740966356,-0.0006325189671642084,-0.030707999220777937,-0.0484993120389301,1
2023-06-27,81.96376037597656,82.11833961202674,79.31665360993827,80.05861477904564,24923000,79.87547416687012,69.23419059753418,78.60213068553142,64.80340452196171,3.561615411912399,4.2384017823337,-0.6767863704213006,85.87676629745404,73.8741820362862,15.026620356697853,0.022855219845370905,0.032581551435626244,0.007086532831600323,-0.0174072728563176,0
2023-06-28,81.91930389404297,82.94239973969773,80.868191857982,81.02953002998976,19445000,80.11147689819336,69.66681777954102,78.9180519434849,64.64011062228752,3.4053723549566826,4.071795896858297,-0.6664235419016142,86.04407583358899,74.17887796279773,14.810858980754658,0.022626299327769852,-0.0005423919269890165,0.03136871437278077,0.0003301725030215863,1
2023-06-29,83.33271789550781,83.35879558323046,81.77149876899671,82.54824237769868,23386000,80.39595184326171,70.1181803894043,79.33849631986803,67.4485285927945,3.3569030158067363,3.9288173206479846,-0.5719143048412483,86.37331292045481,74.41859076606862,14.869806103786006,0.02283947289259068,0.017253735496739475,0.04982771331110514,0.02390687728156715,1
2023-06-30,83.80223083496094,84.49202913485567,83.50274282904847,83.90753663188137,23145000,80.79043884277344,70.57474349975585,79.76361389273403,68.3478540055871,3.3181271809783226,3.8066792927140525,-0.4885521117357299,86.57028557817992,75.01059210736696,14.308244436336484,0.021999585238339607,0.005634196883411935,0.022430284439746373,0.05507487209140938,1
2023-07-03,84.67269134521484,84.70070753890238,83.55974602402357,83.91720494148318,9038000,81.12250099182128,71.05156028747558,80.23114507868459,70.00254478203706,3.319372283500769,3.709217890871396,-0.3898456073706269,86.99255537043672,75.25244661320585,14.472074472179427,0.021386995054182283,0.010387080410403149,0.033610972265257555,0.06670873313296499,0
2023-07-05,83.26412963867188,84.71714645838294,83.25350839698629,83.79934882240316,14440000,81.43074188232421,71.50043655395508,80.52000075106433,64.1576879462828,3.170156289986437,3.6014055706944044,-0.4312492807079673,87.06612945242101,75.79535431222742,13.840933877872585,0.021599203187349394,-0.01663537185561037,-0.0008230651605763972,0.015865173300131374,0
2023-07-06,81.92511749267578,82.49511180355377,81.57055526319155,81.63528512971679,23939000,81.73113327026367,71.91938041687011,80.65382139312257,59.105481035503495,2.910306251626679,3.46318570688086,-0.5528794552541809,86.76759072085419,76.69467581967315,12.32445274907974,0.02163529874422572,-0.0160815005429924,-0.022399324261211162,7.096738322309726e-05,0
2023-07-07,81.80435943603516,82.8902542294062,81.60244528725113,82.1598798803824,19409000,82.01284980773926,72.35997207641601,80.76339644482853,58.6568724213169,2.663921034699669,3.303332772444622,-0.6394117377449531,86.35615988159665,77.66953973388186,10.591779420028233,0.021670156149271775,-0.0014740052908855938,-0.03387552543340511,-0.018340436962455575,1
2023-07-10,84.79733276367188,84.93644818042202,81.9521740970686,81.9521740970686,30622000,82.38862266540528,72.87162803649902,81.14758085614693,65.62150390028933,2.6792818164093575,3.1785225812375697,-0.4992407648282122,86.30956223782199,78.46768309298857,9.51815783676914,0.02277678205637088,0.03658696612589463,0.01841372907701544,0.011874408578342877,1
2023-07-11,85.21467590332031,85.30645639268693,83.53172894089673,85.12386098126073,25498000,82.78324432373047,73.38736427307128,81.53492324159201,66.46972113956195,2.6940758210095908,3.0816332291919744,-0.3875574081823836,86.13205551312444,79.4344331343365,8.090553146958525,0.02275358616777098,0.0049216540903658235,0.040153233969284496,0.006400936943125712,1
2023-07-12,85.9779052734375,86.71600418184788,85.20985166242593,85.88612477225888,28197000,82.97222709655762,73.90281646728516,81.95806438748205,68.023528718032,2.7358492407939394,3.0124764315123675,-0.2766271907184281,86.583931186128,79.36052300698724,8.705814501923198,0.01827739143623202,0.008956548411720888,0.05101862377720523,0.03259237376937896,1
2023-07-13,86.01751708984375,86.84642357512936,84.84950479116361,86.84642357512936,25912000,83.18356399536133,74.39705459594727,82.34467893056411,68.10613661503758,2.7405598514403664,2.9580931154979675,-0.2175332640576011,86.98374131397034,79.38338667675231,9.13684659825571,0.018202491207500643,0.00046072088265325384,0.014389418704624735,0.04995292924094774,0
2023-07-14,85.84552764892578,87.2724516917388,85.61172771484743,85.61172771484743,18510000,83.21784210205078,74.93707412719726,82.67809309421762,67.2932605937885,2.6992990941079142,2.906334311219957,-0.20703521711204287,87.10019000036993,79.33549420373163,9.330566138829209,0.015795603859493922,-0.001999469953757549,0.0074030880117550435,0.04940040165036086,1
2023-07-17,87.94873046875,88.22503011913555,85.96146038022754,86.08029148953543,26819000,83.37049255371093,75.51750480651856,83.1800585584588,71.73586656638673,2.8039879098122356,2.885865030938413,-0.08187712112617751,87.71705690939396,79.0239281980279,10.427104896574244,0.016645542262863806,0.02449985313650216,0.02292246117237484,0.03716387771135432,0
2023-07-18,87.28020477294922,87.90526595262692,86.78072632477097,87.52655714029905,24513000,83.56332778930664,76.0904076385498,83.57054867412455,68.54858330627815,2.8007250984077245,2.8688370444322757,-0.06811194602455117,88.23242705512128,78.894228523492,11.174995992469626,0.01618921994103562,-0.007601311494067842,0.014679424910470473,0.024239121345392967,0
2023-07-19,87.0811767578125,87.52558095500436,85.56054091766421,86.68507303835767,24118000,83.74659652709961,76.62096778869629,83.90489420590436,67.58581746218871,2.7503747908473315,2.845144593715287,-0.09476980286795555,88.65952210504994,78.83367094914928,11.732836393800328,0.016214221465098204,-0.002280333961801162,0.014393867015880302,0.012832034938118575,0
2023-07-20,85.82235717773438,87.62509361506548,85.59628910483642,86.2281166056315,28268000,83.94310111999512,77.12838882446289,84.08750972703102,61.68470807017313,2.5791645857627543,2.7919485921247804,-0.2127840063620261,88.85802015542714,79.0281820845631,11.71012023586366,0.015980964819635794,-0.014455702448522456,-0.024177418817559526,-0.0022688391703463706,1
2023-07-21,86.63484191894531,88.02601804001813,86.35274147717095,87.38259641212767,74287000,84.20549278259277,77.67233612060546,84.33011279292761,63.87699965648527,2.4804469447730213,2.729648262654429,-0.24920131788140765,89.10686030263611,79.30412526254943,11.641443706524008,0.015918575870063498,0.009467052268540277,-0.007394149173718723,0.009194588135651216,1
2023-07-24,87.1024398803711,87.47438973225657,86.39139158237971,87.0261231975258,19992000,84.58922691345215,78.21072105407715,84.5941439441127,65.11413648200596,2.412138123885981,2.666146234900739,-0.25400811101475806,89.12216251773448,80.05629130916982,10.717524606106691,0.014562609678563312,0.005397343044306169,0.000244175875318442,-0.009622544678795641,1
2023-07-25,88.68683624267578,89.18823840615987,87.00871707108088,87.00871707108088,20042000,85.05469284057617,78.77810317993163,84.98392416302347,68.98954880122939,2.4575216563790008,2.6244213191963914,-0.16689966281739066,89.25071106427295,80.85867461687938,9.866635416723371,0.014804546510308303,0.018190034222700824,0.03337683977858119,0.01611627142014349,0
2023-07-26,86.28123474121094,87.97480275248228,85.75567872665859,87.81829978827334,19877000,85.27056655883788,79.29068481445313,85.10747755142228,58.38454412160505,2.2731727753791517,2.5541716104329435,-0.28099883505379175,89.24677975625453,81.29435336142124,9.3261094839167,0.015107576562634607,-0.027124673777767172,-0.004081581611994012,-0.009186164523549478,1
2023-07-27,86.3237533569336,87.90042898223109,85.59628313959927,87.77000368565945,21922000,85.49078903198242,79.78749198913575,85.22331334242335,58.50595384217524,2.106226586956808,2.4645826057377165,-0.3583560187809085,89.17751221622686,81.80406584773797,8.62484304096252,0.015097732685295231,0.0004927909973726496,-0.00893989335438794,0.0058422559772024485,1
2023-07-28,86.92853546142578,87.29276074659869,86.3643345370335,86.88313168207407,18791000,85.67057991027832,80.2932428741455,85.385715448995,60.28096853146548,1.999670435281061,2.3716001716463855,-0.37192973636532445,89.26844004522385,82.07271977533279,8.399289788194562,0.014748735637369212,0.007005975539450038,-0.01982595000275711,0.0033900164873070793,0
2023-07-31,86.81838989257812,87.04542349964976,86.0793255532147,86.70729069254597,14952000,85.82138786315917,80.76598175048828,85.52216063409816,59.77941120291642,1.8846114626893495,2.274202429854978,-0.3895909671656286,89.34544423241142,82.29733149390692,8.212536424769317,0.014745319470897085,-0.0012670818421476326,0.006225631250854402,-0.0032611025383799674,1
2023-08-01,88.88101959228516,88.94091425068125,86.72661772208433,86.85028404974487,19683000,86.0318042755127,81.24070755004882,85.8420519634493,65.55852243816219,1.937528751231568,2.2068676941302963,-0.2693389428987283,89.75339554173522,82.31021300929018,8.651663876080761,0.01543851342575773,0.02375798148594055,0.029624131666028397,0.002189539708892463,0
2023-08-02,86.2049331665039,88.20475585656031,86.01074356462485,88.13712928716684,26877000,86.1788444519043,81.65355117797851,85.87661207802593,54.597544737380396,1.7434310857680657,2.1141803724578505,-0.3707492866897848,89.67709379156368,82.68059511224492,8.118580289415982,0.01657168160793692,-0.03010863779530193,-0.008324105439956098,-0.0008843356836035765,0
2023-08-03,85.49774932861328,86.49765701311046,85.12097166538322,85.6561908296265,18281000,86.35747604370117,82.05970825195313,85.8405299114152,52.11771219116445,1.5150785791968957,1.9943600138056596,-0.47928143460876393,89.28733115355496,83.42762093384738,6.78541162636837,0.016212328386927977,-0.008203519356887679,-0.01521153024835975,-0.009568676015568212,0
2023-08-04,85.17603302001953,86.33245099648848,84.37610102719499,85.4977438383412,21156000,86.52605972290038,82.44380569458008,85.77724449318704,50.983218909925824,1.2932400884149047,1.8541360287275088,-0.5608959403126041,88.67160312544607,84.3805163203547,4.959299913613966,0.0162481212823958,-0.003762862895457353,-0.041684789275158285,-0.020160266500566015,1
2023-08-07,86.664794921875,86.69474225210725,85.52576446898064,85.75859150992973,11146000,86.61943283081055,82.8710743713379,85.86177310544304,55.7802219758985,1.2234588574554977,1.7280005944731065,-0.5045417370176088,88.61308085748384,84.62578480413727,4.603235005168824,0.014593990257222154,0.017478648031254984,0.005334517857381593,-0.0017691524905399936,0
2023-08-08,85.3219223022461,86.04069510774761,84.37900518328847,85.9914290573977,14081000,86.62479515075684,83.17679077148438,85.8103587432338,50.93783038338933,1.0477206600387632,1.591944607586238,-0.5442239475474748,88.60382414135759,84.64576616015609,4.569197507841869,0.015026958443386472,-0.015495018719417164,-0.0020565105835873565,-0.04004338953766895,0
2023-08-09,82.18885803222656,85.35765847662809,81.99467580195889,85.27941066654945,24672000,86.43534278869629,83.25853607177734,85.46545391361407,41.81670120251113,0.6481631486703776,1.403188315803066,-0.7550251671326884,89.19664705967264,83.67403851771994,6.389294429540845,0.016967158092274243,-0.036720507291442606,-0.03507060474500934,-0.046587532601183534,0
2023-08-10,81.43241119384766,83.2293542817324,80.8691758145491,82.41975916523991,20186000,86.20608749389649,83.34319931030274,85.08135460696964,39.956379368999464,0.2673897022441736,1.1760285930912877,-0.9086388908471141,89.72539403947617,82.68678094831681,8.16486781360737,0.01702750247885817,-0.009203763825046729,-0.0603749623217148,-0.0475490661062945,0
2023-08-11,80.16294860839844,80.80443911930989,79.55624063403666,80.57354322188351,20331000,85.92195854187011,83.3935939025879,84.6129349880581,36.98289667905905,-0.13525191874944653,0.9137724907231409,-1.0490244094725876,90.31974279689723,81.52417428684299,10.236694623025992,0.01727181353295396,-0.015589156293398965,-0.060464808511608625,-0.058855575140988714,1
2023-08-14,82.51444244384766,82.52216698311668,79.93302377448542,80.2953105627972,17688000,85.650244140625,83.52563293457031,84.41307855527616,45.128687566559385,-0.26158699198498425,0.6787005941815158,-0.9402875861665001,90.18299868872568,81.11748959252434,10.584335382999162,0.017709256303363754,0.02933392391710088,0.0039614178784845855,-0.04788971671563669,0
2023-08-15,81.39569854736328,82.56467639959942,80.81024773918114,82.04201695773064,14035000,85.3560188293457,83.59291793823242,84.12570903071303,42.32552253439598,-0.446830941481835,0.45359428704884575,-0.9004252285306807,90.18183139994777,80.53020625874363,11.307492164671899,0.0178397184628412,-0.013558158588367064,-0.00045083580292104575,-0.04601658810468989,0
2023-08-16,80.47501373291016,82.55308443807414,80.3755013183805,81.90483487541442,16003000,85.02571067810058,83.66043197631836,83.77802376425561,40.11705995245591,-0.6603179419102787,0.23081184125702084,-0.8911297831672995,90.22394703691698,79.82747431928418,12.227445833405476,0.017925774678693326,-0.011311221979591335,0.003892884804377328,-0.020852513836418063,0
2023-08-17,79.90597534179688,81.09621041811792,79.8972778641366,80.8150755088652,19228000,84.72989158630371,83.74020568847656,83.40925724783096,38.77056383655595,-0.8654482219711355,0.011559828611389572,-0.8770080505825251,90.36789073099311,79.0918924416143,13.30817032604528,0.017769762045860966,-0.007070994644398199,-0.031612249017205496,-0.0187448195340445,0
2023-08-18,79.78424835205078,80.00935086946937,78.44716593326227,79.22004739270818,17759000,84.38736190795899,83.8124900817871,83.06401830537571,38.473080280673635,-1.026010586192612,-0.19595425434941077,-0.8300563318432013,90.3441931360086,78.43053067990938,14.117827820110563,0.017518598938064706,-0.0015233778103003193,-0.019797731625520898,-0.004724130822552852,1
2023-08-21,83.58101654052734,83.79355931602608,80.35714891162387,80.57838179436052,30012000,84.2112907409668,83.93847290039062,83.11325623253302,51.08115848528346,-0.8372387871578297,-0.3242111609110946,-0.5130276262467351,90.0435752802484,78.3790062016852,13.851550042669833,0.02091599756745754,0.04758794206750183,0.03859586551828054,0.01292590806034366,0
2023-08-22,82.67770385742188,84.50942190967444,82.20334495850021,84.37996955263851,17079000,83.9108341217041,84.04558212280273,83.071775053951,48.532982541702225,-0.751858602667113,-0.4097406492622983,-0.3421179534048147,89.39888682418528,78.42278141922291,13.080677268733437,0.020453319403598912,-0.010807629776403371,0.03468737480230932,0.015750283282016442,1
2023-08-23,84.68622589111328,84.8417706950714,82.11833986987608,82.19273278587615,19692000,83.83108367919922,84.0953416442871,83.22553227653789,54.02479302641489,-0.5161731266301501,-0.4310271447358687,-0.08514598189428146,89.22457685085652,78.43759050754193,12.867525826808727,0.020532997866708105,0.024293393986305034,0.06144041763021124,0.05232943696263015,0
2023-08-24,82.54920959472656,87.90139344539531,82.35599294135656,87.17585437182872,30934000,83.64235649108886,84.11051025390626,83.16112059255586,48.13906598561805,-0.4961111832744365,-0.4440439524435823,-0.05206723083085418,88.93700063359883,78.3477123485789,12.660198408145163,0.02124564875708342,-0.025234520418165984,-0.012344991584308795,0.033079306542762144,0
2023-08-25,82.2941665649414,83.99643239840782,80.92713688594078,82.7965416983146,24181000,83.41063804626465,84.05319427490234,83.07855354230686,47.47431948183622,-0.49508476070482743,-0.4542521140958314,-0.04083264660899605,88.5118351229815,78.30944096954781,12.231526328541948,0.02113958051422558,-0.0030895877869367983,-0.004638944656008892,0.03145881881114576,1
2023-08-28,83.18877410888672,83.48343431452196,81.83913204136141,82.73567240488153,14306000,83.22915725708008,84.01905532836913,83.08905073912399,50.078378745621116,-0.4172738875426205,-0.4468564687851892,0.029582581242568684,88.08485089447767,78.37346361968248,11.668251361477127,0.021350765167449735,0.010870850040620272,-0.017682353493376102,-0.004692960768794108,1
2023-08-29,85.97596740722656,86.25710231744092,82.73857457166008,82.9298601148902,27822000,83.08390464782715,84.07010467529297,83.36399518370519,57.198078206925665,-0.12921548861585563,-0.3833282727513225,0.25411278413546684,87.39825871851397,78.76955057714034,10.385535174289979,0.022066869867177902,0.03350444009057818,0.04151169743869865,0.03989302309958398,1
2023-08-30,86.20299530029297,86.8242015466961,84.93065021889339,86.21362391215003,23234000,83.0838077545166,84.12584854125977,83.63437614718974,57.72692952012409,0.11605431954706091,-0.2834517542916458,0.39950607383870673,87.39788152607868,78.76973398295452,10.384872547749973,0.02101691049069778,0.0026405971332790212,0.047498248035198865,0.01791046174533628,1
2023-08-31,89.16022491455078,89.23557602254871,86.34694489861927,86.75657395339627,55203000,83.26693153381348,84.2712077331543,84.160647458367,63.97155439640792,0.5427990750052771,-0.11820158843226122,0.6610006634375384,88.23646285459465,78.2974002130323,11.93638634026791,0.022235719120730822,0.034305416000408595,0.07178193055048476,0.08008574948543834,0
2023-09-01,84.29397583007812,87.1294709061865,83.53462721784707,87.1294709061865,65017000,83.2228286743164,84.32934707641601,84.17334539852996,50.69945020039561,0.48276670203019023,0.001992069660229065,0.48077463236996115,88.13917809230257,78.30647925633023,11.81490582884601,0.02561529917877487,-0.05457869906829382,-0.0195635085928334,0.024300741457276898,0
2023-09-05,84.26019287109375,85.30647744068993,83.76071436189913,84.00320448916237,24808000,83.10259857177735,84.42599578857421,84.18161658639318,50.62093187128315,0.4275362398426523,0.08710090369671372,0.34043533614593857,87.7885850266224,78.4166121169323,11.277593084643849,0.02527527413306799,-0.0004007754842704214,-0.022537528103650617,0.012879367122355267,1
2023-09-06,84.26983642578125,84.76254852054629,83.73559019105481,84.29205921761509,20142000,83.0499942779541,84.52384216308593,84.19001847585871,50.64442972083475,0.3801615887609131,0.1457130407095536,0.2344485480513595,87.65811856941113,78.44186998649707,11.097229642266871,0.02504742748047905,0.00011444971057983366,-0.05484944091893407,-0.01984427780107656,0
2023-09-07,82.79751586914062,83.24771355627513,81.20248681666914,83.03613634300713,27789000,83.0804271697998,84.54051727294922,84.0573991799808,46.96948399393264,0.22126229819549792,0.16082289220674245,0.06043940598875547,87.67341560703044,78.48743873256917,11.056728025347002,0.02391962599976856,-0.017471501299724745,-0.01775286959953226,-0.03950534919684823,1
2023-09-08,82.84773254394531,83.16461552292876,82.12992537537251,82.6013802038224,16810000,83.15119323730468,84.55908584594727,83.9421928336917,47.110451612297084,0.09825293294267112,0.14830890035392819,-0.05005596741125706,87.68364836291546,78.6187381116939,10.90171998536602,0.023807450866492573,0.000606499775718472,-0.016763079682351356,-0.07079942178987575,1
2023-09-11,83.00135040283203,83.95392315195117,81.69808505925201,83.93170036096566,15710000,83.29311332702636,84.55245849609375,83.85258879265746,47.56960215501504,0.013012798676385273,0.12124968001841961,-0.10823688134203434,87.61528333765528,78.97094331639744,10.378216968932763,0.023479937880413176,0.0018542192305051053,-0.015052669813432118,-0.015334730797984863,0
2023-09-12,81.58891296386719,82.9172977351439,81.31260592417853,82.1415196725016,16680000,83.24683685302735,84.50819213867187,83.63700061848695,43.80418542058975,-0.16659214835767955,0.06368131434319979,-0.23027346270087934,87.62087179336484,78.87280191268985,10.508591330767011,0.022921179083918497,-0.017017041675946643,-0.014597091381142402,-0.03170275092193586,1
2023-09-13,82.40140533447266,82.99845768091498,81.5618702640169,81.84686743730109,17413000,83.29712219238282,84.46276641845704,83.51932487715226,46.43101386417678,-0.2405955827279911,0.002825934928961611,-0.2434215176569527,87.60753696164234,78.98670742312329,10.34949264946801,0.022808936859312172,0.009958367394419021,-0.005387319553204484,-0.02217200329983049,1
2023-09-14,84.208984375,84.69493017437429,82.60139556542107,82.99073301956945,19648000,83.4838207244873,84.48166351318359,83.58500673409013,51.82614303269393,-0.15163931203328218,-0.02806711446348715,-0.12357219756979504,87.60858610109997,79.35905534787463,9.881592243424489,0.023084971697013294,0.021936264717698162,0.014549570173339799,0.01704723252917595,0
2023-09-15,82.28063201904297,83.87276402496042,81.43239958503395,83.87276402496042,50190000,83.60255355834961,84.48877380371094,83.46078057075229,46.45136337712366,-0.23404482279572392,-0.06926265612993451,-0.1647821666657894,87.43486833723308,79.77023877946614,9.167937140122746,0.02369451216335773,-0.022899603531253643,0.008478101129771431,-0.006845094095985438,0
2023-09-18,82.11833190917969,82.72987508259247,81.15223388671875,81.40149030170869,16541000,83.71925773620606,84.49505325317382,83.3329283172692,46.01878576882851,-0.3088873847463276,-0.11718760185321314,-0.19169978289311446,87.20592504970404,80.23259042270809,8.32942720176578,0.023697972989352455,-0.001972518998465178,-0.0034352985139507464,-0.010638603942788594,0
2023-09-19,82.04104614257812,82.21784079172173,81.0073215049377,81.73092948836033,13126000,83.64225921630859,84.43992752075195,83.20989191967956,45.80006147685509,-0.3701698817898631,-0.16778405784054315,-0.20238582394931995,87.20492543302193,80.07959299959525,8.51881871698341,0.021094744506137582,-0.0009411511997958755,-0.025744737910240012,0.005541600718607098,0
2023-09-20,80.67823028564453,82.56461232501591,80.65686469796348,82.56461232501591,13681000,83.54228553771972,84.34919860839844,82.9687812878667,42.00847374482844,-0.5226794292370158,-0.23876313211983768,-0.28391629711717814,87.31370857397003,79.77086250146941,9.028776294485018,0.021279975743365074,-0.016611390529628012,-0.01947483501375613,-0.02091196189960165,0
2023-09-21,78.52082824707031,79.89433223259743,77.23183800658437,77.23377965874157,53654000,83.23401565551758,84.2000570678711,82.54516671255277,36.81289836367539,-0.8083109532002339,-0.35267269633591697,-0.45563825686431697,87.54966128452915,78.91837002650601,10.369908492395288,0.02114591453816435,-0.026740820056858627,-0.04380877665766647,-0.06754809086164903,1
2023-09-22,80.53350067138672,80.67920613289895,78.71706247198209,78.80059799724356,27764000,83.13323020935059,84.09037673950195,82.35357947053696,43.79660506676247,-0.8623297492008959,-0.45460410690891273,-0.40772564229198316,87.59965279776452,78.66680762093665,10.74521602773367,0.021458294759828175,0.025632338186543535,-0.01837550277664013,-0.02123381049445383,1
2023-09-25,81.00071716308594,81.45434494739497,79.94388025780465,80.42858930083175,15648000,83.06855773925781,83.99348052978516,82.22473544125592,45.30777363078607,-0.8575542168242549,-0.5351941288919813,-0.32236008793227366,87.61838382861185,78.51873164990377,10.954388069756543,0.021505100934287147,0.005801517229527597,0.0039971982069961776,-0.013609808189111727,0
2023-09-26,79.28141784667969,80.64908964356023,78.79767960442652,80.54223947386316,17641000,82.87318992614746,83.82013427734375,81.9444194798677,40.94494038444348,-0.9811920874467717,-0.6243937206029393,-0.35679836684383237,87.71197473556548,78.03440511672945,11.67756379048545,0.02180191581693927,-0.021225729556747397,0.00968646939403306,-0.033637166097352234,1
2023-09-27,79.34163665771484,80.00895737702872,78.13424014668652,79.57962246784885,15352000,82.54147338867188,83.66136291503906,81.69653540156743,41.158659721226286,-1.0620739089921187,-0.7119297582807752,-0.3501441507113435,87.39354748796721,77.68939928937654,11.756693696144374,0.020148276899450472,0.0007595576954944061,-0.014799605179653397,-0.01656696760944587,1
2023-09-28,80.817138671875,81.48349605224345,79.13474858488574,79.6680212435511,16180000,82.27218055725098,83.53608215332031,81.61278333207291,46.28787959714712,-0.9956355867485911,-0.7686709239743384,-0.22696466277425265,86.87281812720668,77.67154298729527,11.183944654911022,0.020724906484461944,0.018596818471562138,-0.0022663810598284595,0.029244602687827248,0
2023-09-29,80.67919158935547,81.98664238039089,79.93416036936503,81.249377769227,16481000,81.8481288909912,83.43321884155273,81.52386983276648,45.88516400479418,-0.9432408213542374,-0.8035849034503183,-0.13965591790391907,85.23414108001221,78.4621167019702,8.273890276784792,0.01878547720440948,-0.0017069038175133722,0.017630534123127095,0.0018090722091324007,1
2023-10-02,81.10367584228516,81.45433673175305,79.99146490394244,80.53154062685095,14676000,81.68861389160156,83.32259552001953,81.48385135748254,47.40164532435393,-0.8575796166508383,-0.8143838460904224,-0.0431957705604159,84.89450020002472,78.4827275831784,7.84904077985037,0.01478101812924153,0.005261384559853477,0.022208253557610247,0.0012710835509261997,0
2023-10-03,79.1493148803711,81.18139502527814,78.57426707311927,80.33145517196161,18761000,81.43306999206543,83.16353302001953,81.26151455013859,41.6188400456698,-0.936596588655263,-0.8388263946033905,-0.09777019405187248,84.59273777338495,78.2734022107459,7.760158819082702,0.015588647920477997,-0.02409707009722384,-0.020637006195869168,-0.0016662538321913223,1
2023-10-04,80.0215835571289,80.67919599844129,79.29209292581146,79.68355078254382,16417000,81.22065734863281,82.9902279663086,81.14342588413767,44.85254793167634,-0.9182483208415135,-0.8547107798510152,-0.06353754099049835,84.15187450115825,78.28944019610738,7.2179104385807475,0.01589143881883905,0.011020546142138876,-0.008150900117761317,0.008569862282365115,1
2023-10-05,80.02645111083984,80.4897871923857,79.21244666655846,79.66219118089403,11474000,81.08210411071778,82.86513229370117,81.03704733429979,44.870898695151894,-0.8930202341291249,-0.8623726707066371,-0.030647563422487756,83.96362717070697,78.20058105072859,7.107667201271606,0.015498654547862678,6.0828010326252624e-05,-0.013282070390250755,-0.009783661906732632,1
2023-10-06,82.10516357421875,82.4091952348276,78.84721884514559,79.59322842670636,21103000,81.04497566223145,82.78076049804687,81.13877269048254,52.18792518063704,-0.6972545539096586,-0.8293490473472415,0.13209449343758284,83.8527332085358,78.2372181159271,6.928887382250926,0.016680602885333812,0.025975317342259885,0.03734522147557717,0.017674594362834695,1
2023-10-09,83.13673400878906,83.20764878271694,81.38342940123032,81.63889748429462,15760000,81.0517448425293,82.70492446899414,81.32905472079744,55.35470971456609,-0.45364044438269957,-0.7542073267543331,0.30056688237163354,83.87892175998036,78.22456792507825,6.976227156969444,0.01692412669975515,0.01256401412120467,0.038928877850013865,0.025067398553641373,1
2023-10-10,83.38251495361328,84.7560119705876,83.12121443659547,83.26011671943006,14718000,81.1414249420166,82.63620697021484,81.52462236201801,56.10076647253629,-0.23799854024444755,-0.650965569452356,0.4129670292079084,84.13968230015314,78.14316758388006,7.39020139288677,0.01643585751018087,0.00295634592523486,0.041936932054192466,0.05348372351220454,1
2023-10-11,84.95124816894531,85.02700967203364,83.20182665074769,83.50877820082258,14334000,81.26891708374023,82.55761154174805,81.85096767696346,60.62366715338039,0.058805014821899704,-0.5090114525975048,0.5678164674194045,84.66155185439108,77.87628231308939,8.349157076019708,0.01679901734445355,0.018813695127866348,0.034663892876284796,0.06160418717903804,1
2023-10-12,87.9663314819336,89.16401964419457,85.13287543353141,85.13287543353141,43871000,81.45678443908692,82.59283950805664,82.43338327743682,67.54482792945456,0.5311927366100235,-0.3009706147559991,0.8321633513660227,85.77083901720802,77.14272986096582,10.59225356814112,0.017897720480182497,0.03549192481541996,0.058092220373174186,0.09921570007017677,0
2023-10-13,85.78854370117188,89.93916610085037,85.68266437118656,88.29659506872775,28312000,81.63218002319336,82.59865539550782,82.75292236541158,59.42060778524604,0.7215169379888522,-0.09647310420702887,0.817990042195881,86.33378561631187,76.93057443007484,11.519000452475222,0.018039822681847048,-0.024757060389735464,0.02885531515686579,0.0448617354452201,1
2023-10-16,87.67203521728516,88.95617165681995,86.5452541626003,86.5452541626003,21150000,81.90986518859863,82.64857543945313,83.22140930368525,63.50862407238235,1.012658961004206,0.1253533088352181,0.8873056521689879,87.29923995481859,76.52049042237867,13.159281250947846,0.018532169523781075,0.02195504708267415,0.03202762886931243,0.054552313878683645,0
2023-10-17,85.90705871582031,86.74047963099933,84.11975292102872,85.97990773276169,33008000,82.10316581726075,82.63342071533204,83.4771854381743,57.64790932705171,1.0884255662583087,0.3179677603198362,0.7704578059384725,87.76779019747157,76.43854143704992,13.798796486894874,0.019253726548964106,-0.020131578981719245,-0.02340978339577815,0.030276656486212472,1
2023-10-18,86.16253662109375,86.99790669466744,85.01341179862554,85.47481366144467,20404000,82.3773811340332,82.65023300170898,83.73293316988091,58.24851429009331,1.1557631603537715,0.4855268403266233,0.6702363200271482,88.26608245264481,76.48867981542159,14.29688887300343,0.018722292549334146,0.002973887234558381,0.004359473931911051,0.014258630429296426,0
2023-10-19,84.29751586914062,86.40148157992242,84.0877062403323,86.16156151623548,26620000,82.66621551513671,82.69240615844727,83.78670295076279,52.405875364240856,1.0465728602972177,0.5977360443207422,0.4488368159764755,88.33242107681491,77.00000995345852,13.708636657355333,0.01832003619990866,-0.021645378897730216,-0.03849025906357906,-0.04170704349022969,0
2023-10-20,82.9181900024414,84.98427133958172,82.74431575898939,84.98427133958172,26953000,82.78544998168945,82.72212173461914,83.70398743187503,48.528904160290644,0.8390664550997258,0.646002126476539,0.1930643286231868,88.36684960388429,77.20405035949462,13.48401107544704,0.01808082727600191,-0.01636259209394042,-0.03479188739619232,-0.03345847329835561,1
2023-10-23,83.75257110595703,84.85797885198997,81.86813103045921,83.3387694680163,16456000,82.92304267883301,82.79391418457031,83.70861444845428,50.895458695528326,0.7334885167770011,0.6634994045366315,0.06998911224036963,88.45714650406511,77.38893885360092,13.347565758449267,0.0181576965100919,0.010062702809733981,-0.027969992640011543,-0.04470597838426105,1
2023-10-24,85.58748626708984,85.77107618051392,83.84000643035291,83.92549101644853,14972000,83.23834609985352,82.85537506103516,83.88755462165767,55.71740507832802,0.7887869139446906,0.6885569064182433,0.10023000752644728,88.62315861307891,77.85353358662812,12.938297709004756,0.0178340971859224,0.021908762165777862,0.015302590884786138,-0.0037199789342993173,0
2023-10-25,82.52965545654297,85.35631655440021,82.18482681388318,85.19507044206425,21432000,83.39774703979492,82.87805419921875,83.75823089164675,47.36943196165094,0.5791933209818154,0.6666841893309577,-0.08749086834914233,88.49266124459412,78.30283283499573,12.218349741193977,0.019925075032594653,-0.0357275455082815,-0.0046857576834106185,-0.042163117603264744,0
2023-10-26,80.30716705322266,82.99491771291676,79.4902502163782,82.36256159260446,27917000,83.3722484588623,82.874697265625,83.42955814513017,42.39733639365889,0.2310888006351064,0.5795651115917875,-0.3484763109566811,88.52336281060317,78.22113410712143,12.356903998535065,0.020539596137296955,-0.026929573267037266,-0.04113788994460277,-0.04733649354641001,1
2023-10-27,81.4349136352539,81.61462022632627,80.48103617817544,80.62285831654617,18236000,83.41003456115723,82.90527603149414,83.23959200133244,45.522108032321476,0.04568653852398086,0.47278939697822614,-0.4271028584542453,88.49220044686756,78.32786867544691,12.185981968354227,0.02077594200615917,0.014042913271786084,-0.04851845536013466,-0.01788843156301201,1
2023-10-30,81.71563720703125,82.51021023613316,80.34601643183345,81.7010674039663,20889000,83.44063262939453,82.94390380859375,83.09445344949422,46.302976659195785,-0.07769838519365635,0.3626918405438497,-0.440390225737506,88.47402149709279,78.40724376169626,12.06459900670767,0.020758802492376174,0.0034472139681354097,-0.009863342395029728,-0.02432085214851276,1
2023-10-31,81.727294921875,82.12846844836558,80.87541350259113,81.97207650759876,14747000,83.56953163146973,82.9068293762207,82.96424787543525,46.33737589673552,-0.17255207313083076,0.2556430578089136,-0.4281951309397444,88.27830719396044,78.86075606897901,11.269120385299692,0.019933350378300702,0.0001426619829716369,0.017683700232024924,-0.04510228671944494,1
2023-11-01,82.85115814208984,82.9376135479933,81.16390671290657,81.78848884509733,18684000,83.71101036071778,82.91029846191407,82.95347742464044,49.68387350762787,-0.15524832875530592,0.1734647804960697,-0.32871310925137565,88.1470138955446,79.27500682589096,10.598375328912438,0.020009093349382407,0.013751381607444157,0.01739112186180103,0.003895601935672177,1
2023-11-02,84.63456726074219,85.52822380928308,83.53693347715905,83.73120245112351,18759000,83.9414161682129,82.90926528930665,83.1135812185549,54.529707872013915,0.0023442021294926008,0.13924066482275427,-0.13689646269326167,88.05495188737596,79.82788044904983,9.800968120241912,0.020473833447453876,0.021525457925329006,0.03572058119446164,0.0538856040663418,1
2023-11-03,85.739990234375,86.20818788218605,84.61127499386241,85.23682801872481,18041000,84.1231575012207,82.97308090209961,83.36371541053776,57.276289527745384,0.21396930881472542,0.1541863936211485,0.059782915193576924,88.21725880441785,80.02905619802355,9.733589239414226,0.019906988901526396,0.013061128678394818,0.04909859449448106,0.05286524424159755,0
2023-11-06,85.56028747558594,86.05179234456895,84.62584128224228,85.63119484548476,12870000,84.24433517456055,83.0384033203125,83.57291275006617,56.67693735141188,0.3629987955870604,0.19594887401433086,0.16704992157272952,88.35789708829613,80.13077326082497,9.76578877431218,0.019780879237929146,-0.002095903653567377,0.032698750316198844,0.04704913771661645,1
2023-11-07,87.21062469482422,87.59431597201065,85.10665897890925,85.70502142746084,19365000,84.4357406616211,83.11884033203125,83.91936150670979,60.74005613008617,0.6072738833896665,0.278213875889398,0.3290600075002685,88.72363936158904,80.14784196165316,10.156596404245045,0.020172023664757257,0.01928858899298569,0.0304374148466513,0.06709300458544298,1
2023-11-08,88.50350952148438,88.67641293939637,87.32525250661882,87.422387010008,15280000,84.61335372924805,83.1693911743164,84.35594703192642,63.618715167006584,0.8948731106222567,0.4015457228359698,0.49332738778628693,89.25189754767344,79.97480991082266,10.964093996954995,0.020020775655640824,0.014824854553953104,0.03223139260402452,0.06822296158734131,1
2023-11-09,88.52777862548828,90.31702593517154,88.25385744976599,88.63657043490345,24486000,84.64142608642578,83.21588684082032,84.75326432655136,63.672561225743806,1.1119381532393078,0.5436242089166374,0.5683139443226704,89.36678205377497,79.9160701190766,11.165586842840325,0.018427742043623137,0.0002742162896716138,0.03468304323719229,0.04600025132463759,1
2023-11-10,93.00963592529295,93.14853817324796,89.19122105865904,89.5341153717695,36272000,85.00248069763184,83.29287506103516,85.53958543119342,71.93384841491337,1.626858775750037,0.7602711222833174,0.8665876534667196,90.96484253721523,79.04011885804844,14.02867725894382,0.02057798619819727,0.05062656455850889,0.06649432051153381,0.08478710658872224,0
2023-11-13,91.98096466064452,92.51229556971175,91.35443350528914,92.28402544779296,16893000,85.21792716979981,83.44661483764648,86.15305011971256,68.10560901913323,1.929687666568526,0.9941544311403592,0.9355332354281669,91.82690843731497,78.60894590228465,15.510776868220526,0.020406418374048198,-0.011059835407534413,0.03929172027145422,0.07504272571420101,1
2023-11-14,94.50940704345705,94.8794992828159,92.78913288222245,93.47782652453844,23886000,85.64804458618164,83.65159912109375,86.94889363625965,72.0438659321142,2.346655133883516,1.2646545716889905,1.0820005621945255,93.40110647280666,77.89498269955662,18.104469107461423,0.020392803352263098,0.027488756963367278,0.06756781329930006,0.08369143523708744,1
2023-11-15,94.74644470214844,95.36326030827304,93.92176110289398,95.1456692302922,16099000,86.07723999023438,83.86113128662109,87.69151754729668,72.3880852383221,2.6655055253919073,1.544824762429574,1.1206807629623334,94.78794434531639,77.36653563515236,20.239274298456273,0.02039548077759689,0.002508085344164801,0.01867342839886521,0.0705388431986258,0
2023-11-16,93.20682525634766,94.09562030418805,92.3296875332211,93.63908004247789,26198000,86.52270545959473,84.06931747436523,88.21678494815869,66.64790736226942,2.762122309097947,1.7882842717632488,0.9738380373346982,95.72136438619866,77.3240465329908,21.26299421115446,0.02005798341448815,-0.016249891493457458,0.01332732919496804,0.052853993441468905,1
2023-11-17,94.97276306152344,95.57111808204752,92.37631431776894,93.07666537678044,19789000,87.12543411254883,84.31181808471679,88.86021143514581,69.6233079191548,2.9472145735642954,2.020070332123458,0.9271442414408373,96.86424241185493,77.38662581324273,22.355833054961852,0.019606591349162233,0.018946443034819627,0.0049027502400194045,0.021106707027724658,1
2023-11-20,96.71926879882812,97.12335484381366,94.51331441936556,94.51331441936556,18674000,87.77376899719238,84.58617645263672,89.60869308882985,72.25916122063879,3.197965784614226,2.2556494226216115,0.9423163619926145,98.22824777068148,77.31929022370328,23.821419298568593,0.019763017746180517,0.01838954328593445,0.02082214380583447,0.05151396439105804,0
2023-11-21,95.30982208251952,96.2617504948598,94.38023008306205,94.7075763648953,43344000,88.25988578796387,84.86059463500976,90.15165775489552,67.19203328798451,3.2455447357356633,2.453628485244422,0.7919162504912411,99.15728644472779,77.36248513119995,24.693892495949765,0.020035892522325644,-0.01457255347163755,0.02256269130922517,0.008469157347420708,0
2023-11-22,94.41616821289062,95.96937897263696,94.31903371649062,95.5516939683186,33743000,88.85421142578124,85.10088989257812,90.55780160803792,64.12174168395046,3.174546799171125,2.597812148029763,0.5767346511413622,99.73324189489178,77.97518095667071,24.487371604659714,0.01793224630664242,-0.009376304037742922,-0.005860573396945901,-0.003485898497786355,1
2023-11-24,95.08349609375,95.17965976368087,93.90620999313718,94.70369554502248,23158000,89.59302787780761,85.31838012695313,90.98882013048669,65.39341398663849,3.1359785966415927,2.705445437752129,0.43053315888946386,100.04866314986624,79.13739260574899,23.34028778739046,0.016071264949658742,0.007067940729755806,-0.01691258345304969,0.02013447869553464,0
2023-11-27,92.30249786376952,95.2913680085004,92.21410079977292,94.81928707509591,96962000,90.1364070892334,85.51881744384765,91.11393229556124,56.418834719778346,2.848177683474532,2.73399188689661,0.11418579657792183,99.94948739027708,80.32332678818972,21.773843928189667,0.018088523063618783,-0.029247959364456788,-0.031553140621186415,-0.028116115733351044,0
2023-11-28,91.92462921142578,92.3627089473702,90.74053999297986,91.30198875712904,39025000,90.64685668945313,85.71494338989258,91.19114152564359,55.30814183387018,2.56009140392905,2.699211790303098,-0.139120386374048,99.68632483791919,81.60738854098707,19.944360959882705,0.018232150167539356,-0.004093807438466435,-0.026388901907636098,-0.049572744365706356,0
2023-11-29,91.38843536376952,93.1951650091344,91.24661323023324,92.11792596912278,34843000,91.12991371154786,85.9018911743164,91.20993141498892,53.69284645168437,2.2624346511509685,2.6118563624726723,-0.34942171132170374,99.19073745491701,83.0690899681787,17.690840285186617,0.01838256728042936,-0.005832972645698931,-0.038861220735270874,-0.04114357401018809,0
2023-11-30,89.92169189453125,91.5428902102637,89.20677099838346,91.40495877406036,49571000,91.48344039916992,86.08676040649414,91.08724193685009,49.43929065068966,1.8864398854608027,2.4667730670702985,-0.5803331816094959,98.62916332846659,84.33771746987325,15.621893750645398,0.01890129089747683,-0.016049552258991295,-0.02579351614895764,-0.04760282484907863,1
2023-12-01,90.33645629882812,90.71528600656518,88.1994678238557,89.60405318532139,29612000,91.76853485107422,86.3230729675293,91.01573854275276,50.63033486998754,1.603445820542504,2.2941076177647397,-0.6906617972222358,98.21973184452291,85.31733785762553,14.05971448474787,0.018461937805806454,0.004612506677291517,-0.01727690311314578,-0.04992496058665541,0
2023-12-04,89.75074005126953,90.43068898879268,89.0193002666847,89.42727704008618,25009000,91.96907234191895,86.50741775512695,90.89526249594482,48.879240103347634,1.3167301337438033,2.0986321209605525,-0.7819019872167492,97.8853812113967,86.05276347244119,12.865866141353136,0.018442323672380762,-0.006483719547522138,-0.01792015921906509,-0.02764559867346339,0
2023-12-05,88.69681549072266,89.09993075552963,87.99063936298681,88.5491757755745,37066000,92.12589874267579,86.66133972167968,90.68588659068557,45.80910429032364,0.9930161106670852,1.8775089189018592,-0.884492808234774,97.49538296805684,86.75641451729473,11.656839821729161,0.01869189249143651,-0.011742795211992951,-0.013621589830018377,-0.03511369856362634,0
2023-12-06,87.77596282958984,89.45933116501976,87.72350856594599,89.40008111728982,24813000,92.15416564941407,86.8312306213379,90.40875099439074,43.25279930105159,0.6546192579591406,1.6329309867133155,-0.9783117287541749,97.42489325298496,86.88343804584318,11.438935107117217,0.018420138914960534,-0.010382026187052085,-0.028343966258409625,-0.03952877100696939,1
2023-12-07,89.58464050292969,89.76531795898589,87.77596875497031,87.9605295164807,43517000,92.20822219848633,87.03609069824219,90.33026428091827,49.24387786632716,0.5263154497739322,1.411607879325439,-0.8852924295515068,97.34864191791183,87.06780247906082,11.149590778055133,0.01870026180076359,0.020605614738185674,-0.001850676086291414,-0.003748276800628836,1
2023-12-08,91.72550201416016,92.35008414336406,88.44522118679481,90.12664023999226,69668000,92.36810836791992,87.25425796508789,90.46314406503654,55.26429933639116,0.590575601524435,1.2474014237652382,-0.6568258222408032,97.23217367583064,87.5040430600092,10.531914951719514,0.019400173526529133,0.023897640256316688,0.03414650804181685,0.015376358252720657,1
2023-12-11,99.97624206542967,100.97382160922028,92.87074257839257,92.9601030578445,101184000,92.71643867492676,87.64019897460938,91.36915339840732,70.0222603562573,1.292370361526821,1.2563952113175547,0.03597515020926623,98.60441145500695,86.82846589484657,12.701033094517403,0.025596153662552554,0.08995033954674692,0.13899339685428136,0.11393223062360147,1
2023-12-12,104.15696716308594,104.84760997956904,99.5235841061842,99.85482112318684,90242000,93.32523880004882,88.1012648010254,92.58704042361481,74.59551961328093,2.1609868295864203,1.4373135349713277,0.7236732946150926,101.02294151593162,85.62753608416602,16.496507943312697,0.02667566466201743,0.041817185876222185,0.16266545892629547,0.17430334546768878,1
2023-12-13,105.8480987548828,106.82819590739416,103.21085326872507,103.74122077306627,71654000,93.89217338562011,88.63524047851563,93.84999835992605,76.1786059010783,2.9518052511487127,1.740211878206805,1.2115933729419077,103.32895891930578,84.45538785193445,20.101325155033507,0.026327470371992904,0.01623637513512599,0.1539658702390363,0.20588934991665764,1
2023-12-14,107.47998046875,108.9341075269762,105.90540427525202,106.08996498803172,66964000,94.52885017395019,89.18440841674804,95.14809189409976,77.62740005326752,3.6679321255456188,2.125755927674568,1.5421761978710506,105.67385965114704,83.38384069675334,23.580122802060995,0.026395510085327107,0.015417203833261395,0.07505521560221773,0.199759019686361,1
2023-12-15,109.7384033203125,111.69472193786766,106.32698662570392,106.3852732542883,118544000,95.35542907714844,89.7786474609375,96.53764536326288,79.48680540696678,4.367359481103222,2.574076638360299,1.7932828427429226,108.29354551346978,82.4173126408271,27.136612066112352,0.02600660485936745,0.021012497785288797,0.05358677685466118,0.19637833438482133,1
2023-12-18,111.41495513916016,111.88315271034044,108.6601804401535,108.86999745639766,54741000,96.17753868103027,90.36484329223633,97.95453200858643,80.764859920887,4.999315423501116,3.0591243953884626,1.9401910281126535,110.88276866658346,81.47230869547708,30.579343549896016,0.025941965216388623,0.015277712889206319,0.052592880266737474,0.11441431321497753,0
2023-12-19,111.2032241821289,112.26492079534512,110.51331420811997,111.43937101237871,36020000,96.90173645019532,90.92617309570312,99.21631221559048,80.086240865334,5.420575126260488,3.531414541562868,1.8891605846976196,113.00271436906834,80.80075853132229,33.23155705707806,0.025924394932747636,-0.0019003818362336444,0.03464127642320736,0.06765036666255986,0
2023-12-20,108.35379791259766,111.3769072404896,108.24450584826876,110.53183687741684,34523000,97.55393524169922,91.42559875488281,100.08654894863878,71.3923705847984,5.46154430633716,3.917440494517727,1.5441038118194332,114.3843583191624,80.72351216423604,34.504857309475405,0.026526148270647525,-0.025623594014364648,-0.012617327807051826,0.02367259485234041,1
2023-12-21,110.0039291381836,110.79727944521468,108.80464214179918,110.52697511911929,24106000,98.33332328796386,91.92665237426758,101.03106134764305,73.20635201286551,5.563037245403095,4.246559844694801,1.316477400708294,115.93629778885001,80.73034878707772,35.802663659269975,0.026308155768687568,0.015229103708178204,-0.012664601437160306,0.023482965464135308,0
2023-12-22,109.48576354980467,110.4635404861313,108.66118908805228,110.07125787422588,19089000,99.05343666076661,92.357041015625,101.83627108118225,71.66954137129564,5.537822922858666,4.5048124603275745,1.0330104625310916,117.23456884774619,80.87230447378703,36.709745365515055,0.026461230645674978,-0.004710428004149003,-0.015444342058925975,-0.0023022001675239157,1
2023-12-26,110.45281219482422,110.80508556847612,109.58725320557843,109.70630562897948,16793000,99.96095237731933,92.85032638549805,102.65689404438625,72.81648390869137,5.532102500264358,4.710270468314931,0.8218320319494268,118.51178378947975,81.41012096515891,37.1161558007915,0.02501605047634126,0.008832642835610693,0.019371857033748885,-0.00863567142430921,0
2023-12-27,109.8946304321289,111.20224158313036,109.58139101465288,110.85386938029832,20055000,100.8594524383545,93.29477828979492,103.34620227179032,71.02902561519242,5.420049464452504,4.852226267542446,0.5678231969100578,119.50679086982137,82.21211400688762,36.97687818177314,0.02504400816225917,-0.0050535767410860855,-0.0009935891100525396,-0.011767588211802016,0
2023-12-28,109.52772521972656,110.4869642112559,109.19984898810576,110.43329346298718,21247000,101.76641693115235,93.76719161987305,103.93491874302234,69.81585139338581,5.241222887092576,4.9300255914524715,0.31119729564010434,120.24669425401511,83.28613960828959,36.319009512470416,0.024971020474036563,-0.0033387000889815166,0.0003832614265215639,0.01083420544313407,0
2023-12-29,108.92660522460938,109.7199554208203,108.77242747631888,109.4350143343206,20558000,102.71666259765625,94.22247299194336,104.41031745555443,67.77346009628098,4.993434966335798,4.942707466429137,0.050727499906661144,120.6080834373771,84.8252417579354,34.83645279598305,0.02451241152634972,-0.005488290694536602,-0.01381772849316698,-0.009793503941308512,0
2024-01-02,105.91423797607422,107.53605635946798,105.10527564244012,106.57194097792316,28831000,103.49555168151855,94.65480743408203,104.55354798131822,58.5325676649511,4.5020910887504755,4.854584190893405,-0.3524931021429296,120.4975298871269,86.4935734759102,32.85547625839544,0.025901842672499266,-0.027655018187003777,-0.0362200813670599,-0.03262091305693626,0
2024-01-03,103.2990264892578,104.90133167375616,102.9799278807977,104.43293175421933,34735000,104.17296600341797,95.06242416381836,104.43406974397912,51.914563388460586,3.8572083186028436,4.655109016435293,-0.797900697832449,119.9671249658305,88.37880704100544,30.322951468799133,0.026754576862211707,-0.024691784001761752,-0.05686869436914899,-0.06476780050604858,0
2024-01-04,102.36515808105467,104.3646222863133,102.20512113461976,103.23851936451828,25658000,104.85638313293457,95.43467590332031,104.23703053798633,49.75135702944224,3.2335048699000026,4.370788187128235,-1.1372833172282322,119.01048530851605,90.70228095735308,26.99712073348407,0.026659549855541847,-0.009040437649238009,-0.06023732337958054,-0.06851537988222678,1
2024-01-05,102.3915023803711,102.99455933520343,101.63328493572786,102.6178962834784,22475000,105.58716011047363,95.77075622558594,104.06126595154679,49.81488563383293,2.7101008029711693,4.038650710296822,-1.3285499073256526,117.46442597052263,93.70989425042464,22.49755717953217,0.026388307249679704,0.0002573561142313885,-0.03326026474834198,-0.06515448782524513,1
2024-01-08,104.88668823242188,105.1940758928081,102.65692161050563,103.09604790319509,33110000,106.35226249694824,96.21789688110351,104.13987759734442,55.547375723194804,2.4681882167606375,3.7245582115895854,-1.256369994828948,115.71227975524167,96.99224523865482,17.601914690930077,0.026495740517659933,0.024369071593280278,0.015369571206260924,-0.037088432012152506,1
2024-01-09,105.6322250366211,106.2235785329324,103.89720593928551,103.98600202578312,23225000,107.04759864807129,96.72439804077149,104.28200592489458,57.12331845573732,2.310001084118582,3.441646786095385,-1.1316457019768031,113.6043676670318,100.49082962911078,12.250193562055479,0.026238258152150213,0.007108021206152948,0.03191581019177936,-0.002662653717216301,0
2024-01-10,105.44486236572266,105.67808330428772,103.69130535283055,105.42339853485107,17643000,107.32102966308594,97.20459701538086,104.3927541573544,56.58043330786536,2.1447941878274293,3.1822762664417943,-1.037482078614365,113.08341613246562,101.55864319370626,10.738597062420292,0.017665696341245804,-0.0017737264441176626,0.029820443243509853,0.020773050331582832,1
2024-01-11,107.33894348144533,107.4677488020579,104.85350928465766,105.8107976341754,25757000,107.48012847900391,97.71706314086914,104.67334361679164,60.65162474840208,2.1420112761717576,2.9742232683877874,-0.8322119922160298,113.05701416635489,101.90324279165293,10.377519577380143,0.015575364336495083,0.017962763412344263,0.023380042695116954,0.04858865549206026,1
2024-01-12,108.09033203125,108.87197138748944,107.34187488086792,108.52164859264572,26882000,107.59224014282226,98.24432388305664,104.99877108483528,62.167125182355335,2.175360374703189,2.814450689650868,-0.639090314947679,113.12334702481934,102.06113326082519,10.28160929571661,0.01525280725751757,0.007000148552184671,0.023270427123699422,0.05565725200230487,1
2024-01-16,108.8007354736328,109.9014659742568,107.20720790777804,108.54506796068428,26145000,107.65827789306641,98.7633154296875,105.36086293138743,63.594763782719916,2.233368514258899,2.6982342545724745,-0.4648657403135754,113.2139300733491,102.10262571278372,10.320901075161071,0.014942732413932472,0.006572312518916323,0.031825856970354005,0.037316911298959754,0
2024-01-17,107.69901275634766,108.62019297611975,106.38555741146811,107.95468024678824,18314000,107.55630836486816,99.22460433959961,105.58354386709793,59.82443294700193,2.165478281315302,2.5916830599210403,-0.42620477860573835,113.02975586317835,102.08286086655797,10.177827003400616,0.014326313177185782,-0.010126059465398907,0.0033545073504899214,0.0195658826556957,1
2024-01-18,111.62574768066406,111.88336577014095,109.47600687915715,109.77070088938066,32228000,107.56684799194336,99.7423194885254,106.15899184934233,67.27209932217855,2.400853924324167,2.5535172328016658,-0.15266330847749865,113.07070295597002,102.0629930279167,10.23336663065351,0.01623625078282813,0.03646026851889572,0.032707972886899306,0.05861722587776508,1
2024-01-19,118.19208526611328,118.75805886735152,112.80551986943752,112.93335734469912,53077000,107.91629104614258,100.39495544433593,107.30500074617767,75.46334370286878,3.0817152876367544,2.6591568437686837,0.42255844386807073,114.96884127564826,100.86374081663689,13.070408853266041,0.02084325984633737,0.05882457875430336,0.0863169697483932,0.10111094289412348,1
2024-01-22,119.09961700439452,120.15643719119004,117.9012978181539,118.6848877997702,31222000,108.45358200073242,101.03273529052734,108.4282975326745,76.34456693182231,3.6524301093811857,2.857811496891184,0.7946186124900017,117.0302253946382,99.87693860682666,15.816247348746579,0.01971438393311767,0.007678447640871111,0.10585616298859635,0.10185263349881857,1
2024-01-23,119.66654205322266,119.73192372032244,117.4426347514267,119.14838005726769,16952000,108.93671264648438,101.6559959411621,109.49860653463148,76.90262788389497,4.1031730065589045,3.1068837988247284,0.9962892077341761,118.80030886699119,99.07311642597757,18.108856015355677,0.019564693173361597,0.00476009128398136,0.07203350964834287,0.09986887066791117,1
2024-01-24,122.3559341430664,125.34977002660064,120.12519216817962,121.22690536936948,34805000,109.58022117614746,102.33255905151367,110.723113925911,79.38694103535819,4.624097745058222,3.4103265880714275,1.2137711569867946,121.0514428733416,98.10899947895332,20.93666461715648,0.019840987674873963,0.022474052009020307,0.03522950684538717,0.13609151106963036,0
2024-01-25,120.02664184570312,125.00336221966712,119.90954000273967,125.00336221966712,36356000,110.05891265869141,102.87289916992188,111.60916420398644,72.14879410730865,4.793720901129177,3.6870054506829777,1.1067154504461993,122.40174876018064,97.71607655720219,22.429507621552002,0.02057854927802001,-0.019037019443942316,0.007783608920206797,0.07525946602456024,0
2024-01-26,117.57535552978516,119.16888299786316,117.12159988425736,119.02153227698165,25818000,110.44294891357421,103.3847869873047,112.17737290168155,65.39176034202718,4.676443030671322,3.884892966680647,0.7915500639906754,123.21203864639614,97.67385918075229,23.12341323449127,0.021225501987863302,-0.020422851778767126,-0.01747511449363537,-0.005218029066324847,1
2024-01-29,118.83319854736328,119.40893248494422,117.58609266772504,118.55410919084726,21526000,110.90822257995606,103.87126281738281,112.81126105841314,67.09473986809058,4.631606614698654,4.034235696284249,0.5973709184144056,124.17831923249963,97.63812592741249,23.929869839861297,0.02121624702047533,0.010698185958361695,-0.028790884728027266,-0.0022369379829442204,0
2024-01-30,117.89542388916016,119.83146426504148,117.51777812486915,118.73561033445402,20683000,111.35666351318359,104.33424240112305,113.29546704229381,64.54469849791386,4.468888291960852,4.12116621541957,0.34772207654128184,124.93126859193039,97.78205843443679,24.380409129516874,0.02128128729265726,-0.00789152080114508,-0.017756207486690267,-0.014800445752621294,0
2024-01-31,115.14749908447266,116.82787202921465,114.59225370234344,116.06965460561332,27400000,111.81832656860351,104.77305587768555,113.47185104631085,57.63248513990427,4.071267247938096,4.111186421923275,-0.03991917398517941,125.2484218645161,98.38823127269092,24.02127756342852,0.02095884173332778,-0.02330815492271332,-0.02064936511884463,-0.058913653098060514,1
2024-02-01,117.10012817382812,117.40068135591574,115.06065483468812,115.86473324254072,19411000,112.50838165283203,105.21560317993163,113.81740124893153,60.8415715157945,3.8691098644735575,4.0627711104333315,-0.19366124595977396,125.52861768952573,99.48814561613833,23.145361875118503,0.01996225689452332,0.016957633512500347,-0.014584058955918855,-0.024382200708715107,1
2024-02-02,119.47431182861328,120.48429559277676,117.60170246514028,117.95300051833074,26689000,113.36383934020996,105.67070404052734,114.35615463747266,64.37489802387174,3.8560255978733835,4.021422007921342,-0.16539641004795858,125.84290800694151,100.88477067347841,22.01595983227298,0.019838839290227464,0.02027481687518584,0.013392275012620747,0.016150972202223723,1
2024-02-05,121.30496978759766,121.75873290649766,119.2606124167226,119.72998762540804,22045000,114.30951271057128,106.19060699462891,115.01794655653218,66.85810774200738,3.9478664729304285,4.00671090092316,-0.058844427992731596,126.17053447009077,102.4484909510518,20.752466663997225,0.019817702417931314,0.015322607269841138,0.053474636896871264,0.020800342584814002,0
2024-02-06,119.30941009521484,124.1358464697112,118.26430089061093,123.30249438592784,25354000,115.03064880371093,106.6884718322754,115.42665736974004,61.80107773930409,3.8156416961846986,3.9684970599754683,-0.1528553637907697,126.24873949075167,103.81255811667019,19.50452475702083,0.02021648662387036,-0.01645076616297747,0.018866605492584787,0.011993563103722016,1
2024-02-07,122.667236328125,122.90630903454192,119.70462430059564,120.41698085789795,25768000,115.88239936828613,107.24014663696289,116.11623631815765,66.40561808342466,3.9364244714885928,3.9620825422780936,-0.025658070789500886,126.69632846496975,105.06847027160251,18.66362649657581,0.02078067737079686,0.02814385076776804,0.02672477832801401,0.06530525893693828,1
2024-02-08,124.3944320678711,126.46416180553668,123.443002909208,123.63718990201218,29326000,116.82987785339355,107.88198532104492,116.90463591336845,68.50841674495616,4.123977309196604,3.994461495661796,0.12951581353480845,127.12806725682361,106.5316884499635,17.629376307921778,0.02070226836818928,0.014080334663495453,0.02546855488017541,0.062291169171181604,1
2024-02-09,125.241455078125,125.46687371143798,121.87974094497852,122.176392998053,26293000,117.72500343322754,108.54832183837891,117.69861869096431,69.51613561595528,4.291492310393252,4.0538676586080875,0.2376246517851648,127.67402675238931,107.77598011406577,16.90214148059848,0.0205837953162524,0.006809171408827641,0.049719841697114076,0.04827098948085773,0
2024-02-12,123.4420394897461,125.8884399650635,122.85654513926195,125.88258822289345,24778000,118.49258880615234,109.18939392089844,118.24561114799114,64.7740753269639,4.230287238065316,4.0891515744995335,0.1411356635657821,127.69029707700992,109.29488053529477,15.524529193812352,0.02118107202675774,-0.014367571721810801,0.006316300789141138,0.017617330154654054,0
2024-02-13,122.1393051147461,122.55110097262502,119.74267436558893,120.52626428888976,31907000,119.15951728820801,109.83374618530273,118.61643914482494,61.50302658723414,4.030204314012764,4.07736212240218,-0.04715780838941619,127.32603226084791,110.9930023155681,13.706861455116112,0.021537030827989752,-0.010553409360254618,-0.018128841585888456,0.023718959110374138,1
2024-02-14,123.17073822021484,124.22268175244182,121.1312649780972,123.85577162689869,27306000,119.93310356140137,110.49043182373048,119.0501819139097,63.092208904941586,3.9097954980088474,4.043848797523514,-0.13405329951466616,126.35553065387772,113.51067646892501,10.71001567000775,0.021202168151597922,0.008444727145776376,-0.016533797508328618,0.00410461592811151,1
2024-02-15,123.44886779785156,124.90577284623863,121.475743820316,124.90089639467396,21873000,120.52425956726074,111.16439437866211,119.46910437904701,63.52940948084261,3.7930890073556327,3.9936968394899375,-0.20060783213430478,125.86461492552445,115.18390420899703,8.861876235436943,0.020043931688938477,0.0022580816000261628,5.531590480600812e-05,-0.007601339178136324,0
2024-02-16,121.53721618652344,124.48421591673936,121.23568769235796,122.86043944970233,21268000,120.69151611328125,111.82120239257813,119.66606740833048,58.40808933367054,3.5059297877651687,3.896143429144984,-0.3902136413798152,125.9379344317252,115.44509779483731,8.693930588326767,0.0160833063693787,-0.015485371761031153,-0.004929526393301575,-0.02957677942412018,0
2024-02-20,119.68997192382812,120.77997417364108,118.32478892461906,120.5984659578985,26329000,120.72103385925293,112.4594825744629,119.66834402885407,53.88749664376147,3.093635360717002,3.735641815459388,-0.6420064547423858,125.93785373163742,115.50421398686844,8.642768713307596,0.016431962134688057,-0.0151990009369668,-0.028259685268456458,-0.030395378927854155,1
2024-02-21,119.77779388427734,119.8363410759837,117.35676625571786,118.85563839008545,20579000,120.72659645080566,113.06334564208984,119.67876782460867,54.06950318909367,2.7423632980716093,3.5369861119818324,-0.7946228139102232,125.93914242638112,115.51405047523019,8.635290199205613,0.01640004891988429,0.0007337453509064229,-0.029737606987093823,-0.019334572341394796,1
2024-02-22,127.33557891845705,127.92888297499638,124.56130249145416,125.07263749636353,40819000,120.9755786895752,113.77554718017578,120.4079879287847,66.37100813553975,3.0387983708273225,3.4373485637509305,-0.39855019292360794,126.90242005028813,115.04873732886227,9.798409604505839,0.021138556683352724,0.06309838233856291,0.04770853664308761,0.03381355635618544,0
2024-02-23,126.50320434570312,128.77201270510557,125.76646551694934,127.67420797246425,23115000,121.29940681457519,114.30608642578125,120.98848473039598,64.32756221220555,3.170017640022209,3.383882379005186,-0.2138647389829771,127.67426545998988,114.9245481691605,10.51094776606722,0.02065673031981731,-0.006536857803795426,0.05692400384395624,0.024741713734086845,1
2024-02-26,127.74835205078124,128.6910036592093,126.99989489293004,127.83325442443476,16282000,121.808056640625,114.77791412353515,121.63228161805172,66.01326472626474,3.336027224668058,3.374311348137761,-0.03828412346970289,128.52728215435974,115.08883112689026,11.03248126445155,0.019960454749640623,0.009842815535924476,0.06654453975170549,0.051104806076235576,0
2024-02-27,126.48953247070312,128.0225547410018,126.09822517480823,127.7483418353245,12126000,122.190873336792,115.19074279785156,122.09487693735186,62.78314575911116,3.327655653832579,3.364980209276725,-0.0373245554441457,129.05928538525552,115.32246128832847,11.242103212622556,0.020144273777920225,-0.009853900734294596,-0.006644226656366881,0.056809776438098814,0
2024-02-28,125.82500457763672,126.71301014415646,125.19559240247396,126.17435208428827,10967000,122.58735237121581,115.5576432800293,122.45012718880756,61.08392939582158,3.2301639569637928,3.338016958814139,-0.10785300185034608,129.33253630882885,115.84216843360278,11.00469796784165,0.020075548874082076,-0.005253619648094787,-0.005361127187047732,0.05048690994594418,1
2024-02-29,126.90522003173828,127.67709892837384,125.61615443019444,127.18040076224467,27536000,123.1752384185791,115.9009796142578,122.87442174527715,62.84433407194374,3.2031416214882142,3.311041891348954,-0.10790026986073986,129.2393607107661,117.11111612639209,9.846333354078295,0.01908040084905488,0.00858506190981334,-0.006599944386819212,-0.003379722229828297,1
2024-03-01,136.53469848632812,137.37292698190691,128.8090742443428,129.38774151539135,44488000,124.1469669342041,116.40337448120117,124.1754004825201,74.09438522093076,3.9136307610516923,3.4315596652895017,0.48207109576219054,131.97704967357947,116.31688419482872,12.614215123797903,0.02472954844137788,0.07587929363489976,0.07941499837507582,0.07929834024766147,1
2024-03-04,136.8362274169922,140.3404232696034,135.17049107794395,136.92308037190116,34854000,125.01506271362305,116.91603454589844,125.38119352389839,74.35621705325788,4.449735605480001,3.6351948533276017,0.8145407521523991,134.29582559979426,115.73429982745186,14.847431477006905,0.024586689670440472,0.0022084417661365485,0.08751219899667317,0.07113888531883705,0
2024-03-05,131.02906799316406,136.12776627000062,130.01616579245476,136.12776627000062,36040000,125.50126762390137,117.36953994750976,125.91908633049512,61.47034936005046,4.355802346017555,3.7793163518655923,0.5764859941519624,134.9705692289163,116.03196601888645,15.090368064476067,0.026855913003913413,-0.042438757143833716,0.032495495145073106,0.03588862598976217,1
2024-03-06,131.73654174804688,136.11117242798898,131.44964264069716,135.79403187954384,43196000,126.12262420654297,117.80419219970703,126.47312970359529,62.326911501009036,4.2890057916029605,3.881254239813066,0.4077515517898944,135.51577307287673,116.7294753402092,14.895263915459292,0.02641251204946626,0.0053993649326706805,-0.03514239817039411,0.04698221303669903,1
2024-03-07,137.29971313476562,138.01206202433391,133.97019195319592,134.8581972849422,62832000,126.854248046875,118.36047119140625,127.50423288751627,68.295614089412,4.631580501567925,4.031319492164037,0.6002610094038872,137.27958613031163,116.42890996343837,16.43671890212817,0.027229156205683745,0.04222952350881215,0.0033871565046954544,0.08190752989063599,0
2024-03-08,127.70834350585938,137.88426975869615,127.01161395665358,136.05459530566125,74025000,127.01994361877442,118.70558181762695,127.52367199402514,52.77193644488942,4.082074443518678,4.041470482434966,0.040603961083712115,137.3888206526805,116.65106658486836,16.326376376022065,0.03197272851681919,-0.06985717165695682,-0.025343418358725778,-0.06464550827240867,0
2024-03-11,126.18604278564452,126.76177670960024,122.2280916848748,124.70376542579696,31105000,127.06717300415039,119.03141006469727,127.39627873608413,50.79835104082558,3.4835932927960584,3.9298950445071847,-0.4463017517111263,137.41179297333957,116.72255303496122,16.282128144696017,0.03209226511082873,-0.01192013519574786,-0.042133328298673445,-0.07783161544561223,0
2024-03-12,126.0650405883789,127.6175834326556,122.88384504111028,127.5404833938358,42789000,127.19832305908203,119.36215637207032,127.2694941505884,50.63624772554776,2.965346138541534,3.736985263314055,-0.7716391247725207,137.42157578194912,116.97507033621493,16.074508652316936,0.03189685494700288,-0.0009589190261807268,-0.08182589963140996,-0.03788493256354486,0
2024-03-13,122.74626159667967,125.18679511835406,122.208578879652,125.18679511835406,37838000,127.22867088317871,119.63854949951173,126.83871009783519,46.2745621120922,2.2607730224682143,3.441742815144887,-1.1809697926766725,137.3951181492928,117.0622236170646,15.981377775216925,0.03240233760473323,-0.026325926491671425,-0.03885479815147741,-0.0682443916628811,1
2024-03-14,123.17562866210938,124.23538208119407,121.7548317075404,123.20197639016544,38029000,127.22891540527344,119.98377731323242,126.48984519919465,46.911690301622386,1.7172447570037974,3.096843203516669,-1.3795984465128717,137.39497248386783,117.06285832667905,15.980733697542822,0.0323593011568393,0.003498005233271595,-0.02385695008004185,-0.10287045872261114,0
2024-03-15,120.56333923339844,123.6732941168228,120.03346628088153,122.31592090016689,88823000,127.08463897705079,120.32906356811523,125.92541605959501,43.5294295926291,1.0634460218624042,2.6901637671858163,-1.626717745323412,137.53900088641737,116.63027706768422,16.45259725096193,0.032715474122272534,-0.021207843281050853,-0.043641768798888037,-0.055947826714494275,1
2024-03-18,120.73312377929688,123.23514515665929,120.1925152129138,122.36666040574552,25737000,127.04443435668945,120.69642288208007,125.43091203289995,43.81297562824071,0.5526355689673039,2.262658127542114,-1.71002255857481,137.5896127062532,116.49925600712568,16.600771852715976,0.03253061070536166,0.001408260147554019,-0.01640080757813689,-0.04321332919212517,1
2024-03-19,120.80827331542967,121.02880803256969,117.49143772121218,118.7531804030709,24491000,127.10034942626953,121.06475830078125,124.99066072647422,43.94713223712891,0.15212494272711297,1.8405514905791138,-1.6884265478520009,137.4998012298655,116.70089762267357,16.36415926555522,0.03232903548988298,0.0006224434006212309,-0.01921934860323493,-0.04169885043795263,1
2024-03-20,125.04570770263672,126.22070372464933,120.2036145541658,121.42173600683584,40946000,127.3637451171875,121.46793869018555,124.99590329563256,51.045093579410086,0.17462990242752596,1.5073671729487963,-1.3327372705212703,137.26280745888053,117.46468277549448,15.544552859347672,0.03321634776391894,0.03507569697766577,0.037178536176414756,0.018733329032150747,1
2024-03-21,132.1016082763672,137.5512790779936,128.96566811485286,130.1730009648668,72468000,127.602046585083,121.99732635498047,125.67263710332156,60.10439989192057,0.7531357724342485,1.3565208928458867,-0.6033851204116383,137.71409858664987,117.48999458351612,15.84935707880566,0.03260546142345164,0.056426571558215066,0.09416210018596205,0.0724654683009025,1
2024-03-22,132.6376495361328,134.86710303614822,131.92030783691797,132.29759559671305,38624000,127.9087688446045,122.54118209838867,126.33597162073215,60.69941525853147,1.2405594944728335,1.3333286131712763,-0.09276911869844273,138.2386889830743,117.57884870613469,16.152012456658937,0.03253962959029861,0.004057795107567319,0.09791859361996424,0.1001491031976125,0
2024-03-25,132.45240783691406,133.12466506116706,131.069642749361,131.81052084249086,21237000,128.14397163391112,123.04345138549805,126.91848935560662,60.36436570656152,1.5935296312380558,1.385368816784632,0.20816081445342371,138.66108877729752,117.6268544905247,16.41453282473919,0.032509924788107644,-0.0013965996824173432,0.05923194222620376,0.09706767861850674,0
2024-03-26,130.483642578125,135.23165719122574,130.38759727146925,133.73717547192084,23522000,128.34367713928222,123.49131759643555,127.25802775775124,56.77730153283642,1.6948608045696574,1.4472672143416372,0.2475935902280202,138.87921709168612,117.80813718687833,16.417700018007782,0.032627665546875094,-0.014863944649561645,-0.012247887965582294,0.08008863132604338,0
2024-03-27,129.23316955566406,132.2975722450251,127.00763422395252,132.2975722450251,25583000,128.5140853881836,123.89996627807618,127.44613650040961,54.55964092937531,1.6551838382420385,1.4888505391217177,0.1663332991203208,138.99124832767856,118.03692244868861,16.30508112452911,0.03269303343067671,-0.009583369974609957,-0.025667523454879326,0.03348744974905715,1
2024-03-28,129.8878173828125,130.34645131209237,128.52760164993737,129.15184383348915,19856000,128.6632152557373,124.34374237060547,127.67867753682893,55.538725769137166,1.6574580207693543,1.522572035451245,0.13488598531810925,139.1294334248144,118.19699708666018,16.269169316613066,0.03266428686651796,0.005065633145107329,-0.01936235434284661,-0.016758243313156784,1
2024-04-01,132.3230743408203,133.56961477980906,129.8878180337213,129.91427049451363,17252000,128.4526340484619,124.7576889038086,128.12100104197097,59.07157684033775,1.8346168895333221,1.5849810062676606,0.24963588326566155,138.43517926688833,118.47008883003548,15.54276452542073,0.027997337433752392,0.01874892508841297,0.014097029530686145,-0.0023716885545894684,0
2024-04-02,131.1960906982422,131.54985681986378,127.73185038223612,128.94505972983626,24694000,128.1706272125244,125.01776901245117,128.4138667235206,56.82141890179997,1.8626074290198602,1.6405062908181005,0.2221011382017597,137.4862850497326,118.85496937531623,14.536338067163474,0.02803150185138684,-0.008516909452053634,0.015188988626736677,-0.009485045679341275,1
2024-04-03,133.59213256835938,134.92589567856345,129.87407443983668,130.14161958886712,28650000,128.29878044128418,125.30761932373046,128.90703489921955,60.285184256967234,2.0544482865867906,1.7232946899718387,0.3311535966149519,137.83608589225705,118.76147499031131,14.867336101199506,0.026643297300371183,0.018263058429295764,0.028519342769686595,0.023822832723061182,0
2024-04-04,129.1126708984375,137.58755311275172,128.86767531798506,135.75890873204315,27014000,128.1675868988037,125.49654190063477,128.92661928009744,51.90247721208896,1.824002463016285,1.743436244580728,0.08056621843555689,137.583540979915,118.75163281769241,14.693190858849167,0.02772865507396504,-0.03353087928010823,-0.024261856508214774,-0.0009324127671004323,1
2024-04-05,131.26171875,133.39808722751968,128.78922913607084,129.9456156402952,19438000,127.86568717956543,125.67465759277344,129.14900970580246,55.126295567676394,1.7941014046396333,1.7535692765925093,0.04053212804712403,136.44072082149947,119.29065353763137,13.41256412268271,0.026194628710835024,0.016644747851688235,0.000500228714198192,0.01057759992331131,0
2024-04-08,130.93539428710938,131.56258216260014,128.94112734858084,130.69530348461836,17139000,128.02703971862792,125.89283264160156,129.31914157068883,54.52862668631736,1.7241974683630588,1.7476949149466192,-0.023497446583560455,136.70498488622047,119.34909455103536,13.556425559263968,0.020767633744840645,-0.0024860596524119982,-0.019886936679377798,-0.010487060254787739,0
2024-04-09,130.73745727539062,133.22660524159485,128.24437658070875,133.01983045304576,17986000,128.25461044311524,126.15607467651367,129.4542192568509,54.14516359770103,1.6339906060336205,1.7249540531640195,-0.09096344713039906,136.9661543543929,119.54306653183758,13.584765305792246,0.02054413824319647,-0.001511715092748167,0.0125842519223478,-0.0034957857388178137,0
2024-04-10,129.58987426757812,130.90108762094863,128.91467124138163,129.65161660037623,17467000,128.43085212707518,126.37120819091797,129.46713878168208,51.86776864396651,1.4531496550835357,1.6705931735479227,-0.21744351846438703,137.10059811296708,119.76110614118329,13.50103318992801,0.020676801874158088,-0.008777767532951009,-0.012736725515578917,-0.029958787421357158,1
2024-04-11,135.47860717773438,136.4007647088454,129.715335693387,130.6002594076295,31713000,129.06746940612794,126.72287185668945,130.0396595813061,60.94541300870744,1.7646615107894377,1.689406840996226,0.07525466979321171,137.84326712320757,120.29167168904831,13.598775520213252,0.021777035765343296,0.045441304295096074,0.034698126624668424,0.04930527914107241,0
2024-04-12,131.71644592285156,133.91552888635286,130.98636407622809,132.49455789587506,27823000,129.49451026916503,127.05425079345703,130.19935351859615,53.945500261186645,1.688497975573597,1.6892250679117002,-0.0007270923381033079,137.90556417595587,121.0834563623742,12.990595337683061,0.022991763239516294,-0.027769411962932478,0.007488203211714284,0.003464278673035226,0
2024-04-15,128.44528198242188,134.25755593476774,127.98567609141428,134.25755593476774,24370000,129.88860740661622,127.28115386962891,130.03229908657957,48.70715682173061,1.3486359971728064,1.6211072537639217,-0.2724712565911154,137.2636728567305,122.51354195650192,11.355985097332896,0.023211043826076305,-0.02483489375613479,-0.00883242067812251,-0.01901786998271293,1
2024-04-16,130.24549865722656,130.9569635841039,128.47565133350503,128.90487198255371,18923000,130.3642261505127,127.49657760620117,130.05260380759358,51.49842605913684,1.2106003243683006,1.5390058678847975,-0.328405543516497,136.4262089794406,124.30224332158481,9.300071051592013,0.023324330181191406,0.014015436355623079,-0.03862682551528229,-0.0037629507902068315,0
2024-04-17,125.69544219970705,132.0035833892363,125.57686221456292,131.62237789601073,24718000,130.60858459472655,127.58438705444335,129.63763603541392,44.85446169794514,0.7256892356809601,1.37634254144403,-0.6506533057630699,135.36306179204024,125.85410739741285,7.280497238472737,0.024901499527688175,-0.03493446226110375,-0.04571185990450366,-0.03005197813395377,0
2024-04-18,123.37876892089844,126.67738605052617,123.03283087187909,126.2216979610574,24888000,130.52523765563964,127.66577423095703,129.0415534530791,41.89108007412469,0.152697332152826,1.1316134995857892,-0.9789161674329632,135.7061829017267,125.3442924095526,7.9386107072346626,0.024052010652114424,-0.018430845528414896,-0.03944491368874725,-0.08931179991363625,0
2024-04-19,118.0594253540039,123.47774577867844,117.35873425794688,123.37876961928792,44797000,129.8231285095215,127.57361801147461,127.99563649126242,36.00853431453313,-0.7223031882799518,0.760830162012641,-1.4831333502925927,137.2697835325399,122.3764734865031,11.472000572644097,0.021874709024297202,-0.04311392967703309,-0.09356233749999565,-0.1036850066304309,1
2024-04-22,119.9948959350586,120.85140088984916,117.65078025949316,119.99881371045696,25162000,129.19099082946778,127.48562728881836,127.23366120019539,39.345997162137365,-1.2452170176143085,0.35962072608725115,-1.6048377437015597,137.65200756691544,120.72997409202011,13.098462490493961,0.02232402097668724,0.01639403694581043,-0.04535205226925676,-0.06578977380048678,1
2024-04-23,122.41838073730467,123.2719472860438,120.34376183486977,120.35846096800124,22025000,128.6892894744873,127.42916580200195,126.77506306087245,43.33142614676245,-1.4473904094479337,-0.0017815010197858028,-1.4456089084281478,137.49998005728582,119.8785988916888,13.692966398023723,0.0230069011862385,0.020196565723576088,-0.007784063595329682,-0.060095112695763064,1
2024-04-24,123.16610717773438,125.98845288058338,122.00385136004112,123.85993467081012,20108000,128.32341270446778,127.42364715576171,126.43135297676406,44.54220636244883,-1.5296461951585343,-0.3073544398475355,-1.2222917553109989,137.40911428590778,119.23771112302781,14.160629599782537,0.022948148050780933,0.0061079589186385785,0.04325518109560478,-0.02012272662961012,1
2024-04-25,126.85083770751952,128.18458585940445,123.1837405734562,124.69781852148944,30410000,128.20429611206055,127.51787780761718,126.47130390350267,50.19009849624019,-1.2827211280810502,-0.5024277774942385,-0.7802933505868117,137.30162440641718,119.1069678177039,14.191924249410274,0.023994200189693206,0.029916757249361714,0.05713527828859788,0.028141541830808192,1
2024-04-26,131.71644592285156,132.86889979634148,127.70440512782322,128.37764933109474,24100000,128.2957275390625,127.68879196166992,126.97084123867876,56.49120662552382,-0.6865037264060305,-0.5392429672765969,-0.1472607591294336,137.49508261193586,119.09637246618917,14.340859589532934,0.02551835447802193,0.03835692616039865,0.07595317900421694,0.11567920585668423,0
2024-04-29,131.18235778808594,132.58961656938865,129.9162286250803,131.71743313577858,13372000,128.2386917114258,127.84346176147461,127.37193805290802,55.658875464633816,-0.25416374750911075,-0.4822271233230997,0.22806337581398894,137.3511965153122,119.12618690753936,14.211786914345945,0.025191347868527746,-0.004054832568732181,0.06508487435414145,0.09323281432805297,0
2024-04-30,127.42414093017578,132.1359090765106,127.30458896116949,130.22787759518042,22113000,128.05009422302246,127.96120025634765,127.37690975550495,50.068586890332874,-0.21234016584185156,-0.4282497318268501,0.21590956598499855,137.0655767165958,119.0346117294491,14.081180569646849,0.02593528679385508,-0.02864879791214947,0.00451950679252211,0.04089059308514198,0
2024-05-01,121.79805755615234,126.64994537339436,121.65007930298006,125.27405117169532,30958000,127.46039047241212,128.00336196899414,126.84559049842375,43.09113648025806,-0.6259569431945238,-0.46779117410038484,-0.15816576909413893,136.49159621863078,118.42918472619347,14.170999653689892,0.027202183566856917,-0.044152413608237295,-0.07530106280356652,-0.01110735455499845,0
2024-05-02,121.3776626586914,123.91385418669884,119.88220880163972,123.11320737976222,29480000,127.07364006042481,128.03535934448243,126.3248354660683,42.613263826326026,-0.9764180347276294,-0.5695165462258338,-0.40690148850179564,136.4447810323535,117.70249908849613,14.749150126607862,0.026315659315128862,-0.003451573086599713,-0.07474095827148641,-0.04314654240950011,1
2024-05-03,125.25247955322266,125.81793259049792,122.21747510491386,123.37973833132853,24898000,126.77317810058594,127.99369735717774,126.22270633151156,48.303895550450214,-0.9307663395305212,-0.6417665048867713,-0.2889998346437499,135.97168330823263,117.57467289293925,14.511752951950607,0.027118006751738054,0.031923640723145796,-0.017042778245160983,-0.04907486171783704,1
2024-05-06,128.40805053710938,128.4531199079158,124.95459130738936,126.047261865972,16287000,126.64681091308594,128.03179428100586,126.4308343510923,52.44009424691747,-0.6326658578036017,-0.6399463754701376,0.007280517666535813,135.68109983091816,117.61252199525373,14.26690313431135,0.027789411557155082,0.025193680757001236,0.05427010178639047,-0.021148478330129006,0
2024-05-07,127.7024383544922,129.25864725110094,127.08014021724676,129.00874705719366,12413000,126.49505996704102,128.03087600708008,126.55193949427324,51.44882454561684,-0.44818963332258477,-0.6015950270406271,0.1534053937180423,135.3495760565338,117.64054387754823,13.999781638587125,0.027810505576842788,-0.005495077447759011,0.052108234392235664,0.0021840243323194564,1
2024-05-08,129.88388061523438,131.11277592561467,126.26970342518077,126.76068135977746,13918000,126.50976028442383,128.0987629699707,126.86926722007907,54.32346700397743,-0.1245312186036216,-0.506182265353226,0.3816510467496044,135.38572990739598,117.63379066145168,14.032070890051285,0.028020722514949865,0.017082228725239013,0.03697652197011969,0.06638712653815704,0
2024-05-09,127.9533233642578,129.51540907978008,127.59366562925108,129.14498493993364,12170000,126.13349609375,128.14132934570313,126.97251066238181,51.421752966292495,-0.023538096396265473,-0.4096534315618339,0.38611533516556845,134.0420528354794,118.2249393520206,12.539978652223024,0.026108065937209206,-0.014863717051199155,-0.003541266851646241,0.05417521281536675,1
2024-05-10,130.61199951171875,131.70957456453263,128.89801793537498,128.89801793537498,16300000,126.07827377319336,128.21546493530275,127.31912864803294,54.98763065400252,0.26794393528895455,-0.27413395819167624,0.5420778934806307,133.84426402122364,118.31228352516308,12.319315637206122,0.025893732917263546,0.02077848450948183,0.02278391230987964,0.04278973140981779,1
2024-05-13,131.07359313964844,133.1197932576606,130.34840100054163,132.10159041756617,18507000,126.20968933105469,128.10624282836915,127.67669669485346,55.597048948002254,0.5300818400021114,-0.11329079855291871,0.6433726385550301,134.21666265929642,118.20271600281295,12.688365482366445,0.025236164936124645,0.0035340828534538016,0.009159816589854097,0.020758376062790074,1
2024-05-14,135.24049377441406,135.4325694544279,129.9260460649335,130.56694630980644,19420000,126.45943908691406,128.07432815551758,128.39705832147828,60.76160369108833,1.0618220514253096,0.12173177144272695,0.9400902799825827,135.229596241285,117.68928193254311,13.87030848419836,0.02600807569820039,0.03179054251092461,0.05695178693726555,0.05902828103404567,1
2024-05-15,140.74209594726562,141.01453085605556,134.25559108752438,135.23753209172378,32757000,127.21177177429199,128.26858871459962,129.5727761906009,66.32994226149656,1.9052013413840712,0.47842568543099584,1.4267756559530753,137.95112733092347,116.4724162176605,16.884216620590745,0.02582010347340274,0.04068013964832473,0.07755869654715752,0.08359940648984332,0
2024-05-16,138.38621520996094,141.6466117173975,137.69336712029047,139.74545892953952,28395000,127.96214408874512,128.4015821838379,130.41215133530184,62.25573999665762,2.3563233890438653,0.8540052261535698,1.5023181628902955,139.58611838220986,116.33816979528038,18.167832957539705,0.025738536394608418,-0.01673899142575941,0.05579020071969398,0.08153670081708442,0
2024-05-17,136.7359161376953,139.1113885726239,135.41194752786788,138.41462280185905,18174000,128.89596862792968,128.39030624389648,131.0144146498155,59.498752088520426,2.551266111342528,1.1934574031913616,1.3578087081511665,140.18364831955384,117.60828893630551,17.514402989913687,0.023444219778245904,-0.011925314018898292,0.011057504461464474,0.046886324754771946,1
2024-05-20,138.57241821289062,138.85759338231065,136.52718992794215,136.80551646710708,27170000,129.8248447418213,128.6075877380371,131.7342245129655,61.53992162401147,2.821426345793327,1.5190511917117546,1.3023751540815725,141.087232844625,118.5624566390176,17.35012758952397,0.023395241349604846,0.013431014521056328,-0.015415982828534514,0.057210799625007525,0
2024-05-21,137.11911010742188,138.1177092358523,136.5565952901341,137.06814911807325,15333000,130.55988121032715,128.82624908447266,132.2470707600566,59.00563843620907,2.8850039302311643,1.7922417394156365,1.0927621908155278,141.7111318564547,119.40863056419961,17.082200968248877,0.023523391103686796,-0.01048771555127237,-0.009156295665840641,0.013890930745501517,0
2024-05-22,136.43702697753906,137.6874850945575,135.65107941905717,136.80647915271814,21002000,131.2234272003174,129.03368881225586,132.64611420934065,57.80251758381965,2.847526700495422,2.0032987316315936,0.8442279688638283,142.11212810695608,120.3347262936787,16.595666092483146,0.02364963501482915,-0.004974384163873746,-0.0021858862587007533,-0.03058835340451105,1
2024-05-23,136.5399169921875,140.03943213459036,135.04153253842605,139.98358141071904,31039000,131.70788116455077,129.309561920166,133.0169525696118,57.94182900634722,2.7939215022927044,2.161423285763816,0.6324982165288886,142.63738846485003,120.7783738642515,16.596588151994272,0.022946714236144437,0.0007541209078483213,-0.01466742983138658,-0.013341633882913984,1
2024-05-24,137.9657745361328,138.52828919582748,136.41544238429523,137.17689624949202,16730000,132.02034759521484,129.60536483764648,133.4882689473757,59.916754243092434,2.833827188092016,2.295904066229456,0.5379231218625602,143.28515207488195,120.75554311554772,17.065254992671164,0.021549324088028884,0.01044278900526141,0.0061746639695052785,0.008994406394286392,1
2024-05-28,138.41757202148438,138.8811106298134,136.4664302203944,138.17748118322086,22919000,132.38210830688476,129.9624494934082,133.9577263830051,60.548892152072064,2.8688388246512204,2.410491017913809,0.4583478067374114,143.9759337068008,120.78828290696873,17.515698379783352,0.021493502995532557,0.0032747069834573317,0.014516184409906208,-0.0011174387616470494,0
2024-05-29,136.2831573486328,137.10928444292566,135.53151283360535,137.10928444292566,26861000,132.8250591278076,130.27345016479492,134.17919599877916,56.05154690226095,2.6933095765467385,2.4670547296403953,0.22625484690634323,144.30370514152526,121.34641311408997,17.28385605712037,0.02065862595604232,-0.015420113513624378,-0.0018804731188563073,-0.006096544516181246,0
2024-05-30,133.67738342285156,135.5099448969204,132.85026944009184,135.13950585555747,21717000,133.41902542114258,130.53083236694337,134.1314043248813,51.06483184720994,2.3172256692624273,2.437088917564802,-0.11986324830237471,143.7231250463544,123.11492579593076,15.446222295038522,0.018230898788192722,-0.01912029319305608,-0.0310830068377439,-0.020226500209080345,0
2024-05-31,130.1955108642578,133.52745880110322,128.10913123631863,133.41083770741247,73091000,133.8599178314209,130.63382843017578,133.75655732863143,45.26932066437005,1.7184096897157985,2.2933530719950017,-0.5749433822792032,142.7186000359492,125.00123562689255,13.235750250025827,0.01943109498027553,-0.02604683357378268,-0.05940041453660505,-0.046465577742314745,0
2024-06-03,129.5438232421875,132.59156786666512,127.6456015734108,132.562169602871,26278000,134.07448501586913,130.58267272949217,133.3553445584939,44.25689745727701,1.1776823776014282,2.070218933116287,-0.8925365555148588,142.27205964817972,125.87691038355852,12.228388766647628,0.018330466605942793,-0.005005453857389597,-0.04945096839226493,-0.06104377206782996,1
2024-06-04,130.41798400878906,130.53264622585036,128.08464976094552,129.39683532061744,23048000,134.17498168945312,130.5382794189453,133.07559593471248,46.001421517473965,0.8103483637067939,1.8182448192343885,-1.0078964555275947,142.13815539779557,126.21180798111067,11.86983386630624,0.01754085559240744,0.006747992646220391,-0.024382579390803016,-0.05779315368610616,1
2024-06-05,138.4803009033203,138.6037706371312,131.37052574083253,131.90560112958815,32947000,134.71387481689453,130.65883728027345,133.59032974124656,58.80617412864049,1.1564641066441652,1.685888676716344,-0.5294245700721787,142.30195122400139,127.12579840978768,11.265471232893717,0.022108197896867802,0.06181905782248487,0.06363345390380037,0.016121900882196893,0
2024-06-06,137.3219451904297,139.42106509039905,136.04503466585973,139.3407058436336,20172000,135.0857780456543,130.79560333251953,133.9457216887878,56.724899619796986,1.3220538870437792,1.613121718781831,-0.29106783173805173,142.41519090964908,127.75636518165953,10.851494465268859,0.022065308775084794,-0.0083647688901205,0.06004239919413723,0.02726386224997812,1
2024-06-07,137.8482208251953,139.64746675075793,136.90547242402,137.95993724344837,17859000,135.58052291870118,130.96790435791016,134.31738827320757,57.461521131794036,1.4787054307336973,1.5862384611722045,-0.10753303043850715,142.2207818774226,128.94026395997975,9.795299229968546,0.02166030999773018,0.003832421933987362,0.05697248637048036,0.05877860081455677,1
2024-06-10,141.16351318359375,142.00433970563947,138.0922458998845,138.1579060325237,31042000,136.10809860229492,131.19341827392577,134.96940016943483,61.865249067436814,1.8490545442007829,1.6388016777779204,0.21025286642286245,142.76215042968803,129.4540467749018,9.777598681818517,0.02180596293779817,0.02405030938050734,0.01937612976553771,0.08969698168999352,1
2024-06-11,143.17831420898438,143.5683571131692,138.787998815963,140.94102547879248,34844000,136.7133346557617,131.41052307128905,135.75120150653478,64.28507058587667,2.2788671274987564,1.7668147677220878,0.5120523597766686,143.62271260853728,129.80395670298614,10.107833255875278,0.02192283932886512,0.01427281724541829,0.04264700016034162,0.09784179917499247,1
2024-06-12,146.5572967529297,147.56570514388423,144.68455540211698,146.99731373636945,56697000,137.2791748046875,131.7177471923828,136.78035343476287,67.95730142082269,2.8591933472349638,1.9852904836246632,0.8739028636103006,145.36655196291983,129.19179764645517,11.782380204045602,0.021460795254934006,0.02359982070338762,0.0631787329252389,0.05832595536637597,1
2024-06-13,164.5380096435547,170.11019217297846,161.94399402488654,167.5769319727514,89061000,138.46897048950194,132.33666473388672,139.4239397403621,79.83761186440287,4.715640350015661,2.531360456902863,2.1842798931127985,152.82005633690983,124.11788464209404,20.72823362039212,0.033337338685454805,0.122687258082669,0.16558454754211627,0.19819166132101773,1
2024-06-14,170.0308074951172,171.22638682082834,164.84279113173946,165.30926056498305,69705000,140.05120010375975,133.15502746582033,142.33887952652927,82.02955340905105,6.554554037218992,3.3359991729660887,3.218554864252903,159.93004323250545,120.17235697501404,28.387965421243184,0.0332365007223164,0.03338315483128662,0.1875458126077576,0.23346392486800727,1
2024-06-17,179.22598266601562,180.61070684548417,174.29766074265194,176.39678075890885,87528000,142.1757034301758,134.11431274414062,145.85193696838513,84.97444092965547,8.654120853792193,4.39962350913131,4.254497344660884,168.28793893015447,116.0634679301971,36.73234578058932,0.034121455649573876,0.054079465400189264,0.22290726314473241,0.2696339062695243,0
2024-06-18,176.6437530517578,181.45546931376424,174.92781220915623,180.2765478386768,86797000,144.07927017211915,135.0284799194336,148.7844908810873,80.96198282158021,9.994468323715978,5.518592472048243,4.475875851667735,174.1186964901094,114.03984385412893,41.698470962692554,0.03471489209082999,-0.014407674466875409,0.07357414517428706,0.23373259440621008,0
2024-06-20,169.98377990722656,176.86228691377855,168.77448825785663,176.73585641464507,68157000,145.72250366210938,135.81340637207032,150.80347078833864,71.57462102485059,10.399421123964714,6.494758202431537,3.904662921533177,177.59861113465809,113.84639618956066,43.74905271523564,0.036176565589229465,-0.03770285124422057,-0.0002765827474645599,0.15984521871872315,0
2024-06-21,162.5427703857422,167.9689185943633,161.83619518800367,166.17163186064232,99289000,147.02779083251954,136.4724642944336,151.92149932142468,62.81173300225129,10.004595109637023,7.1967255838726345,2.8078695257643886,179.41006049187814,114.64552117316094,44.04918209815923,0.038090348789881816,-0.04377482090082663,-0.09308478621295835,-0.012126312103415304,0
2024-06-24,156.52915954589844,163.29187413807247,156.37678121820153,161.4289073242305,58575000,148.0272529602051,136.8934753417969,152.3603241047079,56.7632860370934,9.101527765208829,7.577686020139874,1.523841745068955,180.28669796566166,115.76780795474852,43.58581863858412,0.03945514263366326,-0.03699709821342656,-0.11387095868578867,-0.07940706833146383,0
2024-06-25,155.406494140625,157.88881521757884,153.7558786564692,157.30780336741915,53329000,148.8992889404297,137.36727630615235,152.6504355367,55.68522638060778,8.200717901601337,7.702292396432167,0.4984255051691697,180.9660002704211,116.83257761043829,43.07167825740304,0.039583978308082815,-0.007172244510418202,-0.08575692206960883,-0.13290198313364987,1
2024-06-26,156.50852966308594,159.0822655064024,154.6986506205337,157.0610248974479,46479000,149.80383682250977,137.92854125976564,153.01787307254628,56.55743556573068,7.489411378895994,7.659716192924933,-0.17030481402893916,181.6567484476404,117.95092519737912,42.526162614740684,0.03957586239341316,0.007091309333982609,-0.037124017932855136,-0.11398774675474721,0
2024-06-27,155.9835662841797,157.8475083491552,154.44404698381294,156.50853503020306,31649000,150.78885726928712,138.44330261230468,153.3003200450828,55.992086253096474,6.80489310576516,7.488751575492979,-0.6838584697278192,182.12259267432506,119.45512186424918,41.55974913859903,0.03930913392498342,-0.00335421577364714,-0.003485569483037909,-0.08236205613669656,1
2024-06-28,157.83863830566406,161.15167430901306,155.9186684106431,156.8899564756845,69377000,151.99692001342774,139.08616653442382,153.73254083180484,57.604810767495145,6.339023929319353,7.258806046258255,-0.9197821169389018,182.44925468830166,121.54458533855382,40.06967334888588,0.03881311812856036,0.011892740149976433,0.015650209333197163,-0.028940887797804904,1
2024-07-01,161.30604553222656,162.08760336625176,156.6560156828897,158.10116488567505,47623000,153.55244674682618,139.8447120666504,154.45382699374977,60.517304248869024,6.178389408247796,7.042722718656163,-0.8643333104083677,182.53412559544208,124.57076789821029,37.74824753707798,0.038005744848993675,0.02196805081305664,0.03065338278666463,0.03051754701926579,1
2024-07-02,162.9458465576172,163.11493582591444,159.4578253685634,161.30604667519648,32539000,155.22254791259766,140.74244049072266,155.26259076173713,61.852026329516725,6.1129374931003895,6.856765673545009,-0.7438281804446198,182.26224370881997,128.18285211637536,34.839907165353004,0.03781129970253458,0.010165775374259,0.04463470376586476,0.04851375393727064,1
2024-07-03,169.99855041503906,169.99855041503906,163.63203673627353,164.17667156462377,39954000,157.20157623291016,141.74251358032225,156.66601549062304,67.01654006374687,6.554603251988908,6.79633318923379,-0.241729937244882,182.42243482814146,131.98071763767885,32.08728461839853,0.03841225320525672,0.043282501557522446,0.07704014834331363,0.08619351789319674,0
2024-07-05,167.4513702392578,173.5622856248351,166.73274079869375,172.5880421553976,45240000,158.65012969970704,142.64317337036132,157.69319213335015,63.66424485909945,6.622747484936241,6.761616048374281,-0.13886856343803977,182.70450362914505,134.59575577026902,30.323799892213305,0.03720191700200895,-0.014983540562919506,0.03809729937123474,0.07351930865707623,1
2024-07-08,171.63441467285156,172.71975408056818,167.61749480058327,167.61749480058327,36398000,160.36575317382812,143.61253952026368,159.02092761330266,66.6174727470528,6.934354089669569,6.796163656633339,0.1381904330362298,182.9396205845714,137.79188576308485,28.152977757382374,0.03707417669028663,0.024980652159590777,0.05332181395714275,0.0874043042646575,0
2024-07-09,170.400634765625,174.10396263868222,167.67255531792907,172.68633997949223,37802000,161.9933738708496,144.4835354614258,160.10470924685717,64.9409430131876,7.001045151038909,6.837139955514454,0.16390519552445504,182.43144644245623,141.55530129924298,25.233220449993254,0.03728085921725206,-0.007188417949734904,0.0023652222304499926,0.056380957101706874,1
2024-07-10,171.51937866210938,173.66253084945214,169.7173751287402,171.6481757047185,41074000,163.51116714477538,145.27959411621094,161.19182061973834,65.78186765338152,7.0627565196257365,6.882263268336711,0.18049325128902538,181.94679458078326,145.0755397087675,22.549686064786854,0.03717081827093057,0.006565373996541446,0.02429367055664655,0.05261583701343753,0
2024-07-11,167.7108917236328,173.50327884136524,164.02921016139518,173.4826377113185,51026000,164.7377960205078,146.01016479492188,161.81268453439498,60.464870253587804,6.726807704826712,6.851172155634711,-0.12436445080799974,180.69700781088503,148.77858423013058,19.375288702284813,0.03786031108962058,-0.02220441193399625,-0.022859768285383164,-0.013456930578649606,0
2024-07-12,167.1918182373047,169.67314908252905,166.27163786026208,168.21029899599057,30453000,165.76952209472657,146.80551834106444,162.32498298229115,59.755941807420946,6.345533595122362,6.750044443532242,-0.4045108484098803,179.39071662698584,152.1483275624673,16.433894916431786,0.03777396114247787,-0.0030950493494691367,-0.01883101276432353,-0.0015500142016292573,1
2024-07-15,168.52195739746094,170.57662008312803,166.39847093723122,167.1259658358718,22999200,165.96871948242188,147.73999633789063,162.91517102183113,61.017259707410894,6.08060875733085,6.6161573062919645,-0.5355485489611143,179.6285173405258,152.30892162431795,16.46068958138906,0.026287499704777745,0.007955767059535823,-0.017475700343768774,-0.01813422606021764,0
2024-07-16,166.51644897460938,169.88845383890944,163.58681836270804,169.48538174118295,22244900,165.7930015563965,148.642772064209,163.25814987447666,58.06244530570932,5.643768297895434,6.421679504612659,-0.7779112067172251,179.32911843240268,152.2568846803903,16.32893638324259,0.02533182218074229,-0.011900576363005011,-0.007122034453145298,-0.022794432640219187,0
2024-07-17,153.34295654296875,160.0869801632499,152.979216661381,159.56594168390856,43343400,164.49885025024415,149.20458160400392,162.3138457476664,43.247510626271186,4.186321039712396,5.974607811632607,-1.7882867719202107,177.5923172295065,151.4053832709818,15.919220054540078,0.02757035811393035,-0.07911225895556617,-0.08283217348996996,-0.10597299419413075,1
2024-07-18,157.80621337890625,158.77946659352517,151.29812253566948,156.2037657617908,37973500,163.55697326660157,149.79254486083985,161.8845474268321,48.08105707390621,3.3527823253165536,5.450242714369397,-2.097460389052843,175.69570851268242,151.41823802052073,14.843433457642222,0.028682713504329497,0.029106370038501472,-0.06358663395584396,-0.05905805069028114,0
2024-07-19,154.68980407714844,161.1782136804507,154.4636817191532,159.1038853146595,26309500,162.79227447509766,150.33229217529296,161.1993337744813,45.18715847853649,2.412914130987957,4.842776997693108,-2.429862866705151,175.1403271788731,150.44422177132222,15.170317809724217,0.027882478658988685,-0.01974833078514493,-0.071023883648061,-0.07477647107355123,1
2024-07-22,158.33709716796875,160.2344761478724,155.23051692158248,157.5211274513078,28813300,162.58199081420898,150.90135650634767,160.92673981195628,49.052046379833705,1.9400047195311174,4.2622225420607105,-2.322217822529593,175.08218278123647,150.0817988471815,15.377093003261496,0.026917852634489568,0.023578109188122642,0.032568438339719785,-0.060436398833601745,1
2024-07-23,161.00128173828125,162.53490572246537,157.19669839201674,157.68824531006658,21570200,162.80559692382812,151.56231567382812,160.93383904303485,51.72945767777888,1.7599108760553293,3.7617602088596342,-2.001849332804305,175.02145446259794,150.5897393850583,15.006680076834533,0.02579219053058067,0.016826028883719202,0.020246784273971308,-0.03312085544875565,0
2024-07-24,148.7814178466797,158.6811799959973,148.54548492607918,157.63910292782103,37162600,162.47434310913087,151.92570404052734,159.77646559576291,41.06873948131114,0.6239517893747006,3.134198524962648,-2.5102467355879474,175.78503183687212,149.16365438138962,16.384973126250117,0.031077781991726502,-0.07589917148278236,-0.03819505923947042,-0.02974729846825963,0
2024-07-25,146.736572265625,150.95405298409875,143.0598111273686,148.70275982647078,30872100,161.98574523925782,152.23896362304689,158.53457099289264,39.598114701722146,-0.43627679257463114,2.4201034614551924,-2.8563802540298235,176.77211812455252,147.19937235396313,18.256387762336466,0.031116634420374777,-0.013743958154518454,-0.073264731448484,-0.0701470548989227,1
2024-07-26,149.06654357910156,150.98357382182238,147.3854462888242,150.9049245040667,20839900,161.6398941040039,152.51548461914064,157.6328540963411,42.140491891591985,-1.0761017386954848,1.720862421425057,-2.7969641601205417,177.2710903134228,146.008697894585,19.340765218964233,0.03139279380111126,0.015878599843935248,-0.0741282182994073,-0.03635184963607807,0
2024-07-29,147.68035888671875,152.37954627500477,146.62844127010337,149.449930811367,16625800,161.13198013305663,152.6542498779297,156.6849974097104,41.033899977252645,-1.6757046578270547,1.0415490055746346,-2.7172536634016895,177.84682994086108,144.41713032525217,20.746781357744094,0.031264256004111944,-0.009299099979783398,-0.00740051396133079,-0.06730411553487692,0
2024-07-30,141.0936279296875,150.87540834722188,140.92650378194597,150.68861812303396,31102300,160.1213592529297,152.70839813232422,155.20010507827968,36.1731061172885,-2.6518199026325533,0.302875223933197,-2.9546951265657504,178.97876729053343,141.26395121532596,23.553894527982784,0.032018219070165506,-0.044601265914336885,-0.038456291085514405,-0.12364903927258808,1
2024-07-31,157.96351623535156,158.60253625297966,148.44717474979876,148.9092300699467,45827500,159.87224273681642,153.13295013427734,155.46328709323893,51.891637018786774,-2.04061631332317,-0.16582308351807645,-1.8747932298050936,178.70543984546245,141.03904562817038,23.56030888945427,0.042564277376524774,0.11956520328523257,0.059684570679864546,0.061715357479212196,0
2024-08-01,144.5344696044922,156.22345549375785,143.69883378785508,154.83728949239048,40320000,158.59903869628906,153.25219116210937,154.4224473324059,42.84605110913416,-2.6097611946641734,-0.6546107057472959,-1.9551504889168776,177.95740006058782,139.2406773319903,24.411700756105166,0.04517421443158582,-0.08501359649940488,-0.021302015419935927,-0.015007183465799767,0
2024-08-02,141.3885498046875,142.89268203658247,137.23989299490057,139.53048822324303,33745800,157.29589767456054,153.3375799560547,153.1811237583375,41.041179501677455,-3.276888123395338,-1.1790661892769045,-2.0978219341184334,177.58187508382002,137.00992026530105,25.79339666089758,0.045261750375341823,-0.021765879159575285,0.002090256514964528,-0.051507156401863985,0
2024-08-05,139.67796325683594,142.96149281588387,126.3275481925026,127.41878286641617,41309300,155.69807510375978,153.40239868164062,151.89510847248022,40.0531847126333,-3.8986795087153894,-1.7229888531646016,-2.1756906555507878,176.24724638304343,135.14890382447612,26.3961789708567,0.04461801805431536,-0.01209848004109626,-0.11575807765175206,-0.05418727101023102,1
2024-08-06,141.4868621826172,146.39250579354206,137.87890962740332,139.33388429525573,24751300,154.25238647460938,153.50133758544922,150.90384692106468,41.652775715168126,-4.197108975969741,-2.2178128777256294,-1.9792960982441112,174.52717476527678,133.97759818394198,26.287811493930725,0.04489480275395955,0.012950496152747348,-0.021085678940217845,0.002787044735469202,0
2024-08-07,133.96620178222656,147.56239139005254,133.53363809247833,145.74366178565336,29749800,152.37472763061524,153.4213461303711,149.29073786022298,37.20749099347198,-4.9830296563173135,-2.7708562334439666,-2.212173422873347,172.85986085760987,131.8895944036206,26.88783572647876,0.04583012663342406,-0.053154478687100326,-0.052496104053079806,-0.15191681614234986,1
2024-08-08,143.27610778808594,143.79714634557146,136.06018729231644,138.8128531625633,27583200,151.1529884338379,153.51851684570312,148.7179159485909,45.028569968710414,-4.799322249782449,-3.1765494367116633,-1.6227728130707857,170.72816371933996,131.57781314833582,25.901142264309833,0.049147445508497575,0.06949443876145289,0.02576028778880346,-0.008706309435041137,1
2024-08-09,145.7534942626953,147.02169377718016,141.6736606326356,141.7621354822539,18438700,150.08107223510743,153.70792358398438,148.4355900737437,46.9230833194872,-4.403072542986763,-3.4218540579666836,-0.9812184850200794,168.32863550469636,131.8335089655185,24.31694150079561,0.04943677859408512,0.017290995078353077,0.030155676748072846,0.030871979831729623,1
2024-08-12,146.10740661621094,148.57498183815645,143.89544540179116,145.5765425251119,17778500,148.96034469604493,153.95652404785156,148.2138583158834,47.20301778900658,-4.014210704128658,-3.5403253871990787,-0.47388531692957914,165.18052345542782,132.74016593666204,21.777848047385127,0.049371916409559014,0.002428156904957346,0.09062886513511015,0.04603047760334755,1
2024-08-13,153.51992797851562,153.73620980974948,147.27727648764997,148.98786506173042,22053600,148.31051864624024,154.4230123901367,148.71919828375314,52.81607739602888,-3.0724886339092166,-3.4467580365411066,0.37426940263189,162.59056429953938,134.0304729929411,19.256955991585222,0.05093698426376974,0.05073337166113423,0.07149705801319595,0.08504723060694741,1
2024-08-14,155.02407836914062,157.5407963347942,152.10428830720687,155.3485011538913,20184200,148.39457473754882,154.93261749267577,149.31966305379004,53.88739971675813,-2.1796688766913235,-3.19334020457115,1.0136713278798264,162.81125718352325,133.9778922915744,19.43020150362212,0.04770636224367307,0.009797753362908779,0.06360454103238644,0.15718797955580932,1
2024-08-15,163.32139587402344,163.85225998442917,157.62927374144294,158.47473510306878,27945000,148.6703338623047,155.59068572998046,150.6531614176218,59.36797012422614,-0.7934324126502474,-2.7133586461869696,1.9199262335367222,163.97989851429548,133.3607692103139,20.595318856511334,0.04874790901712193,0.05352276621909913,0.11781736228492168,0.13990670458179744,0
2024-08-16,162.91830444335938,163.2820443462105,159.9296909146134,161.68943720311006,19296900,149.08175888061524,156.07944580078126,151.82127027721583,59.00109626381102,0.26953681015118036,-2.1167795549193396,2.38631636507052,165.42372377021653,132.73979399101395,21.92349354113529,0.048478930644648185,-0.0024680871021637296,0.061219260512934914,0.11776602864647256,1
2024-08-19,164.87466430664062,164.99263075987963,157.7079022559588,162.07284103564936,20441700,149.40863723754882,156.63050018310548,153.06445066097058,60.2839023204924,1.255338705312596,-1.4423559028729525,2.6976946081855484,166.7113345304116,132.10593994468604,23.161575679661343,0.048297949854372496,0.012008226270003863,0.06354229640407194,0.12844836634276025,0
2024-08-20,163.14442443847656,165.52350979958015,161.3748524754345,164.22583369389727,19417500,149.5157943725586,157.13642425537108,154.0244481635902,58.53936986083158,1.8753599304965007,-0.7788127361990618,2.6541726666955627,167.1281165279096,131.90347221720756,23.55914601432035,0.04827632231953885,-0.01049427378936818,-0.0010835777798726687,0.06269216372553177,0
2024-08-21,162.977294921875,163.65563206880424,160.12632879798096,162.32844938995822,16097700,150.22558822631837,157.57269989013673,154.87710023580777,58.363677906114916,2.326427653398895,-0.1577646582794705,2.484192311678365,168.78126660454063,131.6699098480961,24.70375200031529,0.04470868787222506,-0.0010244267750908476,0.00036208625370348635,0.05130310488797951,0
2024-08-22,159.59544372558594,169.5050310193637,158.75982299694877,167.95174101688292,30044500,150.8685317993164,157.90104248046876,155.3264662824533,54.780906752610264,2.383538991542679,0.35049607168495933,2.0330429198577193,169.78370788267404,131.95335571595876,25.07504495174433,0.04489448126464182,-0.020750443783658312,-0.03201959866457216,-0.022813619296466747,1
2024-08-23,163.54750061035156,165.43503908447633,160.69653432148883,162.239983932796,18848000,151.59257965087892,158.24084655761717,156.10942193272933,58.02380180823479,2.7163853015050847,0.8236739176489845,1.8927113838561003,171.2696912989867,131.91546800277115,25.960520882255047,0.045049910098458476,0.024762968118068107,0.002470670838199629,0.00386203483483305,0
2024-08-26,156.92144775390625,162.89866062736266,155.97768598488952,162.17118072225037,18521200,152.05463409423828,158.0885153198242,156.18675772522235,51.37180187320001,2.417632350089633,1.1424656041371142,1.2751667459525189,171.7765259499395,132.33274223853707,25.94053377350967,0.046121053878792805,-0.04051454673240007,-0.03715761248136862,-0.0482379544860978,1
2024-08-27,158.66152954101562,159.2907090592693,153.19552966353265,154.9356101283994,16683100,152.9330291748047,157.8611297607422,156.42245027910744,52.898932728659965,2.294825224731966,1.3729375282560845,0.9218876964758813,172.18317693940085,133.68288141020852,25.174611224881925,0.0446891338434337,0.011088871610707374,-0.005851759691687164,-0.02747807602307295,0
2024-08-28,155.5057830810547,159.53647399827534,153.60841908886368,157.37367045766857,18063600,152.81014251708984,157.38672576904298,156.33514864119763,49.84190197998185,1.9207165032185571,1.482493323248579,0.43822317996997806,171.96139409382417,133.65889094035552,25.06541942998647,0.036255113220156295,-0.01988980233009252,-0.049170531492597314,-0.0458438817775314,0
2024-08-29,154.2769317626953,160.4409352447623,152.78263970708565,155.81057097896377,23519300,153.297265625,156.93938934326172,156.13912798610218,48.66258648416363,1.5076948469703382,1.487533627992931,0.02016121897740719,172.07369294686487,134.52083830313512,24.496754388034926,0.03037998972614667,-0.007902286937578773,-0.016852482748937136,-0.033324961156381505,1
2024-08-30,160.06736755371094,160.48026522141944,156.0268507329918,158.39609580240332,25158500,154.23120651245117,156.7410610961914,156.51324604016017,54.16585978545336,1.6288357794270212,1.5157940582797491,0.11304172114727207,172.3934914506272,136.06892157427512,23.552023418438072,0.030656129888050707,0.03753273885380559,0.008860610488013121,-0.021279035409608404,0
2024-09-03,150.20689392089844,158.02250157011855,148.82074307441854,157.66858720486775,37179100,154.7576530456543,156.49434356689454,155.91264107642095,45.26690315367952,0.9185940460627364,1.3963540558363465,-0.4777600097736101,171.7764559084204,137.73885018288823,21.994134090086575,0.034060337307961173,-0.06160202284518612,-0.0340751903573534,-0.04278926768212066,1
2024-09-04,151.51441955566406,155.12237218968338,146.62844191484464,147.7590088442847,20324100,155.25903091430663,156.39404876708986,155.49376283634885,46.52157224483608,0.4559725785812816,1.2082777603853336,-0.752305181804052,171.24386955850395,139.27419227010932,20.59118693458798,0.034016068584954005,0.008704831054253681,-0.017906190999964045,-0.04504626928800637,0
2024-09-05,150.2364044189453,153.71654993318725,147.57221357265888,148.0244433291551,31548500,156.0725410461426,156.29064697265625,154.99306203469138,45.425474907314474,-0.013626332244484729,0.96389694185937,-0.9775232741038548,169.00452899987246,143.14055309241272,16.571765753344852,0.03143473891396892,-0.00843494065097361,-0.0614176598579147,-0.033885419292495444,0
2024-09-06,134.68386840820312,141.0739789531179,134.29063683653754,140.82820547062116,76634600,155.64292907714844,155.8541537475586,153.05885311788296,34.70834403660474,-1.6220485642926121,0.4467078406289737,-2.0687564049215856,170.651039193909,140.63481896038786,19.285309272638294,0.03650184562438745,-0.10352042216993418,-0.1033442947090698,-0.12699930657572134,1
2024-09-09,138.4392852783203,139.1962567538257,132.6193563964344,136.75818816870392,39516700,155.2772186279297,155.5032681274414,151.6665133236389,38.4824960145387,-2.5641461346424137,-0.15546295442530378,-2.40868318021711,171.53579422813735,139.01864302772205,20.94135346301627,0.03687804281543246,0.0278831972566691,-0.08629630312209424,-0.1351186229019058,1
2024-09-10,145.704345703125,147.32644455077934,138.6555496175304,138.8325143104649,36067500,155.2570655822754,155.26058227539062,151.0986878359709,45.09463868677997,-2.6934867483549283,-0.6630677132112287,-2.0304190351436997,171.56198952283734,138.95214164171347,21.003777031869074,0.03883400614734166,0.052478315025961786,-0.030166181980649243,-0.02997564292984156,1
2024-09-11,155.59426879882812,156.18411611197098,142.58792628256415,145.8812967006935,39700800,155.36078262329102,155.14634674072266,151.5268384038621,52.568555029179855,-1.9751872472091918,-0.9254916200108214,-1.0496956271983704,171.64656561337452,139.0749996332075,20.96511450971799,0.04016529671499691,0.0678766515025846,0.15525541876514315,0.026927135088057996,1
2024-09-12,161.77792358398438,163.50817838220144,154.1786122284463,155.4271456338285,43530700,155.6984748840332,155.12298828125,152.5031322305404,56.55100407861525,-0.8966247235958065,-0.9197182407278185,0.02309351713201202,172.2206977677484,139.17625200031802,21.223358669404067,0.04104129984827816,0.039742175806946056,0.16858392658372745,0.07682238675557418,1
2024-09-13,164.85499572753906,165.2384016955645,161.26669448752727,163.9210596516638,29850000,155.775154876709,155.0201171875,153.6795001826355,58.42180110549492,0.20408528468792042,-0.6949575356446708,0.8990428203325912,172.4516928759953,139.0986168774227,21.411036968617026,0.03949983764663643,0.01902034638216432,0.1314349955177989,0.22401441001005828,0
2024-09-16,161.2470703125,162.70204512608595,157.69810063146906,162.39728840845876,26126900,155.69159317016602,154.89603118896486,154.4002211473845,55.40925440266604,0.7763274485573959,-0.40070053880425743,1.1770279873616534,172.24038297387736,139.14280336645467,21.25842438470526,0.039832612154422124,-0.021885447869605335,0.036330396725476666,0.16474937000957923,0
2024-09-17,159.72325134277344,163.21323734291678,157.98317111156803,162.6921988274926,19844300,155.43402252197265,154.65780792236328,154.9071764040882,54.139460382822335,1.0942600813708907,-0.10170841476922782,1.1959684961401185,171.55798505718144,139.31005998676386,20.747018282859475,0.039788314118082375,-0.009450211819497678,-0.012700572461880388,0.09621473932021352,0
2024-09-18,158.93679809570312,164.6387460417183,158.63204136941872,161.00130140401282,26557600,155.223641204834,154.42853118896485,155.2909498985277,53.45854627363742,1.2681453884371479,0.17226234587204733,1.0958830425651005,171.0466925680696,139.4005898415984,20.387424544893157,0.03973648432544626,-0.004923849473753461,-0.035899413334231745,0.02148234200834631,1
2024-09-19,165.13092041015625,167.6756467372467,163.39498972081674,165.38736009887302,32453100,155.33132247924806,154.30076202392578,156.22808994725423,57.94485443438111,1.884046535713935,0.5146191838404249,1.3694273518735103,171.3915086697578,139.27113628873832,20.678619011507283,0.04070549180263074,0.038972235433630376,0.024086329693490116,0.020725923240269672,1
2024-09-20,168.76060485839844,169.6680241565947,164.19390470265412,164.89418864846994,91758500,155.78958053588866,154.32175628662108,157.42166279593465,60.35640286560457,2.6346670311813227,0.9386287533086046,1.696038277872718,172.80493118555304,138.77422988622428,21.844016257229246,0.04059968225086944,0.021980646866296638,0.056581327011872684,0.02369117850279956,1
2024-09-23,170.57542419433594,170.9502333371982,166.04818606936013,169.6482742410398,29431100,156.1409767150879,154.38942840576172,158.67440197673477,61.54379053049096,3.337507229286871,1.418404448504258,1.9191027807826129,174.04950569973846,138.23244773043734,22.938922711273214,0.04033525940210401,0.010753809145566118,0.07322801414197766,0.05785130770907898,1
2024-09-24,172.449462890625,173.58374832473666,169.3326649858136,170.44721965972357,34223400,156.91737747192383,154.467978515625,159.98631253996243,62.78340311639215,3.9996271981130462,1.9346489984260158,2.0649781996870304,176.18848888544272,137.64626605840493,24.5621125257041,0.03904123554309223,0.010986569168099924,0.044319637184185634,0.0796766371887867,1
2024-09-25,173.12014770507812,174.71799289162254,171.38420226768855,172.26203283994738,16613800,157.64030838012695,154.60005249023436,161.23715398425918,63.240090005799146,4.526304284835021,2.452980055707817,2.073324229127204,178.1630459674415,137.11757079281242,26.03742380131217,0.03901989176867803,0.0038891673143597316,0.02583270456003417,0.08923892880259587,1
2024-09-26,175.65501403808594,177.78548448219934,172.60726648757216,176.05941181732362,24340000,158.64776992797852,155.04629364013672,162.61028351319504,64.98877071376496,5.089572772109733,2.9802985989882007,2.1092741731215323,180.5821613563788,136.71337849957823,27.65168579218966,0.038617351612297235,0.014642237582457085,0.02977914238080892,0.06373181716537202,0
2024-09-27,170.328857421875,176.02982779687693,169.41156524138304,175.7339266080034,20580900,159.4503662109375,155.2967465209961,163.3453857902122,58.67311065604951,5.048000571705728,3.3938389935317064,1.6541615781740218,181.85593694491337,137.0447954769616,28.10350489171717,0.039385473892848785,-0.030321688483404774,-0.012296967663477099,0.009292764533478826,0
2024-09-30,170.14144897460938,170.5557046095719,167.310694610619,169.5200579970859,16902000,159.9540702819824,155.6057794189453,163.99262990301193,58.45784085602379,4.942952725775939,3.703661739980553,1.2392909857953858,182.8402766244715,137.06786393949332,28.61597245027036,0.03868403962919298,-0.0011002741995823628,-0.01720596227507365,-0.002544183734417338,0
2024-10-01,165.1802215576172,169.8948644886151,163.53305689805725,169.80609865041248,23770400,160.70273666381837,155.74264190673827,164.10573387011718,52.9222157695444,4.4085529075150305,3.844639973487449,0.5639129340275817,183.24153604120696,138.16393728642979,28.05029938542809,0.03641133295166898,-0.029159428504294427,-0.05963275536329171,-0.04215287894296482,1
2024-10-02,168.3266143798828,170.4768005899671,164.7363837431985,165.2591359887753,14317800,161.5433464050293,155.88914855957032,164.50772249009486,55.78198897539876,4.190617971251868,3.913835573040333,0.2767823982115347,183.9020280847706,139.184664725288,27.681340243729412,0.03653389410625714,0.01904824192991006,-0.011755160413205679,-0.027689055195131984,1
2024-10-03,169.539794921875,172.54809612463393,166.87671428588638,167.30082779062033,13072300,162.50851593017578,156.30431610107422,164.98696748359774,56.86989961593819,4.068892831133354,3.9448470246589378,0.12404580647441632,184.49495920707014,140.5220726532814,27.058819842205896,0.036377422746096434,0.007207300797093641,-0.0035361991822707717,-0.03481380335027051,1
2024-10-04,174.22483825683594,174.4812779140918,170.240082939426,173.88949061654162,17921400,164.4855644226074,156.85408142089844,165.8667647000966,60.8733926106269,4.300890633189738,4.016055746365097,0.2848348868246404,182.93498297253538,146.03614587267944,22.432872592425777,0.0257222677236375,0.027633885820847137,0.05475605138393558,0.0228732869692847,0
2024-10-07,172.68617248535156,175.87200521038767,171.48285206595853,172.4297328247212,15588300,166.197908782959,157.32647399902345,166.51623210821612,58.938430201955796,4.3108997255862676,4.075024542209332,0.23587518337693592,180.56526118568237,151.8305563802356,17.28945028001042,0.025933249481971066,-0.008831494905543469,0.02589939874647529,0.014956517215989784,1
2024-10-08,178.25892639160156,179.1170413655262,172.4987786467154,173.02153090488926,20774200,167.8256378173828,157.9380453491211,167.63458394472903,63.46773809064109,4.714164713853222,4.20285257653811,0.5113121373151124,179.69657760477068,155.95469802999494,14.146753668596295,0.024609602975118803,0.03227099093138297,0.05142822942392011,0.07917839503213364,1
2024-10-09,183.4075469970703,183.87112200319837,174.00784961776665,176.78929965453483,25504100,169.21630172729493,158.78432373046874,169.13677090209487,67.08061913580899,5.387106565337859,4.43970337429806,0.9474031910397995,181.5378815009139,156.89472195367597,14.563112002620334,0.021114243027371568,0.02888282067938741,0.05270608273831523,0.08959327479344736,0
2024-10-10,183.15110778808597,183.76262586145089,180.0343100945086,181.05022594871903,16318000,170.2849609375,159.28807556152344,170.47146965314164,66.72665871727091,5.832491992817552,4.718261098001959,1.1142308948155932,183.51458935999273,157.05533251500725,15.538222928974255,0.019874669172495557,-0.0013981933305527994,0.06060088744871628,0.08028388186079338,0
2024-10-11,178.99867248535156,180.09349637993196,174.97445533365493,178.66332481858353,23070000,170.9921447753906,159.97735961914063,171.28358420859018,61.10413415284456,5.783725144125469,4.9313539072266614,0.8523712368988079,184.49442168065696,157.48986787012427,15.792862207796116,0.020653736512563792,-0.02267218229189727,0.004149840396350912,0.02740042278861643,1
2024-10-14,179.81732177734375,182.4212251622244,177.6671355577031,180.7937911904839,17195800,171.9206573486328,160.74593505859374,172.09632111990004,61.787753357392056,5.7449114581110905,5.094065417403547,0.6508460407075436,185.1662752578705,158.6750394393951,15.408989371623093,0.01971235745859512,0.0045734936501229395,-0.01957512260814387,0.0412954273602717,0
2024-10-15,173.57386779785156,179.21566095497292,170.99955303542328,178.31809953221278,27657500,172.61318817138672,161.42385314941407,172.23703985113352,53.99366497626372,5.150979489700347,5.1054482318629075,0.04553125783743983,184.6264839864072,160.59989235636624,13.919325565196731,0.021463311839621278,-0.03472109315043104,-0.05229146635201187,-0.026282322510222,1
2024-10-16,174.4023895263672,176.7991574917182,172.93275652302304,176.0692699172097,15285100,173.38646774291993,162.08216369628906,172.4432636297272,54.80834089428608,4.693040455873216,5.02296667666497,-0.32992622079175327,183.64117155889966,163.1317639269402,11.828724524435632,0.021351177599960504,0.004773309133610626,-0.02567774886353147,-0.04909916531868219,1
2024-10-17,179.0479736328125,182.97355163576012,178.2194624050834,178.8901576703426,25232400,174.08232040405272,162.98379913330078,173.07228363002105,59.17377624035391,4.651362275971593,4.948645796526295,-0.29728352055470175,183.88037245969136,164.2842683484141,11.256803141062143,0.020474418839418265,0.02663715857942961,-0.004278498516866347,-0.022402999385736644,0
2024-10-18,177.43040466308594,180.2118546735738,176.23694209365496,179.82718765618284,17835200,174.51581039428712,163.6668850708008,173.48734277602722,57.10528934198324,4.436664612925455,4.846249559806127,-0.40958494688067226,184.098501674393,164.93311911418124,10.982032239320331,0.020234244135499287,-0.009034276886282111,0.022218418671903883,-0.00876133772664689,1
2024-10-21,177.52906799316406,179.2354101219987,175.812852958568,176.92740769800346,13695100,174.8634925842285,164.30239654541015,173.8722689871831,57.20355659451151,4.225764491708389,4.72215254618658,-0.49638805447819045,184.35322683443238,165.37375833402464,10.85387705570714,0.02014900093194787,0.0005560677735334529,0.017927956579540716,-0.012725435800968521,0
2024-10-22,176.9274139404297,178.2195004272245,174.98434775718258,176.21725700796569,12062600,175.08739013671874,164.91879669189453,174.16323517320657,56.355707159817804,3.9643772986084116,4.570597496670946,-0.6062201980625348,184.549999823483,165.62478044995447,10.809013349705303,0.020075077168774835,-0.0033890452957120454,-0.01184352801853883,0.019320570458703834,0
2024-10-23,171.13763427734375,176.53284549307827,170.2104993123444,175.1618512292175,19513700,174.98826446533204,165.2711508178711,173.87508270693394,48.85196932285622,3.252545908684368,4.306987179073631,-1.0544412703892627,184.57198943018247,165.4045395004816,10.953563079367669,0.021464582678712516,-0.03272403939072621,-0.03546613331402371,-0.01871967040067335,0
2024-10-24,169.00717163085938,171.91683385894754,167.18246029197493,171.87737234288417,20485200,174.6558723449707,165.55081268310548,173.41147212826016,46.4035407465854,2.487825766332776,3.9431548965254604,-1.4553291301926845,184.579159573281,164.7325851166604,11.36324487127506,0.02132260239523574,-0.012448826089484055,-0.04800282262864597,-0.056078836293029344,1
2024-10-25,170.63462829589844,174.3826751644532,170.35845784717804,171.80836022804044,19977700,174.67116088867186,165.69707733154297,173.14701081089237,48.52587850068776,1.9901603657888245,3.552555990378133,-1.5623956245893087,184.56864357715247,164.77367820019126,11.33270385119711,0.020350396344202635,0.009629512459942813,-0.03556704698487256,-0.03830108137380217,0
2024-10-28,169.66802978515625,171.59136504895082,169.00719228683505,170.6346263446242,13195800,174.64748992919922,165.8320718383789,172.8156792846318,47.32717882272042,1.5004641124739067,3.142137614797288,-1.6416735023233815,184.59035312218327,164.70462673621518,11.38620795181747,0.020392320577721737,-0.005664726558702982,-0.008587266607915534,-0.044280287712153754,1
2024-10-29,176.78932189941406,177.76577635633424,168.8691143813488,170.08229282336296,23702300,175.22794494628906,166.07036499023437,173.19412143842058,55.95881855550889,1.6677799332366874,2.8472660784851684,-1.179486145248481,184.20037333111074,166.25551656146737,10.240864706336556,0.021214636666719484,0.04197191494045893,0.04604627243601378,-0.0007805010989542227,0
2024-10-30,174.22483825683594,176.7399756593612,173.21878028579405,175.04349164943133,17911500,175.52285614013672,166.29197326660156,173.2922849449363,52.615004252045786,1.5752875941615514,2.592870381620445,-1.0175827874588936,183.93904010678398,167.10667217348947,9.589843911755636,0.021256634013989997,-0.014505874082356707,0.02104033628339308,0.018039304987055527,0
2024-10-31,167.4487762451172,172.06478040765464,165.09145479284857,172.06478040765464,26086600,175.41830520629884,166.3814028930664,172.7357603068583,44.96878284990522,0.9443295316247031,2.263162211621297,-1.3188326799965937,184.1742847569444,166.6623256556533,9.98297132143441,0.023076644112321625,-0.03889262908500868,-0.013079974717978504,-0.00922088317734815,0
2024-11-01,166.61041259765625,168.98746510096208,165.20982957977537,165.9594329407063,17847000,175.03758392333984,166.5217022705078,172.15239385836287,44.11458358474291,0.37234956737100333,1.884999682771238,-1.5126501154002348,184.59364508258923,165.48152276409044,10.91886775977736,0.022126742729518305,-0.00500668721659514,-0.05757649383116703,-0.023583816124730372,0
2024-11-04,166.24546813964844,170.0921385598425,166.1172407755886,166.96548284903653,13621300,174.71554870605468,166.57566162109376,171.5898295041996,43.72521666759917,-0.10913856158472868,1.4861720339000448,-1.5953105954847735,184.97507652146868,164.45602089064067,11.74426419559814,0.0220685770222309,-0.002190406063570016,-0.04579926833064185,-0.02017210696583005,1
2024-11-05,171.52230834960938,172.01547199069526,167.72495734334396,167.72495734334396,13441800,174.37871780395508,166.8676788330078,171.58339891804815,50.52499238176269,-0.0641845881875156,1.1761007094825326,-1.2402852976700482,184.59303826491265,164.16439734299752,11.71509985804689,0.022025976863977004,0.03174125748515633,0.024327034188229568,-0.02979259998972905,1
2024-11-06,177.09507751464844,177.74605717332057,173.55416596393812,177.1739855081385,24300800,174.06309432983397,167.23634979248047,172.10832068915295,56.502581186107236,0.4163185960235296,1.024144286790732,-0.6078256907672024,183.50267273489828,164.62351592476966,10.846157183873975,0.02230256933649118,0.032490054609574326,0.06292922965331926,0.016474340206195537,1
2024-11-07,181.2967987060547,182.34230312127573,179.30441356469163,179.5016910431669,18970600,173.97037887573242,167.75217010498048,172.98341383361978,60.388570018661746,1.1232168713321187,1.0439588036990093,0.07925806763310939,183.0818087262376,164.85894902522725,10.474691047277073,0.02300588982362039,0.023725793231371473,0.09053678716681124,0.08270005174995299,0
2024-11-08,181.129150390625,182.51987553881915,179.3439003302524,180.48804364579485,13503200,174.0769027709961,168.28921447753908,173.7591982676203,60.157637294272234,1.6508807043591673,1.165343183831041,0.48553752052812627,183.4665576717477,164.6872478702445,10.787938837703235,0.02239658175627956,-0.0009247174612360132,0.056009286100757505,0.08714183925604768,0
2024-11-11,176.4638214111328,181.1192874858165,174.40240095967505,180.8924213699862,17036700,173.90922775268555,168.6171435546875,174.01678142414528,53.97222288449019,1.6733160885165148,1.266937764768136,0.4063783237483789,182.99780044334415,164.82065506202696,10.452087917477682,0.023144139948921727,-0.02575691968648275,-0.0035645039510677767,0.06146545458250219,0
2024-11-12,173.81057739257812,177.1049065717659,170.83186508586854,176.45392701894673,15862000,173.9210632324219,169.0892172241211,173.9971429449484,50.77475998910412,1.4601697459799823,1.3055841610105052,0.15458558496947705,183.00847465470886,164.8336518101349,10.450041246749837,0.02201141962532508,-0.015035625984620604,-0.041292628258783215,0.013340941274557983,0
2024-11-13,171.20669555664062,173.18920802335506,170.24009901094587,172.3212502283101,17472500,173.76127853393555,169.48306274414062,173.73138605082383,47.7829310661896,1.068817567667395,1.2582308423418833,-0.18941327467448832,182.92130829011248,164.60124877775863,10.543234756859794,0.022242022941067474,-0.01498114714880805,-0.05478110404970982,-0.0332498341605274,0
2024-11-14,168.05043029785156,173.16947078693426,167.54739380229367,172.38040603030413,20638900,173.2114013671875,169.83934326171874,173.19034264577886,44.370089787118836,0.498240511961626,1.106232776265832,-0.6079922643042059,182.3563242231454,164.0664785112296,10.559262015982142,0.021601631207629236,-0.018435407847380958,-0.047677711193159444,-0.07306454665909523,0
2024-11-15,162.58621215820312,166.82742317486046,161.19548685096856,166.1665855938012,20836200,172.46919174194335,170.39739013671874,172.18042545648592,39.1559752500848,-0.3903627936711018,0.8069136622784452,-1.197276455949547,182.49141928443026,162.44696419945643,11.622049644069362,0.022566619576482917,-0.032515347505886694,-0.06457814825056951,-0.10237412471947216,1
2024-11-18,163.4048309326172,164.07554127733505,160.0020049878093,163.39497307834162,17856900,171.76297988891602,170.89670104980468,171.3446545494508,40.28808777219703,-1.0168104637301383,0.4421688370767285,-1.4589793008068668,182.23972375467667,161.28623602315537,12.199070920330167,0.022637555869485064,0.005034982754980044,-0.04556985694196947,-0.07400378374494254,0
2024-11-19,163.08920288085938,164.51937426120062,162.06341420036543,164.38128905999852,18003400,171.0710693359375,171.2443981933594,170.55842105720401,39.97921156048723,-1.5212077653271194,0.04949351659595891,-1.5707012819230783,181.91356936490095,160.22856930697404,12.676018301693908,0.022641612141603838,-0.0019315711166946192,-0.029522253577089597,-0.06168424656632299,0
2024-11-20,161.01792907714844,163.27661193493515,158.6606074709197,163.27661193493515,17196700,170.56508407592773,171.35287139892577,169.6498027733892,37.92439494202854,-2.064284954448965,-0.3732621776130259,-1.6910227768359392,182.25901250819442,158.87115564366104,13.711983898253276,0.0217202525353089,-0.012700250949316705,-0.009645855329532438,-0.05951149542583989,1
2024-11-21,161.69850158691406,164.06568111052036,158.4041719840112,163.9769152646712,24835300,170.19965057373048,171.35128295898437,168.8925359937249,39.03319654014729,-2.4119574812787903,-0.7810012383461788,-1.6309562429326114,182.5062193225922,157.89308182486877,14.46133256722581,0.021651121616777354,0.004226687758724923,-0.010442343325863801,-0.037797753327256434,1
2024-11-22,161.98451232910156,162.65522265320115,160.1795317416543,162.0535624573854,17332500,169.76714477539062,171.29387329101561,168.2346289780465,39.52209899421905,-2.6340481199449925,-1.1516106146659417,-1.4824375052790508,182.5797654074075,156.95452414337373,15.094346611022463,0.021499985532892143,0.0017687903065308763,-0.0067735357843695665,-0.0037008047676028166,1
2024-11-25,162.56646728515625,164.94350455924942,160.6628478347686,163.13852385557357,26850600,169.4120666503906,171.32026123046876,167.69480405491407,40.56646343214681,-2.7316093575059597,-1.4676103632339452,-1.2639989942720145,182.6039926685271,156.22014063225413,15.57377379187537,0.021525162284450425,0.003592658012096406,0.009617178763154044,-0.005130592790164479,0
2024-11-26,162.48756408691406,164.09526734455116,160.46559012100516,162.3494788675435,16308800,168.6969787597656,171.37554748535158,167.19887643891408,40.46443557353898,-2.783211045397735,-1.730730499666703,-1.052480545731032,181.76168225625497,155.63227526327626,15.488959663106073,0.01890289227318954,-0.0004853596166531915,0.004879838045845242,-0.003689016705690995,0
2024-11-27,157.4868621826172,160.96859599382267,155.38598043103818,160.96859599382267,19722700,167.86007995605468,171.34654876708984,166.27392270021915,34.53594643108204,-3.19083860468254,-2.02275212066987,-1.1680864840126697,181.5314652418021,154.18869467030726,16.28902510868165,0.01970991675881058,-0.030775905420195815,-0.027765927012494696,-0.02192965041079009,1
2024-11-29,159.86392211914062,160.46558234226623,156.90494037593132,157.38824614537955,11024000,167.48083724975587,171.24120880126952,165.66344645440213,39.10323657920541,-3.2842190780783653,-2.2750455121515696,-1.0091735659267957,181.59059803413027,153.37107646538146,16.849403210629067,0.018459827553716085,0.015093703078337128,-0.016624247368770773,-0.011345680075998343,1
2024-12-02,164.2333526611328,166.0777949390114,160.5247674457285,160.72202989492314,21472400,167.3619842529297,171.15066375732422,165.52724704551935,46.49307724335515,-2.971394857838362,-2.414315381288928,-0.557079476549434,181.5389567318662,153.18501177399318,16.941687853689913,0.019579123567842024,0.027332186550107274,0.010744136537642612,0.013883057705309065,1
2024-12-03,165.85093688964844,165.96930640504934,161.78727304802513,162.23111734283606,17024400,167.34225769042968,171.05617401123047,165.5580746497221,48.962291510304034,-2.563404549018429,-2.4441332148348285,-0.1192713341836007,181.5264856673068,153.15802971355257,16.95235641330577,0.019710239316264134,0.009849304068298759,0.05310966636272507,0.020203856670705234,1
2024-12-04,168.2279815673828,172.99194422354992,166.25532697104828,171.0686090021558,32748200,167.17754135131835,170.97174438476563,165.81235149902312,52.435917462551274,-2.024919637057991,-2.360290499279461,0.33537086222146995,181.23976500425184,153.11531769838487,16.823101403773084,0.018590349160608723,0.014332416339112974,0.05231986890706186,0.03532834966618248,0
2024-12-05,168.1392059326172,170.04281028316504,166.88656612283535,168.41537635601108,18490000,166.7297477722168,170.8721255493164,166.03395668317492,52.29277295761325,-1.5870355585283278,-2.2056395111292346,0.6186039526009068,180.0510657531966,153.40842979123698,15.979533537325516,0.016863917290713615,-0.0005277102770805397,0.02378233902064597,0.06763957070684312,1
2024-12-06,177.07533264160156,178.20960297603253,167.01479755089676,167.7742737588206,27830800,166.51867446899413,170.90053192138672,167.08551629826317,63.1868221875608,-0.5130246990373166,-1.8671165487108512,1.3540918496735346,179.01850389459693,154.01884504339134,15.013126264021844,0.020217723963986,0.05314719228878473,0.06767761438345965,0.10766288162024407,0
2024-12-09,176.49343872070312,178.31813549801834,173.61336433340077,176.50329657727923,20886300,166.28688888549806,171.0238235473633,167.98150890992412,62.190932098029414,0.28786434760377233,-1.4361203694479265,1.7239847170516989,177.8297143838941,154.74406338710202,13.883025385536207,0.020224250097300837,-0.0032861376693058553,0.04913247532491871,0.07465040359291009,0
2024-12-10,169.4608917236328,176.05942379664182,167.4093291249132,175.37885554873,27762600,165.93674240112304,171.01021240234374,168.1224025112297,51.60497813169574,0.35106011546105265,-1.0786842724661307,1.4297443879271834,176.61603441517406,155.25745038707203,12.871521833586073,0.021342654832094517,-0.03984594015531173,0.007860663928348055,0.021766261328908465,1
2024-12-11,180.69512939453125,182.34229391556264,174.0176904295106,177.5487434036973,41295200,166.2809700012207,171.32051055908204,169.31980507154412,62.56665937673052,1.2927502877803079,-0.6043973604168431,1.897147648197151,178.31159131491876,154.25034868752266,14.470232298512245,0.02594195119466057,0.06629398415547061,0.02044212877609608,0.07410864536916995,0
2024-12-12,178.18988037109375,179.5115552427107,173.5837340288521,178.45617788616346,46967200,166.63012924194337,171.51777587890626,170.1645741476917,59.33885209758595,1.8159606113712812,-0.1203257660592183,1.9362863774304995,179.58235203504526,153.67790644884147,15.54607543308755,0.0259040674438693,-0.013864507758632016,0.009611924741719235,0.059775912362191264,1
2024-12-13,221.7263641357422,225.57303430958544,208.22354195987432,210.97538830729152,121336600,169.31392593383788,172.5615072631836,175.0752208132203,79.31255575393969,5.678184377616844,1.0393762626759944,4.63880811494085,196.62078561094287,142.00706625673288,32.255893337179586,0.05957570297214348,0.24432635385343127,0.3084220310686616,0.2521583939899399,1
2024-12-16,246.58181762695312,248.43611771155892,227.65419489788263,228.6207914089356,111623200,173.5137062072754,174.00864685058593,181.88537289071868,84.11123849248442,10.622205733630977,2.9559421568669912,7.666263576763987,216.64287219567484,130.38454021887594,49.712690635376504,0.06216695926082482,0.11209967559831657,0.3646290215635217,0.39711605946532247,0
2024-12-17,236.9454040527344,239.1547826320025,230.6033267113724,237.35965971444207,70382100,177.19073486328125,175.29383148193358,187.12918538233922,76.68445200881854,13.605959209104611,5.085945567314516,8.520013641790095,228.0859309661981,126.2955387603644,57.44679160813586,0.06359240418162582,-0.03907998435147153,0.32973546847485324,0.3982305984743635,0
2024-12-18,220.56251525878903,236.57061884517165,216.22268097687103,236.13663240694768,53960100,180.06440048217775,176.13990325927733,190.3133120372392,66.0127334574427,14.481707023031532,6.96509785845792,7.516609164573612,233.8579019120199,126.27089905233558,59.749180055350806,0.0665462330503609,-0.06914204079813768,-0.005249032434594181,0.22063342823818455,0
2024-12-19,215.3349609375,224.931920353135,214.60507339344463,224.79383514752007,40845200,182.7802520751953,176.77845153808593,192.69632621821643,63.00000239678254,14.585787649076252,8.489235816581587,6.096551832494665,237.92085661442064,127.63964753596997,60.33540704007853,0.0668504335254113,-0.023701009734838574,-0.12672003552478328,0.2084578568044877,1
2024-12-20,217.7711944580078,227.14130365797496,215.91690939780733,217.3470809498756,131910400,185.58388671875,177.47085327148437,195.08440890772036,63.828524160113425,14.695455911583934,9.730479835582056,4.964976076001879,241.84248578707476,129.32528765042522,60.62875399692857,0.06680033929404941,0.011313692444093748,-0.08092247946898012,-0.017838066723148027,1
2024-12-23,229.7872009277344,230.8256074249009,222.6468358422217,224.18962673108297,40643800,188.97402114868163,178.48662384033204,198.38943671915027,67.67344633957586,15.572450583081462,10.898873985081938,4.673576597999524,247.27031971397275,130.6777225833905,61.69768543944415,0.0672288441429925,0.05517720789304659,0.04182345154217115,-0.06810971247128539,1
2024-12-24,237.0363006591797,237.58023712748675,232.21013776247756,237.47144983382532,22827200,192.6975128173828,179.63100341796874,202.0700904277245,69.76171821610208,16.660366608181107,12.051172509701772,4.609194098479335,253.24109734724087,132.15392828752474,62.8379511958045,0.06716925830438585,0.03154701263681359,0.10077945368090235,0.00038361835634104224,1
2024-12-26,242.65367126464844,244.55249178697088,234.97926976728476,237.3527916475668,28459000,196.70581817626953,181.0125994873047,205.9351933645744,71.30845108008741,17.770970076622092,13.195132023085836,4.5758380535362555,259.2985887909811,134.11304756155795,63.64099567062296,0.06697971707234288,0.023698355862993514,0.1142597250686368,0.10015825209437579,0
2024-12-27,239.08351135253903,243.06905947622363,233.74307907930736,242.9306042718209,29282200,200.78565063476563,182.30622192382813,209.09217603009483,68.8963597134914,18.153783740370613,14.186862366542794,3.9669213738278195,263.25823082488034,138.31307044465092,62.228132331781,0.06640490155665862,-0.014712985356877817,0.04045617156774628,0.11028655222377903,0
2024-12-30,232.9815673828125,236.136384272944,229.06523932494585,232.1112689054009,27316800,204.44153289794923,183.38489379882813,211.36735615892508,64.8582054208824,17.7600634879974,14.901502590833715,2.8585608971636844,265.447755639809,143.43531015608949,59.68085043885102,0.06727485988719156,-0.025522228342752418,-0.017105959150945593,0.06984566054597119,0
