Date,Open,High,Low,Close,Volume,SMA_20,SMA_50,EMA_20,RSI_14,MACD,MACD_signal,MACD_diff,BB_upper,BB_lower,BB_width,Volatility_20,Return_1d,Return_3d,Return_5d,Target
2019-03-14,219.6227648284,221.0728320557,218.3839656739,220.4006154602,2838729,215.20582164153,202.943760555284,214.2708388630023,71.98613208504676,4.126987890153515,4.508279988104308,-0.38129209795079255,220.54758188304484,209.86406140001517,4.964326894848267,0.007901753361330324,0.004420131290594931,0.017151214323577912,0.03192302504371569,1
2019-03-15,219.738001959,223.521621082,219.7283988648,221.9947291009,3894538,215.75127739327,203.74571654412,215.0064474570878,74.15881747794265,4.25894441029277,4.4584128725420005,-0.19946846224923043,221.51035243834932,209.99220234819066,5.338624285020315,0.007878750708258024,0.007232800313971444,0.018639287917632696,0.04191643755356966,0
2019-03-18,223.0702756536,223.2719406322,220.0164916914,221.2456877517,2734329,216.14884549401003,204.696815002892,215.60066081847944,71.3582927177646,4.254041582997985,4.417538614633198,-0.16349703163521312,222.26154461509952,210.03614637292054,5.656009040546912,0.007754021932932993,-0.00337414024303051,0.008271334792028684,0.021051232051276347,1
2019-03-19,222.3500435871,222.8878168634,221.1880691863,221.8410795934,3212000,216.649166702915,205.49531453593002,216.19498641609093,72.25518487459956,4.249216875674733,4.383874266841506,-0.13465739116677256,222.90389802392724,210.39443538190278,5.77406450825557,0.007478969452306748,0.0026910890230240625,0.006535662934480824,0.0179342557506863,0
2019-03-20,220.6118835331,222.7341673559,218.7968987254,220.7655330406,3747403,217.070742539205,206.24431014568,216.63027657080607,68.10622576592223,4.111214124976755,4.329342238468556,-0.21812811349180095,223.24128132814985,210.90020375026018,5.685279109256635,0.007649542768402983,-0.004848274966797517,-0.005537050655564535,0.0060831509843026765,1
2019-03-21,219.1426101173,227.6701577853,219.1234039289,226.5081833846,4441059,217.86587874068,207.081507899844,217.57102960069122,76.02278848798086,4.414344030076876,4.34634259679022,0.06800143328665609,224.5740575726895,211.15769990867048,6.158081174330265,0.00897022587591761,0.026012440732511966,0.023785754589739083,0.0277112108405293,0
2019-03-22,225.5190646799,226.6330236095,221.5241774841,221.6010022378,3709381,218.22311384568997,207.75353243341,217.95483651851112,61.88661491547095,4.210077009198898,4.319089479271955,-0.1090124700730577,224.92791658841446,211.51831110296547,6.144906123432552,0.009943061105021819,-0.021664476194521498,-0.0010822042339498905,-0.0017735865382688676,0
2019-03-25,221.2456877517,222.7341673559,219.4787184151,221.2744970343,3506468,218.56402369052498,208.396363560546,218.27099466287197,61.072886983012545,3.976014660263729,4.2504745154703105,-0.27445985520658134,225.16053128925324,211.9675160917967,6.036224523454573,0.009961657507606105,-0.001473392269000784,0.002305450432819267,0.00013021398470081103,1
2019-03-26,223.7136829664,224.3570902792,222.2636157391,224.0305850757,3046898,219.01008741708,209.11448294637398,218.8195270831413,65.2289999241421,3.96718064476795,4.193815741329838,-0.22663509656188818,225.81506142136095,212.20511341279905,6.214301893155858,0.010250897555427168,0.012455516014449497,-0.010938228685067553,0.009869702610143305,0
2019-03-27,224.6355800116,224.9044666498,220.5350587793,223.2911468207,2640702,219.39181041235497,209.826840475668,219.24539562957548,63.27702292959632,3.8560628442539553,4.126265161914661,-0.270202317660706,226.25775946232,212.52586136238995,6.2590750648898155,0.010320155533191933,-0.0033006129709930443,0.00762697174576088,0.011440254034743358,1
2019-03-28,224.1554253006,225.9896162967,223.1471004074,225.5382708683,2712090,219.87628651578999,210.56320574051404,219.8447170808826,66.55272593515133,3.904318761104207,4.081875881752571,-0.1775571206483635,227.03502425972647,212.7175487718535,6.511605100645898,0.010480604030890378,0.010063650438431493,0.019269160663097473,-0.004282019756668642,1
2019-03-29,227.1035752263,227.2476216396,224.6835954827,226.1048534274,3453858,220.27001337884002,211.28689492099002,220.44092054245567,67.34368614560121,3.9428299113725416,4.054066687676565,-0.11123677630402362,227.87557767032942,212.66444908735062,6.905673790838404,0.010275948077830775,0.0025121348892085393,0.009258862360240316,0.020324146299514068,1
2019-04-01,228.8417352803,230.2341839423,227.5357144663,229.5619673468,3475901,220.88269079012002,212.050148849654,221.30959166667893,71.73573162459749,4.203851097758616,4.084023569692976,0.11982752806564001,229.35954087431807,212.40584070592197,7.675431745127232,0.01059298139627,0.015289870460520882,0.02808360571113644,0.03745334606371453,1
2019-04-02,229.7348230428,230.3494210729,228.6208641132,229.7636323255,3386726,221.50881253331505,212.76577143098402,222.11473839609047,71.97253341850755,4.376534976017098,4.1425258509578,0.2340091250592975,230.6417749978935,212.3758500687366,8.246139158192488,0.010577951993683775,0.0008784773062837647,0.018734565273258452,0.02559046680105226,0
2019-04-03,230.743147936,231.3673490603,228.3807867577,229.4467302162,2912450,222.20311624547497,213.52383968876998,222.813023331339,70.966345702783,4.436673630024586,4.201355406771158,0.23531822325342855,231.5309652437902,212.87526724715974,8.39578594209314,0.01033557795250497,-0.0013792526958794626,0.01478020811204317,0.02756752107347471,0
2019-04-04,229.2258590491,229.2930807087,224.4819305041,226.6906421748,3096332,222.85852742603998,214.24810505489802,223.1823203640496,62.75000188605817,4.213371550744711,4.203758635565869,0.009612915178841774,231.48724713184822,214.22980772023175,7.74367470293175,0.010531490766423953,-0.01201188632674366,-0.012507843547369002,0.00510942689266658,1
2019-04-05,227.7949980102,228.5152300768,226.7386576459,227.2380185454,2590044,223.56723577953,214.95566103708202,223.56857733370202,63.650134732115966,4.034069500522065,4.169820808557108,-0.13575130803504276,231.12333177801113,216.01113978104885,6.759573666628464,0.010454665200215736,0.0024146403457534493,-0.010992226030453911,0.005011679761946608,0
2019-04-08,226.6803013815,227.2188257697,224.1800095794,227.2092092628,2714544,224.09348534282998,215.602141340024,223.9153041840923,63.56307519851728,3.8453202078550817,4.104920688416703,-0.25960048056162144,231.10522120050905,217.0817494851509,6.257866753200923,0.009961887230530325,-0.0001267802051101441,-0.009751810153457718,-0.010248901903012975,0
2019-04-09,226.2667915835,228.151626942,225.9879128825,226.8630150132,2491354,224.54000508121504,216.29509096184,224.19603854876922,62.4575365012977,3.6260017596965497,4.009136902672672,-0.3831351429761227,231.0445978740273,218.0354122884028,5.793705037513976,0.009966519788033054,-0.0015236805353235905,0.0007603879751996168,-0.012624353484239736,1
2019-04-10,227.9112142687,228.8247824272,227.0553451519,227.9689133103,1984176,224.96691559952995,217.02782824296398,224.5553599546293,64.57703899738817,3.5010689164954556,3.907523305437229,-0.40645438894177355,231.18874858511714,218.74508261394277,5.531331546246424,0.009925604779562813,0.004874740367157848,0.0032164281733251254,-0.006440784335900118,0
2019-04-11,228.8728649618,228.8728649618,226.0263789102,226.9880296033,1908232,225.29628630668498,217.64914226919802,224.78704277831224,61.27284003429537,3.2850417046940663,3.783026985288597,-0.4979852805945306,231.2059416621496,219.38663095122035,5.246118746422738,0.010003026176645195,-0.00430270817523648,-0.0009734625643812445,0.0013118645994689704,1
2019-04-12,227.9400637895,229.834515655,227.0264956311,229.6710350371,3452168,225.680101603495,218.18756040428997,225.2521848981968,66.34533931314914,3.2923821664668367,3.684898021524245,-0.3925158550574084,231.67863467303374,219.68156853395624,5.315960979207443,0.010191697555827745,0.011820030503322254,0.012377601627733936,0.010706907705296365,1
2019-04-15,230.3345740154,230.661535251,228.0939279004,229.9787632589,3437536,226.11675537885498,218.681428766332,225.70233521826376,66.88115082523173,3.2851613360737986,3.604950684434156,-0.31978934836035755,232.03136661476367,220.20214414294628,5.231466572212978,0.010121213017017504,0.0013398651760778701,0.00881633341763699,0.012189444279508077,1
2019-04-16,230.7961663481,231.7289675204,229.7864331203,230.8827149105,2564480,226.56883714471002,219.171481106582,226.19570471276245,68.46920148338234,3.314176357562218,3.5467958190597684,-0.23261946149755053,232.48928541716825,220.6483888722518,5.226180570169787,0.01012954871327973,0.0039305874976915955,0.01715810879545776,0.01771862150851744,1
2019-04-17,231.4404723125,231.9886132075,229.7864331203,231.7578170412,2829235,227.11845134474,219.66078961042797,226.72542969642316,69.9703959097997,3.3689492496951345,3.511226505186842,-0.14227725549170733,232.81870041295053,221.41820227652948,5.019626573235297,0.010003400016648172,0.003790245324511332,0.009085960725360609,0.016620264911921367,0
2019-04-18,233.2291426017,233.3445406848,231.2385256669,231.652035465,3016796,227.37564394876,220.15873794827598,227.19463024581145,69.53940420110493,3.365031483895052,3.4819875009284837,-0.11695601703343161,233.39764020381074,221.35364769370926,5.296958065049235,0.008338583329260369,-0.0004564315350847892,0.00727576834655963,0.020547364853781724,1
2019-04-22,230.6038362095,233.8157495245,229.9018312035,233.7292009621,2217754,227.982053884975,220.723773826694,227.81697031402942,73.04984462538067,3.4893138838614277,3.4834527775150725,0.005861106346355172,233.99851021900128,221.9655975509487,5.278008712968085,0.006546977000715339,0.008966748308213424,0.012328710066942028,0.01766947200958291,1
2019-04-23,234.5466040512,235.1235944671,233.1522105462,234.1523272671,3108408,228.625945396615,221.24714407938,228.4203376428933,73.71439036181764,3.5806755391187153,3.5028973298358013,0.07777820928291401,234.3840312456817,222.8678595475483,5.03712370796561,0.006477932800620002,0.0018103270933125248,0.010331950207635554,0.01814760610527144,1
2019-04-24,234.2869583641,236.6430025622,233.4984047957,235.8832985147,3255232,229.218581068565,221.795146539028,229.13109582116059,76.29010499564505,3.7495329407485656,3.552224452018354,0.19730848873021145,235.3879450590311,223.04921707809888,5.382952779574793,0.0061747292714594,0.007392500718668815,0.01826559840584374,0.021658544712359395,1
2019-04-25,235.3159246057,237.3834735959,234.6620021344,236.1910267365,3152421,229.86357506435502,222.31454036203198,229.80347019405005,76.72672077593148,3.8636470259212956,3.6145089667989425,0.2491380591223531,236.11602157706892,223.61112855164112,5.440136838525548,0.006027249173739272,0.001304578254321953,0.010532812178650985,0.019128630705526062,1
2019-04-26,236.6141530414,237.6719688039,233.8926815799,237.2199929781,3349310,230.44766116984502,222.82320742270997,230.5098056972929,78.17403157493536,3.9911052597777257,3.6898282253946992,0.30127703438302644,237.14170230405495,223.7536200356351,5.809597806485238,0.005797439548368932,0.004356500142352893,0.013101154051314179,0.024035866993023847,1
2019-04-29,237.4123231167,238.6913185386,236.4314394097,237.65273579,3274889,231.02505528797496,223.354549857188,231.1900847537412,78.77193099570754,4.080003812497381,3.767863342815236,0.31214046968214504,238.1022916889102,223.94781888703972,6.126812862019148,0.005799678913866216,0.0018242257175176135,0.0075013249621391775,0.016786669409511346,1
2019-04-30,241.4608725347,247.5577379291,240.9031151327,244.4900722181,7179637,231.77146053153996,223.978464786812,232.45675022653728,85.52090545271354,4.648586452767233,3.944007964805636,0.7045784879615975,240.9197938685597,222.6231271945202,7.894270775218957,0.0078011149791733835,0.028770282847245587,0.03513700582223489,0.044149657070064574,0
2019-05-01,245.1247616755,246.4229901112,239.1336778574,239.2106099129,5146013,232.24380941091,224.52598387676397,233.09997495857183,67.63906171857161,4.619928149968217,4.079192001838152,0.5407361481300654,241.89064634705142,222.59697247476856,8.307508355646402,0.009568718597010703,-0.021593769666403473,0.008391438300833887,0.014105752374802716,0
2019-05-02,238.066245588,238.7490175802,234.9120313146,237.7104348316,4747332,232.65699464168,225.03351224710002,233.5390663750507,63.571453786669984,4.42515422362635,4.1483844461957915,0.27676977743055886,242.49521821235209,222.81877107100792,8.45727727706974,0.009722556308231151,-0.006271356784075088,0.00024278719707648833,0.006432962827140232,1
2019-05-03,239.0759788158,240.2684256753,237.9700805187,238.4412893584,3194160,233.24452700086005,225.590228847166,234.00594475441733,64.6856617569166,4.280426246737079,4.174792806304049,0.10563344043302969,242.99039826290533,223.49865573881476,8.356784519114866,0.009162407519421255,0.0030745580324136323,-0.024740402769009462,0.005148370358533549,1
2019-05-06,232.2290258808,239.5279546416,230.8442488827,239.1048283366,3022015,233.83786749042002,226.08319941114598,234.4915527146252,65.7110739692663,4.171187479666145,4.174071740976469,-0.0028842613103243764,243.49326973445875,224.1824652463813,8.258202443994058,0.00916244933163916,0.0027828191165442107,-0.0004422110555151182,0.0061101444583542275,0
2019-05-07,237.787366887,238.2297262059,233.2964581502,235.6621188553,4257546,234.260512970045,226.5073157855,234.60303520421326,56.53815304857857,3.7634345556218136,4.091944303905539,-0.32850974828372514,243.44691772474272,225.07410821534728,7.842896473015398,0.00991024238702607,-0.014398326898081404,-0.008616853432416915,-0.03610761485204572,1
2019-05-08,235.1620604948,238.0566290811,234.4023564473,235.9217645424,3050728,234.71345044650496,226.92356486545603,234.72862847451677,57.02539691330319,3.4217943473714456,3.9579143125987204,-0.5361199652272748,243.2677931471355,226.15910774587442,7.289179792940939,0.00988020230176509,0.0011017709946816723,-0.01056664650144934,-0.013748743718756895,0
2019-05-09,232.6136861581,236.114094681,230.7577003204,235.9025315285,3891243,235.11013135741496,227.328481757722,234.8404287653723,56.974443977469605,3.1135984526491143,3.789051140608799,-0.6754526879596847,243.09338774732828,227.12687496750164,6.791078158837109,0.00986660505752616,-8.152284693752065e-05,-0.013392857142943138,-0.007605485658973121,1
2019-05-10,234.5177545304,239.1817603921,232.0751617699,237.9412309979,2816229,235.657791427145,227.77033140168803,235.1357432637083,60.9567730865726,2.9992831258227852,3.631097537651596,-0.6318144118288109,242.7951560691692,228.52042678512083,6.057397549896617,0.009872682646698062,0.008642126289152285,0.00967110095449586,-0.002097197015859087,0
2019-05-13,232.2482588947,234.5562205582,231.1423605976,232.1232443046,4137245,235.78040189052004,228.048189964452,234.84883860093606,47.457274282387566,2.411427072281697,3.3871634445776166,-0.9757363722959198,242.57835709689277,228.9824466841473,5.7663445747532736,0.011282937420685773,-0.02445135998036141,-0.01610076223856549,-0.02919884169872,1
2019-05-14,232.8348658175,237.9508475049,232.623302665,236.5083714652,3862061,236.10688230083503,228.432189011332,235.0068893499136,55.463157514350236,2.273186153432306,3.1643679863485543,-0.8911818329162484,242.36467927201613,229.84908532965392,5.300817079281705,0.01200373577691735,0.018891374596012867,0.002568179038921592,0.0035909573163925845,1
2019-05-15,234.9601138493,241.4127900001,234.8447157661,239.5952701901,4186938,236.542510064815,228.87927046590198,235.4438780013599,60.074923701519815,2.3852208172496887,3.0085385525287816,-0.6233177352790928,242.49030980642274,230.59471032320724,5.028947853794227,0.012272442563015533,0.013051963893608631,0.006951461019442329,0.015570863734531759,1
2019-05-16,240.8357995842,245.3651743488,240.730018008,243.7015186497,4911936,237.13969514524,229.442087719436,236.23031996786847,65.23232610742127,2.7733792393282215,2.9615066898886697,-0.18812745056044822,243.4342503322875,230.84513995819253,5.308731786293541,0.012733483336876683,0.017138270118362664,0.049879857485993995,0.03306020953089184,0
2019-05-17,241.4801055486,244.5381547527,241.2204598615,242.8648825467,3129869,237.700337499325,230.02773699909997,236.86218307061435,63.434342340607294,2.9791462998133795,2.965034611873612,0.014111687939767581,243.93706885550446,231.46360614314554,5.247557846818094,0.012788275929540231,-0.0034330360665606463,0.02687647393671755,0.0206927211738408,1
2019-05-20,240.8838821189,244.634319822,239.7683673149,243.7688341982,2951885,238.20231916113002,230.64183665355202,237.51995936847965,64.5706080089238,3.1785195268109874,3.007731594861087,0.17078793194990016,244.6907874712471,231.71385085101295,5.447863255880392,0.012700955426275487,0.0037220352404230272,0.017419225366129387,0.05016985665734652,1
2019-05-21,245.2209267448,246.1344949033,244.0573294062,245.5671209944,2881574,238.77305884749498,231.219494713504,238.2863557138054,66.78206053954781,3.4419542550465962,3.094576126898189,0.3473781281484074,245.72754086942527,231.8185768255647,5.825181497023194,0.012753276411687185,0.007377016845138806,0.007655275826908614,0.038302024884277364,1
2019-05-22,244.9805140716,248.9328984203,244.7401013983,247.0480630618,2936132,239.33129707485,231.80180356983,239.12080403266202,68.52447209500097,3.7272622639691235,3.221113354312376,0.5061489096567473,247.02176497430736,231.64082917539264,6.426629524388693,0.01272916840397203,0.006030701754384138,0.017224312017591226,0.031105759582761516,0
2019-05-23,244.9805140716,245.89408223,238.8067166217,240.1530275921,5072825,239.52939711763003,232.216250062792,239.21911103832278,54.255181246722294,3.358286937035274,3.2485480708569563,0.10973886617831763,247.0891001973679,231.96969403789214,6.31212967653019,0.014423912679475376,-0.027909692487551263,-0.01483293226549276,-0.014560808144575721,1
2019-05-24,243.4322564556,243.6534361151,240.730018008,241.8359163051,2710979,239.76019328398002,232.64495607969002,239.46833058753964,56.62906295198356,3.165180160137993,3.2318744887131636,-0.06669432857517066,247.305614400703,232.21477216725702,6.294140001618985,0.01446915756060983,0.007007568173816203,-0.015194235588994354,-0.004236784794945159,1
2019-05-28,242.9706641229,247.8750826578,242.961047616,243.7111351566,6252091,240.06311325231005,233.07928420080398,239.87240721316442,59.17156406380055,3.12740535545052,3.2109806620606354,-0.08357530661011525,247.73123236446625,232.39499414015384,6.388419285470895,0.014546111327017745,0.007754095752817047,-0.013507201245958611,-0.00023669572769546843,1
2019-05-29,242.5763873388,244.499688725,241.6339696595,243.8361497467,4014738,240.03041712874,233.53109344070398,240.24990650207258,59.342681593251434,3.0721424375358026,3.183213017155669,-0.11107057961986655,247.62800505602792,232.43282920145208,6.330520954944607,0.013037765779172228,0.0005129621591548617,0.015336563488409505,-0.007048872180813959,1
2019-05-30,244.5189217389,246.2402764795,243.095678713,244.4419896834,2817431,240.29198611726497,233.983111642504,240.64915251934184,60.21295423721976,3.042164221156611,3.155003257955858,-0.1128390367992469,248.1155177160135,232.46845451851644,6.511687489178741,0.012015581914424887,0.0024846190252321154,0.010776204866989936,-0.0105488516934783,0
2019-05-31,242.3167416516,243.9323148161,241.2204598615,241.845532812,5041674,240.498741016285,234.40471163793202,240.76309349959502,54.799197946297994,2.7768837117887983,3.079379348722446,-0.30249563693364756,248.25673536933672,232.7407466632333,6.451588328710954,0.012195076689706158,-0.01062197568741341,-0.00765497375982116,0.007047611420392785,0
2019-06-03,242.1436445269,243.2783923447,231.0365790214,232.9694969145,5452117,240.22515139408998,234.53393790853002,240.02084620577645,41.17136851955721,1.82933761477085,2.829371001932127,-1.000033387161277,248.61433211335196,231.835970674828,6.98443162223219,0.014794001331818393,-0.036701260487618015,-0.04456538886251438,-0.036662955304844425,1
2019-06-04,235.7294344038,239.8068333426,232.4502055402,239.6241197109,4862214,240.251115962805,234.89440025799198,239.98306273007393,51.00838350833018,1.5969641422927623,2.5828896300042543,-0.985925487711492,248.62947377154853,231.87275815406144,6.974667131236684,0.01620222442893875,0.028564352348849464,-0.01970966599781032,-0.016769916742104596,1
2019-06-05,241.8262997981,247.1153786103,240.5569208832,246.4326066182,4742351,240.78964035095,235.39756244967,240.59730500513353,58.630368459995154,1.9398332930157096,2.454278362606545,-0.5144450695908356,249.30240911080926,232.27687159109075,7.070710141393066,0.01697683093461009,0.02841319528065145,0.01896695693678896,0.01064836725070184,1
2019-06-06,246.5287716875,248.7790343094,245.0862956478,247.9423982064,3443503,241.39067203415001,235.87579871228402,241.29683769096843,60.11232714071331,2.3067958222075617,2.4247818545267488,-0.11798603231918703,250.13798142802892,232.6433626402711,7.247429505181052,0.01699417434836638,0.006126590181871228,0.0642697927849114,0.014319996852969918,1
2019-06-07,250.0291802104,256.6357204721,249.663752947,255.6067542305,3691876,242.37588316925,236.52211086047998,242.65968688520954,66.64459534972595,3.179415425950367,2.5757085688114723,0.6037068571388948,252.72133236539742,232.03043397310256,8.536698503888069,0.01811072973051939,0.030911841135455198,0.06669877197204777,0.05690087080995365,1
2019-06-10,258.6840364485,259.5014395376,255.1066958701,255.8952494384,4469011,243.273584091275,237.12925043188199,243.92021665218005,66.86456642774249,3.849872961980793,2.8305414474453365,1.0193315145354567,254.9537500222952,231.59341816025483,9.602494224475967,0.018091118743066615,0.0011286681714202107,0.03839850152159663,0.09840667051924723,0
2019-06-11,257.212710888,257.6166041791,249.2406266421,253.5488217472,3119822,244.34486296340498,237.67812979827798,244.83722666122958,63.2131603982262,4.144107592199703,3.09325467639621,1.0508529158034925,255.66236307580448,233.02736285100548,9.263546591601148,0.017132421638978528,-0.009169485155936075,0.02261179847156658,0.05811060277696489,1
2019-06-12,252.3852244086,254.0777296284,251.3370251531,253.7315353789,2295582,245.20602115908997,238.16152115892,245.6843036819601,63.38085564227736,4.34198244869259,3.3430002308554867,0.9989822178371037,256.6278966201978,233.78414569798215,9.316145996021284,0.01681144074674547,0.0007206250474403042,-0.007336343115209587,0.02961835635658505,0
2019-06-13,254.837433676,255.0586133354,250.2695928837,251.1831610422,4331030,245.785415701695,238.58991173325398,246.20800438293534,59.31922268027876,4.244242204570554,3.5232486255985003,0.7209935789720539,257.1856605172375,234.38517088615248,9.276583627222843,0.016924857558548088,-0.01004358537023975,-0.01841413002602188,0.013070627933114753,0
2019-06-14,250.0195637035,251.9332485828,249.4714228084,250.1253452797,3158167,246.106607033195,239.003484034524,246.5810844683415,57.66724832720906,4.03491349430891,3.6255815993405824,0.40933189496832734,257.6153601686275,234.59785389776252,9.352656780872346,0.01662364652511973,-0.004211332312687444,-0.013502237730425581,-0.021444695259723034,0
2019-06-17,250.9908309035,251.6736028956,248.1539613588,249.2598596559,3332201,246.426355888655,239.45486838414598,246.83620591477563,56.28609008872731,3.7558860106462646,3.6516424816017192,0.10424352904454537,257.9124033507416,234.94030842656838,9.32209334562936,0.01662406625708583,-0.0034602076124361503,-0.017623649801048247,-0.025930101465589273,0
2019-06-18,251.6639863887,252.1928942699,245.2882422934,248.8848158856,3921313,246.68215497302498,239.88780433095,247.03131162628273,55.66394033126427,3.4645545929305683,3.6142249038674894,-0.14967031093692107,258.1479246558381,235.21638529021186,9.295986314102791,0.016627250812893835,-0.0015046296295669892,-0.00915007656987743,-0.018394902525913692,1
2019-06-19,248.9040488995,250.6254036402,248.3943740321,249.9041656203,4326451,246.89900720432001,240.34170345810003,247.30491676857008,57.05340817658281,3.2781370269136687,3.5470073284767256,-0.2688703015630569,258.4360512462737,235.36196316236632,9.345557256458513,0.01657890438611565,0.004095668637208227,-0.0008842752786715202,-0.01508432821676875,1
2019-06-20,253.3853411294,257.4338905474,252.4333069432,256.5587884167,4667305,247.374543472065,240.93561892617004,248.1862378779158,64.80743416521462,3.6255787919760394,3.562721621176588,0.06285717079945119,259.6569160988296,235.09217084530042,9.930183158196778,0.017520491135677815,0.026628698964989983,0.029282407407579036,0.021401225114755507,0
2019-06-21,255.6259872444,257.8666333593,254.279676274,254.3277588087,4285826,248.08328003289498,241.46279583613799,248.77114463322857,60.84133253397625,3.6784999919767642,3.5858772953366236,0.09262269664014067,260.2523732478668,235.91418681792314,9.810490423504756,0.016274526743004405,-0.008695978110001001,0.021869324987675576,0.016801230296356717,1
2019-06-24,255.6548367652,256.8569001315,254.9624482661,255.1259288839,2538233,248.74778066183498,242.02555382175,249.37636218091154,61.74336175479761,3.7417139296915423,3.617044622207607,0.12466930748393512,260.93114863581764,236.56441268785233,9.795760140304989,0.016247317417087133,0.0031383521757071264,0.020895062915973428,0.023533950617231625,0
2019-06-25,255.8375503968,256.097196084,249.1829276005,249.7695345233,3137962,249.05070063016996,242.42752381147403,249.41380716590092,52.931482355997204,3.3213091862613453,3.557897535018355,-0.23658834875700974,261.01743158570684,237.08396967463307,9.609875358918979,0.017038769691153696,-0.020995099886682023,-0.026462760973024912,0.0035547312701738054,1
2019-06-26,250.8754328204,252.5775545472,250.0195637035,251.2793261115,3869362,249.42285944841,242.85353506852599,249.59147563691036,54.885910078388946,3.0745217882022473,3.4612223856551334,-0.3867005974528861,261.17886587670773,237.6668530201123,9.426566958855103,0.017069063362904896,0.006044738767206015,-0.011986236624264679,0.005502751375858983,0
2019-06-27,252.3756079016,253.4718896918,250.4138404877,251.0869959728,2186857,249.75510976288,243.257620689772,249.73390614509032,54.57502629140461,2.830789977653353,3.335135904054778,-0.5043459264014247,261.303017946074,238.20720157968603,9.247384923702018,0.017076095163783625,-0.0007654037507831557,-0.015831134564679994,-0.021327635968613867,1
2019-06-28,253.0006808521,254.6835695651,251.3081756323,254.3854578502,4400979,250.38210601479,243.71017350595196,250.17691106938645,58.87702734446699,2.8706974555896068,3.2422482143617435,-0.3715507587721367,261.4977449699474,239.26646705963256,8.878940378032306,0.01701617844570333,0.013136729222557264,0.018480729988586297,0.00022686883166134209,1
2019-07-01,259.6360706347,259.6360706347,254.7124190859,256.5395554028,2649210,251.56060893920503,244.207923904708,250.7828771963782,61.445026177263536,3.041086339016715,3.202015839292738,-0.1609295002760227,259.6194549029442,243.50176297546582,6.407080979587532,0.014295991727097983,0.008467848637277342,0.020933792575382304,0.005540897097696673,1
2019-07-02,256.6453369791,260.2226775575,256.2125941672,260.1938280367,2649648,252.58909435549498,244.7372164462,251.6791582287898,65.39316541019294,3.431434576440097,3.24789958672221,0.18353498971788706,259.4538163920215,245.72437231896845,5.435485687964889,0.013379006016239283,0.014244480264114845,0.03626962849516313,0.041735648558161254,1
2019-07-03,260.6073378347,262.6075712764,260.3957746822,262.6075712764,1896816,253.397842588405,245.30632132638598,252.71995947141934,67.74286654425114,3.8907076183126037,3.3764611930402886,0.5142464252723151,260.9477844115505,245.8479007652595,5.958962985654853,0.012188319075857684,0.00927671212615988,0.03232147582524836,0.045082280903098626,0
2019-07-05,261.0881631813,262.3094595615,258.7705850109,261.7036196249,2561004,254.08590365933,245.82272774859,253.5755461527032,65.93727076065845,4.134088273012594,3.52798660903475,0.606101663977844,262.02017874521874,246.15162857344123,6.245348499558458,0.012257225944369704,-0.003442214735494331,0.02012969974159251,0.042282650325905724,0
2019-07-08,260.0578748162,261.9546316225,259.4416695593,261.1458622229,2291791,254.36285905895002,246.32182445831802,254.29652863557908,64.78978235415875,4.233165537099353,3.6690223946476705,0.5641431424516825,262.8570870790199,245.86863103888015,6.678827287517855,0.010342479113009399,-0.002131255971160928,0.00365894223311769,0.026575435678721115,1
2019-07-09,259.7882850163,263.4758883504,259.4801823879,263.1774139291,2477597,254.72696728348495,246.84097287733803,255.142327234962,67.03974410507621,4.424610076270483,3.8201399309722333,0.6044701452982495,264.0377804551158,245.41615411185407,7.310425959940779,0.010449034460554672,0.007779375437570568,0.0021699399218777504,0.025874600569404382,1
2019-07-10,263.9765551216,266.7976198133,263.9572987073,265.1415681854,2322970,255.30660460539502,247.39074952524598,256.09463589690847,69.0958950388051,4.680863999755871,3.992284744728961,0.6885792550269105,265.63919872427493,244.97401048651514,8.094263080150299,0.01021821790073007,0.007463232604106196,0.013136801720311064,0.019015593821088306,1
2019-07-11,267.2790301702,268.2899919198,265.8155426851,267.9722610842,2583945,256.01864089066004,247.860393302568,257.2258382956981,71.82391137981756,5.0540998234762355,4.204647760478416,0.8494520629978197,267.6943473246855,244.34293445663454,9.120981498383882,0.010379102554971799,0.010676156583718566,0.026140176234051626,0.020428542032223218,1
2019-07-12,268.8580561409,269.3394664979,265.9888504136,269.1469023551,2299980,256.916827956305,248.459119151412,258.36117772992685,72.89322673684852,5.382628050867709,4.440243818556275,0.9423842323114338,269.67962692270515,244.15402898990484,9.935354618787978,0.009932301874397281,0.004383443518174213,0.022682373600677597,0.028441649912479106,0
2019-07-15,270.0326974119,270.1578641047,268.1937098484,268.9832228337,3349518,257.859721834005,249.084574911454,259.37280107314336,72.48044570823333,5.5656244147707525,4.665319937799171,0.9003044769715816,271.24731204570656,244.47213162230338,10.38362262743752,0.009816951586314798,-0.0006081419476419159,0.014489069649062714,0.030011429413767443,0
2019-07-16,268.6269791696,270.1963769332,265.0741707354,266.3354658706,2976028,258.71350214474,249.642458441698,260.03591200623447,65.97222679624912,5.434354635418799,4.819126877323097,0.6152277580957026,271.9757768326941,245.4512274567859,10.252479733766966,0.010159335875908981,-0.009843576618668859,-0.006108077033710968,0.011999707324241715,0
2019-07-17,267.0768378203,268.1166841913,265.0356579069,265.045286114,2319268,259.52152565615995,250.161267597246,260.5129952545931,63.00354877203669,5.1666576523753065,4.888633032333539,0.27802462004176753,272.2484264905844,246.7946248217355,9.807973193935606,0.0102704642868968,-0.0048441905864193835,-0.015239321742921197,-0.00036313457772352287,1
2019-07-18,264.7756963141,266.9420429203,264.5253629285,266.4895171848,3242092,260.350793234385,250.77781556383601,261.08218781937467,64.90721553484207,5.013253575554643,4.91355714097776,0.09969643457688271,272.61599296210494,248.08559350666502,9.42205673764014,0.010281125252861687,0.005448997384464915,-0.009270859433644807,-0.005533199195323135,0
2019-07-19,269.0409920766,269.0891331123,265.180081014,265.3533887425,3048222,260.790523250675,251.366448047838,261.4889688596723,62.195971872919735,4.745302772670527,4.879906267316313,-0.13460349464578591,273.11087254231643,248.47017395903356,9.448463953422852,0.008800779789564594,-0.004263313823005377,-0.0036873689536230936,-0.014094583959190499,1
2019-07-22,266.6146838776,268.9735946266,265.805914478,268.2514790912,2093004,261.48670926479997,252.01342699909196,262.1330174531511,66.08737441154344,4.712478977456271,4.8464208093443055,-0.1339418318880341,273.8411422492537,249.13227628034622,9.44937738456357,0.008670629478355306,0.010921625544086488,0.01209677419360311,-0.0027204066290498208,1
2019-07-23,269.5897998835,269.9941845833,266.6050556705,268.5980945482,2275405,262.160317548015,252.626564270098,262.748739081251,66.53111586533552,4.660709100539634,4.809278467583371,-0.1485693670437369,274.5231439485384,249.79749114749157,9.43150093511704,0.008675592973231271,0.0012921287821945349,0.007912421417829218,0.008495408864170217,1
2019-07-24,267.8278379771,269.8786460976,266.1043888993,269.830505062,2805211,263.16336607495,253.380709485246,263.4231929841795,68.12798826877966,4.665347111457493,4.780492196358195,-0.11514508490070252,274.55964203364624,251.7670901162537,8.66098965723866,0.006664642102707229,0.004588306986589075,0.01687227866475305,0.018054344667506328,0
2019-07-25,269.5897998835,270.456338526,267.2308891345,268.9639664195,2312275,264.04759809035,254.029821384332,263.95088569230523,65.75247051284784,4.546688942131539,4.733731545512864,-0.18704260338132528,274.3058119894354,253.78938419126456,7.769973272451695,0.006826646023564922,-0.0032114183765132864,0.00265604249681628,0.009285352988140705,1
2019-07-26,270.1674923118,271.7946593182,269.6668255406,271.5828387612,2942391,265.07239022977,254.66957275575402,264.6777383655333,69.242974414687,4.61082191430944,4.709149619272179,-0.09832770496273913,273.94880198379315,256.19597847574687,6.6973491628674635,0.006890693049331246,0.009736889206992672,0.011112305982738047,0.023476052249497004,0
2019-07-29,272.5938005108,272.7959928607,270.0038127905,270.9762617115,3677650,265.901930422835,255.21506761698998,265.27759773181583,67.52629912219479,4.560135653056079,4.67934682602896,-0.11921117297288042,273.658680570724,258.145180274946,5.834293971130111,0.006666053421078103,-0.0022334881411021357,0.004246208742175961,0.010157567926675437,0
2019-07-30,268.9543382123,271.8716849754,265.2089656354,267.81820977,3961013,266.465863141195,255.71413416145603,265.5195607830715,59.28534043437569,4.216532465537853,4.5867839539307385,-0.3702514883928858,272.95421458956366,259.9775116928263,4.8699307084830155,0.0073138115851265435,-0.011654349061993696,-0.0042598890280826085,-0.0029035380147122147,0
2019-07-31,268.309248334,268.6077227553,255.811835468,262.1471957653,5513056,266.563531527625,256.081701392798,265.19838316233137,47.96508678998214,3.4468874553918454,4.35880465422296,-0.911917198831115,272.7217001493044,260.4053629059456,4.620413442445118,0.008440015764446073,-0.02117486338800567,-0.03474314886367558,-0.028474576271257934,1
2019-08-01,263.7454781503,268.9254535909,261.5406187155,263.9669269145,4988113,266.63149930953,256.4496975112,265.08110161491885,51.18603761723235,2.949772197744778,4.076998162927325,-1.1272259651825465,272.6417496451695,260.6212489738905,4.508282293130167,0.008326259101732169,0.0069416388143597185,-0.025866969869348333,-0.018578843744467277,0
2019-08-02,261.8872341725,262.3686445295,255.8022072609,259.4320413522,4438017,266.517920395895,256.697377077008,264.5430958756123,43.89415398470537,2.1649215413677325,3.6945828386154065,-1.529661297247674,272.96626497083815,260.0695758209518,4.838957594569688,0.009173951263717596,-0.017179749051550286,-0.03131291343109943,-0.04474066721014014,0
2019-08-05,250.3333856061,252.8848604978,244.4601792515,247.2908721503,6861319,265.82517089226496,256.84013396817204,262.9000269493921,31.114274476445004,0.5568122697941362,3.0670287248511525,-2.5102164550570163,276.20908226048067,255.4412595240493,7.812586997206626,0.013859386992139403,-0.04679903507145189,-0.05667168619381624,-0.08740761796476881,1
2019-08-06,252.0664628911,255.2919122825,250.5066933346,254.839386547,4918499,265.40826952316,257.10020337300995,262.1323469110691,42.35225033258433,-0.10728714802445438,2.4321655502760313,-2.5394526983004857,276.80413528428795,254.01240376203208,8.587423279313844,0.015584312869393973,0.030524840367387673,-0.03457834840974772,-0.04846131722763025,1
2019-08-07,253.6069760333,259.9615927448,250.5740907846,259.2972464522,4475969,265.1160534365,257.411925598922,261.8623373435577,47.77123843633712,-0.27075755817384106,1.891580928586057,-2.1623384867598983,276.81985154457095,253.4122553284291,8.829188543178276,0.016042276088949266,0.01749282152026299,-0.0005195769161642216,-0.010871561317983947,1
2019-08-08,261.8872341725,267.7411841129,261.502105887,267.7026712843,4135475,265.102573946505,257.889256029674,262.4185596236284,56.142609013318804,0.2747711106023303,1.5682189649893117,-1.2934478543869814,276.79379703567054,253.41135085733944,8.82015056671967,0.017540916333254886,0.03241617466867108,0.08254166017738807,0.01415231981319387,0
2019-08-09,265.2667348782,266.6050556705,262.9270805435,264.7275552784,3410530,264.88160659267,258.29496734157397,262.6384639717019,52.90999761225069,0.4617171257186783,1.3469185971351851,-0.8852014714165068,276.4248383922903,253.33837479304967,8.715766978392953,0.0176832914804741,-0.011113508847808262,0.03880157170907461,0.02041195026874476,0
2019-08-12,262.7056317793,264.7564398999,258.8928617524,259.9615927448,3861432,264.43052508822495,258.65728854023,262.3835238548541,48.12919402927752,0.22273232433212797,1.1220813425745737,-0.8993490182424457,276.00242892381164,252.85862125263827,8.752320732809357,0.018102491821314754,-0.018003273322219626,0.002562103152616624,0.051238124902559745,1
2019-08-13,259.7979132234,265.1319399783,258.0359513171,264.3231705786,3926426,264.329910323625,259.284362013512,262.5682521142585,52.37065481957152,0.3808873946106246,0.9738425529817839,-0.5929551583711593,275.868758194098,252.79106245315194,8.730641081325807,0.018436062534355487,0.01677777777766476,-0.012624082865840935,0.037214749886595344,0
2019-08-14,259.7882850163,262.339759908,255.9658867822,257.2175537103,3750345,263.93852370344,259.6362306935,262.058661790072,45.80010414395405,-0.06637237052967748,0.7657995682794917,-0.8321719388091692,275.8778305110738,251.9992168958062,9.047036135618265,0.019362514378616583,-0.026882307944270933,-0.028368794325932978,-0.008020496824995615,1
2019-08-15,259.2683618308,262.9944779935,258.1226051813,261.781323894,3364264,263.7031140389,259.943205039016,262.03224865711275,50.128003773613706,-0.051971745993682816,0.6022453054248568,-0.6542170514185396,275.6175827581236,251.78864531967648,9.036274571612383,0.019779330146754072,0.017742841100339968,0.006999999999947937,-0.0221191195511512,1
2019-08-16,264.7564398999,265.7000041995,263.6106832504,264.1594910573,2718148,263.64341915464,260.267546896034,262.2348431714163,52.266956326701184,0.1496144058688742,0.5117191255136603,-0.3621047196447861,275.53616003391784,251.7506782753622,9.021837842500545,0.019877857698519318,0.009084556254528309,-0.0006192401556841531,-0.0021458446987229207,1
2019-08-19,266.7013377419,268.2129662627,264.9778886641,267.7315559057,2502640,263.617422995365,260.51004292953803,262.75833962230047,55.363626436879855,0.5907983087006414,0.5275349621510566,0.06326334654958488,275.471971133685,251.76287485704506,8.993751629632147,0.019961648000512654,0.013522379355376701,0.040875912408535386,0.029888888888781606,0
2019-08-20,268.0492867413,269.1661587694,265.5940939209,266.7398505704,2583697,263.52451079647506,260.726934952178,263.1375311411671,54.31019761643718,0.8506120712519873,0.5921503839712428,0.2584616872807446,275.24987961053625,251.79914198241386,8.898882899827806,0.019977113973456594,-0.0037041032833997622,0.018941483688147853,0.009142898772400043,1
2019-08-21,269.2431844265,271.6117233826,268.9061971766,271.5250695184,2492795,263.609239019295,261.086459907602,263.93634431995116,58.421275256098056,1.42620314521389,0.7589609362197722,0.6672422089941177,275.53837283428834,251.68010520430167,9.050618908027102,0.020363354833809043,0.017939647704560358,0.027883073334292297,0.05562418117160983,0
2019-08-22,271.6213515898,272.3723517466,266.4702607705,270.3311718332,2975974,263.67759928998004,261.418452636688,264.54537551168914,57.0422164956953,1.7656720841684432,0.9603031658095065,0.8053689183589368,275.7435760889969,251.61162249096313,9.15206815558671,0.020376483411474425,-0.004397007198332026,0.009709785306053487,0.03266026701989633,0
2019-08-23,269.5897998835,271.6020951755,260.1637850947,261.781323894,4417798,263.18752354662,261.63041589372403,264.28213250048066,48.257076087736834,1.3294770060438168,1.0341379338563685,0.29533907218744826,274.71348159935934,251.66156549388066,8.758741977902062,0.021455136589354135,-0.031627310610244486,-0.01858937337558142,-0.009002770083260447,1
2019-08-26,264.6601578285,266.152529935,262.8307984721,266.152529935,2185018,262.946336957795,261.95095958683,264.4602655894825,52.30173983902249,1.3212781873530162,1.0915659845556982,0.22971220279731797,274.0025745315542,251.89009938403575,8.40950111849921,0.02184062557381822,0.016697929309769988,-0.01978653239249395,-0.005897795518941984,1
2019-08-27,266.4510043563,268.7136330339,264.6890424499,266.3547222849,2170169,262.87316258353997,262.29285683941004,264.64069003666515,52.48674946476724,1.315926614440798,1.1364381105327181,0.1794885039080798,273.8182692755352,251.9280558915447,8.327291066479223,0.02168788397874799,0.0007596859964071889,-0.014709548741029255,-0.0014438348251167854,1
2019-08-28,264.9971450783,268.2899919198,263.2062985505,267.8952354271,2306887,263.16056456663,262.67306523024,264.9506467405161,53.95224866221173,1.419627409235602,1.193075970273295,0.22655143896230712,274.3142096418774,252.00691949138258,8.47668425823233,0.021136528919951537,0.005783689994248498,0.02335503328562738,-0.013368320272372003,1
2019-08-29,270.5526205974,271.4961848969,268.511440684,270.9184924686,2297871,263.508142844335,263.09335176720595,265.51901300033364,56.77029093483371,1.7258678824368872,1.2996343527060135,0.4262335297308737,275.16265273738856,251.85363295128144,8.845654458532882,0.021219711733175713,0.011285221391414746,0.017906884201942086,0.0021725967871821794,0
2019-08-30,272.0835055324,272.4397491965,268.3670175769,270.9088642615,2600265,264.0819839898,263.380353284102,266.03233216806376,56.75837785409992,1.9453638049491246,1.428780243154636,0.5165835617944887,276.00430092194154,252.15966705765842,9.029254288397082,0.020766147834258116,-3.553912843767826e-05,0.01709803354538919,0.03486704181844491,0
2019-09-03,269.5801716763,272.3242107109,268.1455688127,269.695710162,2350841,265.20222589038497,263.687712311168,266.38122531034344,55.186949503475056,1.9983883311174395,1.5427018607471967,0.4556864703702428,274.5315543931817,255.87289738758824,7.0356336350304876,0.017370418137920965,-0.00447808934863414,0.0067208165611067905,0.013312592699627146,1
2019-09-04,272.2568132609,275.5689165166,271.6598644183,275.4630062381,2630958,266.23340687494,264.094453858252,267.2461568272726,60.75036159351935,2.4772273097573816,1.7296069505492337,0.7476203592081478,275.308761867386,257.15805188249396,6.817592952719916,0.016758842277279133,0.021384456106608773,0.016774468690160305,0.03419606709077794,1
2019-09-05,279.4972250292,282.5493666922,278.8328787366,281.220674107,3808303,267.32957825768,264.723476649926,268.5770632348657,65.3722554914001,3.283456683592533,2.040376897157894,1.243079786434639,277.9530086345688,256.7061478807912,7.947815162188171,0.016919515100467037,0.02090178259335218,0.03806375946246732,0.04974123059208391,0
2019-09-06,281.0858792071,282.1738666138,279.2661480579,280.5466996073,2782779,267.97177967383,265.30882411984203,269.71702860366895,64.41603110845602,3.8239352165803098,2.397088561042377,1.4268466555379327,280.0597158918036,255.88384345585635,9.021797916696169,0.015603790873669782,-0.002396603670196451,0.04023419370957759,0.03553912858058572,0
2019-09-09,282.5782513136,282.7708154564,269.6860819549,272.8248774821,4794198,268.376645784015,265.743581750028,270.01301421113857,54.56769302051011,3.5878236388017513,2.635235576594252,0.9525880622074991,280.5449673208105,256.20832424721954,9.068092718163214,0.01674499624295801,-0.027524195208885827,-0.009577070954201572,0.007072537939365908,0
2019-09-10,270.8799796401,271.0340309543,260.2889517875,262.2049650081,8680334,268.48881439718,265.89997189318603,269.26939047751586,44.492722296932165,2.514776551290879,2.6111437715335777,-0.09636722024269861,280.3830578376483,256.5945709567117,8.86014076018299,0.018588909128377372,-0.03892574816494443,-0.06761846069562027,-0.027774802756041272,0
2019-09-11,264.698670657,265.738517028,259.1913361737,259.9134517091,6336941,268.268328453705,265.96744981931204,268.3783486900477,42.662351342646105,1.4626129397733507,2.3814376051815325,-0.9188246654081818,280.61804189887494,255.9186150085351,9.206985793927663,0.018293108850012636,-0.008739397055006926,-0.07354657148732013,-0.056448794127947344,1
2019-09-12,263.2255549648,268.4055304054,263.032990822,266.1236453136,5497162,268.71363303387,266.08604616484996,268.16361503514787,48.80865632761719,1.1170003357835299,2.128550151301932,-1.0115498155184022,280.0369826341315,257.3902834336085,8.427819215881955,0.017986162219387106,0.023893313576746067,-0.02456239412749195,-0.05368392221283069,0
2019-09-13,267.6545302486,267.8085815628,262.888567715,266.0466196564,4630877,268.92689782199,266.15482713245,267.9619964276481,48.73887091547225,0.8273473846669503,1.8683095979749358,-1.0409622133079854,279.8743874319102,257.9794082120698,8.14161000523393,0.017595719112616613,-0.0002894356009184307,0.014651342121539734,-0.05168508476911948,0
2019-09-16,263.3025806219,265.5074400567,262.5708368794,263.8899012574,2753233,268.913418331995,266.19855276510003,267.5741778400054,46.72443005261763,0.41893693945974064,1.578435066271897,-1.1594981268121562,279.8849923029002,257.9418443610898,8.159930463090468,0.01759767186211806,-0.008106543138136524,0.015299129468491435,-0.032749858836777834,1
2019-09-17,264.3424269929,268.2707355055,263.7647345646,265.9792222065,2950683,268.825801647035,266.295219964772,267.4222773034811,48.92669428689643,0.2608525132061459,1.3149185556587468,-1.054066042452601,279.8615286410643,257.7900746530057,8.210318300115452,0.01741631473234161,0.007917396380629382,-0.0005426917511586193,0.014394301031955825,0
2019-09-18,266.4798889777,266.5569146348,260.3852338589,264.8719783855,2983354,268.73240803779,266.32911125389995,267.1793916922448,47.799021456480446,0.04569737286266218,1.06107431909953,-1.0153769462368678,279.86832677490474,257.5964893006752,8.287737841837666,0.01742149790832404,-0.004162895927789512,-0.004415170816367109,0.019077606964142957,1
2019-09-19,265.7000041995,267.8085815628,264.6312732071,265.6518631638,2625675,268.43874772006,266.339317153468,267.03391278477386,48.69595590682988,-0.06117920632112828,0.8366236140153984,-0.8978028203365267,279.5743617716453,257.30313366847474,8.296577261042794,0.01691477278006433,0.002944383860662425,0.006676882662066452,-0.001772793053559929,0
2019-09-20,267.4619661058,268.2322226769,260.8377595944,261.08809298,5575221,267.97659377739996,266.201633791384,266.46764423193827,43.938198306645404,-0.5082786581634764,0.5676431595796235,-1.0759218177431,279.5194585195561,256.4337290352438,8.614830556242135,0.01728899866574693,-0.01717951505947457,-0.018389140271651283,-0.018637811233249146,1
2019-09-23,260.250438959,263.5625422147,259.9615927448,262.9944779935,3106326,268.037251482375,266.078585304152,266.1368664949442,46.2984992026723,-0.7007016047332968,0.31397420671703946,-1.0146758114503363,279.46139393501556,256.6131090297344,8.524294581786357,0.015862415109824567,0.007301692665264703,-0.007088331515640367,-0.0033931698774126717,0
2019-09-24,265.3822733639,267.124978856,259.0565412738,261.0399519443,4122719,267.78162258284,265.919719886364,265.6514460615495,44.24190018949088,-0.9993917279963966,0.051301019774352224,-1.0506927477707488,279.5855054755154,255.97773969016455,8.816051511543748,0.015466387808693858,-0.007431814021769401,-0.01736073357278234,-0.018570135746788785,1
2019-09-25,260.2022979233,262.8404266793,256.6976305248,262.6093497079,4102066,267.59435395399,265.84519756311,265.3617225992972,46.304417113345245,-1.0968250032231026,-0.17832418482513873,-0.9185008183979639,279.5999628778683,255.5887450301117,8.972991205892574,0.015539666303084908,0.006012097963973062,0.005826603237768069,-0.008542348237029929,1
2019-09-26,263.0715036506,265.1993374282,262.4938112223,263.7069653217,2934281,267.38494044872004,265.818431147264,265.20412666809744,47.759862120747236,-1.073103104328652,-0.35727996872584145,-0.7158231356028106,279.50779001933944,255.26209087810065,9.067713050910848,0.015509136554178177,0.004179651695649378,0.002709134175119754,-0.007321227936958774,0
2019-09-27,265.1511963925,265.3822733639,257.7374768958,259.1239387237,3237279,266.795212761475,265.671119578042,264.6250611495834,42.57115180458426,-1.4078860391740022,-0.5674011828154737,-0.8404848563585285,279.31415835030833,254.27626717264167,9.384685324189638,0.0156695802099621,-0.017379239840741745,-0.007339923281202698,-0.007522956079235921,1
2019-09-30,260.9147852515,261.9546316225,259.3068746594,261.4732212656,3260778,266.32343061168,265.59351622850403,264.32488592253736,45.820518762532394,-1.4667289216600352,-0.7472667305843861,-0.7194621910756491,278.8977686869987,253.74909253636133,9.442907855638904,0.01586383530031584,0.009066250511130747,-0.004326306140903569,-0.005784367563556381,0
2019-10-01,261.3961956085,263.4758883504,260.0001055733,260.8666442158,3070861,265.88197731437,265.445819530996,263.99552956951476,45.11080273070504,-1.544503948416093,-0.9067141741507274,-0.6377897742653655,278.57115788911693,253.19279673962302,9.544972324125371,0.015850924804374573,-0.0023198438710624325,-0.010770747380278833,-0.0006639126586146515,0
2019-10-02,258.1900026313,258.9410027881,252.759693805,254.6468224042,4636363,264.84116812267496,265.166794088116,263.10517650615145,38.521953519873314,-2.0840057355644035,-1.1421724864334628,-0.9418332491309407,277.6305655552399,252.05177069010998,9.658164191936274,0.015632545387546423,-0.0238429172510638,-0.0172778954408912,-0.03032080659944769,1
2019-10-03,254.42537364,258.5558745025,250.7281420988,258.3151693241,3953975,263.69589288353006,264.936487373358,262.6489853459561,43.74107695930134,-2.1903113046992644,-1.3518002500866233,-0.8385110546126411,274.3346030497201,253.05718271734003,8.068923675568183,0.015152308826057313,0.014405626134526228,-0.012077917295752805,-0.02044616451834136,1
2019-10-04,259.489810595,264.2750295429,259.1528233451,263.8706448431,2689069,262.86209014532,264.83462094183,262.7653338694936,50.58315529992028,-1.8054664949024186,-1.4425334990497825,-0.36293299585263616,270.1844815700058,255.5396987206342,5.571279921450607,0.01620244454068225,0.021506578702041868,0.011515464678630849,0.0183182848438459,0
2019-10-07,261.22288788,263.3314652433,260.3563492375,262.0701701082,2873452,262.324354776625,264.64436756877,262.69912779698944,48.52347870758372,-1.6270024034592439,-1.479427279931675,-0.14757512352756885,268.0457864186869,256.6029231345631,4.3621048048960605,0.015177678432456808,-0.006823323359711364,0.029151542649987983,0.0022830209522435307,0
2019-10-08,260.1092875027,261.3239406132,256.9955338943,257.4582588887,2826674,262.08701947065504,264.374007512314,262.1999974247714,43.62352007075299,-1.8365405213660893,-1.550849928218558,-0.2856905931475313,268.1896742126241,255.984364728686,4.656968326241231,0.01303759337685818,-0.017598001396327834,-0.0033173059005483507,-0.013065623385259073,1
2019-10-09,260.2442489595,263.3098020477,259.8008041731,262.4421926831,2176407,262.213456519355,264.266487170576,262.22306363985035,49.55220881898306,-1.5822005615248145,-1.5571200548798094,-0.025080506645005052,268.23498455050253,256.1919284882075,4.5928444032414015,0.013640610677412339,0.01935822069143467,-0.005413456130557326,0.030612478118915876,1
2019-10-10,261.7866656076,264.8232983837,261.4974624861,263.9749692272,2227489,262.106022715035,264.303042639814,262.3899117910265,51.25015983015492,-1.242627813840329,-1.4942216066719134,0.25159379283158434,267.9176749640348,256.2943704660352,4.434581234570327,0.012571600078452613,0.005840434910368231,0.007268279019369439,0.021910443424245196,1
2019-10-11,266.2596738872,269.9229134266,265.2185426497,265.9801108698,3507281,262.10269727570505,264.34330631892,262.7318355128145,53.45708435111852,-0.8024654695058757,-1.3558703792387061,0.5534049097328304,267.9053956639066,256.29999888750353,4.427805168367023,0.012695976390062641,0.007595953693905644,0.03309993634651276,0.007994318685787372,1
2019-10-14,267.5707280382,268.5347384433,265.642707228,266.4331957602,2045862,262.229862000845,264.48332940708,263.0843460125655,53.96422560879365,-0.41232050226602723,-1.1671604038441703,0.7548399015781431,268.2894369797987,256.1702870218913,4.621575081280555,0.012552380004741756,0.0017034540248830332,0.01520717014401396,0.016648310832929614,1
2019-10-15,267.2333243964,269.8843530104,266.02831139,268.5347384433,3006823,262.357637812685,264.90820673294,263.6034310059688,56.34050439274347,0.06569187131469789,-0.9205899488123966,0.9862818201270945,268.82230294660894,255.89297267876108,4.928131833950642,0.012551464677154933,0.007887690860381547,0.017273490851988482,0.04302242857700822,0
2019-10-16,267.1272832518,268.9878233337,264.9100593201,268.2551754258,2729701,262.5267976647,265.176522510516,264.04645428404797,55.926934287206734,0.41715304156952016,-0.6530413507360133,1.0701943923055335,269.40932941893385,255.6442659104661,5.24329844835442,0.012509067730623474,-0.0010410683516055563,0.00855351382688041,0.02214957390528749,0
2019-10-17,269.2963066633,270.3470780049,265.9993910779,266.5585171128,2440056,262.57213036215,265.321747923728,264.28569836297675,53.36659649117758,0.5524145141899908,-0.4119501777508125,0.9643646919408033,269.5477141084117,255.59654661588831,5.313270480489065,0.012593327388382505,-0.0063247924678691,0.0004703668859371568,0.009787094182313938,0
2019-10-18,265.3342238984,266.7223988817,260.1864083351,260.8901359309,4052206,262.56223250969504,265.18549721666,263.96231146468375,45.81955910510358,0.19991472450533365,-0.28957719729958326,0.4894919218049169,269.5467671680817,255.57769785130836,5.320288901892069,0.012919766790733015,-0.021265053704891845,-0.028467834577812545,-0.019136675002709547,1
2019-10-21,262.1433494575,264.4858947419,259.8008041731,264.4280541176,3098896,262.63391131590004,265.179507193444,264.0066679078186,50.522684368862265,0.20368853694492373,-0.19092405045068186,0.39461258739560556,269.6639940900941,255.60382854170598,5.353522505125522,0.013178116489873236,0.013560950375054004,-0.01426671937316859,-0.007525870178747174,0
2019-10-22,265.0064603606,265.4402650429,251.6163558339,251.8573584351,5641303,262.17478164044,265.01742250725,262.8495908151787,37.92554243284948,-0.7984665480604463,-0.3124325499726348,-0.48603399808781145,270.6185687457229,253.73099453515718,6.441341957033149,0.016940056231182672,-0.047539190667376885,-0.05515171241547279,-0.06210511200479696,0
2019-10-23,253.2262532104,254.6819089221,249.2063298211,251.462114169,5386444,261.617419863495,264.760201379058,261.7650692298283,37.60803260775064,-1.6060609116930777,-0.5711582223167234,-1.0349026893763544,271.2594845317816,251.97535519520838,7.371118233118865,0.016844110235243882,-0.0015693179208892127,-0.036137900454761285,-0.06260107090252587,1
2019-10-24,254.0745823668,259.6369224042,254.0745823668,259.0777963693,3823319,261.38596141587504,264.797406232238,261.5091384812066,46.842608359933095,-1.6129700420173094,-0.7795205862568406,-0.8334494557604688,271.0385163351487,251.73340649660136,7.3856720284346755,0.018299286806416543,0.030285604753890638,-0.020233321181271413,-0.02806408448143627,1
2019-10-25,256.6774104606,262.3843520588,256.002603177,260.4659713526,2757552,261.45306304732003,264.77109918140997,261.4097892308631,48.343446235410596,-1.4892641478255655,-0.9214692985705857,-0.5677948492549798,271.06033804937687,251.8457880452632,7.349139375213998,0.017912341070424952,0.005358139534741069,0.0341805098369532,-0.0016258360124905558,1
2019-10-28,263.4254832963,265.9993910779,261.6035036306,265.9993910779,3786785,261.679371537935,264.807897181822,261.84689416867616,53.92745859938892,-0.9339595045137798,-0.9239673397592246,-0.009992164754555222,271.48898974024155,251.8697533356285,7.497433324341691,0.0184217470643053,0.021244309560150887,0.05781100249212856,0.0059423988333746625,0
2019-10-29,267.6092884544,268.2744556339,263.2519614234,264.4184140135,4705004,261.85696002782004,264.741634343978,262.0918008205641,52.19150775099462,-0.6143661793695969,-0.8620471076812991,0.2476809283117022,271.7296913715074,251.98422868413272,7.540552935952852,0.018474082495578505,-0.005943536404325767,0.020613953488269,0.049873689045447644,1
2019-10-30,264.7558176553,267.4839671017,263.1748405909,267.1754837721,3482610,262.483393096215,264.75034700801206,262.57596110166276,54.917012992818094,-0.1370340358569706,-0.7170444933164334,0.5800104574594628,272.0312343538658,252.93555183856427,7.275005968968815,0.01763442375748058,0.010426920412809126,0.025759650616383745,0.06248801993504083,0
2019-10-31,266.4331957602,269.045663958,265.1607020254,266.8477202344,5355608,262.91002064173,264.656800022332,262.9827953047806,54.519099909783876,0.21235940161824374,-0.5311637143294979,0.7435231159477417,272.4372385368904,253.38280274656958,7.247512188318783,0.017426663583795285,-0.001226772505742213,0.0031892146559522327,0.02999069767454876,1
2019-11-01,268.9589030215,270.2988774846,266.1825530548,269.0071035418,2879841,263.166843576665,264.63031865650396,263.55653894640153,56.74288418657071,0.655939146080982,-0.29374314224740194,0.949682288328384,273.05392469037315,253.27976246295682,7.513926130916936,0.016876601168781077,0.008092193201063136,0.017353895512230544,0.03279173914675271,0
2019-11-04,270.5398800859,272.082296734,265.8837098293,266.3849952399,3724489,263.38258483325,264.722392083422,263.82591573625854,53.33281138388122,0.7868270112938376,-0.07762911153915406,0.8644561228329917,273.35248740429364,253.41268226220635,7.570661953489208,0.01696131659001947,-0.009747357104614829,-0.0029586866318703775,0.0014496430252619597,0
2019-11-05,266.5488770088,266.9826816911,258.7596729356,259.3187989706,4714151,263.475611837345,264.585717464134,263.3966665204816,45.412419979840536,0.3167226219717918,0.0012412351630351204,0.3154813868087567,273.2555752682675,253.69564840642255,7.423809257124005,0.01758147602068491,-0.02652625484005322,-0.02821429861640401,-0.019286156986932146,1
2019-11-06,260.5720124972,261.8927067522,259.203117722,260.1478479189,3741833,263.360894599135,264.461579976814,263.08725522509286,46.41784912188899,0.010932801461649433,0.003179548422757983,0.00775325303889145,273.23997633991024,253.48181285835977,7.502314841246505,0.017032346203953237,0.0031970260219891244,-0.03293316609954644,-0.026303445787692614,1
2019-11-07,260.3020895838,265.1799822335,260.1478479189,262.9723984059,4277769,263.31076605807004,264.36312323639004,263.0763164804078,49.809659919007586,-0.0034504413022773406,0.0018535504777509185,-0.005303991780028259,273.1870494119976,253.43448270414248,7.50161757666183,0.01716397200159335,0.010857481657432277,-0.01281076973170614,-0.01452259672706191,1
2019-11-08,261.9216270643,265.0546608809,261.9216270643,264.9968202566,2240536,263.26160152741,264.24468979215004,263.2592216019499,52.147693316808194,0.14681229893915315,0.030845300170031367,0.11596699876912178,273.0939349071353,253.4292681476847,7.469629693566675,0.017166384563711213,0.007698229407237411,0.02189591078062847,-0.014907722630368547,1
2019-11-11,263.2519614234,267.156203564,263.2326812152,267.0308822113,2132576,263.291485849965,264.167130151146,263.61842737426895,54.44397035463054,0.42512779495694986,0.10970179912741507,0.3154259958295348,273.16574029161364,253.41723140831635,7.500625711288992,0.01725011592048112,0.007675797591572664,0.02645816349226826,0.002424637209083036,1
2019-11-12,267.6092884544,269.4409082241,265.8451494131,267.165843668,2217238,263.2230411112,264.116532821266,263.9562765451005,54.59964251119503,0.6491026411468397,0.2175819675313,0.4315206736155397,272.96911479234416,253.47696743005588,7.4051827985885605,0.01715692903170656,0.0005054151624048764,0.015946332343318437,0.030260223048039103,1
2019-11-13,266.5585171128,270.366358213,265.1028614011,268.0623733448,3332037,263.21340100715,263.9685201634,264.3473333831671,55.68300787732944,0.8887023650443666,0.3518060470339133,0.5368963180104533,272.93990770859546,253.48689430570457,7.390586242363267,0.017172587454303466,0.0033557046982177763,0.011568263669094359,0.030423182391142722,1
2019-11-14,267.4646868936,269.5662295767,266.7416790898,269.5662295767,2365947,263.36378663034503,263.735431272794,264.84437111588454,57.51440979244936,1.1862610234627482,0.5186970423196804,0.6675639811430678,273.38118125596355,253.3463920047265,7.607268071125393,0.017144710303522527,0.005610098176537459,0.00949458483754606,0.02507423292623412,1
2019-11-15,270.5398800859,270.7905227912,268.1202139691,270.6748415426,2544156,263.85302191093,263.5379941115,265.399654013667,58.863974286599785,1.49430866453514,0.7138193667627724,0.7804892977723676,274.28649236307217,253.41955145878785,7.9085472484482136,0.01635419430683924,0.004112577334486112,0.013134156022431398,0.021426752519150494,1
2019-11-18,269.9229134266,271.6292118436,268.3804967785,270.751962375,2715621,264.16921732379996,263.496535809358,265.9093976671273,58.961634770130594,1.7247794620962509,0.9160113858294681,0.8087680762667828,275.0278696811074,253.31056496649248,8.220982344053883,0.016126877970061522,0.00028492057836060347,0.010033444815996218,0.013935018050666992,1
2019-11-19,271.3882092424,276.2661018921,270.8290832074,275.0418086777,3013783,265.32843983593,263.75327268275,266.7791510967056,64.07130312080781,2.227902105847022,1.178389529832979,1.0495125760140431,275.61733765722613,255.03954201463384,7.75559365415818,0.011620939919605394,0.015844192836387938,0.020312555877634697,0.029479685357860497,1
2019-11-20,274.7429654521,277.374713858,272.6799831852,275.109289406,2903908,266.51079859777997,264.05718943668796,267.5724976023527,64.14692575007186,2.602080393597703,1.4631277025859237,1.138952691011779,275.5078834352357,257.5137137603242,6.751760067354137,0.011578254941515482,0.0002453471660344153,0.016382933257216292,0.026288344661247187,0
2019-11-21,274.35736129,276.2082612678,273.3837107809,274.2127597293,2777041,267.26754676577997,264.218971725002,268.20490351920483,62.27162847495259,2.7940686460462416,1.7293158912779873,1.0647527547682543,276.18219768670014,258.3528958448598,6.670956521879947,0.00997531888378767,-0.0032588128108497205,0.012782169052228953,0.017237063262325103,0
2019-11-22,274.5790836832,275.0900091979,271.0893660168,272.4004201677,2967276,267.86426920653497,264.346047735228,268.6044765333472,58.5455842648747,2.768071458337886,1.937067004689967,0.8310044536479189,276.4702951540007,259.2582432590692,6.425661752467728,0.010176398182860341,-0.006609245913243078,-0.009603589078688746,0.0063750979413741415,1
2019-11-25,273.778955047,278.5893669684,273.4897519255,277.2590326094,3760191,268.42725128310997,264.613430362268,269.42871996916176,64.65192361361125,3.1037399367266403,2.170401591097302,0.9333383456293385,277.90103875837593,258.953463807844,7.058737464233071,0.009866146397735748,0.017836288353405783,0.007814142546918479,0.024033326212378414,1
2019-11-26,278.1170018699,280.1896242409,277.4614747945,278.9653310264,5715779,269.15459713375503,264.873152538666,270.33696864127967,66.51726561076683,3.467472778567128,2.429815828591267,1.0376569499758608,279.4809029042158,258.8282913632943,7.673140923786,0.00971535860222322,0.0061541671012170784,0.017331692740307547,0.014265185236975064,1
2019-11-27,278.6279273846,281.4910382877,278.512246136,281.2018351662,2163163,269.85591470346,265.19974967428004,271.37171783412924,68.8384574408452,3.8913438791547605,2.722121438703966,1.1692224404507945,281.3845319853878,258.32729742153214,8.544276151661478,0.009629393615245927,0.0080171400925384,0.03231057790983405,0.02214591071553662,1
2019-11-29,279.7847398707,282.4550486928,279.7847398707,281.7127606809,1754443,270.59916672578504,265.520967624622,272.3565790576312,69.36101845831874,4.219848413503996,3.0216668336639723,1.198181579840024,283.1293875806709,258.0689458708992,9.261093451616938,0.009589602494830533,0.0018169352074035583,0.016063419213376395,0.02735102830008307,0
2019-12-02,280.1317836166,280.2860252814,273.6729139024,276.1600607476,3062310,270.956814586075,265.822406979974,272.71881540905684,57.98117320120911,3.986183898289255,3.214570246589029,0.7716136517002261,283.691513723956,258.22211544819396,9.399799859128906,0.010723767608797712,-0.019710502001681007,-0.010055981753999799,0.013801889797326439,1
2019-12-03,272.0437363178,277.2493925053,271.3689290343,276.7577471987,3052274,271.475452184015,266.097672364078,273.10347557949905,58.765390947546756,3.805365503285202,3.332729297928264,0.4726362053569382,284.26789056412036,258.68301380390966,9.4243794620769,0.01039983349659733,0.0021642754911117557,-0.015803908124829347,-0.0018080038943445453,0
2019-12-04,278.1170018699,279.1966935236,275.8226571058,276.5167445975,2743172,272.33534946535997,266.407208217142,273.4285488193087,58.292956206811056,3.601107402222965,3.3864049187872043,0.2147024834357607,284.0064620404464,260.6642368902735,8.571133051951433,0.00800798699835234,-0.0008708070637203358,-0.018444376004981833,-0.008777386135728427,1
2019-12-05,277.5867961471,280.4788273624,276.0925800192,279.4184159168,2580270,273.29887786525495,266.74338954131997,273.9990123524031,62.230066548406455,3.6315102214235253,3.435425979314469,0.19608424210905628,283.9209420767364,262.6768136537735,7.773221971821259,0.008170192226145557,0.010493654999170765,0.011798792194567032,-0.006342132327642802,1
2019-12-06,281.7898815133,281.9730434903,279.2545341479,279.9486216396,2425162,274.14768902694,267.06822266767796,274.56564180832663,62.918880434713664,3.656240975363289,3.4795889785242333,0.17665199683905586,284.0200195222194,264.2753585316606,7.202198588884897,0.00799572839336825,0.0018975332068229545,0.01152948552731603,-0.006262190740085938,0
2019-12-09,278.7821690494,280.4884674665,277.8856393727,278.6568476968,1902833,274.83069039894997,267.45888084714,274.95528046437175,60.045690667678,3.5309028643478655,3.48985175568896,0.04105110865890538,283.93649999738506,265.7248808005149,6.62648671821688,0.008101474493182381,-0.0046143250687726844,0.007739506344959901,0.009041086326678993,0
2019-12-10,278.5990070725,279.7268992464,277.3554336499,278.2230430145,2514261,275.39029843911,267.793877282118,275.2664959453363,59.07015349466586,3.357859778618433,3.4634533602748547,-0.10559358165642152,283.8636291602211,266.9169677179989,6.153688615130782,0.008056797720361794,-0.0015567702207412992,-0.0042780748662462065,0.005294506949241828,1
2019-12-11,279.3316549803,279.8715008072,277.7410378119,279.6112179978,2276747,276.0125671556,268.168768757758,275.6802789979519,61.240243184133995,3.29475610865353,3.42971390995059,-0.1349578012970598,283.7768031911039,268.24833112009605,5.626001827030505,0.008072875773920445,0.004989432105476865,-0.001205234159839419,0.011190907822975937,1
2019-12-12,279.466616437,282.2140460916,277.8952794767,281.6934804728,2746435,276.694122512,268.70970191913,276.25296485269934,64.29802018729022,3.373875241488406,3.4185461762581535,-0.04467093476974737,283.92175900654786,269.4664860174521,5.224279018962121,0.00815221203329422,0.0074469918979300775,0.010897391544829604,0.008142142487406634,1
2019-12-13,280.3245856976,285.8580054228,279.3702153965,285.4338408446,3565172,277.487503075395,269.25207534954,277.1273339947851,69.02514157234631,3.695790771328973,3.4739950952723175,0.2217956760566553,284.8926419796322,270.08236417115785,5.3372774068496645,0.008479210452486069,0.013278121898746553,0.02591732788187584,0.019593663911878778,1
2019-12-16,287.3811418629,288.7018361179,286.1761288565,286.272529897,4210656,278.267387493115,269.70011305061803,277.9983050330913,69.9848026223028,3.9727904895285064,3.5737541741235552,0.3990363154049512,285.9195813739714,270.61519361225857,5.499885523628429,0.008474422190518116,0.00293829578832816,0.023823478710544688,0.027329966096819147,0
2019-12-17,287.7571059209,287.7571059209,283.1973367048,285.3470799081,3354463,278.99714336977,270.165651246616,278.6981883545207,67.49968500461839,4.070714024735196,3.6731461442458837,0.39756788048931213,286.4237161075225,271.5705706320175,5.323762564772693,0.00856623552204987,-0.0032327586207205883,0.012970124225692992,0.025605488375126217,0
2019-12-18,284.5758715841,286.6002934348,284.1324267977,284.1324267977,2900647,279.45167427576996,270.699134604796,279.21573487291874,64.27371302453182,4.004149434967985,3.7393468023903043,0.2648026325776809,286.9665183807976,271.9368301707423,5.378278104436617,0.008105172522996805,-0.004256756756687907,-0.004559424499383513,0.016169625926580666,1
2019-12-19,283.8914241964,287.4486225912,283.5251002425,286.8220158279,2536920,280.03731059686504,271.186731067692,279.94014258291696,67.92875981183062,4.120920468927352,3.8156615356977137,0.30525893322963826,287.923635974891,272.1509852188391,5.632339034550237,0.00828090021443485,0.009465970007411117,0.0019194504310198202,0.018206084665119526,1
2019-12-20,289.7333272513,289.7333272513,286.1279283363,287.8245866492,5099324,280.71790194286,271.66372341613203,280.69104201780107,69.19394742097818,4.245422849153954,3.9016137983889623,0.3438090507649916,288.822503398108,272.61330048761204,5.7741963723408425,0.008187216056740436,0.003495445837399025,0.00868243243245348,0.008375831672676748,0
2019-12-23,287.9884684181,289.0392397596,286.4074913537,286.5713731226,3590495,281.426449590605,272.075548661188,281.25107355159145,65.70471111952321,4.194615112461349,3.96021406120344,0.2344010512579091,288.9559203572854,273.8969788239246,5.350933274135119,0.008070474934915983,-0.004354087818520647,0.008583836601784522,0.0010439116380027702,1
2019-12-24,287.2365403021,287.5739439439,285.9254861512,286.7738153077,641086,281.90218872552,272.482361052138,281.7770489569351,66.00294991446385,4.12315583366501,3.9928024156957544,0.13035341796925515,289.52012875493494,274.284248696105,5.404668948372256,0.0072302634234905185,0.0007064284994489078,-0.00016805028045308035,0.005000000000208393,1
2019-12-26,287.3811418629,288.5957949733,287.0822986373,288.4319132044,1369190,282.37551783442007,272.88030454735997,282.4108455519318,68.42491580853223,4.152451606040927,4.024732253764789,0.12771935227613795,290.37172207364983,274.3793135951903,5.663525152997576,0.007218699583748017,0.005781901304067638,0.002110057942826815,0.015131980728694483,1
2019-12-27,289.2031215285,290.6780574483,287.4486225912,289.9164892283,2042564,282.811250537525,273.31353082341,283.125668759205,70.45444760407838,4.246510465438121,4.069087896099456,0.17742256933866507,291.42969436415535,274.1928067108946,6.0948380308419345,0.007114170893126875,0.005147058823715911,0.01167288996542215,0.010788828017500585,0
2019-12-30,290.0032501647,290.2153324539,284.6529924165,287.0051778049,2717486,283.075871393725,273.722464037252,283.4951458111759,62.03371224333077,4.039568655230937,4.063184047925752,-0.02361539269481483,291.86643146657724,274.2853113208727,6.210744864669607,0.007570431465440487,-0.010041896654962135,0.0008067769261002056,-0.002846903573594739,1
2019-12-31,285.4434809486,288.1716303951,285.125357515,287.8438668573,2478601,283.66006169921,274.26153865578,283.9093097203306,63.39116434468187,3.8983037579070015,4.030207989922002,-0.13190423201500057,292.07967581815024,275.2404475802698,5.936411399267256,0.005803628954644037,0.0029222087866656032,-0.0020387700534486575,0.004440407710073702,1
2020-01-02,289.6465663149,292.6060782585,288.721116326,292.4711168018,3272308,284.445730179365,274.822399909464,284.7247199185658,69.80561216149012,4.1123263694462935,4.046631665826861,0.06569470361943264,293.0723953160449,275.8190650426851,6.065596506750241,0.006592955721998673,0.01607555510916625,0.008811598058116266,0.019866881807137693,0
2020-01-03,288.6825559098,291.5360267088,287.8535069614,289.6176460027,2501256,285.10077524962503,275.57760566081595,285.1907128789596,62.52958872479826,4.0055164843201965,4.038408629525528,-0.03289214520533168,293.1926845045147,277.00886599473534,5.676525605940336,0.007129843689540216,-0.009756419130555583,0.009102512427757947,0.004110962566959975,1
2020-01-06,286.6581340591,290.4852553673,285.3663601162,290.3888543268,3306110,285.649297170125,276.356140463972,285.68577396923007,63.632893399238355,3.9377075063367215,4.018268404887767,-0.08056089855104531,293.6123622049038,277.68623213534624,5.575413707414921,0.006868826801089313,0.0026628499152046015,0.008841555310128424,0.0016293143579289016,0
2020-01-07,290.8804996334,292.4614766977,289.0874402799,289.4055637136,3188065,286.122144273825,276.962695810858,286.0400396591701,61.1601972977449,3.761267517332783,3.96686822737677,-0.20560071004398717,293.79276579899926,278.4515227486507,5.361781098518076,0.00697177631708978,-0.00338611692063584,-0.010481558390182721,0.008363563079449854,1
2020-01-08,290.3351939246,296.2909361498,290.0745698726,294.5051787565,3224335,286.91456082681003,277.643479958936,286.84624338272533,68.08652916252521,3.98697450922964,3.970889483747344,0.016085025482295734,294.61103154004246,279.2180901135776,5.364991369593294,0.007653815578292608,0.017620998634106044,0.0168758113369738,0.023142101208994736,1
2020-01-09,297.5747509245,300.1423804738,297.3237796152,298.3662758232,3292591,287.921722467245,278.290817653842,287.9433893294372,72.13786856082706,4.4263826078117745,4.0619881085602305,0.364394499251544,296.06408220230696,279.779362732183,5.655953753880642,0.007912957982470296,0.013110455588600578,0.027471514066522262,0.02015638017820054,1
2020-01-10,300.7601560045,301.1173074831,298.0187770872,300.3643935551,2948001,288.95938124510997,279.009737244674,289.12634211283364,73.97883694161364,4.879599112575363,4.225510309363257,0.6540888032121064,297.8555711571349,280.06319133308506,6.157398229254035,0.007938693208361679,0.006696861856746894,0.03786668680753147,0.0371066739224164,1
2020-01-13,302.3818167724,304.6791695271,302.0343180364,304.2641015924,3236341,290.08791230109,279.75150960108,290.56803349183997,77.15189412198755,5.4901631222736,4.478440871945326,1.0117222503282743,300.59201129856274,279.58381330361726,7.242010819513399,0.008172386182280488,0.01298325674073153,0.03313667649956242,0.04778161096357003,0
2020-01-14,305.2004176311,305.4320834551,299.0998842658,299.8527981938,4951131,290.80886016855004,280.411611160268,291.4522967967885,67.17333923484017,5.554060430014715,4.693564783559204,0.8604956464555116,301.89919630022047,279.7185240368796,7.627234001909415,0.008827423361248535,-0.014498270993892781,0.004982206405528489,0.0360989413822701,1
2020-01-15,301.3489733071,304.7660442111,300.2389079005,303.3374382964,4661913,291.66210558852,281.09821785536,292.58421503484675,70.42713401566476,5.818805275546197,4.918612881956602,0.9001923935895944,303.8013329132408,279.52287826379916,8.324171767344348,0.009060348421021273,0.011621169198987369,0.009898126426076015,0.029990167158325587,1
2020-01-16,306.4745796631,309.2063058377,304.0517412538,309.1773476097,3322471,292.85361897359996,281.954064902756,294.16451337530896,74.91474171271247,6.425776991191128,5.220045703803508,1.2057312873876205,306.8201093773191,278.8871285698808,9.538205778483615,0.009631350978134012,0.01925218774872639,0.016147964848912455,0.03623422840490931,1
2020-01-17,310.268107531,312.7778206243,308.154156887,312.4206691457,4819605,294.268031091,283.016102306258,295.90319487725094,77.00201731968008,7.086822908130046,5.593401144668816,1.49342176346123,310.02946058008786,278.50660160191217,10.712294795090228,0.00952483884717919,0.01049016546999515,0.041913468967453626,0.04013883086441261,0
2020-01-21,311.2140763123,314.351217679,310.326023987,310.7507446643,5996593,295.46446753282,284.028160241166,297.3172472379223,73.60602952007443,7.390761512251174,5.952873218185288,1.4378882940658864,312.3743510211961,278.55458404444386,11.446305966721894,0.009716794698251902,-0.005345115244667853,0.024439140811416182,0.021319120586199336,1
2020-01-22,313.6658729496,315.4419776003,312.8646953083,313.048097419,3516741,296.72564307131,285.02967422142797,298.815423445644,75.22484005642569,7.727929453037234,6.307884465155677,1.4200449878815569,314.8845295087149,278.56675663390513,12.239512736040057,0.009743937220211519,0.007392911502695831,0.012519512956642442,0.04400592325528874,1
2020-01-23,313.714136663,313.9554552296,311.1272016283,313.6948311776,4188292,298.08181597406,286.003634439848,300.2325098963065,75.67710107839935,7.955616094475431,6.637430791019629,1.3181853034558024,317.0385342089505,279.1250977391695,12.719137645444412,0.009549230497863753,0.002065924578146916,0.004078353827818626,0.034144789180554413,0
2020-01-24,315.2296172616,315.7315598803,310.4901206123,312.4303218883,3633379,299.36464130309,286.91162323338796,301.3942062764964,72.87594027591223,7.942468236689649,6.898438280153633,1.0440299565360158,318.55777422916395,280.1715083770161,12.822578406407024,0.009707687619321205,-0.004031017293313677,0.00540490168676655,0.01052138620034504,0
2020-01-27,304.1579214231,308.269989799,301.6482083298,304.8046551817,4364127,300.183278401955,287.664399463662,301.7190109341349,58.752503002378866,7.233339457137959,6.965418515550499,0.2679209415874597,318.83024936732386,281.5363074365862,12.423723975990391,0.011628485704121129,-0.024407575617216515,-0.02633282970018025,-0.024377433109101343,1
2020-01-28,304.8336134097,310.354982215,304.5054201591,309.1483893817,3479616,301.144873409625,288.4861197844,302.42657078628395,63.13517092075057,6.941831723219821,6.9607011570843635,-0.018869433864542984,319.55693786032634,282.73280895892367,12.228044424091372,0.011899045150711149,0.01425087880436271,-0.014493199581366523,-0.005156400459574106,1
2020-01-29,311.7835881297,313.1735830736,305.7699294484,309.196653095,4391984,302.25444717412995,289.278728254766,303.07134052997117,63.18198144995471,6.638183376359507,6.896197600939392,-0.25801422457988554,319.77756146476844,284.73133288349146,11.594942244501274,0.011510094857532575,0.00015611827509931508,-0.010350047888297187,-0.01230304338456023,1
2020-01-30,307.922491063,313.424554383,306.9668695391,313.192888559,3511336,303.521898259215,290.129089195094,304.03529748511676,66.9267363652189,6.643421450718336,6.845642370895182,-0.20222092017684634,320.34541573930613,286.69838077912385,11.085537865029726,0.011686184788710996,0.01292457542472869,0.027520030402093276,-0.0016000984674046093,0
2020-01-31,311.918726527,313.192888559,303.5787568631,304.9687518071,5585527,304.14678000948,290.813424983736,304.1241978967342,54.61547296280797,5.9157603555406695,6.65966596782428,-0.7439056122836103,320.1924509044464,288.1011091145136,10.551267972961133,0.01317861047843934,-0.026259014978722073,-0.013519842632721879,-0.02388234930624844,1
2020-02-03,307.7294362097,314.177468311,307.372284731,313.250805015,4237586,305.32843796009496,291.577604910482,304.99339857466424,62.1636863510958,5.9389160456408945,6.515515983387603,-0.5765999377467086,320.36957487468356,290.28730104550635,9.852431051020812,0.013979850794799943,0.027157055137041253,0.013111888112043779,0.027710042119484912,1
2020-02-04,316.8416252869,320.2200852202,314.959340467,317.6910666416,4157495,306.69354857583505,292.429240455194,306.2027002953248,65.47865406064085,6.243586917834023,6.461130170276887,-0.217543252442864,321.0012520067386,292.3858451449315,9.330293054642272,0.014156777662009155,0.01417478121528637,0.01436232509395774,0.027632934711338653,0
2020-02-05,323.3668793295,323.3668793295,312.9129590216,316.9188472283,3867269,308.06921275157003,293.283362205174,307.2232857175129,64.42154819702904,6.3495356318208,6.43881126258567,-0.08927563076487033,320.65003276284654,295.48839274029353,8.167528263476164,0.01413000344302119,-0.0024307243557816216,0.03918465531432136,0.024975024975213422,1
2020-02-06,317.8841214949,319.7277953442,316.3010716976,317.8648160096,3421962,309.23719461422496,294.192650122012,308.2367647929498,65.16349720791484,6.435646400183998,6.438178290105336,-0.0025318899213377932,320.86537033632493,297.609018892125,7.520554399418983,0.01379776695236214,0.002984892787454063,0.014729446567197435,0.014917093016050265,0
2020-02-07,316.6099594629,318.3957168563,314.553925275,315.6446851963,2582937,310.10111508288,294.96036317375,308.9422810218403,61.90085032172491,6.2526669498328715,6.401076022050844,-0.14840907221797206,320.90874425671166,299.2934859090484,6.970390397301923,0.013824502657553844,-0.006984512602467463,-0.0064414195429947085,0.035006646831649,1
2020-02-10,314.3126067083,318.8107847909,314.206426539,318.8107847909,3846694,311.02343464467003,295.75727224904,309.8821385236555,64.62128577008224,6.290617867220078,6.378984391084691,-0.08836652386461274,321.49306094771777,300.5538083416223,6.732371350093795,0.013892499085450087,0.010030581039661923,0.005969785574908126,0.017749291260827693,1
2020-02-11,323.3668793295,323.8688219482,318.2123147456,319.4285603216,3449308,311.78165758113,296.521806752148,310.7913215520312,65.1442694607367,6.297944777967132,6.362776468461179,-0.06483169049404758,322.3790618721189,301.1842532901411,6.797965199881135,0.013696099969875756,0.0019377497881860606,0.004919526267898711,0.005469129800744765,1
2020-02-12,319.3320328949,322.8359784829,317.7875940683,322.5560489455,2447340,312.916820118715,297.33867251744,311.9117717799806,67.7438780994604,6.481400056636005,6.386501186096145,0.09489887053986035,323.0117974023799,302.8218428350501,6.452179387375237,0.01317418727131788,0.009790886014548139,0.021896024464665986,0.017787524366258634,1
2020-02-13,320.7702915522,326.0986055042,320.5965421842,324.1777097135,3000969,313.95883368957004,298.29902549675796,313.0799563450777,69.03353551771352,6.6806339680644555,6.445327742489807,0.2353062255746483,324.1849772884041,303.73269009073596,6.514321306815203,0.013048447347005061,0.005027531721391032,0.016834201283749017,0.0198603097478689,1
2020-02-14,325.7414540255,329.1971359001,325.3263860908,329.1102612161,2713909,314.95547936989,299.346075777106,314.6066520470798,72.61945547661703,7.154076224028415,6.58707743879753,0.5669987852308855,326.8693969391665,303.04156180061347,7.565461374484982,0.012819702940374976,0.015215578847044275,0.03030944034795291,0.04266055045858219,1
2020-02-18,329.7569949748,331.1856008894,328.5697076268,329.3901907535,3596853,315.80395545028,300.403544700226,316.0146081143579,72.8118753838075,7.465809393661345,6.762823829770293,0.702985563891052,329.19980970384046,302.40810119671954,8.483651976087737,0.012712229275088043,0.000850564599127468,0.021187455111575826,0.033183965120686665,1
2020-02-19,332.0446949868,335.1818363534,330.7319219841,332.5949013188,3040295,316.89616328300497,301.467074408266,317.5936836576381,74.97970486140453,7.880610760905881,6.986381215997412,0.8942295449084696,331.9280435434906,301.8642830225193,9.486943675655288,0.01265531335028023,0.009729222834380824,0.02596474511692648,0.04121842137078846,0
2020-02-20,333.7339249534,335.1914890961,326.4267987548,332.4887211494,4310603,317.868194469525,302.517876398462,319.01225865685353,74.76699136041267,8.107319844112226,7.210568941620375,0.896750902491851,334.2340765306894,301.50231240836064,10.29727562927559,0.012647266203599669,-0.00031924773644742555,0.010265434814509256,0.030793631793209153,0
2020-02-21,330.6547000428,331.9481675601,323.9556966322,327.9036683828,4997037,318.578636329785,303.502812812182,319.8590595831342,66.05278092408776,7.826790616307392,7.333813276557779,0.4929773397496131,335.3858353882906,301.7714372712794,10.551366062793482,0.013199947674393635,-0.013790100159637553,-0.004512952760674205,0.011493568365921636,0
2020-02-24,306.4842324057,317.9034269803,302.9416758471,313.395596155,7784208,318.62690004312,304.206263874992,319.2434916375976,47.27637821822195,6.360469469612383,7.1391445151687,-0.7786750455563167,335.3686158943864,301.88518419185357,10.508664427894027,0.016789810351186107,-0.04424492198990293,-0.05772579521715815,-0.04774893679410819,0
2020-02-25,310.181232847,312.005601211,290.3158884392,292.3719226272,12704024,318.005263415395,304.46147796758,316.6842945889883,32.74863707507944,3.462056216056851,6.4037268553463305,-2.9416706392894794,337.4575948560504,298.55293197473964,12.233968225391115,0.02199783388124261,-0.06708350016954956,-0.12065611844972635,-0.11238424569237626,0
2020-02-26,291.5128285299,297.1982939605,287.5455512939,287.6903424339,9402744,316.932361068005,304.581415206802,313.9229658123132,30.50095019682162,0.7783066006596755,5.278642804409,-4.500336203749325,340.21108019045835,293.6536419455516,14.690023476307864,0.021872946322457034,-0.01601241374764084,-0.1226376214307987,-0.13501276990971645,0
2020-02-27,275.1321242248,287.1208306166,271.1841524741,275.8946908954,13805429,315.267262958025,304.390632207818,310.30122534403574,25.71244366892236,-2.2741794782999705,3.768078347867206,-6.042257826167177,344.5189021631878,286.0156237528622,18.556724812279285,0.023407283829801857,-0.04100120789146822,-0.1196599624235074,-0.17021338365511096,1
2020-02-28,265.3442431609,280.305994294,264.0507756436,280.1708558967,12845443,313.61616132490997,304.268598727812,307.4316663490514,30.002718298197735,-4.298693249708265,2.154724028352112,-6.4534172780603765,346.6350165696166,280.59730608020334,21.056858234100197,0.023520263800740085,0.015499265271912144,-0.041731321601826354,-0.1455696202531529,1
2020-03-02,288.5108255606,296.3005888925,279.3889837407,296.0882285538,9683269,313.172135162245,304.483421700726,306.3513389399798,43.161439949798236,-4.566100884294201,0.8105590458228494,-5.37665993011705,346.8759377950391,279.46833252945095,21.52413886716527,0.026736823716303385,0.056813092161765555,0.029190712656020024,-0.055225305695234206,0
2020-03-03,303.6656315471,303.6656315471,280.7307149714,281.8600858633,8045109,311.60259920466,304.437974882038,304.0188386469627,36.54761007436541,-5.858581486311152,-0.523269060603951,-5.335312425707201,347.9643949234153,275.24080348590473,23.338570224745087,0.02781586611950227,-0.04805372628285587,0.021621999859945396,-0.03595364653843136,1
2020-03-04,288.7231858993,292.2850479432,282.5840415633,291.8603272659,6458598,310.31106223587506,304.538741110798,302.8608851820996,43.14228580806431,-6.006704222312862,-1.6199560929457335,-4.386748129367129,347.540694117485,273.08143035426514,23.99504008227123,0.028968584738604874,0.03547945205498171,0.04172265288545929,0.014494698698334307,0
2020-03-05,285.4412533926,288.3370761926,278.2306546207,280.6341875447,6617924,308.496829251695,304.394933128708,300.74405683568057,38.32667630455037,-6.949834842554537,-2.685931842867494,-4.263902999687043,347.74336462161716,269.2502938817728,25.443720420155046,0.029979975143258928,-0.038464082550597634,-0.05219404055535404,0.017178643901838875,0
2020-03-06,272.8733824408,278.8194719234,268.9447161755,277.0433672727,7056370,306.45575681485,304.20437301171,298.4868483058729,36.907580879596125,-7.896001648287438,-3.7279458039514832,-4.168055844335955,347.7345510158234,265.17696261387664,26.939480354361628,0.029948958985952494,-0.012795377154211085,-0.01708904109585807,-0.011162790697806013,0
2020-03-09,255.7976806637,269.5431862208,252.110332965,252.9115106064,8489058,303.319098085355,303.527126917684,294.14633995354217,29.107528421712985,-10.472365897973475,-5.076829822755881,-5.395536075217594,350.4475854172372,256.1906107534728,31.075186250633035,0.034966784544914066,-0.0871049789203091,-0.13345019182417217,-0.1458238247372765,1
2020-03-10,266.8211127889,271.1165832755,253.731993733,270.8270009955,8126913,300.91990889558497,303.175028673506,291.92545052896673,39.3546541933804,-10.942385767423502,-6.2499410116894065,-4.692444755734096,349.5122816137482,252.32753617742173,32.29588424142725,0.03922340013984102,0.07083699095444262,-0.03494651394758497,-0.03914383561619639,0
2020-03-11,263.4716110836,264.5237600342,254.166367153,260.3923861729,8362774,297.96810018815,302.584546612398,288.9223015426747,36.08320997183553,-12.018326326004342,-7.403618074552394,-4.6147082514519475,348.8242499823031,247.1119503939969,34.13529821617839,0.03975729732539035,-0.03852870941318509,-0.06010243545520455,-0.10781849450998215,0
2020-03-12,236.0385164252,253.3748422543,232.5635290653,233.1137353973,14878984,293.49598451073996,301.50671776424605,283.60720000501993,29.2401012714207,-14.900413420085556,-8.902977143659028,-5.997436276426528,350.29961977313224,236.69234924834765,38.70828785414859,0.04477989076495305,-0.10475978647657935,-0.07827945498261957,-0.16933237024028247,1
2020-03-13,249.7936747251,260.6530102249,236.9748324639,260.6337047396,9929316,290.31878426204497,300.962514521892,281.4192480749799,41.328879230407,-14.79332839332659,-10.08104739359254,-4.71228099973405,347.0108190412753,233.62674948281463,39.05502354822447,0.05370170787405194,0.11805383022753757,-0.03763766617963393,-0.05923138566586794,0
2020-03-16,226.347162788,248.7801367451,221.2987783734,227.4668809373,12104129,285.236615248105,299.66242980460197,276.2809273952009,33.82800045041236,-17.186631443276383,-11.502164203529308,-5.684467239747075,345.23486233347967,225.23836816273038,42.06910605301277,0.059399867032662854,-0.12725454612801157,-0.12644572953733568,-0.10060684706715006,1
2020-03-17,232.1291556453,241.8012037972,223.9050188934,229.619442552,12655907,280.24807783803,298.462465735588,271.83697645775317,34.656886318823766,-18.694153060802023,-12.94056197498385,-5.753591085818172,341.313566987879,219.18258868818094,43.57959535061788,0.05956408660833518,0.009463186930027678,-0.014989648033156833,-0.15215454253833682,0
2020-03-18,214.6190804481,221.1443344907,205.8157791362,220.0149635987,11288441,274.619080952025,297.054987921026,266.90154666165284,32.68932049010117,-20.428390221111727,-14.438127624209425,-5.990262596902301,336.09931489617946,213.13884700787057,44.77491784694657,0.05949952049518215,-0.041827812342698056,-0.1558460797749942,-0.15506376037965053,0
2020-03-19,216.2310884735,230.2179125973,204.2037711109,219.2620496708,9122844,268.95774737809495,295.65211764017,262.36445171014304,32.533392068785005,-21.61438238117421,-15.873378575602384,-5.741003805571825,328.91371043120665,209.00178432498325,44.58392713174156,0.059452947736379866,-0.003422103276908506,-0.036070443453970924,-0.05942028985504566,0
2020-03-20,227.824032416,227.824032416,202.7075959976,204.0782854563,10497376,262.76647823177,293.843579774166,256.81338825739607,29.47947055344217,-23.508501220201254,-17.40040310452216,-6.108098115679095,322.66918974210887,202.86376672143115,45.59387629155831,0.06048595994497727,-0.06924939467316349,-0.11123255422900835,-0.2169919632604873,0
2020-03-23,196.2209529257,208.1903538322,193.0452005884,196.240258411,11583409,256.90871134457,291.801059425922,251.0445187482155,28.01739995272014,-25.34985003250901,-18.99029249011953,-6.3595575423894815,318.7437110054674,195.07371168367263,48.13772124524287,0.0603853503779348,-0.03840696244470543,-0.1080594919492125,-0.13727986420540683,1
2020-03-24,208.4220196562,230.1599961413,207.5339673309,228.837570396,11646868,253.73199373301,290.37052296274,248.92957128609976,41.10072986825677,-23.903259684003586,-19.97288592889634,-3.9303737551072473,314.47136287580236,192.99262459021764,47.876791766910934,0.07241364001377298,0.16610919822949421,0.04367158265452997,-0.003405078190723998,1
2020-03-25,239.2914907038,257.0525372103,232.0133227333,247.5735439118,12640742,251.726153806905,289.236711809128,248.80042582188074,47.05705032841533,-21.002881783669125,-20.1788850998509,-0.8239966838182262,310.4639508388808,192.98835677492917,46.66801295270464,0.07522039812021024,0.08187455182021752,0.21313026203767182,0.1252577545742113,1
2020-03-26,248.9442333704,256.5795528196,243.8475852425,254.0408814983,9956432,250.63346333705,288.320473475218,249.2995168386826,48.975203883619734,-17.975243885809675,-19.738156857042654,1.7629129712329785,308.3361570885154,192.93076958558456,46.04548250116727,0.0750190974104401,0.026122894572305544,0.2945400885390397,0.15861765353246016,0
2020-03-27,241.5502324878,247.1777814624,236.2026130506,239.0501721372,7816713,248.577429149075,287.034728152034,248.32338877187473,44.91328372950208,-16.59415689052824,-19.109356863739773,2.5151999732115335,304.8360709297512,192.31878736839877,45.26448115040823,0.07597542664432005,-0.05900904324015388,0.04462816889520038,0.17136505533994528,1
2020-03-30,237.3126784572,245.4209822971,236.1543493372,244.4557080305,5764171,245.99580312291,285.74029536045,247.95503822507715,46.632127000585264,-14.891790633329094,-18.265843617657637,3.374052984328543,297.8640796340031,194.12752661181693,42.170049937947496,0.0748830852938842,0.02261255804575435,-0.012593574547734132,0.2456960157406587,0
2020-03-31,243.6931413598,244.6198046558,232.7083202053,233.1716518533,10367003,243.56138142241002,284.155315014602,246.5470966658603,43.575496744444564,-14.28847350996304,-17.47036959611872,3.181896086155678,292.9805567294544,194.14220611536567,40.5804688891433,0.07482950692263828,-0.046159921026643125,-0.08214909947531279,0.01893955371838607,0
2020-04-01,222.9204391414,228.866528624,219.2137859574,220.6713501001,6639011,240.00193256411998,282.353727123318,244.08273985007358,40.415102192360706,-14.65013261572966,-16.906322200040908,2.2561895843112474,285.05533705476904,194.94852807347092,37.54420142313845,0.07483053912156987,-0.0536098691836886,-0.07688269735506281,-0.10866344354340263,1
2020-04-02,220.4589897614,231.0577012093,219.4551045241,230.5847168186,6444181,237.49945902781502,280.70445951131,242.79721384707608,43.89062202118769,-13.975720808051335,-16.320201921642994,2.344481113591659,278.63703944422457,196.36187861140544,34.64225188958572,0.07555552577841086,0.04492366913060142,-0.05674234945730694,-0.09233224409141794,0
2020-04-03,228.750695712,231.5499910853,222.3123163534,228.7989594253,4160869,235.087238635445,279.006542076264,241.4640467592879,43.39953929369516,-13.430521596281096,-15.742265856570615,2.311744260289519,272.11993900203714,198.05453826885287,31.505496071626048,0.07554395059713953,-0.00774447421294111,-0.018753104818895694,-0.04288310115090166,1
2020-04-06,243.2491151971,257.8344093663,241.3282194065,256.7050384743,8630269,235.27691502884,277.892036407984,242.91556977976524,52.368432346960795,-10.624190875500659,-14.718650860356625,4.094459984855966,272.70954661707583,197.84428344060413,31.820063250699626,0.07827082996382165,0.12196768341558384,0.16329119461069408,0.05010858835119403,0
2020-04-07,271.8308862328,273.0471318088,249.5040924451,250.0832570051,8622349,234.23972782932,276.797608444452,243.59820665836855,50.33040497958661,-8.832658594648734,-13.541452407215047,4.708793812566313,268.70685286999327,199.7726027886467,29.42893194086012,0.07687188114564654,-0.02579529217095189,0.08456128600161916,0.07252856433182497,1
2020-04-08,253.7682302608,262.8262025954,250.2881128217,261.9271722569,5686636,234.31646713352,275.853184101956,245.34382242965728,53.79412490759327,-6.383565607004073,-12.109875047172853,5.72630944016878,269.0221692728664,199.61076499417362,29.622930529735342,0.07707744690553756,0.047359888837174235,0.1447917985064786,0.18695595118299546,0
2020-04-09,265.9679752834,266.8090036645,258.8047335546,260.4287883595,6661224,235.68221978163,274.87782680724604,246.78048585154704,53.28784257045911,-4.511542573092157,-10.590208552356714,6.0786659792645565,272.1939438033418,199.1704957599182,30.98385958477609,0.07285125458211729,-0.005720612659195101,0.01450594778868286,0.12942779535721893,0
2020-04-13,259.2687492132,259.7520988575,247.2333430696,254.5705906704,7109609,235.37906407817005,273.705380849474,247.5224005961997,51.25672801690591,-3.4607648827122546,-9.164319818427822,5.703554935715568,271.1502419754699,199.6078861808702,30.39452810928005,0.06831552744203973,-0.02249443207105528,0.017943359019866323,0.11263876072615675,1
2020-04-14,260.8928040181,266.4609919206,260.2354485018,261.7048314205,6352219,237.09096160232997,272.840102441742,248.87310829375213,53.57735115857862,-2.028953870210472,-7.737246628784352,5.70829275857388,274.4265139947741,199.75540920988584,31.494707465961213,0.061452927941157476,0.028024606971733368,-0.0008488651043120354,0.019476800984958187,0
2020-04-15,251.8348316835,254.1935779478,247.1076721621,248.5770550808,10231745,238.03884222877,271.546627443058,248.84491274966146,48.95838174908701,-1.9312726553750394,-6.576051834102491,4.644779178727451,275.52978661559973,200.54789784194026,31.499854423589095,0.06284706170565352,-0.050162529550731416,-0.0455085374906391,-0.006022801935394173,0
2020-04-16,249.7854291916,249.7854291916,236.560982923,238.5427164647,11401116,238.96522987206998,269.96366043951997,247.86375119871275,45.7142553689731,-2.633193044405118,-5.787480076163017,3.1542870317578986,275.533205922551,202.39725382158895,30.605269285458558,0.06278965980596025,-0.040367115190250935,-0.06296043138169005,-0.08927846466140743,1
2020-04-17,249.6500912912,252.0185045484,243.1345380858,251.3128140677,10406616,240.567768091915,268.65153977630797,248.19223337671153,50.23380628423278,-2.134425528512395,-5.056869166632893,2.922443638120498,276.34197475718145,204.79356142664858,29.74147945837698,0.06363328146414324,0.05353379802266889,-0.03970892434959439,-0.035003711952213856,0
2020-04-20,246.0346359517,248.0840384436,241.3558113947,243.3472119293,6036654,242.531214415565,267.161187694702,247.7308027626723,47.57319817826579,-2.3547619697963,-4.516447727265575,2.161685757469275,274.14801326794475,210.91441556318523,26.072354380088964,0.06173825268404897,-0.031695964919059794,-0.02103912265675545,-0.044087491455881755,0
2020-04-21,238.436379543,241.0851355938,235.9712963569,237.1796704677,5962709,244.57818501839998,265.59188740013,246.725933020294,45.56106447280793,-2.992552950989136,-4.211668772010288,1.219115821021152,268.24290344136534,220.9134665954346,19.351454767877218,0.06126012670290375,-0.025344615262704817,-0.0057140541417524116,-0.09371306146577651,1
2020-04-22,243.0862031213,249.9884360422,242.6415214486,248.3547142444,5082043,245.55404221082003,264.1827659892,246.88105504163744,49.711423514451674,-2.5666870885289654,-3.882672435314024,1.3159853467850584,268.12634279935173,222.9817416222883,18.38479251679539,0.050206666107120206,0.047116364377535636,-0.011770588914352564,-0.0008944543828782736,0
2020-04-23,250.7521284802,253.6812273248,246.769327411,247.3396799913,4267023,245.54234901479498,262.74098838259397,246.92473360827196,49.34344567474214,-2.2847528963812067,-3.5630885275274604,1.2783356311462537,268.11069476649465,222.9740032630953,18.38244672843773,0.04687249247044355,-0.004087034370127252,0.01640646724631445,0.03687793807740003,1
2020-04-24,249.8240971631,251.1774761672,244.4105811468,250.1431079284,3824186,245.34746033630003,261.29272956225196,247.23124544828414,50.43472608370348,-1.81419193722175,-3.2133092094663183,1.3991172722445682,267.68502262993053,223.00989804266953,18.20892073878588,0.046570546829791,0.01133432345832519,0.054656613002021404,-0.004654383198243517,1
2020-04-27,251.5544888898,256.8713349773,250.8681323949,256.2913154041,4099301,246.20951749964502,259.935001676064,248.09410925359992,52.834492787595046,-0.9343889718732328,-2.7575251619477013,1.8231361900744685,268.83730006946,223.58173492983002,18.3809162209561,0.044686667811711,0.024578760240956843,0.03195671635968944,0.05319191196881534,0
2020-04-28,261.3954876482,263.5705610476,254.2032449407,255.7886317741,4341362,246.776163686825,258.468569087224,248.82692092221896,52.61021179258998,-0.274536465553183,-2.260927422668798,1.9863909571156149,269.7646153299184,223.78771204373157,18.631014681196888,0.04449737202712117,-0.0019613759803268627,0.03415930587076521,0.07845934379495745,1
2020-04-29,269.1774169217,275.5092972623,267.0603454796,274.2429211942,8500102,248.82972715387,257.36562369603797,251.24749237669334,59.42054565440958,1.7177076622617449,-1.4652004056826895,3.1829080679444344,273.8390938480149,223.82036045972512,20.101590738537222,0.0454459304094001,0.07214663643221608,0.09634410264342841,0.10423883850388305,0
2020-04-30,269.1580829359,272.2515206596,264.305252507,265.8133033972,5887671,251.086824818725,256.029991737606,252.63471247388446,55.49725589604555,2.5865595317319787,-0.6548484181997558,3.2414079499317348,273.5412229560516,228.63242668139839,17.885763742114168,0.044051212938698125,-0.03073777715134063,0.037152987326497966,0.07468928320174828,0
2020-05-01,259.7520988575,264.8659380944,258.3117169174,259.790766829,5066031,252.54712731924502,254.576032651198,253.31624146008596,52.81425303431725,2.757377201440704,0.02759670572833617,2.729780495712368,273.20516442230416,231.88909021618588,16.35974823577803,0.04384246965627916,-0.022657017129050994,0.01564625850313206,0.038568557736803566,1
2020-05-04,256.6586611338,261.0764768829,254.2515799051,260.2934504591,3747049,254.12185187093496,253.22382829272402,253.98073755523015,53.018416138557505,2.8998857256770236,0.6020545097180737,2.29783121595895,271.89940727290747,236.34429646896248,13.99136301824329,0.0437259833497489,0.0019349557193109046,-0.050865381226091744,0.015615570307912163,1
2020-05-05,267.621031067,268.5973973485,264.1989155852,264.8562711015,3925424,254.52941350229497,252.25304179165403,255.0165026548749,54.924871907792294,3.342476264849296,1.1501388607443181,2.1923374041049777,272.889370767352,236.169456237238,14.426589848635665,0.034601516820277185,0.01752952536589847,-0.003600392769920635,0.03544973544957264,0
2020-05-06,267.7370349816,267.7370349816,262.5071918301,263.367554197,3258415,255.19362836189003,251.67295442305,255.81184089698206,54.15275503680379,3.532386293017339,1.6265883471989224,1.9057979458184167,273.8213547374911,236.56590198628896,14.598896136376178,0.03403409173283028,-0.005620848237078313,0.013767954156562956,-0.039655962494283714,1
2020-05-07,268.558729377,273.0442140763,268.0077107825,269.1967509075,4370566,255.55710729441998,251.303082592522,257.0865942313171,56.718411226279144,4.105928231673033,2.122456324093745,1.9834719075792884,274.96362907744333,236.1505855113966,15.187620480197147,0.03275215443960753,0.02213331375716754,0.03420485775841309,0.012728661308738953,1
2020-05-08,273.9625784005,273.9819123863,270.1924511748,273.0345470834,3215357,256.187395230615,251.245879716282,258.60544688389643,58.3701740535358,4.8146422291910085,2.6608935051131977,2.153748724077811,276.95683338431627,235.4179570769137,16.214254518654236,0.03281291158501275,0.014256472869610182,0.030878166289541653,0.050978641065859476,0
2020-05-11,270.1924511748,273.3922258202,268.384723505,271.8648409441,4056227,257.0521077443,251.07975941723,259.86824631820156,57.64805517154609,5.221724874491031,3.1730597789887645,2.0486650955022663,278.8927189930219,235.21149649557805,16.993139204637572,0.03232091767916418,-0.004284095737315918,0.032263984730419804,0.044455173438250783,0
2020-05-12,271.110815499,272.9282101616,263.0485434317,263.0485434317,4019569,257.11929334486,250.41896571478802,260.1711317575824,52.3874123988992,4.77786304432675,3.494020432056362,1.283842612270388,279.024911911048,235.21367477867204,17.03926475622906,0.03275842610867937,-0.032428972726976424,-0.022839085000370685,-0.006825315716640912,0
2020-05-13,263.2322162966,266.8766726148,255.3922850657,260.1967805303,4793369,257.700279617335,249.985699608128,260.1735744978412,50.77341659662442,4.148168409820528,3.6248500276091953,0.5233183822113325,279.2828226356037,236.11773659906632,16.75011222363987,0.03065365492926883,-0.010841203924554343,-0.04701883585881417,-0.012039348113201065,1
2020-05-14,261.2021477904,268.3170545548,255.1699442293,268.0753797327,6291035,259.176912780735,249.51000065746402,260.9261273773515,54.90680953596804,4.23603758229541,3.747087538546438,0.48895004374897155,279.3067532279353,239.0470723335347,15.533667895975176,0.02947414812852681,0.030279387724716944,-0.013938768978880911,-0.004165619276680355,1
2020-05-15,266.8476716361,269.8444394309,264.1892485923,269.6510995731,3810793,260.093827056005,249.290338898032,261.75707711027997,55.70783910305968,4.3823054672886315,3.8741311242948773,0.5081743429937542,280.3773291539063,239.8103249581037,15.597065357136476,0.02729708804472472,0.005877898380564295,0.025100143324360724,-0.012392012463047442,1
2020-05-18,275.9539789351,282.3631952188,275.5092972623,280.2461237766,6037679,261.93877264837,249.35439402811,263.5179386975485,60.755848551093734,5.292149125983713,4.157734724632644,1.1344144013510684,282.5042376171716,241.37330767956837,15.70249777142307,0.027042233901201352,0.039291603929201724,0.07705454005018031,0.03082885894106213,1
2020-05-19,279.5404332959,287.9023821427,277.916378491,281.0484841862,5210362,264.132213334295,249.91713349970598,265.18751445837245,61.117260385028885,6.008686166171799,4.527925012940475,1.4807611532313238,282.9504812690857,245.31394539950432,14.249127508709908,0.025956948060366768,0.002863056226389382,0.0483934946448108,0.06842820918023307,1
2020-05-20,285.9013146152,291.1214907738,285.5533028713,288.8497474455,4589806,266.15696499435,250.277588428706,267.4410604571465,64.53692807001288,7.1239235241417305,5.047124715180726,2.076798808961004,286.4087336560591,245.9051963326409,15.217913731574898,0.024789019918231285,0.027757713342198453,0.07119810711988372,0.11012037449811318,0
2020-05-21,289.4007660401,289.9421176417,283.0012167493,284.4609326751,3942024,268.01302762854004,250.75895935875,269.06200066838016,61.27212499092661,7.566395791304046,5.550978930405391,2.0154168608986556,287.8257322271966,248.20032302988346,14.784881745462416,0.02519209386962116,-0.015194109772341258,0.015039668851441146,0.061122931015664905,1
2020-05-22,285.234292106,286.9163488683,283.2525585643,285.0892872127,2895923,269.760336592755,251.798470395058,270.58840891069633,61.571861905099375,7.876960513119457,6.016175246948205,1.860785266171252,289.11967106755446,250.4010021179555,14.352988077728712,0.025198063331042256,0.0022089308773998173,0.014377601210696644,0.057252455725346874,1
2020-05-26,294.4759373054,294.8432830351,291.8851832119,293.2288952231,5244576,271.607215583705,252.450374204728,272.7446457023538,65.31660154078668,8.6798279796094,6.548905793480444,2.130922186128955,292.464150299991,250.75028086741904,15.358159518304996,0.025360238102589576,0.028551083381562314,0.015160642570498428,0.0463263194207435,0
2020-05-27,293.8765837465,294.5822742272,282.3921961974,289.7874457555,5147670,273.30715628277505,253.69678550109202,274.3677695169391,62.54159612357222,8.935408196912817,7.02620627416692,1.9092019227458978,294.27167791599123,252.34263464955887,15.341363115662734,0.025635851512988323,-0.011736392707756726,0.018724937130413455,0.03109414233136465,1
2020-05-28,290.9571518948,299.6767794783,288.8884154171,292.2331949558,4520761,274.206669970855,254.949060549168,276.0692386063545,63.72123205197137,9.228923594574269,7.46674973824839,1.7621738563258793,296.7397240156598,251.67361592605016,16.435088210800878,0.020502334582525695,0.008439803849762173,0.025058492421604184,0.011713520749878414,0
2020-05-29,291.9431851692,294.2922644406,288.9174163957,290.8701489588,4929965,275.45951224893497,256.36616425637,277.4788491161112,62.53918646515619,9.244979868256905,7.822395764250094,1.4225841040068117,298.7598267403642,252.15919775750575,16.917415050363218,0.018991969974437112,-0.004664240820438592,-0.00804404444011353,0.022531094950111408,1
2020-06-01,290.7831460228,292.9678864151,287.9797180858,291.363165596,2841774,277.038132187285,257.80818657487396,278.80116497133866,62.807928853420364,9.191532636437216,8.096223138687519,1.0953094977496978,300.1556539642891,253.92061041028086,16.689054026234977,0.017895772191251363,0.0016949715842784485,0.005437502084991719,0.022006713912821052,1
2020-06-02,294.8336160422,295.9163192455,291.6435083897,293.4802370381,4130399,278.697471516235,259.59622560650996,280.1991718348398,64.0021750065743,9.213794405903457,8.319737392130707,0.8940570137727502,301.53160986707405,255.86333316539594,16.386326166944716,0.017873255703517693,0.007266091572589062,0.0042672841546580464,0.0008571522762406136,1
2020-06-03,295.3072986936,297.8497178228,292.1461920198,296.8443505626,3428417,280.29687548929,261.608307449542,281.7844269517693,65.87720367973687,9.394597789566149,8.534709471617795,0.8598883179483536,303.507036625949,257.086714352631,16.56112726632648,0.017721136579802524,0.011462828156511673,0.02053906743330436,0.024352003202561257,0
2020-06-04,295.2686307221,296.4093358827,289.3717650614,291.3341646173,4146781,281.695206010305,262.85823933396796,282.6939257770579,60.33384534842172,8.989632925978015,8.62569416248984,0.363938763488175,304.00964602974557,259.38076599086446,15.842967536071056,0.018386433665185702,-0.018562542742877608,-9.953550113528387e-05,-0.0030764141583434768,1
2020-06-05,296.5930087475,301.7841839275,295.4716375727,301.4941741409,5056938,283.310077171975,263.93665193854997,284.48442562123336,66.01277005087891,9.3803918931294,8.776633708617751,0.6037581845116478,306.43280516245954,260.1873491814905,16.32326546326734,0.019205785501950866,0.034874075057232945,0.027306564774784547,0.036524975904642654,0
2020-06-08,300.7014807243,303.1375629316,296.8250165768,300.0731261866,3722609,284.662006127135,264.85729683231597,285.96906377031587,64.61926883702085,9.466283077385071,8.914563582371215,0.551719495013856,308.3776625771648,260.94634967710516,16.662326506220154,0.019237460404178383,-0.00471335128895678,0.01087699872974035,0.02989382879878888,1
2020-06-09,299.4641056348,303.0312260099,297.9367207587,301.1171614184,3313613,286.12462215085003,266.09863661794,287.4117397368001,65.20049290654904,9.508983732231627,9.033447612343299,0.47553611988832856,310.1095407063108,262.1397035953893,16.765364948435284,0.01912020767311291,0.003479269353666492,0.033579984736603175,0.026021937481632174,1
2020-06-10,301.9871907781,305.5349771675,299.957122272,302.7218822375,4082451,288.10828909114,267.26396010208003,288.86984854639053,66.12172093777784,9.562086091458696,9.13917530816638,0.42291078329231624,310.6500127754192,265.56656540686083,15.648091039233067,0.01693899455524355,0.005329224051997095,0.0040720790048376365,0.01980004559211057,0
2020-06-11,294.852950028,296.2836649752,281.3674949515,281.5511678163,6498534,289.17600845544,268.23155042134,288.172831334001,48.049738667397435,7.805888942250704,8.872518034983244,-1.0666290927325406,308.0534530375071,270.2985638733729,13.056024033872069,0.023950966095830604,-0.0699345361647512,-0.06172481556639686,-0.033579984736260116,1
2020-06-12,288.8400804526,290.000119599,281.2031560724,287.873381164,4509928,290.165908527005,269.575591042618,288.14431227019134,52.247129797836855,6.845331113003965,8.467080650587388,-1.6217495375834226,306.4056858165917,273.9261312374183,11.19344265632453,0.023563822026062567,0.022454935622305827,-0.043982150309918144,-0.04517763242262329,0
2020-06-15,280.3427937055,288.9657513602,279.1344195947,287.274027605,5932807,291.0470549286,270.709377258346,288.0614280163636,51.81968005933502,5.966936163867672,7.967051753243445,-2.000115589375773,304.3934330238575,277.7006768333425,9.171285446287458,0.023594743868489313,-0.0020820040969976583,-0.05102985789570502,-0.04265326503660605,1
2020-06-16,295.7229793878,298.7970831256,290.1161235136,294.340599405,4012848,291.75177871001995,272.02021005794,288.65944433909084,56.35367159652409,5.774450849713901,7.528531572537537,-1.7540807228236357,304.2007437321706,279.3028136878693,8.533942844971678,0.022628657313538882,0.024598714540656097,0.04542489270385319,-0.02250473530462127,0
2020-06-17,294.8432830351,297.2406972709,292.9872204009,293.6445759172,2562640,292.38158329657,272.759000806798,289.13421877510126,55.79671740339648,5.5023143185187,7.123288121733769,-1.6209738032150698,303.83560217094544,280.92756442219456,7.834979717417657,0.022656907160679692,-0.0023646873357158205,0.020047684610033922,-0.02998562988974285,1
2020-06-18,291.7788462901,294.939952964,290.4931362362,294.6982781418,2774939,292.674009831385,273.651301229532,289.66412919097735,56.49766970729145,5.310453517766632,6.760721200940342,-1.4502676831737098,304.0507904553971,281.2972292073729,7.774370283556423,0.021866408524275127,0.003588359230913163,0.025843793115221336,0.04669527896995951,0
2020-06-19,299.193429834,299.193429834,286.6263390817,286.6263390817,4531968,292.782280151715,274.145284566028,289.3748158472366,49.96162303328108,4.455701871154986,6.299717334983272,-1.8440154638282857,303.88219837403267,281.6823619293973,7.582370228530147,0.02250931897306766,-0.027390519927693813,-0.026208617971472892,-0.00433191174973413,1
2020-06-22,289.6231068764,294.7949480707,287.8153792067,294.3019314335,3486212,293.24291236275496,274.822747427508,289.84406495069027,55.261706774048506,4.347545391233552,5.909282946233328,-1.5617375549997758,303.77784930316665,282.7079754223433,7.185126389264257,0.02325834571397916,0.026779089376054,0.0022386094285813396,0.02446411145167393,1
2020-06-23,296.805682591,300.0924601724,294.2825974477,296.6606776977,3799767,293.414501486485,275.664549168054,290.4932661646912,56.7768373593818,4.401424826715811,5.607711322329825,-1.2062864956140142,304.0542058860363,282.7747970869337,7.25233711738776,0.02245718160898599,0.008014715543017026,0.006659012629031125,0.007882291119166052,0
2020-06-24,294.8432830351,295.3459666652,283.3008935287,284.2192578529,5081365,293.13609209135495,276.114837696702,289.89574156356827,47.616675847083776,3.401001435822252,5.166369345028311,-1.7653679092060592,304.41317757412514,281.85900660858476,7.694095532429845,0.02428728693260611,-0.041938216892627556,-0.008397976391534168,-0.032097708717622186,1
2020-06-25,284.3642627462,288.4534007372,280.9904822289,288.0860550075,3292886,292.92873509393996,276.905017695236,289.7233904629904,50.300476689778655,2.8868985357931365,4.710475183181276,-1.8235766473881396,304.41517055279235,281.4422996350876,7.842477765227623,0.02441652247051632,0.013604979422616514,-0.02112074628842353,-0.022437264228325038,0
2020-06-26,286.9936848113,288.1827249364,279.5404332959,279.704772175,4920181,292.37046625475,277.728258809442,288.76923634032465,44.92751860464207,1.7826198720861157,4.124904120962245,-2.342284248876129,305.2086369517099,279.5322955577901,8.782125541896319,0.025236983939713648,-0.029092983456911137,-0.05715589155357559,-0.024148397976527347,1
2020-06-29,281.6381707523,283.3878964647,275.6543021556,283.1752226212,3642182,291.96106910601,278.365506980512,288.23647312897947,47.43147728991861,1.173974574324916,3.5347182116347793,-2.3607436373098634,305.40933192748014,278.5128062845398,9.212367157476843,0.025424621701476427,0.012407548213116293,-0.003673344443958615,-0.03780712127203334,1
2020-06-30,283.3298945074,286.7230090105,281.319159987,285.8529796507,4282275,291.57970623664,279.21562233494,288.0094737500957,49.34521746054138,0.8973473425424459,3.0072440378163128,-2.109896695273867,305.264522621248,277.894889852032,9.386672729206794,0.025467281444081294,0.009456184071167772,-0.007751417737807187,-0.03643117831077425,1
2020-07-01,286.1043214658,293.1708932657,285.2922940633,291.1408247596,3803894,291.29452994649,280.294845420778,288.3076976557628,52.985081244034276,1.0922128266987556,2.6242377955928013,-1.5320249688940457,304.7646496500778,277.8244102429022,9.24845358823745,0.02569607788306159,0.018498478187498835,0.0408861546968704,0.024352913166363566,1
2020-07-02,294.1955945117,296.6703446906,291.27616266,292.3491988704,3288664,291.345281659145,281.174735113298,288.6926025333473,53.80203022665581,1.3288328607118274,2.365156808616607,-1.0363239479047794,304.8232627026849,277.8673006156051,9.252239107347728,0.025362483705357618,0.004150479795466122,0.032396818352543155,0.014798161135529453,1
2020-07-06,296.4383368614,297.0860253847,293.0742233369,295.3943016296,3012439,291.04028803357994,282.13582754606404,289.3308595901333,55.88247234322575,1.7419897130432673,2.240523389501939,-0.49853367645867186,303.84508390803506,278.2354921591248,8.799328753397686,0.024179167019564813,0.010415977779196561,0.0333784240785564,0.05609317757647592,0
2020-07-07,293.0935573227,297.5403740504,289.4297670187,289.9227836559,3632892,290.532770907045,282.931421060614,289.3872333106825,51.403143126545324,1.6093619987281613,2.1142911113471836,-0.5049291126190223,302.6515098281808,278.4140319859092,8.34242476902073,0.02449382247623122,-0.018522760742219258,-0.004183683633876334,0.023828218345663954,1
2020-07-08,291.2771417591,291.8869739325,287.8795053642,290.5414712006,4114881,290.003986396155,283.616424176544,289.49716072876987,51.872902299808295,1.5364650808364786,1.9987259052450428,-0.4622608244085642,301.10981961309426,278.8981531792158,7.659090038692293,0.024481482765781264,0.0021339735252896563,-0.006183453475449463,0.016401758539054345,0
2020-07-09,290.0284377849,291.0932241195,281.2584703384,285.1594602732,5042756,289.12586529794,284.203840746526,289.08404639966795,47.56548540449868,1.0325083323727995,1.8054823906705941,-0.7729740582977946,298.7487576144363,279.5029729814437,6.656541991896879,0.024711497217645848,-0.018524071297498335,-0.03464806633011375,-0.020544574919504677,1
2020-07-10,284.5883476028,287.4535908304,282.1683786606,286.214566732,3030398,289.359035243725,284.443273657282,288.8107626217948,48.468889900609184,0.7100719839095291,1.5864003093183812,-0.8763283254088521,298.44762738556693,280.270443101883,6.281878935756543,0.018987546103288164,0.003700057707323179,-0.012790360513029508,-0.020983919785323435,0
2020-07-13,288.3247796496,289.060450208,280.7357570469,280.8906350592,4850856,289.00989793848504,284.744820290522,288.0564647586906,44.319530776189914,0.024657822651931838,1.2740518119850914,-1.2493939893331596,298.80868594605215,279.2111099309179,6.780935931580279,0.018763296421259686,-0.018601190476042695,-0.033216724970517864,-0.04909934447072173,1
2020-07-14,282.6523724491,289.5250842449,279.4096140665,289.3798861084,4781924,289.115190863655,285.33660267611003,288.18250488723436,51.45588109963022,0.16457663672923672,1.0521567769339206,-0.8875801402046839,298.8823106593327,279.34807106797734,6.756559395236889,0.020018989928774145,0.030222620442332593,0.01480023082929316,-0.0018725591023033283,1
2020-07-15,293.3002357948,296.9495489596,291.741775796,295.9331620039,5249947,289.19481899360005,286.049396907006,288.9206627078692,56.13014504274018,0.7950925694880766,1.0007439354447518,-0.20565136595667521,299.1551018086538,279.2345361785463,6.888285792750781,0.01989996637104389,0.022645927412678457,0.03395562770570004,0.018557387972945927,0
2020-07-16,293.2711961675,293.8132692105,289.3411666053,289.7670811391,3309256,289.000944254695,286.54761310775797,289.0012739870341,51.140422803449994,0.7881445552895343,0.9582240594137084,-0.17007950412417405,298.75606155563617,279.24582695375386,6.750924171613791,0.020458711489366628,-0.020836059139322627,0.03160107519436961,0.01615805017124683,1
2020-07-17,292.0708915721,295.468527967,289.8251603938,294.3263026263,3169774,288.98234547892,287.166788076344,289.50841957172605,54.370355338009325,1.1374178302634164,0.99406281358365,0.14335501667976636,298.6952696302894,279.2694213275507,6.722157462783736,0.020763338419092357,0.015734090529805123,0.01709315939134437,0.028341450216597508,1
2020-07-20,292.2548092117,304.9064068416,292.2548092117,301.9734044836,5278576,289.749698749015,287.82232114786603,290.6955609919045,59.23771196266325,2.0081281758508,1.19687588603708,0.8112522898137198,300.9134320398825,278.58596545814754,7.705777323715281,0.02046605900157282,0.02598171413517658,0.02041083344224992,0.0750568612583209,0
2020-07-21,302.9801115636,303.9964985193,296.4945947985,297.7529786484,3562035,289.92225110976,288.316689779166,291.3676960068088,55.70594753496333,2.330751848066029,1.42365107844287,0.9071007696231592,301.4624320904756,278.3820701290444,7.960879812806554,0.01997717711857624,-0.013976150788567843,0.02755971271100477,0.028934604448850765,1
2020-07-22,298.2660120642,303.5318644824,298.2660120642,303.338266967,3303094,290.25613057322505,288.94615829962396,292.50775038396984,59.17487326130147,3.002508473102239,1.7394225573747437,1.2630859157274952,302.891259888088,277.6210012583621,8.706192899292004,0.020323566013359155,0.018758127438232464,0.03061895678464821,0.02502289676816405,0
2020-07-23,303.5125047308,307.0843788895,298.8371247345,299.9793500752,3118539,291.04413518434,289.68477443249395,293.2193313069441,56.31834944916845,3.226649114190991,2.0368678687379935,1.1897812454529975,304.0357525118014,278.05251785687864,8.927592592946638,0.017893167939966623,-0.011073172288432076,-0.006603410693766243,0.03524302655758782,0
2020-07-24,296.6688325623,300.782779764,294.7909366632,297.0947470961,2500686,291.49456978877004,290.42273376381,293.58841852495897,53.911476260036544,3.135376169540905,2.256569528898576,0.8788066406423289,304.66812241084386,278.3210171666962,9.038626435902371,0.017912226402209228,-0.00961600516294503,-0.002210663199031515,0.009406038281651652,1
2020-07-27,297.2302653569,300.0761488329,296.2268494347,298.9726429953,2311575,292.457963329785,291.040679029062,294.10120180784855,55.25221747192666,3.1779389066368253,2.440843404446226,0.7370955021905994,304.8359450089114,280.0799816506586,8.464793735275089,0.016394852688947623,0.006320865372259954,-0.014391932858820233,-0.009937171432138348,0
2020-07-28,298.6241674676,300.2697463483,296.2332381527,296.5236344258,2116279,293.125383920015,291.578129726116,294.33190967622494,53.08344143116415,2.979707445465465,2.5486162126500735,0.4310912328153913,304.85162418496645,281.39914365506354,8.000835757131966,0.016450358365737792,-0.008191413585417862,-0.011519845111117366,-0.004128738621458572,1
2020-07-29,294.7522171601,301.6830082105,294.3843818809,299.3985575291,3542405,293.802662813935,291.961178401166,294.81444756697493,55.30152698267001,3.019779711244439,2.642848912368947,0.3769307988754922,305.3336147523245,282.2717108755455,7.849453662502725,0.01645581956951691,0.009695426500714088,0.007754463703980585,-0.012987841848284054,0
2020-07-30,294.2682233716,302.8058737997,293.3389552978,299.108161256,3941573,294.201029638755,292.322371942562,295.22337268021545,55.01857614733758,2.99359640240516,2.7129984103761897,0.2805979920289703,305.8860908056993,282.5159684718107,7.94358957974567,0.016026483899229355,-0.0009699321048725063,0.0004532798029355245,-0.0029041626331332004,0
2020-07-31,300.0761488329,300.1632677148,295.8267801692,298.6532070949,4684553,294.51623004998,292.51844113555,295.5500235768521,54.547694737409664,2.902674715649596,2.750933671430871,0.15174104421872459,306.32392968452194,282.708530415438,8.018369400245394,0.01602678032587522,-0.0015210355985928459,0.007181797407898927,0.0052456666233007265,1
2020-08-03,301.0441364098,303.464105352,299.3985575291,302.583236657,3908500,294.87567680135004,292.880887215188,296.219853394009,57.899668230116994,3.1118674934797923,2.8231204358406554,0.2887470576391369,307.19501444470717,282.5563391579929,8.35561466241676,0.016121363048591034,0.013159174148266173,0.010636922081999067,0.012076669040774757,1
2020-08-04,302.4961177751,305.5839981454,301.1409351675,304.3256142954,3409339,295.595818333325,293.265613756842,296.99183062271294,59.33163368945266,3.3792951795327326,2.934355384579071,0.44493979495366176,308.34908059413414,282.84255607251583,8.628851607385117,0.015448150775284818,0.0057583415976711905,0.01744336569584437,0.0263114941401148,1
2020-08-05,306.2422296976,319.1261443459,305.7582359092,317.4999252168,5799100,296.943741034135,293.751034356716,298.9449824888165,68.15220470227672,4.6012499907738516,3.2677343058180273,1.3335156849558243,312.63535696585063,281.2521251024193,10.568746710786431,0.01793258912961945,0.04329018098559434,0.06310569474618544,0.0604591011963731,1
2020-08-06,316.9191326706,320.6120052764,315.4671513053,319.5714186313,4839813,298.66433895204,294.346713814232,300.90940497857684,69.28042900863086,5.6714334344611075,3.7484741315466437,1.9229593029144638,316.24311837058394,281.08555953349605,11.771595819055435,0.01708753486041709,0.006524390243825895,0.05614383057696393,0.06841423948237213,0
2020-08-07,317.4999252168,317.8193611171,313.5602157789,317.5192849683,3662668,300.229574863855,294.85243561448203,302.4912983109314,66.75739988969455,6.281561556148176,4.2550916164669506,2.026469939681226,318.6501086290946,281.80904109861547,12.270965492718501,0.017303094832881345,-0.006421518143860161,0.04335379624040869,0.06317051826403164,0
2020-08-10,316.7158552795,319.1842236005,311.553577532,312.5438288231,3752382,301.81223455205,295.285909211768,303.4486821692332,60.96078818427296,6.29109493271153,4.662292279715866,1.628802652995664,318.689025390439,284.93544371366096,11.183635987081546,0.01710081627151192,-0.015669776233266375,-0.015609756097787475,0.032918519466400786,1
2020-08-11,314.5959624861,323.8402438453,313.221420127,318.0226385083,5273319,303.244372172045,295.819098670014,304.8366780110491,64.6053887526725,6.663926756100921,5.062619174992878,1.6013075811080428,320.5147160618584,285.97402828223164,11.390380481663207,0.016353878740729397,0.017529732408509746,-0.00484642878775976,0.045007792868873464,0
2020-08-12,318.1387970175,320.7910829782,315.7575475784,317.1417698133,3126682,304.30480256251496,296.292329325518,306.0085915160254,63.57769592140675,6.8098205479746525,5.412059449589234,1.397761098385419,322.2408974840848,286.3687076409451,11.788243084257703,0.0158793456866323,-0.0027698301577893103,-0.0011889518932296506,-0.0011280487806586414,0
2020-08-13,315.4961909326,319.271923275,315.1996963378,315.7478677026,2527126,305.60384189069,296.670399668318,306.9361416290325,61.89970748812182,6.735325537928418,5.676712667257071,1.0586128706713467,322.8917905097157,288.31589327166427,11.313960264419293,0.014946725424557893,-0.004395201904563439,0.01025148662050035,-0.011964621069919135,1
2020-08-14,315.2445141626,317.1514496891,314.4120448465,316.3383401245,1444904,306.7044437656,297.170483178462,307.8315891047913,62.35298765871832,6.647307868124358,5.870831707430528,0.7764761606938295,323.7818317860268,289.62705574517315,11.136055161612394,0.014713439932815368,0.0018700757227478881,-0.0052961587631003,-0.0037192854094448835,1
2020-08-17,316.5319376399,320.6265250901,316.2173416774,319.6585375132,2894481,307.58870041708,297.53377044590803,308.9579651436874,64.88290298745176,6.767454410047435,6.050156247953909,0.7172981620935257,325.40988737879036,289.7675134553697,11.587673368719594,0.013862818377711993,0.010495716034272906,0.007935781216651394,0.022763875123981148,1
2020-08-18,319.6294978859,320.7910829782,315.9028425137,320.4038879474,3022140,308.72124588203,297.940385681124,310.04805302975524,65.44430808525817,6.843922482828759,6.2089094949288794,0.6350129878998798,326.77565225689597,290.66683950716407,11.696251304819482,0.013282946630976296,0.002331708203380023,0.014746006928494815,0.007487672733832218,1
2020-08-19,319.4746198736,323.7530281647,319.4359003705,321.759070555,3420991,309.64228606143,298.353223863856,311.1633880321595,66.49315773991333,6.93394568253342,6.353916732449788,0.5800289500836318,328.37114111295995,290.9134310099001,12.097091317698327,0.012808062389375253,0.0042296072506538,0.017135862913001843,0.014559106308885683,1
2020-08-20,319.6198180101,327.1798009856,319.6198180101,326.5215694333,2966407,310.96939702933497,298.829217607772,312.6260719751253,69.94557885746431,7.305371795869746,6.54420774513378,0.7611640507359665,330.51505364433444,291.4237404143355,12.570791082156326,0.012613973179802934,0.014801444043473833,0.02146988462592403,0.034121217695277206,0
2020-08-21,327.1798009856,327.9541910471,325.2147862045,326.3086121664,2681080,312.43009028284996,299.724366494774,313.92917104096097,69.60024172965271,7.496135016698304,6.734593199446685,0.7615418172516186,331.976325609334,292.8838549563659,12.512389769364674,0.012246547399706098,-0.0006521996916454276,0.018429003021241064,0.03151774785811945,1
2020-08-24,328.4962640901,332.8231685588,327.9057916682,332.6392509192,2753906,314.11342067904496,300.619683889878,315.7110834103171,73.7494163993934,8.06517556011562,7.000709671580473,1.064465888535147,334.5139689014092,293.7128724566807,12.989287868224602,0.01267542176518881,0.019400771284491025,0.033814681107304345,0.040608061048468036,1
2020-08-25,333.6749976264,337.3049510397,332.3391747703,336.5305609782,2862965,316.11376700666494,301.604814557342,317.6938907977345,75.92460995378357,8.729512109549432,7.346470159174265,1.3830419503751674,337.06137655531654,295.16615745801334,13.253209277791397,0.012326343362757989,0.011698288906817123,0.030653385509175735,0.05033232628390416,1
2020-08-26,336.8596767544,341.0123434592,334.4397078122,339.7829992366,3511970,318.13298909204,302.513662553974,319.7976154109598,77.59565838975999,9.409975852829518,7.759171297905316,1.6508045549242025,340.01129295174655,296.2546852323335,13.75418746867327,0.012325914266203861,0.00966461485383685,0.041293384752372875,0.056016847172359885,1
2020-08-27,340.4702704161,346.5395525232,339.3570847027,344.6035773694,3811724,320.40775989771,303.532842583018,322.1600879784303,79.83021667885703,10.220414068524974,8.251419852029247,1.9689942164957266,343.33615811511845,297.4793616803015,14.312011809407082,0.012313740083955712,0.01418722579890841,0.035967873355710056,0.055377682912288284,1
2020-08-28,346.0361989832,355.4934376093,344.7584553817,354.3996116474,3544720,323.19508012533504,304.72686925312996,325.2305188040465,83.44392257100158,11.520350857203482,8.905206053064095,2.615144804139387,348.31622484756656,298.0739354031035,15.545499462732874,0.013002189145969562,0.02842696629205066,0.05309785422536262,0.08608721447619971,0
2020-08-31,354.8932853117,354.8932853117,346.2392827768,346.7234701628,3948240,325.402091800625,305.928811874752,327.27746655249916,72.48479802795978,11.795192030676333,9.483203248586543,2.3119887820897898,350.6476006949657,300.15658290628426,15.516500680523432,0.01460245481533549,-0.02165956516971901,0.020426186541979252,0.0423408217902137,0
2020-09-01,346.2588361259,347.9334546339,342.2416876818,345.4747661886,4412230,327.459549395285,306.95226856985397,329.01054270831827,70.8545631436002,11.776493578553072,9.94186131457985,1.8346322639732229,352.201054259186,302.71804453138407,15.111182379375254,0.014790819656892532,-0.0036014405763006296,0.0025280898876627322,0.026577690847457314,1
2020-09-02,345.9490801013,350.0243077999,344.8756786773,349.1531189808,4127221,329.04220908348503,308.002117395516,330.92888330569747,72.79554655507654,11.921068591469009,10.337702769957682,1.583365821511327,355.0500191737794,303.0343989931907,15.808190786669329,0.012062679011763633,0.010647240123442092,-0.014803889434901074,0.027576776252055346,0
2020-09-03,346.9945066843,347.4494608454,330.3354404862,332.8328484346,6297442,329.70528057365,308.97438920714995,331.1102133179739,55.22314718164923,10.596585055549951,10.389479227076135,0.2071058284738161,355.3876119605928,304.0229491867072,15.578962728324178,0.016669919928247855,-0.04674244524534077,-0.04006253664246562,-0.03415730337059819,0
2020-09-04,332.01973887,335.8820093017,316.096440029,324.2855181307,6571423,330.04359223177,309.698378469614,330.46024234775734,48.6055553026901,8.756287160652107,10.062840813791329,-1.306553653139222,355.24873840404103,304.83844605949895,15.273828527821237,0.017715703278989806,-0.025680549092736316,-0.06133370692067408,-0.08497214028174827,0
2020-09-08,318.2355957752,324.9631094345,316.4351388822,319.3197418613,4425652,330.38238788368,310.49067786334,329.39924230142805,45.21549472948641,6.818541276655708,9.413980906364205,-2.5954396297084976,354.8076230529123,305.9571527144477,14.78603948938818,0.01769798583979647,-0.015312975732078793,-0.08544496811767155,-0.07903626566910205,1
2020-09-09,326.5893285637,331.7874218515,321.7300309277,328.7673006117,3344928,330.91962098885,311.40251942315,329.3390573785968,52.06544453510811,5.976311538210098,8.726447032733384,-2.7501354945232865,354.6979021691608,307.1413398085392,14.371031315252214,0.01847110904035165,0.0295865163091098,-0.012214983713360383,-0.04836088540191408,0
2020-09-10,331.5357450815,334.0815524087,320.5394062082,322.2237045919,2845917,331.17371772778,312.129933921974,328.6614047322447,47.62387995156918,4.726342555931467,7.926426137373001,-3.2000835814415343,354.4611897046266,307.8862457509334,14.06359909030495,0.019082692738608794,-0.019903427158434184,-0.00635801916374501,-0.0771278070421042,0
2020-09-11,323.9951218576,323.9951218576,316.8320137887,319.5810985071,2920670,331.365379268005,312.698739396924,327.7966136631833,45.9201894342994,3.48235449118863,7.037611808136127,-3.555257316947497,354.2005672192279,308.53019131678207,13.782482649012065,0.019157836901328832,-0.008201153568595632,0.0008184794472043677,-0.039815030246643124,1
2020-09-14,324.2467986276,329.1157761393,323.3272104296,327.7605935317,3416441,331.936491938365,313.40696729014996,327.7931831744706,51.681936589396386,3.1205303456608817,6.2541955156410785,-3.1336651699801967,353.79004187871897,310.08294199801105,13.167307886360257,0.019947152640116095,0.02559442677558188,-0.003062065716775808,0.010716098026922749,1
2020-09-15,331.7680621,332.9199673165,327.6928344013,328.2833068232,2396398,332.367730403865,314.064747394022,327.8398616172067,52.03364076485455,2.843186216769766,5.571993655866816,-2.72880743909705,353.56568544351177,311.1697753642182,12.755723916933112,0.019845855027219753,0.0015948021263558765,0.018805575582884426,0.028070813629160085,1
2020-09-16,330.3548002377,334.9624211037,328.9076588103,330.9065531566,3049084,332.892863664325,314.884422784036,328.1319274781013,53.84918805435306,2.8027546413369464,5.018145852960842,-2.2153912116238956,353.38799822409027,312.3977291045597,12.313351709715059,0.019898303042780993,0.007990800259645159,0.03543843707405103,0.006506889647844405,0
2020-09-17,326.3473316695,332.7166899253,325.2438258318,328.5640232205,3713239,333.2331112976,315.644873824434,328.1730794535679,51.95791899896803,2.552268772333548,4.524970436835384,-1.9727016645018356,353.19665228942955,313.2695703057704,11.981727094340734,0.01998621411640824,-0.0070791282727827864,0.002451269934993894,0.019676760394242487,0
2020-09-18,327.3830783767,330.2144420391,322.6980185046,324.5275150249,4006023,333.13340857718003,316.432234919468,327.8258828413138,48.77877349067073,2.0049328220712255,4.020962913882552,-2.0160300918113263,353.2493656475265,313.0174515068336,12.076817606653217,0.019936418675305958,-0.012285301829564887,-0.011440702954545023,0.015477813115064798,0
2020-09-21,318.9228669548,321.0524396239,310.540094539,317.3547270802,4466047,332.68571432287,317.055038126432,326.82862991168395,43.665869831720116,0.9810719102136432,3.41298471314877,-2.431912802935127,353.76479867256506,311.60662997317496,12.672070631345411,0.020534750254109387,-0.022102249000827134,-0.040953634635294334,-0.031748375664610196,1
2020-09-22,318.9615864579,325.2728654591,314.7024411196,324.5759144038,3375282,332.28254749710004,317.928743713324,326.6140855775998,49.41454414037305,0.7437705046840506,2.8791418714558263,-2.1353713667717757,353.6561518314149,310.9089431627852,12.86471678715018,0.020724538303266215,0.022754308372961773,-0.012137996052061895,-0.011293271215269685,0
2020-09-23,324.1209602426,324.440396143,313.1149414935,314.141008325,2893892,331.16306986444,318.42396615765597,325.42617345830456,42.64272059685224,-0.283039577212719,2.2467055817221175,-2.5297451589348365,353.8353438253637,308.4907959035163,13.69251346184493,0.021608567083470486,-0.03214935432891719,-0.03200501103613085,-0.05066549656290975,1
2020-09-24,312.8535848477,320.1909306805,310.8982499424,317.7032026079,3706328,330.059080033005,318.859366969736,324.6906524249327,45.39382057032498,-0.8001312418610951,1.637338217005475,-2.43746945886657,353.0923125721875,307.0258474938225,13.95703613842664,0.02166427616006773,0.011339475549192457,0.001098063138703198,-0.0330554164334399,1
2020-09-25,315.2251544111,322.8044971381,311.7887985132,321.1589182574,3077606,328.886847077405,319.48720371210203,324.35429678992955,47.99955396493987,-0.9204721097381707,1.125776151656746,-2.0462482613949167,351.215469430071,306.558224724739,13.57830059248971,0.021537292965154095,0.010877182291942233,-0.01052757150103567,-0.010380003579177455,1
2020-09-28,325.8342982537,329.6675290582,325.0599081922,327.5573161406,3122503,327.544732302065,320.15182398238795,324.65934625189817,52.51748719096984,-0.49385304847794487,0.8018503116298079,-1.2957033601077528,346.55882147795796,308.530643126172,11.610071725017402,0.020954096126164744,0.019922840436496614,0.04270791606334923,0.03214884855904998,0
2020-09-29,327.5573161406,329.8127271947,325.069588068,325.4664629745,2703855,326.48188194265003,320.621685152206,324.73621451119357,50.959392122831794,-0.320771095800751,0.5773260301436962,-0.8980971259444472,343.34355526222873,309.62020862307133,10.329316419794853,0.02054010206388983,-0.006383167351397212,0.024435574784498648,0.002743729682887386,1
2020-09-30,325.9214171356,332.6489307949,325.6503806141,327.3443588736,3285410,325.57536157690004,321.21351275671003,324.9846092123751,52.32740893254866,-0.031706404791577825,0.45551954315664145,-0.4872259479482193,340.0332920421285,311.1174311116716,8.881464736890745,0.020631307051103383,0.005769859917170939,0.01925975043683059,0.04203001263349959,1
2020-10-01,331.2840683115,335.6012929044,329.3868126609,332.3778942734,2503643,324.73660034153,321.794305302838,325.68873159913943,55.88009213819215,0.5966656944708575,0.4837487734194847,0.1129169210513728,334.9488690941381,314.5243315889219,6.289570526924114,0.02081607153697916,0.015376881450227087,0.014716746948588488,0.046189939368068256,0
2020-10-02,327.4411576313,331.642223715,325.2535057076,327.9832306744,2184840,324.49411945352006,322.354382914822,325.90725532059287,52.221025533102214,0.7316089530100953,0.5333208093376068,0.19828814367248848,334.14054470943995,314.84769419760016,5.945516222090816,0.01823472771219077,-0.01322188892437337,0.007732801951078949,0.0212490204352056,1
2020-10-05,330.7419952685,332.2617357642,328.1187489351,332.2617357642,2081554,324.892930335195,323.057722688184,326.51244393426975,55.29050058992493,1.1703015535817372,0.660716958186433,0.5095845953953042,335.1142702409164,314.67159042947355,6.292128237555669,0.017468584261537277,0.013044889767694912,0.015022030339917336,0.014362126540262254,0
2020-10-06,331.1098305477,335.2721771283,325.4567830987,326.6280480668,2553410,325.25834564547,323.610830789614,326.5234538516536,50.67414637497404,1.0512588282701927,0.7388253322031849,0.31243349606700777,335.1745806582033,315.3421106327367,6.0974515461269325,0.017554751372162905,-0.016955571740581488,-0.017299123394380778,0.0035689855160006,1
2020-10-07,330.8387940262,333.6169183718,329.4400519776,332.8909276892,3068268,325.46452699934497,324.33817665488203,327.1298799314199,55.156574763501915,1.4456145110435727,0.8801831679712626,0.5654313430723101,335.82552997033497,315.10352402835497,6.366901527803584,0.016809637413790084,0.019174347271974534,0.014963255910092732,0.016944140521272022,1
2020-10-08,334.3524318759,336.9496450507,333.6062176429,334.488107191,1991848,326.0777471293,325.03996764812,327.83066347995134,56.248507704447185,1.8655187297584348,1.0772502803286972,0.7882684494297376,337.03359674370535,315.12189751489467,6.719777544378704,0.0161043248428891,0.004797906367971505,0.006700655498832253,0.00634883653202345,1
2020-10-09,337.2403778688,342.4444953122,336.2809595691,341.5044592005,3116763,327.17391516397004,325.88789360701,329.13292973905124,60.76790960937968,2.7329530360078707,1.408390831464532,1.3245622045433387,339.598878090837,314.7489522371031,7.5953261253360775,0.016450113331644877,0.02097638707822136,0.045545418471403254,0.04122536538925359,0
2020-10-12,344.0338347177,344.0338347177,339.9829574526,341.1652709127,2943192,327.84414903302,326.73813488336594,330.27886699368446,60.44286177732176,3.354364289615148,1.7975855230946551,1.556778766520493,341.68848429381194,313.9998137722281,8.44568085270147,0.01561989168565279,-0.0009932177418533472,0.02485601899978862,0.02679675144663274,0
2020-10-13,340.5741141826,340.6419518402,334.3621229699,335.1567926726,2523751,328.18782332549,327.38960600367795,330.7434313440574,54.84621419354351,3.3236897792468767,2.1028063743250995,1.2208834049217772,342.39519993846653,313.98044671251347,8.658076627593795,0.016232443451384092,-0.017611635041356655,0.001999130812798011,0.026111488760009127,0
2020-10-14,335.0792639211,336.4650903539,330.6504339925,332.1137891768,2234659,328.2481851265,327.945369501306,330.8739416138424,52.209545882198995,3.0190335189886355,2.286051803257807,0.7329817157308285,342.5114007256938,313.9849695273062,8.690506906350185,0.016303117292774512,-0.009079343048769783,-0.027497942620382076,-0.0023345139436348195,0
2020-10-15,327.8497078451,329.1192411506,322.5341428213,328.1113673813,3728078,328.22555233454,328.15759834459595,330.61083930598124,48.881003835714175,2.4266562656524684,2.3141726957367394,0.11248356991572894,342.4881279551898,313.9629767138902,8.690716197569422,0.016458872978909907,-0.012051356872054941,-0.038262697420747616,-0.019064174996388572,1
2020-10-16,329.4971938141,334.3220987519,328.7509795811,328.915728178,3326354,328.444962992195,328.34448453553,330.44940015093545,49.576745053108745,1.999054364164067,2.251149029422205,-0.25209466525813795,342.60789601252185,314.2820299718681,8.624235178582074,0.016205015659851142,0.002451487137186792,-0.01862132778164105,-0.03686256704223312,0
2020-10-19,329.6134869414,330.7570360258,320.2228169177,321.4245125657,2937563,328.64845226647,328.42258908747795,329.5898870475797,43.62207356970093,1.0436675336500798,2.00965273026778,-0.9659851966177002,342.27496020213425,315.0219443308057,8.292452218588773,0.016255706374596918,-0.022775486152021074,-0.03218558505985314,-0.05786274287001336,1
2020-10-20,322.7521924349,326.3960437547,321.4342036596,321.4729680354,2679689,328.49330494804997,328.601171871724,328.81684714165783,43.66920394297406,0.28711683457788695,1.6651455511298017,-1.3780287165519147,342.37011429388156,314.6164956022184,8.44876235637506,0.01541006718613271,0.00015075225381289137,-0.02023215287809721,-0.04082812861432017,1
2020-10-21,322.2191822684,325.9308712458,321.0659420901,323.1204540044,2725252,328.94227723202005,328.703128181646,328.27433350953805,45.342247137378365,-0.17747092169321377,1.2966222565651988,-1.4740931782584126,341.4456909640695,316.4388634999706,7.602193209862264,0.013499519055685754,0.0051248040513893756,-0.01761932822641954,-0.02707907791089159,1
2020-10-22,323.0719985348,325.0150628689,319.0792678332,323.2948936953,2256296,329.22186178639,328.826190659286,327.80010114627726,45.52672870870216,-0.525526300446927,0.9321925451627737,-1.4577188456097008,340.9324515812505,317.51127199152944,7.1141021627893934,0.013299600797591727,0.0005398596366716912,0.005819036994627824,-0.014679386832711416,0
2020-10-23,325.3203323278,325.3203323278,318.1683050033,319.4281472149,2945459,329.135323234265,328.899796249532,327.0027722004318,42.13204851954566,-1.100688765993084,0.5256162829316022,-1.6263050489246862,341.1056663793341,317.1649800891959,7.27381250206869,0.013383159553060084,-0.011960431654835735,-0.006360786205435676,-0.028845020624752915,0
2020-10-26,316.3269971555,317.1313579522,304.5232447418,308.2349337192,5173344,328.16920411319495,328.73772812142596,325.2153590117431,34.18565456258369,-2.431677087476885,-0.06584239115009521,-2.3658346963267896,343.2165562219569,313.121852004433,9.170483957764487,0.014622710487899196,-0.035041412578364906,-0.04606802231404794,-0.041034763469709024,0
2020-10-27,309.0489856098,309.6837522626,302.7061646289,307.3142797953,4314917,327.26159495423497,328.49084296706803,323.5104943244628,33.6239187041822,-3.5202052639080534,-0.756714965701687,-2.7634902982063663,344.8301008574645,309.6930890510054,10.73667437554741,0.014600241941396528,-0.0029868578255918266,-0.04943045563553328,-0.04404316893774052,0
2020-10-28,292.3706129464,292.6710368584,279.6849709846,282.3790950987,11518248,325.01333176548997,327.730347110094,319.59321820772345,22.729925082620213,-6.322055973217857,-1.869783167204921,-4.452272806012936,351.3062973435962,298.7203661873837,16.179622808259243,0.02264418449594359,-0.08113903692730828,-0.11598555869052662,-0.12608721732343575,1
2020-10-29,284.142874195,286.1780039215,278.6674061213,284.1234920071,9582260,322.60061165217496,326.977635539136,316.21514904575935,24.57109551592363,-8.306037761628488,-3.1570340860896344,-5.149003675538854,354.090032231434,291.1111910729159,19.52223240866676,0.02225345451595409,0.006177500171499206,-0.07822423442134996,-0.12116306954454514,0
2020-10-30,280.8963577265,282.8345765137,272.5135614722,279.7237353603,6893575,320.18763688647,326.041678857676,312.7397763138108,23.07747917087461,-10.116761484924211,-4.54897956585655,-5.567781919067661,356.65933284566273,283.71594092727725,22.781451722400284,0.022289443401479092,-0.01548536735107453,-0.08977957175754381,-0.12429841327629854,1
2020-11-02,285.1507479643,285.7295000942,279.2197984757,281.0126508538,5095018,317.62518264095,325.135759631424,309.7181453176193,24.524912714037143,-11.317309473951696,-5.902645547475579,-5.414663926476116,357.39576287921636,277.85460240268367,25.04246036638967,0.021953828772408663,0.004607815964704498,-0.0048390418009606195,-0.08831666981069486,1
2020-11-03,285.354260937,291.0623152651,282.7667388561,286.2652237669,4097715,315.607041425955,324.208279088378,307.48453374136034,30.28223951315148,-11.709928897085433,-7.06410221739755,-4.645826679687883,357.3908488586789,273.8232339932311,26.478374654721932,0.022633876027456694,0.018691588784850666,0.007538031243634391,-0.06849358266859784,1
2020-11-04,295.6655848846,303.0597926466,292.9036231129,297.710405705,4790140,313.848015326745,323.431875982914,306.55366440456413,40.86702955417214,-10.97108425750315,-7.845498625418671,-3.12558563208448,355.53519850644284,272.16083214704713,26.56520426697465,0.02428536413009177,0.03998104201235275,0.06430155210651756,0.05429336261928763,1
2020-11-05,305.40513429,309.4850848369,303.893323636,306.752196347,3794406,312.461219784545,322.771259925122,306.5725722086056,47.63138385737588,-9.545908329038355,-8.185580566142608,-1.3603277628957464,353.1428604215682,271.7795791475218,26.039481421134347,0.025487458358818906,0.0303710937499424,0.09159568231179493,0.07964390476847472,0
2020-11-06,306.2191861806,306.7134319713,300.5111318524,303.9514701996,2978524,310.5835703345,321.95821778172603,306.3229434458432,45.88062295386318,-8.543951971440777,-8.257254847202242,-0.28669712423853433,349.1409928564485,272.02614781255147,24.82901621642252,0.02481470623119714,-0.009130256215775456,0.06178272791913253,0.08661308204001106,1
2020-11-09,336.2034308176,345.9720535048,330.3693922683,333.9163326488,10933692,310.221123421305,321.548552201754,308.95088527469625,61.98164091460462,-5.2712170574729384,-7.660047289256381,2.3888302317834427,347.74424746327026,272.6979993793397,24.191211499808727,0.034042280364198374,0.09858436423920747,0.12161458333329556,0.1882608545710056,0
2020-11-10,329.4875027202,335.1761748605,323.1398361923,324.4384427797,5330365,309.68520592666,321.102851654092,310.4258907513633,56.27834487506164,-3.403108643694395,-6.808659560143985,3.40555091644959,346.0569658699204,273.31344598339956,23.489504340012957,0.03441002232029326,-0.028384026004108276,0.05765646226276133,0.13334913165660534,0
2020-11-11,326.9872004848,327.2682422089,320.8430469295,322.1222713291,2969922,309.18563003427505,320.635801756902,311.5398317587668,54.94771816513181,-2.0854748894292925,-5.864022626001047,3.7785477365717544,344.5725551186105,273.7987049499396,22.890407345524192,0.03438897402985442,-0.007139016667555342,0.059781915572138855,0.0819986979168259,0
2020-11-12,318.8951370485,322.8006479046,316.2155495752,318.1489228154,3208585,308.68750780598,320.015717833594,312.1692690022557,52.64803642031635,-1.3463369304633943,-4.960485486893517,3.6141485564301226,343.26601819288646,274.1089974190735,22.40356963757678,0.034393840814620574,-0.012334907789224414,-0.04721964244253829,0.03715287650461674,1
2020-11-13,320.0968326965,325.7273582731,317.2282688915,324.6807201281,2393997,308.475757403485,319.852675267464,313.3608357761456,55.9144772377267,-0.23084231167968028,-4.01455685185075,3.7837145401710695,342.605135010436,274.34637979653394,22.127753502723365,0.034724898654289536,0.020530628407910534,0.0007467590656775602,0.06819920928458556,1
2020-11-16,331.2415907226,332.0653337071,322.878176656,325.0877460734,3313117,308.65891907887,319.868719826318,314.4776843758841,56.117619859631375,0.6782206965272053,-3.076001342175159,3.7542220387023644,343.10217392657876,274.2156642311612,22.318003931652253,0.034311589562624235,0.00125361907888899,0.00920605313027334,-0.026439517065149243,1
2020-11-17,322.878176656,327.3360798665,320.5038586418,326.1053109366,3412853,308.89053622393,320.00443120782404,315.58507738166657,56.65535106537265,1.4638938037647904,-2.168022312987169,3.6319161167519596,343.73531439993934,274.04575804792063,22.56124684295841,0.03431362489023873,0.003130123714260913,0.025008376740022875,0.005137702371577069,0
2020-11-18,326.1343842184,330.417847738,324.5111259842,325.5626096762,3203424,309.01264400751995,319.940337389114,316.5353185525745,56.25938908449701,2.019474698306283,-1.3305229107284788,3.3499976090347614,344.0724845594083,273.9528034556316,22.6915249144531,0.034307058979559726,-0.001664190193165882,0.002716174670772009,0.010680225036614033,0
2020-11-19,325.1265104491,328.6831419235,321.1822352173,323.5662443255,2718742,309.02621153903,319.967188183786,317.20493053094833,54.74369845822938,2.272490702255368,-0.6099201881317095,2.8824108903870775,344.1083524147872,273.9440706632728,22.70496130476384,0.034343472244364466,-0.0061320473892426675,-0.004680280220579203,0.01702762801193991,0
2020-11-20,324.4384427797,324.8018588023,313.0223341234,313.0223341234,4144864,308.705920884455,319.836012896112,316.80658801594376,47.46962457005267,1.6037156384894047,-0.16719302280748666,1.7709086612968914,343.51827515695015,273.89356661195984,22.55373280354089,0.03504296239092372,-0.03258655804495192,-0.040118870728062195,-0.035907232188287286,1
2020-11-23,316.1331752768,322.9072499378,314.3500139926,321.7830830413,3220817,309.38332835056,319.716462686304,317.28053992312056,53.051607667267916,1.7603337712860139,0.21831233601121347,1.5420214352748003,344.6568673667474,274.10978933437264,22.802482088640012,0.03459826403053942,0.02798761609913214,-0.011609215931335126,-0.010165449396403403,1
2020-11-24,326.502645788,333.4802334217,323.793985033,331.8133652648,3513355,310.60828262403504,319.787063855136,318.66461852709006,58.49018615853857,2.6631159755365275,0.7072730639162763,1.9558429116202511,347.1867683998038,274.0297968482663,23.55280771443168,0.035140721769152165,0.03117094325997427,0.0254881993530931,0.017503714710459528,0
2020-11-25,333.0925896643,333.0925896643,328.8584538128,330.7764182136,2535198,313.02814877978005,319.784461156276,319.81812325913864,57.74543625845084,3.257355647425811,1.2172895806181834,2.040066066807628,348.19256183850985,277.86373572105026,22.467252990381052,0.028922853508998154,-0.0031250912704269274,0.05671826625380971,0.01601476454125228,0
2020-11-27,332.2397733979,332.2882288676,327.1810223635,328.5959220781,1402271,315.25177028333,319.785099133428,320.6541040990397,56.12704671069092,3.5118644661889107,1.676204557732329,1.8356599084565817,348.38986395006157,282.11367661659847,21.02325619738722,0.02911308039457066,-0.006592054377020151,0.02117214793397193,0.015544507008401709,0
2020-11-30,327.2294778332,327.6025849497,319.9805395693,326.1150020306,4276207,317.571333616845,319.816848873542,321.1741896163312,54.26360351033296,3.4733365629555806,2.0356309587769794,1.4377056041786012,346.68774588437736,288.4549213493126,18.336927288696536,0.028833389184198074,-0.007550063408608976,-0.01717339875581103,0.04182662538717952,1
2020-12-01,329.1773877143,332.0458546083,327.1907134574,328.4117912933,3881458,319.94129063882,320.03799015780396,321.8634850141378,55.72900397685346,3.5867883570142567,2.345862438424435,1.2409259185898218,344.05548408670677,295.8270971909333,15.07413650781895,0.02882307937060231,0.0070428813406273605,-0.007148716746709027,0.020599927719473055,1
2020-12-02,326.3766615668,329.7297800686,323.6825374527,329.7103978807,2972421,322.11354934451003,320.140679827342,322.61081004904844,56.576160650338046,3.73839255754217,2.624368462247982,1.1140240952941878,340.95210261626113,303.27499607275894,11.696840018115912,0.02872911394986801,0.003954202077477209,0.0033916300468728178,-0.006337801921938113,0
2020-12-03,328.1016762874,331.7406820602,323.7988305799,324.7873221614,3080295,323.46739516733,320.35360610407,322.8180969168914,52.47645628573164,3.421844024136476,2.783863574625681,0.637980449510795,338.6294076868441,308.30538264781586,9.374677476640759,0.02807489447133699,-0.014931514901999843,-0.004071201450203121,-0.018106176022295695,1
2020-12-04,326.5123368819,333.7174714013,325.4269343611,333.7128196762,4323636,324.81542633379,320.673798445436,323.85568956063514,58.36678603412346,3.846846040179969,2.996460067736539,0.85038597244343,338.5169606234848,311.1138920440952,8.436504660104834,0.027943062122654728,0.02748105269442913,0.01614140698792932,0.015572005780655651,0
2020-12-07,332.7534013765,337.2403778688,329.5456492838,330.427538832,2389808,326.13922976541,320.859170856928,324.4815799674318,55.633458952432534,3.873912440788672,3.1719505423469654,0.7019618984417066,336.1372519705288,316.1412075602912,6.131137436186567,0.027961957890526218,-0.009844634819206943,0.002175063194578053,0.0132239755133845,0
2020-12-08,327.8303256572,332.2397733979,326.2991328153,330.2627902351,2224649,325.95655264472504,320.913280338818,325.03217142149543,55.49311334576555,3.8378288216748047,3.3051261982125335,0.5327026234622712,335.50281100232417,316.4102942871259,5.857380856524172,0.017085285450178983,-0.0004985922102084261,0.016858626245820574,0.005636213409118795,0
2020-12-09,329.8945286655,331.1543708771,324.3512229343,326.4444992244,2962586,326.05685546696,320.932841063816,325.1666788312958,52.20599656189764,3.4612292238326177,3.3363468033365504,0.12488242049606724,335.57932851055034,316.5343824233696,5.840989314549345,0.016016344768065422,-0.011561372106079326,-0.021780165529308837,-0.009905355358194479,0
2020-12-10,324.3124585585,325.1701203718,320.9593400568,321.2791461566,3506826,326.014699208335,320.81153680947597,324.7964376241819,48.05871194896479,2.714677394201999,3.2120129215096402,-0.4973355273076412,335.6136311827069,316.4157672339631,5.888649804859166,0.01634663400976951,-0.015823066647078887,-0.02768653214480199,-0.010801456108119445,0
2020-12-11,316.9859915431,321.3227560794,315.4741808892,317.305797643,4178111,325.97254294971503,320.51009487686804,324.08304334025985,45.091301947173875,1.78187334546692,2.9259850063010964,-1.1441116608341764,335.7156067435257,316.22947915590436,5.977843229154215,0.016347920657708796,-0.012367277992152315,-0.039232371842060854,-0.04916509365483668,1
2020-12-14,318.8369904848,328.2858070722,317.4705462399,320.920575681,3552615,325.78453572736004,320.368841777,323.78185594413986,48.22349022125356,1.319096075609309,2.6046072201627393,-1.2855111445534302,335.7623420315522,315.8067294231679,6.125402043356833,0.01586425740478006,0.011392095779059641,-0.016921478402988188,-0.028771703425826245,1
2020-12-15,322.8684855621,324.8619435847,317.4996195217,323.343349165,3106678,325.69731588194,320.190474045016,323.7400933937456,50.27102859486877,1.134758537258108,2.310637483581813,-1.1758789463237052,335.7283160633931,315.66631570048696,6.159706999298171,0.01596227749453347,0.007549448890457722,0.006424951737744822,-0.020951318994108736,0
2020-12-16,323.643773077,323.6825374527,319.0792678332,321.8412296049,3393284,325.48411181535505,320.094737675778,323.55924922337937,48.97780108591876,0.8575756173765399,2.0200251103407587,-1.1624494929642188,335.6516940759786,315.3165295547315,6.247667330927375,0.015972912206630628,-0.004645586692842429,0.014293567894409387,-0.01410123200249025,1
2020-12-17,324.2058565252,327.8787811269,323.1010718166,326.4929546941,2725483,325.53062906625,319.966778215876,323.8386497444004,53.00927223780398,1.0017143554411518,1.8163629593608375,-0.8146486039196856,335.70773052078954,315.3535276117105,6.25262297666518,0.016315968302546995,0.014453477868297204,0.017363732447741143,0.016228281853558624,1
2020-12-18,326.1150020306,331.0477688438,324.0217257405,329.816999914,8443730,325.843166845675,319.873356070336,324.4080164272194,55.70278111760859,1.3683940184131984,1.7267691711713098,-0.3583751527581114,336.1429487894188,315.5433849019312,6.321926001058037,0.016386749028253184,0.010181062629710969,0.020020980068764516,0.03942947895668869,0
2020-12-21,322.9169410318,325.7661226489,317.1313579522,324.0411079283,3642516,326.39410553592,319.524089044892,324.37307276065565,50.306807460032466,1.179329504578618,1.6172812378527714,-0.4379517332741534,334.9173741141632,317.87083695767683,5.222685357168732,0.01504857658356955,-0.0175124144213491,0.006835290575109454,0.009723690170623023,0
2020-12-22,323.8375949557,324.8648509129,321.3566749081,321.97690492,2404432,326.403796629855,319.140321725038,324.14486629964085,48.49863245511339,0.8530966169569183,1.464444313673601,-0.6113476967166827,334.90648785997377,317.9011053997362,5.2099217704633,0.013817011461382245,-0.006370188713083702,-0.013831997625587955,-0.004225985314152081,0
2020-12-23,323.8085216739,324.8551598189,318.8660637667,319.0598856454,2760577,325.766122648885,318.81838358449403,323.6605824278084,45.98335480042792,0.35508245669313965,1.2425719422775088,-0.8874894855843691,334.4611306924117,317.07111460535833,5.338190461810713,0.01184656384189512,-0.009059715867896667,-0.03261540269726826,-0.00864197530849109,1
2020-12-24,320.4360209842,325.9793267155,320.1452881662,325.6207562398,1308938,325.508339550195,318.688522925754,323.8472656479981,52.01170676175835,0.4842281910061388,1.0909031920232348,-0.606675001017096,333.8940995230614,317.12257957732857,5.152408681420771,0.012857736379849593,0.02056313215661243,0.004874839249869423,-0.002671415850664105,1
2020-12-28,327.4232997119,334.9145153242,326.4638814123,333.8291128034,3432297,325.76999908645996,318.802877834196,324.79791775803636,58.284335498273315,1.234690150985898,1.1196605838157674,0.11502956717013069,334.82469553657813,316.7153026363418,5.558950471504307,0.014006597965166005,0.025208333333502253,0.03681073922474298,0.012164663708802648,1
2020-12-29,337.0368648961,337.9769010079,334.1101545275,335.9514623753,2823004,326.26182210369495,318.94359251814205,325.8601601025377,59.74931954026019,1.9778926193723692,1.2913069909270878,0.6865856284452814,336.34788188027585,316.17576232711406,6.182801108353566,0.013910792206954703,0.006357592823696967,0.05294171248050006,0.03675568980474986,1
2020-12-30,337.9090633503,346.7667232076,336.4844725418,344.5668448842,4200633,327.06957478324,319.406439164512,327.64174912936267,65.10633227377167,3.2249006495090953,1.6780257226434894,1.546874926865606,339.9229417564199,314.2162078100601,7.859714240738082,0.014883259614539438,0.025644723937160663,0.05818452380980088,0.07016012521088388,1
2020-12-31,344.0629079995,348.3076071433,342.3378932789,345.9139069412,2881763,327.879750236265,319.895257942628,329.38195463525193,65.87116874766551,4.272608180237228,2.1969422141622372,2.0756659660749905,343.11820445767444,312.6412960148556,9.295148120875922,0.014883034122133692,0.003909436084753581,0.03620053995984773,0.08416608450002805,0
2021-01-04,346.9411628984,347.0623015726,336.6308080602,340.6322607463,4638353,328.67199716551,320.245494077466,330.45341236011365,60.29107632902997,4.623443065627782,2.6822423844553462,1.941200681172436,344.80620147971376,312.5377928513062,9.817814996924753,0.01490400152462174,-0.015268672605862621,0.01393296024939139,0.04610119047646011,0
2021-01-05,338.0253564776,342.0956159306,334.7663384979,336.6879855144,2990661,328.82075545742,320.513355913848,331.04718123195045,56.44552900179875,4.530981854022912,3.0519902783688595,1.4789915756540521,345.19125539663617,312.4502555182038,9.957096483428069,0.01398781183916641,-0.011579276793273752,-0.022865982281167763,0.008563880744228758,1
2021-01-06,339.5953136951,343.0937986059,333.9163326488,336.8139697356,3967023,329.1400770026,320.861072364262,331.596399184679,56.54087878071001,4.416955636319699,3.3249833499590276,1.0919722863606713,345.8687155485137,312.41143845668626,10.165057198902934,0.013773654139217868,0.0003741868632689549,-0.026306942343162,0.002567357064623854,1
2021-01-07,338.596021915,341.9145443249,338.0429348466,339.4790205679,3100154,329.60088851923996,321.48595410123596,332.34712503070006,58.60533349168321,4.489879826891581,3.557962645345538,0.931917181546043,346.92499347139164,312.2767835670883,10.512171268701188,0.013852152714620597,0.007912530571080767,-0.0033855870723263903,-0.014765855716645793,1
2021-01-08,340.934512853,344.4471009009,339.1199991376,343.3506300462,3371500,330.44619506033,322.206681106254,333.39507788931905,61.46889560361978,4.804693782709592,3.807308872818349,0.9973849098912426,348.6968103796846,312.1955797409754,11.04604355696852,0.013665868241139757,0.01140456182483196,0.019788780171709153,-0.007410158549756463,0
2021-01-11,341.6622589955,342.9333889245,337.4704412145,337.8682757724,2403454,331.27565154112,323.316464719728,333.8210967353268,55.60316677555719,4.55924974582274,3.9576970474192272,0.6015526984035127,349.2907415109089,313.2605615713311,10.876193216121564,0.013676139360122037,-0.015967217747823392,0.003130232506768138,-0.008114278335951797,0
2021-01-12,336.7815081996,337.6742101344,326.0593816996,332.744942929,4816687,332.04760880542,324.288893738166,333.718605896629,50.73112275662082,3.9062941083800524,3.9474164596113925,-0.041122351231340115,348.8868544654105,315.2083631454295,10.14266943259834,0.013850494884871696,-0.015163699023495458,-0.019836506031020384,-0.01171126608327211,1
2021-01-13,339.2364385204,339.3813085192,334.016072858,336.0537620571,4126032,332.804268124225,325.415494272102,333.9410017214358,53.56119702869763,3.614154390022634,3.880764045693641,-0.26660965567100714,348.9200287529815,316.6885074954685,9.684828094056181,0.013805105476270138,0.0099440102649615,-0.021251942913627864,-0.0022570550713698623,0
2021-01-14,338.3437365856,339.2073286747,316.9965164046,317.2293951703,8712154,332.49857042448997,326.139829158432,332.3494201451371,39.61829956671587,1.8424241537297803,3.473096067300869,-1.6306719135710885,349.5267080884995,315.47043276048043,10.242532857973057,0.01892437355192188,-0.05601593855569309,-0.06108558299804123,-0.06554050191490357,0
2021-01-15,317.8212953662,319.9075009748,312.3292378105,313.6682907128,7911519,332.089923479885,326.68789049735,330.570264961105,37.62301269126,0.1492434232299047,2.8083255384866765,-2.659082115256772,350.4608136907113,313.7190332690587,11.063804657679741,0.019051855452832486,-0.011225644633556908,-0.057331155954699176,-0.08644906033638577,1
2021-01-19,317.2876148617,319.3641171884,315.0267501789,316.2687702621,4625193,331.578714258285,327.059057788492,329.20821784691407,39.99940682386215,-0.9715777938640713,2.052344872016527,-3.0239226658805984,351.07847922034415,312.07894929622586,11.7617712618728,0.018835484371250707,0.00829054012246666,-0.05887448387391736,-0.06392877656513152,1
2021-01-20,320.1985994318,327.9030052607,319.3641171884,324.9726141268,5081012,331.336494968925,327.42346614408797,328.804827016427,47.24391589322797,-1.144318236353456,1.4130122503425304,-2.5573304866959865,351.03709234926515,311.6358975885849,11.891595208784823,0.019773209091549008,0.02752040252816257,0.02440889487036091,-0.023358217660000347,0
2021-01-21,324.4874500318,326.8647540974,321.9063770463,324.5165598775,3487267,331.360267566385,327.834767937646,328.39642062224345,46.92421742662331,-1.3029959221642002,0.8698106158411842,-2.1728065380053847,351.0267122148834,311.6938229178866,11.870128421210543,0.019369943449111655,-0.0014033620972198069,0.03458516364547948,-0.03433141801173967,0
2021-01-22,320.5867307078,325.2054928924,319.1506449865,319.2282712417,3846597,331.22283588247,327.541006709504,327.5232635383822,43.26790063488783,-1.8343248729097468,0.3289835180909981,-2.163308391000745,351.18582822568334,311.2598435392567,12.054115948875536,0.019673370315226098,-0.016295897620128508,0.00935755046932818,0.0063010430364656145,1
2021-01-25,317.7921855205,320.1597863042,307.8173087597,319.4223368798,6257704,331.24095844418997,327.44068459150606,326.7517467137553,43.44206467974416,-2.214223232159327,-0.17965783195906693,-2.03456540020026,351.16036187990403,311.3215550084759,12.02713790545334,0.019563789358440376,0.000607921213698237,-0.01707921531146117,0.018344366763768605,0
2021-01-26,320.2083027137,320.7322799363,316.1523308793,317.9765478766,3503147,330.85874802603,327.357770122456,325.9160134911691,42.397792170850266,-2.60196467932343,-0.6641192014319396,-1.9378454778914906,351.47597085058146,310.24152520147857,12.462854887505895,0.0189880200535305,-0.004526261429688483,-0.020153091735499506,0.0053997668283363165,0
2021-01-27,310.8543389617,313.4160053834,303.8291628658,306.1288406762,7449381,329.47373441967,327.117368479672,324.03152084212445,34.97770825114944,-3.8212149381953395,-1.2955383487846195,-2.52567658941072,352.6673946819506,306.2800741573894,14.079216544003772,0.019576343616418156,-0.037259688739679775,-0.04103468190504311,-0.05798572750886455,1
2021-01-28,317.3846476807,319.2379745236,312.4214189886,314.6580254666,6906363,328.409062574235,326.916914586442,323.13880699683637,42.746059470664285,-4.052530571545105,-1.8469367933367167,-2.2055937782083888,352.2611196400569,304.5570055084131,14.525821473291575,0.020739071466406,0.027861421914903817,-0.014915398402438051,-0.030379141251286046,0
2021-01-29,314.1922679354,316.0164849327,303.1111200052,306.9051032282,7627177,326.525975491435,326.553261729538,321.59273997125194,38.27026037037693,-4.80604481530645,-2.4387583977306635,-2.3672864175757864,350.9187167498816,302.13323423298846,14.940766180537082,0.020114369115335786,-0.024639200690665164,-0.03481843149230179,-0.03860299705150372,1
2021-02-01,311.3880194662,313.9205760422,308.1568265934,312.0187327897,4930713,324.83121678386,326.2715301666,320.6809297634851,42.54354522481331,-4.933710371007635,-2.937748792386058,-1.9959615786215767,348.292475036033,301.36995853168696,14.445199254223127,0.020626489530582038,0.016661924183442922,0.019239912516866964,-0.02317810383087282,1
2021-02-02,313.8526530689,326.1855243643,313.8526530689,324.4486369042,5423386,324.022035591755,326.24925071116,321.0397590149817,51.35811281808001,-3.9859493200896736,-3.1473888979267817,-0.838560422162892,346.33584784741396,301.70822333609607,13.773021464362861,0.02274559494653839,0.03983704440873348,0.031115085728646852,0.02035398230095775,0
2021-02-03,323.9343629634,326.0302718539,321.246553877,322.9446282096,4036757,323.334867726515,326.236818388842,321.2211751287549,50.351546820083186,-3.3179554658618144,-3.1815022115137883,-0.13645325434802613,344.8793408582848,301.7903945947451,13.326414984722726,0.02264740631672472,-0.004635583335935167,0.05226216446936616,0.05493042568696249,1
2021-02-04,325.4189650942,333.0651512317,325.1181633553,330.7169570118,4537693,323.03001709032503,326.59071084661,322.12553530809254,55.23429298974848,-2.136772166039293,-2.9725562024188896,0.8357840363795965,343.9669317897961,302.09310239085397,12.962829205817563,0.02337700909358742,0.024067063277347645,0.059926607787047725,0.05103614160607073,0
2021-02-05,332.356811653,334.113105677,327.3790280381,328.6986743765,2964784,322.49099978075503,326.729022673314,322.7515485527028,53.75586630404143,-1.3479955782132151,-2.6476440775777546,1.2996484993645394,342.2268815826261,302.75511797888396,12.239648123692431,0.02331677228746051,-0.006102749171183253,0.013099261297112141,0.07101078124496119,0
2021-02-08,329.9115846141,331.3573736173,325.5742176046,327.0297098897,2652788,321.67495377293,326.633349565812,323.15899248955964,52.50435122842038,-0.8477832182854854,-2.287671905719301,1.4398886874338155,339.108727004169,304.241180541691,10.839372494972352,0.023132719428396852,-0.005077490774691551,0.012649480199585783,0.04810921756456632,0
2021-02-09,325.9817554444,326.2437440557,320.2083027137,323.5462316874,2960299,320.95885156867996,326.488745835288,323.19587241316344,49.89337002957281,-0.7241019015080497,-1.9749579048770507,1.250856003369001,336.77469300508375,305.1430101322762,9.855370156706494,0.02299606692470747,-0.010651870753500936,-0.021682363641680857,-0.002781350001684335,1
2021-02-10,325.0599436639,325.5159979132,322.3915411413,324.2933843938,4153404,320.53627364192,326.402695081602,323.30039736370026,50.462386048014146,-0.5593467861262411,-1.6918356811268889,1.1324888950006478,335.49849218885765,305.5740550949823,9.33574124197399,0.022797104536070666,0.0023092610366790556,-0.013402214021873582,0.004176431704956629,1
2021-02-11,335.2483896593,339.2170319566,330.1541666616,332.6964265195,5110767,320.36840686503996,326.53432357138,324.19525728330024,56.452127677159716,0.2464373261076389,-1.3041810796799833,1.5506184057876222,334.692185733948,306.0446279961319,8.942067046543798,0.023471541039667986,0.025911851829502286,0.01732783431728957,0.0059853886102048115,0
2021-02-12,331.2021211069,332.939008567,326.709501587,330.8819128041,3025276,321.05103274673,326.583726001596,324.83208161861455,54.90822884791403,0.7301937293233323,-0.8973061178793201,1.6274998472026523,335.9990363341713,306.1030291592887,9.31191746032067,0.019541568828711876,-0.005453962143154079,0.022672744721649263,0.006642066420685655,1
2021-02-16,333.0166348222,333.7928973743,328.0388512073,331.0856817241,2917059,321.92190229729505,326.611231678464,325.4276625810418,55.05687857855821,1.117138930824808,-0.4944171081384945,1.6115560389633026,337.0760111851727,306.7677934094174,9.414773446438472,0.01928826960904774,0.0006158357774022072,0.02094491487390915,0.01240245675467233,0
2021-02-17,328.9800695517,330.2824440483,325.8750193435,327.3208083467,2256392,322.474504201525,326.66190140217,325.6079621777711,51.66778331905129,1.1072384183530062,-0.17408600284019438,1.2813244211932004,337.5696556638991,307.37935273915093,9.362074375306655,0.01949801447011315,-0.011371296269276243,-0.01615772741846666,0.01166626679474625,1
2021-02-18,324.565076287,329.8630682046,322.9591831325,328.4172792014,2394934,322.646737455255,326.55599059267405,325.87551618002146,52.583235178096594,1.1743312654425608,0.09559745081635665,1.0787338146262042,337.92941211636486,307.3640627941451,9.473317338737562,0.018552493704117032,0.0033498354725391977,-0.007448680351891057,0.01271655545890571,0
2021-02-19,328.3978726376,328.9364047831,321.1786309037,323.2842430761,4095761,322.585121615185,326.413124677556,325.62872826536227,47.99971287841771,0.8040412266375938,0.2372862059806041,0.5667550206569897,337.84706756763535,307.3231756627347,9.462275182459567,0.01890633513330957,-0.015629616498199495,-0.023563201547631807,-0.028290605768945154,1
2021-02-22,320.2083027137,333.9093367571,319.0147990399,330.5520012195,4932869,323.15130811407505,326.418908897244,326.0976114038516,54.100313496934454,1.0845292677694829,0.4067348183383799,0.677794449431103,338.7103977689795,307.5922184591706,9.629600292016729,0.019136397226998246,0.022481015697660256,0.009871639047700054,-0.0009970674486378117,1
2021-02-23,330.5422979376,343.7678711679,328.3687627919,340.0224043543,6326937,324.18131148780003,326.690466999842,327.42378216103714,60.588745981852895,2.0473993019990644,0.7348677150705167,1.3125315869285477,341.26894957695674,307.0936733986433,10.542025393588904,0.02004130493200229,0.02865026712850316,0.03533652425694456,0.026992174906697253,1
2021-02-24,342.3997084199,357.8473332054,340.1679535828,356.420950766,7467407,326.10353163227,327.39330309203,330.18541726627166,68.81043369565535,4.08659862317495,1.4052138966914036,2.6813847264835466,347.95271249092707,304.25435077361294,13.400149792486914,0.022298732974969704,0.048227840876664096,0.10250022511025914,0.08890404055362389,0
2021-02-25,353.7428449615,356.420950766,341.7592918145,344.049266343,5191680,327.99955291561,327.92817246603,331.5057838450077,58.83788943692184,4.650775987809311,2.0543263149149853,2.596449672894326,349.15656925701046,306.8425365742096,12.900637304736728,0.022044575270479372,-0.03471087879770096,0.04083250161458629,0.047597943627119,0
2021-02-26,346.4847901,348.726248219,336.8203213272,343.3506300462,4699091,329.43418314459,328.376773553334,332.6338644355975,58.32384012385704,4.984063324028227,2.640273716737634,2.3437896072905935,350.66902545090375,308.19934083827627,12.891705471252616,0.021496975249496956,-0.0020306286486990732,0.009788254095256743,0.06207041450324091,1
2021-03-01,349.9779715842,355.5727868951,348.5224792991,352.1321001661,4383130,331.69553299148504,328.95254857335595,334.4908392670739,62.73133938835335,5.888903573376581,3.289999688065423,2.5989038853111577,352.47992411321565,310.91114186975443,12.532210448709396,0.020825359159499564,0.025575808958668178,-0.012033104649664006,0.06528503493243076,0
2021-03-02,351.258804795,355.7320177511,348.6777318095,352.0544739108,3559271,333.69732004754,329.556813459474,336.16356637600023,62.6682468224451,6.524521576592804,3.9369040657709,2.5876175108219037,354.22594178561513,313.1686983094649,12.30373785150598,0.02075947961310712,-0.0002204464042424581,0.023267619933882377,0.03538610809881426,0
2021-03-03,349.3181484149,354.5870304869,344.9031551502,349.5607304624,3692276,334.95292472545003,330.01816897484,337.4394867651812,60.5610043184861,6.749228266116745,4.499368905840069,2.249859360276676,356.12696704280404,313.778882408096,12.642995928284357,0.01936959163702391,-0.007083402238006742,0.018086759926330576,-0.01924752259612228,0
2021-03-04,349.4151812339,350.8997833647,334.4488392307,339.1297024195,4571998,335.762178435945,330.20442302495,337.6004596846401,52.59450746331634,6.016261432365752,4.802747411145206,1.2135140212205462,356.265099182119,315.25925768977095,12.212763713698308,0.02072729031862143,-0.029840388618886826,-0.03692477266476635,-0.014299010068504092,1
2021-03-05,344.3888812095,351.0501842342,336.1362399532,350.1720372222,4643227,336.734932446465,330.727041610828,338.79775278345534,58.77661372031876,6.254308296937381,5.093059588303642,1.1612487086337397,358.0192626418975,315.4506022510325,12.641593220398276,0.021269121835490932,0.03256080114457438,-0.005347004023806168,0.019867175356812705,1
2021-03-08,351.646936071,371.1117195633,351.0550358751,360.3119668081,7213336,338.315597068045,331.49374284859005,340.8467255477072,63.48563128721325,7.178421353845181,5.5101319414119505,1.6682894124332304,361.5811881929032,315.0500059431868,13.753779799977009,0.021908047390738917,0.02895699401453289,0.03075641915348526,0.023229539817987588,1
2021-03-09,363.8730712656,375.8275145669,361.663536944,365.3479701144,5832779,340.23151007928,332.41950453797,343.1801774112017,65.58810687986517,8.222368641055027,6.0525792813405666,2.1697893597144606,365.6732165539961,314.7898036045639,14.955526293721439,0.021868865607016136,0.013976786147050557,0.07731044349063909,0.03775977068528369,1
2021-03-10,365.4255963696,372.6060249759,361.9324148855,370.3742701388,4509457,342.57291200185,333.31457481595,345.7700910043063,67.59370377673595,9.347532259578372,6.711569876988127,2.635962382590245,369.9843926311743,315.1614313725257,16.003297207092803,0.02158274708147032,0.013757569318986862,0.05769230769212097,0.0595419847328611,1
2021-03-11,374.061517261,377.9428300212,371.2475655099,372.9747496881,3729655,345.006980266565,334.09748755364404,348.3610108789533,68.61294133876416,10.329991785037066,7.435254258597916,2.89473752643915,374.0881879108186,315.9257726223114,16.858330009314244,0.0215545282626543,0.00702122085404433,0.035143942046043986,0.09979971387682829,0
2021-03-12,369.8308863524,372.5412070528,367.9824111504,371.3543016108,2467524,346.93987402113004,334.805544338354,350.55084809151015,67.19470875443434,10.852737814087163,8.118750969695766,2.7339868443913975,377.58785350875473,316.29189453350534,17.667602822590585,0.021234261975010216,-0.004344658931080714,0.016440029746214835,0.06049102194633238,0
2021-03-15,371.9364985248,376.3514917895,367.4050658773,370.4324898302,4216398,348.917402872435,335.322857237274,352.44433778090917,66.35446863318953,11.065083902051867,8.708017556166986,2.3570663458848813,380.26170284968583,317.57310289518415,17.966601676621092,0.021162200791624872,-0.002482297300991365,0.00015719151165161094,0.028088223413046176,1
2021-03-16,371.3445983289,373.8480450592,367.4487306459,371.0340933081,3445088,350.914823451635,335.825260964612,354.2147906882607,66.64759056915992,11.153345258072704,9.19708309654813,1.9562621615245739,382.5493287982667,319.28031810500335,18.02973441558915,0.021150215854998912,0.001624056999362633,-0.0052031843485996765,0.015563582279982224,0
2021-03-17,370.5198193673,373.673385985,364.7172567909,367.4438790049,3240916,352.920976984545,336.36149332978397,355.47470386127395,63.11380640626426,10.80899338167336,9.519465153573178,1.289528228100183,383.38324456720954,322.45870940188047,17.26293962061571,0.021080546556905843,-0.00967623829710651,-0.010530166444654099,-0.007911972753403829,0
2021-03-18,363.9021811113,364.3339771558,354.2086024927,356.1104457452,7205724,354.30563531173505,336.7499425344,355.53525070736214,53.47483255745904,9.51193107167876,9.517958337194294,-0.006027265515534452,382.62928148822755,325.98198913524254,15.988256100737436,0.02263666554918327,-0.030843984366790478,-0.03866303436711216,-0.045215671991207906,0
2021-03-19,353.9757237271,355.4118094484,339.7508094939,345.9317030317,12224317,355.438008309515,336.932297200322,354.62062711920385,46.592443150893665,7.575336611527064,9.129433992060848,-1.5540973805337845,380.31086603486375,330.56515058416625,13.995609441795823,0.023408988650759792,-0.028583106266933278,-0.06765521209274816,-0.06845914661234842,1
2021-03-22,345.3786159634,350.9191899285,343.4961792747,347.7656233109,4140708,356.298689414085,337.09802925518204,353.96776961365106,47.89366496406371,6.118028762039273,8.527152946056534,-2.4091241840172604,378.7398656779739,333.8575131501961,12.596833460595814,0.022993162919816287,0.005301394070354792,-0.05355445230790623,-0.06119027661339871,0
2021-03-23,348.6389186819,348.6389186819,343.0213006585,344.728496076,3756440,356.53399400017,337.125586575778,353.0878388005414,45.89922400941592,4.664264271342688,7.754575211113766,-3.0903109397710775,378.3783365817324,334.68965141860764,12.253722197133309,0.02228915029080089,-0.008733258928772414,-0.031961852861075335,-0.07089805952213757,1
2021-03-24,346.4847901,354.1600860832,345.4368356548,348.9785335484,3549982,356.16187313929,337.347791731298,352.69647639557553,49.09390399051138,3.8111553174973096,6.965891232390474,-3.1547359148931644,378.2534065368009,334.07033974177904,12.405333115974067,0.019557199572383374,0.012328651448248795,0.008807607079657442,-0.05025351220030472,0
2021-03-25,347.3871953167,348.8038744742,343.6417285032,347.7268101833,2961996,356.345750331305,337.647429076384,352.2231748515493,48.191309095355955,2.9994805659295594,6.172609099098291,-3.1731285331687316,378.0894301785702,334.6020704840398,12.203698137019709,0.01789013389048993,-0.0035868205197967518,-0.00011160714285241013,-0.023542234332262657,1
2021-03-26,349.2502254416,355.7320177511,346.6594491742,355.2759635018,2741425,356.94201700408496,338.031873105278,352.51391662776365,53.71785012289472,2.9315826000411676,5.524403799286867,-2.5928211992456998,377.866159424919,336.01787458325094,11.724112838525565,0.01847847770480995,0.021710012278088442,0.03059644777226267,0.027011865024824555,0
2021-03-29,353.4323399407,354.5094042317,347.9693922308,352.141803448,4055044,356.94250216818,338.730121270832,352.47847727731,51.272490152035395,2.5949593734716814,4.9385149141238305,-2.343555540652149,377.86619890525174,336.01880543110826,11.723847179853719,0.017742131959605282,-0.008821762167380842,0.009064368135873746,0.012583705357178898,0
2021-03-30,350.0750044032,353.7525482434,346.5041966638,347.5715576729,2885757,356.71835635628497,339.408186610034,352.0111516006995,47.851713365468065,1.9370730301574781,4.33822653733056,-2.401153507173082,377.94062004003746,335.4960926725325,11.898610377401496,0.0179838942965206,-0.012978424402755984,-0.00044647840158829055,0.008247248571737531,0
2021-03-31,348.920313857,350.7736407,345.223363453,345.4853520643,4372765,356.51458743638,339.992518246078,351.3896468829472,46.33212899152753,1.233139145334576,3.7172090589313638,-2.484069913596788,378.08327177662727,334.9459030961327,12.099748565882289,0.01796463648672431,-0.006002233389198364,-0.027557764789371664,-0.010009731683440326,1
2021-04-01,346.4459769724,352.6172642611,344.6993862303,352.5202314421,3701843,357.18411388751,340.54347059238404,351.4973216028665,51.88126945147057,1.2287580845675166,3.2195188640585943,-1.9907607794910778,377.33750596045803,337.030721814562,11.28459597690564,0.01712715338961027,0.0203623086645095,0.0010746466065505444,0.013785020649610402,1
2021-04-05,355.9163801072,359.5260009742,353.5293727597,357.3912789561,2180282,357.545075974205,341.200964973956,352.058650874603,55.32571523090654,1.5998962792763223,2.8955943471021404,-1.295698067825818,377.44012000971634,337.6500319386937,11.12869138600395,0.015835470176254047,0.013817781447814648,0.02825237297593075,0.005954006664144362,1
2021-04-06,354.0727565461,359.7491764579,351.74396889,358.6041891936,2662240,357.45968709348,341.988483332994,352.68203547641224,56.167103286858854,1.9691980031447542,2.7103150783106633,-0.7411170751659091,377.32112760810753,337.59824657885247,11.112548481268897,0.014442464669973185,0.003393788010280563,0.0379721949162648,0.018351657435508928,1
2021-04-07,358.1869480719,362.8639299479,358.0511021253,360.0693847606,2958447,357.19575782579,342.80142429061,353.3855925510968,57.21538493084575,2.3529776553590978,2.6388475937203504,-0.28586993836125263,376.76908884689726,337.62242680468273,10.959442038308577,0.01409896170406993,0.004085829477605385,0.021414808697979293,0.035957565605703845,1
2021-04-08,362.3540018568,368.4839046764,362.1111372443,366.9587149099,3528391,357.024980064345,343.78106763127596,354.67827087098283,61.83693004849084,3.1764213531309338,2.746362345602467,0.4300590075284667,376.19075831452375,337.8592018141663,10.73637942461313,0.01443497799503911,0.01913334051957949,0.026770199826211094,0.06215419182693305,1
2021-04-09,365.3460938829,369.4942214644,363.7529020248,369.2319276829,2429302,356.83783896408505,345.04312937141,356.0643334244988,63.24762387002567,3.9667099261187104,2.9904318617057157,0.9762780644129947,375.44186682343997,338.23381110473014,10.427160927419118,0.014413891434050807,0.006194737120654548,0.029636403615916462,0.047406346502256946,0
2021-04-12,367.2890107829,370.0673819499,365.4432397279,368.9987776549,2896632,356.72006276628997,346.129944415176,357.2961852559656,62.990439738513196,4.5220783508571,3.2967611595359925,1.2253171913211078,374.9816759500764,338.45844958250353,10.238624114478688,0.014384359846025997,-0.0006314460113542308,0.02479908948725784,0.03247840499271337,0
2021-04-13,368.2410400639,369.2513568519,366.0456411127,367.3375837054,2652779,356.56531746005,347.33859402471995,358.2525089178165,61.08453674958413,4.773145509870346,3.5920380296028633,1.181107480267483,374.4071489416246,338.72348597847537,10.00760904547237,0.014408151104405225,-0.004501895534877898,0.001032456186775832,0.024353855239223288,1
2021-04-14,366.2398356569,370.0770965344,364.884068244,367.5221608109,2317388,356.38972083518996,348.44866258514395,359.13533290763394,61.22492184668235,4.93017982794197,3.859666389270685,1.0705134386712851,373.72030080970455,339.05914086067537,9.725634024404988,0.014402366284881986,0.0005024726945666025,-0.0046306040832643225,0.02069816642493838,1
2021-04-15,370.2908173934,376.3138597836,370.0965257034,375.4589763475,2942155,356.79047570232,349.46886937400996,360.68996561619264,66.77519526849619,5.630164309944064,4.213765973405361,1.4163983365387027,375.4450998740769,338.1358515305631,10.45690703208174,0.015023696884701017,0.021595474730253583,0.017507371524796422,0.023164081113830726,0
2021-04-16,377.8973370571,377.9944829021,372.7194635185,375.1481096435,2725766,357.742358897235,350.512939002688,362.06693171403145,66.3744437322043,6.089625300253999,4.588937838775089,1.5006874614789103,378.0322266434184,337.4524911510516,11.343285043866928,0.013021313221806666,-0.0008279645010066394,0.02126252875982315,0.016022942538384433,0
2021-04-19,373.914357412,376.6762137854,370.4365361609,371.252561259,3361053,359.0084018086,351.323651087632,362.941753575457,61.40145188350496,6.069448423810172,4.885039955782106,1.1844084680280664,379.35229695481775,338.6645066623823,11.333381081740686,0.011234287044677082,-0.010384027759601122,0.010150137449859598,0.006107834878000151,0
2021-04-20,369.3387881124,370.4268215764,362.8980185888,365.8803960304,3135947,359.914140444575,352.06728552071,363.22162428545164,55.253351865249776,5.555924033160352,5.019216771257756,0.5367072619025963,379.7826448437677,340.04563604538237,11.040691190765987,0.011925182285078863,-0.014470378898887026,-0.025511656187531706,-0.003966889693946096,1
2021-04-21,367.7844545924,373.137190652,365.9192543684,372.165732202,2466385,361.286002250875,352.970005966956,364.07344408702767,60.26621711620527,5.591669073740036,5.1337072317542125,0.45796184198582335,380.5507106301567,342.02129387159334,10.66451966545018,0.012035102872237913,0.017178663409661787,-0.00794986663889663,0.01263480651303972,1
2021-04-22,372.146303033,378.3830662821,371.0874133225,372.418311399,3713712,362.45799114340497,353.947447561188,364.8681933548346,60.457924452971405,5.576100490778401,5.222185883559051,0.35391460721935,381.43496828159334,343.4810140052166,10.47126983092516,0.011886952805743025,0.0006786739754505167,0.0031400460539496855,-0.00809852777547071,1
2021-04-23,373.3800552645,378.7522204931,372.515457244,376.0127076641,2295300,363.872286017445,354.981834026594,365.9295756700027,63.18044061221308,5.787090043898672,5.3351667156269755,0.4519233282716968,382.4590896919825,345.28548234290747,10.2161139436964,0.011850495598436277,0.009651502504260723,0.027692961261740034,0.0023046844656144927,1
2021-04-26,376.7607306706,381.7248833502,376.0515660021,376.4110056286,2255026,364.929038123785,355.856125608776,366.92780709463096,63.480496864613855,5.918218562241918,5.451777084949964,0.46644147729195407,383.8411219993823,346.0169542481877,10.364800769393574,0.011100696714826651,0.0010592672970397565,0.011406943356879973,0.013894703788996265,1
2021-04-27,377.1395994661,379.2865226406,375.11896589,377.9653391486,2270000,366.22021490881497,356.797794135666,367.9790006235804,64.6898266584534,6.077502912257387,5.5769222504114495,0.5005806618459374,384.98946426269265,347.4509655549373,10.250253038899576,0.010749951180804912,0.004129351949750504,0.014894616026699614,0.03302976395924717,1
2021-04-28,379.5488164221,390.0405676823,379.5488164221,384.3575357497,4065306,368.059513812655,357.86323121617795,369.5388611117823,69.20605431710638,6.642957867915527,5.790129373912266,0.8528284940032611,386.36226326714666,349.7567643581633,9.945538027204975,0.010395857448311976,0.01691212378229978,0.0221929416626383,0.0327590707386316,0
2021-04-29,380.3259831821,381.1905812027,372.8506104092,377.8487641346,4637096,369.67768441617,358.87379033193594,370.33028044728877,60.69364000125442,6.491056660256106,5.930314831181034,0.5607418290750719,385.226448413046,354.128920419294,8.412065240795958,0.011261341316496821,-0.01693415897883843,0.0038196505535192937,0.01458159432386763,0
2021-04-30,371.932582174,374.011503257,364.8895084113,371.155415414,4043225,370.609443614765,359.72855305618793,370.4088647298327,53.4172009779782,5.764131238819743,5.897078112708777,-0.1329468738890336,384.020351871956,357.198535357574,7.237218850327603,0.01165854459093403,-0.017714359172061878,-0.018017323360760895,-0.012917893866606023,0
2021-05-03,374.4680887285,375.8232732663,366.0941168894,368.5713359369,3344081,371.168446463805,360.63429491340395,370.23386198764865,50.88102903315504,4.922777275261069,5.702217945219235,-0.7794406699581664,383.1888177032659,359.14807522434415,6.477043700229003,0.011535584624813291,-0.006962257237221214,-0.04107165423986947,-0.02082741889708517,0
2021-05-04,366.3078377484,367.4153003814,360.9745308578,365.1809459464,3321356,371.497284301445,361.32687380794204,369.7526318884821,47.68226007820478,3.9370383327720333,5.349182022729796,-1.4121436899577624,382.43596373634074,360.5586048665493,5.888968720438738,0.011773973751353679,-0.0091987348443191,-0.03352616017472898,-0.03382424756459923,0
2021-05-05,367.1432920154,368.8044859649,357.5258533602,358.6041722397,2993900,371.4240236754,361.69850916564997,368.6908738266933,42.14696003578958,2.5952262920222324,4.798390876588283,-2.203164584566051,382.6828126620677,360.1652346887323,6.062499067915505,0.01248203505744901,-0.01800962996482658,-0.033816678008860235,-0.06700366485534703,1
2021-05-06,360.5470891398,365.0060834253,355.2623551717,364.7632188128,3787276,371.314248870545,361.86535452658603,368.31681144441774,48.2103135386816,2.0056937782687214,4.239851456924371,-2.2341576786556496,382.7858483764753,359.84264936461466,6.1789169367048915,0.01232972413417303,0.01717505553444343,-0.010332103321111119,-0.03463170073288524,0
2021-05-07,366.4924148539,367.8330275149,362.8980185888,364.6855021368,2936035,371.08692759324,362.27807924246196,367.97097246273984,48.1417498792239,1.5147528001396608,3.694831725567429,-2.180078925427768,382.8899670203673,359.28388816611266,6.3613339891428335,0.012236952466179452,-0.00021306061574122293,-0.001356707722841466,-0.01743181699230567,0
2021-05-10,365.0643709323,365.2683772069,354.9806322212,355.8840885797,3193732,370.43119313948,362.528748413132,366.8198406643551,41.025784566165726,0.4107432281030583,3.038014026074555,-2.6272707979714967,383.95690856618666,356.90547771277335,7.30268707236745,0.013325460447451044,-0.024134256792578523,-0.007585198027706741,-0.03442277279905481,1
2021-05-11,350.7062150411,358.4001659652,349.015877338,357.1178408112,3073389,369.92020599477,362.628463226034,365.89584067834033,42.312996731748534,-0.3604833893911632,2.3583145429814114,-2.7187979323725746,384.59792831580023,355.2424836737398,7.935615347942217,0.013357104457651918,0.003466724900300422,-0.020959838073815518,-0.0220797531325293,0
2021-05-12,354.3394696441,354.9514884677,345.4894831645,346.4415124455,3293468,368.86617357650005,362.516203996728,364.0430475133079,35.160992755013396,-1.8122856130178207,1.524194511781565,-3.336480124799386,386.75726860149877,350.9750785515013,9.700588618103927,0.01479079185971791,-0.029895813497999746,-0.050026638252420375,-0.033916671181589586,1
2021-05-13,349.074164845,352.4839840046,347.7044084305,349.7444711756,2626369,367.580448317905,362.519878810992,362.68127833828805,38.61770322791598,-2.665600782825379,0.6862354528601762,-3.351836235685555,387.02045382966924,348.14044280614075,10.5772793959658,0.013964642156868485,0.009533957714203067,-0.017251733362406485,-0.0411739639925367,1
2021-05-14,352.6685611101,354.3042057024,351.1767895143,353.5234445461,2959734,366.49921506303497,362.80775365352406,361.809103691413,42.40121703731413,-3.0023187719756947,-0.05147539210699803,-2.950843379868697,386.5317766643878,346.46665346168214,10.931844204854508,0.014317322041275875,0.010804955280058426,-0.010065014553558127,-0.030607352157676182,0
2021-05-17,351.9593964416,353.6691633136,347.8404126135,352.9308548916,2511792,365.583129744665,362.862930006912,360.9635561866689,41.96440143847229,-3.2791868125866586,-0.6970176762029301,-2.5821691363837287,386.3255475064997,344.84071198283027,11.347579291375876,0.01420866596871867,-0.0016762386303992294,0.018731422802920727,-0.008298302123834977,0
2021-05-18,356.5252511567,359.2841931547,352.5228423426,352.7074194481,3421210,364.92448091554996,362.71083905971193,360.17725744966236,41.7895896934935,-3.4765604773606924,-1.2529262364344826,-2.2236342409262098,386.41056318210985,343.4383986489901,11.775632159647932,0.01392564461514313,-0.0006330856041720789,0.008471751569197439,-0.012350044884572697,0
2021-05-19,347.131247945,350.8422192241,345.227189383,350.6770712876,3578231,363.85004786983,362.417421083176,359.2724778151802,40.152743281844096,-3.753544136612618,-1.7530498164701096,-2.0004943201425083,385.92140256022105,341.77869317943896,12.132115864548263,0.013211848729661984,-0.00575646569521282,-0.008051441290278682,0.01222589871577906,1
2021-05-20,352.5811298496,358.8664660212,352.1439735471,357.2052720717,4087452,363.089395903465,362.15404112183404,359.07560107770587,47.30027139983545,-3.4070105405812683,-2.0838419612923413,-1.323168579288927,384.97495994266046,341.20383186426955,12.055193176180886,0.014048863822152901,0.018615989805464306,0.01211120286270484,0.021332148213871527,0
2021-05-21,358.6041722397,361.8974163853,356.9721220437,357.1081262267,2708772,362.14416683159504,361.83670865260603,358.8882225204672,47.2099147228194,-3.104433055080051,-2.2879601800498834,-0.8164728750301675,383.33748656535096,340.95084709783913,11.704355157326763,0.013788944749835181,-0.00027196083763425527,0.012476932822921727,0.010139869748108099,1
2021-05-24,359.5173431827,363.0773498187,359.0899014647,361.7516976178,2351777,361.411201431055,361.64465657274593,359.1609344344989,51.93627302513987,-2.4615654206527893,-2.322681228170465,-0.1388841924823243,381.56883315674287,341.25356970536717,11.154956816983571,0.014202964108358612,0.013003264417881466,0.031580696991499124,0.024993118634836442,0
2021-05-25,362.4802914553,363.0825956943,356.3503886357,356.7389720157,3916510,360.34988307441006,361.37078621645594,358.9302713469943,47.040179171719835,-2.3297177161192053,-2.3240885257602133,-0.005629190358992009,379.0950846097229,341.6046815390972,10.403889339651638,0.014370347709904625,-0.013856812933041307,-0.001305412020644492,0.011430302696519457,0
2021-05-26,358.4681680567,359.347337954,351.7165318291,352.2994068991,3101919,358.74697663188,360.99609248827596,358.29876044719487,43.15950983888903,-2.554022085502595,-2.37007523770869,-0.18394684779390502,374.1999342866411,343.29401897711887,8.61496188753547,0.013737662560079545,-0.012444855944712008,-0.01346572361264975,0.004626295085513377,0
2021-05-27,354.1451779541,355.9375187944,350.2496295696,351.6679589066,5416264,357.43793637048003,360.68057408631,357.6672555385668,42.620939379379045,-2.751025381879856,-2.446265266542923,-0.3047601153369328,370.4374131248389,344.4384596161212,7.273697294897683,0.013415596839236711,-0.0017923617812982684,-0.027874751597859015,-0.01550176774543377,0
2021-05-28,353.1251465816,354.9806322212,350.1281972633,350.2884879076,3625914,356.39458999516,360.564134929558,356.96451576418895,41.40536289096276,-2.9840652478292213,-2.5538252628001827,-0.4302399850290386,368.108734678163,344.680445312157,6.573693884164779,0.012994232241995227,-0.003922651933628174,-0.018081803823262077,-0.019096844396004453,0
2021-06-01,354.0771758626,354.9709176367,349.2781711196,349.5210357321,3119928,355.44207498491994,360.635921583566,356.25561290398997,40.70972871169237,-3.193861153979526,-2.6818324410360517,-0.5120287129434744,366.0903878827878,344.7937620870521,5.991588304969037,0.01295770436582001,-0.002190914637486996,-0.007886391837712448,-0.03380954938495406,1
2021-06-02,353.1542903351,360.5762328933,352.5228423426,356.3795323892,3531164,355.00200430706,360.8081997651319,356.26741475972426,48.96211059211813,-2.7747173453659,-2.7004094219020214,-0.07430792346387882,364.68800257884095,345.3160060352791,5.456869625672874,0.013759527115997426,0.019622557602961832,0.013397790055281522,-0.0010075703937505454,0
2021-06-03,352.9891423986,356.2240990372,351.4066365835,351.4930963856,2606231,354.646450514355,360.94349177132403,355.8127177717124,44.237810559100254,-2.804508773715213,-2.7212292922646597,-0.0832794814505533,364.2994424194682,344.9934586092418,5.443726782610206,0.013513347681466165,-0.013711326155127157,0.0034389039879545447,-0.0022887081207347837,1
2021-06-04,353.9120279261,356.1658115302,353.3194382716,355.5732218757,2295380,354.1869506675,361.07538553787003,355.78990863875885,48.6897331347631,-2.4704093263601408,-2.671065299083756,0.20065597272361524,362.67445166328764,345.6994496717124,4.7926672508922765,0.01317421471386873,0.011607981869504513,0.017315656355055165,0.011104972375766575,0
2021-06-07,357.3024179167,360.7510954143,352.9114257226,353.6885924826,2133427,353.63710518478996,361.194621183856,355.5897832905532,46.82992406303621,-2.330838493536021,-2.603019937974209,0.27218144443818826,360.6252457471605,346.64896462241944,3.952153470275087,0.013203392669750515,-0.0053002568167489494,-0.007550770069649437,0.009706583836968319,1
2021-06-08,354.5823342567,357.1858429027,352.8628528001,354.8349134537,3224152,353.58464642849,361.185800182894,355.5178909251386,48.127792464629415,-2.1034814559531583,-2.503112241569999,0.3996307856168406,360.52008173490094,346.649211122079,3.9229278626574127,0.012100532170614672,0.0032410459241949408,0.009507489912216949,0.015203313043718802,0
2021-06-09,356.4669636497,358.7790347607,352.9599986451,352.9599986451,2521216,353.376754320185,361.202164086836,355.27428213656344,46.1438144470444,-2.050947277838361,-2.4126792488236717,0.3617319709853106,360.1227702433862,346.6307383969838,3.8180303829995585,0.012123803647104725,-0.005283907353847983,-0.0073493251736307386,-0.009595202398900882,1
2021-06-10,354.2811821371,355.2040676647,351.6291005686,353.9023133416,2460441,353.74979436498995,361.32877920020996,355.1436184418051,47.31923186336219,-1.9112449997901422,-2.3123923990169657,0.4011473992268235,359.6985607766837,347.8010279532962,3.363262117153878,0.00996481383992415,0.0026697492637048903,0.0006042627993736449,0.006854236913253597,1
2021-06-11,355.1069218197,356.3795323892,353.4165841166,355.0680634817,2708482,354.015973980295,361.52043342855796,355.1364227313189,48.80775270936214,-1.687016765074361,-2.187317272228445,0.5003005071540838,359.69430642855855,348.3376415320314,3.2079526719772473,0.00978330820585566,0.0032939884712614997,0.0006570661994071969,-0.001420687394104836,1
2021-06-14,355.5537927067,356.1658115302,351.7602474593,356.0589511007,2515618,354.142749308025,361.59120782173,355.2242825760219,50.098438610450565,-1.4130689447349596,-2.032467606729748,0.6193986619947882,359.8843001013482,348.4011985147018,3.2425064777081367,0.009512364757994888,0.002790697674366127,0.008779897063395214,0.006701823775152382,1
2021-06-15,356.8516611959,358.2253034442,352.3868381596,357.6132846207,3562471,354.37687079448,361.595647935022,355.451806580277,52.13698643511787,-1.0583416942156418,-1.8376424242269267,0.7793007300112849,360.2812199954186,348.4725215935414,3.332242980588213,0.009538846709369499,0.004365382516560823,0.010485863299565468,0.007830038876268874,0
2021-06-16,358.8373222677,358.8373222677,350.9879379916,353.4360132856,3076802,354.413300486355,361.49228441686193,355.2598262664982,46.62442531178675,-1.101590231859916,-1.6904319857535246,0.5888417538936086,360.28489822527087,348.54170274743916,3.3134183908213175,0.00993203699106614,-0.011680973595627364,-0.00459644322864905,0.0013486362259951257,1
2021-06-17,353.1251465816,358.6138868242,350.9199359001,356.8069741072,3824917,354.719795627335,361.427036203794,355.40717367989834,51.11620180626475,-0.8540121233697278,-1.5231480132767654,0.6691358899070377,360.41663298479625,349.0229582698737,3.2120211094428552,0.01004152255722068,0.00953768346995254,0.0021008403360949224,0.008207521273805085,1
2021-06-18,351.7845339206,359.8039234255,351.6679589066,356.9332637057,5009378,354.706195209035,361.22652717971005,355.55251558711757,51.28161381233608,-0.640233955032727,-1.346565201627958,0.7063312465952309,360.3804868430228,349.0319035750472,3.199431930216981,0.00913671578321998,0.0003539437501636211,-0.0019015538411030208,0.005253077975277076,1
2021-06-21,358.0990138457,365.7055335094,355.7480843967,362.4414331173,3094644,354.972860553565,361.090717288398,356.20860297094447,57.962888705428995,-0.02604969395684975,-1.0824621000937364,1.0564124061368867,361.50937877815676,348.43634232897324,3.6828270276202746,0.009765148297439198,0.015431930760428036,0.025479632785533557,0.017925351958908875,1
2021-06-22,363.3157457223,367.9496025289,361.4019725758,367.2501524449,3582650,355.24778329492,361.05574478419794,357.2601791113212,62.76394632351166,0.8390472056000817,-0.6981602389549728,1.5372074445550545,363.20891344671907,347.28665314312093,4.4820153854077045,0.009782714699674013,0.013267576188078056,0.029268425494851424,0.026947734434477955,0
2021-06-23,367.2112941069,367.9067612113,363.6071832573,364.4329229398,2241911,355.63248084112496,360.99765156888606,357.9432975711763,58.54529588264261,1.2825316284290125,-0.3020218654781757,1.5845534939071881,364.5328321704072,346.73212951184274,5.005364700227342,0.009384630765116411,-0.007671145910613797,0.021011376626089984,0.03111428728490595,0
2021-06-24,368.1827525569,369.2124985139,362.2568560118,364.0540541443,2788325,356.220213203385,360.92828943555395,358.52527438766424,57.980879784453506,1.5851520372331152,0.07541291506408243,1.5097391221690328,365.69635373978576,346.74407266698427,5.320383394970525,0.008848893520395364,-0.0010396118782127761,0.004449328580151901,0.02031092597120221,1
2021-06-25,364.7340750593,368.8142005494,362.6697258531,368.7753422114,3983881,357.07558236862496,360.794616752832,359.50147132325816,62.79449073059863,2.1808103567515786,0.49649240340158174,1.6843179533499968,367.7644673841591,346.3866973530908,5.986903357900026,0.009154386176351923,0.01296864576387513,0.004152999682495384,0.0331772902944234,0
2021-06-28,370.0479527809,370.0479527809,354.6989092707,357.1858429027,4800274,357.42045011838,360.435371418016,359.280935283205,48.198168961638125,1.6981232222699987,0.7368185671752652,0.9613046550947335,367.6462033448435,347.1946968919165,5.721974343144976,0.011831451455595289,-0.03142699085899381,-0.019885909260445978,-0.014500522662096005,1
2021-06-29,358.4778826412,360.7899537523,357.4092783462,357.4967096067,3394538,357.81923381211,360.16025438497,359.11100902829975,48.543674389837356,1.3253961933255596,0.854534092405324,0.4708621009202356,367.3822317146335,348.25623590958645,5.345155876972807,0.011807198855066887,0.0008703220191306205,-0.018012008005275137,-0.026558036186692502,0
2021-06-30,357.4481366842,359.6047744432,353.8731695881,354.6697655172,2884914,357.73374546851,359.93604177470604,358.68803345581404,45.567279445849934,0.7927581527585517,0.8421789044759695,-0.04942075171741789,367.37692844545313,348.09056249156686,5.391262691370553,0.011131264956794498,-0.007907608695503998,-0.03824978267151602,-0.02678999840037155,1
2021-07-01,355.6023656292,360.6150912313,355.1652093267,360.1293620063,3108496,358.16555874954497,359.69531437079206,358.82530284157457,51.723594644151284,0.8019382323250284,0.8341307700457814,-0.032192537720753034,367.41778997299144,348.9133275260985,5.1664550079848945,0.011171731889815045,0.01539346462515212,0.008240861618924455,-0.01078052034669641,1
2021-07-02,362.0528497373,364.7729333973,361.5282621743,364.3260625103,2787034,358.60320078127495,359.53346939301804,359.34918471478653,55.856536764412574,1.1347712325058978,0.8942588625378047,0.2405123699680931,368.14699350975195,349.05940805279795,5.322759366165338,0.011173943231516326,0.01165331391092339,0.019103260869486993,-0.01206501409345706,1
2021-07-06,365.8998251994,367.4395868426,360.8968141818,365.3849522209,2740460,359.18801876819003,359.320914284154,359.9240197153688,56.860068889807295,1.4670757966554788,1.0088222493613397,0.45825354729413914,368.8876933454502,349.48834419092987,5.400889823955998,0.01106992336595917,0.0029064341521547465,0.030211728614855327,0.02295474325513358,0
2021-07-07,366.0358293824,367.3570128744,361.8196997093,363.2477436308,3176557,359.60866027704503,359.05764904419794,360.2405648501717,54.18271072852975,1.5402199887686265,1.115101797242797,0.4251181915258295,369.24620653141255,349.9711140226775,5.360018997842092,0.011188723026509207,-0.005849197064929812,0.008659059642144529,0.016086956521717433,0
2021-07-08,357.4353160779,360.4406905722,355.6359818337,360.0516453303,2808993,359.96324261130496,358.69937516783205,360.22257251494585,50.36350593910089,1.3250149188598925,1.1570844215662162,0.16793049729367637,369.10532607899773,350.8211591436122,5.07945389166558,0.011323250228988616,-0.008798673512886213,-0.01173239474153498,0.015174340573552492,1
2021-07-09,361.6661830845,363.2515424456,359.7598613988,362.7263313689,2404802,360.40444351267,358.26675108021607,360.46102573913197,53.32835566357329,1.3546723410264576,1.1966020054582645,0.15807033556819317,369.17821216489693,351.6306748604431,4.868845992415451,0.011408614929823022,0.007428617736620291,-0.007276218781972932,0.007211212515780829,1
2021-07-12,364.7299143652,365.7706103875,361.8898840987,365.274577704,2648393,360.914769223785,358.01526735160405,360.91945925959556,56.023461999229795,1.5657492615806063,1.2704314566827328,0.2953178048978735,369.5741882619439,352.2553501856261,4.79859500168563,0.011473359856744376,0.007025258754949304,0.0055797568153928,0.002603478837513107,1
2021-07-13,365.2648515729,376.0511309071,365.2648515729,373.2013745095,5161005,361.771890394225,358.05618653351405,362.0891654738722,63.15168718627008,2.345616687962547,1.4854685029386958,0.8601481850238513,371.6472765251905,351.89650426325954,5.4594546415445375,0.012333893795674095,0.02170092661615075,0.03652178610970336,0.02139229391109243,1
2021-07-14,372.4913669429,380.9044703009,372.4913669429,380.0972014238,4140829,362.89608623438005,358.28670384325204,363.8042165167225,68.0096353293872,3.4799877110496595,1.8843723445608886,1.595615366488771,375.3929894730948,350.3991829956653,6.887317726895249,0.012843782844409405,0.018477496025740114,0.04788974097729204,0.04638558143426641,0
2021-07-15,379.4552767745,382.5287341862,376.8389475221,379.5428119539,3772968,364.20142616779503,358.57394116340197,365.30313036788226,67.24211491514203,4.28485715648435,2.3644693069455807,1.920387849538769,377.8718702201174,350.5309821154727,7.5070788141417655,0.012419668153946307,-0.0014585465713068402,0.03906166790907162,0.05413436343477729,0
2021-07-16,382.3828422205,382.684352283,374.7770077396,376.5179851975,2706530,365.18697672231,358.93221742255804,366.3712117802268,63.06047219020326,4.6253258735481495,2.8166406202660945,1.808685253282055,379.41370305048605,350.960250394134,7.791475181216061,0.01259804267936188,-0.007969658918918987,0.008886919809336424,0.03802220196298256,0
2021-07-19,367.6477536801,368.2313215431,353.4135608888,355.4414592127,6814430,365.11238649766,358.745782230556,365.3302829642719,42.996343981973894,3.158046289855747,2.8849217541840253,0.2731245356717218,379.5258438831826,350.6989291121374,7.89535382449423,0.01821223542942023,-0.055977474684893114,-0.06486693961108492,-0.02691979976572112,1
2021-07-20,356.9490095254,366.2860953331,355.2663888538,364.1366203711,3542605,365.19714586035,358.734804595242,365.21660081254123,50.05637241734064,2.6661102264948795,2.8411594486461964,-0.1750492221513169,379.56664977387317,350.8276419468269,7.86945028262515,0.018721112140967226,0.024462990833032494,-0.04059144607030862,-0.02428917672212183,1
2021-07-21,365.7317058633,370.4723193983,364.7785450204,369.6513366763,2393131,365.31720507192,359.01014955717403,365.6389566090897,53.951729593814406,2.690227600327887,2.810973078982535,-0.1207454786546478,379.79304638845025,350.84136375538975,7.925080513894982,0.018793565252939556,0.015144635273375728,-0.018237239099211155,-0.027482088024776363,1
2021-07-22,369.8847638215,372.3746533703,366.7237712304,371.6938241968,4180644,365.68025013477,359.30166922488604,366.21561066506206,55.34103205071426,2.8413985917147215,2.817058181528972,0.024340410185749395,380.41112377707816,350.94937649246185,8.056696327941774,0.01872323622042889,0.005525443351199311,0.04572444930903341,-0.02068011172888018,1
2021-07-23,374.5435805944,383.6958699122,374.5435805944,382.489829662,3720272,366.60203891065504,360.022635569216,367.76553628381805,61.88662837267225,3.788676601088298,3.0113818654408377,0.7772947356474602,383.0210324904344,350.1830453308757,8.957393487809178,0.019719541962169795,0.02904542599955562,0.050401987232692624,0.015860715023659377,0
2021-07-26,380.9433748251,382.1299628132,377.6364902682,382.0424276337,2285814,367.26539318177004,360.668594698378,369.125240221902,61.48444388000552,4.451979989638062,3.299501490280283,1.152478499357779,385.00122318640064,349.52956317713944,9.658318117575885,0.019583520424448473,-0.00116970960690721,0.03352102299646442,0.07483923929392189,0
2021-07-27,379.3191109398,384.454508134,375.3216710783,379.5817164781,2783822,368.38518686054,361.18976013701797,370.12109510344465,59.20547830305614,4.724631270366956,3.584527446297618,1.140103824069338,386.2615067156834,350.50886700539655,9.705232725283764,0.01808132107306848,-0.006440936863586599,0.021221477914907805,0.04241566281155573,0
2021-07-28,380.8947441698,381.0017316114,371.8543053591,372.9387689712,3372571,369.15728982876504,361.58991841861,370.3894449956118,53.44612638581326,4.354483255910509,3.7385186082201964,0.6159646476903125,386.4087672789854,351.9058123785447,9.346410283932101,0.018663334681368632,-0.017500704640191267,-0.024970757259716203,0.008893332631930262,1
2021-07-29,376.8875781774,383.9292970574,376.8875781774,378.1617013449,3769421,370.33188662015,362.09900405654605,371.12965988602025,56.98880304778846,4.4315016874330695,3.8771152240627713,0.5543864633702982,386.65159792093243,354.01217531936754,8.8135598852829,0.018676690410052783,0.01400479866469273,-0.01015784114041085,0.017401088549363397,0
2021-07-30,378.3464978348,378.3464978348,372.5886282534,375.3703017336,2533294,371.093933606515,362.592868665466,371.5335305381707,54.59746767835242,4.2186665672124946,3.945425492692716,0.2732410745197784,386.85048583646136,355.33738137656866,8.49194815814673,0.01859982593203791,-0.007381497389536307,-0.01109488302960182,-0.01861363983113329,0
2021-08-02,378.6382817663,379.2996586777,363.5627786392,364.9827937725,3430303,371.12677016962505,362.74841909948196,370.90965084620206,46.73796927578252,3.17520631866455,3.791381657887083,-0.6161753392225329,386.8294137494399,355.4241265898102,8.46214546724176,0.019604058246275424,-0.027672695237547118,-0.021333194241638043,-0.04465376782066921,0
2021-08-03,366.3444521194,366.3541782505,349.7224941554,357.5325773884,6328497,370.734151428,362.75690812271597,369.6356438502209,42.06119763113585,1.7271765398037928,3.3785406342704247,-1.651364094466632,387.3571216286879,354.11118122731216,8.967595856307936,0.02012582767997308,-0.020412513990300085,-0.0545510660734132,-0.0580879903655005,1
2021-08-04,357.2213411948,359.1471151426,353.4767807406,357.9313487614,3203182,370.46833168452997,362.68050114558804,368.520949079857,42.39346511987609,0.6048081725618317,2.8237941419287065,-2.2189859693668748,387.7198124508777,353.2168509181822,9.31333627784312,0.02009574913607779,0.0011153427637637936,-0.04645799865269151,-0.04024097642409208,1
2021-08-05,358.1161452514,361.7731705261,356.9490095254,361.753718264,2562647,370.553435331215,362.780796070554,367.87645090691825,45.613095757189434,0.023485700741332494,2.2637324536912318,-2.2402467529498993,387.61426897445546,353.4926016879745,9.208298731863511,0.0201464849504793,0.010679057634451539,-0.008847199275132778,-0.043388801728325266,1
2021-08-06,361.2479594494,365.2162209177,360.8394619453,364.2727862058,2038730,370.63075807306,363.02026365668803,367.533244744907,47.68813539087718,-0.23128273282901546,1.7647294163871823,-1.9960121492161977,387.56252492642295,353.69899121969706,9.136730551664197,0.020138249140092438,0.006963488734514245,0.0188520130574783,-0.02956418096090052,0
2021-08-09,363.9420977502,364.2436078127,358.7872482938,360.5282257517,2400796,370.393440475445,363.19746899359,366.86610007888726,44.94314299010306,-0.7269633055222471,1.2663908720052965,-1.9933541775275436,387.74665194882164,353.0402290020684,9.37015053565834,0.020210598103716105,-0.010279550369662993,0.007255237629468114,-0.012204871289293151,0
2021-08-10,362.0941328507,362.541534879,354.138157652,357.7660045336,3225280,369.62167197664996,363.34701932611,365.9994243126694,42.977891199343325,-1.3273806798110286,0.7476365616420315,-2.07501724145306,387.76182001799606,351.48152393530387,9.815521879080759,0.019572686417604627,-0.0076615949065869104,-0.011023283325286681,0.0006528835691144153,0
2021-08-11,358.4565598381,359.8279443161,353.7880169342,354.2645973557,3267708,368.33004177324494,363.4418905585819,364.88182174533904,40.55692553698652,-2.0619808399004,0.18571308133354514,-2.247693921233945,386.97440664243834,349.68567690405155,10.123727502342277,0.019035004929585927,-0.00978686385383254,-0.027474434624511712,-0.010244286839888539,0
2021-08-12,352.6403334704,353.2725319886,348.0495996149,352.0664917384,3803216,366.95622576246996,363.35562974556603,363.66131412563055,39.06904868950773,-2.7893713753686598,-0.40930381000689586,-2.380067565361764,386.1348135251833,347.7776379997566,10.45279323050788,0.019039918112809764,-0.006204700197838364,-0.02347037876343061,-0.026778512663497955,1
2021-08-13,352.3388234078,353.5447663967,350.7534640467,352.8154038292,2303183,365.771096694055,363.38207589443795,362.62837028787527,39.878330835481634,-3.2677342620065133,-0.9809899004068194,-2.286744361599694,385.36464729694194,346.1775460911681,10.713558714714804,0.01905113983537352,0.00212718934739331,-0.01383753806025756,-0.03145275411852211,1
2021-08-16,350.6270243431,353.8463737205,346.8532854958,353.6032204443,2937742,365.679184755635,363.34267586580995,361.76883220753473,40.76955301826866,-3.5424350926464285,-1.4932789388547414,-2.049156153791687,385.4818258521357,345.87654365913426,10.830608862647647,0.014428746891298826,0.0022329427982723526,-0.0018669009444822748,-0.01920794216031596,0
2021-08-17,352.0859440005,354.4785722388,349.9364690385,353.2822581196,2812781,365.13646664306,363.33454917855,360.96058705630287,40.50610854936827,-3.742890742637826,-1.9432012996113586,-1.7996894430264674,385.6602888900418,344.61264439607817,11.2417269278365,0.013214118865720725,-0.0009076906151950226,0.0034532294601423708,-0.012532622879709354,0
2021-08-18,351.2884012544,355.6665218852,350.7145595225,351.0647002403,2774545,364.20713482126,363.25914491428193,360.018121645255,38.64794012098316,-4.034188068556546,-2.3613986534003963,-1.6727894151561493,385.4979488202835,342.9163208222365,11.691596327168208,0.012656429675252094,-0.006277014563661587,-0.004962095106673781,-0.009032506040074773,0
2021-08-19,347.1256171652,350.2768836253,345.0053205963,347.5243885382,2727913,362.99866303833,363.150432712144,358.828242301726,35.82258708571797,-4.498856843520173,-2.7888902914243516,-1.7099665520958212,385.1777037229105,340.8196223537495,12.21990213348999,0.012616717438496235,-0.010084499238108169,-0.017191110133165544,-0.012901265263196127,0
2021-08-20,347.5730191934,348.5067277742,343.6533883804,345.2679261347,4135879,361.137567861965,362.977744968006,357.5367836191521,34.110950818525836,-4.991647251038444,-3.2294416833471704,-1.7622055676912733,382.70026332484997,339.57487239908005,11.941541053478387,0.010069884895968838,-0.0064929612940012316,-0.022685350879371957,-0.021392143349142967,1
2021-08-23,347.680006635,352.3193711457,346.9797251994,351.1230570266,3537868,359.59159933161,362.89884483890404,356.92595251509954,41.87219971322884,-4.8537757641158805,-3.5543084995009124,-1.299467264614968,379.29046259518077,339.8927360680392,10.9562421926352,0.011191621294350735,0.016958224175203984,0.00016622800942411864,-0.007013972934363233,1
2021-08-24,353.0877354986,356.0736577309,351.5655959894,351.8719691174,3032033,358.206111963575,362.815105199238,356.4446207629377,42.800291865919895,-4.630700833909145,-3.769586966382559,-0.8611138675265861,375.879948398024,340.53227552912597,9.86797033560735,0.011263273659138614,0.0021329049055962557,0.012510145251926952,-0.003991961016402201,0
2021-08-25,352.0470394763,352.4749892425,348.6817981331,349.2653659961,2340361,357.02244181481996,362.64814682674603,355.76088221371504,40.38349648210772,-4.611089660843334,-3.9378875052747144,-0.6732021555686192,373.7358300236049,340.30905360603504,9.362654136713235,0.010831272892983973,-0.0074078169052174125,0.011577790923563702,-0.005125363623766144,0
2021-08-26,348.1954915806,348.3900142016,342.1626642744,343.1962602211,3946332,355.27416975863,362.44335176545604,354.56425154775167,35.37483122379054,-5.027321941366154,-4.155774392493003,-0.871547548873151,369.9701054377287,340.57823407953134,8.273011060209058,0.010472101335998601,-0.01737677527140724,-0.022575551923665116,-0.01245417144766603,1
2021-08-27,342.8072149791,346.7365719232,342.0230942938,345.9876598323,3698298,353.80503766356503,362.22696547995804,353.74743328913723,39.1151557024602,-5.073462682861134,-4.33931205056663,-0.7341506322945044,365.79728842330456,341.8127869038255,6.77901639780665,0.010838046186408885,0.008133537380045075,-0.016722870252664945,0.002084565762181967,0
2021-08-30,345.0831296447,348.2343961048,342.602966227,343.381056711,4032096,352.72495081049,361.95592134006404,352.76015932931466,36.96375524896732,-5.259729750029464,-4.523395590459197,-0.7363341595702675,364.3821870737491,341.0677145472309,6.60981664975679,0.009358534634761159,-0.007533803727460708,-0.016847674742435537,-0.02204925071330055,0
2021-08-31,343.2740692695,345.4916271488,335.2402850224,336.7478353351,6780389,351.685713707825,361.44204938442005,351.2351760917704,32.12190115769238,-5.874871410987737,-4.7936907545649055,-1.0811806564228315,365.02745615008024,338.3439712655698,7.587309874827236,0.009253936650409222,-0.01931737714198578,-0.018789321544021687,-0.04298192271534407,1
2021-09-01,337.8663404058,342.4035805405,337.7885313574,339.9963631057,4499639,350.78896442504004,360.896973597636,350.16481295023993,36.50821709755972,-6.030728087747775,-5.041098221201479,-0.9896298665462959,364.72855001235774,336.8493788377223,7.94756221032515,0.009639757348130185,0.009646766600199363,-0.017316504090070572,-0.026538568643830196,0
2021-09-02,340.9106194244,340.934934752,330.0368049108,331.9334004655,7413609,349.29794853511504,360.24698314815,348.4284879516932,31.131015965076983,-6.727311072601367,-5.378340791481458,-1.3489702811199091,364.5452704608425,334.05062660938756,8.730267091273603,0.010211548026736565,-0.02371484967235782,-0.03333805409986468,-0.032817548036053856,0
2021-09-03,330.6203727737,334.7150739457,329.6477596688,330.9121567052,5172760,347.629917060085,359.584145199368,346.7602659282177,30.517903972513366,-7.277869197480982,-5.758246472681363,-1.5196227247996186,363.2539314446762,332.0059026754938,8.988877894471152,0.009872830602695254,-0.0030766526022021345,-0.017329520838917478,-0.04357237230485922,1
2021-09-07,335.4445337744,338.4693605309,333.6257472681,335.2694634155,4766496,346.366978943275,358.91402762345,345.66590378414935,36.28383622233941,-7.2786880569213395,-6.062334789529358,-1.2163532673919812,361.69710171452124,331.03685617202876,8.851953969755803,0.010549884349917583,0.013167563119120373,-0.013902794862339474,-0.023622716329185667,1
2021-09-08,335.551521216,342.3598129508,335.551521216,341.42610437,5054473,345.549983935095,358.59883285279597,345.2621133637542,43.42737394135228,-6.705253548067844,-6.190918541237056,-0.5143350068307884,360.0840003185969,331.01596755159306,8.412106531153455,0.011574191888312811,0.018363261872346825,0.028598218471499237,0.013892499205658382,1
2021-09-09,341.1051420454,343.9548984429,340.3367776924,341.7859712188,3716196,344.92605262825,358.28461808503795,344.9310522070919,43.8238331608233,-6.150861024155006,-6.182907037820646,0.032046013665640416,358.97329905111945,330.8788062053805,8.145077077149136,0.01145693583968119,0.0010540109388061936,0.03286012403372407,0.00526360957732841,0
2021-09-10,345.2076241221,345.2776522657,337.516199688,337.8760665369,3437652,344.21653136817497,357.94874410543196,344.25914880993076,40.50270790555706,-5.9583138529885105,-6.137988400854219,0.1796745478657087,358.1827311745401,330.25033156180984,8.114775749353443,0.011623165568420963,-0.01143962892320416,0.0077746511562539755,0.017903187998152825,1
2021-09-13,340.4145867408,342.3500868197,336.8742750387,338.294290172,3234238,343.49047568531495,357.512042668746,343.6910670348897,41.01760963275101,-5.706194225451327,-6.051629565773641,0.3454353403223145,357.0982887443554,329.8826626262745,7.923254950164667,0.011608273724694943,0.0012378018940100155,-0.009172743846809439,0.022308438409461395,0
2021-09-14,340.1033505472,340.2930101027,335.7946744922,336.3296116999,3282192,342.626795248095,356.95211365253795,342.98997605060504,39.29710706193026,-5.600363236118824,-5.961376299842678,0.36101306372385444,355.7413243647154,329.5122661314746,7.655285166546433,0.011591901380621626,-0.0058076016331847224,-0.015964258273804433,0.003162078268625912,0
2021-09-15,337.4967474259,338.0122323715,333.3728678608,335.3083679397,3833527,341.7281007391,356.35058196691404,342.25839432575697,38.39555960432006,-5.535092154280278,-5.876119470730199,0.3410273164499209,354.2486584152234,329.2075430629766,7.327789344243901,0.011586890915864694,-0.0030364372468969503,-0.007599527908318304,-0.017918185961757205,1
2021-09-16,335.950292589,338.1581243373,335.2500111534,336.8256443835,3771291,341.01614794626,355.822139981968,341.74098956935154,40.57680241682041,-5.299839571519271,-5.760863490888013,0.461023919368742,352.93710659138355,329.09518930113643,6.991433524140424,0.011655260520587792,0.0045250181292011415,-0.004341325973173493,-0.014512962066908774,0
2021-09-17,334.578908111,336.5240370596,331.4373677819,333.6451995302,5529836,340.32218849586,355.29401106596595,340.9699619465752,37.573612570143666,-5.308838538319947,-5.670458500374401,0.361619962054454,352.2627778085141,328.38159918320594,7.017226449693767,0.01163269211310475,-0.009442407092017158,-0.007981492191937112,-0.012521949394240228,0
2021-09-20,329.0544656747,331.7680562376,326.4284102913,330.3869456286,3956645,339.578139470555,354.64722335116,339.9620556305776,34.73712686479358,-5.515307116558404,-5.639428223611202,0.12412110705279833,352.0365897487025,327.1196891924075,7.3376044156268625,0.011722315998588135,-0.009765624999813816,-0.014677302392838154,-0.023374159047673038,0
2021-09-21,332.828204522,333.7813653649,328.0429480456,328.1402093561,2967251,338.42899708703,353.9045359842019,338.8361655091988,32.893152009768656,-5.793444570060842,-5.670231492901131,-0.1232130771597113,350.65352551343824,326.2044686606217,7.22427955738356,0.010857527079349415,-0.006800317936973332,-0.02578614536104329,-0.02434933487541746,1
2021-09-22,330.0076265176,334.4524684073,329.2684405578,334.0050663791,3238824,337.53565195011504,353.120609821594,338.3760608301418,41.60703359184054,-5.4774845267244245,-5.63168209966579,0.15419757294136538,348.2135902479938,326.85771365223627,6.326998784387302,0.011803091441117625,0.01787302151878456,0.001078591418089525,-0.003886874546579766,1
2021-09-23,336.2712549136,345.0734035137,335.746043837,344.3731220781,4783236,337.29103975421503,352.40612823468,338.94720952042354,53.18119883037847,-4.340434641834406,-5.373432608099513,1.032997966265107,347.06917797260166,327.5129015358284,5.798042085856765,0.01391088819125523,0.031041612067141733,0.042332715122535,0.022407669429132415,1
2021-09-24,344.3342175539,350.0677718077,343.1030838856,348.3511096774,3306211,337.54878222703,351.78229418915,339.8428190591832,56.72535945136009,-3.0827876056734453,-4.9153036076143,1.8325160019408546,348.17125679171363,326.9263076623464,6.29389002359908,0.01357605348601846,0.011551388143462127,0.06159226984391597,0.04407649253730361,0
2021-09-27,347.2715091309,352.6596884711,345.4332703625,346.9991774615,4157955,337.59935810849004,351.19191803443,340.524377002261,55.196111985510626,-2.1701665705687105,-4.366276200205182,2.1961096296364717,348.390363491141,326.8083527258391,6.392787855469312,0.013501618873078377,-0.0038809470627265696,0.03890393407281878,0.0502811386851052,0
2021-09-28,345.7639588182,346.2502653707,339.4906042911,341.5622702047,3266995,337.508418783175,350.91433425427,340.6232239739219,49.42536433643677,-1.8641322465069265,-3.8658474094655313,2.0017151629586047,348.13235609639605,326.8844814699539,6.295509517376622,0.013865499695441989,-0.015668357765497132,-0.008162227808134581,0.0409034323313735,1
2021-09-29,343.1476295658,347.3979488345,342.7585843238,343.5172225457,2808806,337.846888143705,350.50194629776195,340.8988428855198,51.39320318984491,-1.4471674782703872,-3.382111423226503,1.9349439449561157,348.779190970566,326.91458531684395,6.471749902406031,0.01315849514049955,0.005723560567238328,-0.01387647978551454,0.028479077487416182,0
2021-09-30,345.0247728584,346.2502653707,337.8857926679,338.1581243373,4393567,337.754976205285,349.872082050982,340.6378220714036,46.098038857308445,-1.5315001525070215,-3.011989169082607,1.4804890165755853,348.64427273681946,326.86567967375055,6.448045061468477,0.013499774243684355,-0.015600668195572154,-0.025478599658008916,-0.018047278786729626,1
2021-10-01,340.249242513,353.2336274644,337.6523655227,350.3157881495,5227260,338.674095589485,349.444521330036,341.55953312646045,56.93766749076638,-0.61027763986732,-2.53164686323955,1.92136922337223,350.5051694081552,326.84302177081474,6.986701358471162,0.014576249478895116,0.03595260009211887,0.02562788313695763,0.005639937458271405,0
2021-10-04,350.0726348732,350.7729163088,330.0465310418,334.773430732,7901488,338.867159290825,348.490193351436,340.9132376603214,44.591918566506166,-1.1214135548377158,-2.249600201559183,1.1281866467214674,350.3047600684853,327.4295585131647,6.750492317754659,0.01797904428382815,-0.044366705536169504,-0.025453721792760398,-0.03523278302541921,0
2021-10-05,338.0414107647,339.0188869352,333.5382120887,333.8105437581,4724056,338.79421330795503,347.52555567392403,340.2367906220146,43.956032429932904,-1.5859080211246237,-2.1168617654722715,0.5309537443476477,350.34075461218805,327.247672003722,6.816256506564068,0.017751570125592583,-0.002876234747168027,-0.012856649792815533,-0.022694914288847956,1
2021-10-06,330.6981818221,339.3252600633,329.8228300277,339.1404635733,3711983,338.67993126812,346.716730615828,340.13237852213706,48.34689345875291,-1.5065763724602448,-1.9948046868698661,0.48822831440962133,350.1650948406861,327.19476769555394,6.782311269263672,0.017628274925325805,0.015966900731159583,-0.031900716308654764,-0.012741017582656222,1
2021-10-07,339.8639862052,348.5310047645,339.8639862052,344.6454537475,3209227,338.82290539455505,346.1508643113539,340.5621952102669,52.48737102905104,-0.9881084700381848,-1.79346544350353,0.8053569734653452,350.5282550578771,327.117555731233,6.909420512577999,0.018007198781502018,0.016232183314835336,0.029488669378314514,0.01918430740918442,1
2021-10-08,346.6807423755,350.9363458704,344.9376004405,345.667967173,2336909,339.21250042636,345.500989627916,341.04845920671767,53.23718204817502,-0.4890729060489889,-1.5325869360126219,1.043514029963633,351.27897244477043,327.1460284079496,7.114402920437153,0.017788277846950938,0.0029668559802014105,0.03552141667368258,-0.013267517861674238,0
2021-10-11,344.6844066399,345.5900613882,337.8189593541,338.0624149316,2769768,339.20090666434004,344.75483189187594,340.7640740376588,47.262609100848614,-0.6992278662710874,-1.365915122064315,0.6666872557932277,351.2713302950425,327.1304830336376,7.116976041957862,0.018535349814700394,-0.022002479152468224,-0.0031787673766241475,0.009824507854188091,0
2021-10-12,339.5231483966,340.8378085152,335.5986444872,336.2997965504,3042883,339.199415906865,344.181171947434,340.338904753158,45.97487963304241,-0.9965185137627941,-1.292035800404011,0.2955172866412168,351.27126492676524,327.12756688696476,7.117847763756083,0.01852581398854961,-0.005213884488036502,-0.024215195953852242,0.0074570825842574795,0
2021-10-13,337.1859748525,340.3499235379,328.1586420384,333.3880678434,3755921,339.10340090205,343.69828175653396,339.67692028556195,43.849442265274114,-1.450356855076734,-1.3237000113385555,-0.12665684373817854,351.32710597216106,326.87969583193893,7.20942640952273,0.018619260309291383,-0.008658134012768048,-0.03552512959193055,-0.016961690944485963,1
2021-10-14,334.8390630853,336.7574930361,331.9078579321,335.5596915948,4085934,339.040103262615,343.250848613202,339.2848032673941,45.85976688062798,-1.6161649787286478,-1.382193004816574,-0.2339719739120738,351.3232982645566,326.75690826067336,7.245865538465384,0.018650669635549594,0.006513801664971508,-0.007403139853054741,-0.02636263456809329,1
2021-10-15,339.8639862052,347.2716577532,338.6369700945,346.6807423755,4053607,339.69188040487995,342.949389095432,339.98917842054703,54.78707705975114,-0.8405044437706692,-1.2738552926073932,0.4333508488367239,352.1430852316137,327.2406755781462,7.330881628311596,0.019907131185212458,0.0331417958093998,0.03086812995899102,0.0029299075953808096,1
2021-10-18,344.694144863,350.517602277,341.065780318,349.056868812,3280888,340.62537656405,342.645070747556,340.8527679816378,56.43979530245037,-0.03366625257257283,-1.025817484600429,0.9921512320278563,352.94491716650265,328.3058359615973,7.233483733198098,0.019731571335023776,0.006853932584251599,0.04699868555571696,0.032521964568656525,1
2021-10-19,349.0179159196,352.8060847056,348.2437271831,352.6210584667,2835441,341.84941901958,342.486927401856,341.9735575516437,58.868563440318,0.8831784138700982,-0.6440183049063237,1.527196718776422,353.8236145142072,329.87522352495284,7.005538010840572,0.01965621867792168,0.010210913960325696,0.05084450635537663,0.0485318816238236,0
2021-10-20,352.2315295427,353.0002648743,346.6807423755,347.4305855542,2796212,342.520694978335,342.280219022268,342.4932745042681,54.13483069744564,1.1773844767368473,-0.2797377485776895,1.4571222253145368,354.16122857435784,330.8801613823121,6.7969811848940385,0.019777722750494223,-0.014719690693090537,0.0021629213482177168,0.04212063677514721,0
2021-10-21,345.3173911414,347.0507948533,338.1792736088,346.8852450606,2516486,342.64630112746,342.13263197636604,342.91155741439496,53.64673041759759,1.350967370071885,0.046403275152225365,1.3045640949196595,354.4175575189195,330.87504473600046,6.870791456219909,0.01857912399733593,-0.0015696387027355208,-0.006221403861184638,0.033751233385552304,1
2021-10-22,347.3429415463,352.1731002041,345.6095378344,349.2808479433,2774374,342.692788040755,342.076919100464,343.5181565123859,55.54301721700587,1.6626719481416217,0.3696570097501047,1.293014938391517,354.5607409844209,330.8248350970891,6.926292795081812,0.018462732225978724,0.006906038572731532,-0.009472521402789202,0.007499999999952989,1
2021-10-25,352.9716344983,354.7634675488,349.4001411763,351.4135188023,2447944,342.913505107795,342.048881399926,344.270095778092,57.220853030627275,2.0580646980806705,0.7073385474162179,1.3507261506644526,355.24860437828283,330.5784058373072,7.194291905540603,0.01847887327424002,0.006105891209203129,0.011463968383056189,0.006751478629602126,0
2021-10-26,353.8675510236,357.7335282122,347.4695384466,347.9661878247,3320059,343.233700988795,341.936140747534,344.6221045444356,53.69330113187758,2.0693908521208186,0.9797490083571381,1.0896418437636806,355.74311047840837,330.7242914991817,7.289149901991541,0.018249171304219436,-0.00980989857575576,0.003116139355858527,-0.013200773267032728,0
2021-10-27,338.8901638951,341.9284895024,325.0618870925,326.9316259278,9652748,342.4044211579,341.40912810369804,342.937297057137,38.21335549516282,0.37671106818743283,0.8591414203231971,-0.48243035213576424,356.7873957803945,328.0214465354055,8.401161745433052,0.022796682423980575,-0.06045001679156514,-0.06398639417849794,-0.059001597667923567,0
2021-10-28,335.1604244476,341.3149814471,320.260943104,324.3120439138,9505096,341.712117136725,340.87407497716805,341.16346342443825,36.79079195352151,-1.162725060719822,0.45476812411459333,-1.6174931848344154,358.0465419839981,325.3776922894519,9.560342772824427,0.022624778792976214,-0.008012629572210606,-0.07712132128800353,-0.06507397321802078,1
2021-10-29,322.5689019788,329.2980141412,322.4423050785,326.7368614658,5843696,340.53317080254,340.45832443572,339.78950133313936,39.0525381781116,-2.162152820693052,-0.06861606484693572,-2.093536755846116,357.6007073195172,323.46563428556277,10.024008220258764,0.02095562917864873,0.007476803891515393,-0.061009739169240795,-0.06454400981401542,0
2021-11-01,326.4739294421,331.9760254938,324.1659705673,325.30534267,5122241,340.05976639944004,340.059072766426,338.4100576509356,38.18388520245166,-3.0347355813547665,-0.6618399681485019,-2.3728956132062646,358.2297081889353,321.88982460994475,10.68632257316354,0.01860333912072053,-0.004381258941455024,-0.004974383414834027,-0.07429474034261063,0
2021-11-02,326.3570707649,326.9803170433,318.1477486912,319.8811524031,5358959,339.36329683169,339.43423467395604,336.6454000082846,35.00651064617004,-4.116498100812748,-1.3527715946813514,-2.763726506131397,359.40902557965234,319.3175680837276,11.813728199313317,0.01891935955589688,-0.01667415057613275,-0.013662432813866476,-0.08071196686428861,1
2021-11-03,319.9006288493,320.9523569441,314.8757057294,320.8062835976,3952521,338.44658783290504,338.81292096356,335.13691273107656,35.9849268517944,-4.8433215395640445,-2.0508815836578904,-2.792439955906154,360.0644609147994,316.8287147510107,12.774762020982369,0.018488448454214844,0.002892109108492358,-0.01815092989996414,-0.018735851304739537,1
2021-11-04,322.4033521861,329.76544885,320.7089013666,326.6492174579,4819487,337.546776018425,338.36059799279593,334.32856080029785,41.930754239788,-4.89147256922206,-2.6189997807707246,-2.2724727884513354,359.55232516418727,315.5412268726628,13.038518338306435,0.01859968149428112,0.01821327747940571,0.0041311180962166905,0.0072065579677369485,1
2021-11-05,333.4757118513,340.9936200848,332.0734077248,339.65948352,7201499,337.246351835775,338.289862458774,334.8362677259838,52.50835468020892,-3.835598475604513,-2.8623195197374827,-0.9732789558670305,358.96236279294857,315.5303408786014,12.878426016450062,0.02086011737507917,0.03982947261698788,0.061830248416687716,0.0395505484022427,1
2021-11-08,338.8999021182,343.9053487918,338.5590643097,340.5164471529,3862207,337.36905344684,338.180438205186,335.3772371952139,53.1141744442786,-2.896274397631771,-2.8691104953163404,-0.027163902315430644,359.12980761649123,315.60829927718873,12.90026690197306,0.020251917310128265,0.0025230081139471228,0.06143945603017942,0.04675946714570456,0
2021-11-09,340.8378085152,341.0325729772,330.7587476063,335.6278591565,4214992,337.335456577145,338.02537425409605,335.4011059534316,49.25427590559771,-2.517303585284651,-2.7987491133100026,0.2814455280253516,359.1047835415371,315.56612961275295,12.906634354585641,0.020490850796705543,-0.014356393170650406,0.027487106102610515,0.049226741354103654,1
2021-11-10,340.931295457,350.2059791378,340.3508973602,348.5699576569,6337083,338.09455106782,338.261816700532,336.6552823061429,57.963807064002026,-1.1592837968294134,-2.470856050013885,1.3115722531844716,360.3144773962007,315.87462473943935,13.144208481445455,0.022086563046550954,0.038560858842070056,0.02623355027381513,0.08654342348893973,0
2021-11-11,348.9984394734,350.225455584,343.340531852,345.0641973408,4472150,338.56977635512004,338.36317338523395,337.45613135706265,55.20006738101367,-0.3617587593316216,-2.0490365918774325,1.6872778325458109,360.9584310951533,316.1811216150868,13.22543020883835,0.022236911276841666,-0.010057551544791377,0.013355449423733567,0.0563753987418425,1
2021-11-12,346.7391717141,354.3155092862,346.6125748138,353.9844097008,4638239,338.93495972138504,338.80419356994,339.03025310408526,60.37692335908655,0.978789293173179,-1.4434714148673102,2.422260708040489,362.06682207148623,315.80309737128385,13.64973525842025,0.021747576306002075,0.02585087768810168,0.054693166980934294,0.04217437426550319,0
2021-11-15,355.5814782893,361.4146739264,351.2187543403,351.9004299573,4693196,339.07713777865,339.22395903498204,340.2559842329629,58.67116916477175,1.851678536615168,-0.7844414245708147,2.6361199611859827,362.48936262688056,315.66491293041946,13.809379778069308,0.021761993263384787,-0.0058872077029082925,0.009554673967852922,0.033431521148487464,1
2021-11-16,355.2211640345,361.3562445878,352.5236762357,359.8857728996,4969009,339.440373500295,339.71628522466403,342.1254879154998,62.98628900120564,3.1514717850040483,0.002741217344157887,3.1487305676598902,363.8845305359696,314.9962164646204,14.402622047346625,0.022225152344906757,0.022692052246906735,0.04295309589641838,0.07227622225421038,0
2021-11-17,350.1670262454,358.366610096,342.0258717335,349.7677590983,11727269,339.5572321775,339.88311831923005,342.8533232662427,55.131636055821616,3.3267791061735466,0.6675487951100357,2.659230311063511,364.1747964418148,314.9396679131852,14.499802643841928,0.022922799402821027,-0.028114514557714076,-0.01191196698765351,0.003436330111326047,0
2021-11-18,351.286921902,352.9911109445,335.5596915948,339.1044048033,6534921,339.168190164635,339.82948699092003,342.49628341262905,48.29604873936361,2.575578184911251,1.0491546730702788,1.5264235118409721,363.55507417058703,314.781306158683,14.380407545952014,0.02395473879905466,-0.030486956037600876,-0.03636263006428464,-0.017271547101752383,0
2021-11-19,336.942519275,337.5755037766,330.252360005,330.826915168,6957896,338.24549352587,339.688503963542,341.38491500837864,43.76034024889632,1.2973665727313346,1.09879705300249,0.19856951972884462,362.4276530534064,314.06333399833363,14.298584897886812,0.024439046458717487,-0.024409855838060768,-0.0807446693362528,-0.06541953232452657,0
2021-11-22,330.9048209528,332.5408424336,311.3894218595,312.889108217,11380660,336.31927299660504,339.18040032444196,338.671028647295,35.89343470351794,-1.1498022428481818,0.6490771938323556,-1.7988794366805374,362.0844707361139,310.5540752570962,15.321868122478321,0.02692698834746051,-0.05422112327798623,-0.10543753654245613,-0.11085897719713977,1
2021-11-23,316.4532978717,321.0594773982,313.2688989179,320.3875400043,7118598,334.940340605585,338.86155889053,336.9297440146288,40.693133732080504,-2.45583108976723,0.028095537112438562,-2.4839266268796685,361.01472448373255,308.86595672743744,15.569569094605965,0.027686970153522145,0.02396514161208696,-0.05519499167183295,-0.10975213767708214,1
2021-11-24,318.3912042687,331.4472399795,316.5117272103,331.0995854148,6414372,335.14873857993496,338.777383240032,336.37449081464507,46.81883718603792,-2.5965642437549263,-0.49683641906103443,-2.099727824693892,361.0296611618528,309.2678159980171,15.444439798030205,0.02543551078971545,0.033434650455995474,0.0008242081713982774,-0.053373054542323994,0
2021-11-26,313.1666475753,318.3132984839,310.6493169039,315.6839782468,6613928,334.717335296585,338.354549917298,334.40396580818367,40.35845209831305,-3.9069698308648526,-1.178863101421798,-2.7281067294430548,361.5755985916596,307.8590720015104,16.04832523614359,0.02752432254663626,-0.04655882352944485,0.008932461873558228,-0.0690655332834299,0
2021-11-29,321.3662314259,323.1337189186,309.9189501713,314.5543443671,6362190,334.10820944165,337.97273281403596,332.5135256709376,39.92371125199474,-4.979230246145107,-1.93893653036646,-3.040293715778647,362.18762927416566,306.0287896091343,16.80857820251769,0.027456358005774197,-0.0035783693742508227,-0.018206686930214877,-0.04918756623123166,0
2021-11-30,309.6754945938,312.3632441695,301.9920365676,306.6761218789,10237559,333.17674840209503,337.49851633904194,330.0528205478864,36.93547551169218,-6.391039143259263,-2.8293570529450207,-3.5616820903142425,363.50807103049397,302.8454257736961,18.207346565369274,0.027953293515135695,-0.025045664220760933,-0.07376470588237793,-0.019856831621607784,0
2021-12-01,312.3827206157,313.5902602802,297.9896268733,298.2622971201,8014842,332.09580563794503,336.90095809432205,327.025151650002,34.00786547037245,-8.095513169982269,-3.8825882763524704,-4.212924893629799,365.6184038430574,298.57320743283265,20.188510445482194,0.02833994016981949,-0.027435539184633484,-0.05518709319191295,-0.06905775075991727,1
2021-12-02,301.4856489663,313.765548296,300.8964864688,311.8179036759,6717594,331.64638664186,336.457214840258,325.57684231913515,41.98618031124748,-8.257311805613256,-4.757532982204628,-3.4997788234086276,365.993215908938,297.29955737478195,20.712922347722518,0.03034122796486022,0.04544860911582682,-0.008699421070485713,-0.05823529411776207,1
2021-12-03,311.8568565683,314.2378521164,305.7802053536,313.6779042881,4732940,330.99782098337,335.84331048445796,324.44361012570323,43.0043945854017,-8.141600581779812,-5.4343465021196655,-2.7072540796601468,366.1773755953483,295.8182663713917,21.25666840190213,0.03005566844534028,0.005965021861391362,0.02283119522414223,-0.006354690440233957,1
2021-12-06,316.2487951866,327.9444011302,313.570783834,324.6041906068,6054959,330.24505633771,335.36837210304606,324.4589035048553,48.7003466259689,-7.086549283190379,-5.764787058333809,-1.3217622248565704,365.29509580343506,295.195016871985,21.226685331442305,0.029712021880671808,0.03483282108600361,0.088317879064993,0.0319494752486118,1
2021-12-07,328.4702651776,333.4562354051,328.4702651776,330.6224124828,4939515,329.750354604205,335.04083680347196,325.04590435989763,51.57118720929467,-5.699097668452907,-5.751649180357629,0.052551511904721515,364.48440897458795,295.016300233822,21.06687916200958,0.030049867086838315,0.018540185401641818,0.0603060587131814,0.07808332274840701,1
2021-12-08,330.349742236,335.0192202127,325.3540337855,333.3783296203,4226942,329.637878127395,334.877157991784,325.83946867041215,52.871829499901686,-4.327270703847148,-5.4667734850555325,1.1395027812083844,364.30958644649013,294.9661698082999,21.03624044424624,0.02994896025704329,0.00833554239957457,0.06280463195809283,0.11773540551141126,1
2021-12-09,331.1482765303,337.4586450993,330.1355013278,335.5012622562,3389627,328.98444335735996,334.716838785994,326.75963948810625,53.89894585784349,-3.033813120123,-4.980181412069026,1.9463682919460261,362.6832649598393,295.28562175488065,20.486574537431185,0.028607643063169767,0.006367938306961696,0.03357033570339785,0.07595252966909882,1
2021-12-10,337.9163415851,341.0812640927,335.8031471723,340.7599027304,3405910,328.76922862683995,334.768874353856,328.09299789213424,56.431912722495895,-1.5663543700311493,-4.297416003661451,2.7310616336303015,362.10758339924024,295.43087385443965,20.280702614197534,0.02878147192188719,0.01567398119111796,0.030661836175813972,0.08633696563283033,0
2021-12-13,340.0490124441,340.3801120295,331.4209467771,336.2705818811,4358322,327.883537235855,334.487970228488,328.87181541489286,53.718389841046516,-0.7569082447463416,-3.5893144518784292,2.8324062071320877,359.38593541092536,296.3811390607846,19.215602247458914,0.028237866589156852,-0.013174439871969978,0.008675585674972064,0.03594035940352902,0
2021-12-14,336.2803201042,339.0946665802,329.0156056713,331.6351876853,4518478,326.870275122255,334.425205367554,329.1349937263602,50.991919434970114,-0.483876108136883,-2.96822678313012,2.484350674993237,356.4632986135701,297.27725163093993,18.10689178160773,0.028347401175425196,-0.013784715183438045,-0.011523278764738909,0.0030632381963904276,1
2021-12-15,331.0995854148,337.517074438,326.7465996889,337.2833570835,4918678,325.74015433145,334.49466163406197,329.91102833180213,54.05211413914294,0.1861184364491919,-2.3373577392142577,2.5234761756634496,351.7078300811089,299.7724785817911,15.943797781366575,0.0281090705552944,0.01703127294067386,-0.010202331961723043,0.011713501197416099,1
2021-12-16,342.4933064423,344.5091186241,336.0855556422,343.6813696605,5369922,325.43583485956,334.58547975580603,331.22248941072576,57.30438493607839,1.2193046990458356,-1.626025251562239,2.8453299506080745,350.3930387455287,300.47863097359124,15.33771097871805,0.027853213548182196,0.01896925075794975,0.02203816860203478,0.024381748519483715,0
2021-12-17,340.0490124441,343.5547727602,335.1117333321,340.1658711213,5898831,325.48890817546,334.495888103282,332.07424004982806,55.0007365745671,1.73444727545683,-0.9539307461584253,2.6883780216152555,350.56637996771656,300.4114363832034,15.40910990351669,0.027062704625323415,-0.010228947069993333,0.025723094993451046,-0.0017432556012025868,0
2021-12-20,332.3071250792,334.5323090577,327.4282753059,328.1975949308,5013898,325.3574421636,334.146480658438,331.7050357527778,47.93566660447155,1.163548945192474,-0.5304348078882455,1.6939837530807196,350.3490205711267,300.36586375607334,15.362536809568425,0.027684847158111592,-0.03518364776292393,-0.026938068427878825,-0.0240074136284526,1
2021-12-21,331.4209467771,342.7854531353,330.4860773594,341.5584370246,3105438,326.79090860398,334.216401100298,332.6434549215228,54.90044260456821,1.7688262728930795,-0.0705825917319805,1.83940886462506,352.04486401245464,301.5369531955053,15.455727037424138,0.025991360040363523,0.0407097501632121,-0.006177037288920051,0.029922184701089316,1
2021-12-22,337.5073362149,349.2321568278,337.5073362149,348.1219993943,3456400,328.17763157347997,334.452845157176,334.11760201416826,57.88124274529044,2.7464778580148277,0.4928294982173812,2.2536483597974466,354.87730802045184,301.4779551265081,16.2714785398125,0.02582741915336961,0.019216513656863166,0.02338896682013991,0.03213512343010971,1
2021-12-23,348.1804287329,352.9813727214,345.7069200654,351.1408485555,2626991,329.17969473051505,334.80790077141796,335.7388635895332,59.21640058864876,3.721965182772692,1.1386566351284435,2.5833085476442488,357.6860186617545,300.67337079927563,17.319612593101343,0.02494460773764721,0.008671813807953788,0.06990683045540758,0.021704635611667467,0
2021-12-27,350.5760316156,351.6287335328,346.2866364866,350.8779165317,2679603,330.93939164476,335.114265270156,337.18067815545385,59.04085236656041,4.422845686792414,1.7954944454612376,2.6273512413311764,360.23034697806514,301.6484363114549,17.701703739606135,0.02206881710988833,-0.000748793610545806,0.02728516850084084,0.03149065300140075,1
2021-12-28,349.3977066205,354.6052214234,349.0276541427,351.3356130175,1920249,332.77845507728,335.20736268299595,338.52876718993446,59.267221517633416,4.95807718952932,2.428010994274854,2.5300661952544656,362.3409086544325,303.2160015001275,17.767047791773244,0.02198962737509985,0.0013044322946400566,0.009231285666494449,0.07050026704668144,1
2021-12-29,352.3094353275,353.6435718923,350.7610578545,351.8322623956,1535298,335.036262103115,335.262870554668,339.79576673333116,59.5286010340275,5.360534560131384,3.01451570744616,2.346018852685224,363.14126248067345,306.93126172555657,16.777288644002653,0.020801728047716225,0.0014136038582439614,0.0019690498640199117,0.030079260991172863,0
2021-12-30,352.5236762357,355.1043053573,349.7093297597,351.5401157026,1557977,337.70015303224,335.241251699386,340.91427615897584,59.28759544536297,5.591456301644257,3.52990382628578,2.0615524753584773,361.0564439044168,314.34386216006317,13.832561615657319,0.0192716340366733,-0.0008303578842110415,0.0018872637453095642,0.009818731117962054,0
2021-12-31,348.57969588,353.8675510236,347.4403237773,349.9138324448,1974483,339.60494947068497,335.29091663719794,341.7713767576258,57.88274385640155,5.578925596490649,3.939708180326754,1.6392174161638948,360.2655388143582,318.94436012701175,12.167425342813894,0.017367365429520783,-0.004626166929909803,-0.0040467875160414835,-0.0034943701815030037,1
2022-01-03,350.3715289305,362.5735224754,349.8456648831,361.2393859106,4714310,341.98302355181,335.577999454198,343.62547286743285,64.23804071627086,6.408993547314594,4.433565253724322,1.975428293590272,361.0462457432768,322.9198013603432,11.148636557146977,0.018346532735601797,0.03236669264164238,0.02673752387273276,0.029530126835337178,1
2022-01-04,362.2521611131,372.3896513606,361.9161924161,365.5631569672,6854546,344.03097186983,335.90364563467597,345.71477611502974,66.32707040718066,7.331210931565636,5.013094389292585,2.3181165422730503,363.96661438617576,324.09532935348426,11.589446385012534,0.017214291505663185,0.011969268095450847,0.039890301670331585,0.040495592881986786,0
2022-01-05,364.2095439562,372.4870335916,362.7585487143,364.1121617252,5976597,345.70545933195,336.157618493134,347.4669080779031,64.95578106947312,7.854450447710349,5.581365600976139,2.2730848467342097,366.4637625798251,324.94715608407495,12.00924236949508,0.017093529864319876,-0.0039692053598556765,0.040576644773366644,0.034902709734425885,0
2022-01-06,359.5140309717,364.9015245873,357.3785357648,360.791427648,4781145,347.07611423333503,336.4141232896,348.73590994172184,61.80640473827858,7.909984667047468,6.047089414190405,1.8628952528570624,368.016936493146,326.1352919735241,12.066991303084997,0.017356481338216594,-0.009120085584249593,-0.0012400593071288935,0.02631651846307781,0
2022-01-07,357.2712734485,362.5368780682,355.0480181646,360.4501384597,4551189,348.32355804351,337.084493540238,349.85155075295785,61.47649966314754,7.836126759290039,6.404896883210332,1.4312298760797066,369.33001033374194,327.31710575327804,12.061459413323963,0.017383242717878587,-0.0009459459459025821,-0.013986689878484504,0.030111144624618724,0
2022-01-10,361.6787795376,361.6787795376,340.0898005967,354.8529957713,6009380,349.028212695555,337.69531257738794,350.32787884994286,56.18025819566217,7.242464574259714,6.572410421420209,0.670054152839505,369.91767942346144,328.13874596764856,11.970073460008566,0.01765348159959559,-0.015528202353640497,-0.025429433364788312,-0.017679108060715376,1
2022-01-11,354.482453224,358.8997104328,347.2276201924,357.1737622518,4130765,350.07337171409006,338.30405059310806,350.97986774535786,57.803505775149304,6.879941788714461,6.63391669487906,0.24602509383540117,370.38885736901057,329.75788605916955,11.606415852453043,0.01729809009508092,0.006540078590729026,-0.010027027027176394,-0.022949234777925764,1
2022-01-12,359.7578089634,362.8586650172,357.9343495858,358.1683764578,5783149,351.400031152715,338.961311268864,351.6644876227333,58.51281693928433,6.596852514036868,6.626503858710622,-0.029651344673753854,370.1294558805371,332.67060642489287,10.659887915423937,0.01683433312045744,0.0027846788065546413,-0.006330312457780152,-0.016324050367441112,1
2022-01-13,359.4360220144,368.2802875516,358.7241902788,360.323373904,3892898,352.55203199374,339.7701556988819,352.48914345904444,60.0786394916184,6.471789744524472,6.595561035873393,-0.12377129134892151,370.48390414085185,334.62015984662816,10.172610292843382,0.01656321703663872,0.006016716125282873,0.01541589953555178,-0.001297297297364497,1
2022-01-14,355.2527916776,365.4524628484,355.0870226433,362.8781672565,4029901,353.51187187354003,340.61159337206004,353.4785742968973,61.913864043269136,6.503854682632664,6.577219765225248,-0.07336508259258423,371.4967252832247,335.52701846385537,10.17496431696545,0.016185686309892037,0.007090279281134482,0.015970951977929637,0.006736101717634613,0
2022-01-18,361.5617661016,362.8781672565,356.1108902082,357.1835133715,4933026,354.36275398605,341.222279290332,353.83142563733566,55.760574441444035,6.000584399069169,6.4618926919940325,-0.46130829292486375,371.3224707800429,337.40303719205707,9.571952245670023,0.016461743497914426,-0.01569301875627782,-0.002749720944210776,0.006567557912634747,0
2022-01-19,353.3903278214,360.1088492714,350.7575255115,351.7521397175,4396093,355.540481225385,341.464132414282,353.63339840687513,50.595696565409106,5.104629618760839,6.190440077347395,-1.0858104585865558,367.6451819497273,343.4357805010427,6.80918284332797,0.014544688889402815,-0.015206115205969595,-0.023787616367023756,-0.015179229571957942,1
2022-01-20,352.8247628807,363.7870691206,352.6687449661,354.9407558483,5043173,356.20959716657,341.75261858819,353.75790863939176,53.3288175873924,4.598860868340807,5.872124235546078,-1.2732633672052707,366.4909072559482,345.92828707719184,5.772618240024814,0.011743364842224704,0.00906495162576948,-0.021873488471929603,-0.009011461708094859,0
2022-01-21,353.4780878984,358.9679682704,345.2968984985,346.2427571061,4867051,356.11563505216,341.96491654718193,353.0421799219354,45.87362410822368,3.456337179963384,5.38896682442954,-1.9326296444661555,366.72015080023465,345.5111193040853,5.955658614383185,0.012417681156541743,-0.02450549450544781,-0.030630630630537392,-0.03907772245064367,0
2022-01-24,334.0441064037,341.3866995123,322.3622650436,340.723623375,7474532,355.594773793135,341.807989861544,351.86898406032253,41.873508227225024,2.081536303910866,4.727480720325805,-2.645944416414939,367.9965346762936,343.1930129099764,6.97522112086678,0.012708579145602146,-0.015940069843565774,-0.03135308956857297,-0.06105229214806984,0
2022-01-25,334.7754403787,338.4028568945,325.0925785502,330.3289298109,6994447,354.56732445709497,341.51328451094605,349.8175503222823,35.58063881911255,0.1514855747801107,3.812281691216666,-3.6607961164365554,371.0841004861055,338.0505484280844,9.31658102127749,0.014270933686658304,-0.030507698471671896,-0.06934065934067879,-0.07518427518424975,1
2022-01-26,334.8144448573,345.9355968366,332.7569586078,336.0820904139,7438611,353.804648326915,341.155238125208,348.5094112833887,40.87663882670114,-0.9034471771460062,2.8691359175441318,-3.772583094690138,372.1548301961741,335.45446645765594,10.373058667281008,0.014959860507318337,0.01741646003059283,-0.029345499605891945,-0.04454855432062177,1
2022-01-27,340.3920853064,350.6795165542,326.0091837988,341.805997658,8417289,353.303335090035,340.953349479222,347.8709909381136,45.66292430080126,-1.263057761864843,2.0426971816623367,-3.30575494352718,372.3752877197873,334.23138246028265,10.796361503291262,0.015549485127502443,0.01703127720090869,0.0031766928053849064,-0.03700549450543711,1
2022-01-28,350.1139516135,373.2436074617,346.5352906961,372.9900783504,8813402,354.375833222425,341.21543558823794,350.263284977379,63.16051010685891,0.9572088467874664,1.8255995146873627,-0.8683906678998963,375.25716822892934,333.49449821592066,11.784852717876005,0.02589228080682862,0.09123327532596948,0.1291474790413356,0.07725019713871961,1
2022-01-31,369.2553995182,376.9295306955,366.924881918,376.7637616612,6345160,355.71832968324503,341.755355639496,352.7871398996476,64.64425439243843,2.986860170703892,2.0578516458906684,0.9290085248132236,378.6330180388097,332.80364132768034,12.883614052708184,0.025865397339657186,0.010117382552076615,0.12104682875900563,0.10577528475779996,1
2022-02-01,376.1591922419,385.6567827967,372.9023182734,382.3023976315,5841117,356.77148026929,342.61931549606,355.5981168264907,66.76029806218848,4.984833049799647,2.643247926672464,2.341585123127183,382.38187970325976,331.16108083532026,14.356752627558174,0.02513747988861183,0.014700553858681742,0.1184777337172982,0.15733852875178922,1
2022-02-02,379.601337484,389.9667776891,373.2241052223,386.875672755,6115014,357.83710605868,343.7402906478,358.5769316768249,68.4399213704045,6.8582088703412865,3.486240115406229,3.3719687549350574,386.4228383579696,329.25137375939033,15.976952538064628,0.025137353801693022,0.011962454726502036,0.03722778489446954,0.15113445134355552,0
2022-02-03,378.8700035091,383.1604961622,376.8710239775,380.361924818,4209203,358.64959421332003,345.08974697982006,360.65169292836543,63.51689318432783,7.7281820125965055,4.334628494844285,3.3935535177522205,388.78432119707406,328.514867229566,16.8045509990625,0.02549072677816673,-0.016836798991817226,0.009550183756885655,0.11280061620971837,0
2022-02-04,377.9241449014,378.4897098421,367.0424804212,372.6877936407,6045366,359.24441251295497,346.13575205254807,361.79798823430207,58.20481244041849,7.709533047084847,5.009609405292398,2.6999236417924486,389.9882452877941,328.50057973811585,17.11583072915877,0.025872626464906876,-0.020175865870307508,-0.025149211855237885,-0.0008104363285931226,0
2022-02-07,372.6877936407,372.882816034,364.0190482575,366.7688640033,4767606,359.560348790135,346.84913762431796,362.27140497420663,54.424167787355834,7.13489878055708,5.434667280345335,1.7002315002117454,390.4766343011193,328.64406327915066,17.196715719635296,0.026173836330975787,-0.015881737310415756,-0.05197227473238719,-0.02652828821389619,0
2022-02-08,368.1437718763,370.3181740506,361.31798811,365.0526669421,5825322,360.070332348675,347.83651139822405,362.53628706638693,53.342267836274736,6.466472751693914,5.6410283746150505,0.8254443770788633,390.9956885167852,329.14497618056475,17.177397519195544,0.025920440904289986,-0.00467923324370445,-0.040249186043596064,-0.04512064479916489,1
2022-02-09,376.0031743272,378.7822434321,371.1276144941,371.8784507084,5492834,360.80556677150497,348.98299352504995,363.42601693705484,57.003276230652006,6.413592114976723,5.795541122687385,0.618050992289338,392.1172847644969,329.49384877851304,17.356560361953267,0.026180533621559636,0.01869807944008972,-0.0021716378859466534,-0.038764965343523694,0
2022-02-10,362.4686202306,370.5425473142,361.3357351478,365.0721691814,3994988,361.150756407685,350.15091447110007,363.5827933412782,52.573459859650185,5.756120814939322,5.787657061137773,-0.03153624619845097,392.4907769055665,329.81073590980344,17.35564439051229,0.026582972171127678,-0.018302435954636653,-0.004626060138749222,-0.04019791319521793,0
2022-02-11,368.4558077056,371.4201480841,358.4901634068,360.5671518957,4345551,361.16294530727,351.397011566612,363.2955893940803,49.8140934451857,4.816036556336314,5.593332960177482,-0.7772964038411674,392.5018587698383,329.82403184470166,17.354445615070404,0.0267273372225113,-0.01234007318553354,-0.0122873093462742,-0.032522239664992236,1
2022-02-14,359.6407955274,367.8999938846,357.6320648762,364.8478934291,3678394,361.2614316159,352.45761136167596,363.44342787360597,52.372154910730615,4.366103352900495,5.347887038722084,-0.9817836858215889,392.63364974065945,329.88921349114054,17.368152467554296,0.026811947679856493,0.011872244908871288,-0.018905524818411346,-0.005237550846689976,1
2022-02-15,365.2574404551,373.5361410517,364.1068083345,372.0442197427,5800709,362.00446693446,353.62493767076796,364.2625509087578,56.39592200483569,4.537901337015455,5.185889898380759,-0.6479885613653034,393.65783144196337,330.3511024269567,17.487830896425983,0.026848682755698808,0.019724182167981885,0.01909773231121248,0.019152175654996384,1
2022-02-16,370.5035428355,375.4181071472,367.4026867816,373.3996253763,3424788,363.0868412174,354.600846366158,365.1327484770952,57.130542452160114,4.728910448195961,5.0944940083437995,-0.3655835601478383,394.7443400573526,331.42934237744737,17.437976399148837,0.026528072935612018,0.0036431304712578605,0.035589690888736314,0.004090515772027903,0
2022-02-17,369.1773905609,371.8004417511,362.9074206155,364.3993419245,3972495,363.55977052121,355.276384954992,365.0629002339909,50.98765539423886,4.106699414382433,4.896935089551526,-0.7902356751690931,394.99820837281277,332.1213326696072,17.294783637106878,0.02717848184967994,-0.024103622071740993,-0.0012294205686216308,-0.001842997943142799,0
2022-02-18,365.1891826174,365.4817162074,359.8163156814,360.7426720497,4083825,364.28476626839,355.82367180358,364.65144993072505,48.69669329348025,3.2807119828991063,4.573690468221042,-1.2929784853219362,394.74595989653255,333.82357264024745,16.723836102276096,0.026632488650227847,-0.01003478726247986,-0.030376893641341884,0.00048678908513211105,0
2022-02-22,355.9158678149,365.0039113438,354.7444658094,359.1239861851,3648744,365.204784408895,356.296126282158,364.1250248120941,47.675496157913855,2.467057863815569,4.152363947339948,-1.6853060835243792,393.819462863507,336.59010595428305,15.67048389079923,0.0263393609918787,-0.0044870928504320284,-0.03823153056678463,-0.015688475518393807,0
2022-02-23,362.7123982222,364.2627287379,351.1670725375,352.2396957008,3802450,366.30032270338995,356.525722141566,362.9930887062566,43.497608194343016,1.2522907761699003,3.5723493131059385,-2.3200585369360383,390.88390797274553,341.71673743403437,13.422639154627241,0.025695438271941796,-0.019169676070458053,-0.03336901257692004,-0.053231640194804086,1
2022-02-24,337.3302337312,361.31798811,332.8202433744,360.1868582287,7424971,367.50556109413003,357.00404766851796,362.725828660775,49.04842359385984,0.9202407436170574,3.0419275992081625,-2.121686855591105,388.0819758308614,346.9291463573987,11.197879387442015,0.02586708602957285,0.02256180272949848,-0.0015407487499107253,-0.03538505732105279,0
2022-02-25,358.0806163808,363.3169676415,352.6979983251,359.9040757584,3817947,368.41046499915,357.56942542997996,362.45709028912023,48.86447002519435,0.6270423644293714,2.5589505522524045,-1.931908187823033,385.7187417131683,351.1021882851317,9.396191671188397,0.025692790318592194,-0.0007850993556250963,0.0021722012544656,-0.012336098474709623,0
2022-02-28,353.1758031887,356.2669081229,346.8034464869,351.8398997945,4952437,367.352956071355,357.8605562842,361.4459292896326,43.817580982857855,-0.25311333563769267,1.9965377746743853,-2.2496511103120778,385.94933466586843,348.7565774768415,10.124529168564129,0.01577973433652442,-0.022406459129163503,-0.0011350109348253756,-0.024679010677099544,0
2022-03-01,348.9438172536,352.5809848891,332.7277052488,335.9065702599,5894169,365.31009650129,357.70506029618804,359.013609382039,35.92292095398386,-2.2108443645399234,1.1550613468315236,-3.365905711371447,387.8754367311435,342.7447562714365,12.354074221309585,0.018087696457757964,-0.045285738041382584,-0.06741025502208431,-0.0646501398356425,0
2022-03-02,334.4244000707,339.6510002118,330.2606719732,335.526276593,4997890,362.97129044936503,357.61226840562193,356.7767205449877,35.75732592112237,-3.7498212254036503,0.1740848323844888,-3.9239060577881393,387.60829616882876,338.3342847299013,13.575181491055488,0.017490618412122315,-0.0011321411980890206,-0.06773415698066332,-0.047448993715906274,0
2022-03-03,338.9781729548,340.8016323324,332.2206470261,332.5034294965,3975906,360.25267828644,357.69838509693597,354.4649785403698,34.39990458482872,-5.153978121522982,-0.8915277583970056,-4.262450363125977,385.72409077136297,334.78126580151707,14.140859469014364,0.016954916700847377,-0.009009270830274585,-0.05495815087854983,-0.07685851968153268,0
2022-03-04,328.515221553,330.3971876486,315.9362771836,322.528034078,4671397,357.36098374944,357.317777038004,351.4233647820489,30.310655293597904,-6.991124291508015,-2.1114470650192074,-4.879677226488807,385.98088349966747,328.7410839992125,16.01736118473081,0.017584120880081742,-0.03000087979124133,-0.03982814677173063,-0.10385000948277712,0
2022-03-07,321.3774019574,321.59192659,304.3421959006,305.1320365935,6874263,353.98319589708,356.457977781988,347.01466685932996,24.77880303906106,-9.738527793347998,-3.6368632106849654,-6.101664582663033,389.64902299425916,318.31736879990086,20.151141359573984,0.0202294280497826,-0.05393638892268504,-0.09058676509073771,-0.13275317332764358,1
2022-03-08,303.6401152846,316.6481089193,297.9990925577,306.5069444665,5048201,350.97009992024,355.5652997002081,343.1567885362033,25.92941782579507,-11.670392270238665,-5.243569022595706,-6.426823247642959,391.63753727813986,310.3026625623401,23.174303091426754,0.02041713523871359,0.004505944011482743,-0.07818411097102285,-0.08752322340897567,1
2022-03-09,315.107432012,321.2506374017,313.1182036001,319.9634896058,4016060,348.715641053425,354.94701116168994,340.94790292378394,36.213451115506025,-11.977508789223236,-6.590356975921212,-5.387151813302024,390.97825289868746,306.4530292081625,24.239011314544186,0.023571235305352656,0.0439029045907009,-0.007951384689802832,-0.046383213694103365,0
2022-03-10,313.9275465324,318.0035145529,311.7920513255,316.5115932439,3771285,345.9472981802,354.250530766218,338.62063533522354,34.875776574681666,-12.356996269841602,-7.74368483470529,-4.613311435136312,389.0238632680697,302.8707330923303,24.90354184840699,0.02283577177141355,-0.010788407034042602,0.03729387702924147,-0.048095252060455396,1
2022-03-11,321.8162023423,322.732807591,315.9655305426,316.7066156373,2987773,343.52902050299497,353.548017831052,336.5335858401832,35.02181244970342,-12.497937708803136,-8.69453540952486,-3.8034022992782752,387.4613497950506,299.59669121093935,25.577070157117976,0.02276863257032404,0.0006161619275970587,0.033277129131783045,-0.01804934091184207,1
2022-03-14,320.9093482134,328.4957193137,319.1151421948,320.4120411104,4122885,341.52126496373,352.92545633920804,334.9982006278229,37.87243437125963,-12.17034577613191,-9.38969748284627,-2.7806482932856404,385.824138355648,297.218391571812,25.944430368997978,0.023094803643450238,0.011699867606629333,0.0014018833997360147,0.0500766969194264,1
2022-03-15,324.1467199426,329.9583872636,322.9668344629,326.6625088164,3738901,339.611995733095,352.46042986664,334.2043252172112,42.45822671718087,-11.276379222407968,-9.76703383075861,-1.509345391649358,383.01123031778536,296.21276114840464,25.558128175659807,0.023459589448888173,0.019507593049058913,0.03207122831888776,0.0657589157889471,1
2022-03-16,333.4785414631,342.2057935643,328.3006969203,336.1015926533,4340750,337.814864378625,351.957674001494,334.38501735398154,48.62532851568804,-9.694496981391069,-9.752526460885102,0.058029479494033254,378.5907100869703,297.03901867027963,24.140942278160693,0.024055501019051965,0.028895522388230788,0.061239570183818204,0.050437326669309446,1
2022-03-17,333.0982477961,338.2468389798,331.2942906579,337.8177897145,3244218,336.035772595535,351.40276665644,334.7119480549833,49.681293073323744,-8.207747346294752,-9.443570637967033,1.2358232916722809,373.4089432076108,298.6626019834592,22.243566703274485,0.0240847038130602,0.005106185447238731,0.054323016525158474,0.0673156905636052,1
2022-03-18,338.067418378,343.9609951042,333.9660974464,341.3769483927,6748162,334.884652918945,350.94806238979,335.3467099919087,51.88981731224469,-6.665457938812551,-8.887948098136137,2.222490159323586,370.0451534034863,299.72415243440366,20.998573794333613,0.02386167280862022,0.010535734903741822,0.04504477611959512,0.0778964869608314,0
2022-03-21,337.4082426885,341.2891883157,333.9670725583,336.9791934232,6051981,333.69647898762,350.47181770529403,335.5021846044126,49.02648461619414,-5.731969962553649,-8.25675247101964,2.524782508465991,366.8289970698696,300.56396090537044,19.85787694420281,0.023914388496919684,-0.012882401668319665,0.002611117558152465,0.05170577315192615,1
2022-03-22,338.1493277832,345.1165027846,336.9109355856,340.8308856914,4658225,332.781823962935,350.079432649928,336.0096799460305,51.548248326001264,-4.628025641097793,-7.531007105035271,2.9029814639374782,364.0113885862414,301.55225933962856,18.768792268405114,0.024130643058984307,0.011430059610127996,0.008919293384301863,0.04337313432856571,0
2022-03-23,334.853449336,338.1005721848,333.2445145911,333.6638127367,2528000,331.85302981473,349.655648989236,335.78626402133233,46.89884834051762,-4.282103281459229,-6.881226340320063,2.599123058860834,361.7907802079756,301.9152794214844,18.04277659297523,0.024202371574020498,-0.021028237919697657,-0.022594190065602482,-0.007253104328829085,1
2022-03-24,333.7320705744,340.752876734,332.2206470261,340.6553655374,2482921,330.876455180165,349.325281054948,336.2499879752435,51.49491934003031,-3.4045518841770672,-6.185891449091464,2.781339564914397,358.2148743527731,303.5380360075569,16.524850133396225,0.024117524448176858,0.02095388392093067,0.010909196134205157,0.008399722895878536,0
2022-03-25,341.688984222,342.7908607443,337.0474512609,340.3335785884,1992649,329.897930321665,348.96858509756,336.63890136697273,51.27494730171508,-2.7038829177458865,-5.489489742822349,2.7856068250764627,354.2480022847483,305.5478583585817,14.762185345837658,0.02411695209438996,-0.0009446114212596779,-0.00145910222306056,-0.003056356936848026,1
2022-03-28,339.8362714854,341.835251017,334.9753383318,341.7669931793,3134618,329.394284990905,348.597457483066,337.12729106338486,52.253386292524844,-2.009765806678274,-4.793544955593535,2.7837791489152606,352.2808814151198,306.50768856669026,13.896170921633741,0.023692069017041455,0.004211793020381327,0.02428546379104768,0.014207998148084933,1
2022-03-29,349.7921646646,361.5325127426,348.2124832786,358.4024033298,5512630,330.5190766444,348.507942204532,339.15349223161485,61.8324329070386,-0.11599727965744933,-3.858035420406318,3.7420381407488685,356.5680283480197,304.4701249407803,15.76244976119508,0.023801940558707893,0.04867471254537614,0.05209675110915457,0.05155494521206583,0
2022-03-30,354.950506968,359.1187205805,350.6697654345,353.224558787,2614256,331.4039907541,348.428763112842,340.4935938083182,57.93632621511488,0.9559989791771386,-2.8952285404896267,3.8512275196667654,359.2160199237213,303.59196158447867,16.784365877028744,0.024122835704425884,-0.014447014011888193,0.037877485530719124,0.05862411596230155,0
2022-03-31,350.6307609558,355.0577692843,348.46601239,348.4855146293,4095825,332.20309501073996,348.363430611078,341.2547291246022,54.54848071163276,1.4069441040979314,-2.034794011572115,3.4417381156700464,360.9966469720749,303.409543049405,17.33490891191371,0.024256632725932967,-0.01341651943447597,0.019658192815814823,0.02298554458271207,1
2022-04-01,350.2797206479,358.7295533946,349.2558530829,354.9115024893,3806911,333.822268431305,348.362845543898,342.5553742069544,58.12424682308921,2.2568295542883448,-1.1764692984000233,3.433298852688368,363.87213927160434,303.7723975910057,18.00351485328372,0.02322336567125524,0.01843975600201242,-0.0097401714052896,0.04283422153454497,1
2022-04-04,355.1845338399,360.557400776,354.1119106767,357.7783316711,3028641,336.454583185185,348.59355703519805,344.0051796797302,59.649412966269004,3.125668294104969,-0.31604177989902493,3.4417100740039936,365.1849003827574,307.7242659876126,17.07827364132483,0.01861582306958885,0.008077588812119174,0.01289200530036183,0.04684869753762322,0
2022-04-05,354.2679285913,358.4804122871,352.9222740774,354.277679711,2147941,338.84311994740995,348.86463816191804,344.9835130160416,56.923105028927345,3.491507967581697,0.4454681695971195,3.0460397979845775,365.04943666311544,312.63680323170445,15.46811203944341,0.019032733712751545,-0.009784415796644907,0.016620963680115786,-0.011508638280543049,0
2022-04-06,347.5981627397,348.1978565991,340.8796412897,344.7508357972,3864524,340.08248725698,349.153076281644,344.96135328091384,50.198807342474566,2.9783690751297627,0.9520483507036481,2.0263207244261148,364.9082610301569,315.25671348380314,14.599854272659163,0.018468822767812327,-0.02689089507860465,-0.028628733137231355,-0.02398962014107786,0
2022-04-07,342.9198533701,344.5993970451,337.6712793856,341.3281927943,2848450,341.3233172345,349.257998329252,344.6153379964744,48.0047894981665,2.2693643007536934,1.2155115407136572,1.0538527600400363,363.66953290620796,318.97710156279203,13.093869972179723,0.01843377556940535,-0.009927874416853943,-0.045978577852843094,-0.020538362527388165,1
2022-04-08,339.1311153125,347.5190688988,337.5150427647,343.9842153502,2235107,342.687197220145,349.301562683096,344.5552310777816,49.83703960134195,1.8998909714339334,1.3523874268577125,0.5475035445762209,361.9779296229553,323.3964648173347,11.25850779328519,0.01843537780357561,0.007781433271469185,-0.029054792187859224,-0.030788765826008868,0
2022-04-11,342.3925547744,343.232326612,337.6850477378,339.1994688341,1809207,343.62656860633,348.62575049277,344.0451584831453,46.647956083735934,1.207077205338578,1.3233253825538858,-0.11624817721530767,360.1128967647882,327.1402404478718,9.595490957129972,0.018780484526688714,-0.013909785108100814,-0.016102548236795577,-0.05192841821980221,0
2022-04-12,341.7676082907,346.1422336768,336.3774448685,337.6663969912,4038522,344.17676301507,347.84380319937003,343.4376573886743,45.64021357116565,0.5282222022082124,1.1643047464847511,-0.6360825442765388,359.0137783761134,329.33974765402655,8.62174147439104,0.018435554701652947,-0.004519676425701724,-0.010728078958619047,-0.046887748427591025,1
2022-04-13,336.3090913469,348.6029604565,334.8053138704,346.7867097382,3048528,344.711018869315,347.13348944150397,343.7566147552958,52.2491286125208,0.7178824365281571,1.0750202844934322,-0.35713784796527515,359.1094908944243,330.3125468442057,8.353937783792151,0.01829406198078807,0.02700983227311693,0.008147159849026364,0.005905348818929568,1
2022-04-14,348.7787266551,354.4130097975,348.476018202,349.4036731388,3359062,345.29031304053,346.38404944917994,344.2944298394391,53.978106778086,1.0670562539318098,1.0734274783811077,-0.006371224449297941,359.46333490931545,331.11729117174457,8.20933651105458,0.018325918427346925,0.0075463197611456145,0.030083196591592642,0.023658990130260626,0
2022-04-18,345.6637590252,352.2745210484,344.911870287,348.4076646804,1871358,345.641848854915,345.74496424642797,344.6861664909592,53.188741564273634,1.2490116326641783,1.1085443092377218,0.1404673234264564,359.75783025380593,331.52586745602406,8.167981652485718,0.018236053719117053,-0.0028505952712304383,0.031810294968379615,0.012859454395884429,1
2022-04-19,348.4174294692,356.0925534725,347.6948350973,355.3113703678,2999255,346.55845770214495,345.39743578097,345.6980906697059,57.79576377748998,1.9280584755927634,1.2724471425087303,0.6556113330840332,360.6861557867752,332.4307596175147,8.153139980079507,0.018374505950517105,0.01981502242131472,0.024581855042932643,0.047499784091879604,1
2022-04-20,358.0357464453,363.1427309921,355.3113703678,356.6979703786,3351394,347.351811936505,345.19601790847605,346.74569826102913,58.675457827444006,2.54871502318656,1.5277007186442964,1.0210143045422635,361.88023706248845,332.8233868105215,8.365250807235874,0.01826543680044996,0.003902492648531597,0.020876418310869838,0.05636205899367597,0
2022-04-21,360.7894168893,366.3944056653,354.9110140267,355.8679633299,3605298,348.46201946616503,345.01232383623204,347.6144854104454,57.897509490678914,2.9397278241322624,1.8101061397418898,1.1296216843903726,361.99633127349136,334.9277076588387,7.768026959185138,0.01746210259267441,-0.002326918338837247,0.021412556053677756,0.026186855887746496,0
2022-04-22,352.0206365394,353.5781203544,342.363260408,342.9198533701,2968820,348.5752438578,344.43315188946605,347.16737759707917,47.35052415327159,2.1796780523064285,1.8840205222547977,0.29565753005163087,361.88240993255323,335.26807778304675,7.635175652452158,0.019057245577903916,-0.03638459005593808,-0.03487509275279588,-0.018556816276296906,1
2022-04-25,341.0645434965,346.7085914277,338.9846434803,346.2594111425,3380449,348.871535485505,344.05689672868795,347.080904601405,49.88619625757341,1.8257612949443,1.8723686767926984,-0.0466073818483983,361.686258306423,336.05681266458697,7.346384853716699,0.0191639627356332,0.00973859559188539,-0.029264420049882722,-0.0061659192827189235,0
2022-04-26,339.7560617962,341.8261970236,335.4986138758,336.0161476826,3084410,348.58399321067,343.565876644426,346.02711822818543,43.03923800135545,0.7105432598115726,1.6400035933964732,-0.9294603335849005,362.25307121813523,334.9149152032047,7.842630914612436,0.0203240440649798,-0.029582628313558068,-0.05578421688073343,-0.05430510896745755,1
2022-04-27,348.6029604565,364.9492169216,347.6264815757,353.0654689419,5702321,348.31714649127497,343.33022815468206,346.69743734377727,54.28584293810785,1.188759392460156,1.5497547532092097,-0.3609953607490537,361.4051316066392,335.22916137591073,7.514981818841971,0.020591297827837484,0.05073958908488163,0.029585967310123307,-0.010183689671248941,1
2022-04-28,360.447649281,372.9856381109,360.1156464615,369.9194944251,6844252,349.15189327318,343.28773364833,348.9090618277128,62.22586052301768,2.894363701400664,1.8186765428475007,1.0756871585531633,365.1838580243625,333.1199285219975,9.183375522262413,0.022942797283982547,0.04773626130504849,0.0683305132545926,0.03948523762498346,0
2022-04-29,363.298967613,368.2497155388,353.2412351405,354.8328957162,4741764,349.46926232752503,342.916399055128,349.4732364837592,53.30140409466625,2.9941898162264238,2.0537791975232853,0.9404106187031385,365.68613462056146,333.2523900344886,9.280857598192922,0.024694988954907824,-0.0407834648788824,0.05599953503238875,0.03474001936319149,0
2022-05-02,354.4618337415,356.3464379815,342.3437308304,350.5949773734,3903942,349.25343607173,342.640311764106,349.58006894943924,51.08499390860412,2.700211778373898,2.183065713693408,0.5171460646804902,365.28872448058326,333.21814766287673,9.182608817947274,0.024511932671840042,-0.01194342011116567,-0.006997261940975941,0.012521150592252672,0
2022-05-03,353.0849985195,354.8914844491,345.1266956408,349.3743787724,2686874,348.833238426795,342.41294589856005,349.56047940876886,50.434498609621,2.3417457716761305,2.2148017252899526,0.12694404638617796,364.3861277578229,333.28034909576706,8.917091387948,0.02443947990909674,-0.0034815062387503204,-0.05553942401610823,0.03975472959239501,1
2022-05-04,350.9172154041,360.5550619579,345.3415209945,359.8519971637,3345697,349.11195429943,342.427506118132,350.54062395685753,55.65454458533286,2.87003118486075,2.3458476172041123,0.5241835676566375,365.2344806843848,332.98942791447524,9.236307256970427,0.025282693246256177,0.02998965873832904,0.014144972205492268,0.019221727466405936,0
2022-05-05,353.5830027488,359.1196380031,340.8204237763,345.0583421191,3424834,349.127329615525,342.283879046498,350.0185018770711,47.972378835812144,2.0711024744263113,2.290898588648552,-0.21979611422224066,365.2337691617372,333.0208900693128,9.226685040067952,0.026290590037839387,-0.0411103874959744,-0.015792112299439,-0.06720692658989835,0
2022-05-06,338.1058124876,342.9979716806,332.7644730094,338.9553491139,3635374,349.00868743150505,341.859248864202,348.9648682805786,45.20047531846229,0.9347104248172968,2.0196609558823013,-1.0849505310650045,365.3760214055621,332.641353457448,9.37932754311121,0.02650693100946682,-0.017686843818120135,-0.029821962603867602,-0.044746546315139524,0
2022-05-09,332.9792983632,334.3366040076,317.248223593,320.2753081236,5777431,347.823242070175,341.066673511506,346.23252921800923,37.96887772533315,-1.4564229172628416,1.3244441812532728,-2.780867098516114,368.37417518647766,327.27230895387237,11.816883192731781,0.029133606693543486,-0.05511062456790716,-0.10998046239019821,-0.08648061497329484,0
2022-05-10,324.4936968888,325.8314729555,315.4515024523,317.6778743006,5003484,346.7471623435,340.383433001628,343.5130382734941,37.08051893686732,-3.520423271812774,0.3554706906400634,-3.8758939624528375,370.9253303523718,322.5689943346282,13.945704902363445,0.029049724944840347,-0.00811000335373202,-0.07935025610552948,-0.09072360882092234,1
2022-05-11,317.8243461327,323.2145095549,311.0573474886,318.2051728963,4263948,345.774101138755,340.029405054356,341.10276538042797,37.400722947193486,-5.055335077323775,-0.7266904629527045,-4.328644614371071,372.7413662629128,318.8068360145972,15.598198381744128,0.029064122066961805,0.0016598530724269978,-0.0612180225857043,-0.11573320308252866,0
2022-05-12,314.2016094849,317.9268764152,305.4132995574,313.684075678,3891535,344.11896943574504,339.59256103605605,338.4914615992443,35.72210968891831,-6.560947978516424,-1.8935419660654484,-4.667406012450975,374.4838243841656,313.7541144873245,17.647882067187442,0.028308415041961767,-0.014208119802544439,-0.0205798957285096,-0.0909245267000991,1
2022-05-13,319.9628348818,327.3450152208,318.41999825,324.9721715404,3533466,342.897394355825,339.441935876934,337.20391016506863,42.64380546849405,-6.765315704347529,-2.8678967137218647,-3.897418990625664,374.26281781252817,311.5319708991218,18.294349256066525,0.02963502473830897,0.035985555970610816,0.022961300832987197,-0.04125374510257762,0
2022-05-16,320.8123715081,325.704530701,317.3849306364,321.9743813763,2062291,341.57573019062,339.4308628229,335.75347885185255,41.36971960996971,-7.087475209706383,-3.7118124129187686,-3.3756627967876147,374.10701486513364,309.04444551610635,19.04777289437936,0.029665322289247772,-0.009224759615231504,0.011845214349260003,0.005305039787969923,1
2022-05-17,332.1102321593,333.1550645618,324.7085222426,330.8896335583,2802317,340.354643350145,339.946014762196,335.29025549056183,46.49001113000679,-6.54792222406212,-4.27903437514744,-2.26888784891468,372.56372965072137,308.14555704956865,18.92677942251005,0.03004118488713654,0.027689321566179093,0.05484995641908719,0.04158854086639496,0
2022-05-18,325.7728842227,333.5603032973,325.7142954898,327.999256071,4521381,338.919707634765,340.375860994286,334.59587459346074,45.114406643882766,-6.281146753110534,-4.679456850740058,-1.6016899023704756,370.6419290194758,307.1974862500542,18.71960860942089,0.0300184774226413,-0.0087351708671487,0.009314903846231903,0.030779145057744817,0
2022-05-19,322.2380306741,328.3019645241,316.7990433079,324.4058137895,4380699,337.346600157745,340.46470747796,333.6253926121311,43.395244406487585,-6.287210976352355,-5.0010076758625175,-1.2862033004898379,368.66883841959907,306.02436189589093,18.569766671552422,0.030058815176793548,-0.01095564156012041,0.007551633154186499,0.03418005229728638,1
2022-05-20,327.8039602948,331.6219927189,319.9823644594,328.2726701576,3428726,336.61424099712,340.699929016234,333.11560952122335,45.789217895890225,-5.911845845809069,-5.183175309851828,-0.7286705359572405,368.06566736902636,305.1628146252137,18.686925590991514,0.029265912436748982,0.011919812172691557,-0.007908870920366629,0.010156249999977884,1
2022-05-23,331.055634968,343.0370308358,330.9872814463,340.2345364478,3420837,336.312997262385,341.17048743244396,333.7936025618497,52.48393825880488,-4.596161941512037,-5.06577263618387,0.46961069467183325,367.5034553558461,305.12253916892394,18.548470232999573,0.030405502328161263,0.036438812540980914,0.03730276868113225,0.056713068267872035,0
2022-05-24,335.8013223288,335.9087350057,328.0773743815,332.6765899102,2561500,336.146019373765,341.41577840843996,333.68722040454975,48.41556035904275,-4.115890664033543,-4.875796241753806,0.7599055777202626,367.3767769273435,304.9152618201865,18.581661393320033,0.03007663360704737,-0.022213931062108894,0.025495153813940963,0.005400460367052107,1
2022-05-25,332.5691772333,339.56076602,331.2314011665,336.6508589552,3033400,335.32528887443,341.61554541121603,333.96947169508786,50.58473314622278,-3.3756693044246617,-4.575770854287978,1.2001015498633159,365.5819119679463,305.06866578091365,18.04613257477673,0.02779150462240437,0.011946344183919821,0.025522041763567316,0.026376897886400297,1
2022-05-26,339.814650529,344.9411646534,337.8714575562,341.6601956138,2817394,333.91232393386497,341.726717470426,334.7019215921081,53.25304390193428,-2.3576494253621263,-4.132146568502807,1.7744971431406809,359.91524220226194,307.909405665468,15.574698149534088,0.02557917984175912,0.014879916463443887,0.0041902247222886935,0.05318764674019083,1
2022-05-27,345.0778716967,349.3743787724,343.8279787293,349.3646139836,2658928,333.63890984723497,341.957653955808,336.09836848653583,57.09074022395651,-0.9185902265073764,-3.4894353001037213,2.570845073596345,358.859404018407,308.4184156760629,15.118436984894773,0.024643699961603587,0.02254994426833612,0.05016290469342799,0.06425129394985585,1
2022-05-31,344.7849280325,352.4839757684,342.8807942149,349.4524970828,3873789,333.581785832705,342.11916492960995,337.3701902576086,57.133969774848296,0.22635668907298623,-2.74627690226838,2.972633591341366,358.6531347530756,308.5104369123344,15.031605432404616,0.024495718314021236,0.00025155123238707056,0.03802645318455444,0.027092959848343368,0
2022-06-01,349.7747351135,355.8679633299,346.5066555952,348.6615491894,2189987,333.546144353555,342.35281204493396,338.4455577749221,56.58147124073297,1.0577197489393484,-1.9854775720268345,3.0431973209661827,358.5294609799325,308.56282772717753,14.980425976620165,0.024487795703628062,-0.0022633917342207432,0.0204921546773158,0.04804954650856197,1
2022-06-02,352.0108717506,356.4636154472,349.3450844059,354.539952052,2484201,333.28054209797,342.62699337214605,339.9783572298819,59.70058774985916,2.1659512093960416,-1.1551918157422594,3.321143025138301,357.2311651659237,309.3299190300163,14.372650090633407,0.02381341447256128,0.016859911499466085,0.01481357258649818,0.05313841512930928,0
2022-06-03,351.024628081,352.4600520358,347.4018914331,349.4036731388,2076562,333.497808648955,342.941790580188,340.8760063640646,55.92050330406676,2.599808865288935,-0.40419167953602053,3.0040005448249554,357.94553415810816,309.05008313980187,14.661400989826115,0.022105008089932817,-0.014487165363091914,-0.00013971553904346123,0.022664265912184067,1
2022-06-06,353.4853548607,359.6469365987,350.0920907498,351.6691041423,2196186,334.133496400375,343.162065352286,341.9039204381823,57.20750013423284,3.0908165234296803,0.2948099610571196,2.7960065623725607,359.7490606787131,308.51793212203694,15.332532987141315,0.021694604612455325,0.006483706891656116,0.008626001232118208,0.006596232321365525,1
2022-06-07,348.5346069349,355.9070224851,347.9487196064,355.4578421999,2158826,335.89262310418997,343.464550624516,343.1947701297745,59.345360746743836,3.742521667326457,0.9843523023109871,2.75816936501547,362.28039857977745,309.5048476286025,15.712030369540036,0.017063108970003765,0.010773588049028504,0.002588961110271182,0.017185011316937615,0
2022-06-08,356.4147915032,358.4849267305,352.4844640078,353.8075928913,1709731,337.699109033725,343.705362618756,344.20551515468173,57.986489810079505,4.078823226476061,1.603246487144002,2.475576739332059,363.79690477579163,311.60131329165836,15.456241988166056,0.016936165079484332,-0.004642602054822587,0.012604102621298185,0.014759424186188586,0
2022-06-09,351.2980421676,353.6904154256,340.732540677,340.7911294099,2251036,338.828406859405,343.353137140358,343.8803355599406,48.544571547250506,3.257474674855075,1.9340921246862168,1.3233825501688583,363.36212033807817,314.2946933807318,14.481497408128066,0.019401995858792473,-0.03678966687806218,-0.030932415171730065,-0.0387793323785508,0
2022-06-10,333.3015363939,336.2114434588,326.7298335259,326.876305358,3302379,339.48801834340503,342.826172071778,342.26090411213676,40.88110239576961,1.4668313020675896,1.8406399601624914,-0.3738086580949018,361.89975222907924,317.0762844577308,13.203254709863657,0.021489947936335015,-0.040830945558924414,-0.08040766990822645,-0.06447375775540576,0
2022-06-13,314.4261996274,323.1168616668,310.4421657937,312.2193573568,4825094,338.85037763422497,342.10084892632796,339.3998044211523,34.67217794681706,-1.1220256687540768,1.2481068343791777,-2.3701325031332545,363.4924856159922,314.2082696524577,14.544536236797349,0.022398738543333855,-0.04483943241204802,-0.11754477962059195,-0.1121785972120456,1
2022-06-14,312.5708897539,316.3790597412,312.1412390463,314.5629066708,2788401,338.47980389895,341.293877009958,337.0343855877854,36.33710568508898,-2.950595992141359,0.40836626907507034,-3.3589622612164294,364.31970686765936,312.6399009302407,15.268209607225842,0.022417675213980373,0.007506098705218234,-0.07696275071629877,-0.11504862370177171,1
2022-06-15,319.7089503727,322.853212369,311.9166489037,317.7364630335,2357895,337.82214537271,340.49303963720604,335.196488201663,38.61845519741957,-4.096450342019864,-0.4925970531439165,-3.6038532888759476,365.0343784191874,310.6099123262326,16.110390286258415,0.021564588875861736,0.010088781275222836,-0.027961165048319803,-0.10195125990097698,0
2022-06-16,308.6552094417,309.0067418388,297.9041769638,301.5171488229,4528529,336.498040010305,339.43782901944394,331.98893207035223,32.256462829812136,-6.241364708815581,-1.6423505842782498,-4.599014124537332,367.76791898964234,305.2281610309676,18.585474660345568,0.024195420909688414,-0.05104643658379848,-0.034277850753723915,-0.11524355300856925,1
2022-06-17,299.779016415,306.7461932297,296.5078121642,303.3822234853,6235394,335.446860495095,338.61045677320595,329.2644836336806,33.610852878295475,-7.701945624731195,-2.854269592368839,-4.847676032362356,369.5565730667093,301.3371479234807,20.336879898813695,0.024236587976088762,0.006185633784616007,-0.035543552492668495,-0.07187453323350834,1
2022-06-21,308.6161502865,312.6978320084,307.4736699959,309.9343967756,3193831,334.529946825995,337.982580852832,327.4235229805301,38.279381149338676,-8.23582345165272,-3.930580364225615,-4.3052430874271055,370.3069356403125,298.75295801167755,21.38940872335521,0.024644584227565044,0.02159709034704682,-0.02455514920576607,-0.007318446237748022,0
2022-06-22,306.096834774,311.5358221402,304.0364643354,308.7137981746,2671671,332.953909912335,337.27717250932,325.64164442758437,37.74686114922172,-8.65761795143851,-4.875987881668195,-3.7816300697703156,370.328280768504,295.579539056166,22.450176882445653,0.022870125181494515,-0.003938248267047806,0.023868126173901327,-0.01859439995040879,1
2022-06-23,311.3991150969,312.4537122882,306.1651882956,309.3094502919,2387590,331.78555293142,336.679372138476,324.08619736704304,38.19868921819715,-8.841905006569391,-5.669171306648434,-3.1727336999209568,370.5564192826739,293.0146865801661,23.371039521583896,0.02252586494479243,0.0019294638620692695,0.019537159226098222,-0.0265220197302678,1
2022-06-24,311.7115883387,323.0289785676,311.7115883387,322.7262701145,4318907,331.08932348938504,336.38056960094195,323.95668048584844,47.450416325008355,-7.815239380079106,-6.098384921334569,-1.7168544587445371,369.9856088695257,292.19303810924436,23.495946634707916,0.0246484324333154,0.04337668897584046,0.04127284184001545,0.07034134335111197,0
2022-06-27,324.1616940693,324.1616940693,319.4257714973,321.0955503835,2810866,330.06109122787,335.8667464138479,323.6841919046724,46.53850630107966,-7.051895071426259,-6.289086951352908,-0.762808120073351,368.8724091998623,291.2497732558777,23.51765718740684,0.02433877854394034,-0.0050529500756831824,0.04010754388729065,0.058386172712120876,0
2022-06-28,324.8745236523,329.219854672,310.6374615698,310.8034629796,3394334,328.13303367767,335.09474221066404,322.4574558165703,41.16181281671499,-7.194491031950349,-6.470167767472397,-0.7243232644779525,366.74773075079315,289.5183366045469,23.53600101784017,0.024406231122081425,-0.0320530365232643,0.004830155322736118,0.0028040327664218268,1
2022-06-29,311.6041756618,318.4395278277,310.9206404453,315.0023221671,3779496,326.410524931885,334.426635360398,321.7474430880493,44.00412266800656,-6.889271281996855,-6.553988470377289,-0.3352828116195665,364.1306243155035,288.6904255482665,23.112060734861352,0.024749587090401766,0.013509692418631758,-0.023933434190714142,0.020370077494700656,0
2022-06-30,307.8837911259,310.8034629796,302.4057446044,308.0595573244,3411672,324.380425338635,333.48159909953,320.4438349200827,40.518714654449646,-7.125467576100675,-6.6682842915219664,-0.4571832845787087,361.4567070615974,287.3041436156726,22.85975282525561,0.025032934499040305,-0.02204036082952132,-0.04059848553967971,-0.004040914256969841,1
2022-07-01,306.7120164689,311.4381742521,303.9876403914,310.7546390355,2287773,322.19115968781,332.562732472668,319.52105435964626,42.425129423304234,-7.014327469728357,-6.737492927163244,-0.27683454256511286,356.98616119954784,287.39615817607216,21.59897965260919,0.02470889914890695,0.008748573602155751,-0.00015708944691905646,-0.037095310136210924,1
2022-07-05,305.7160080104,312.7759503188,302.1762720674,311.750647494,2112392,320.30850840557,331.68038615595003,318.7810156105371,43.15030135989773,-6.767862865827283,-6.743566914896052,-0.024295950931231047,353.0225926524124,287.59442415872763,20.426609589415143,0.024716162024997945,0.00320512820529828,-0.010322700641473448,-0.029103184015907058,1
2022-07-06,311.496762985,314.7777320245,308.2939122558,312.6392432755,2219210,318.35701536223,331.07477395405806,318.19608491196215,43.83003393608828,-6.426752041274256,-6.680203940171693,0.25345189889743747,347.85352600757943,288.8605047168806,18.530460597381822,0.02463751126173793,0.002850341414341706,0.01486623557754907,0.005906563196885983,1
2022-07-07,315.2439023854,317.6985702774,312.4753108307,316.9259855624,2202143,316.43042253035503,330.488105442456,318.0751230691467,47.11513780357699,-5.744298283580861,-6.493022808853527,0.7487245252726664,340.5200966531346,292.34074840757546,15.22589005832311,0.02474861096489508,0.013711465783975418,0.01985922574174337,0.006106822902339104,0
2022-07-08,315.6644231796,317.8159249176,312.310036379,315.9382506736,1662060,314.53695541947,330.086547502276,317.87161141242797,46.44115982946177,-5.2229438687272705,-6.239007020828277,1.0160631521010064,331.46649771484186,297.6074131240982,10.764739725285647,0.024753505869779847,-0.0031166106087742174,0.013432540439809681,0.025575227782669963,1
2022-07-11,312.3393750391,319.0285895336,312.1144453119,317.0433402026,2073925,313.349565959105,329.36610492749,317.7927284400634,47.348638851383924,-4.666799292169856,-5.9245654750965935,1.257766182926738,325.3649681563142,301.3341637618958,7.669008355210116,0.023676167039552384,0.003497802265613137,0.014086833376893315,0.02023686979096584,0
2022-07-12,313.1510779675,320.1387644304,313.1510779675,315.7426596065,2761667,312.79288367153,328.282568231118,317.59748378924786,46.353136169129506,-4.281648582679338,-5.595982096613143,1.3143335139338044,323.1698366429669,302.41593070009304,6.635031366208434,0.021978329687644866,-0.004102532465336872,-0.0037337612244073837,0.012805144574966176,1
2022-07-13,308.9849882384,317.7670271509,306.8921638206,316.2414168276,2442740,312.99398664507004,327.51073865334604,317.4683345548052,46.8149086669814,-3.891311711934634,-5.2550480196774405,1.3637363077428066,323.47406646568754,302.51390682445253,6.696665282903176,0.019468265910598487,0.0015796320387038154,0.0009595740729513302,0.011521821490994677,1
2022-07-14,309.1903588589,320.3613470648,308.4373332506,317.8648226844,2744028,313.15908244574996,326.856135559566,317.5060953290523,48.37261800475227,-3.411644332182675,-4.886367282178488,1.4747229499958125,323.83502518107247,302.48313971042745,6.818223282520923,0.019432586747998443,0.005133438475849683,0.0025910731361682426,0.0029623229547870444,1
2022-07-15,326.2752385694,328.1675821435,322.4905514211,325.2386059138,3387487,313.534189589765,326.373420102394,318.24252490855207,54.84221315344505,-2.4087353943373273,-4.390840904610256,1.9821055102729286,325.29877316267294,301.76960601685704,7.504498050627902,0.019979215310561352,0.02319785865931201,0.030074955088851274,0.029437256237163423,0
2022-07-18,328.1040150467,330.0651088809,322.5198900812,323.7129955905,2468598,314.643981928145,325.65064007093,318.7635221163566,53.35254318144307,-1.7172316609116365,-3.856119055870532,2.1388873949588953,325.8385625396846,303.4494013166055,7.115712522412741,0.01583977847035845,-0.004690741798666798,0.02362618672105543,0.02103704617683455,1
2022-07-19,324.4660211988,334.4705042805,324.4660211988,332.8764370837,2689806,316.118692608065,325.407001970222,320.1076092561036,60.323714745379895,-0.4248988542298662,-3.169875015542399,2.744976161312533,328.67809515218516,303.5592900639448,7.946004357098728,0.016769315639539064,0.02830730189402675,0.04722640986984805,0.05426500650419963,1
2022-07-20,332.8764370837,335.7454646514,328.871709985,333.7468173323,2563621,317.3093136359,325.30283133459,321.4065814538366,60.92110099019674,0.6618867988049715,-2.403522652672925,3.0654094514778967,331.68183365876024,302.9367936130398,9.05899663528447,0.016298113031323808,0.0026147247195544843,0.026159906185168502,0.05535454742236734,1
2022-07-21,334.3335905336,339.5754311316,332.5634913764,339.2722649776,2230803,318.83723697604995,325.68277047167,323.1080751227665,64.56829899389695,1.946590620621862,-1.5334999980139679,3.48009061863583,335.53839867194745,302.13607528015245,10.476293079375818,0.01642751674942379,0.01655580625297315,0.04806501314140199,0.06734762944956296,0
2022-07-22,341.1890574351,343.3503387265,332.8959961904,336.2992807578,2252976,320.186728499345,326.055198600814,324.36438042134114,61.2556675631691,2.6937804507152805,-0.6880439082681182,3.3818243589833985,337.92011913098,302.45333786771,11.076905476218883,0.016699572925324795,-0.008762827164773723,0.010282625301109238,0.034007878040565265,1
2022-07-25,336.856715299,337.9226866147,332.6123891431,336.6220060185,2180057,320.881515294545,326.42353526325803,325.53177333535626,61.48665589497763,3.2742317007791826,0.10441121354134197,3.169820487237841,339.99371149577564,301.7693190933144,11.912307372200656,0.013945080450490597,0.0009596370826985279,0.008614879713855883,0.03987794930645916,0
2022-07-26,335.0963956952,337.0278574827,331.8202453214,333.7565968856,2254171,321.51456761965,326.82498568741,326.3150898639509,58.17058609550247,3.463108370987868,0.7761506450306472,2.686957725957221,341.43484386373007,301.5942913755699,12.391523277816544,0.014060783078665198,-0.008512245431579135,-0.01625735039781151,0.0026441036488222824,1
2022-07-27,335.448459616,341.2281756485,323.9379253176,335.7027280032,4580313,322.75953087082996,327.039596816666,327.20915063911747,59.758008108838325,3.726869972458644,1.3662945105162465,2.3605754619423975,342.9568796608361,302.56218208082385,12.51541587974931,0.011556422916775319,0.005830989217171956,-0.0017738746073311384,0.005860462390425036,1
2022-07-28,340.3284567399,345.4676120278,333.1111463642,344.6803579827,3635536,324.24343266161,327.49371634879395,328.8730751480301,66.14142963532005,4.60721356203311,2.0144783208196193,2.5927352412134903,346.22512310901425,302.2617422142057,13.55875754642964,0.012476351162822377,0.026742797214964753,0.023938874524314757,0.015940274414877553,1
2022-07-29,346.3233229463,348.934463692,342.2452491974,345.9908181322,3176867,326.13999570199996,327.795740040272,330.5033363846177,66.96517478138068,5.348975718930092,2.681377800441714,2.6675979184883776,348.74559457121904,303.5343968327809,13.86251252046635,0.010799154862735878,0.0038019577244543523,0.03665611814346681,0.02881819239268535,0
2022-08-01,340.1426452262,347.0176712345,338.0400412549,342.812463292,2289590,327.74288691482496,328.092004184692,331.6756341853208,62.96406682895588,5.615627441851302,3.268227728723632,2.34739971312767,350.30365938458493,305.182114445065,13.76736055640051,0.011282049043924183,-0.009186240424985948,0.021178664025429894,0.018389936376173255,0
2022-08-02,339.4287378313,343.4090160466,336.3921865147,341.3161916287,2878764,329.22116412156,328.430211741476,332.5937825132617,61.11285304728718,5.641186152573596,3.742819413493625,1.8983667390799708,351.26529749679213,307.17703074632783,13.391686669993478,0.011470165881951527,-0.004364694471523767,-0.009760249680861866,0.022650023441157963,1
2022-08-03,342.2843674108,348.6215179846,340.8565526211,346.3233229463,2921333,330.9053681051,328.79122479725,333.9013577925987,64.83844347602164,5.996353040696533,4.193526138934207,1.8028269017623266,352.77092072872864,309.0398154814714,13.215592571882256,0.011677762213999857,0.014670066760404277,0.0009610220753688559,0.03163690389492091,1
2022-08-04,346.8514188274,350.6996730725,341.9420830434,348.2205562971,2339562,332.47009664183497,328.950945194236,335.26509098350357,66.16131878130234,6.357629439253287,4.626346798998023,1.7312826402552641,354.5876781355661,310.35251514810386,13.305005001732862,0.011505528391972369,0.005478214215143051,0.015775660409678594,0.010270960420023956,1
2022-08-05,342.675549545,349.9417576875,342.675549545,349.6288119801,1848651,334.15462470716,329.28998963563396,336.63306441175087,67.14928277864024,6.680568615806237,5.037191162359666,1.643377453446571,356.110507474856,312.198741939464,13.141151517467254,0.011357267778907696,0.004044148622284416,0.024354603019955512,0.010514712117331237,0
2022-08-08,351.08596543,351.08596543,342.1767923239,344.3967509354,2477635,335.5222952438,329.444907475238,337.37246312828887,60.125626102256696,6.440079413063302,5.317768812500393,1.1223106005629084,356.4268334060624,314.61775708153755,12.460893632760001,0.012215627994925446,-0.01496461637434443,-0.0055629288680586475,0.004621441204868182,0
2022-08-09,342.675549545,343.3796773866,337.736875101,338.9006419502,2467497,336.68019436098496,329.389716401966,337.5180039684709,53.76383567535297,5.739834683740867,5.402181986748488,0.33765269699237876,355.53947967141073,317.8209090505592,11.20308567376259,0.012908616364103153,-0.015958655156508517,-0.026764400258290078,-0.007077161112613584,1
2022-08-10,346.5286935667,346.7340641872,343.3112205131,345.5898564447,2443693,338.14761634184003,329.314221251188,338.2867518233499,59.395062970863506,5.659411226610928,5.453627834720976,0.20578339188995187,354.8624906643655,321.43274201931456,9.886140557991148,0.013386985196288866,0.019737981185302456,-0.011552124415964649,-0.0021178663202932047,0
2022-08-11,348.0054061233,348.0054061233,342.6266517783,342.8515815054,2609451,339.39695428289,329.18220293964,338.7214975073547,56.36853547909701,5.313468793797313,5.425596026536244,-0.11212723273893133,353.37160119778486,325.4223073679952,8.234986636472204,0.013671450396980452,-0.007923481804328225,-0.004486597001287729,-0.015418316623212802,1
2022-08-12,346.9198757009,347.6142239891,342.5337460214,346.4602366933,2514337,340.458035821865,329.138176689718,339.45852028696856,59.311082618577224,5.269748853803719,5.39442659198974,-0.1246777381860209,353.13373723205575,327.78233441167424,7.44626360754954,0.013006449808797234,0.010525415026685803,0.022306227275340484,-0.009062683561045781,1
2022-08-15,344.5630033425,353.9709336696,343.0862907859,352.0150229987,2526281,341.873137192275,329.087678108652,340.65437768808584,63.40256715210287,5.61855807784292,5.439252889160376,0.17930518868254364,352.97704977916413,330.7692246053859,6.495925756602575,0.013165461331225594,0.01603296920424757,0.018591884090869204,0.022120626987938596,0
2022-08-16,346.4602366933,352.0639207654,345.3160289508,351.3304542638,2448806,342.79583805128,329.126213731152,341.67114688577294,62.56756343366623,5.773203034316452,5.506042918191592,0.26716011612486046,353.8226877331243,331.76898836943565,6.433479323745346,0.011940693714121955,-0.0019447145439088764,0.024730446688245644,0.036676862699559276,0
2022-08-17,345.7072110849,349.0909365456,343.9957892479,347.4968693488,2439884,343.48334065210497,329.04276903528194,342.2259775965374,57.96381839122956,5.522759083527205,5.509386151258715,0.013372932268490345,353.86330974931224,333.1033715548977,6.04394325355101,0.012326708095064753,-0.010911621433539409,0.0029920681963213624,0.005518139113568354,1
2022-08-18,346.50913446,351.5945022044,345.775765754,349.4821186798,1934865,343.99383333721505,328.92325456488,342.91703865208626,59.62078789885868,5.421972355512537,5.49190339210948,-0.06993103659694277,354.49867903958534,333.48898763484476,6.107577918161372,0.01188774322441446,0.00571299918390733,-0.0071954438118094766,0.019339380455200228,0
2022-08-19,348.7682112849,348.9051250319,345.7658884051,346.4700162466,1740744,344.502370111655,328.776503031986,343.25541747061135,56.013168146680805,5.040937860482018,5.401710285783987,-0.3607724253019695,354.4372789238912,334.5674612994188,5.767686770350075,0.011881206871807767,-0.00861875979400184,-0.013834377174574475,2.82270583007449e-05,0
2022-08-22,342.2843674108,343.2623227463,336.690462892,337.8933479546,2312442,344.56593720846,328.71854740288,342.7447441833722,47.24664166248655,4.000781308484022,5.121524490323994,-1.1207431818399716,354.31283708127165,334.8190373356484,5.657494731938539,0.013260554109098753,-0.024754431523146603,-0.027636281766211912,-0.040116682872799236,0
2022-08-23,335.1355139086,337.5950715773,331.8887021949,333.3751943048,2240652,344.54686707941994,328.848525181816,341.8524060996986,43.39371037969854,2.7798283762110714,4.65318526750141,-1.8733568912903387,354.37940389122036,334.7143302676195,5.707517758119083,0.013472789719900253,-0.013371537726771354,-0.046087978509016025,-0.051106471816183885,0
2022-08-24,332.6808460166,334.7443317744,330.8911877527,332.221207009,2218370,344.37279102970996,329.24856217485996,340.9351490434416,42.44170831353241,1.6995063985407342,4.062449493709275,-2.362943095168541,354.9225867768078,333.8229952826121,6.126962420900255,0.013422305125994745,-0.0034615271787286073,-0.04112566331701961,-0.04395913657704642,1
2022-08-25,332.5048140562,337.5217249272,329.8838937572,337.0718654728,2228637,343.992366404215,329.69874135090004,340.567217274809,47.641464148376386,1.2206798103152892,3.494095557030478,-2.2734157467151888,355.00876699760954,332.9759658108204,6.405026197848546,0.012360928017080266,0.014600688822578922,-0.002431188677648577,-0.03551040967097496,0
2022-08-26,337.4434885003,338.0204821482,324.3877847719,324.6420531592,1925047,342.924928155565,329.836853153414,339.05053497808433,38.13450327641834,-0.159932086505421,2.7632900283232984,-2.9232221148287194,356.7412788694705,329.1085774416595,8.05794480338146,0.014655447497041682,-0.03687585226422008,-0.026196133649990294,-0.06300101614525844,0
2022-08-29,322.7154811483,325.4733151943,320.5469629874,322.0895897336,2308093,341.888784477645,330.24830197162805,337.435206859562,36.52274589327917,-1.4434008021648879,1.9219518622256613,-3.3653526643905494,358.4241075143114,325.3534614409786,9.672925107461424,0.014629367335887242,-0.00786239305955927,-0.030496600041325927,-0.046771439321508734,0
2022-08-30,323.7032160371,325.629788048,318.3929185656,320.583538517,2618990,340.85215182206,330.592328272262,335.8302860650323,35.56753291729444,-2.552659285533764,1.0270296326737762,-3.57968891820754,359.82148516435194,321.8828184797681,11.13053459741381,0.014631048790924398,-0.004675876726862316,-0.048916354773995585,-0.038370148728296694,0
2022-08-31,321.052957078,323.8755317672,317.1313561828,317.219372163,3129021,339.396954282895,330.73802778001004,334.05781807436256,33.462232350668856,-3.6610128573181555,0.08942113467538992,-3.750433991993545,360.776386457946,318.01752210784406,12.598482046029632,0.014101584449247265,-0.010493883652175184,-0.02286420050627269,-0.04515616260943145,1
2022-09-01,316.6717171752,318.432036779,312.173122632,318.0799728582,2493403,337.88992511095,330.92535127368194,332.53611852996613,34.52984242762527,-4.4190081887877,-0.8122647300172281,-3.606743458770472,360.76583211675774,315.01401810514227,13.540449303598601,0.014014112806921447,0.002712951259350449,-0.012448762714486916,-0.056343749093270334,0
2022-09-02,322.1482670537,322.4025354409,313.4640236748,315.4492730058,1936812,336.18094816223504,331.04814772796004,330.90879990861697,32.797478297370105,-5.172376505785337,-1.68428708517085,-3.488089420614487,360.36319356850225,311.9987027559678,14.386446072248738,0.013892543220225857,-0.008270561106884733,-0.01601537475988568,-0.02831666465863536,1
2022-09-06,315.3905956857,319.7767253652,313.4884725582,316.9357651157,2043365,334.80789887124996,330.932337627984,329.5780346902439,34.78836108883398,-5.585097309415005,-2.4644491300196814,-3.1206481793953236,360.0629076125758,309.5528901299241,15.0862681713717,0.01384925165285042,0.004712301587306733,-0.0008940407559796526,-0.01600121451352321,1
2022-09-07,316.9357651157,321.9428964333,314.9505157847,321.3756823387,1998373,333.93165089067503,330.937940267088,328.79685827581113,40.46187620078371,-5.490624800915043,-3.069684264198754,-2.420940536716289,359.7672659103334,308.0960358710167,15.47359464174697,0.014112148521241286,0.014008886694687694,0.010361260568798158,0.0024709435342951114,1
2022-09-08,317.3758450167,323.0088677489,316.3489919145,322.7937175751,2114014,332.791843947195,331.177745358998,328.22513059002915,42.1917474286754,-5.2409170355009564,-3.503930818459195,-1.7369862170417614,358.4805637348922,307.1031241594978,15.438310917122902,0.013226159264792975,0.004412391211683353,0.02328249007936356,0.017572525202640188,1
2022-09-09,323.2533565828,329.5905071566,322.871954002,328.4462994141,1816725,332.07157984263,331.446624903938,328.2461942875597,48.60244921028696,-4.534633288712087,-3.7100713125097737,-0.8245619762023129,357.39690886950257,306.74625081575743,15.252933743305789,0.013962772972725504,0.01751143696805335,0.036318193038888946,0.032590315142290605,1
2022-09-12,330.6369193655,331.9962772818,328.5343153943,330.9596446262,2097796,331.296550239275,331.90462664997403,328.504618129335,51.194108751317174,-3.7291055694511783,-3.713878163898055,-0.015227405553123408,355.74670765322395,306.84639282532606,14.760284944887056,0.013840820095625447,0.007652225695900405,0.02982167853446782,0.04916914682543827,0
2022-09-13,322.7252607016,325.4586458643,317.4247427835,318.265784372,2316881,329.60908830794,332.05484955670397,327.5294911048269,40.175573567944305,-4.06811281173907,-3.784725093466258,-0.28338771827281173,352.72897662101354,306.48919999486645,14.028671619317487,0.015333567674030086,-0.03835470716841316,-0.014027327536343948,0.004196494692905395,1
2022-09-14,319.8305129087,321.2387685918,316.2218577208,318.6667460595,2657942,327.975902897725,332.193171528014,326.6854201481291,40.610392235305135,-4.255370968810894,-3.8788542685351857,-0.37651670027570816,349.27011526285247,306.68169053259754,12.985229815354932,0.015382887255139675,0.0012598328415702742,-0.029775197260694664,-0.008429188728551806,0
2022-09-15,316.4565670014,318.7547620397,308.2221830768,309.9727231273,2486769,326.09969558665,332.13984112505,325.09373471757397,34.71805480438687,-5.0471292349678265,-4.112509261821714,-0.9346199731461127,346.78718298572915,305.41220818757085,12.687829936095198,0.016144525109790735,-0.027282491944034426,-0.06341232787641982,-0.03971884751696597,0
2022-09-16,305.9533266985,308.6720425311,302.2957737439,308.1830648634,3650857,324.03474289583,331.96498271107,323.48319473146216,33.636145973248375,-5.752700282382364,-4.440547465933844,-1.3121528164485197,343.1598469682002,304.9096388234598,11.804354003186948,0.01592476127492532,-0.0057735991923555385,-0.031680186824025625,-0.06169420872406439,0
2022-09-19,305.0731668966,308.4960105707,303.4106428263,307.1073139944,2369737,322.06660778322,331.78836397748603,321.9235870422182,32.971034958706056,-6.325755157714127,-4.817589004289901,-1.5081661534242263,339.58558761284667,304.5476279535933,10.879103518498601,0.01592414010676755,-0.0034906229175077907,-0.03627435936770662,-0.07207020861634006,0
2022-09-20,304.3005821816,307.4398188084,302.6184990046,306.3640679394,2769557,320.49014378246,331.57477853222207,320.44172808004504,32.49297433960547,-6.76193168086337,-5.206457539604595,-1.5554741412587747,337.70033000768615,303.27995755723384,10.739916068625162,0.015302582136160444,-0.0024201509411577726,-0.011641847551915108,-0.0373955260572052,0
2022-09-21,307.5473938953,308.036371563,297.5135721535,297.7873996474,2366279,318.71075404959004,331.21567333303994,318.2841729912217,27.532078841159887,-7.710785040745407,-5.707323039832758,-2.0034620009126485,337.5097862449167,299.91172185426336,11.796923672303587,0.016065397276622442,-0.027995020270120352,-0.033732110557755046,-0.06552094522031338,0
2022-09-22,296.2715688775,296.3987030711,290.0517729439,291.7827538877,3159830,316.688831393525,330.726500074242,315.7602283146958,24.689946942735887,-8.845319556631978,-6.334922343192602,-2.5103972134393757,337.79731066803794,295.58035211901205,13.330738050741708,0.016384578330745272,-0.020164203612409004,-0.04989969111246706,-0.05868248359430561,0
2022-09-23,286.6680474833,288.0763031663,283.8417565638,287.1081273842,3245860,314.190644489095,330.111366168238,313.0314567975057,22.72332319663785,-10.006303191219672,-7.069198512798017,-2.9371046784216555,336.8294196398567,291.5518693383333,14.410852485804979,0.01574298845055361,-0.01602091433169195,-0.06285312988796365,-0.06838447624804211,0
2022-09-26,283.65594505,288.8293287746,282.7464465881,283.7146223702,3635597,312.144272949645,329.280886497366,310.2393773282385,21.39126311657982,-11.072580761415452,-7.869874962521504,-3.2027057988939482,337.828407948068,286.46013795122207,16.456579360382058,0.014238359709910109,-0.011819606240052072,-0.04725779967138666,-0.07617106645863392,0
2022-09-27,288.9564629682,291.3328944334,278.5216795389,280.1646445025,4073383,310.04802568809,328.409919475606,307.37511705912056,20.066078721641944,-12.064989277238226,-8.708897825464849,-3.356091451773377,338.8031164065652,281.29293496961475,18.548797822310927,0.014297598313024448,-0.01251249526035314,-0.039817669928742694,-0.08551728540855641,1
2022-09-28,278.8248456929,286.5213541829,275.4802384456,283.7830792437,5611649,308.208002724425,327.428052318806,305.1282563147948,25.155622413094264,-12.416374496579294,-9.450393159687739,-2.9659813368915557,338.68885869062416,277.72714675822584,19.779405918575517,0.014963962555968812,0.012915386763470593,-0.01158117037923656,-0.04702791461385547,0
2022-09-29,281.9934209798,285.6314148277,278.565687529,280.4482515497,3439692,306.36944669376,326.362081003154,302.7777796705,23.660395625572775,-12.816205302176002,-10.123555588185392,-2.69264971399061,338.8262060598061,273.91268732771385,21.18798706353325,0.014986592033554794,-0.01175132676298929,-0.011512874427169861,-0.038845689770829805,0
2022-09-30,280.5362675299,284.3454035615,278.0718200846,278.0718200846,3804233,304.36903905507995,325.138072105294,300.42483113850955,22.628207787355393,-13.172982314578292,-10.73344093346397,-2.4395413811143207,338.5766194342084,270.1614586759515,22.477700416130755,0.0148511166042671,-0.008473689716260724,-0.007469980452445402,-0.031473533619296834,1
2022-10-03,281.504443312,286.2964244558,278.6341444025,284.0764658443,5285358,302.800398697005,324.093615807024,298.86784396763244,30.83831928379749,-12.823385926774051,-11.151429932125987,-1.671955994648064,337.701966193681,267.89883120032897,23.0525241359408,0.01612066257963446,0.021593866497774394,0.0010338410640333695,0.0012753783047101397,1
2022-10-04,289.6605908098,297.2690833196,289.4552201893,294.6286039139,3949221,301.685040636915,323.253747764932,298.4641068196579,42.40456064259387,-11.561584170927745,-11.23346077988634,-0.3281233910414052,336.1311906184946,267.2388906553354,22.835835617740386,0.018600245606284094,0.037145414486336126,0.0505631690903483,0.05162664060300792,1
2022-10-05,291.4111308602,299.8411058519,290.6972234653,297.4940130468,2845321,300.49095717232,322.528496088156,298.37171693652857,45.089962655963596,-10.212657460777791,-11.02930011606463,0.816642655286838,333.75959969945654,267.2223146451835,22.14285770207604,0.018412006338379448,0.009725495402806539,0.06984595906298963,0.04831483906524836,0
2022-10-06,296.394288333,298.813793562,292.750337138,293.1127731439,2494392,299.00690995075996,321.67669699097,297.8708651467544,41.87503314354693,-9.388923107919766,-10.701224714435657,1.3123016065158915,330.77793270058334,267.2358872009366,21.251029118394207,0.01846591396654808,-0.01472715318883,0.031809418892702945,0.04515814067022483,0
2022-10-07,290.5953122377,291.1144773273,287.0003388813,288.9398612915,2210877,297.03158804463,320.561887057146,297.0202933510159,39.02125827471512,-8.969432772875848,-10.354866326123696,1.3854335532478483,326.0268266776396,268.0363494116204,19.52333677632492,0.01781371659689044,-0.014236540453838709,-0.01930818171362092,0.039083576335040116,0
2022-10-10,290.9675438114,291.1732507337,283.6208680149,285.8150751861,1783529,294.774359572625,319.358372198224,295.95312971626197,36.98844988742483,-8.787827182341971,-10.041458497367351,1.2536313150253804,319.57925766446374,269.9694614807862,16.829752850825862,0.017532304730388377,-0.010814659117758585,-0.0392577240163241,0.006120216036314963,0
2022-10-11,283.904939479,284.448593488,278.6055373378,280.2022148776,3555031,292.871181097905,318.106167229936,294.45304258877036,33.60225308530168,-8.993146961577906,-9.831796190209463,0.8386492286315566,315.9556929727867,269.78666922302324,15.764276832116666,0.016230777160802425,-0.019638083487532376,-0.04404638572322361,-0.048964658708140485,0
2022-10-12,280.6821976963,281.6127766305,277.4202736427,277.586798294,2646833,290.81718370963,316.83157936324204,292.8467336083161,32.1263794608942,-9.260161251561897,-9.71746920247995,0.45730795091805376,311.54540854001687,270.08895887924314,14.255158217255287,0.016146332273616067,-0.009334032511993051,-0.039292131403241504,-0.06691635421136455,1
2022-10-13,271.6115019796,289.3904574071,271.2098837027,287.9505089509,3323054,289.71607300081,315.664123083334,292.38042649808597,42.839913213080386,-8.537096825197636,-9.481394727023488,0.9442979018258519,308.50612760969375,270.9260183919263,12.971358070859395,0.018161545560690686,0.03733502717201809,0.007471382548347227,-0.017611870467567958,0
2022-10-14,289.8116668194,292.5162230693,281.955621501,282.788244758,3106348,288.44633199554,314.35547685255204,291.46688537998256,39.49571977902988,-8.285109055540147,-9.24213759272682,0.9570285371866731,305.41719486295926,271.4754691281207,11.767085232119836,0.01844199774510875,-0.017927609198218897,0.009229155742147332,-0.021290300708263432,1
2022-10-17,289.3806618393,292.6229947575,285.384070206,289.0084302656,3417635,287.5413878091,313.143069218262,291.2327467976604,45.06081748798278,-7.497068408557936,-8.893123755893043,1.396055347335107,302.20942215604447,272.87335346215553,10.202381270193102,0.019346892163320886,0.02199591257028022,0.04114616416124739,0.011172801425609835,1
2022-10-18,296.972226829,297.4913919186,290.4875609927,294.2392634327,3096016,286.935147583765,312.139919468208,291.5190817152833,49.285293304471374,-6.3769465275518655,-8.389888310224809,2.012941782672943,299.255649719482,274.614645448048,8.587656297575233,0.019907194366234997,0.018099240780944825,0.02183970608252106,0.050096137038858846,0
2022-10-19,289.4198441102,293.5094936369,288.7635410724,291.6728246878,1914414,286.62941883578503,311.19536312296003,291.533723903142,47.36106408813915,-5.631416560230832,-7.838193960226014,2.2067773999951816,298.13401506967017,275.1248226018999,8.027505537019785,0.01902071498654312,-0.008722285105525973,0.03141778378165294,0.05074458324520581,0
2022-10-20,291.6630291201,296.541221849,289.5667776262,290.223080664,2463932,286.5514351746,310.088027607346,291.40890073750944,46.26228188414497,-5.098785293598894,-7.29031222690059,2.191526933301696,297.93576288135245,275.16710746784753,7.945748168956697,0.018505854400222777,-0.004970445996646311,0.004202819956787174,0.007892230235604591,1
2022-10-21,288.489265176,296.5215327578,287.4999128354,296.1885814107,3599622,287.005457875925,309.154767605452,291.86410842067045,51.27195526059694,-4.14749537791289,-6.66174885710305,2.5142534791901605,299.141820887693,274.86909486415703,8.457234995868703,0.018657060182654072,0.020554880518294905,0.00662494174046846,0.0473864699155635,1
2022-10-24,298.2946284724,300.7239292691,294.3568102455,299.3525497871,3184066,287.78735424676995,308.212613867328,292.57729331271133,53.7354328020052,-3.1025215235980568,-5.949903390402052,2.847381866803995,300.94676439623737,274.62794409730253,9.145231682545424,0.01847506541877486,0.010682276681060587,0.026329930145258418,0.03579175705010984,1
2022-10-25,299.6562123867,305.7196688107,299.607234548,305.0437746374,3012354,289.03131075351496,307.273188900102,293.764577248396,57.86211175086775,-1.7944526009787864,-5.118813232517399,3.324360631538613,303.69132550418203,274.3712960028479,10.144239883525346,0.018440419579946733,0.019011780104587928,0.05106655866064069,0.03672015447106114,1
2022-10-26,305.9057845975,317.8171949556,305.9057845975,312.9781844976,5281438,290.49106601621,306.50614350477804,295.594444605463,62.83874989482963,-0.11621829838674103,-4.118294245691268,4.002075947304527,308.2554758405985,272.7266561918216,12.230606653766873,0.018982350177725992,0.02601072541025129,0.05668551774323549,0.07304540569593598,0
2022-10-27,309.716260444,316.4752021767,307.6396000855,312.8410465494,4725832,292.110705766195,305.81302704879,297.2369781239332,62.70091319604155,1.1890222824017656,-3.056830940072661,4.245853222474427,311.72738301324586,272.49402851914414,13.430988224548004,0.018619552031639824,-0.0004381709492632391,0.04505890052345651,0.07793303631693416,1
2022-10-28,312.782273143,325.0169372361,311.3227335515,322.7345699553,3644429,294.34384325973,305.27807607430003,299.66532020311104,68.13182276979232,2.987323495941439,-1.8480000528698413,4.83532354881128,316.9936239053174,271.69406261414264,15.390014885143113,0.019170145954781753,0.031624761248641775,0.05799428406276674,0.08962529351457649,0
2022-10-31,322.1566314593,322.7051832521,317.1608919177,321.4709417183,3157979,296.21356705343,304.778094583734,301.7420460617005,66.79410188559137,4.261403123017374,-0.6261194176923984,4.887522540709772,321.21599056380876,271.2111435430512,16.88134933122015,0.019041658514570133,-0.003915379245474027,0.027135300929465034,0.07388743455477731,1
2022-11-01,325.4283510807,326.8193216982,320.4063594176,326.3785211504,3660459,297.801062915255,304.54779804765,304.08837702252896,69.31402947644852,5.602538476443669,0.6196121611348151,4.9829263153088545,326.0238033642411,269.5783224662689,18.95408980257227,0.0177664996931456,0.015266012554255637,0.04327269311465587,0.06993995054762281,0
2022-11-02,324.6447056624,326.1924053635,313.0957313103,313.2818470972,3075115,298.590454617775,304.145931103498,304.9639456010691,56.90350317529165,5.544690028571381,1.6046277346221283,3.9400622939492527,327.6067018124771,269.57420742307283,19.435482109999654,0.020410294444951023,-0.04012725471957401,-0.029289464898071604,0.0009702356734142548,0
2022-11-03,308.6779302647,310.2893011561,302.2912201057,302.8495674662,2861062,299.07729433389,303.55849831264203,304.7625762548911,49.32718404210112,4.603975176870165,2.2044972230717357,2.399477953798429,328.036257699532,270.118330968248,19.36553788219856,0.021634863432129184,-0.03329998123945943,-0.057925528673187565,-0.03193787769669232,1
2022-11-04,307.4240975955,316.5192822315,306.8363635318,311.8614897765,3246836,300.22337575814,303.054290798716,305.43866325694904,54.9119343732317,4.5333807032606614,2.670273919109521,1.8631067841511406,329.30087856656115,271.1458729497188,19.37057881318743,0.022142895880197393,0.029757091567600646,-0.044479126024381865,-0.033690472577220354,1
2022-11-07,315.8580814098,319.1395965989,311.2149823065,318.4832935611,2742320,301.85678667689,302.931115606754,306.6810090002015,58.528696614675454,4.954644244323731,3.127147984152363,1.827496260171368,331.1824433483971,272.5311300053829,19.43017879064453,0.022169583799891764,0.02123315639050416,0.016603089237680058,-0.009293680297294271,1
2022-11-08,319.5608060112,322.6660009812,315.671965623,319.0906187603,2387459,303.801206871025,302.871136187288,307.8628765964014,58.85468969038599,5.276678439174589,3.5570540751568083,1.7196243640177804,332.27027705857057,275.3321366834794,18.741907236485584,0.021385197443233195,0.0019069295359552818,0.0536274541515156,-0.022329601728729,0
2022-11-09,315.6915567584,317.0678340243,308.7073169679,309.1872997866,3001178,305.38123194565503,302.64321141268,307.9890121383251,51.71583732317983,4.6788429934870805,3.781411858822863,0.8974311346642176,331.24365635575185,279.5188075355582,16.93779558443804,0.022750581598026825,-0.031036070606448418,-0.00857492854220776,-0.01306985179173048,1
2022-11-10,324.4096120369,330.5024551641,322.4309073557,330.3751127837,3254972,307.502462137295,302.906326225094,310.1210217235989,62.26241352602836,5.847329159814137,4.194595319021118,1.6527338407930197,334.2426813082291,280.76224296636093,17.391873213031385,0.025889488210763,0.06852743632006786,0.037338910589727936,0.09088850794073533,1
2022-11-11,332.0697460007,335.6255370862,329.4837161204,332.3538174648,3734766,309.980740772635,303.191803117226,312.2384308418085,63.07360473952833,6.8540189323824166,4.726480041693378,2.1275388906890385,336.28342743237863,283.67805411289135,16.970529584633884,0.025210646665567396,0.005989266759313994,0.04156561780483825,0.06570970882934635,1
2022-11-14,329.855947694,337.4701404452,329.1506668176,332.4321820067,2349019,312.15192835969003,303.53146129724405,314.16164523846487,63.10742767953973,7.570878815288324,5.2953597964123675,2.275519018875957,338.34011242167844,285.9637442977016,16.77912688196626,0.025062462953059583,0.00023578649554178988,0.07518058547729312,0.04379786546927278,1
2022-11-15,339.5045819067,344.0399297651,332.5497288194,336.4875470463,2983623,314.26434254036997,303.922496935856,316.28792160111584,64.89921440565416,8.369748255877425,5.91023748830538,2.459510767572046,341.1389321036794,287.38975297706054,17.103174573397332,0.02496342654561587,0.01219907475600035,0.018501497316481874,0.05452033768209441,0
2022-11-16,336.1447021758,338.0744290184,333.142360667,335.7528794667,2579780,316.46834527931503,304.210040878416,318.1417271121238,64.29004690446618,8.841655409466227,6.49652107253755,2.3451343369286777,342.7949318406887,290.14175871794134,16.637737678400562,0.024788543762735402,-0.0021833425517494565,0.010227239235066188,0.08592066911686036,0
2022-11-17,332.0697460007,334.9300517775,330.110632455,334.2933398751,2004543,318.67185823987,304.440033324416,319.679975946693,63.02439104906875,8.99419312181459,6.996055482392958,1.998137639421632,343.1555382334199,294.1881782463201,15.366076018623904,0.02477262163088924,-0.004347065001849781,0.00559860918749,0.011859934177200993,1
2022-11-18,338.593594108,341.5028777234,334.3521132815,336.6638672654,2737666,320.695622532605,304.604384681442,321.29748940561745,64.25522163420972,9.200306698273039,7.436905725568974,1.7634009727040647,344.07747508401565,297.31376998119435,14.58195928385859,0.024578001637590396,0.007091159492395693,0.0005240022124080035,0.012968257243070491,0
2022-11-21,335.9879730922,337.2075212744,330.7179576542,331.3350784211,1965239,322.29474896430503,304.61189335733997,322.2534502642348,59.463397393504856,8.83185632531746,7.715895845518672,1.1159604797987885,343.9284370649119,300.66106086369814,13.424784716553278,0.025062559375447074,-0.015828217288608504,-0.01315789473679907,-0.003300232784255175,1
2022-11-22,332.8827781222,338.2605448052,330.6591842478,337.907904367,2510939,323.937955450785,305.00473575724004,323.74435065497437,63.1170435409772,8.966864441047221,7.966089564624382,1.000774876422839,345.0673390642686,302.80857183730143,13.045327512844484,0.025086855656824853,0.019837398373940163,0.010812553110542078,0.004221128933798557,1
2022-11-23,337.5846506319,343.6285159205,337.114463381,341.5126732911,1937368,325.36467989046,305.461654301872,325.43657185841494,64.98123267856684,9.2580134551107,8.224474342721646,1.0335391123890538,347.1834678252372,303.54589195568286,13.41189703942226,0.0246551021039776,0.01066790352493463,0.014402513893412738,0.017154860543709072,1
2022-11-25,341.8261314584,344.2162499842,340.9592237145,344.1084987392,944409,326.92805249995,306.14436981411,327.2148506089659,66.30207256901865,9.587691624893637,8.497117799156044,1.090573825737593,349.40428087289973,304.4518241270003,13.74995397371301,0.02463316701869706,0.00760096374487218,0.03855136733173192,0.02936091657634332,0
2022-11-28,339.5927420163,343.07016856,336.2132711499,337.545468361,2226412,327.66859742023496,306.731617884062,328.19871896630247,60.12712373614362,9.213178461364123,8.64032993159766,0.5728485297664623,350.51626818773326,304.82092665273666,13.945596830077777,0.024362661893895483,-0.019072561131871724,-0.0010725881262794168,0.0026186388897655455,0
2022-11-29,336.6246849945,337.6728107415,333.7839703532,336.1153154726,1724326,328.40081610795,307.311777913626,328.9526805383308,58.84109769948002,8.700676710106961,8.652399287299522,0.04827742280743941,351.3455040466588,305.4561281692412,13.973587648555997,0.024367241349079242,-0.004236919237412207,-0.015804268012916012,0.014427198817218878,1
2022-11-30,335.8410395762,349.1140338485,334.4990467974,349.1140338485,4252283,329.53759174285494,308.166777231808,330.8728094250136,65.96621927301739,9.23692578728378,8.769304587296375,0.4676211999874056,354.1603294395999,304.91485404611,14.943811154606342,0.025545842360963494,0.03867338909452234,0.014546386176569559,0.03316326530594882,1
2022-12-01,350.6715291174,354.188137932,346.8120754323,353.4240836491,3374744,331.54470357045,309.27951091184195,333.02054982730755,67.9475465150497,9.895621478142118,8.994567965465524,0.9010535126765937,357.0677964952761,306.02161064562387,15.39647151648901,0.023415718264603428,0.012345679012349065,0.04704141153249908,0.03487838458002668,0
2022-12-02,350.14256846,354.8787254568,348.7809845458,352.6992116372,2015586,334.03718577899997,310.497840066832,334.8947080949164,67.23857587997134,10.241098437516143,9.24387405987565,0.9972243776404941,357.51906980287094,310.555301755129,14.0594430941031,0.02160675602672536,-0.00205099778265172,0.049339900329391284,0.024965128526252656,0
2022-12-05,348.7222111394,351.5629257807,347.2038981415,348.810371249,2202602,335.884629852625,311.731884944128,336.22000934768624,63.41566238140403,10.08484270876454,9.412067789653427,0.672774919111113,357.8628868817208,313.9063728235292,13.086789376899521,0.02135498020239201,-0.011025940120898747,-0.0008698092028914806,0.03337299399307092,0
2022-12-06,346.5867773746,347.7426543665,337.3103747355,340.4253652732,2353297,336.98173343823,312.866099802188,336.62051943583043,56.0198505655468,9.178603781231288,9.365374987969,-0.18677120673771164,357.5192988151826,316.44416806127737,12.189126791774443,0.0220248092401394,-0.024038866578925067,-0.03677937915743712,0.012823128260429861,0
2022-12-07,339.7886533709,340.7388234406,334.4892512297,340.3176140282,2454399,338.043083201625,314.06915919270205,336.97262368272277,55.92958242431286,8.355392513263894,9.16337849302798,-0.8079859797640854,356.8976041796269,319.1885622236231,11.155099402969402,0.02203921388466954,-0.0003165194371268498,-0.03510526023442373,-0.02519640852970484,1
2022-12-08,342.8448705022,344.9656109155,340.119155826,343.9909519265,1998664,339.78326580862,315.273316646358,337.6410358964158,58.39109525520061,7.908238075680742,8.912350409558531,-1.0041123338777886,353.3451314790165,326.2214001382235,7.982656613839905,0.02052705017831625,0.010793851822185063,-0.013816731725157516,-0.026690687361209386,0
2022-12-09,341.2775796656,345.558242763,340.2588406219,341.698789078,2301173,340.349449623335,316.49832739692397,338.02748858037626,56.27873241703699,7.284930433526597,8.586866414352144,-1.3019359808255473,353.22085674240117,327.4780425042688,7.563642093919051,0.014336412374559307,-0.006663439359851919,0.0037406842577023536,-0.03118924623657915,1
2022-12-12,343.1485331018,351.1087053051,341.9632694066,350.8478493365,2427292,341.27415121692,317.953847981962,339.2484753190547,62.16255304320249,7.443404404784474,8.35817401243861,-0.9147696076541365,354.37033698456236,328.1779654492777,7.674877057605318,0.015373276920024532,0.026775220021079793,0.030942375223127483,0.005841219916151941,0
2022-12-13,361.6915428121,361.7111339476,348.4626285946,349.8487014282,3072366,342.144977187995,319.26929269363995,340.2580206627828,61.194021754825094,7.403035695509232,8.167146349052736,-0.7641106535435043,355.08890350636017,329.2010508696298,7.566340108072383,0.01541599159650574,-0.002847809699245807,0.017028789475112882,0.027681063505469172,1
2022-12-14,349.7017679123,354.6975074539,346.5377995359,350.2013418664,2587188,342.830666929,320.38074745269,341.2050036345559,61.422479630371065,7.315173571397736,7.996751793521736,-0.6815782221240001,355.9548524677774,329.7064813902226,7.65636613336893,0.015254110571684834,0.0010079798403150875,0.024883180918908954,0.029042657302425168,0
2022-12-15,344.2358411197,346.5671862391,335.5569681121,339.171532604,2774976,343.001599585865,321.214297843834,341.0113397268839,51.25791058303866,6.283101099137184,7.6540216546448265,-1.3709205555076425,355.8385077764264,330.1646913953036,7.485042755520969,0.016996843871351756,-0.03149562249994986,-0.033280285897666184,-0.014010308397674809,0
2022-12-16,337.7217885801,341.120850582,336.3602046659,338.7699143271,5947137,343.225428308465,322.127440667498,340.79787064119023,50.92743182409404,5.370857093378163,7.197388742391494,-1.8265316490133312,355.59476496377863,330.85609165315134,7.207704112293816,0.016962645783953973,-0.0011841155235421397,-0.03166736665270631,-0.008571510477994093,0
2022-12-19,338.2997270761,338.7797098948,332.5988046137,334.2835443074,2457278,343.10641216056496,323.034314327816,340.1774586094007,47.26171875410323,4.237042590503961,6.605319512013988,-2.368276921510027,355.7683421537361,330.4444821673938,7.380759755224685,0.017173906441365086,-0.01324311820490709,-0.045453274034205626,-0.04721221766194472,1
2022-12-20,334.3912955524,337.329965871,333.6566279728,335.9389952535,1895912,343.336608002185,324.036792729164,339.7737954326482,48.728248103736505,3.432499763832709,5.970755562377732,-2.5382557985450234,355.2812312307651,331.3919847736049,6.957966584503615,0.016804225997140085,0.00495223583179949,-0.009530685920725923,-0.03975920481601303,1
2022-12-21,336.6148894268,340.4939342473,335.3708523253,338.6229808112,2086988,343.372361824395,325.20520804783604,339.66419404012936,51.10236022529569,2.977150245957148,5.372034499093616,-2.3948842531364685,355.25589675121324,331.48882689757676,6.921660708904483,0.016299940541323606,0.007989502843141594,-0.00043372657867757347,-0.03306201225127536,0
2022-12-22,337.1536456519,338.5348207016,329.5522850945,334.5382290683,2276404,343.023639613255,326.34423666332196,339.17600689995515,47.49768850861758,2.2606181456699233,4.749751228408877,-2.489133082738954,355.49956305230455,330.54771617420545,7.274089595175213,0.01632639574920289,-0.01206283086019344,0.0007618824355464238,-0.013660649819658088,1
2022-12-23,332.0893371362,337.4964905224,330.7865266283,336.5757071559,1914737,342.64700003409,327.316740627422,338.9283593052832,49.41442926537439,1.836004431399715,4.167001869007045,-2.33099743760733,355.42044979901027,329.87355026916975,7.45574878148615,0.01628842527709331,0.006090419302076322,0.0018953200176106133,-0.006476983576178541,1
2022-12-27,337.0654855423,339.8180400741,334.8223005325,339.0833724944,1637700,342.72389524076004,328.44264318215,338.94312246615146,51.74923355919395,1.6824484209383854,3.6700911793933133,-1.9876427584549279,355.3916547337298,330.0561357477903,7.392399344709124,0.01581060632481311,0.007450523864868552,0.001359599641161724,0.014358553595405832,0
2022-12-28,339.4653996358,342.3648876835,334.7929138293,334.9594384807,1854082,342.666101391165,329.36166334645196,338.5637239913466,47.83874998469379,1.213993010840909,3.1788715456828323,-1.9648785348419233,355.46381456582486,329.86838821650514,7.469494719613853,0.01602930054535868,-0.012162006008619941,0.0012590770674343332,-0.002915876949804108,1
2022-12-29,337.3397614387,342.5705946058,336.5169337495,341.0914638788,1459793,342.26497289268,330.298707355374,338.804461123485,53.46921014068872,1.3222992824267976,2.8075570930316256,-1.485257810604828,354.7276602543958,329.80228553096424,7.2824789848557225,0.013952052934519227,0.018306769995535932,0.013416763678694155,0.007289768289460374,0
2022-12-30,338.2703403729,340.7878012792,336.5965717151,340.6212766278,1617719,341.624832541615,331.27767639417397,338.977491171515,52.99682380253394,1.3545778708268017,2.5169612485906607,-1.162383377763859,352.99649268897446,330.2531723942555,6.657396690256256,0.013590363531384656,-0.0013784785044257397,0.00453547492490336,0.018183415319802165,0
2023-01-03,342.8056882313,347.4096050638,336.9087564587,339.710288829,2933755,340.975386401205,332.26742055747405,339.0472814246088,52.037562553490005,1.2917591869529588,2.2719208362631202,-0.9801616493101615,351.1651977048956,330.7855750975144,5.976860330734171,0.013591792886022561,-0.0026744888276473144,0.01418336014010757,0.00931315483101125,1
2023-01-04,344.2064544165,349.6821767768,342.5412079026,347.8895878825,2661005,340.92934723288,333.30144068691,339.88940584916986,59.18142533891647,1.8803010635480177,2.1935968817201,-0.3132958181720822,350.984575469797,330.874118995963,5.898716739130432,0.014567346926456589,0.024077277970280253,0.019930501708818937,0.025970649410847813,0
2023-01-05,348.8397579521,350.2503197051,344.0889076037,344.5786859902,2608546,341.13701326872996,334.20596341097195,340.33600395783935,55.57305551307046,2.055863909203538,2.1660502872167875,-0.11018637801324971,351.31285963533315,330.96116690212676,5.965841272455061,0.013640137940336005,-0.009517105448462848,0.011618209530475987,0.028717648779000626,1
2023-01-06,350.5480450722,361.7421151913,348.5957050601,360.7119860392,4432804,342.15673186928,335.31932763900795,342.2765736798737,66.34204456038631,3.4569713972104523,2.4242345092155206,1.0327368879949317,355.41909115974346,328.89437257881656,7.752212980295998,0.017091786334478262,0.04682036557960201,0.06182237600925777,0.05752275925430883,1
2023-01-09,364.5970445556,367.9032685961,362.566218513,363.9495348029,3913658,343.15466101310005,336.338754645114,344.3406652154,68.01744797403617,4.773575496916067,2.89410270675563,1.8794727901604364,359.4708830924317,326.83843893376843,9.509544198619379,0.01705322734804304,0.008975439932700668,0.04616391947270437,0.06848737814047667,1
2023-01-10,361.8304119758,364.6460983248,360.2610837933,363.9887778182,3485924,344.26916045011,337.36170927049005,346.2119140347143,68.0382159136744,5.753833701644851,3.4660489057334747,2.287784795911376,362.9142359112908,325.6240849889292,10.831684973933504,0.016918783066065448,0.00010782543058129868,0.05632992584036978,0.07146821803039671,1
2023-01-11,365.5683091847,370.7680087142,364.2340466639,370.7091441912,3370200,345.262225192845,338.32120075520805,348.5449835734272,71.45646227879708,6.992369114573137,4.1713129475014075,2.8210561670717293,367.05334373166994,323.47110665402005,12.622938131533848,0.0164060783399381,0.018463114201714648,0.027715070579644063,0.06559424916277545,1
2023-01-12,370.7091441912,373.9123553165,369.7869333313,372.6222411879,3291386,346.40090218083003,339.3442267446,350.8380557271865,72.36260817162432,8.035658225697262,4.944182003140579,3.0914762225566825,371.2035925236075,321.5982118380526,14.320222716873769,0.01635648062957266,0.005160641507438113,0.023829420168641535,0.08138505467078594,0
2023-01-13,367.962133119,370.7189549451,367.2263265818,368.4134277952,4261049,347.31150647727,340.18492487749603,352.5119006860449,67.30066736619581,8.425729729004274,5.640491548313318,2.785238180690956,373.87987556392756,320.7431373906124,15.29944651482278,0.016674850641758682,-0.011295121244728978,0.012156006576691691,0.021350667718491145,0
2023-01-17,367.9032685961,371.1653442443,366.8976663286,367.9032685961,2814656,348.748093276875,341.27735330747396,353.9777452489073,66.69168422443106,8.594625133330794,6.231318265316814,2.3633068680139804,376.4821050294844,321.01408152426563,15.90489656417478,0.014666174330233567,-0.0013847464848202318,-0.00756894087741411,0.010863412135809325,0
2023-01-18,367.4225416584,368.6979396562,361.5262786071,361.9383302679,2747128,349.906514073915,342.459128563508,354.73589620309707,59.87016265531163,8.153170610444363,6.615688734342324,1.5374818761020386,377.8115550569876,322.0014730908424,15.949997991279385,0.015325408902751518,-0.016213333333410906,-0.028672230852190173,-0.00563327134037106,0
2023-01-19,357.7000846137,363.7827519878,356.7190092307,360.9768763926,3111242,351.24118067817506,343.44143629583,355.330275268764,58.825721411794305,7.637690881829144,6.820089163839688,0.8176017179894561,378.5772579387692,323.9051034175809,15.565417020756941,0.014896286461703542,-0.0026564024721791313,-0.02018534299117336,-0.026253109617334958,1
2023-01-20,363.2235390195,369.4926107164,362.4092464517,369.1590450862,3863414,352.90218316981,344.45495132633204,356.6473009656627,64.50130609373471,7.799494398992408,7.015970210870233,0.7835241881221755,380.35403192582214,325.4503344137978,15.55776646629746,0.015474293543907426,0.022666739142318537,0.0034133333332209137,-0.00929412074453606,1
2023-01-23,369.6103397624,374.1625295391,369.2375311168,371.4057077131,2743884,354.541319514905,345.501253105388,358.05286351303766,65.89157986082631,8.016601359611002,7.2160964406183865,0.8005049189926154,382.3001719479027,326.7824670819073,15.65902246371636,0.015459737718645975,0.00608589348359434,0.026157432505676814,0.008122070728549646,1
2023-01-24,382.6193993399,382.6193993399,368.1191051803,372.8184562645,2756200,356.455330874715,346.773876234946,359.45911044174835,66.77281774773661,8.208040015368454,7.4144851555684,0.7935548598000537,383.7075995972398,329.2030621521902,15.29070621872857,0.01495066310114729,0.003803787938798431,0.03280426156444727,0.013359999999880579,1
2023-01-25,368.0013761344,375.320198491,368.0013761344,375.1534156759,3501927,358.38421630071497,347.66944229279005,360.9538061783342,68.23364251640766,8.450753217052295,7.621738767865179,0.8290144491871159,385.19256466058806,331.5758679408419,14.960674684053943,0.014951049500922263,0.006262993079246604,0.016237907941007546,0.036511980917352416,0
2023-01-26,376.1541125664,376.8408653345,365.9411178302,370.1008774538,3718355,359.935091548685,348.42438349257,361.8249558236167,61.89263142110417,8.141556770830107,7.725702368458165,0.4158544023719415,385.6648059084161,334.20537718895395,14.296863497818112,0.015531164475263764,-0.013467925416584592,-0.003513220804640782,0.025275860194647892,0
2023-01-27,369.0707483017,373.3188047098,366.3139264757,366.9516254746,3405833,361.53470089838004,349.11477236192803,362.3132100760913,58.25849122655844,7.555305189029582,7.691622932572449,-0.1363177435428673,384.7052188291272,338.36418296763287,12.817866651898472,0.015345289231958497,-0.008509171880018429,-0.015736427988794932,-0.005979589667333141,0
2023-01-30,362.4681109747,366.6671136136,362.4092464517,364.0966961103,2688806,362.68496250995497,349.66695534320803,362.4830658888731,55.09994983179532,6.782147274637339,7.509727800985427,-0.7275805263480883,383.88185072507446,341.4880742948355,11.688870731461702,0.015234497835371784,-0.007780124588922521,-0.029472528047437718,-0.01967931954466895,0
2023-01-31,362.9880809276,365.4309586311,360.0742870403,363.5865369112,3137379,363.833225524125,350.223628492098,362.58815836719,54.5310105452876,6.058410883950103,7.219464417578362,-1.1610535336282597,382.4567418017874,345.2097092464626,10.237391733992437,0.01523487140533406,-0.0014011640439204331,-0.01760152687942007,-0.024762506249825567,1
2023-02-01,361.5949538839,369.6495827777,360.0546655327,367.0006792438,2951854,365.197745044865,350.877775279472,363.0083984506766,57.68033580815424,5.694692463260708,6.914510026714832,-1.2198175634541242,380.198113110626,350.1973769791039,8.214929182499874,0.015221528243279664,0.009390178089662804,0.0001336791167951823,-0.02173173984678123,1
2023-02-02,372.3377293269,373.2697509407,365.7449027536,367.8444040731,2761579,366.19548585439503,351.50138601562605,363.4689704147169,58.446312708373114,5.412136792827027,6.614035379937272,-1.2018985871102448,378.94364631570204,353.447325393088,6.9624891369501345,0.014468460172751363,0.0022989734815708207,0.01029316663083546,-0.0060969144310707435,0
2023-02-03,363.7827519878,371.0623313291,363.4786186191,366.8338964287,2739672,367.30824637632,352.21136237577804,363.7894395589058,57.11300038642095,5.048474198571284,6.300923143664075,-1.252448945092791,375.31992270335473,359.2965700492853,4.362372152585143,0.014240291543687576,-0.0027471062036306115,0.008931462493324105,-0.0003208298798179632,0
2023-02-06,362.9978916815,367.2459480895,362.0658700677,365.9116855687,2068357,367.568231352795,352.77143799981195,363.9915582265053,55.86056476878781,4.632454214825941,5.967229357896449,-1.334775143070508,375.02507620487984,360.1113865007102,4.057393548207754,0.009904855613066987,-0.002513973951093651,-0.0029672797264130857,0.004984910541045329,1
2023-02-07,364.4793155097,369.9340946387,361.8598442373,367.962133119,2309176,367.76886126860006,353.30042719637,364.3697082162667,58.062603798358445,4.41728959664681,5.657241405646522,-1.2399518089997112,375.0390445174489,360.49867801975125,3.9536698260808056,0.009785682442964369,0.005603667855299976,0.0003200512080552276,0.012034538585977916,0
2023-02-08,366.1079006453,368.6783181486,363.1352422351,363.3412680655,2193818,367.73648578096504,353.685082582896,364.2717615352413,51.7918600589597,3.829757830595952,5.291744690636408,-1.4619868600404562,375.07912031627137,360.3938512456587,3.9934218219944735,0.010219029538570693,-0.012557990721304924,-0.00952100772911757,-0.009971129170224358,1
2023-02-09,366.2354404451,367.4814061814,362.2620851443,363.4099433423,2287602,367.37152573852,354.20237208252206,364.18968361210403,51.875046909259325,3.3312753256501537,4.8996508176391576,-1.5683754919890038,374.8118182649378,359.9312332121022,4.0505548226475785,0.00924846818758671,0.00018901039555907495,-0.006837011019508288,-0.012055262175250547,0
2023-02-10,362.6447045436,363.2431605272,356.0518779704,359.8878827176,2270717,366.73480781500496,354.67782342742197,363.7799882888179,47.361282839575765,2.6218010018487803,4.444080854481083,-1.8222798526323025,374.44345841345614,359.02615721655377,4.203937250668457,0.009327661493092936,-0.009691701312042778,-0.021943155761597777,-0.01893503784334727,1
2023-02-13,361.58514313,364.116317618,360.1233408095,363.8121842493,2286551,366.50474563771,354.97178643543805,363.78305457076857,52.33758375315338,2.3491166708938636,4.025088017763639,-1.6759713468697752,374.273682007709,358.73580926771103,4.2394738198989526,0.009445346361283313,0.010904233568706623,0.0012960712839122923,-0.005737726894775141,0
2023-02-14,362.5858400206,366.3433587372,360.7708505622,362.9586486661,1841422,366.25751464121,355.162477735778,363.7045397227049,51.20375595361498,2.040616232073944,3.6281936606257,-1.5875774285517559,374.14647319807614,358.3685560843438,4.30787532897135,0.009452069316855882,-0.0023460885043232738,-0.0012418335944509584,-0.013597824348088206,0
2023-02-15,359.348291257,362.8016766049,358.1023255207,362.6447045436,2203417,366.29283335499497,355.361387593906,363.6036030389806,50.76810388105955,1.7506147476472051,3.2526778780300014,-1.5020631303827963,374.1101273942344,358.47553931575555,4.268330323385407,0.00871492669251492,-0.0008649583737808664,0.007660224081962985,-0.0019171054408672061,0
2023-02-16,357.9944072285,366.0196038609,357.9944072285,360.5942569933,2792721,366.27370238503,355.597065308792,363.31699865367773,47.90149759968998,1.339887116261707,2.8701197256763424,-1.5302326094146355,374.1446297093475,358.4027750607125,4.29783916948726,0.008790882450794036,-0.005654149983743917,-0.00884502332608772,-0.0077479617731534,0
2023-02-17,357.1703039069,359.7603429178,352.9909227756,354.2957530349,2719130,365.53053778246505,355.874473064026,362.45783240427033,40.36228083830094,0.5003778344062653,2.396171347422327,-1.895793513016062,374.8456618323569,356.2154137325732,5.096769263877735,0.00787324678689245,-0.017467011291078527,-0.023867445129181486,-0.015538532835483454,0
2023-02-21,350.0084536116,354.92364128,348.4681652604,349.2235933052,2730919,364.42143206207004,356.052592649566,361.19742868054936,35.5146958040273,-0.5676764000082244,1.803401797936217,-2.371078197944441,375.740921333365,353.10194279077507,6.212307112259511,0.008086124186189123,-0.014316174230856071,-0.03700898171197875,-0.04009923684717298,0
2023-02-22,348.6349480755,350.9699074868,346.5256360022,348.2523286761,2109544,363.19312568265,356.137820184558,359.96456201345893,34.656350764612185,-1.4754815808593094,1.1476251221771119,-2.623106703036421,375.853373266566,350.53287809873405,6.97163392623142,0.007925115000889124,-0.002781211372082648,-0.03422663583194374,-0.040517893826326534,1
2023-02-23,350.9699074868,350.9699074868,345.0049691586,348.8017308906,1975505,361.87554144338503,356.27987902081003,358.9014352398533,35.60443575521683,-2.126083393977865,0.49288341894611654,-2.6189668129239814,374.76547928044994,348.9856036063201,7.123961893446464,0.007691091047684524,0.0015775981070640377,-0.015506881178332321,-0.03817227572762116,0
2023-02-24,344.180865837,347.3006855547,342.974143116,346.4373392177,2016148,360.69236453158,356.19166881843404,357.71437847583866,33.361082242245175,-2.8001977297981284,-0.16573281080273244,-2.634464918995396,374.6454019829829,346.7393270801771,7.736807774970942,0.007378793913609572,-0.006778612212912427,-0.007978424542081086,-0.03925996463072634,1
2023-02-27,348.9096491827,351.2544193479,348.1051673687,348.7526771214,2200873,359.78241711392,356.169748332298,356.86088310874925,37.513127160033484,-3.1117395820140246,-0.7549341650449909,-2.3568054169690336,374.34438107791254,345.2204531499275,8.094872495885024,0.007590275216040526,0.006683280471234232,0.0014367411330804547,-0.015645335474721245,0
2023-02-28,348.0953566149,351.024259063,346.5550682637,348.5662727987,2733091,359.00589594834,356.13704695094407,356.0709202220779,37.31156737698391,-3.3352335195265823,-1.2709940359413092,-2.064239483585273,374.2071009010561,343.80469099562396,8.468498776356297,0.0074979835415824375,-0.0005344885786642273,-0.0006750485191079347,-0.0018822339587047932,0
2023-03-01,347.3006855547,348.5858943063,342.7779280394,346.8101478632,1968084,358.16707649594,356.28981925612794,355.18894190218475,35.38272809725082,-3.612416986568917,-1.739278626066831,-1.873138360502086,374.0985848885777,342.23556810330234,8.896132245599226,0.007522918653533272,-0.005038137859408542,0.001076121431776933,-0.004141195030576084,1
2023-03-02,346.937687663,349.8711030579,345.0344014201,348.8409739059,2526001,357.259091229045,356.49124044770406,354.5843735215862,39.29119324020562,-3.626413158348896,-2.1167055325232442,-1.5097076258256519,373.1431694549815,341.3750130031085,8.892189794970358,0.007270325299550029,0.005855728430129714,0.00025317880060105047,0.00011250808647012,1
2023-03-03,351.3427161323,354.8451552494,350.3322084879,354.6587509266,2174952,356.59980857172,356.898744580088,354.59145708396846,48.83829710355105,-3.131956001729179,-2.3197556263644312,-0.812200375364748,371.74932707677704,341.450290066663,8.496649824762942,0.008394734643596474,0.016677447478602003,0.017478679388520435,0.02373130946988855,1
2023-03-06,354.9726950491,361.5557108686,354.4232928347,359.9859902559,2789640,356.25741326307997,357.379684480136,355.10522214796197,55.7071387731271,-2.2839040265219523,-2.3125853063959356,0.02868127987398328,370.76206448854293,341.752762037617,8.142792646816833,0.009190559480041802,0.015020746888048775,0.03799151343719398,0.03220996961864109,0
2023-03-07,360.2214483478,362.163977606,352.7500687691,353.1282733292,1660771,355.618242651105,357.669790330496,354.91694130807986,46.965726751043334,-2.140502786235686,-2.2781688023638855,0.1376660161281995,369.477104779087,341.75938052312296,7.79423576510887,0.010047128671465368,-0.01904995503248641,0.012290125713433353,0.0130879000250681,0
2023-03-08,351.82344307,354.8500606263,350.5186128107,352.2354947308,1634442,354.831910731695,358.023735643746,354.661565443577,45.954729779189485,-2.0749769985762327,-2.237530441606355,0.1625534430301223,367.5365971998555,342.1272242635345,7.160960490820742,0.0098982310214953,-0.0025281991441329366,-0.0068326417703465925,0.01564356435654246,0
2023-03-09,352.451331315,357.1261555147,347.2123887702,347.7323587232,2414831,354.05146526458,358.24686867509195,354.0016409940173,41.14379834721876,-2.359217194052462,-2.2618677920955768,-0.09734940195688546,366.48414691590034,341.6187836132596,7.023092895282621,0.009910903025212735,-0.012784446982100905,-0.03403919003622724,-0.0031779958939085473,0
2023-03-10,345.7407756958,346.3686639409,338.6966544465,340.5410761663,3176505,352.90802190577995,358.27602274853,352.7196824389966,34.86637130783721,-3.128690403662006,-2.4352323144088626,-0.6934580892531432,365.8822896120931,339.9337541994668,7.352775738136677,0.01071786047001298,-0.020680510100655747,-0.03564482969384253,-0.039806362379090965,0
2023-03-13,337.1269338338,343.2390334694,333.7716560242,338.1864952473,3308396,351.82295253226505,358.34056388386205,351.33556937312073,33.08637761498632,-3.8837292548300297,-2.7249317024930964,-1.1587975523369334,365.8665666815678,337.7793383829623,7.983341648532632,0.010646939946956431,-0.006914234680606257,-0.0398852463583691,-0.06055650941611246,1
2023-03-14,344.3574594059,349.3707546127,341.9636354716,346.1430166028,3413323,350.93949414994,358.441594938342,350.8410405378521,43.57009546174147,-3.7963166311773193,-2.939208688229941,-0.8571079429473785,364.04693869572765,337.83204960415236,7.469917045123138,0.011826518374443954,0.0235270227147355,-0.004570590227023219,-0.019781074623520967,0
2023-03-15,339.5011362605,341.8017580334,337.1367445876,341.4927192878,3082755,349.866197681025,358.459023791542,349.95072422832334,39.65911232756781,-4.055531978159593,-3.1624733462158714,-0.8930586319437213,362.3623385766243,337.37005678542573,7.143382800868404,0.012080076466723995,-0.013434612550153546,0.0027945031836196232,-0.03049884410771908,0
2023-03-16,340.0603492287,342.0911752714,333.840331301,341.4142332571,3768216,348.8046741167,358.49310268010396,349.1377250882069,39.594512885800555,-4.2186650304875,-3.3737116830701974,-0.8449533474173028,360.3491663606001,337.26018187279993,6.619459600497005,0.01208674620395472,-0.00022983222267136671,0.009544254590768686,-0.018169506827891424,1
2023-03-17,343.6216528687,345.2796702659,340.2958073206,343.0428183928,8426918,347.927102186675,358.39616729031,348.55725778388245,41.71598826889659,-4.168484248346829,-3.5326661961255237,-0.635818052221305,358.3691189744297,337.48508539892026,6.002416438459689,0.012187994745630093,0.004770114942670212,-0.008956408366769142,0.007346374348327522,0
2023-03-20,341.4142332571,347.1388081165,340.7667235044,342.7092527626,3864278,347.34777717306,358.3587786257581,348.0003049247127,41.39531093273837,-4.108273950807018,-3.6477877470618227,-0.4604862037451949,357.59602055947937,337.0995337866407,5.9008544518845945,0.011663073899781754,-0.0009723731625188581,0.003562399448331144,0.01337356038416826,1
2023-03-21,347.6636834464,349.4590513971,344.1906765908,347.859898523,3766785,347.27959243395,358.10173687543397,347.9869328864543,48.037630244541845,-3.6034049795310352,-3.6389111935556655,0.03550621402463028,357.4951008547673,337.06408401313263,5.883160798030628,0.011823454123435434,0.015029199587931696,0.018879310345114142,0.004960036279368696,0
2023-03-22,347.8991415383,353.1871378522,344.3868916674,344.3868916674,2596388,347.086320583515,357.71048401272395,347.644071817973,44.38463833293821,-3.4438369024306894,-3.5998963353306705,0.15605943289998114,357.36695756031304,336.8056836067169,5.923965519306235,0.012016599679121599,-0.009983924190015259,0.003918091860652284,0.008475063203795097,1
2023-03-23,345.7407756958,353.0448819217,345.1815627276,347.6636834464,2598053,347.02941821130497,357.383982125288,347.6459395921089,48.37365970812578,-3.018176678429768,-3.4835524039504904,0.4653757255207225,357.2840117283397,336.77482469427025,5.9099275040657995,0.012217841780285219,0.009514856280199657,0.014456658651209597,0.0183045977013907,0
2023-03-24,343.8178679453,345.7505864497,339.75621586,344.9755368972,2971590,346.95632809527996,356.869309979408,347.39161552592714,45.49104692121193,-2.864726066075491,-3.3597871363754908,0.4950610702999998,357.2475327732037,336.6651234173562,5.93227668416967,0.012247127060356449,-0.007732031492482361,-0.008291733649227417,0.005634044500494317,1
2023-03-27,348.8409739059,351.1170687943,347.5753866619,347.9089522921,2420474,346.914141853815,356.37504420149196,347.4408856941341,49.058470303328406,-2.4778501295542696,-3.183399735011247,0.7055496054569774,357.18243770144176,336.64584600618826,5.919790869726879,0.012307110058431332,0.008503256263571402,0.010227046121434658,0.015172334821966338,0
2023-03-28,348.831163152,349.1647287822,346.1247686007,347.6244404311,1695997,346.867050235435,355.95926445421,347.4583670976547,48.72538643585314,-2.1692006966382564,-2.980559927336649,0.8113592306983928,357.1132215503346,336.6208789205354,5.907837777007084,0.012307860953755507,-0.000817776775002721,-0.00011287637210466439,-0.0006768762162575603,1
2023-03-29,350.616720349,353.2116647368,349.0862427516,352.7260324223,2327006,347.16284446339,355.65571973073406,347.9600495095257,54.66868978254907,-1.4956965012191858,-2.683587242113157,1.187890740893971,357.72215015033345,336.60353877644656,6.083200351273177,0.012672479159328376,0.014675584906726824,0.022466797486018875,0.024214454605182123,0
2023-03-30,354.119159466,355.728123094,351.4604451783,352.4611420689,2480656,347.34385287154,355.466175966754,348.38872499137085,54.316640465786534,-0.972108154068394,-2.3412914245042042,1.3691832704358102,358.1336187741526,336.5540869689274,6.212728864157004,0.01262312329877224,-0.000750980446724947,0.013084428402342585,0.013799136495772801,1
2023-03-31,354.2957530349,356.7680629999,353.5599464977,356.532604908,3376796,347.43754557061004,355.377290537062,349.1643326024784,58.71715514146977,-0.22602214957396427,-1.9182375695181564,1.6922154199441921,358.5086349945137,336.36645614670635,6.372995414598161,0.012327925128807336,0.011551522574094308,0.02562582902931876,0.03350112333978017,1
2023-04-03,355.7477446017,359.7210999025,354.9040197723,359.5346955797,2978067,347.4149808368,355.184803546932,350.1519862193567,61.65050021840382,0.6005769348757326,-1.4144746686393785,2.0150516035151114,358.38505372752195,336.44490794607805,6.315256103406318,0.011998042649507433,0.008420241600272771,0.019302978888862787,0.03341605098404932,0
2023-04-04,359.8584504561,362.1345453445,356.5031726465,357.0133318456,2198730,347.60923376261997,354.896956029582,350.80544770757035,57.927647859553055,1.0402186896602075,-0.9235359969794614,1.963754686639669,359.10222678567015,336.1162407395698,6.6125936291431655,0.01127177731923148,-0.007012852348045606,0.012915437287580822,0.027008720683898257,1
2023-04-05,357.1600166253,358.7813273644,355.3225311211,357.4646265218,2239771,347.87069035217,354.589879434728,351.4396552136875,58.41173043516364,1.4088137288075018,-0.4570660518220689,1.8658797806295706,359.9934270734473,335.7479536308927,6.969679859493046,0.011248124353072216,0.0012640835395894001,0.002614127294306101,0.013434205768591445,0
2023-04-06,354.9294860934,355.740141463,349.7805962312,355.1849653614,2357712,348.24332068408,354.190510428438,351.79635141823155,54.970996873429876,1.4996908466396235,-0.06571467212973042,1.5654055187693539,360.7773235886029,335.7093177795571,7.198416831025741,0.01092762466332385,-0.0063773055884762675,-0.012098221038964518,0.0077280101758494535,0
2023-04-10,353.4555672397,354.6543545741,351.3626024675,353.8780906445,1559126,348.91017140799005,353.866054692252,351.9946122969238,53.04205280792671,1.4495482595857538,0.23733791421336645,1.2122103453723874,361.14976623942607,336.670576576554,7.015900271433437,0.009739374554186647,-0.0036794201454170006,-0.008781860287659926,-0.007445361874224621,1
2023-04-11,357.1010598712,358.8402841185,354.880355465,357.7987147953,3033867,349.89078238539,353.6829964786659,352.5473839634358,57.82353098340745,1.7065000309368088,0.531170337558055,1.1753296933787538,361.6705567767562,338.11100799402385,6.73340081213757,0.009706749556862878,0.011079024823660522,0.0009346051293261937,-0.004828409624281105,0
2023-04-12,359.7148093051,362.1909929793,354.7477027681,355.4895752578,2268779,350.35811031814,353.510854061616,352.8275926581371,54.31555245935926,1.7041633641214275,0.7657689428707295,0.938394421250698,362.24716620067244,338.4690544356076,6.7868021503693265,0.008600206466058318,-0.006453739049401164,0.0008576092067695829,-0.00426806634901522,1
2023-04-13,357.4941048988,363.3209974337,357.0703040978,363.2227361768,2611866,351.44461116259,353.503578046928,353.8176063265812,62.51680946376475,2.2998023068601583,1.0725756156686153,1.227226691191543,363.85462331046983,339.0345990147101,7.062286205969776,0.009002455309216815,0.02175355188233552,0.02640639751186935,0.016108194287718813,1
2023-04-14,363.566650576,366.8977071854,362.6921253895,365.954399119,2254716,352.671619455685,353.482652444432,354.9734913544306,64.91295702737987,2.9581728550290904,1.4496950635407102,1.5084777914883802,365.70892351855986,339.63431539281015,7.393452346971774,0.009017127879557706,0.007520627620817066,0.022794057067437867,0.030320635184099443,1
2023-04-17,366.8682288083,367.5953621094,361.9846443397,366.2786612668,2431374,353.833411599385,353.451337588306,356.0501742032277,65.19736577754325,3.4661459304271602,1.8529852369180002,1.61316069350916,367.36337126951634,340.30345192925364,7.647643906195128,0.009030491070609417,0.0008860725505162037,0.03034993642549355,0.03504192813891205,0
2023-04-18,367.4479702241,367.4479702241,363.5273460733,365.8463117364,2087976,354.99026454807506,353.43158589446,356.9831396825775,64.44725734957905,3.7901408739074895,2.240416364315898,1.5497245095915915,368.4742975379116,341.50623155823854,7.596846638598691,0.00903581413288886,-0.0011803841613503563,0.007223048830079293,0.022491967154505188,1
2023-04-19,366.5046621577,367.6444927379,364.7015680934,366.3179657696,1795447,355.913167910405,353.439711498478,357.8721707384844,64.92140050582655,4.038415400662586,2.600016171585236,1.4383992290773504,369.8382202359344,341.9881155848756,7.824971695924889,0.008610246596005832,0.0012892135797717419,0.0009934752840115024,0.030460500857014683,1
2023-04-20,364.9914388013,368.6664098098,363.2620406796,368.4797134217,2125035,357.11780899812004,353.45006310453203,358.8824128987906,67.08789768740772,4.359357758251804,2.95188448891855,1.407473269333254,371.0143929697075,343.2212250265326,7.782632857528881,0.008103835780356438,0.0059012875537196585,0.006009228458156768,0.014473150277523272,1
2023-04-21,369.1871944714,370.8625489018,366.7699675514,368.7155404382,3537820,358.17040184771,353.557548551986,359.8189012358772,67.32498316175105,4.579941444194901,3.27749587997382,1.302445564221081,372.2312914416536,344.10951225376647,7.8515084001397115,0.007994648937540821,0.0006399999997559469,0.00784271594315622,0.007545042021211312,0
2023-04-24,368.627105307,371.0738106041,367.1237080763,368.214408028,1886286,359.33234540425,353.6536378457,360.6184733113175,66.2331201484177,4.660593980867191,3.5541155001524944,1.1064784807146961,372.66139955959983,346.0032912489002,7.418788943341341,0.0076657133044306285,-0.0013591301565548664,0.005177038626581476,0.005284901813567444,0
2023-04-25,367.005794568,368.0670161426,361.9156649374,362.1222100994,2244992,360.043008294615,353.698324393336,360.76168633875386,54.633205788754374,4.184683808960074,3.680229161914011,0.5044546470460629,372.3353394269022,347.7506771623278,6.828257096568115,0.008740468695370133,-0.016545245910466244,-0.01725333333350787,-0.010179415556561211,0
2023-04-26,363.2129100511,365.7431374166,359.7246354308,360.3829858521,2588193,360.680935565665,353.629740425392,360.72561962573917,51.84178215362704,3.625389474388271,3.669261224408863,-0.04387175002059207,371.57371075130897,349.788160380021,6.040116962966491,0.008853740464084667,-0.004802865438224835,-0.02259887005629646,-0.016201716738165395,1
2023-04-27,360.2061155896,368.4600611703,354.7231374539,367.1728387047,3859931,361.403275879785,353.71402422616404,361.3396404904021,60.35747259695015,3.687521611049249,3.6729133017369406,0.014608309312308165,372.0022528868663,350.80429887270367,5.865457074941897,0.009213206814419728,0.01884065874127172,-0.002828703333142779,-0.003546666666841447,1
2023-04-28,366.0526603759,375.2892185257,365.0503955554,373.4222546443,3107278,362.451331508555,353.929575228178,362.4903656479161,66.26949480061398,4.192706504058833,3.7768719422013195,0.41583456185751366,373.44421329099424,351.4584497261157,6.065852613472771,0.009769133790172182,0.01702036556311315,0.031205057932785163,0.012765163628596365,0
2023-05-01,373.8742564261,375.8050901245,372.3708591954,373.2552105076,1745122,363.287461788535,354.182794298464,363.515588967886,65.98622226115914,4.527401044610997,3.926977762683255,0.6004232819277417,374.8799373599165,351.6949862171535,6.3819849517015985,0.009578889773547256,-0.00044733310514422087,0.03571818082661293,0.013689856696799119,0
2023-05-02,371.2015502381,372.2529456871,364.490306391,369.4918043679,2478715,363.78531722794503,354.486715325124,364.0847523393159,59.78577244337747,4.437817063305545,4.029145622807713,0.408671440497832,375.5444061485916,352.0262283072985,6.464850758821799,0.009850201551116728,-0.01008266203325614,0.006315733133694712,0.020351124739013127,0
2023-05-03,370.1206764121,372.9506006112,367.8213630003,368.3814521647,1970904,364.3537232439,354.869872502314,364.4939618464953,58.0525450339256,4.228481665009838,4.069012831248138,0.15946883376170007,375.84444840445525,352.86299808334473,6.307455874610792,0.009709535986313777,-0.003005079382205733,-0.013498934294640663,0.022194350528752738,1
2023-05-04,367.9884071371,370.2975466745,365.669441474,369.5802394991,2814954,364.959503892765,355.296430718774,364.9783692419815,59.42037405430106,4.111914383448152,4.077593141688141,0.03432124176001139,376.2085148555631,353.71049292996685,6.164525566706931,0.009715966565853846,0.003254201120484357,-0.009845732638272597,0.006556587363304889,1
2023-05-05,373.9528654317,378.4532309983,371.6633781456,377.9717508394,2683136,366.098843166665,355.87983111775,366.2158341560214,67.42725365146077,4.643135630072436,4.190701639365,0.4524339907074362,377.76517357244296,354.43251276088705,6.3733227370330185,0.010579439222997492,0.022705519514985895,0.02295029651877356,0.012183248691038928,1
2023-05-08,377.3330526695,380.7230660329,377.0972256529,378.8069715231,1719712,367.345287210595,356.527223763858,367.4149900957432,68.101884236721,5.073048676924259,4.367171046876852,0.7058776300474072,378.84827468956445,355.8422997316256,6.262765784374904,0.010460145043407648,0.0022097436695869277,0.02830088023470534,0.014873900910720161,0
2023-05-09,377.2053130355,379.4554958188,376.0458302039,376.2816572205,2036429,368.269434331855,357.07780336584,368.2594345838153,63.799327266040414,5.150613043601652,4.523859446221812,0.6267535973798397,379.5231831361024,357.0156855276076,6.111693100278531,0.010532334923424702,-0.006666493735440704,0.018132510900698007,0.018376193388688566,0
2023-05-10,379.2786255563,380.0303241717,371.0836367298,375.8886121929,1940761,369.28938617861,357.624250153724,368.98602292753765,63.13079814041298,5.12133238231695,4.64335403344084,0.47797834887611046,379.3606854858208,359.21808687139924,5.454421212279146,0.010356292977675262,-0.0010445500599294277,-0.005511360682045052,0.020378767671624276,1
2023-05-11,375.564350045,379.0133201627,372.6656429661,376.7238328766,1901218,369.96444101360004,358.222523853992,369.72295720840077,63.99421424367209,5.106656222091999,4.736014471171072,0.3706417509209272,380.128181698339,359.80070032886107,5.494441929009791,0.009351497412941666,0.002221989857121187,-0.005499208840122893,0.019328937573020344,0
2023-05-12,377.8047067026,378.3264739768,372.2136411843,375.2793924,2044079,370.43069067765,358.751292223874,370.25214151236264,61.31973182447972,4.921736272533451,4.773158831443548,0.14857744108990278,380.67108735738793,360.190293997912,5.528913741463815,0.009334912965076447,-0.0038342158115415303,-0.002663602653138808,-0.007123173711847008,1
2023-05-15,375.2302617715,376.9891382703,373.9086478661,376.743485128,1957649,370.95393187071,359.192986907902,370.8703647138519,63.00732734135584,4.837561529414586,4.786039371037756,0.05152215837683016,381.36032432355825,360.54753941786174,5.610611754602042,0.00935220806114253,0.0039013405949011037,0.0022742719714565762,-0.00544732951139526,0
2023-05-16,375.947568947,376.9301815161,370.7566232668,373.6286032839,2762816,371.343046448085,359.46583916846197,371.1330541014755,57.28134780125687,4.4680031473344,4.722432126297084,-0.2544289789626841,381.53620984380393,361.149883052366,5.489890543645331,0.009588455080165948,-0.008267911634999292,-0.008216176738979675,-0.007050712905320555,1
2023-05-17,375.5545239193,380.7820227871,372.5379033321,380.2710642511,3260404,372.04070137215996,360.0086949869,372.0033407823922,64.6574753860495,4.657428615768026,4.709431424191273,-0.05200280842324645,382.663568388772,361.41783435554794,5.71059401696254,0.010289191953382838,0.017778245318527564,0.013301214913979287,0.011658911486126522,1
2023-05-18,380.3791516337,385.2037793481,379.1017552939,385.2037793481,3729697,372.87690466848,360.66806067924597,373.2605254076977,68.94567225096065,5.146255715688824,4.796796282490783,0.3494594331980405,384.8002245570429,360.9535847799171,6.395311556860175,0.01055126970810669,0.012971576227379877,0.022456378289396506,0.022509715954917242,0
2023-05-19,385.1841270968,385.3806496106,378.4434048726,378.8659282773,3369116,373.384424060435,361.29073207032803,373.7943733000408,59.03452555978095,4.965009560797284,4.830438938152083,0.13457062264520125,385.4196034832004,361.3492446376696,6.446535338505398,0.011352489155798201,-0.01645324218138744,0.014017462655075086,0.009556975282770663,0
2023-05-22,378.2960129872,380.6346309017,377.5000968062,377.8440112054,1808828,373.865904219305,362.03679077110996,374.18005310055116,57.5968078706428,4.684905831875369,4.80133231689674,-0.1164264850213712,385.8053355922892,361.92647284632073,6.387012689972781,0.011373652869721357,-0.002697305288302365,-0.00638242894047103,0.0029211548994036995,0
2023-05-23,374.8863473723,375.3874797826,363.9990001064,367.2514477102,3979249,374.122366099845,362.61808982036797,373.5201859205177,45.28566450962172,3.5670712830246316,4.554480110122318,-0.9874088270976866,385.2333636874297,363.01136851226033,5.939766554678207,0.012554088736643433,-0.028034223597742214,-0.04660476506300548,-0.017068167473394347,0
2023-05-24,362.9476046575,363.1834316741,359.2235030205,362.0927317223,2655686,374.207853393355,362.93708412275794,372.4318569492589,40.72067136619668,2.2391030957675184,4.091404707251359,-1.8523016114838402,384.91361547809066,363.5020913086193,5.721826513075415,0.012934779067330466,-0.014046822742468157,-0.04427211660670449,-0.047803617571061,1
2023-05-25,361.5129903066,364.5394370195,358.5651525992,363.6059550788,3752240,374.02950921206,363.379348838578,371.59129486635806,42.550097102816416,1.2938683097367516,3.5318974277484374,-2.238029118011686,385.30194809934034,362.7570703247797,6.027566600842334,0.012225684330980095,0.004179104477745943,-0.037682365485105174,-0.05606856793007353,1
2023-05-26,364.5492631452,369.1478899687,363.6157812045,367.8606675031,2691345,373.751429855,363.90827752349804,371.2359970222382,47.45979872140599,0.8779620660986325,3.0011103554184766,-2.123148289319844,385.3400335645158,362.16282614548425,6.201235786047254,0.011879352386403077,0.011701437682388738,0.001658862876370959,-0.029047903104511996,0
2023-05-30,369.7374575101,370.0813719093,359.8327228134,361.1101191532,3430234,373.14417528728,364.269623538706,370.27162770137744,41.41262938626694,0.003599048827709339,2.4016080941003235,-2.398009045272614,385.9789718972723,360.3093786772877,6.879269440618173,0.012518065028050985,-0.018350829393422696,-0.00271370420617445,-0.04428783189871255,0
2023-05-31,358.6535877304,359.3414165288,351.6279078612,358.6732399818,10301859,372.603247067975,364.58890328308996,369.16701934713194,39.45810072954647,-0.8758791356281108,1.746110648154637,-2.6219897837827477,386.84316356080006,358.36333057515,7.643474180581802,0.012420661835180116,-0.006748299319649265,-0.013566100962045469,-0.02335785953162295,1
2023-06-01,360.7760308797,364.6376982764,359.685330928,364.4313496369,3389808,372.405741941585,364.920332305368,368.7160031842527,45.94951666103569,-1.0956110838903896,1.1777663017456317,-2.2733773856360213,386.9800501483771,357.83143373479294,7.827112509494105,0.013009136362319469,0.016053914854066598,-0.009322328177885697,0.006458616011087326,1
2023-06-02,368.0768422683,369.2854557283,365.6792675996,367.2317954589,2501459,372.288319739575,365.37723038119805,368.57465006755245,48.82351038830467,-1.0318827603022669,0.7358364893360521,-1.767719249638319,386.98908704754587,357.58755243160414,7.897517342609309,0.013112981301396896,0.007684426229494834,0.01695238095253404,0.009971894930362879,0
2023-06-05,366.2688351411,366.3130527067,362.1222100994,364.077609112,2316299,371.593612653205,365.70550889451,368.14636045273795,45.86538785173069,-1.221809819234636,0.34430722762191446,-1.5661170468565504,386.4665734777466,356.72065182866345,8.004960428866125,0.012055783723998697,-0.008589088379339471,0.015067667525110684,-0.010283943691990705,1
2023-06-06,366.4653576549,373.7661690435,365.3402662633,373.3534717645,2758722,371.320937665275,366.27306759185603,368.6422758157629,54.58063759880897,-0.6167344564410655,0.15209889080931846,-0.768833347250384,385.8509228226424,356.79095250790755,7.826106035779433,0.013499501853767167,0.025477707006273276,0.024482312338083734,0.03390476190479119,0
2023-06-07,372.6951213432,373.8840825518,361.8569047058,364.9324820471,3714519,370.753478906605,366.613538186956,368.2889621235093,47.15806734792795,-0.8074041131168315,-0.03980170997591152,-0.76760240314092,385.35050450218796,356.156453311022,7.87424875344733,0.01431576141568124,-0.022555005790094063,-0.006261204613088434,0.017451098569878143,0
2023-06-08,362.9377785318,363.3406496851,359.4838953513,361.1985542844,2595273,370.01897601118003,366.88502046402203,367.6136851864513,44.28242689515367,-1.2454511686410115,-0.2809316017089315,-0.96451956693208,384.98228367887657,355.0556683434835,8.087859616823776,0.014449431405443794,-0.01023183176722009,-0.007907805246859634,-0.008870793787968512,1
2023-06-09,364.0186523578,365.635050034,361.3655984212,362.8002127721,2202370,369.322795005955,367.086504071018,367.1552592422274,45.808920808899465,-1.4466896243076235,-0.51408320622867,-0.9326064180789535,384.26913207606077,354.37645793584926,8.093915280731458,0.01449099061986497,0.00443428820160463,-0.02826613327719818,-0.01206753538664107,1
2023-06-12,364.2250009973,369.4328476137,363.5076938219,368.7843233181,2407762,368.99804155185996,367.41296769600194,367.3104082018343,51.189516580942076,-1.1105036457408914,-0.6333672941311144,-0.4771363516097771,383.6926974661099,354.30338563761,7.964625423186547,0.015041883899846583,0.01649423108182968,0.01055494224409137,0.012927777178002975,0
2023-06-13,368.7843233181,370.6218088223,363.3799541879,364.9226559214,2444151,368.40700009153,367.58076871627,367.08300322274533,47.88532694773708,-1.1425080002103414,-0.7351954353469599,-0.4073125648633815,382.75478621957205,354.05921396348793,7.789095280207695,0.015150159430224424,-0.010471343689327783,0.010310400174159406,-0.022581324349965848,1
2023-06-14,366.4457054036,371.5061601346,365.5515279657,368.2438864051,2775463,368.13776424759,367.75495253277796,367.19356352582673,50.82524339796518,-0.8896211396253761,-0.7660805762026431,-0.12354056342273301,382.28418811557196,353.991340379608,7.685396741024289,0.015238358997114627,0.009101190155799355,0.0150046043010994,0.009074019225212782,1
2023-06-15,366.7797936771,372.9702528626,364.077609112,372.4494682009,2558125,367.74668444508,368.06367525988406,367.6941258758337,54.337951886726906,-0.34586426924994385,-0.6820373148121033,0.33617304556215943,380.9294117427997,354.5639571473603,7.169460857335568,0.01489695692446694,0.011420642544418325,0.009938450880512484,0.03114883429915749,0
2023-06-16,374.9747825036,376.2423527177,369.6195440018,369.9831106524,5882364,366.985651010295,368.314044942496,367.9121244259829,51.992351693347956,-0.11264892716377517,-0.5681596372824377,0.4555107101186625,377.5458545782258,356.42544744236415,5.75510434201396,0.014575213667687338,-0.006621992401851573,0.013867198018228777,0.01979849412274759,0
2023-06-20,368.4895395473,372.9112961084,367.2514477102,368.1063206454,3961765,366.4476706287,368.572472048176,367.9306193040226,50.21596754943835,-0.07836204800037194,-0.4702001194260245,0.3918380714256526,375.5241892526127,357.3711520047873,4.9537870486885485,0.014194849050614102,-0.0050726369744030775,-0.00037357241974322886,-0.0018384801897211034,1
2023-06-21,367.4577963498,371.810770031,367.163012579,369.5998917505,2301314,366.035464655955,368.88690807029604,368.0895976322586,51.63224474602672,0.06853917964843959,-0.3624522596111317,0.4309914392595713,373.6325377217139,358.43839159019615,4.151003823030939,0.014241227738235317,0.004057444877559657,-0.007650907555768027,0.012817060692738691,1
2023-06-22,368.5878008043,371.8992051622,367.4440397738,371.2310286152,1934457,366.23444370120495,369.15555434669403,368.3887815353958,53.198167144966206,0.3129708408918077,-0.22736763951054384,0.5403384804023516,374.15026346532073,358.31862393708917,4.32281556268583,0.012772570842418876,0.004413250385368439,0.0033729052134285897,0.008111858255845927,1
2023-06-23,368.4600611703,374.4933023447,366.7306630486,373.2060798791,3739720,366.79011110904503,369.50988443912,368.8475718538438,55.09396349112531,0.6584644558990931,-0.050201220428616466,0.7086656763277095,375.01903108930827,358.5611911287818,4.486991187075281,0.012328809667944675,0.005320275277816977,0.013854038759124387,0.00203144786822973,0
2023-06-26,371.4865078832,373.3829501416,368.8236278208,370.8576358389,3327849,367.15269514704994,369.66258243236194,369.03900651908725,52.377165547111694,0.7343062028443796,0.10670026422598275,0.6276059386183969,375.4273816585574,358.87800863554247,4.507490545966624,0.012434740838981304,-0.00629261999418862,0.003402988248841554,0.002363689480197939,1
2023-06-27,373.7268645408,376.1833959636,372.4199898238,375.151652766,2197373,367.517244410195,369.84652750530194,369.6211633045075,56.59209551585435,1.1279008739480787,0.310940386170402,0.8169604877776767,376.4969588727632,358.53752994762687,4.8866901344883145,0.01242923842048106,0.011578612686204082,0.010561143462131994,0.01913939458645375,0
2023-06-28,374.5620852245,374.7635208012,372.0859015503,373.6187771582,2012435,368.14267731044504,369.99332982312995,370.0018884334306,54.72989027369284,1.3011385207838089,0.5089800130930834,0.7921585076907255,376.9917504902551,359.293604130635,4.807415018796011,0.011641350164479725,-0.004086015872509341,0.0011058160661092664,0.010873610889510221,1
2023-06-29,374.227996951,381.263502946,373.8840825518,380.9294146725,2524838,369.25548604498,370.29499188185196,371.0426052181039,61.274732947249284,2.005222991430685,0.8082286087606038,1.196994382670081,378.6426477476474,359.8683243423126,5.084372234092651,0.012105971898886507,0.019567104121227086,0.02715807323426711,0.026124933827535335,1
2023-06-30,381.3519380772,388.2990089409,381.3519380772,386.4615234366,4407142,370.356994734965,370.697863035192,372.51107361986544,65.35634321897493,2.9753124012796093,1.241645367264405,1.7336670340152043,382.09669683438824,358.61729263554173,6.339668085828606,0.01202419487491122,0.014522661025943906,0.030147463265087993,0.03551775887947506,1
2023-07-03,384.5356028011,387.4490490686,381.9218533673,387.1100477323,1304646,371.35090734863496,371.070469721404,373.90145210676394,65.81126876096263,3.7531813995216226,1.7439525737158488,2.0092288258057738,385.06399376607015,357.63782093119977,7.385513887844605,0.011976148700020128,0.0016781083144656872,0.036109723062413224,0.04382385671158184,1
2023-07-05,382.0495930013,388.3776179464,380.3988038851,387.8666594105,2781997,372.54035986356,371.45349210085,375.2314718499769,66.36618093190009,4.380208111510399,2.271203681274759,2.1090044302356397,387.58573755031176,357.49498217680826,8.077179982465257,0.011681149032289803,0.001954513148476167,0.018211365336447516,0.03389297781511025,0
2023-07-06,387.5433802751,387.9173144206,383.5185696216,386.86439459,2156894,373.215906004835,371.82649183208997,376.3393692537886,64.86428097656349,4.741598705176671,2.7652826860551416,1.976316019121529,389.50827548742444,356.92353652224557,8.730801244241915,0.01049374185238003,-0.0025840447900917773,0.0010424612256805244,0.03545222628409683,0
2023-07-07,384.4239822723,386.1854089048,382.200058144,382.475588567,2654516,374.09306133083,372.23355940144205,376.9237710931421,58.60951730507518,4.620599986639775,3.1363461461720683,1.4842538404677064,390.3960984476139,357.79002421404607,8.716032881650424,0.009360837968036703,-0.011344559190181625,-0.011971942326087337,0.00405895117296029,1
2023-07-10,382.278781122,387.1497653852,381.8162836263,385.9000381096,2148582,375.32813552209,372.74390044659197,377.7786536661381,61.71191857988199,4.746319472818072,3.4583408115012695,1.287978661316803,391.27538180276116,359.38088924141886,8.497762235963561,0.008974151930924101,0.008953380673078382,-0.00507035408480061,-0.0014528880443438474,1
2023-07-11,387.3367324579,392.0994726263,386.0771648101,391.4500080579,2106362,376.76062528638,373.229443833656,379.08068741773445,66.14138317759063,5.233461180396887,3.813364885280393,1.420096295116494,393.09156957516666,360.4296809975933,8.669135356898474,0.009306843417224634,0.01438188494483561,0.011853283817343296,0.011211179743392252,1
2023-07-12,392.6308527278,396.7342879555,392.3454819326,394.2938756378,2273532,378.03610290236503,373.646876253526,380.5295624863121,68.17319769378938,5.782345559598582,4.207161020144031,1.5751845394545514,395.61310673485116,360.4590990698789,9.299113866394777,0.008865153912705098,0.007264957264937255,0.030899454564091045,0.016570684979906325,0
2023-07-13,396.5670016273,396.8031705613,394.0675470761,394.1659507986,2354875,379.498267646225,374.065091059346,381.82826613510144,67.97559264265335,6.136282672260904,4.592985350567405,1.5432973216934993,397.3319790115331,361.6645562809168,9.398573266707531,0.008302822655069066,-0.0003244403403249718,0.021419828641354943,0.018873683674968778,1
2023-07-14,395.7010488694,397.0491798675,393.905180934,396.0848233871,1978498,380.890314495325,374.59695143973,383.18603349243466,69.40800518792416,6.496727138845188,4.973733708222962,1.5229934306222255,399.3288781645943,362.45175082605573,9.681823332105546,0.008216613376796864,0.004868184541592768,0.011840120663669795,0.03558196974371364,0
2023-07-17,395.5337625412,397.5510388522,394.7170116445,395.7797718474,2344566,382.05682967765,375.14491783338394,384.3854371452885,68.88053816609087,6.68075527743116,5.315138022064602,1.3656172553665584,401.1520440078942,362.9616153474058,9.996007319830005,0.0080631204535127,-0.0007701672007812688,0.0037684993387139265,0.025601795185607124,0
2023-07-18,394.0281855871,395.5239221689,388.9014500492,391.8042614589,2676239,383.14788721797504,375.58939827258,385.0919918418229,62.241983609473024,6.4316681723697116,5.538444052125624,0.8932241202440876,401.84850568739114,364.44726874855894,9.761566796153158,0.008312205598282104,-0.010044753853748922,-0.005991611743518477,0.0009049773756744095,1
2023-07-19,391.6468155029,393.4672843689,389.9837925928,391.9125055536,1809748,384.33819646338503,375.868213366864,385.7415645762779,62.34838727353794,6.171853950347554,5.66512603177001,0.5067279185775444,402.06274860616827,366.6136443206018,9.22341432929725,0.008126081935943193,0.0002762708457966223,-0.010533899778892408,-0.006039581721496323,0
2023-07-20,390.8005434895,393.339261126,389.2359243019,391.7058577364,2570771,385.44349476267996,376.12619109113,386.3095924962895,61.98923799072054,5.881476555079587,5.708396136431926,0.1730804186476611,402.07737502873226,368.80961449662766,8.631034375761816,0.00816429234690028,-0.000527280488046955,-0.010293386374912505,-0.006241262232863476,0
2023-07-21,392.3061204436,395.1007861622,391.0760739125,391.1449565182,1868149,386.43919115783,376.4234570770839,386.77010335551904,60.962748371968104,5.542203267248738,5.675157562595288,-0.13295429534655057,401.8930845795991,370.98529773606094,7.998098420331994,0.008213262547763826,-0.0014319449329692757,-0.0016827406068659068,-0.012471739832536355,1
2023-07-24,391.135116146,398.4465127268,390.2790037603,398.3284282598,3029808,387.69530857686493,376.87225339842195,387.8708962035458,68.22071644774633,5.786272331471878,5.697380516370607,0.0888918151012712,402.7205953614865,372.67002179224335,7.751080011659544,0.008923882407234221,0.01836524189278599,0.016370803726043714,0.006439582297254498,0
2023-07-25,396.9310954005,398.3973108656,394.5989271775,394.8744576005,2490524,388.89614966494497,377.2352658929,388.5379020508748,62.22967540350641,5.636023684392285,5.685109149974942,-0.049085465582657584,402.0717998264894,375.72049950340056,6.775922144200165,0.009073056080679699,-0.008671162825082623,0.0080892327789297,0.00783604581065056,1
2023-07-26,392.8079794283,396.872053167,389.4301732501,395.9864196646,2572262,389.937888009875,377.64940643819205,389.2472846807534,63.34568302488071,5.542782844250894,5.656643888830133,-0.11386104457923896,401.8344853719281,378.0412906478219,6.10179094048529,0.008855169412608058,0.0028159888356844576,0.012377669878442576,0.010394958194164694,0
2023-07-27,398.7220431498,398.7220431498,387.6614647421,388.2026852158,3563319,390.667083412755,377.87859043994797,389.1477990174245,51.80631838840725,4.785640602136084,5.482443231491323,-0.696802629355239,399.98060235040447,381.35356447510554,4.768008021709557,0.01008609185467572,-0.019656569170712568,-0.02542058845319406,-0.008943375370601414,0
2023-07-28,391.6074540139,391.6468155029,382.6689518817,386.6872678895,4501094,390.95497607360505,378.13976373206003,388.913462719527,49.90042738640083,4.017012784111785,5.189357142015416,-1.172344357903631,399.3581572620666,382.5517948851435,4.298797407750332,0.009261986779001663,-0.003903675538610929,-0.020733652312561413,-0.011396513119791618,1
2023-07-31,387.6811454866,389.7574640311,386.2001694632,387.9861970263,3578342,391.03120975309,378.29406638756404,388.8251517011244,51.545874700793085,3.47265185743737,4.846016085099807,-1.373364227662437,399.2964813322159,382.7659381739642,4.227422964189899,0.008710888450439639,0.0033591205210592445,-0.020203275266551413,-0.025964080140307044,1
2023-08-01,387.4941784139,390.9579894455,386.0968455546,390.7316608838,2344258,391.21229041066505,378.40462401827796,389.0067240042364,54.916298272466854,3.2255952356276794,4.521931915205381,-1.2963366795777018,399.282383163842,383.1421976574881,4.125684673508373,0.008840684738639627,0.007076189510200281,0.006514575412053469,-0.010491427432086198,0
2023-08-02,387.5925821364,387.9173144206,383.3612220694,383.7941984483,2410676,391.008667362555,378.503189421698,388.5102929989091,46.175773608303004,2.4418576284078313,4.105917057845872,-1.6640594294380406,399.59514021096936,382.42219451414064,4.3919603656523165,0.009724675972034918,-0.017755055783828855,-0.007481677524553865,-0.0307894933028936,1
2023-08-03,381.3734668751,387.1596057574,380.2516644388,386.7364697507,2190534,391.00227112059,378.681038592604,388.3413574514606,49.82335210358882,2.0347018562371204,3.6916740175241216,-1.6569721612870012,399.6012645182612,382.40327772291886,4.398436547709529,0.009877012644119677,0.007666273524445488,-0.003221061174800699,-0.0037769328264304347,0
2023-08-04,385.3588176359,389.7673044034,383.8434987133,385.1029679574,2215814,391.13364009011,379.038068997548,388.0329394044073,47.883217944095236,1.5622098477349482,3.265781183566287,-1.703571335831339,399.27570056132294,382.9915796188971,4.1633138327540085,0.009568954085159785,-0.00422381109894554,-0.014405520437397845,-0.004097109120625997,1
2023-08-07,386.7266293785,391.4008061967,386.7266293785,390.5348534388,1559899,391.36538085656997,379.606911431878,388.2712169314923,54.26140577163053,1.6075336418949178,2.9341316752320137,-1.326598033337096,399.15459934998836,383.5761623631516,3.9805352616372733,0.009876122258327654,0.014105021081013414,0.017563201887242696,0.006568935781824381,0
2023-08-08,389.8558677536,390.0526751986,383.9024425431,386.9135964512,1747173,391.13856027623495,380.073064259326,388.14191974289304,49.878830365870904,1.335849064041895,2.61447515299399,-1.278626088952095,399.16528930874205,383.11183124372786,4.104289296784418,0.009555453160179866,-0.009272557764597678,0.00045800361319470184,-0.00977157680021079,1
2023-08-09,387.5729013919,390.4561304608,385.6146673144,387.3859343192,1806063,390.793163210305,380.463569595648,388.0699211311127,50.44109166236786,1.1454467994785773,2.3206694822909077,-1.1752226828123304,398.8415431551866,382.7447832654234,4.118997312422474,0.009389784438955018,0.001220783845107265,0.0059281972660687465,0.009358494436397358,1
2023-08-10,390.1313981766,394.2348334043,389.3953383324,390.8005434895,2154471,390.62489284485,381.057378082374,388.3299804033401,54.421688093622734,1.2556081864175326,2.1076572231162327,-0.8520490366987001,398.5235023265348,382.72628336316524,4.0440891639857615,0.009635423264244025,0.008814489292960248,0.0006803235315888667,0.010508638457138009,0
2023-08-11,389.4327317469,390.3380459938,386.5355293494,388.6750230838,1464655,390.25440282968503,381.657413744414,388.3628416110029,51.64113521639351,1.158050856796308,1.9177359498522477,-0.7596850930559398,397.78017258769523,382.72863307167484,3.8568532236622057,0.009615314560190446,-0.005438888049440815,0.0045525064219915645,0.00927558451534738,1
2023-08-14,390.1215578043,392.8571812895,388.3110277143,392.2175570933,1638575,390.07629209198,382.213137893542,388.7299573712217,55.703354998372426,1.351015196377375,1.8043917991572733,-0.4533766027798982,397.2299744365631,382.9226097473969,3.6678375433779324,0.009872912378024132,0.009114385538316894,0.01247237533957235,0.004308715700233279,0
2023-08-15,391.1449565182,391.1449565182,387.3072113412,388.1534833546,1753282,389.89375318676497,382.63157165145594,388.67505508392435,50.465929804858,1.162602284456284,1.6760338962170755,-0.5134316117607916,397.04806324022474,382.7394431333052,3.6698767266644277,0.009889443797345281,-0.010361784334231738,-0.006773430024595517,0.003204557593148083,0
2023-08-16,387.1596057574,392.8276601728,386.8447138455,388.0747603766,2002011,389.701865927915,383.11151467674796,388.61788415941726,50.3671408486774,0.9954564061083033,1.5399183981953213,-0.544461992087018,396.83513616011305,382.5685956957169,3.660885849346971,0.009888244979330389,-0.0002028140448968596,-0.0015443819940819115,0.0017781390504294503,0
2023-08-17,389.8165062646,389.8804686842,384.7487145565,386.352695233,2118703,389.434207802745,383.371499146118,388.40215188071085,48.146845737462044,0.7157847075586687,1.3750916600679908,-0.659306952509322,396.64788737372135,382.22052823176864,3.704697443851776,0.009928522732547523,-0.004437457210380913,-0.014953083446248794,-0.011381376844527002,0
2023-08-18,383.5973910034,387.5532206474,382.6231941507,385.9098784818,2001800,389.172453900925,383.791047074812,388.164792509386,47.5661870974142,0.4531872005359787,1.1907107681615883,-0.7375235676256096,396.4978862930268,381.8470215088232,3.764620192757367,0.009927529913917373,-0.0011461464011088829,-0.005780200279048797,-0.0071142842677694995,1
2023-08-21,386.9332771957,388.684863456,384.7782356732,386.9234368235,1869502,388.60220432910995,384.305544725594,388.04656815834926,49.079927694053644,0.3231375433684889,1.0171961232029685,-0.6940585798344796,394.65253189920566,382.55187675901425,3.113892562982807,0.008914999100077562,0.002626412015384272,-0.002966757106240836,-0.0134979176073462,1
2023-08-22,388.6947038282,392.4045241661,387.3957746914,391.4893695469,2422581,388.43294992643,384.87932786108996,388.37445400487786,55.33551119091231,0.5817982566467208,0.930116549891719,-0.3483182932449982,393.93665666580324,382.9292431870568,2.8338001399807315,0.009208274065533614,0.01180061037626623,0.013295298252810506,0.008594245151350322,1
2023-08-23,392.8965427785,395.5042414244,392.0010689039,394.657969411,1943221,388.36652741375,385.39680078294805,388.9728840435562,59.09142596822664,1.0305882831985969,0.9502108965530947,0.0803773866455022,393.52524165005195,383.2078131774481,2.65662145018283,0.009379024274624956,0.008093706012419322,0.0226687405971977,0.01696376499211505,0
2023-08-24,395.1795091402,397.5510388522,391.1547968905,391.3220832187,1970016,388.52249731389503,385.92478932889406,389.1966172983318,53.947948888258,1.1043492256048353,0.9810385623634429,0.1233106632413924,393.8382022815254,383.20679234626465,2.7363691958026912,0.00843854100328674,-0.008452600608264915,0.011368260427208288,0.012862309612472256,1
2023-08-25,394.2545141488,398.1611419316,392.6308527278,396.4587575326,2154774,389.01107179605,386.48908675144406,389.88824970159544,59.7566841550892,1.5593171545178848,1.0966942807943314,0.4626228737235534,395.2740687662082,382.74807482589176,3.219958209025868,0.00882803142403776,0.013126461639092257,0.012693545143898755,0.027335084274857424,1
2023-08-28,397.5510388522,401.2903803067,396.714607211,400.9361269058,1901274,389.65856829002496,387.05881992554197,390.9404284829483,64.01712064493898,2.255172579824489,1.328389940600363,0.9267826392241258,397.7690207080323,381.5481158720176,4.162850802228839,0.009100194914983152,0.011293405147777102,0.015907844212976974,0.03621566632752726,1
2023-08-29,400.9164461613,405.610303724,400.0996952646,405.0789236225,2188937,390.37593142695994,387.76073618494394,392.2869518295723,67.45077355689489,3.1051379920969,1.6837395508996704,1.4213984411972294,400.9138707471891,379.8379921067308,5.398867333705395,0.009229997421061818,0.010332809738727633,0.03515477657342325,0.03471244721492228,1
2023-08-30,408.1589601364,411.1081196994,406.9190732331,407.3028477508,2516721,391.551363892085,388.544666727052,393.7170371554035,69.15250643265131,3.9130861744300205,2.1296088756057405,1.78347729882428,403.96755721544093,379.1351705687291,6.342050861443519,0.008015656932748043,0.005490100813965171,0.027352379061290844,0.03204009375174066,0
2023-08-31,407.5980589182,409.644856346,405.2068484618,406.0531204752,2535134,392.51719642831,389.273731301546,394.8919022334793,67.03165321151619,4.401807091031458,2.584048518690884,1.8177585723405736,406.2231832359599,378.8112096206601,6.983636351409212,0.008046615068608142,-0.0030682998719534504,0.012762615354445783,0.037644277918931435,1
2023-09-01,407.233965145,409.8613445355,405.9055148914,408.9363495441,1841670,393.708865507645,390.027837720124,396.2294686440146,69.36594807469302,4.96454622957981,3.060148060868669,1.9043981687111406,408.71210964473397,378.705621370556,7.621491640907768,0.007948584815047751,0.007100620395493529,0.009522652739135884,0.03147261038993188,0
2023-09-05,406.7517869048,408.7690632158,403.160051034,404.9313180388,2045555,394.428688737645,390.662342483318,397.05821620542275,62.72250232317461,5.029372998907604,3.4539930484764563,1.5753799504311479,410.11940479356434,378.7379726817257,7.956173830122197,0.007993372162470393,-0.009793777221724032,-0.0058225218043430615,0.0099646573728156,1
2023-09-06,404.2228112369,406.7813080216,402.3629808819,406.5845005766,2292121,395.412233943915,391.376879778072,397.96548138363016,64.24475377033698,5.154726220069847,3.7941396827951346,1.3605865372747123,411.5549275089446,379.2695403788854,8.164994493983858,0.007562217905834231,0.004082624544347047,0.0013086467622220876,0.0037167496660555077,1
2023-09-07,405.3446136732,409.48741039,405.1576466005,408.0015141804,2502686,396.443012936975,392.03387700636006,398.92129403094157,65.54357031494015,5.307232236724303,4.0967581935809685,1.2104740431433347,413.03066594895154,379.8553599249984,8.36824081680239,0.007558854557454214,0.0034851638510333682,-0.00228601679635998,0.0017153487471501805,1
2023-09-08,408.3754483259,409.684217835,407.2487257034,408.2180023699,1869468,397.31388588099503,392.72586151059403,399.80669482512803,65.74827855031515,5.383505441678949,4.354107643200565,1.0293977984783842,414.4451186633491,380.18265309864097,8.623525827378344,0.0074275482511809415,0.0005306063383976323,0.008116646415541107,0.005331523846354047,1
2023-09-11,410.1959171919,410.9241047383,408.0162747388,410.0384712359,1544746,398.3820582886,393.30804264186196,400.781149721392,67.49700604346259,5.527135748926298,4.588713264345712,0.9384224845805864,415.88554913696623,380.8785674402337,8.78728872658527,0.0072179660046990494,0.004459550670061763,0.008495086886985748,0.002695093485890032,0
2023-09-12,409.3102836895,410.9782267857,408.6214576321,409.6251756015,1997630,399.25243921401,393.77131568516,401.6234379004499,66.6648611381176,5.543709862128935,4.779712583902357,0.7639972782265785,417.1695612608828,381.3353171671372,8.975335044737824,0.007098693487531609,-0.0010079435550381932,0.003979547537615424,0.011591737545600944,1
2023-09-13,409.526771879,411.7310152627,408.3459272091,409.6546967182,2142220,400.32749988218995,394.222208664878,402.3883196926166,66.6964447427628,5.495874058567097,4.922944878835305,0.5729291797317915,418.0307275168431,382.6242722475368,8.844372489955319,0.0064838861160904085,7.206860920261349e-05,0.0035194291774476305,0.007551188343987381,0
2023-09-14,411.622771168,411.9179823355,401.270797966,406.7419465326,3557785,401.26085918998996,394.59971440732005,402.80295082023406,60.59603795796765,5.163408681328974,4.971037639334039,0.19237104199493515,418.23503753188186,384.28668084809806,8.460420673053948,0.006822833127229247,-0.007110257026062272,-0.008039549785082034,-0.0030871641501876157,1
2023-09-15,405.2855714398,411.622771168,404.5770646378,407.6964626407,4755526,402.328047560375,395.01635576833405,403.26899956504036,61.82818799333327,4.920231580363122,4.960876427539856,-0.040644847176733556,418.05699838845266,386.59909673229737,7.818968090071967,0.006632357302257711,0.0023467363428755217,-0.004708482475394349,-0.0012776010028273665,1
2023-09-18,407.273326634,411.2156749681,406.4423071976,410.4714476149,1808118,403.55612601703,395.57627294929193,403.95494699836036,65.23199930276856,4.895003518227952,4.947701845677475,-0.052698327449522964,417.72365667979443,389.3885953542656,7.021343376740886,0.006627197214945428,0.0068064975502266645,0.0019937545040813465,0.001055940867438654,0
2023-09-19,410.3041612867,410.4419264981,404.5377031488,406.9289136053,1731089,404.55639985612004,395.99685045920603,404.23818191330696,58.10839691498315,4.536859120994677,4.865533300740916,-0.3286741797462387,416.54233341713706,392.570466295103,5.925469756641992,0.007129474934789171,-0.008630402991936181,0.0004596700052548197,-0.006582266317593288,0
2023-09-20,407.1650825393,409.211879967,403.5339851795,403.9669615584,1580643,405.180279456695,396.247189529216,404.21235140331584,52.906118839507684,3.9682784855635305,4.6860823377054395,-0.717803852141909,415.5738222398857,394.7867366735043,5.130330033400128,0.007102661957157383,-0.007278794767021535,-0.00914773961526083,-0.013884218111900659,0
2023-09-21,401.8217604082,402.2448964149,395.6813681249,396.9212550283,2451064,405.29344373756,396.29973711702604,403.51796127236196,43.036085123030595,2.9155361165361455,4.33197309347158,-1.4164369769354348,415.2670590364564,395.3198284386636,4.921676110484834,0.00809807759665522,-0.017441293968495586,-0.0330112914438635,-0.02414477185847097,0
2023-09-22,397.9348133699,400.3555449431,395.1499880235,395.7994525919,1885064,405.51731220622,396.33240715289196,402.7828652075561,41.70211135592345,1.968023967909744,3.8591832683592133,-1.8911593004494693,414.3637761546304,396.67084825780967,4.363051185302598,0.007871961939250174,-0.0028262594209524927,-0.02734988997167953,-0.02918104800748489,1
2023-09-25,394.2053122876,396.7932317853,393.4574439967,396.0651426426,1846580,405.49763146172,396.332013538002,402.1430821061317,42.15940052260193,1.2244381692649426,3.3322342485403595,-2.107796079275417,414.42599045991227,396.56927246352774,4.403655314092815,0.007300635597019202,0.0006712744268850823,-0.019560557341909424,-0.03509697216702845,0
2023-09-26,393.6148899527,394.4513215938,387.3268920857,389.0686379737,2940561,404.90425701511504,396.197790860528,400.897896950662,34.48768269562284,0.06977726318643818,2.679742851469576,-2.6099655882831376,416.2236263486161,393.58488768161396,5.591133774164554,0.00779292219414262,-0.017665035156132047,-0.019783815946163186,-0.04389040698377,1
2023-09-27,389.8853888704,390.6921025873,385.2308927967,389.1670416962,1987457,404.1086629188,396.145046465274,399.7806726407133,34.667752492718236,-0.827816907737656,1.9782308996281295,-2.8060478073657853,417.3420347399899,390.8752910976101,6.549412588984249,0.007299605829759,0.00025292124035614094,-0.016756998657445177,-0.03663646107371188,1
2023-09-28,389.5114547249,394.9433402062,389.0538774153,393.0638291067,2216244,403.396711986595,396.16807293633593,399.1409732565216,41.52243103172482,-1.2107715569660513,1.3404304083092933,-2.551201965275345,417.377117584344,389.416306388846,6.931343356221285,0.007606702543013652,0.010013148578861486,-0.007577828020599919,-0.009718365728045852,0
2023-09-29,395.6124855192,395.7600911029,387.9566759096,389.5901777029,3032386,402.57356484798004,396.1257593356659,398.23137367998623,37.72290975004566,-1.774109681229163,0.7175223904016019,-2.491632071630765,417.72131162444896,387.4258180715111,7.525455270362334,0.0077670182546834355,-0.008837372321168324,0.001340482573759294,-0.01568793197751639,0
2023-10-02,387.3170517134,390.028074268,386.1807839298,389.5311354694,2856776,401.603304144245,396.09348291469,397.4027795646923,37.65983061932351,-2.1999636071136024,0.13402519089856102,-2.3339887980121636,417.46560524063005,385.7410030478599,7.899487346193626,0.007481951250410348,-0.00015154959462304607,0.0009355719631680692,-0.016497304280816638,0
2023-10-03,388.2026852158,391.5090502914,382.7609593622,384.8175971622,2528120,400.597618100415,395.823266292738,396.20419076445495,32.926231372130516,-2.8845477888554,-0.46968940505223117,-2.414858383803169,417.96724201339293,383.22799418743705,8.671855811496124,0.007618446230177116,-0.012100543135069253,-0.02097937111954784,-0.010926197582102115,1
2023-10-04,385.7425921536,388.1731640991,382.3771848445,387.4744976694,1813405,399.64211795505497,395.675267094116,395.37279142206876,37.68117441681923,-3.176084098319734,-1.0109683437057317,-2.1651157546140025,417.67893082151807,381.6053050885919,9.026482473247013,0.007771671095213412,0.0069043113589219995,-0.0054305271400179045,-0.004349145342377736,1
2023-10-05,384.7137722483,388.9808145236,384.3294428055,388.4683752665,2116563,398.66546100936,395.52490620615396,394.71522797868124,39.41148944676222,-3.2890173632502524,-1.466578147614636,-1.8224392156356164,416.9002022278431,380.4307197908769,9.147891152805435,0.0077378012210536275,0.002565014221782347,-0.002728306176653428,-0.011691367915088735,1
2023-10-06,387.5124789601,395.1695040129,384.8221728604,392.1835598803,2484148,397.86373888488,395.60452369944403,394.4741167312163,45.50281954159626,-3.043648158738847,-1.7819921498394784,-1.2616560088993687,415.75472971842333,379.9727480513366,8.993526720322723,0.008170695389694619,0.009563673262337646,0.019141439405109262,0.006656692919444485,0
2023-10-09,388.7245948951,390.734933519,383.9155495594,389.0005237258,2475166,396.811841509375,395.65078881617,393.95282215927193,41.64021149604336,-3.0706392939251828,-2.0397215786566196,-1.0309177152685631,414.1821637769375,379.44151924181244,8.754941486367988,0.008133689805174461,-0.00811618966249239,0.003938390953672544,-0.00136218056859716,1
2023-10-10,389.7888918136,396.8595681011,388.1234642281,394.5486641437,2713818,396.058015936485,395.782038158518,394.00956901493174,49.66132510438438,-2.6142064543221863,-2.1546185537897333,-0.459587900532453,412.41781947894896,379.698212394021,8.261316718350452,0.008965099295651938,0.014262552566152387,0.015651953323172707,0.02528747919341745,0
2023-10-11,397.3867892598,399.2394542662,391.5824292134,393.9968064823,2055776,395.27512142469,395.847341070488,394.0083535356335,48.94078819376359,-2.2708336845531676,-2.1778615799424204,-0.09297210461074723,410.4100891454499,380.1401537039301,7.657940963351775,0.00895465905921469,-0.0013987061966050929,0.004623464080323547,0.016832872491301165,1
2023-10-12,397.9287923202,399.4464008892,391.543010809,394.0854978921,1779046,394.642298992665,396.053167059364,394.01570061720173,49.06868567116385,-1.9688558899688928,-2.136060441947715,0.1672045519788221,408.83563602823637,380.4489619570937,7.193013557745948,0.0088803042980846,0.00022510692559141177,0.013071895424707325,0.01445966514454744,0
2023-10-13,393.0113463725,396.292928538,389.3355801631,392.2426874869,2235682,393.869610234975,396.163291414088,393.84684222383964,46.46438089151802,-1.856831315253885,-2.080214616608949,0.22338330135506412,406.7588310766727,380.98038939327733,6.544917661460721,0.008857273381927364,-0.004676169042141631,-0.0058445937506966805,0.00015076513308742712,1
2023-10-16,394.4205543295,398.5496321893,392.9817825692,395.3271776304,2202218,393.11239673575,396.36777560754797,393.987826548274,51.138910781864354,-1.5018461091979702,-1.9645409151267534,0.4626948059287832,403.5593687581572,382.6654247133428,5.315005127874221,0.008914892702967697,0.007863728864551556,0.003376603886660723,0.01626386988892481,1
2023-10-17,393.8292782636,397.7415548993,392.656580733,395.9283082974,2176027,392.56236647035496,396.47564470471997,394.172634333905,52.01822004310866,-1.1586552978641862,-1.80336379167424,0.6447084938100538,401.008414964701,384.11631797600893,4.3030352452207605,0.008796121695948036,0.0015205902882853284,0.004676169042395317,0.0034967654920192714,0
2023-10-18,393.3069844054,395.5341242535,386.8522206865,387.4927697579,1951454,391.73865688033004,396.487228170854,393.5364567552379,40.8960711649797,-1.5494900123876505,-1.7525890358169223,0.20309902342927177,398.6487183529201,384.82859540773995,3.5278935847788953,0.009797414809397473,-0.021305722179288278,-0.012109639976803033,-0.01650784122457638,0
2023-10-19,388.1234642281,389.0892151357,379.8948723116,382.2304127718,3473009,391.00411476750503,396.384117739906,392.45969066157716,35.7594635894563,-2.2578307020035595,-1.8536373690542498,-0.4041933329493097,398.6395726834209,383.36865685158915,3.9055639710881294,0.009511733525976392,-0.013580529488041448,-0.03312892611406659,-0.030082520629941878,0
2023-10-20,382.2304127718,384.3195882044,378.5842103657,378.820720792,2652548,390.15517817751,396.144521285956,391.16074115018887,32.87795985944213,-3.05906643496877,-2.094723182237154,-0.964343252731616,399.1276588285253,381.1826975264947,4.59944204402335,0.009641693451560681,-0.008920514605507579,-0.04320880105534086,-0.03421852624173727,0
2023-10-23,376.7512545615,382.2205581707,375.4603018177,378.0914803108,1771977,389.25649506092003,395.932850430496,389.91604964167567,32.278876975889304,-3.710127102487661,-2.4178039662872557,-1.2923231362004053,399.2262447521001,379.28674536973995,5.1224577201311865,0.009619224576472383,-0.0019250279648782564,-0.024261844815772426,-0.04359856416376717,1
2023-10-24,379.8948723116,383.767730543,378.2885723327,381.2843710664,2003266,388.86728171555495,395.714186709958,389.0939850154589,37.636935723269865,-3.923233182262493,-2.7188898094823033,-1.2043433727801895,399.4263467750996,378.3082166560103,5.430678051885217,0.009182507907420426,0.008444757213189158,-0.002475056075573967,-0.03698633546556174,0
2023-10-25,378.416682147,382.9793624552,376.6822723538,380.6930950005,3504548,388.44358438077,395.56497894287605,388.29390025212945,37.052294611212524,-4.092654746519543,-2.993642796889751,-1.0990119496297917,399.5845570352106,377.3026117263294,5.736211435800007,0.009178723327801203,-0.0015507482361426517,0.004942639369318158,-0.01754787518138301,0
2023-10-26,365.6254099223,370.0895442195,357.7614382465,359.2889014166,6920077,386.754837996265,394.98926176367604,385.53151941065045,23.07726602890608,-5.8862095372141425,-3.5721561449546293,-2.3140533922595132,403.44146706762075,370.06820892490924,8.629047361272777,0.015047017388765646,-0.05622427584054779,-0.049730236922407856,-0.06002010983070716,0
2023-10-27,361.1612756251,362.9301765222,354.5389836876,358.7863167606,3624883,385.21464494915,394.437934194228,382.9843572535028,22.859246923303985,-7.264429194365562,-4.310610754836816,-2.953818439528746,405.80091748807837,364.62837241022163,10.688208669556603,0.01502274367794323,-0.0013988315642883276,-0.05900597038078437,-0.05288624125289154,1
2023-10-30,361.1908394284,367.8032767649,359.4170112309,367.005054076,3386593,384.08834087948003,394.05983770611203,381.4625188556454,33.86287856971167,-7.605819633419628,-4.969652530553379,-2.6361671028662492,406.02716025265556,362.1495215063045,11.423840319099682,0.016174322697866794,0.022907053394915167,-0.03595557971568153,-0.02932207365711259,1
2023-10-31,367.8919681748,372.1885742533,367.6850215517,370.8779123074,2978827,383.39135663674,393.73892721578994,380.45446108914587,38.327214978010765,-7.477668812128968,-5.471255786868497,-2.0064130252604713,406.06657149827396,360.71614177520604,11.82875642291463,0.01628501032723541,0.010552601901220537,0.03225541018691902,-0.027293168953908542,1
2023-11-01,373.164179762,374.8690257519,369.5869595636,372.3265386687,2354844,382.633958686705,393.35567059822597,379.6803732395796,39.95975394316616,-7.176490210363056,-5.8123026715674095,-1.3641875387956466,405.7212364299234,359.5466809434866,12.067552928370336,0.016215142982687638,0.0039059386208455393,0.037738958470745265,-0.02197716859505705,1
2023-11-02,374.7704797409,377.4706404416,372.9818696417,377.1257294032,2816034,382.06682639354005,393.00502579807,379.4370738265911,45.140781708831376,-6.4758992790438015,-5.945021993062689,-0.5308772859811128,405.1101740679409,359.02347871913923,12.062469747460092,0.01652497124827201,0.012889735852996465,0.02757639224528008,0.04964480649492131,1
2023-11-03,379.4021422568,382.7921250343,378.1506079174,380.436875372,2269147,381.47949216812503,392.78732164113603,379.5322930213919,48.44621939917731,-5.589066827888871,-5.8738309600279255,0.2847641321390544,404.05553510864115,358.9034492276089,11.836045399036257,0.01649864243259202,0.008779952441960948,0.025773880696020157,0.060343880465893784,1
2023-11-06,381.4716084872,382.6048876135,378.6187014695,380.5452759841,2020512,381.05672978104,392.46905201016597,379.6287675892689,48.555503346559085,-4.82191466686902,-5.663447701396144,0.8415330345271244,403.3687035069496,358.74475605513044,11.710578495086715,0.016425088672095287,0.0002849371843727244,0.022074003493780303,0.03689382954736109,1
2023-11-07,380.3876023665,383.9254041605,378.7123201799,383.2158728815,2324356,380.49009021793,392.11464692968,379.9703966647195,51.294760633294274,-3.9528798632361486,-5.321334133764146,1.3684542705279972,401.96253235160765,359.01764808425236,11.286728714211222,0.016149105150139443,0.007017816449025105,0.01614884109853132,0.033266905805578784,1
2023-11-08,381.4814630883,385.6795231559,381.3730624763,384.0338047726,2838414,379.991940132445,391.69374455268206,380.35738791308904,52.13538496890602,-3.1617169475586593,-4.889410696523049,1.7276937489643895,400.6340927060796,359.34978755881036,10.864521266656274,0.016167620905757834,0.0021343893846299533,0.009454733842724439,0.0314435445449599,0
2023-11-09,385.2754845109,385.7583599647,381.6342094054,382.3191041816,2657074,379.40362044692,391.194069681298,380.5442180338996,50.1800845020355,-2.642614232306471,-4.440051403679734,1.7974371713732626,399.0523213480251,359.7549195458149,10.357677071167545,0.016180592240754767,-0.004464973056253041,0.004661280298153381,0.013770937312122644,1
2023-11-10,384.3688612099,389.3426754759,381.1168428477,388.6457580863,2807108,379.22377397689,390.84592243351995,381.31579327698535,56.641473619375724,-1.7011042238871141,-3.8922619677212102,2.191157743834096,398.4606438165387,359.9869041372413,10.145392330187086,0.016642932104117537,0.01654809774218058,0.014169259649845056,0.021577515865866648,0
2023-11-13,388.616194283,389.8775832235,387.3079959873,388.616194283,1614631,378.88822480952,390.439519328298,382.01106956327243,56.604529526743825,-0.9464264953444399,-3.3030948732458563,2.3566683779014164,397.201782034932,360.574667584108,9.666997296956833,0.016531619728542935,-7.606876618326819e-05,0.0119322555812853,0.021208825357320382,1
2023-11-14,391.4050463936,395.834689587,390.9812985464,391.8682126452,2734045,378.68522002691003,390.178257220426,382.94984509488455,59.71702924157735,-0.08494901536664656,-2.6594657016700145,2.574516686303368,396.31600736807786,361.0544326857422,9.311579332256462,0.016651010519739308,0.008368200836817774,0.024976801732262466,0.02257823951456084,0
2023-11-15,391.6908298254,393.4745126241,389.020232928,391.0601353552,2434711,378.863588306775,389.867769915998,383.72225369110504,58.59244717868344,0.526503802112984,-2.022271800913415,2.548775603026399,396.91436448732014,360.81281212622986,9.528905251210888,0.015918079985783033,-0.002062114925181935,0.006212282570092542,0.018296125224602333,1
2023-11-16,392.2229782847,394.1347708976,389.7938191142,391.3262095848,3060610,379.318378147425,389.534263824086,384.44643996669504,58.8671206174775,1.0207875286863555,-1.413659934993461,2.434447463679817,398.1279360888479,360.5088202060021,9.917556873087976,0.015565815411174657,0.000680392107363037,0.006973500697262436,0.023559129807234624,1
2023-11-17,394.1544800998,395.2877592261,392.1244322737,394.479681936,2365689,380.101326204625,389.25949741540796,385.4019868209146,62.077831236298955,1.647973000271918,-0.8013333479403852,2.4493063482123034,400.03298276537964,360.1696696438704,10.487549075282386,0.015441886410478578,0.008058423570825646,0.006664151892219028,0.01501090318964593,1
2023-11-20,394.8935751821,399.3084364739,392.4693433121,398.5200683861,2768775,381.12275560839,389.02912935841204,386.6513279223608,65.76506078316291,2.442887340123036,-0.15248921032770096,2.5953765504507373,402.573624536117,359.67188668066296,11.256671826632227,0.015512678468687991,0.010242318261540984,0.019076178716411762,0.025484975275857247,1
2023-11-21,399.8208757309,404.3786287386,399.7913119276,403.0039118855,2567692,382.208732649345,388.896704084092,388.20871687123116,69.32912409905046,3.3955298246864345,0.5571145966751261,2.8384152280113084,405.68583147594666,358.73163382274333,12.284962022644615,0.015579434932382995,0.011251236399608011,0.029841349786128957,0.028416949578868422,1
2023-11-22,406.2657848488,406.8472063135,404.1815367166,404.3638468369,1968107,383.39227024116497,388.790887086466,389.7473006774853,70.33775493504687,4.21169148450241,1.288029974240583,2.9236615102618266,408.7552651318562,358.0292753504737,13.230832679405449,0.015544396421165707,0.003374495659452581,0.025056207844194045,0.03401960537249926,1
2023-11-24,406.492440674,406.9654615267,404.5609388589,406.5022952751,1053479,385.75293993409,388.78609406131596,391.34301444868674,71.90248458330518,4.973726375616309,2.025169254515728,2.9485571211005808,410.48370292078533,361.0221769473947,12.822073626150884,0.006814973804443716,0.005288426388579959,0.020029673590406416,0.038781163434981725,0
2023-11-27,405.0241051105,406.7190964992,402.3140898086,403.0236210876,2665981,387.96480515044,388.692637230254,392.4554531762023,65.8198485994823,5.236580541724152,2.667451511957413,2.5691290297667386,410.4649558030016,365.46465449787837,11.599067932894993,0.007398850578863532,-0.008557575757710767,4.890573396143516e-05,0.021658755933052554,1
2023-11-28,403.1320216997,404.6693394709,401.5355763219,403.063039492,2645103,389.76770442123996,388.544469067796,393.46569949199255,65.85509735409616,5.385988772026053,3.2111589639711413,2.1748298080549118,411.00409063197316,368.53131821050675,10.896945011012024,0.006310098753637161,9.780668511094603e-05,-0.0032169229644921638,0.011399604351915782,1
2023-11-29,405.0339597116,406.0908656793,403.467078137,403.8612621809,2151396,391.416871914915,388.483116039308,394.4557530814123,66.60610876277863,5.505343596909597,3.6699958905588326,1.8353477063507646,411.6274115031303,371.20633232669974,10.326861736613433,0.0061826070103423855,0.001980391677455895,-0.006496969697090349,0.0021273994373622873,1
2023-11-30,404.1371910117,408.1381590573,402.8363836668,407.8129572211,3203556,393.191192842535,388.56003595256203,395.7278677613825,70.11101106765686,5.851351185459237,4.106266949538913,1.7450842359203236,412.6012729406002,373.78111274446974,9.87310013621723,0.00630212687976894,0.009784783563693056,0.011883512238254124,0.008529719981596795,1
2023-12-01,406.8866247179,410.5426817251,405.585817373,408.3352510792,2171558,394.75166892633496,388.78831587358,396.928570934508,70.55095395426477,6.097422154508024,4.504497990532736,1.5929241639752885,413.75849780050163,375.7448400521683,9.629764923280696,0.006025115590045013,0.0012807191357013803,0.013080364783248033,0.004509090908969116,0
2023-12-04,407.8129572211,408.818126533,402.0972885845,402.2943806064,3097946,395.844544188055,388.91821443387,397.4396004270692,59.620249471370435,5.7388337061660195,4.751365133659393,0.9874685725066268,413.92430844255296,377.76477993355707,9.134780064523886,0.007226931307861542,-0.014793899024966417,-0.0038797520862452473,-0.001809423674056787,1
2023-12-05,401.1709560813,403.1024578964,398.4363042767,402.7476922569,2755635,396.95466500169493,389.051865426156,397.94513298229117,60.11957875929146,5.428650139486024,4.886822134824719,0.5418280046613049,413.82670020055275,380.0826298028371,8.500736575944144,0.007213816769302694,0.0011268157656507682,-0.012420559166916867,-0.0007823769589427876,1
2023-12-06,405.4478529577,407.80310262,401.2350109884,404.4131198424,2192814,398.01452734974,389.35875506353,398.56113173087294,61.979745947245,5.256618489910579,4.9607814058418915,0.2958370840686877,413.937691824871,382.09136287460893,8.001298134095078,0.0071550129094465785,0.004135163571434397,-0.00960517424453089,0.0013664535650681486,1
2023-12-07,406.0785474279,407.5567375925,404.0287903996,407.1428443464,2363020,399.16997932843003,389.718271116534,399.3784376942565,64.87191986446821,5.279687175150286,5.024562559703571,0.2551246154467153,414.19595694335965,384.1440017135004,7.528611064494159,0.007209361311041634,0.006749841610143026,0.012052029493157868,-0.0016431868160008412,0
2023-12-08,406.2263664444,407.6552836035,403.2798407162,406.1672388378,1959438,400.36238606124004,389.98033931115606,400.02499018411777,63.02659289046657,5.159767475718695,5.051603542906596,0.1081639328120989,413.5189280652797,387.2058440572004,6.5723167121035155,0.007111542280672041,-0.0023962241315235167,0.008490542954418201,-0.005309392798368728,1
2023-12-11,406.4628768707,410.1189338779,406.3840400619,409.6656222274,2235989,401.413379268295,390.38184820164605,400.94314561681136,66.68607952761377,5.28608584512682,5.098500003350641,0.18758584177617887,414.00426553698185,388.82249299960813,6.2732768357835,0.0065154595035971895,0.00861315993778855,0.012987962376311835,0.018323004188845138,1
2023-12-12,410.936865769,414.878706208,408.6703075166,414.6323411806,2736706,402.714186613175,390.88387231586995,402.2468785276484,71.06477220913277,5.721018434575058,5.223003689595524,0.4980147449795336,415.1221123115046,390.3062609148454,6.162149788007339,0.006810498097622549,0.012123836328260529,0.018395255960406587,0.02950891874041872,1
2023-12-13,415.7262019024,420.1706269974,413.0506777044,418.5051994119,3694400,404.04603595150996,391.557624360864,403.7952900404342,73.94099931767967,6.305526750348122,5.439508301746044,0.8660184486020777,417.20679262710763,390.8852792759123,6.514483749162239,0.006852166939271184,0.009340463457994108,0.03037655279486251,0.034845752716904155,0
2023-12-14,418.8304012482,419.6581877404,409.8528596483,412.4741835402,3989825,405.11673836076,392.05761807828,404.6218513261262,63.37610057593186,6.210510327067766,5.593708706810389,0.6168016202573767,417.3273858936922,392.90609082782777,6.028211809929482,0.00784649532196306,-0.014410850522705632,0.006855740780809416,0.013094517729664412,1
2023-12-15,406.6205504883,413.1640056171,405.6153811763,412.4840381413,5566617,406.17462978858504,392.537931335776,405.37063102280945,63.38530652753017,6.066078335957968,5.688182632639905,0.377895703318063,417.01174474176355,395.3375148354065,5.336185058539604,0.00785674866354571,2.3891437314738084e-05,-0.005181224004820906,0.015552212732801385,1
2023-12-18,413.4300798467,418.9092380569,413.4300798467,418.2588343845,2686978,407.36358741101003,393.05943682585996,406.59807896201806,68.39829711707996,6.344457777298658,5.819437661571656,0.5250201157270018,418.02378528370355,396.7033895383165,5.233750979288139,0.008177191577978067,0.014000047781780545,-0.0005886785343316436,0.020976161266297533,1
2023-12-19,417.8843595428,420.4760210854,416.3766055749,419.2837128987,2214393,408.40176963664,393.66510060931796,407.8062345750354,69.20414697122186,6.57201650566634,5.969953430390593,0.6020630752757477,419.45187560582417,397.3516636674558,5.411389857108406,0.007995713865288738,0.0024503451689386058,0.01650898318060756,0.011218062982872867,0
2023-12-20,418.8993834558,421.3925975335,413.1442964149,413.3512430379,3058344,408.91913619426,394.04115218720204,408.33433061911774,59.71221413453356,6.202163024686456,6.016395349249766,0.18576767543668993,419.878436036863,397.959836351657,5.360130584545061,0.008543268748435673,-0.014149058688175842,0.00210239625394415,-0.012315154940111817,1
2023-12-21,415.6572196947,417.7365405263,414.4943767652,417.2832288758,2213253,409.565105296205,394.50688063507204,409.18660664356366,63.30469245864764,6.155374546318853,6.044191188663584,0.11118335765526943,420.89112073715495,398.23908985525503,5.530752153682027,0.008729804217331959,0.00951245678857049,-0.0023325401127167744,0.011659021406684733,1
2023-12-22,418.5741816196,420.9540677847,416.8102080232,417.9336325483,1759004,410.136672159865,394.98384332819603,410.01965672972904,63.8784687928978,6.100454241742398,6.055443799279347,0.04501044246305064,421.93083002207976,398.3425142976502,5.751330550425685,0.008686821875113656,0.0015586623844248138,-0.0032199685054929983,0.013211649186612107,0
2023-12-26,418.8205466471,419.5251506255,416.8003534221,417.5098847011,1258302,410.86098534053997,395.48918727247997,410.7330117746215,63.185271024788115,5.954101419955748,6.035175323414627,-0.08107390345887922,422.5979949626016,399.12397571847833,5.7133726690225775,0.008389309566408794,-0.0010139118132614922,0.010060793896823128,-0.0017906368540956397,1
2023-12-27,416.8496264276,418.8328648984,416.8102080232,418.1898521768,1322841,411.61732597478004,395.946440763408,411.4431870510195,63.862944886622046,5.825826940321633,5.993305646796029,-0.16747870647439544,423.19532477326584,400.03932717629425,5.625612950605088,0.008379933145373235,0.0016286260532174524,0.00217268089935585,-0.0026088795921445085,1
2023-12-28,417.6084307121,422.1316926159,417.5197393022,420.1213539919,1505039,412.43033056532994,396.4303016772981,412.26967914062715,65.78936887535323,5.81301571856136,5.957247661149095,-0.14423194258773542,423.9991915165632,400.8614696140967,5.610092223515907,0.008402378180503687,0.004618719954694983,0.0052346144775681225,0.016378591011952492,1
2023-12-29,420.4761196315,422.1218380148,418.1011607669,420.3085914128,1706284,413.0551122749151,397.086618110396,413.035289833215,65.97870443192984,5.751669561657934,5.916132041250863,-0.16446247959292926,424.9052813220892,401.20494322774096,5.737814976751606,0.00820469314573761,0.0004456746107308618,0.006703330422233256,0.007250141696685697,0
2024-01-02,417.9237779472,418.111015368,413.45964365,415.7557657057,2463746,413.42613800624,397.757125169074,413.2943827734517,57.62708318497394,5.27487186594891,5.7878800061904725,-0.5130081402415625,425.1256744894801,401.72660152299994,5.659795260967992,0.008659471083711954,-0.010832102412649758,-0.005820529738896907,-0.005211035133307451,0
2024-01-03,415.07579823,415.2137626454,411.4296943699,412.6811301633,3093684,413.945475484085,398.4343333565,413.23597776296106,52.7692230285204,4.595929846088552,5.549489974170088,-0.953560128081536,424.4872073643087,403.40374360386136,5.093294892471394,0.008091507791507977,-0.007395292611712012,-0.01770970163240837,-0.011565605305984494,1
2024-01-04,412.4150559336,417.2930834769,412.1982547095,413.666590273,2042551,414.49142038489,399.14583555574404,413.27698847820284,54.10464104357355,4.090232148725761,5.257638409081223,-1.1674062603554622,423.7040949828152,405.27874578696475,4.445290852761435,0.008094946932380989,0.0023879456502167162,-0.015802677545738497,-0.010816288057338364,0
2024-01-05,414.3761215521,416.6131160012,410.9270111679,413.3216792346,2344216,414.93684835450006,399.78658171910797,413.28124474071683,53.53411497158164,3.6199036460337766,4.930091456471734,-1.3101878104379576,422.9392841992666,406.93441250973353,3.8571825454892674,0.008081840952542338,-0.0008337899325453479,-0.005854606651018779,-0.016185025333016134,1
2024-01-08,413.9878771718,416.5935609304,411.1157030287,416.494860788,2125446,415.40444917658004,400.50261703485796,413.58730341188664,57.929447176488665,3.463291482702573,4.636731461717902,-1.1734399790153294,422.58083811443043,408.22806023872965,3.4551334017127253,0.00811841466968787,0.00767726860898299,0.00924134966672896,-0.009073644228829059,1
2024-01-09,413.6522966877,418.1925032369,413.0995758904,417.1068016708,2439387,415.95142731823,401.658975039942,413.92249372225933,58.7400084628992,3.3499377330488187,4.379372715984085,-1.0294349829352667,421.766769756288,410.136084880172,2.796164194243228,0.008075004843165407,0.0014692639463600443,0.00831638686491365,0.003249590448389128,1
2024-01-10,420.4626065115,423.8875014518,418.6367525777,422.7030997433,2709369,416.60330119402505,402.93731069959597,414.7587419147394,65.32047686694094,3.669380222914981,4.237374217370265,-0.5679939944552839,422.37679203157023,410.82981035647987,2.7716971137760087,0.008368200167913132,0.013416942735249071,0.02269762507031503,0.024285020194730667,0
2024-01-11,424.4106122064,426.1773447549,420.235596184,421.1732475365,2320769,416.93034651181995,404.020674568806,415.3696472120499,62.391045937447565,3.7557998868213076,4.141059351260473,-0.3852594644391658,422.9557350579115,410.9049579657284,2.8903573925486583,0.008061068570119121,-0.0036192121792555376,0.011232759846420803,0.018146636542598182,1
2024-01-12,424.3612621352,425.5061837867,422.1405089318,423.522310925,1892426,417.18120208747507,405.073562541158,416.14609137518806,64.98753526960378,3.96809613441377,4.106466707891133,-0.13837057347736348,423.83314614057514,410.529258034375,3.1889951032382706,0.007893754612656892,0.00557742782154369,0.015380974916979318,0.024679643490488568,0
2024-01-16,421.8838885616,424.144121822,420.9758472518,422.7820598572,2397988,417.69659590332503,406.082672964928,416.77808837347493,63.499763262710594,4.03015326732509,4.091204019777925,-0.06105075245283498,424.4069277411981,410.98626406545196,3.2130172492122306,0.007091267229513865,-0.0017478443253278186,0.00018679804796306598,0.015095502156508678,0
2024-01-17,419.9493657711,424.7849818464,419.9493657711,421.8641485332,2690522,418.16560142292,406.977441347528,417.2624750553535,61.616084749066474,3.9596221602291166,4.064887647868163,-0.10526548763904664,424.66084860565303,411.670354240187,3.106543034927406,0.00712827513185971,-0.002171121746059934,0.0016404199477084713,0.011405584477029773,1
2024-01-18,423.0682902701,425.6147539434,421.8937585759,425.1212532315,2075759,418.50872236527005,407.871128904718,418.01093011974837,65.52417852084189,4.119064862394623,4.075723090773455,0.0433417716211677,425.67752895911144,411.33991577142865,3.425881569839558,0.006655039139849136,0.007720743062961777,0.00377534374283095,0.005720690218899538,1
2024-01-19,426.9274658369,431.3887122722,423.7591912667,431.1024818593,2400409,419.09966081330003,408.882273022222,419.25774457113425,71.30251590277071,4.674178495512365,4.195414171721238,0.4787643237911272,428.132677394475,410.06664423212504,4.310677113718308,0.007281161259349642,0.014069465081631316,0.019680168086863237,0.023575178102781758,1
2024-01-22,433.2738849915,435.2084077821,431.5762425427,434.0338760878,2715618,420.13379246579495,409.89863308634796,420.6649951917691,73.63483157661025,5.289673006974851,4.414265938771961,0.8754070682028905,430.8722733288379,409.39531160275203,5.111933891353047,0.0063745392176987326,0.0067997618938708815,0.02884750362625854,0.024819389419749927,0
2024-01-23,434.5471168282,434.872827298,432.168443397,433.0567446783,2328662,420.92246825592,410.87909188446196,421.845161809534,71.54745350527814,5.633669072952898,4.658146565608149,0.9755225073447491,432.94753912720586,408.8973973846342,5.713674977299912,0.006231000420780619,-0.002251279135876416,0.018666419019231384,0.024302556320791924,0
2024-01-24,432.8297343509,435.1936027607,430.0908054,432.9975245929,2683480,421.67566285815,411.892660292688,422.90729159842596,71.41532091463937,5.834256193924261,4.893368491271372,0.9408877026528897,434.702860958853,408.648464757447,6.178776366842541,0.006247046926108651,-0.00013674901990956556,0.00439580566882114,0.02639090356080298,0
2024-01-25,430.3326207488,432.9284344932,428.8126385563,431.1222218878,2977825,422.356279717485,412.742189568718,423.6896659116997,67.18406694867875,5.775327298621221,5.069760252741342,0.7055670458798788,435.8556014444276,408.8569579905424,6.392385942963749,0.006368277087005205,-0.004330977889222654,-0.006708357020987599,0.014115898959848439,1
2024-01-26,426.9274658369,434.1720562871,425.0719031603,432.8297343509,2725548,423.08827382619,413.626460370076,424.560148620195,68.98589811956968,5.79955406091176,5.215719014375425,0.5838350465363344,437.1792373236972,408.99731032868283,6.661004035907609,0.006389666166691667,0.003960622710708739,-0.0005242045763970138,0.004006593708647976,1
2024-01-29,430.1154804356,435.2281478105,429.0199088552,434.8530872695,2314246,423.82486049007,414.48615786256204,425.54042849155735,71.01670898144783,5.913850428738101,5.35534529724796,0.5585051314901408,438.7348121011592,408.91490887898084,7.035902327130485,0.0063910053071463075,0.004674708685701301,0.004285388648225252,0.0018874360432048487,1
2024-01-30,435.1689277251,440.4148402923,434.3299765149,439.4031638329,2663616,424.779589111075,415.453018432116,426.8606890002566,74.98373055328273,6.298973628773695,5.544070963553108,0.7549026652205866,441.049945820424,408.50923240172597,7.660611350652494,0.006670352434712521,0.010463479958186639,0.019207875457774914,0.014654936639572513,1
2024-01-31,444.1506406811,455.9946577659,440.8145758689,443.3906495848,4740634,426.16133330503,416.49430723211594,428.4349709606893,77.84555425989296,6.8470151858902,5.804659808020527,1.042355377869673,443.7703104473972,408.55235616266276,8.263995705947067,0.006074974361881876,0.009074777061496953,0.02439969899419636,0.024002735354368365,1
2024-02-01,449.0856477998,455.1458365415,448.1430614401,454.9286962283,3292697,428.27371160828,417.703287517962,430.958182890938,83.66772408011863,8.118777788401474,6.2674834040967164,1.8512943843047571,448.8016575888118,407.7457656277482,9.586367514103998,0.007438405355412357,0.02602230483278012,0.04616641699581203,0.05521978021976248,0
2024-02-02,456.2019280649,457.8107403856,452.5401527829,454.5931157442,2050335,430.32003788184,418.824748465124,433.20912887696295,82.98464527415881,8.995881352453353,6.813162993768044,2.1827183586853085,452.6922386985112,407.9478370651688,10.397935883624495,0.007526520867975756,-0.0007376551245991125,0.034569509647583097,0.05028162269382386,0
2024-02-05,453.5370242208,455.3702806653,449.6066858514,450.8227703056,2438961,432.19509243539005,419.781125633526,434.8866185368331,75.52414732981961,9.279785290982318,7.3064874532109,1.973297837771418,454.8387586379808,409.5514262327993,10.478446701000333,0.007988731313366115,-0.00829389031206007,0.0167620150036083,0.03672431794465503,1
2024-02-06,449.4409683123,454.5733757158,449.4409683123,454.5141556303,2201912,434.0960571775049,420.78413180939395,436.75590778382997,77.64333765891769,9.690934097316017,7.783376782031924,1.9075573152840928,457.51847406634556,410.6736402886643,10.791352052876652,0.00800062972462319,0.008188107539904843,-0.0009112210362565154,0.03438981109190764,1
2024-02-07,455.2149266412,456.2266031005,453.6406593703,455.9058276378,2544469,436.03600847585494,421.772202456648,438.57970967468424,78.40255598704289,10.013637805471262,8.229428986719793,1.7842088187514697,459.9308243514066,412.14119260030327,10.960019544750429,0.007977739546975776,0.0030618892508860185,0.002887663381023531,0.028226075729651745,0
2024-02-08,454.0206549185,454.7609059863,451.4988662808,452.3032724412,2081511,437.51601711075,422.75779548372003,439.88671565244766,71.62201013663751,9.864969494975583,8.556537088370952,1.3084324066046307,461.5903189244806,413.4417152970194,11.004992216153116,0.008144301806264957,-0.0079019722455973,0.003284000350284977,-0.005771066562445304,0
2024-02-09,452.1058721564,453.0188484734,450.4378397503,451.9282119002,2155449,439.05376532893496,423.735098931884,441.0335248189003,70.93420477708985,9.606150809749863,8.766459832646735,0.8396909771031282,462.6808340795626,415.4266965783073,10.76272229799759,0.008040598550723494,-0.0008292235848211815,-0.005689467969405615,-0.005862173780694868,1
2024-02-12,453.211313751,453.4284540642,450.1516093374,452.7474230819,1794533,440.51502093678,424.712822149904,442.1491341772812,71.57627021818203,9.359251013201572,8.885018068757702,0.47423294444386954,463.7304326990519,417.2996091745081,10.54012265593261,0.008034964340760571,0.0018127020179943276,-0.0069277564892397114,0.00426920045541479,1
2024-02-13,450.8227703056,455.8762175951,450.1121292805,454.4746755734,2407755,442.09965172259,425.64605651694995,443.32299526262585,72.93385847705066,9.196939393994796,8.947402333805123,0.2495370601896738,464.5717218134219,419.6275816317581,10.166065502776163,0.00794416110512216,0.0038150465434843017,0.004800768122857901,-8.686210629738067e-05,1
2024-02-14,455.9946577659,459.3998126778,453.4629991141,459.1431923077,2202784,443.96360391131503,426.66221534152,444.82968069549,76.23745990837082,9.337381034173006,9.0253980738787,0.3119829602943067,465.5806805034347,422.3465273191954,9.738220161145378,0.007951493576543164,0.010272336359357759,0.0159648816283533,0.0071009504016956715,1
2024-02-15,459.7748732189,465.9683071528,459.1826723646,465.1540309782,2354215,445.96524279864997,427.919408348956,446.7653331033672,79.67692937846105,9.820501859490093,9.184418831000979,0.6360830284891144,467.6463814097928,424.2841041875071,9.723241423516818,0.00816197004172869,0.013091425009023716,0.027402934315665206,0.028411818618161,0
2024-02-16,468.0064650928,468.0064650928,460.9938199772,462.0449764934,2237275,447.512367530355,429.105354033686,448.2205372357513,73.73217917306573,9.839085033136428,9.31535207142807,0.5237329617083581,469.14633679918205,425.87839826152793,9.668545872024248,0.008205965731359236,-0.0066839246308622036,0.016657255787572156,0.022385777932876882,0
2024-02-20,446.9142446676,449.92459901,444.269080852,445.8778931727,5044210,448.10456838460004,429.934649500292,447.99742827736543,52.003913030824826,8.4518363141637,9.142648919975196,-0.6908126058114963,468.8609209998657,427.3482157693344,9.264066505767401,0.011838854930821312,-0.03499028047744812,-0.02889142070979489,-0.015172985110414094,1
2024-02-21,447.4176153937,453.6209193419,446.1246435286,453.0830035659,2896527,449.10588132898,430.85345268468205,448.4817687810354,57.9511563314773,7.843409955290383,8.882801127038233,-1.03939117174785,468.7651088608701,429.4466537970899,8.754829695712353,0.012247562415397038,0.016159380187995342,-0.025950602614181584,-0.0030621552361397297,1
2024-02-22,455.8071274954,466.3581727152,455.580117168,465.4303913769,2572782,450.72752466818,432.038715735464,450.0959233139749,65.77723343137129,8.262315853286566,8.7587040722879,-0.496388219001334,470.1534973075595,431.30155202880053,8.619829753543742,0.013430741570060958,0.027251933340739498,0.007327024544651284,0.013693329607262328,1
2024-02-23,467.5721844664,468.9907029126,465.726491804,467.266214025,1764216,452.53472427504005,433.190727571416,451.73118909597724,66.76759140285314,8.642808425031888,8.735524942836697,-0.09271651780480994,471.0316591837216,434.0377893663585,8.17481351881389,0.013296979780451535,0.003944354907012171,0.04796900940772986,0.0045408249872804785,1
2024-02-26,466.851673427,468.8997013813,465.8646720033,468.3420455769,2066883,454.31033983634006,434.26492165934206,453.31317542749366,67.36363375765907,8.928242917861041,8.774068537841567,0.1541743800194748,471.68394954462616,436.93673012805397,7.648344395835117,0.013303179829769215,0.002302395336124974,0.0336782485569016,0.013628692884598337,1
2024-02-27,468.3815256338,468.8256762745,463.8413190846,468.5789259186,2011129,455.99663176879494,435.266396189476,454.7670564266466,67.50184502060094,9.06902401023757,8.833059632320769,0.23596437791680103,471.98004713089546,440.0132164066944,7.010321677202487,0.013325269891651552,0.0005057849149723292,0.006764780727759545,0.05091311566125878,1
2024-02-28,468.0064650928,472.9118621688,467.5129643809,472.6256317559,1931986,457.65775516494494,436.46942515379,456.46787312467075,69.85080017776703,9.398786026781806,8.946204911212977,0.4525811155688295,473.29963278161273,442.01587754827716,6.835622226495551,0.013283565963123122,0.008636124275898327,0.01146973089437453,0.04313255636647928,0
2024-02-29,471.7866805457,472.171611101,465.9140220745,468.5887959328,3072717,458.917662482345,437.59152030962,457.62224672544494,64.81771938981957,9.22801111907728,9.002566152785837,0.22544496629144284,473.80075153360633,444.0345734310837,6.486169641306359,0.013493253981215758,-0.008541296857096592,0.0005268592863492128,0.006785986936857169,1
2024-03-01,468.7368461464,471.2931798339,467.7399747084,470.4344885952,1748452,459.69295210069004,438.635033393834,458.8424602368502,66.02316714237945,9.136285336889728,9.029309989606617,0.10697534728311098,475.2636659612069,444.12223824017315,6.774397470904152,0.012352977306234404,0.003938832252115221,0.0039599789362321225,0.006780448650264503,0
2024-03-04,469.4869672284,470.4344885952,459.7107181263,462.400297006,3212483,460.08331116377997,439.49736507598,459.181301833912,56.88625898801635,8.319399023651101,8.887327796415514,-0.5679287727644127,475.51386158974395,444.652760737816,6.707720124397659,0.013047063877544885,-0.017078236787424927,-0.02163516758900863,-0.012686771617058112,0
2024-03-05,461.2948554114,463.1440025788,458.5806014961,461.442905625,2015063,460.61431792975,440.459198327722,459.39669267115846,55.89360691311183,7.508207311676074,8.611503699467626,-1.103296387791552,475.4531922040603,445.77544365543963,6.443079902945385,0.012888672244667944,-0.0020704817604985104,-0.015249810430432942,-0.015229067930467854,1
2024-03-06,461.0875851124,467.4636143098,461.0875851124,465.4698714338,1917151,461.162103719925,441.422931178882,459.9750906485529,59.12452263981382,7.108334071238971,8.310869773821896,-1.2025357025829244,475.86804798037076,446.4561594594793,6.37777655267919,0.01290450339067649,0.008726899383891817,-0.010553259341646526,-0.01514044063906328,0
2024-03-07,467.0490737118,467.1181638114,459.8340933043,461.4626456534,2178103,461.43994462070503,442.293511440984,460.1167625537764,54.8210229537045,6.39437168019515,7.9275701550965465,-1.533198474901397,475.9467841030735,446.93310513833654,6.2876392265055605,0.013081925478806709,-0.008608990670129546,-0.0020277914150818033,-0.015207683882441758,1
2024-03-08,461.028365027,465.4896114623,461.028365027,463.1602881023,1596884,461.98279540375995,443.206519509008,460.4066221298263,56.27310082176455,5.897553572820243,7.521566838641286,-1.624013265821043,475.8812055470944,448.0843852604255,6.016851831543911,0.012937214232676459,0.003678829619017776,0.003721765913756725,-0.015462727902076256,0
2024-03-11,462.9036677321,463.2688582589,458.6496915958,463.0615879599,1738627,462.53946420674504,444.10395422467,460.65947601840475,56.16008545224605,5.433226513542195,7.103898773621468,-1.6706722600792734,475.6520578738006,449.4268705396895,5.669826979863708,0.0129326935575766,-0.00021310147898123688,-0.005173876166209568,0.0014301265768681404,1
2024-03-12,464.4137799104,468.2038653776,462.6174373192,466.723363242,1814203,463.23826121474997,445.03599440967196,461.23698908731853,59.41653517760752,5.299627825631035,6.743044584023382,-1.4434167583923472,475.66046037564877,450.81606205385117,5.363200841106716,0.013017011836355266,0.007907750021401316,0.011400094109786929,0.011443360711869577,1
2024-03-13,468.0656851782,469.970597926,466.6345331138,469.427747143,2025588,463.98591479323005,446.018377524276,462.0170612830977,61.68043194976008,5.350296198137869,6.46449490684628,-1.114198708708411,476.0016107386146,451.9702188478455,5.17933651099698,0.013042221288044125,0.005794404381675999,0.013531943911641253,0.008502968617514206,1
2024-03-14,474.7674248454,475.7346862407,470.975760176,473.2474426528,2742861,464.691127310485,447.168211063218,463.0866214135455,64.6775471588115,5.633726659451838,6.298341257367392,-0.6646145979155538,477.13509925349064,452.24715536747937,5.3558035484895985,0.01297693767026388,0.00813691890402124,0.021996760166991036,0.02553792188902637,0
2024-03-15,467.1872539111,472.2407012006,466.9306335409,469.6448874562,4179328,464.9156701343851,448.307486209076,463.7112181795126,59.9175828076165,5.504202228451163,6.139513451584147,-0.6353112231329838,477.5456286360743,452.2857116326959,5.433225555954472,0.012836564117545307,-0.007612413447827038,0.006259648529069128,0.014000767165227579,1
2024-03-18,472.4183614569,474.5700245607,470.4542286237,472.6651118128,2072358,465.44667690035504,449.48745663987194,464.5639699541114,62.41492915662716,5.580926600376529,6.027796081342624,-0.4468694809660949,478.43707996884086,452.4562738318692,5.581908181188654,0.012781941981841802,0.006430868167135451,0.006896406719677284,0.02073919345202002,1
2024-03-19,475.3596256996,478.3107599566,473.2770526956,477.7086890881,2049644,467.038216696125,450.775196836942,465.81584796687224,66.20197336034485,5.979774633386114,6.018191791751322,-0.03841715836520798,477.6260637604812,456.4503696317688,4.534038837016673,0.009675044384103163,0.010670508885152419,0.009426879119076581,0.02353712436804667,1
2024-03-20,478.0245295437,482.1008454238,477.3533685756,481.69617484,1691084,468.46887525983004,452.07922311798205,467.32826005002727,68.87237244807119,6.5422068601590695,6.122994805432873,0.4192120547261968,478.8581448415724,458.07960567808766,4.4354150853587075,0.009286876052329163,0.008347107438032353,0.025660424941651216,0.026134858392302895,1
2024-03-21,482.1798055377,483.6306976305,477.1164882339,482.2883756943,2580338,469.31177447569996,453.38285459845196,468.75303296852945,69.26081936845728,6.955544919538852,6.289504828254069,0.666040091284783,481.20480805338593,457.418740898014,5.06828689349313,0.0073462684373112735,0.0012294074257424015,0.02035958153245576,0.01910402936531641,0
2024-03-22,481.9626652244,482.5351260502,475.2017054718,475.4089757708,2277794,469.71891256299006,454.436972119002,469.3869322830314,59.90810903412476,6.651335770801779,6.361871016763611,0.2894647540381685,481.8589089059294,457.5789162200507,5.169047282639003,0.008151504237221675,-0.014264079895345727,-0.004814049586767899,0.012273290881160914,0
2024-03-25,475.3398856712,476.0505266963,468.2444311361,469.8521577552,2600371,469.7944181719049,455.410550323376,469.431239470857,53.610703451421614,5.89391764139242,6.2682803416893735,-0.3743627002969534,481.9179945887649,457.67084175504493,5.161226250425043,0.008611784993894759,-0.01168850042553471,-0.02458814851235669,-0.005951262293955928,1
2024-03-26,471.5103201471,473.7606833932,466.1657074375,470.6022788372,2515051,469.895585817835,456.35214968162,469.54276702955633,54.30893143259787,5.293170445218209,6.073258362395141,-0.7800879171769317,482.01066770168745,457.7805039339826,5.156499549901756,0.0086172997560555,0.0015965044953372143,-0.024230517354428716,-0.014876033057856786,1
2024-03-27,474.2541841051,475.8926064685,468.5789259186,471.7373304745,2309507,469.851170753765,457.33125509396604,469.7517730719319,55.40277748928116,4.852723964066115,5.829151482729336,-0.976427518663221,481.9323583101299,457.7699831974001,5.142559307443462,0.008408390569054071,0.002411912751686174,-0.0077231299437436896,-0.020674534874203454,1
2024-03-28,471.6978504176,476.1590968529,471.0711045135,475.3102756285,2214542,470.18724473855,458.400177635872,470.2811542677955,58.75042542492085,4.737364380416295,5.610794062266729,-0.8734296818504337,482.4813472697648,457.89314220733525,5.2294496155679315,0.008324636086208348,0.007574014018365105,0.01161667086808138,-0.014468729535009772,0
2024-04-01,474.4121043329,476.998048063,471.1253895918,472.1814811152,1636500,470.27459436455,459.341382193546,470.46213777707214,54.86646896810888,4.343405436263083,5.357316337066001,-1.0139109008029177,482.5992690888433,457.9499196402567,5.2414801360667935,0.008443804803077201,-0.006582635961662753,0.0033557046980350336,-0.0067888803537358156,1
2024-04-02,470.7700690793,474.1653539769,470.1087781254,473.1980925817,2771481,470.814484143335,460.18329440799397,470.7227049013224,55.88692274393859,4.066347856989012,5.099122641050604,-1.0327747840615924,482.64833980214945,458.98062848452054,5.02697179350657,0.0074009247178287805,0.0021530100335553914,0.003096558217537293,0.007121250315175409,0
2024-04-03,474.1949640196,477.0177880915,471.006949421,471.21421972,2185162,471.303049848085,460.926901280638,470.76951583643455,53.351868954529046,3.644682142299814,4.808234541300446,-1.1635523990006318,482.3281128811662,460.27798681500377,4.678545168182093,0.007464923600304855,-0.004192478568280533,-0.008617646448067617,0.0013003355706480146,0
2024-04-04,473.7310733505,475.6952061837,462.9036677321,463.6636588284,2504653,471.21273921781506,461.53903956364,470.09276754995506,44.987731890700296,2.6704584811216705,4.380679329264691,-1.7102208481430203,482.4549034129959,459.9705750226342,4.771587548266281,0.008149745217352487,-0.016023626995141704,-0.01803929765877843,-0.017114760958135466,1
2024-04-05,467.8386748508,473.0796524108,466.3877827579,470.9477293355,2457467,471.68699340191995,462.29804365849196,470.17419248191175,52.69282861094853,2.457810713173899,3.996105606046533,-1.538294892872634,482.0062845021566,461.3677023016833,4.375482574073717,0.008623641729335487,0.015709815441446562,-0.004755647331379342,-0.009178312602712846,1
2024-04-08,470.8555662612,474.0973929978,468.7602392241,473.2770526956,1960134,472.1928316315851,463.14114027464797,470.4697029784535,54.86967282707673,2.449012066576927,3.686686898152612,-1.2376748315756854,481.754682739568,462.63098052360215,4.049977241265404,0.008648567398725236,0.0049460337421876055,0.004377696786879159,0.0023202341138253146,0
2024-04-09,472.4072943028,473.316587168,462.3853055499,466.664912187,2211613,472.37299784294,463.81784383137,470.10734195069597,48.103077476422996,1.8867453705049115,3.3266985926230723,-1.4399532221181608,481.35825318907274,463.3877424968072,3.8043052363972256,0.009283711314863717,-0.013970972120747938,0.006472910484689898,-0.013806438565835855,0
2024-04-10,464.6980721852,468.8640172141,463.393434596,463.7097103752,2710709,472.2223151996001,464.394976293484,469.4980437054106,45.40783182145423,1.1889790638603586,2.8991546868705296,-1.710175623010171,481.67063930094747,462.7739910982527,4.0016423609095035,0.009225814971561008,-0.006332599119035165,-0.015369049491995024,-0.01592589745967188,0
2024-04-11,462.8300683644,464.8741982597,458.7876685617,462.8597192187,2299867,471.8939138033849,464.86410740119993,468.8658223257239,44.6331997717884,0.5609408787757957,2.431511925251583,-1.8705710464757872,482.13154814886116,461.6562794579087,4.3389558737736795,0.009118377153754381,-0.0018330242767878868,-0.022011068184199845,-0.001733885316204109,0
2024-04-12,460.5766034377,464.0556370087,456.731875997,459.9638191155,2486361,471.22973262652005,465.195570791814,468.0180124961788,42.004081968163355,-0.16851629302749416,1.9115062815957675,-2.0800225746232615,482.6815287403182,459.7779365127219,4.860387756081778,0.008953659931614864,-0.006256539471804157,-0.014359539139327526,-0.023322992204460102,0
2024-04-15,464.7672575119,465.5184124874,453.0947045363,454.4388765979,2070679,470.469432083605,465.18577439920597,466.7247614582475,37.46929941389356,-1.178844063872475,1.293436212502119,-2.472280276374594,484.0604448847821,456.8784192824279,5.7776390448941655,0.00916623116322533,-0.0120116893720561,-0.019992753159727372,-0.03980369635587688,1
2024-04-16,454.646432578,457.9870954956,453.658070768,454.4685274522,1787264,469.559602865575,465.18328263336605,465.5575010767192,37.508291951103345,-1.9546119750020807,0.643826575001279,-2.59843855000336,484.7795259944167,454.33967973673333,6.482637363162959,0.008981187564392864,6.524717806266622e-05,-0.018129017104068113,-0.026135208403910815,1
2024-04-17,457.3841947915,458.0167463499,452.8179632296,454.8045704676,1735073,468.41439693455004,465.26291863660606,464.53341244727926,37.980311652722214,-2.51332571639648,0.012396116721727246,-2.525721833118207,484.43503201904804,452.39376185005204,6.840368353040398,0.008510491734921436,0.0007394197729904128,-0.011216640164917968,-0.019204126435900193,0
2024-04-18,455.1406134829,456.534203635,448.5185893563,449.4081149852,1998880,466.79999394180993,465.16079782370406,463.0929079270812,33.59222754414289,-3.3529089913967027,-0.6606649049019588,-2.692244086494744,483.6286060729531,449.97138181066674,7.210202377697973,0.008363555871904207,-0.011865438108618287,-0.011070271210866012,-0.02906194614689328,1
2024-04-19,453.5493509689,454.5080619246,447.3177297572,450.0900846341,2548844,465.1900793888,465.04448296363,461.85454380394015,34.62024581651377,-3.918090229260713,-1.3121499697737098,-2.605940259487003,481.94421639255745,448.4359423850425,7.203135985088187,0.008372245917099,0.0015174840554947888,-0.009634204688817705,-0.021466328591642214,1
2024-04-22,452.1755280531,455.3778203173,449.8331105635,451.4342566956,2157434,463.99134343503994,465.02710264871797,460.86213550790774,36.70022314528553,-4.209018040581441,-1.891523583935256,-2.317494456646185,481.0767933305931,446.9058935394868,7.364555454446819,0.008079234527586446,0.002986451173641713,-0.007410465925034249,-0.006611714043467609,1
2024-04-23,453.1441226268,457.5917507716,451.9877393092,457.433612882,2029056,463.37041619138006,465.13721066835404,460.53560954353554,45.09588065724353,-3.9104057976517197,-2.295300026678549,-1.6151057709731709,480.4613884477484,446.2794439350117,7.376807693872914,0.008511708227446946,0.013289545703318861,0.017857928304352733,0.006524292114181263,0
2024-04-24,459.8748665526,462.7015813291,454.9923592114,457.1173371028,4043134,462.69616910466004,465.224608948772,460.210059787275,44.75884382433161,-3.657117284322169,-2.567663478207273,-1.089453806114896,479.6562141601471,445.736124049173,7.33096411336432,0.008486010372674858,-0.000691413508524974,0.015612991062473158,0.005085187760585086,0
2024-04-25,455.5754926793,458.5998798178,451.4046058413,456.731875997,2006668,461.945896380785,465.269752957244,459.8788041882012,44.32405409075416,-3.4477443517280904,-2.7436796529114367,-0.7040646988166537,478.5638845356459,445.32790822592403,7.194776827787912,0.008439770963578019,-0.0008432432430653947,0.01173508483865926,0.016296459203993585,1
2024-04-26,457.5225654449,459.4103365019,455.5754926793,457.038268158,1963273,461.03229600726,465.22765447425,459.6082769472296,44.78320283745379,-3.219973655493675,-2.8389384534278843,-0.38103520206579056,476.58589701038255,445.4786950041375,6.747293470684583,0.008182899088441279,0.0006708359479643544,-0.0008642668856562175,0.015437317464010558,0
2024-04-29,455.5853762974,456.2179278558,450.3795758082,451.7801833291,2121464,460.01223111795497,464.96017752126806,458.8627442216935,38.860395127575394,-3.4242743367551043,-2.9560056300933284,-0.4682687066617759,475.17837191706417,444.84609031884577,6.593798935411499,0.008401409067711205,-0.011504692703505182,-0.011675675675586361,0.0007662835249413469,0
2024-04-30,450.9499594087,452.3929676513,445.6325728712,445.9488486504,2698813,458.64976892139003,464.63825496440796,457.63284940537983,33.559459790459286,-4.010493598873211,-3.166903223849305,-0.843590375023906,473.72852784139565,443.5710100013844,6.575282466822752,0.008664147105004901,-0.012907460074343624,-0.023609097401099288,-0.0251069530270015,0
2024-05-01,440.6116948766,443.7546854323,433.2780502468,436.9251053255,4979366,456.93531320166505,464.45919920746405,455.66068330253415,27.34356237567964,-5.143921336150186,-3.562306846309481,-1.5816144898407045,473.621554653976,440.24907174935413,7.303546462799461,0.009490791107943949,-0.02023492907809732,-0.044007612127452744,-0.044172972972930546,0
2024-05-02,437.8442818088,439.4800206042,432.9518908495,435.9663943699,3866467,455.55044997874,464.116867023544,453.7850367375214,26.776119491100857,-6.049792701287913,-4.059804017305168,-1.9899886839827454,474.2492267740289,436.8516731834511,8.209311085593942,0.009040906684574837,-0.0021942226343020232,-0.03500328155757204,-0.04546536538920343,1
2024-05-03,439.7320528658,440.0779794993,431.8152747681,438.4175316586,3711610,453.923940094895,463.576609829178,452.3214648252432,30.733906206799105,-6.4950451529236375,-4.546852244428862,-1.948192908494775,472.6416924104358,435.2061877793542,8.247087523794297,0.008180507271416183,0.005622307866739673,-0.016888297872261426,-0.04074218243134664,1
2024-05-06,442.0250522649,445.2568965472,440.3744880423,444.1401465382,2536211,452.46709478702496,463.114088479442,451.54229165504864,39.02081951445978,-6.313367167052775,-4.900155228953645,-1.4132119380991295,469.38160301359073,435.5525865604592,7.4765694219277465,0.008800495212539146,0.013052887866847884,0.016513221888050822,-0.016910960402472086,1
2024-05-07,446.502331264,448.0244084513,442.3166189988,447.7872016169,2345486,451.52320925852,462.70299160024194,451.18466403236783,43.64797518131776,-5.8081464918780625,-5.081753481538529,-0.7263930103395335,467.22676252569545,435.8196559913446,6.955812213048102,0.008760712916096636,0.008211496094479687,0.027114033099006507,0.004122340425507298,1
2024-05-08,448.7162617183,449.8133433273,444.6788037246,449.4773003119,2332440,450.81158875535493,462.320959088108,451.0220579637518,45.704120597897884,-5.2113059360360126,-5.107663972438026,-0.10364196359798683,465.49869047908226,436.1244870316276,6.515849232836681,0.008790667526927084,0.003774334525188161,0.02522656567007986,0.028728481914649606,1
2024-05-09,448.2714989038,450.7176943834,448.2714989038,450.1889208151,1970193,450.178048835175,461.87222486929204,450.94271156864215,46.58782222708676,-4.627540264553716,-5.011639230861164,0.3840989663074481,463.7850881627315,436.5710095076185,6.045181173433215,0.00881742782720688,0.001583217890438915,0.013619066693354664,0.032622987984557206,1
2024-05-10,452.0075065454,453.2429588078,449.684856292,451.6615799119,1730054,449.76293687499503,461.533680548874,451.01117522038095,48.45740010571573,-3.9999614171854887,-4.809303668126029,0.8093422509405404,462.63733629395784,436.8885374560322,5.724971251929128,0.00879573070934548,0.00327120244126311,0.008652275636753526,0.030208756030343453,1
2024-05-13,451.6121618214,453.3813294612,450.2037462422,452.4325021237,2069345,449.662618151285,461.173640819444,451.1465396873637,49.45481552663957,-3.4011869139791884,-4.527680317296661,1.1264934033174727,462.42045253956,436.90478376301,5.674402929345904,0.008407765561005793,0.0017068580682695345,0.006574752072572521,0.018670583261013007,0
2024-05-14,452.5906400133,453.6383035318,444.0709612115,448.9139340802,2990997,449.38488848268497,460.90391356092806,450.9339105819196,45.15946487887518,-3.1739851167722577,-4.25694127719178,1.0829561604195224,461.95256750187156,436.8172094634984,5.593280655974183,0.00857653294001742,-0.0077770010487396846,-0.0028321148654469885,0.0025162230167177224,1
2024-05-15,447.5203439282,453.262726044,447.5203439282,452.6697089581,2437772,449.27814540720993,460.72844962759,451.0992247129844,50.137754421707044,-2.660201266971171,-3.9375932751476586,1.2773920081764873,461.6952464432921,436.8610443711278,5.527578478061841,0.008804794003402071,0.008366358432592147,0.0022320451661985707,0.007102491369385566,1
2024-05-16,454.646432578,459.519056301,453.4801656422,453.5295837327,2412233,449.48421884458503,460.48964387356796,451.33068747676685,51.229339142155595,-2.15875437964354,-3.581825496046835,1.4230711164032952,462.0391421913346,436.9292954978355,5.586368918144632,0.00837215909125476,0.0018995633186482674,0.002424851450438137,0.007420580034602997,1
2024-05-17,455.0911953924,456.3118222277,452.7784287572,454.9132902667,1985903,449.725379126215,460.35865676583404,451.6718877424748,53.01198937167403,-1.6309005492000779,-3.191640506677484,1.5607399574774061,462.5009423524418,436.94981589998815,5.681495338799364,0.008389069496710392,0.0030509730426218074,0.013364156759340329,0.007199439800556595,0
2024-05-20,454.1324844368,456.8405957961,453.4406311698,454.3103895626,1397291,449.86918576956504,460.18165879504005,451.9231736301058,52.118102462765094,-1.246848737650339,-2.8026821528720554,1.5558334152217164,462.78246211507695,436.9559094240531,5.740902801965388,0.008379008203937117,-0.0013253090577911575,0.0036244541484260484,0.00415064662703335,0
2024-05-21,452.5807563952,455.0317948477,450.3272914685,453.756906949,2165999,449.685350472915,459.995565174822,452.0978148985719,51.263508778867255,-0.9758968004822464,-2.4373250823940933,1.461428281911847,462.2629610566592,437.1077398891708,5.593960563988522,0.007808505941780933,-0.0012182917809405724,0.0005012312855734447,0.010788199031342094,0
2024-05-22,453.559234587,457.1173371028,449.8677032268,451.2069334793,1713650,449.38983029173994,459.685236579568,452.01296904911743,47.40670769005948,-0.9559078752071741,-2.1410416409567095,1.1851337657495353,461.5250318641116,437.25462871936827,5.400745969036995,0.007896306406988704,-0.0056196906992460605,-0.00814739174849588,-0.003231441048191286,0
2024-05-23,451.2069334793,452.7191270486,445.1976936748,445.9587322685,2084733,448.85117310531507,459.215856282078,451.436375070011,40.63125057828634,-1.3480134249249431,-1.9824359977503563,0.6344225728254131,460.5847092579644,437.11763695266575,5.22825241670751,0.008271857404047055,-0.011631472881701188,-0.018383152765096944,-0.01669318107517792,0
2024-05-24,447.2436026214,449.1610245327,445.0790902576,445.9290814142,2162182,448.295713768125,458.66948905730607,450.9118709123147,40.59594909762811,-1.6422219616573557,-1.9143931905317562,0.2721712288744005,459.46458789376334,437.12683964248663,4.9828154865720204,0.00826490766578516,-6.648788812624318e-05,-0.01725114354166679,-0.019749277598007375,0
2024-05-28,444.7628144784,445.3805406097,437.2463229138,439.9000743735,2670989,447.701708320345,458.074592795652,449.8631283848086,34.107060889786,-2.3349588758864,-1.998506327602685,-0.33645254828371507,459.32071971938507,436.08269692130494,5.19051465880326,0.008408242961874006,-0.013520102841420245,-0.025059143082336366,-0.03171909672366058,0
2024-05-29,436.9646397979,439.3811844233,436.6582476368,437.3204500495,1876996,447.2702883903,457.36769956038603,448.6685875909697,31.767341268834812,-3.0568742519018883,-2.210179912462526,-0.8466943394393622,459.7280785041023,434.81249827649765,5.570586930170212,0.008035640559203609,-0.005864114316583957,-0.0193701380732223,-0.03622304508820928,0
2024-05-30,437.0634759789,439.0204323626,435.5413987916,436.9547561798,2189905,447.271770933015,456.55262090222,447.5529845994297,31.438094414349408,-3.6168134534639194,-2.491506620662805,-1.1253068328011144,459.72464225476836,434.8188996112616,5.568369001145106,0.006633162014433022,-0.0008362148846654538,-0.020125005541103747,-0.03158678699726558,1
2024-05-31,437.5378896477,442.133772064,434.1428668305,441.8669143753,3917303,447.566796933285,455.75603569292593,447.01145410189355,40.37717161911955,-3.6224419353491157,-2.7176936836000674,-0.9047482517490484,459.1860064514897,435.9475874150803,5.192167782694864,0.007063105307319401,0.011241800497712617,0.004471106317954554,-0.00917532856097647,0
2024-06-03,438.3186954776,439.8210054287,432.7888111509,438.0320705527,2123775,447.54752387799,454.870909590094,446.1562747162561,36.38845282721634,-3.8914837923570644,-2.952451705351467,-0.9390320870055975,459.22848849751136,435.8665592584686,5.219988491191309,0.0072593172846624155,-0.008678730400128676,0.0016272289647545346,-0.017709118311942773,1
2024-06-04,438.2000920604,439.7024020115,436.1838339681,439.5936822124,2096578,447.32020066169997,454.15460371892596,445.5312659063651,39.02979826393135,-3.9333511685284748,-3.148631597986869,-0.7847195705416059,459.4267652629798,435.21363606042013,5.412929969793971,0.006644061779001378,0.0035650623885359334,0.006039357611464347,-0.000696503999314757,1
2024-06-05,441.6000566866,442.3561534712,437.1573703509,441.4616860332,2157011,447.003924882515,453.586794284486,445.14368687082555,42.12554591153397,-3.7723141793279638,-3.273368114255088,-0.49894606507287564,459.37282158848683,434.63502817654313,5.53413337890612,0.006426352229974611,0.004249387323763898,-0.0009170823361438485,0.00946956855832215,1
2024-06-06,443.2703881454,444.5453748803,439.455311559,443.4581768893,1887061,446.7029687113851,453.043912245528,444.98316211068027,45.3210705554569,-3.4438920348314923,-3.3074728983703694,-0.13641913646112291,459.1093483532699,434.29658906950027,5.554643918160567,0.006455824080438696,0.004522455559030858,0.012387463615970873,0.01488351051801784,1
2024-06-07,444.219215483,447.7278999083,442.0547031192,444.5552584984,1664850,446.42128559555005,452.50027080600603,444.94240938570124,47.05115787838359,-3.0598181233482364,-3.257941943365943,0.19812382001770645,458.7538860401237,434.0886851509764,5.525095170191667,0.0064751133628548,0.002473923509079601,0.011286732468558824,0.006084058424923544,0
2024-06-10,443.2012028187,444.9308359861,439.1983374884,444.021543121,1954548,446.039283756005,451.874496155856,444.85470783668205,46.28391377184939,-2.76661137809441,-3.1596758303116363,0.3930644522172262,458.170604705855,433.90796280615496,5.439575118897451,0.006410946688289024,-0.0012005602615134947,0.005798594008920244,0.013673593718246613,0
2024-06-11,442.6279529689,444.021543121,439.9297252278,443.8139871409,1777281,445.608358006865,451.30714627636996,444.7555915799409,45.969973006459114,-2.5219198310448405,-3.0321246304582776,0.5102047994134371,457.4084385476415,433.8082774660885,5.2961666130125415,0.0063839871052895954,-0.00046744574292745256,0.000802353570512393,0.009600467657451262,0
2024-06-12,446.2354735753,447.2337190033,436.4605752748,437.8442818088,2738928,445.054875393295,450.60007006091206,444.09737160173705,37.98866613877008,-2.7776859123439976,-2.981236886835422,0.20355097449142434,457.21576919109043,432.89398159549955,5.464896339827243,0.006815226663598433,-0.013450917512892069,-0.01509593365798445,-0.008194152151468792,1
2024-06-13,437.8442818088,439.9692597002,434.2071103482,439.8210054287,2916648,444.4124402168251,449.972205775086,443.6900986328764,41.60409557609312,-2.788730548670742,-2.942735619202486,0.15400507053174417,456.24958459605404,432.5752958375961,5.327098572422373,0.006580285974974274,0.004514672686220411,-0.00946021146355791,-0.008201836498119008,0
2024-06-14,438.1803248242,439.7802849221,436.0652305509,439.455311559,2161546,443.70872660813995,449.488038829698,443.2867855782215,41.12638401161897,-2.79477550920285,-2.913143597202559,0.1183680879997091,454.952716087446,432.4647371288339,5.068184962355331,0.006536003826995793,-0.0008314606741975927,-0.009820951362932706,-0.01147202027623384,1
2024-06-17,437.2809155771,444.1104956839,436.5396442196,442.8948106576,2351895,443.10780262768503,448.92698045614003,443.24945463340043,47.26019504017391,-2.4932862993700837,-2.829172137636064,0.3358858382659804,453.1081477901662,433.1074574652039,4.513730114061566,0.00679522093783776,0.007826732339172526,0.011534988713191474,-0.0025375626044634725,1
2024-06-18,441.8570307572,445.9488486504,441.5012205056,444.8715342775,2636506,442.63585986342997,448.358870087778,443.40393840902897,50.455004140229924,-2.070975931111775,-2.6775328963312064,0.6065569652194314,451.2752199402801,433.9964997865798,3.9035970016147017,0.006916978592340826,0.004463189841770854,0.011483146067289729,0.0023828612149265904,1
2024-06-20,445.810477997,449.1914660765,443.1419011101,447.2436026214,3006765,442.31019464704997,447.970443896466,443.7696207149691,54.05199229829117,-1.5272802940043562,-2.4474823758658366,0.9202020818614804,449.6399308096729,434.98045848442706,3.3142967317187044,0.007060993337649933,0.005332029948268868,0.017722600814108924,0.021467268622922253,1
2024-06-21,446.9273268422,450.0011320712,445.019788549,449.5563692567,5062383,442.22766643592,447.687377074096,444.3207396237054,57.30653458274883,-0.8994088205885191,-2.1378676648103734,1.2384588442218543,449.1824349810253,435.2728978908147,3.1453339865216567,0.007077451642708947,0.0051711564385590325,0.015040949766851108,0.02213483146060935,1
2024-06-24,449.6354382015,457.6807033345,449.6354382015,451.6418126757,2597068,442.51182045628,447.463018943236,445.01798467627634,60.05409220766421,-0.23087689408225742,-1.75646951066475,1.5255926165824927,450.4482485522326,434.57539236032744,3.586990326165398,0.006608979357090946,0.004638891942401191,0.015218502143985013,0.02773092233990182,0
2024-06-25,453.1441226268,454.94788293,448.5136475472,450.3470587047,2529625,442.73271932080496,447.27068373502,445.5255155361262,57.57664023251836,0.1922475394720209,-1.3667261006373959,1.5589736401094167,451.26116366193946,434.20427497967046,3.8526379320769264,0.006654555704965735,-0.002866771708601168,0.0069390731697667185,0.016826225703649778,0
2024-06-26,447.4808094558,449.3854814998,446.1366373943,447.1151155861,2451388,443.09347138143505,447.124208514784,445.6769060170761,51.82891622614882,0.26374560713225037,-1.0406317590834666,1.304377366215717,451.7219184380353,434.4650243248348,3.8946396703608737,0.0060765030069275154,-0.007176560957000144,-0.005430361657730254,0.005043211659392144,0
2024-06-27,443.3494570902,443.4779441255,436.8559199988,437.5971913563,3313924,443.107308446775,446.78678179286595,444.9074093827164,39.36568575135517,-0.44250764715945934,-0.9210069366986653,0.47849928953920595,451.6994907373336,434.5151261562164,3.8781496611630164,0.007725793072059304,-0.021287413236574237,-0.031096813725448147,-0.021568584119616485,0
2024-06-28,439.4651951771,443.0825994015,433.6140932622,436.0256960785,4105179,443.06085544171003,446.41120430508397,444.061531925172,37.751518812166175,-1.1161585933701872,-0.9600372680329697,-0.15612132533721745,451.7944704924664,434.32724039095365,3.9423997599830374,0.00776706638778068,-0.00359119141722386,-0.03180072424008151,-0.03009783445082026,0
2024-07-01,435.6698858269,437.3155082405,430.4809863246,432.5170116531,3149663,442.59336030559996,446.073382238442,442.9620538040223,34.3635133711406,-1.911123094070092,-1.1502544332403943,-0.7608686608296977,452.46003423146567,432.72668637973425,4.458572952406251,0.007479792865375813,-0.008046967086931311,-0.03264954242010831,-0.042345063025270746,1
2024-07-02,429.9373873292,439.5837985943,429.9373873292,439.4750787952,2061407,442.665510717725,445.861082121664,442.6299609460392,44.92026903849645,-1.957119861413105,-1.3116275188749364,-0.6454923425381685,452.4181562411262,432.9128651943238,4.406327254901137,0.008167419617868554,0.0160873837436033,0.004291360813079237,-0.024141336552236603,1
2024-07-03,440.1372812079,444.0561357843,439.1044431165,442.9639959843,3192350,442.83402640632005,445.691676907438,442.6617738068259,49.32170016235007,-1.6925356741734277,-1.3878091499346348,-0.3047265242387929,452.4844718454465,433.1835809671936,4.358493188719746,0.00831950779854972,0.00793882829184489,0.015912594070031316,-0.009284230072066468,1
2024-07-05,441.9064488477,444.7133963879,439.1044431165,444.2587499554,2220706,442.97387960243,445.428179648906,442.8138667733568,50.890084723156825,-1.3626669978816608,-1.38278071952404,0.020113721642379234,452.62178949660034,433.3259697082596,4.355972366961857,0.008292574776794188,0.0029229327503761393,0.02714746006734514,0.015223037831785469,0
2024-07-08,444.0511939753,445.3657151825,439.8210054287,441.046574073,1802729,442.853299461615,445.10676438830995,442.6455531828466,47.00358820277413,-1.344935860375756,-1.3752117476943835,0.030275887318627515,452.5342084888156,433.1723904344144,4.3720613751641215,0.008397004865010512,-0.007230416694600783,0.0035758461710917455,0.01151509656347427,0
2024-07-09,442.1069816137,443.0275222896,438.2862428942,440.1768156803,1608726,442.63437732071,444.77566318197603,442.4104353254612,45.979647651643226,-1.3850994750195582,-1.3771892931594185,-0.007910181860139698,452.3494003341448,432.91935430727517,4.389637819023622,0.008380237599820622,-0.0019720329866024233,-0.0062921147751674456,0.017709832956451566,0
2024-07-10,430.1894442608,432.9609645755,424.685996779,429.2293104376,4760902,441.89476568654,444.21948402756806,441.1550900980459,35.49764083284548,-2.2740873465938307,-1.5565689038463009,-0.7175184427475298,453.1973268348193,430.59220453826066,5.11549899475245,0.01000420424145573,-0.024870699347898317,-0.03383037367144437,-0.02331365042515776,1
2024-07-11,427.6059913962,433.3173029016,425.7353141667,431.9810341785,4032726,441.30311803841994,443.82350104455594,440.2813704866606,39.24670593380752,-2.7251615646889036,-1.7902874360148215,-0.934874128674082,453.3558120541581,429.2504240226818,5.462319898990083,0.010163763650549482,0.006410847707708056,-0.02055460903092632,-0.024794253946971545,1
2024-07-12,432.9510662886,437.7319388313,432.8718799939,435.6335020217,2645729,441.192579049065,443.61719411198203,439.8387163471405,43.90708899460554,-2.75614636271672,-1.9834592213552011,-0.7726871413615188,453.4095654658161,428.97559263231386,5.538164963283517,0.009963890487658436,0.008455157875497665,-0.010321565100102514,-0.019414919648889084,1
2024-07-15,435.8512643321,439.8798670751,434.2774367249,439.4839356016,1727716,441.17572555770994,443.66837071750393,439.8049277047081,48.40077651174238,-2.4418560315759805,-2.075138583399357,-0.36671744817662333,453.4011609525454,428.95029016287447,5.542206738315329,0.01011743295629421,0.008838699415978812,0.023890784982846025,-0.003543023715090299,0
2024-07-16,442.3940319319,442.6102105165,435.2276722613,439.0187161202,2846645,441.15389578577003,443.72941715251,439.7300504109454,47.90145925694745,-2.2049012745651453,-2.101091121632515,-0.1038101529326303,453.39309255332114,428.9146990182189,5.54871979346392,0.010118555143590386,-0.0010585585586039281,0.016291645662369403,-0.002630987182526079,1
2024-07-17,437.9002097076,446.9274473037,437.5636679551,446.5711089775,2924993,441.337710701765,443.892488698888,440.3815797982363,55.862088347183395,-1.3916557951330333,-1.9592040563326187,0.5675482611995855,453.7846327572856,428.8907886462444,5.640543173040395,0.01070075767359867,0.0172028949563785,0.025107359523637296,0.04040217692081649,0
2024-07-18,444.1856218496,450.7976774573,442.9285394212,444.1559269891,3339984,441.301930337345,443.892804307906,440.74104143546145,53.06943966725629,-0.9313024209189393,-1.7536237292498829,0.8223213083309435,453.71207274240425,428.8917879322858,5.624331801844836,0.010734392102168545,-0.005408280875872085,0.010630630630684035,0.028183859584838045,0
2024-07-19,446.6304986986,446.6502952722,439.0583092676,439.1770887096,2121736,440.898604641755,443.72060204976,440.592093556808,47.76794271293165,-0.9571858517834926,-1.594336153756605,0.6371503019731124,453.0313390627061,428.76587022080395,5.5036392917638395,0.010935257276221673,-0.011209663041651052,0.0003607422271187932,0.008134330053714445,1
2024-07-22,440.8795940458,444.284604718,438.7415640888,443.3838606157,2111943,440.58997920970495,443.59873325583595,440.85797613384534,52.12017619784734,-0.6309738481077147,-1.4016636926268269,0.7706898445191122,452.12541018239693,429.05454823701297,5.236356484268351,0.011106122915170883,0.009578759945015225,-0.007137157549438777,0.00887387387382299,0
2024-07-23,443.492741771,444.1757235628,436.6233307055,437.2271262026,2385481,439.86924488605,443.33949736358596,440.51218090229816,46.06985984629999,-0.8593395665222943,-1.2931988674059205,0.43385930088362623,450.300998685964,429.43749108613605,4.743115787791144,0.011411647018695716,-0.013885788275086242,-0.01559992868601312,-0.004080896444308868,0
2024-07-24,429.5856487637,431.4267301156,424.4979293291,428.0514143039,3764823,438.75446266601,442.867294051426,439.32544122626024,38.83444630768233,-1.7604311547318048,-1.3866453248710975,-0.3737858298607073,449.2342449728884,428.2746803591316,4.77706015487567,0.01221215184750494,-0.020986145069252227,-0.02533300277204742,-0.04147087507744052,0
2024-07-25,429.5262590427,433.2501925169,425.1908094077,425.2304025551,2384325,437.66022701446,442.323252060054,437.98305659091164,36.91490260895794,-2.6713906735497517,-1.6435943946068283,-1.0277962789429234,448.9578536449395,426.3626003839805,5.162738550654836,0.012200945380553775,-0.0065903572667492805,-0.040942983435146685,-0.04261009092526291,1
2024-07-26,427.8831434276,436.2991618115,427.7148725514,433.723132662,2039595,437.466524079745,442.01943603168996,437.5773495500629,45.62818566076299,-2.677179454141026,-1.850311406513668,-0.8268680476273578,448.8939311287322,426.0391170307578,5.224357257061405,0.012332994936479467,0.01997206703911436,-0.008014126596016191,-0.012418580540312196,1
2024-07-29,434.3368264459,438.4149206231,430.9912054947,436.8113981554,2248633,437.50580918359003,441.70226981563604,437.50440179819026,48.41818227652505,-2.4048482946847116,-1.961218784147877,-0.44362951053683464,448.9185257539436,426.0930926132365,5.217172586416766,0.012418133273363436,0.007120361495236871,0.02046479361771425,-0.014823413849960998,1
2024-07-30,439.2562750043,444.1658252759,438.5040052047,442.8988445607,2266899,438.02490082897003,441.489655032196,438.0181582517626,53.48492425749359,-1.6784694873409762,-1.904668924786497,0.22619943744552073,449.42716467987793,426.62263697806213,5.20621719419554,0.012624334723576495,0.013936097892606636,0.041550279329593875,0.012972018473236036,1
2024-07-31,457.3008519098,469.1787961152,452.8862159801,458.9934589591,4313637,439.000819837165,441.571258406044,440.01580593817573,63.65102527237565,0.1936594389384254,-1.4850032520415126,1.678662690979938,453.6198975121788,424.3817421621512,6.660159623590826,0.014542484383089381,0.036339255782804836,0.05826372723539541,0.07228581338883822,0
2024-08-01,460.7256591557,462.7449096706,454.5194333083,457.7066816701,2590132,439.737954121455,441.639184248194,441.70065124597807,62.47537790814136,1.5555712705027531,-0.8768883475326594,2.4324596180354128,456.42281146587715,423.05309677703286,7.588545490805557,0.01452065599321466,-0.002803476310791253,0.04783593927021634,0.07637337057712346,0
2024-08-02,455.5389568526,462.0025381578,453.9453326717,457.3206484835,3808080,440.39104904786,441.710459078884,443.18827003050393,62.10478027734744,2.57407423168047,-0.18669583169003356,2.7607700633705035,458.67823149578004,422.10386659994,8.304974629914721,0.014528901351828867,-0.0008434073655892993,0.032562297463441414,0.05440686475878964,0
2024-08-05,450.3720511233,456.6030226877,435.118890089,437.504278234,4496726,440.21393425591,441.43640597397797,442.6469374784559,46.76819948522354,1.7619193895470175,0.20302721255737666,1.5588921769896409,458.54086279890475,421.8870057129152,8.326373663738126,0.017595990662480913,-0.04333145751282419,-0.04681805438760034,0.0015862225242426753,1
2024-08-06,438.7118692283,450.817474031,437.6131593893,443.7401989419,2759051,440.39210341898996,441.392035307446,442.7510576178316,50.879047814354436,1.6029892490236648,0.48301961985063435,1.1199696291730303,458.7832960335745,422.0009108044054,8.352190001502882,0.017884351009665667,0.014253393665249359,-0.030514045976428594,0.00189965359253641,1
2024-08-07,445.9475169067,452.2725221961,444.4726721679,445.2645351149,2059829,441.193864652855,441.37874438145997,442.9904364270762,51.857752160085816,1.581803115701689,0.7027763190208454,0.8790267966808436,458.95593689061565,423.4317924150943,8.05182195891886,0.01685676907258236,0.003435199643022635,-0.026362495130230257,-0.029910935714278497,1
2024-08-08,447.640123956,451.6291335517,446.4424312486,450.9461517599,1585584,442.14212053192506,441.59966592918806,443.7481236016308,55.422860950187996,2.0004124232049776,0.9623035398576718,1.0381088833473058,459.8604902375295,424.4237508263206,8.014784786524357,0.017003924740174727,0.012760092477461349,0.03072398190060799,-0.014770441815557311,1
2024-08-09,450.9461517599,454.1334001217,448.8477149502,452.1339461804,1760295,442.9671427398601,441.895935851806,444.54677337103743,56.15388485644385,2.400338786864779,1.2499105892590934,1.1504281976056858,460.93135358881534,425.00293189090485,8.110854786132538,0.01694252809852637,0.002634005004509943,0.018915904528178595,-0.01134150036806647,0
2024-08-12,453.1138765774,453.7968583692,449.2733412843,451.0550329151,1760046,443.54569760553505,442.17794138651203,445.1666076133291,55.267305500820626,2.6002499647296418,1.519978464353203,1.0802715003764387,461.7673938931776,425.3240013178925,8.216378328551802,0.016889821725736758,-0.0023862691010365644,0.013004623866362364,0.030972850678850694,1
2024-08-13,453.4801131904,454.964856216,450.2631699681,454.6877041846,1816206,444.329147008755,442.434357182698,446.0733787153549,57.689506335583616,3.0170287954986748,1.8193885305822977,1.197640264916377,463.04558880673954,425.61270521077046,8.424584308269905,0.0169418001500608,0.008053720731199032,0.00829711576448311,0.0246709792549884,1
2024-08-14,454.5887213162,455.8557020315,451.4311678149,455.4795671316,1654140,444.77456991646005,442.78330711427606,446.96920618356876,58.220581615222315,3.372351376112647,2.1299810996883677,1.2423702764242792,464.0974238050512,425.4517160278689,8.68883034037692,0.016554718331956444,0.001741553465625545,0.007399623451111337,0.022941490307697654,1
2024-08-15,460.3693208295,464.2296526963,459.2805092774,463.942602378,2130571,445.763903685905,443.27028551758804,448.58572010684793,63.49443316860823,4.287420581421941,2.5614689960350825,1.7259515853868583,466.80823087984044,424.7195764919696,9.441916234098544,0.016921865945805494,0.018580493741346737,0.028572055564061838,0.02882040475870351,1
2024-08-16,463.2398240125,465.4768368379,461.2997597923,464.1108732542,1922047,447.01059291313504,443.723269262008,450.06430612088144,63.592838769681194,4.96891896794034,3.0429589904161345,1.9259599775242053,469.26574519501867,424.7554406312514,9.957326575573273,0.01663028498445233,0.0003626976167687701,0.02072448624160339,0.02648977625984572,0
2024-08-19,464.2296526963,465.3679556827,460.7850488767,462.230198755,1690880,447.9529098201,444.098709699322,451.22296256222603,61.59439791470509,5.296205276895364,3.4936082477119808,1.8025970291833833,471.0924128709895,424.8134067692105,10.33122122599112,0.016621352330173533,-0.004052209520568395,0.01482093184972566,0.024775615001292772,1
2024-08-20,463.3685017414,464.8928379144,460.7751505899,464.3484321384,1763383,449.30897511689,444.494573172122,452.4730072837664,63.00458222734067,5.66124644097016,3.927135886363617,1.7341105546065432,472.9486682760999,425.6692819576801,10.522689048470454,0.016187089962666757,0.004582637372256171,0.0008747413113603386,0.021246952281511078,0
2024-08-21,463.7743315018,464.3187372778,459.7952201929,463.2398240125,2105889,451.06839560232004,444.87893878995203,453.49841840078864,61.72712524229785,5.794295748182378,4.300567858727369,1.493727889455009,473.3145139767754,428.8222772278647,9.863745095574567,0.015234383604849602,-0.0023874488405070116,-0.0018768128305042264,0.01703755215578706,1
2024-08-22,464.7146687514,466.1202254823,461.9530467236,464.0514835332,1538288,453.009449651225,445.283688717798,454.50347222292305,62.32934886798807,5.897252566046291,4.619904800191153,1.2773477658551373,472.50331424883035,433.51558505361965,8.606383205742754,0.01504014115743172,0.001752136752124489,0.003940211572297736,0.0002346866932285696,0
2024-08-23,465.5164299852,465.5560231326,457.2018690414,461.6956912658,1986348,454.4080775814151,445.76071690693806,455.18844546510184,59.40751268816684,5.722785133457137,4.84048086684435,0.8823042666127865,472.0966012811741,436.7195538816561,7.785303374845838,0.01472227551557963,-0.005076575231401925,-0.005712824011020579,-0.005203890121051158,1
2024-08-26,463.3388068809,465.7440905825,462.2499953287,463.8733143701,1434397,455.76117339215,446.241763085766,456.0155758370064,61.217316647411366,5.694590724410261,5.011302838357532,0.6832878860527289,471.93367826040156,439.58866852389843,7.096920849085262,0.014698667391086166,0.004716576622861179,0.0013675213674697595,0.003554756092366329,1
2024-08-27,466.2884963586,470.6635391409,463.4575863229,470.1587265122,1635908,457.124167489725,446.85583138483,457.3625425679772,65.93787467645393,6.109005865701647,5.230843443826356,0.8781624218752908,473.32567694559975,440.9226580338502,7.088450188422357,0.014683945339530121,0.013549846364055318,0.013160701335336089,0.012512789904431498,0
2024-08-28,470.168624799,471.5642832432,464.096025824,467.0011730109,1445425,457.524553192315,447.337958631896,458.2805073720651,61.864110362974124,6.112187182954983,5.4071121916520815,0.7050749913029017,474.2774595461098,440.7716468385202,7.323281881553104,0.01255524699668382,-0.006715930861740715,0.01149129577223107,0.008119658119675188,1
2024-08-29,469.6440155966,477.0182392908,469.6440155966,475.909631165,1893601,458.43470066706004,447.958720569646,459.9594715428208,67.89136228797314,6.755671347706084,5.676824022862882,1.0788473248432018,477.0073144263494,439.8620869077707,8.102621259806334,0.01315085659566914,0.019075879610032764,0.02594742232853875,0.025553517341468934,1
2024-08-30,476.9390529961,480.7993848629,474.7713281786,478.4237960218,2982115,459.48985804397506,448.58232443765405,461.7179786360569,69.36302160117671,7.383398059689398,6.018138830228185,1.3652592294612127,479.98749492382444,438.9922211641257,8.921910471367868,0.01315162457624013,0.005282861896796387,0.017579317459261334,0.03623188405795541,0
2024-09-03,477.5626450669,481.7397221125,475.1573613653,477.2162050276,2063707,461.47545438365506,449.135521153072,463.19400019715624,67.75664238147574,7.694733403618272,6.353457744906203,1.3412756587120693,480.725240822008,442.2256679453021,8.342713032944681,0.007748437788839018,-0.0025241031157759997,0.021873675286167904,0.0287640833049827,1
2024-09-04,477.1865101671,481.2250111969,476.2857660648,478.2258302851,1881322,463.199735950815,449.66720150526004,464.6256030626747,68.41524374861638,7.931507743150917,6.6690677445551465,1.2624399985957702,481.95790355007443,444.4415683515556,8.09938613663254,0.00740217391330234,0.0021156558533916847,0.004866888519213353,0.017158255963352076,0
2024-09-05,478.2258302851,479.2354555425,468.2979475695,472.5046204928,2293539,464.56174021971003,450.110352741022,465.37598567506757,60.8324378562348,7.570234347750613,6.849301065194241,0.7209332825563726,481.8079142484904,447.31556619092964,7.424707002614539,0.008197492445698595,-0.011963406052093117,-0.012372243141372308,0.011784654514714665,0
2024-09-06,472.2571633218,475.5532928388,469.8815744807,471.2772329249,2116234,465.57829427795997,450.59359508779795,465.93800922267064,59.313605246877096,7.103003655365171,6.900041583228427,0.202962072136744,481.86447580251996,449.2921127534,6.996108592140167,0.00795122209842652,-0.0025976202446864605,-0.012445034431210367,-0.009733777038216651,1
2024-09-09,475.6126825599,484.2340903956,474.6871927405,482.135653586,2343553,467.07837964823995,451.484364332392,467.4806420191782,67.13200002199416,7.522192611158118,7.024471788814366,0.49772082234375237,483.6590254280598,450.4977338684201,7.099727370085879,0.009213864618243547,0.023040409980573662,0.008175684066603184,0.007758513675667711,1
2024-09-10,482.1455518729,483.3630411539,477.4240690512,483.0561942619,2234088,468.67843771558,452.42497429606004,468.9640279470565,67.69869512308931,7.838327458234062,7.187242922698305,0.6510845355357571,484.93837790796834,452.41849752319166,6.93863377698454,0.009125018405549846,0.0019092980762847045,0.02233115468393776,0.012237617190644645,1
2024-09-11,481.5714512363,484.1351075273,472.979738261,483.2145668513,2479988,470.104780848915,453.438925400024,470.321222128413,67.80155188266728,8.009319497026468,7.351658237563937,0.6576612594625306,486.20942369584276,454.0001380019873,6.851512047099787,0.009084304826943352,0.0003278554157493119,0.025329748802659147,0.01043175891027448,1
2024-09-12,481.9970775703,487.8667616651,478.0872542693,487.1045935786,2299485,471.6860321712649,454.391515695692,471.91963845700224,70.30295272967358,8.362328844730825,7.553792358997315,0.8085364857335104,487.9457200392046,455.4263443033252,6.894284231014057,0.009144494218966208,0.008050309312171544,0.010306103594791782,0.030899111781325983,1
2024-09-13,488.0845239756,491.7963815398,486.4513066473,488.3418794334,2204789,472.905996024035,455.299073364674,473.48366140713534,71.07271767990915,8.642306791095962,7.771495245417045,0.8708115456789169,490.28171215217907,455.53027989589094,7.3484862844754275,0.00841767609633117,0.002540082502014762,0.010942174501201496,0.03620935898513755,1
2024-09-16,490.2621470799,493.2514297049,488.3715742939,492.6476342078,1589320,474.332834071715,456.26685104972205,475.30880167386533,73.63397627062334,9.106653918643701,8.038526980062375,1.068126938581326,493.20735823623573,455.4583099071943,7.958346042587918,0.008511201119185022,0.008817090967901065,0.019521487975760587,0.02180295222644224,1
2024-09-17,493.5285817364,496.6366438035,492.7862102236,495.8942722907,2202852,476.0160377485,457.363805014076,477.26932268499246,75.40248154404108,9.62567018850757,8.355955621751415,1.2697145667561553,496.2298778403595,455.80219765664054,8.492923972674776,0.008377260095231548,0.006590183038472697,0.018044746093493158,0.026576779640340442,0
2024-09-18,496.181322609,496.6960335245,489.0149629383,489.7276395907,2193838,477.28499812111494,458.354821492284,478.4558290569646,66.30526335152403,9.43068750434378,8.570901998269889,0.8597855060738908,497.59591366993857,456.9740825722913,8.511021980066328,0.009100383117645062,-0.012435377951663495,0.002837684449484179,0.0134786349299032,0
2024-09-19,494.9143418937,496.0328483064,481.3041974916,487.995439394,3517228,478.52277889018995,459.530144071412,479.3643633747775,63.9705283441616,9.032269858560312,8.663175570327974,0.36909428823233803,498.2685179952732,458.7770397851067,8.25278961677787,0.009137784704447167,-0.003537068477792449,-0.009443250085390043,0.001828859401335814,0
2024-09-20,484.6696150165,488.5101503096,482.7790422305,487.7281856494,3470313,479.70661399599993,460.64508710083,480.16091787712253,63.5984396704055,8.595868044105885,8.649714065083558,-0.05384602097767299,498.663211144056,460.75001684794387,7.90341287569328,0.009164056321770139,-0.00054765623410713,-0.016467394558880688,-0.0012566888277368848,1
2024-09-23,488.1439136966,492.6278376342,486.3028323448,492.0834318581,2191256,481.226001025615,461.77408569755795,481.2963953991204,66.97012501674223,8.503426228414185,8.620456497749684,-0.11703026933549943,498.9989266207534,463.4530754304766,7.386519247613302,0.009086948142263747,0.00892965864357631,0.004810413129569202,-0.0011452452230025223,0
2024-09-24,487.6687959284,488.2280491347,479.4928110003,482.4523987648,4143654,482.15495524535,462.63345496082206,481.40649095775655,54.86732920677838,7.565807622028785,8.409526722605506,-0.8437191005767204,498.045289536702,466.26462095399796,6.591380683110907,0.010405367987756936,-0.019571951563037482,-0.011358795967608692,-0.02710632946778646,1
2024-09-25,479.8293527528,484.9170721875,478.6217617586,484.4716492798,3483193,482.87060138373,463.542513624014,481.69841079795117,56.63673945017022,6.906065933071204,8.108834564698645,-1.2027686316274409,497.7952668672728,467.9459359001872,6.181641806634818,0.010064185992538992,0.004185388071796803,-0.006676949303768498,-0.010732476352147136,1
2024-09-26,486.0058837396,488.6041840346,484.026226372,486.2731374842,3073747,483.834199607395,464.33655419414805,482.1340990537844,58.21082106015329,6.454181151098567,7.77790388197863,-1.3237227308800632,496.9101031194276,470.7582960953624,5.405117506221337,0.009882018250093643,0.0037184594951593652,-0.011807539123925515,-0.0035293401756761877,1
2024-09-27,486.0355786001,490.9550271586,485.4020882425,488.6190314648,2177336,484.4696696223849,465.22581628366197,482.7517116643573,60.235084451191064,6.21372528730916,7.465068163044736,-1.2513428757355767,497.1733356396129,471.7660036051569,5.244359683911578,0.00907184847709806,0.004824231074611385,0.01278184690507933,0.001826521086153443,1
2024-09-30,486.777950113,489.9553001879,485.1249362111,488.7774040542,2862475,484.98735002400497,466.2178225905541,483.3255871300566,60.37463539367007,5.967155967684903,7.16548572397277,-1.1983297562878672,497.50581462444825,472.4688854235617,5.162388091080588,0.009026575795700636,0.000324122842545016,0.00888752681565741,-0.006718429416362359,1
2024-10-01,492.2022113001,492.9643793866,488.0944222624,491.3311620584,3748206,485.69309787554494,467.17676861940805,484.0880228375179,62.65077408556953,5.909691686631277,6.914326916504472,-1.0046352298731955,497.96869509715754,473.41750065393234,5.054878183489494,0.009028691940469617,0.0052247873633635145,0.010401612148202233,0.01840339755037368,0
2024-10-02,487.9261513862,490.865942577,484.699309877,490.5294008245,1736490,486.308276402515,468.24281411184603,484.7014874077067,61.457203140234995,5.73336473909427,6.678134481022433,-0.9447697419281624,498.2540897635399,474.36246304149006,4.912856285068626,0.00905403231139822,-0.001631814335856685,0.003909731788328097,0.012503830830359774,0
2024-10-03,490.5096042509,492.0314658522,487.9855411072,489.9355036143,1382289,487.17982055859,469.480495898054,485.199965141668,60.53718803908735,5.482502940192205,6.439008172856387,-0.9565052326641821,497.38703722852097,476.972603888659,4.190328186511335,0.008528366035144156,-0.0012107270414408733,0.002369380316058045,0.007531499990000912,1
2024-10-04,490.5195025377,493.9740046441,487.4609319048,492.637735921,1935893,488.247845708395,470.828642565372,485.9083242635091,63.23408077019133,5.439042820900909,6.239015102465292,-0.7999722815643828,495.6643051464066,480.8313862703834,3.0379896207226955,0.008498704835427164,0.0055154857869359475,0.002659252991660699,0.008224617129939826,0
2024-10-07,492.271499308,493.4592937285,485.7584265687,486.3028323448,1990708,488.45620464633504,471.880236559028,485.9458964617273,53.929367735910844,4.837661042489685,5.958744290470171,-1.1210832479804855,495.39270619223663,481.51970310043345,2.840173378869838,0.007623245014631011,-0.01285915209957833,-0.00861634077915785,-0.005062778452674999,1
2024-10-08,487.4906267653,492.4694650448,486.530492942,492.0042455634,1750066,488.90360721140996,472.98409350718794,486.52288209045804,59.679813353664976,4.766176532198472,5.7202307388158316,-0.9540542066173598,495.53686236365525,482.2703520591647,2.713522688073338,0.008026798206704037,0.01172399755746767,0.004222478129955354,0.0013699182078745764,1
2024-10-09,493.9620548312,496.3109465879,491.1967870977,495.5181373908,1707580,489.51878573838496,474.03647936378997,487.379573071443,62.764591948647144,4.936165206581109,5.563417632368887,-0.6272524257877787,496.2093508333236,482.82822064344634,2.733527410943644,0.008142828515125555,0.00714199493009704,0.005846895720269973,0.010170107149367169,0
2024-10-10,495.5676941602,496.2846815001,491.4445709448,493.6052460914,1491085,489.8438183640251,474.72871510643597,487.97249431143894,60.07028100161276,4.860499304147311,5.422833966724572,-0.5623346625772614,496.6640268172303,483.02360991081986,2.784646124956024,0.008057456347944124,-0.003860386038486041,0.015016185925527115,0.007490256268484208,1
2024-10-11,492.108631655,498.4618094941,492.0640305625,497.8076601378,1920085,490.317107399245,475.53073467579003,488.90917677109235,63.751689467005356,5.081061905039917,5.354479554387642,-0.27341764934772517,497.9231986655275,482.7110161329625,3.1025192274554474,0.008238179234938602,0.008513714308502118,0.011795456292769346,0.010494373126197276,1
2024-10-14,499.8890444533,504.2797742236,497.5995217063,502.1686558464,2127041,490.79315848117494,476.427694823048,490.17198430207407,67.13769227626523,5.543849219758158,5.392353487461746,0.15149573229641256,499.9556742327887,481.6306427295612,3.7337585470703663,0.008235354801602696,0.008760402978517545,0.013421342134152692,0.03262539809834131,1
2024-10-15,501.1378750426,505.3601117968,499.5322357135,502.7336030178,2885897,491.13512501753,477.73228131872406,491.368328941667,67.56044008080224,5.888321115677456,5.4915470131048885,0.39677410257256795,501.469267515944,480.800982519116,4.20826854851611,0.00812974443806866,0.0011250148029406937,0.018493233203420445,0.02180744892173392,1
2024-10-16,501.8614038761,510.8336569788,501.5145064902,509.5129690739,2956878,492.12439149169006,479.047736721364,493.0963899066416,72.1846154913001,6.631907259511991,5.719619062386309,0.9122881971256813,505.16405160753095,479.0847313758492,5.299335022316639,0.007987567988723342,0.013485006801624122,0.023513717994736894,0.0282428242824595,0
2024-10-17,511.713289636,512.4615968542,506.9855738337,509.2057171035,2227465,493.18490537716497,480.326560361136,494.6306115444376,71.68586521080574,7.114401576734849,5.998575565256018,1.1158260114788314,508.03342937714064,478.3363813771893,6.021483560459015,0.007906810646378163,-0.000603030715701891,0.014013342280869923,0.031605156419288294,1
2024-10-18,509.9788027064,513.40813115,508.0361773453,511.7628464054,2604684,494.386638414965,481.54289425404596,496.26225295976735,73.33702751607083,7.61533591115807,6.321927634436428,1.2934082767216415,511.0532168380711,477.7200599918589,6.742325592188419,0.007904528776358666,0.0050218000623514225,0.017960294146640354,0.028033289531416594,0
2024-10-21,512.4070844078,514.2208621684,509.384220587,510.4446363389,2217572,495.3046986390051,482.709108057216,497.6129561387324,71.03723253156994,7.815865017880981,6.620715111125339,1.195149906755642,513.3300808932044,477.27931638480584,7.278502426376847,0.007825479491313892,-0.00257582213276919,0.0018285447506731778,0.016480480006365594,0
2024-10-22,506.61885374,509.9887140603,505.9746157376,508.4722769162,1855981,496.605692546575,483.85745293723795,498.64717716515787,67.6203552134352,7.726565816860159,6.841885252272303,0.8846805645878559,514.4882193799336,478.72316571321636,7.2019016703806695,0.006175257083264843,-0.003864002640612596,-0.0014403612580629055,0.011414939968110271,1
2024-10-23,508.1154681764,510.1571079628,507.3622052812,509.1759830419,1759887,497.84090923468,484.947218514384,499.64992058199044,68.20791533769285,7.624686124471054,6.998445426712054,0.626240697759,515.6127173674191,480.06910110194093,7.139553139600083,0.006170318954736661,0.001383961638907527,-0.005054808846851722,-0.000661388526797535,0
2024-10-24,507.3622052812,508.7894402404,504.9438349337,506.0935519842,1912122,498.83192995968,485.959498211436,500.2635997631533,62.829771218707116,7.212082906463991,7.041172922662442,0.17090998380154865,516.1168143912689,481.54704552809113,6.930143558767783,0.006449992821661348,-0.00605376365021193,-0.008524106327980285,-0.006111803176529151,0
2024-10-25,507.9568865142,510.1671184302,501.1378750426,502.8624506183,1582222,499.54410091735497,486.7378951762419,500.51110936840536,57.69438509690301,6.548877622068005,6.942713862543554,-0.3938362404755491,516.2511904348064,482.83701139990353,6.688934765427436,0.006676424877758461,-0.006384395440787838,-0.011032708276491832,-0.01739164116663805,1
2024-10-28,502.9020960338,506.3313253639,501.6532654445,503.7049156983,2186574,500.29047649956,487.529776025124,500.8152813998239,58.643539776679084,6.021846449825375,6.758540379999919,-0.7366939301745434,516.3272048992352,484.2537480998848,6.410966889428413,0.006671172389609556,0.0016753390096320153,-0.01074494384223501,-0.013203627114078076,0
2024-10-29,503.0408549882,506.8567262332,501.2171658737,501.7920243989,2066616,500.81351961658504,488.321012538002,500.90830454259304,55.593629411127374,5.387709941138098,6.484374292227555,-1.0966643510894567,516.3209187384099,485.30612049476025,6.192883584172025,0.006712846287736282,-0.0037976427066391816,-0.008499471231031008,-0.01313788936107696,1
2024-10-30,507.976709222,511.8718712981,502.5056418785,509.1363376263,3120968,501.743866456675,489.21677064776,501.6919267410413,63.45264921475793,5.415352079923366,6.2705698497667175,-0.8552177698433514,516.9003332814578,486.5873996318921,6.0415155373271014,0.007325227444417261,0.014636169708352353,0.01247634815501919,-7.78619120311852e-05,0
2024-10-31,516.629321162,523.2203714944,494.6062928336,495.161328651,5523300,502.00515770850996,489.85520074053,501.0699650181802,46.565025678169164,4.260480081455796,5.868551896104534,-1.6080718146487376,516.5042565883299,487.50605882868996,5.776474068913408,0.009830569225165491,-0.0274484611341127,-0.0169614922964485,-0.02160119070938349,1
2024-11-01,496.0037937311,506.024172507,494.1107251394,503.5760680979,3753713,502.552074317355,490.645692431824,501.30864150196305,54.42959475870698,3.978374624500759,5.490516441783779,-1.5121418172830197,516.4074426242588,488.6967060104511,5.51400303171542,0.010449642236842277,0.01699393502684221,0.003555344868498178,0.0014191106906522588,0
2024-11-04,504.6266716095,505.4790480434,498.5708343868,501.0982296271,2165122,503.29184418146997,491.43374319905,501.2886022757856,52.00247961108128,3.514351899876715,5.095283533402366,-1.5809316335256511,515.0135058833235,491.57018247961645,4.657997874341518,0.01003188890186723,-0.004920484962995242,-0.01578773190040872,-0.005175026071735367,0
2024-11-05,501.0982296271,503.645447575,499.1456929121,501.0784069193,2132859,503.7455522492651,492.177845050034,501.26858367040603,51.982509191483004,3.1091704392229076,4.698060914566474,-1.5888904753435664,514.3319507586618,493.1591537398684,4.20307373916359,0.009744579144130124,-3.9558526907512714e-05,0.01194979883509939,-0.0014221379473994267,1
2024-11-06,516.2427783606,518.3638080916,511.3663922501,516.5103849154,3674066,504.7951646254951,493.104878218098,502.7201837889769,63.67713914205708,3.987329414875603,4.5559146146283,-0.5685851997526967,516.0519496188515,493.53837963213874,4.459941688113327,0.011761412781530705,0.03079753145017361,0.025684931506684272,0.014483443321840594,0
2024-11-07,519.345032126,519.3846775416,512.010729366,513.2891949034,2382508,505.7793620660949,494.030638655948,503.7267562760648,60.37191146712145,4.37294502829144,4.519320697360929,-0.14637566906948862,516.373109499878,495.18561463231185,4.189078569955042,0.011836994889429688,-0.006236447719299099,0.02432849400679804,0.036610020216616856,1
2024-11-08,515.7273879587,524.1520387594,514.9245682941,520.1082063751,2215681,506.89438937795995,494.91461016014995,505.28689438073485,64.56505182315146,5.16919811884361,4.649296181657466,0.5199019371861446,518.5394694801147,495.2493092758052,4.594677055488857,0.01202132662026295,0.013284930872124345,0.03797768810833002,0.03282947567314909,1
2024-11-11,524.1619501133,529.2910757478,523.8299197582,525.4206920564,2213822,508.0569911884601,495.854548080842,507.2043989212744,67.4543371441193,6.157922923695082,4.951021530064989,1.2069013936300932,521.998999128885,494.1149832480351,5.48836377895772,0.012066997118583373,0.010214193154777007,0.01725097384529728,0.04853831243307294,0
2024-11-12,524.4097339604,526.1937776593,522.6256902614,524.4791134375,2577628,509.14426670944493,496.79980624904,508.8496098275816,66.42061218526024,6.787277420305202,5.318272708113032,1.46900471219217,524.5689365822859,493.71959683660396,6.059056688403574,0.012099972357641585,-0.0017920470836707558,0.02180041708496505,0.04670068834550434,0
2024-11-13,525.3116671637,525.797323504,511.8371815595,517.2537364567,2681881,509.531305078585,497.58036437247193,509.65000283987865,58.954405717396035,6.6266301878955005,5.579944204069526,1.0466859838259746,525.3568147866166,493.70579537055335,6.211790934255105,0.012294417905617883,-0.013776291172862831,-0.005488223187813723,0.0014391802430493428,0
2024-11-14,516.0049058674,517.7294814431,513.0612337641,515.786856082,2480583,509.86036202751,498.446009084256,510.234465053414,57.54028018306367,6.308233720214957,5.725602107298612,0.5826316129163454,525.917099734212,493.80362432080807,6.298484409672785,0.012318190898078733,-0.002835900973376271,-0.01833547121392365,0.004865992121790175,1
2024-11-15,513.9284772289,518.7503508931,513.40813115,517.2636478106,2408193,510.13540209777,499.36573738197,510.9039110302889,58.6165173136604,6.104695842459478,5.801420854330785,0.3032749881286927,526.4985948282988,493.7722093672412,6.4152351172807665,0.012287880702245652,0.002863182167568201,-0.013757393654075134,-0.005469166857268504,0
2024-11-18,513.9929010291,518.8494644319,512.4169957617,517.0059526096,2493483,510.463467911305,500.0631433624421,511.48505784736614,58.33863629436427,5.8551027786970735,5.812157239204043,0.04294553949303026,527.0991324705685,493.8278033520415,6.517866842590204,0.012268330486350421,-0.0004981892736727334,-0.0004790373266271297,-0.0160152418319619,0
2024-11-19,514.1812167529,518.0169107057,512.1751587269,514.855188817,2716216,510.78261350634494,500.699123253544,511.80602270161694,55.954426909889385,5.42125693869059,5.733977179101353,-0.31272024041076296,527.4979476002813,494.0672794124086,6.5449894541990865,0.01227431670941998,-0.004160036807591694,-0.0018063028439249118,-0.018349490711696115,0
2024-11-20,516.9068390708,517.8682403974,506.4701834318,507.9965319298,2409527,510.72364095074,501.194762555114,511.443214056682,49.06767213521598,4.472439199094765,5.481669583100035,-1.0092303840052699,527.4695264347336,493.9777554667464,6.557709156686073,0.012665125741469815,-0.013321526200327005,-0.017915652723759945,-0.01789683452131996,1
2024-11-21,508.6804153477,515.5093381732,507.045041957,510.5338385239,3077464,510.94565527772494,501.66334745401997,511.3566068630837,51.448360873156595,3.8805017331391696,5.161436013107862,-1.280934279968692,527.5573132149121,494.3339973405377,6.502318892664995,0.012629918344352791,0.004994732118467571,-0.012518451776100115,-0.010184473481939404,1
2024-11-22,512.3476162845,517.0802877637,511.6042647433,516.2427783606,3130470,511.61467166484,502.221365432564,511.82195652951384,56.387867942678135,3.8279248253250557,4.894733775551301,-1.0668089502262452,527.9456578810795,495.2836854486005,6.384096125741263,0.012735428275263637,0.01118229470000709,0.002695106456610308,-0.0019735959685567295,1
2024-11-25,517.0158639635,523.5672688803,516.4013600227,521.9318954896,4503914,512.526020654405,502.80705065819996,512.7848078590458,60.6808397920431,4.1969417217974865,4.755175364800538,-0.5582336430030512,529.0231433269162,496.02889798189375,6.4375746821389885,0.012916555084503872,0.011020235764007458,0.027432005306929463,0.009527826237079706,1
2024-11-26,523.2203714944,525.9458946987,520.4055469915,523.7952300196,2326797,513.6261809354401,503.365069812778,513.8334194933843,62.000197920428484,4.586871198956203,4.721514531631671,-0.13464333267546813,530.0477803312574,497.2045815396228,6.394377858974994,0.012851665445401369,0.0035700721609512875,0.025975538730287795,0.017364185885242467,1
2024-11-27,524.3601771909,528.8896659156,521.9120727818,527.6606580341,2086434,514.5523969558301,504.123730181646,515.1502993544049,64.6501469325432,5.148452697044036,4.8069021647141446,0.3415505323298911,531.9190026446066,497.1857912670536,6.750179686857926,0.012582489571601383,0.007379654859314799,0.022117267595992418,0.03870917391817419,1
2024-11-29,528.2850733287,531.0206070005,525.3314898715,528.2156938515,1760566,516.205115215855,504.92813527079596,516.3946226398425,65.02727921281664,5.574042737138598,4.960330279199035,0.6137124579395623,532.1050370072572,500.3051934244528,6.160311598134222,0.010535431043603763,0.001051880235808822,0.012039498670617599,0.03463405164038358,0
2024-12-02,528.2057824976,530.0790283816,521.5651753959,526.649699938,2355191,517.35879680786,505.706565556568,517.3712966682384,62.9855380659246,5.719037781296606,5.1120717796185495,0.6069660016780567,532.7666808901051,501.95091272561496,5.956363041399049,0.010105395150646337,-0.0029646864561737596,0.005449591280724642,0.020158967860913535,0
2024-12-03,529.9303580733,530.0790283816,521.297568841,521.5156186265,2319746,518.37966625783,506.29520929193603,517.7659939975966,56.69996023459386,5.3579073234511725,5.161238888385075,0.19666843506609766,531.9372773554668,504.82205516019314,5.230765008785504,0.010341633525064639,-0.009748569707918708,-0.011645816897728478,-0.0007975693125815697,0
2024-12-04,518.9981347401,521.6097764884,513.576624166,516.5202962693,2630030,519.15176072533,506.976567242026,517.6473561187113,51.33235000892834,4.61542432857118,5.052075976422296,-0.4366516478511162,530.208389308168,508.09513214249193,4.259497672661385,0.010658157156620586,-0.009578471245704878,-0.02214132923034262,-0.013888888888941908,1
2024-12-05,519.9496247129,522.7941832774,517.5411657193,520.1181177289,2538695,519.332147366005,507.689496611008,517.8826667482531,54.661448401897,4.268115154675229,4.895283812072883,-0.6271686573976538,530.328068164015,508.33622656799497,4.2346389892403575,0.008287293394447094,0.006965498714350815,-0.012402137910396571,-0.014294301063303205,1
2024-12-06,518.2944286144,526.2928911982,517.8682403974,523.8844322046,2122791,519.861909231065,508.44172250541595,518.4542634583813,57.90748065137973,4.247814077408748,4.765789865140056,-0.5179757877313085,530.6613947844934,509.06242367763673,4.154751622176741,0.008268847761892163,0.007241267603108392,0.004542171880371759,-0.008199797350431748,0
2024-12-09,524.3304431293,526.8776610773,517.2487807797,518.1854037217,2942047,519.765769098395,509.0330499505541,518.4286577691736,51.85735391291614,3.728877182596534,4.558407328631352,-0.8295301460348181,530.588981108063,508.9425570887271,4.164649791556026,0.008152254765411654,-0.010878407779588817,0.0032237018843725984,-0.016071966275299276,1
2024-12-10,517.8781517513,524.9647697778,515.6085508256,524.3205317754,2003265,519.710761084345,509.74391250497797,518.9897886269094,57.058665021073004,3.7692202900035454,4.400569920905792,-0.6313496309022462,530.4291264707439,508.99239569794605,4.1247425256447245,0.00826832985714388,0.011839638881443681,0.008079730167543264,0.005378387623916625,1
2024-12-11,524.4989361453,531.1395432471,522.5960553133,529.7123082879,2181241,519.9724208268651,510.511535429568,520.0109809755752,61.042213289537976,4.187987286376483,4.35805339399993,-0.17006610762344732,531.3771674585599,508.5676741951703,4.386673667637558,0.00857146820289991,0.010283359482877508,0.0111243543900994,0.02554016195274933,0
2024-12-12,531.5359974024,531.991919681,527.2542925248,527.6903920957,1860815,520.4942536088149,511.254755254992,520.7423534632062,58.83792770044452,4.307062276335046,4.3478551704669535,-0.040792894131907786,532.3016316024376,508.6868756151922,4.536986878051766,0.007964291380364677,-0.0038170081392578936,0.01834283309744622,0.01455875907546611,0
2024-12-13,529.4347903791,529.9402694272,524.2214182366,524.3106204215,1608196,520.92044182579,511.942257591136,521.0821884116151,55.24662325726023,4.081659900995078,4.294616116572579,-0.21295621557750088,532.6323435643565,509.2085400872236,4.496618215832358,0.008094376389681537,-0.006404838376490751,-1.890323437558905e-05,0.0008135157120559011,1
2024-12-16,527.2840265865,530.2574327515,524.3056647446,525.6090077802,2923016,521.3377098242701,512.6016830283199,521.513314065766,56.34890248230222,3.9621230155852345,4.22811749637511,-0.26599448078987553,533.0933167269988,509.5821029215414,4.509785761206957,0.00808977628952126,0.0024763705103976186,-0.007746281223787954,0.014326154316934403,1
2024-12-17,524.7070745769,527.0659768011,520.2172312678,526.3028025521,4056007,521.802552321395,513.401682432466,521.9694558263693,56.95894506070777,3.8786618134857918,4.158226359797246,-0.27956454631145444,533.5714768478236,510.0336277949663,4.510872733017911,0.008084259518942153,0.0013199826518006663,-0.0026295524125219405,0.0037806468687919814,0
2024-12-18,525.6189191341,532.3685511286,515.102972664,515.3507565111,3190277,521.8273307061,513.86861265142,521.3391035106293,46.02437317438568,2.895403218103297,3.9056617314584567,-1.0102585133551596,533.5395931066138,510.1150683055863,4.488941728929961,0.009387380841443143,-0.02080940095301098,-0.01708884688087564,-0.02711198428297501,1
2024-12-19,519.5135251421,524.528670207,517.570899781,518.6413260003,3050813,522.359570409625,514.3310764236099,521.0821723191694,49.18102195338807,2.3545434434450954,3.5954380738557847,-1.2408946304106894,532.3503611876083,512.3687796316417,3.8252542286719122,0.008928585460611264,0.0063851065466109524,-0.013256397201651171,-0.01714843823375678,1
2024-12-20,518.2349604911,527.3633174176,514.8155434014,523.3492190949,7317151,523.000339438175,514.92595588368,521.2980815359057,53.381751580912585,2.279518927331196,3.3322542445508674,-1.0527353172196712,531.3908015562641,514.609877320086,3.2085876376686153,0.009068481033204992,0.009077358202260521,-0.005611947044320775,-0.0018336483930595504,1
2024-12-23,521.1687212406,524.7069754633,516.5103849154,524.270975006,2270286,523.4017492704451,515.4552221810441,521.5812142473432,54.18034303483391,2.2682919981864416,3.1194617952779824,-0.8511697970915408,531.2084971046673,515.5950014362228,2.9830805285247455,0.008766682859523794,0.0017612635644972396,0.017309023771090226,-0.0025456808281330012,1
2024-12-24,524.5782269764,530.9908729388,523.1509920172,530.9611388772,955015,523.853211439825,516.03107184166,522.4745404025676,59.5910254541211,2.767334775639597,3.049036391350305,-0.2817016157107082,532.2868832145352,515.4195396651148,3.219860674913121,0.008881288296247557,0.012760889292266375,0.023754013147986086,0.008851057418868269,1
2024-12-26,528.8995772695,532.9334982999,528.1958711437,531.397238448,1109713,524.233311861245,516.604344550264,523.3243211687993,59.92324588505839,3.161574697803303,3.0715440526409052,0.09003064516239778,533.284870324465,515.1817533980251,3.453255738779056,0.008858962173790159,0.0008213399039376235,0.01537791413354661,0.03113701053925677,0
2024-12-27,528.8797545617,532.7947393456,526.0946641205,527.4822536642,1542157,524.22439164275,516.96373024207,523.7203147397898,55.51102866272,3.1221163099326077,3.081658504099246,0.04045780583336178,533.2627640925873,515.1860191929127,3.4482838242280067,0.008892478941539023,-0.00736734122901006,0.006125226860333566,0.017046323192330792,0
2024-12-30,522.3283496449,523.8796747547,516.7086119931,520.8912033318,2101731,523.858167116765,517.197439966636,523.4508755580765,48.97325662477381,2.529840152635188,2.9712948338064344,-0.4414546811712463,532.8131447899465,514.9031894435835,3.418855803076737,0.009315690780729483,-0.012495302517979812,-0.018965485057332865,-0.004696702838978051,1
2024-12-31,522.9924103551,524.4989361453,520.9011146857,521.9021614279,1942656,523.6207901912601,517.400226267086,523.3033789742502,49.94699847058253,2.1176222689414317,2.800560320833434,-0.6829380518920023,532.5187053662152,514.722875016305,3.398610346126624,0.009316301281930329,0.0019408238987976834,-0.01786813391772879,-0.004518300060522895,0
2025-01-02,524.4989361453,525.8567916273,513.071145118,517.7691268586,2818795,523.433465602865,517.54671607748,522.7763073441882,46.07584937237462,1.4408263286794636,2.52861352240264,-1.0877871937231762,532.652715883846,514.214215321884,3.5226063623435713,0.009228366595252226,-0.00791917503846351,-0.018414130026417008,-0.024845532097691025,0
2025-01-03,517.8979744591,519.8108657586,513.0909678257,516.7383460548,1627726,523.44436809214,517.7120374602521,522.2012634118655,45.13626011406497,0.8119258973599699,2.1852759973941063,-1.3733501000341364,532.6313503709924,514.2573858132877,3.510203887506621,0.008980340228418699,-0.0019908116384882435,-0.00797260013307377,-0.027585563741378993,0
2025-01-06,516.3518032533,516.7383460548,506.4800947856,507.3919393429,2920787,522.8080591728401,517.676356586272,520.7908515957736,37.64096871453521,-0.4356373793793864,1.6610933220394077,-2.096730701418794,534.3017266764227,511.3143916692575,4.396897600150738,0.00968590124717951,-0.018087310112086752,-0.027802571358012118,-0.03808718526877619,0
2025-01-07,509.1264262725,511.7529350515,506.5445185859,506.8666375871,2211877,521.957169441965,517.69181829833,519.4647359758999,37.26640192030707,-1.4500128800865468,1.0388720816142167,-2.4888849617007636,535.3662114659362,508.5481274179937,5.1379855700831225,0.009481222669232377,-0.0010352977946009867,-0.021056661561973278,-0.0269241746740857,1
2025-01-08,507.5009642356,512.8630066864,506.997963026,511.8223145287,2456715,521.639014982315,517.8710155765381,518.7368863142618,43.02638342517311,-1.8329025006258917,0.46451716516619507,-2.297419665792087,535.6780794971862,507.59995046744376,5.3826742677010815,0.009542926262610243,0.009777082518571678,-0.009513579868095645,-0.019313671496630658,0
2025-01-10,508.3446377204,509.9725475967,499.6492166737,500.9495593188,2815624,520.470466359485,517.815908448948,517.0428551718369,35.35617053224999,-2.9793417642243867,-0.22425462071192132,-2.7550871435124655,537.0778718638142,503.8630608551559,6.381689866282835,0.010127256363284569,-0.02124322230833553,-0.012697048424622603,-0.03248468606432242,1
2025-01-13,497.3066146566,502.4186487194,496.2345764453,501.1877900324,2885549,519.04424044671,517.803823761618,515.532848968081,35.626952332112424,-3.8245923922922884,-0.9443221750279948,-2.8802702172642936,537.0706496562333,501.0178312371867,6.946001055327784,0.009718740867371721,0.0004755582855966445,-0.01120382983132151,-0.030093675340964188,1
2025-01-14,503.3318664549,505.6347633531,500.4929504511,505.267491003,2704795,517.923095392075,517.726446829152,514.5551958285495,40.24325811547355,-4.1177944605906305,-1.579016632140522,-2.5387778284501086,536.4415224698407,499.40466831430916,7.151033519270683,0.01001100022399734,0.00814006456609051,-0.01280683420717188,-0.004186996629570672,1
2025-01-15,511.7692042285,519.9087536101,509.9427687575,518.4992218879,3025066,517.632525465395,518.19320469389,514.9308173580114,52.212746323850794,-3.2450620564951578,-1.9122257170114492,-1.3328363394837086,535.9218859532003,499.3431649775897,7.066542223698807,0.011774376924409283,0.026187576126526446,0.03503279370674428,0.02294999007268661,1
2025-01-16,519.7598594141,523.2340573209,516.8812382913,519.2833979869,3275700,517.31624497573,518.50735129167,515.345348846477,52.81595210081366,-2.461761229930289,-2.0221328195952175,-0.4396284103350716,535.2583963420822,499.37409360937784,6.93662785215412,0.011763557696083763,0.0015123959032083967,0.036105444534732634,0.014577487628827601,1
2025-01-17,520.7127822685,524.236611574,517.1691004036,520.8318976253,2374798,517.04269972939,518.9020246516341,515.867877301603,54.04941655961353,-1.6964827054282523,-1.9570027967618246,0.26052009133357235,534.5909704972381,499.494428961542,6.787938704881621,0.011783238244095684,0.0029819933477617244,0.03080429059744838,0.03968930192001041,1
2025-01-21,523.7700764265,526.0729733247,523.0256054465,524.1671276159,2706947,517.48351828463,519.363799065566,516.6582820934408,56.67638864410825,-0.8115141447542555,-1.7279050663603108,0.9163909216060553,535.2808069297685,499.68622963949156,6.878398254743819,0.010842978011688653,0.006403659234019088,0.010931367856951812,0.045849755402090686,0
2025-01-22,524.1075699375,526.3906142762,521.7947467595,523.2936149993,2037643,517.71613273458,519.4994636672441,517.2902185606655,55.776999474438725,-0.17859660202043415,-1.4180433734923357,1.2394467714719015,535.6886224400868,499.74364302907327,6.942990016778476,0.010778052871737257,-0.001666477294318458,0.00772259815728038,0.03567639778390763,1
2025-01-23,525.1498293095,530.4107575683,524.7825569593,530.2817159318,2196457,518.0627575764249,519.839314087812,518.5275040245831,61.0958316799274,0.8767695996032216,-0.9590807788732242,1.835850378476446,536.7111418206242,499.41437333222564,7.19927613845057,0.01099734094175382,0.013354072612770995,0.01814370116267039,0.022724227050908485,0
2025-01-24,529.0607835246,532.1081514028,528.2269760269,529.5570975112,2473012,518.327063701685,520.028291910534,519.5779414994989,60.28613858503365,1.6358274664729606,-0.4400991298039872,2.0759265962769478,537.4633742495561,499.19075315381394,7.383874733920768,0.011003925325050005,-0.001366478230022894,0.010282922395030036,0.01978437894245788,1
2025-01-27,529.6464340288,543.950203125,527.7356251801,543.6027833344,3074807,518.959145924545,520.391933736094,521.8660216742514,68.89207543201802,3.3323425849142723,0.3143892131396647,3.0179533717746074,540.4172143166663,497.5010775324237,8.269656122503807,0.01217510859861507,0.026523458734122318,0.03881027353090705,0.04372022107885942,0
2025-01-28,542.5108925637,547.4858447034,538.659496027,543.3248475018,2727798,519.5555263772351,520.76884841738,523.9097193721133,68.57540269164264,4.601374163030755,1.171786203117883,3.429587959912872,542.9397576900135,496.1712950644567,9.001629325678564,0.012181207665353615,-0.0005112847857310365,0.024596608138903964,0.03654887702141152,1
2025-01-29,542.9675014314,546.5508884153,542.4711874447,544.7542317835,2549001,520.4191252832,521.318858323916,525.8949110303406,69.35556011230412,5.657217317496588,2.068872425993624,3.588344891502964,546.075847824124,494.7624027422758,9.860022929388816,0.012015976770993479,0.002630809704861292,0.02869782001548682,0.041010660495501616,1
2025-01-30,550.9085252183,572.686782954,550.4419900709,561.8373592051,6005206,522.466433076865,522.239868386378,529.3180013326987,76.77629725484067,7.782731750581888,3.211644290911277,4.571087459670611,553.8439884857721,491.08887766795783,12.011319167097916,0.013232732535143255,0.03135932944599751,0.033543933971145634,0.05950731908199236,0
2025-01-31,559.6635039434,561.3708240576,550.5511791479,551.3353552469,4505520,523.938092767815,522.921302535104,531.4148921816702,66.16827012043547,8.521562039090554,4.273627840547133,4.247934198543422,557.7390854663782,490.1371000692517,12.90266661849392,0.014162931497309872,-0.01869224925351798,0.014743496053847283,0.04112541940812986,1
2025-02-03,548.5659232012,560.834804952,547.007497283,559.79254558,3195610,526.0392637038851,523.777034394512,534.1175258386539,69.78836756896298,9.677953522025973,5.354492976842901,4.323460545183072,563.1114171268041,488.96711028096615,14.094823706462872,0.014187715545446667,0.015339466719511696,0.027605685131192548,0.02978233876267855,0
2025-02-04,566.6714574354,567.7832007656,553.4695053896,554.9882261889,2639060,527.9517577105901,524.5796951419501,536.1052115862964,65.50059490264334,10.090417626779072,6.301677906830136,3.7887397199489357,566.8107476367126,489.09276778446764,14.720659362753363,0.01440914844592454,-0.008582321127771242,-0.01219059733922001,0.021466676410489827,1
2025-02-05,557.2117128492,562.6910192622,555.6731394905,562.1152950377,2404997,530.68792549533,525.662070404108,538.582362391192,68.58421193643589,10.867123854888405,7.21476709644179,3.652356758446615,571.0483376806783,490.32751330998167,15.210601276702112,0.013586849738078713,0.012841837921033994,0.019552418846733532,0.03186953352773525,1
2025-02-06,561.9564745619,565.5497878255,560.3781960843,562.9788813745,1738474,533.4935376847,526.7109712611201,540.9058403896022,68.9464050638018,11.42070258634385,8.055954194422203,3.3647483919216477,574.6338761317694,492.3531992376305,15.422994109961943,0.013536596876066268,0.0015363153154230869,0.005691993971085552,0.002031766223262732,0
2025-02-07,563.8722465505,565.8475762175,557.6385428778,558.6013920119,2008409,535.83249155886,527.5581435341461,542.5911310202972,64.86414237720773,11.3750662292274,8.719776601383243,2.655289627844157,577.0974538611015,494.5675292566187,15.402187419501988,0.013800895303047577,-0.007775583609659575,0.006510346801069211,0.013178978449053247,1
2025-02-10,561.0829619454,563.0880704516,556.8642930585,561.321192659,2357752,538.85107322587,528.345929477534,544.3749464144594,66.20308817396412,11.42664501838658,9.261150284783911,2.165494733602669,578.2581887902618,499.4439576614782,14.626347620866124,0.012404580766135315,0.0048689471347433955,-0.0014127037383794283,0.0027307385406787343,0
2025-02-11,560.8248786723,562.2541636911,555.0975145287,560.53701656,1847808,541.81853455225,529.080765208342,545.9141911902252,65.42890575145408,11.274282215461312,9.663776670919392,1.6105055445419207,578.2609397649557,505.37612933954426,13.451885784166134,0.012453679936598369,-0.001397018514988413,-0.004337400380878043,0.009998032587472228,0
2025-02-12,557.8668473116,560.5866479587,555.3157934201,560.4377537627,1722312,544.5770476902351,529.736307122914,547.297387625699,65.32476983622698,11.018509400672997,9.934723216870113,1.083786183802884,577.7395359360053,511.4145594444648,12.179172216833354,0.01250611878409889,-0.00017708517790515632,0.0032874278099916943,-0.002984336647319785,1
2025-02-13,561.430381736,563.2071858084,557.330828206,562.1351475971,1709499,546.758843975695,530.414696197826,548.7105076229752,66.31215126265577,10.827955171880149,10.113369607872121,0.7145855640080274,578.4819658472635,515.0357221041264,11.604063554197843,0.01149886170438122,0.003028692879813777,0.00145006985081797,-0.0014986952536125697,0
2025-02-14,561.8373592051,565.0435475591,559.9712186152,560.5965742384,1927797,548.82450278827,531.093633683834,549.8425139673013,64.5187727177657,10.432529850942387,10.177201656486176,0.2553281944562116,578.4320221924108,519.2169833841292,10.78943059346716,0.01158830878647223,-0.0027370168282071505,0.00010625110677886518,0.0035717458907755795,1
2025-02-18,560.7355421547,564.4380444953,557.3754964648,564.4181919359,2064246,551.0038175038001,531.9516851500221,551.2306737738346,66.91240672187558,10.30869285056724,10.20349989530239,0.10519295526485095,578.3812350999484,523.6263999076517,9.937287810518495,0.011604069981524044,0.006817055032296571,0.0071023733616728535,0.005517338944979855,0
2025-02-19,563.3064486057,566.4927844002,562.4676779682,564.3090028588,2459132,553.010911265945,532.907459281812,552.4762289247836,66.77380077994289,10.085481338703403,10.179896183982592,-0.09441484527918931,578.0063768425664,528.0154456893235,9.039773019813353,0.01162857640406827,-0.00019345421295779985,0.003867139905754602,0.006729236762896829,0
2025-02-20,563.9615830681,564.3090028588,554.9187422307,559.1274848378,2181938,554.80260475787,533.68764662399,553.1096818688804,60.381707703775035,9.38232579538328,10.02038210626273,-0.638056310879449,575.8452184759454,533.7599910397945,7.585621818505703,0.011930674246244301,-0.009182058047541908,-0.002620582194237997,-0.002337938363543568,0
2025-02-21,557.2911230871,560.6362793573,552.4768774163,553.4000214315,2256340,555.958520032855,534.277958408528,553.1373332557965,54.20488144767998,8.267607695750826,9.66982722416035,-1.4022195284095247,573.7794538419953,538.1375862237146,6.410886124413453,0.012058972552326575,-0.010243573356014668,-0.01952128875685022,-0.015539192315120354,1
2025-02-24,554.313239167,557.3209019263,552.6883071746,554.8790371118,1752627,557.224617012885,535.0118310763299,553.3032098135111,55.471634293062785,7.418019464601116,9.219465672248504,-1.8014462076473876,570.3394830061153,544.1097510196547,4.707209837043877,0.012029809416501674,0.0026725978009074502,-0.01671064204049133,-0.010199022593685214,1
2025-02-25,558.2936773402,561.8721011842,548.6155545999,559.8719558178,3609836,558.038075637055,535.722859557178,553.9288046710624,59.540383002447115,7.0661473345254535,8.788802004703893,-1.7226546701784393,569.5985107622652,546.4776405118449,4.143242416572651,0.010750938088373036,0.008998211091175046,0.0013314870046423621,-0.008054729955650264,0
2025-02-26,558.4425715362,562.5024199473,555.4770954658,557.1323026114,2027993,558.7284483925349,536.271259443648,554.2338997129993,56.49021926781449,6.491390312052317,8.329319666173578,-1.8379293541212611,568.1414962858026,549.3154004992672,3.3694535942635913,0.010839023007420108,-0.004893356736181298,0.006744273645392207,-0.01271767810019464,1
2025-02-27,561.4006028968,570.4631970309,559.8421769786,560.6561319168,2436724,559.5235433992,536.93057424007,554.845540875266,59.37311545314333,6.2482093380433525,7.913097600547534,-1.6648882625041814,566.434709230604,552.612377567796,2.4703753445002485,0.010894033919321103,0.006324941650094784,0.010411449016114016,0.002733986649651854,1
2025-02-28,563.1178492908,572.1805426876,559.8421769786,572.0614273308,3205380,560.0347468054849,537.885590378256,556.4851491091264,66.99551098797824,6.896302404674088,7.709738561372845,-0.8134361566987565,568.8147157939558,551.2547778170141,3.135508658544131,0.009493006832389923,0.020342764066464625,0.021771891566161772,0.03372136822660021,0
2025-03-03,573.0739078636,577.9377849331,565.7979448188,570.6816744478,3092583,561.00206276553,538.787043711608,557.837199141381,65.39700137874402,7.215411529975313,7.610873155093339,-0.39546162511802585,569.9954261918857,552.0086993391743,3.206178380885727,0.008349679466787602,-0.002411896375250966,0.024319846063298067,0.028479427549208403,0
2025-03-04,566.2545536866,568.9743543336,547.940567578,550.9780091765,3318100,560.5613359453549,539.280547844096,557.1839429542495,47.841751588700134,5.811396532087997,7.250977830492271,-1.4395812984042742,570.5567033175505,550.5659685731594,3.5661993545591053,0.011079838862411703,-0.03452654282330958,-0.01726213660985365,-0.015885679839613753,1
2025-03-05,548.5063655228,556.854267516,547.2557535392,554.1841975305,2795399,560.521134512435,540.057216664484,556.8982529138924,50.185091088861995,4.900922353639544,6.7809667351217255,-1.8800443814821817,570.6118516665952,550.4304173582748,3.60047696076171,0.011010719235114218,0.0058190858811080215,-0.031250542242839185,-0.005291570901707843,0
2025-03-06,544.4564433915,551.5835122402,540.6785013248,545.7667123163,3133333,559.703705376365,540.599724390804,555.8381061903121,44.52880614491964,3.4602566143647664,6.116824710970334,-2.656568096605568,571.627636625226,547.7797741275039,4.260801254064599,0.0110719740027614,-0.015188966505557566,-0.0436582481040908,-0.02655713324599751,0
2025-03-07,543.0369853896,546.3176208415,532.3265295569,542.7391969975,3161510,558.691721157515,540.987523948856,554.5905910290919,42.66616643939583,2.050585578226787,5.303576884421625,-3.252991306194838,572.6020497494035,544.7813925656264,4.979607917965443,0.01108585486453933,-0.005547270015700989,-0.014953068982397011,-0.051257135916531804,0
2025-03-10,534.1827438671,544.5160010699,528.0979343904,533.1603370546,3887518,557.41966840965,541.165311189828,552.5496144600927,37.34365305854877,0.15864838263689762,4.27459118406468,-4.115942801427782,575.2352080234843,539.6041287958155,6.392146034122963,0.011576360740261794,-0.01764910291331734,-0.037936593229443316,-0.06574827802120375,0
2025-03-11,533.2397472924,534.0834810698,518.3999590906,521.923788396,4583034,555.4497981965,540.984564180204,549.6328691206553,32.2597432005321,-2.22180940869805,2.975311065512134,-5.197120474210184,578.9193320308243,531.9802643621756,8.450640871786435,0.01217325894441201,-0.02107536490931672,-0.043687024844567324,-0.05273208784489403,0
2025-03-12,526.5990661506,528.782847692,515.4320014502,520.7723399469,2810986,553.461564365845,540.772066210182,546.8842472945834,31.782255702360388,-4.153374113989003,1.5495740296119065,-5.702948143600909,581.2164916281167,525.7066371035733,10.02957713751027,0.012167031639778053,-0.0022061620387884284,-0.04047405673318483,-0.06029016657726172,0
2025-03-13,520.6333720307,524.6336627633,513.8934280915,515.9977993951,2376085,551.2395666474649,540.5423771247999,543.9426808279659,29.811823863454123,-6.00025141583933,0.039608940521659086,-6.039860356360989,583.2014218087116,519.2777114862182,11.596357407953386,0.012199907904712318,-0.009168191521629065,-0.03219019958294911,-0.05454512385861199,1
2025-03-14,518.7473788813,524.5145474065,517.1095427252,523.750223867,2369655,549.32032046096,540.599557535504,542.0195896888263,36.67667395351976,-6.760429099976932,-1.3203986675780592,-5.440030432398872,582.9984471622065,515.6421937597136,12.26174435818635,0.012844128915290708,0.015024142507949145,0.0034994294408636772,-0.03498728898806147,1
2025-03-17,519.392587064,529.5471712315,517.6356355511,528.0681555512,2544872,547.6938995265999,540.7228774179699,540.690881675719,40.18576441365748,-6.93451758880974,-2.4432224518243957,-4.491295136985345,582.1690407257593,513.2187583274406,12.589200365006068,0.013108265223312135,0.008244257448368097,0.014009606587484846,-0.009550938337857806,0
2025-03-18,528.4155753419,528.6637323352,521.6359262838,526.2814251991,2363387,545.7870611897599,540.89312338478,539.3185524874696,39.21731566717606,-7.134417058703207,-3.381461373200158,-3.7529556855030486,580.5685167512714,511.0056056282485,12.745430602803761,0.012907101326540273,-0.0033835222467353265,0.019929592366586535,0.008349182198596594,1
2025-03-19,527.6462886625,533.6516879014,525.6759221354,532.137930242,2804277,544.1785075589199,541.2011150685239,538.6346837021867,43.982627564865325,-6.74254396692163,-4.053677891944453,-2.6888660749771773,578.355212524902,510.0018025929379,12.560843359761542,0.013298045269432538,0.01112808615786598,0.016014706997299344,0.021824489173635664,1
2025-03-20,529.6662865883,536.5005301849,528.6240272163,532.4257923543,2598700,542.843422934745,541.701792128752,538.0433607166738,44.21413571831422,-6.335719422044008,-4.510086197964364,-1.8256332240796436,576.6642484290498,509.0225974404402,12.460619053450483,0.01323178588570645,0.0005409539443450573,0.008252034812725073,0.03183733143524736,0
2025-03-21,531.4927220593,534.0834810698,526.8422600041,531.7408790526,5973495,541.7604658158,542.199276958062,537.4431243677144,43.75083214360473,-5.999417270813524,-4.807952412534196,-1.1914648582793275,575.5468831221224,507.97404850947754,12.47282496165377,0.013101852737680334,-0.001286401431965678,0.010373639638591836,0.015256614358276854,1
2025-03-24,535.3738974352,541.4388543524,534.2671172449,539.6620502801,2758837,540.999616474215,542.75607167309,537.6544506450845,50.24442089158906,-5.0356749487576735,-4.853496919778892,-0.18217802897878155,574.2511986094614,507.74803433896864,12.292645363393238,0.013602546407606617,0.014896675316016905,0.014139416888922396,0.021955299911615045,1
2025-03-25,541.9252420594,543.1461744666,538.0043615646,541.1410659604,2138267,540.063071981345,543.559901805922,537.986509246543,51.37320880626248,-4.105235411980402,-4.703844618219194,0.598609206238792,572.1711740006185,507.95496996207163,11.890500826682159,0.013423978460015489,0.0027406331046113674,0.016368992132335558,0.02823516098003731,1
2025-03-26,543.1064693477,546.9677921641,541.1000962334,545.0222413363,2681705,539.45756891759,544.436590832,538.656578969377,54.30297944922846,-3.0198658256930457,-4.3670488597139645,1.3471830340209188,570.7003380765013,508.21479975867874,11.583031162802754,0.013539453771709172,0.007172206324818076,0.02497713229677445,0.02421235240352182,1
2025-03-27,545.0222413363,557.6881742764,543.7616038101,553.4595791099,2901339,539.0977412772451,545.400432594138,540.0663885065698,59.95191496252582,-1.4620266314121864,-3.7860444140536087,2.3240177826414223,569.5103729330687,508.6851096214214,11.282789493337212,0.013949116824808696,0.015480721947994436,0.02556697996948043,0.03950557440613833,0
2025-03-28,550.139238539,554.4720596427,536.1084421355,536.6246086816,2656767,537.325900344785,545.762940330012,539.7385999518107,47.369382467285156,-1.5677966799578371,-3.3423948672344546,1.7745981872766174,563.7128827488547,510.9389179407154,9.821593333631581,0.014551988012629467,-0.0304177054002297,-0.008346173600379814,0.009184416360279224,1
2025-03-31,528.2369023067,547.3648433534,527.105306417,544.0792447616,4741966,535.995778860475,546.258857265506,540.1519946956001,52.157628649864094,-1.0381264987333907,-2.8815411935342423,1.8434146948008516,557.8085262046479,514.183031516302,8.139148927831782,0.015040469258686802,0.013891714914667785,-0.0017301983353705808,0.008185112292419694,1
2025-04-01,542.7689758367,547.0904809816,539.9896175113,544.4663696712,2714883,535.67019688521,546.731546706424,540.5628875504192,52.39981851605199,-0.5804304779343283,-2.4213190504142594,1.840888572479931,556.7611586674122,514.5792351030077,7.874607138810787,0.012987458980929902,0.0007115230241316883,-0.016249080832900775,0.006144984958586175,0
2025-04-02,538.8580216217,545.4738870642,537.6569417739,543.3447000613,2994565,535.12822201175,547.115098155332,540.827822075265,51.584991993431416,-0.304700054702721,-1.9979952512719519,1.6932951965692309,554.797479182921,515.458964840579,7.351231485129606,0.01290449109586729,-0.0020601265245773215,0.01252289080854907,-0.0030779317755673663,0
2025-04-03,524.5244736863,536.0091793381,523.1149419641,526.6387712695,3443480,534.17182495941,547.182001280736,539.4764839032874,41.28725606608627,-1.4178662642835889,-1.8819694538742795,0.46410318959069063,553.5367302255808,514.8069196932391,7.25044053667274,0.014213208685942114,-0.03074646497870559,-0.03205502444729691,-0.04846028301386429,0
2025-04-04,515.7893475206,517.0400587671,484.6903131151,486.1594025157,6125102,531.34283523532,546.299555012414,534.3986666282791,27.146341889270857,-5.502970445719598,-2.6061696522433433,-2.8968007934762543,559.4381265416324,503.2475439290076,10.57520284201052,0.022029683468359307,-0.07686363207976821,-0.10709011686196757,-0.09404191561375619,0
2025-04-07,474.9724852558,498.4977682246,462.1576581197,481.9407336288,6009467,528.78185506403,545.347227734766,529.4026730092811,26.14145403334534,-8.977370721916827,-3.8804098661780406,-5.096960855738787,564.145166304511,493.418543823549,13.375387563629197,0.021854592532709157,-0.008677542520148518,-0.11301107091975404,-0.11420856746709263,0
2025-04-08,497.3066146566,501.8429244948,468.182909918,476.382016978,3555406,526.5047664931301,544.002812407638,524.3530867205877,24.8368275633956,-12.040603369463724,-5.512448566835177,-6.528154802628547,568.5709672136137,484.43856577264654,15.979418762216454,0.021583132461940675,-0.011534025374749457,-0.09542927151062675,-0.12504785692147657,1
2025-04-09,467.3324022438,515.4464357011,467.2230521678,512.384633572,4698444,526.085381174385,543.384008129042,523.2132340397699,44.24499455142477,-11.4313535118157,-6.696229555831282,-4.7351239559844185,568.5372974420187,483.6334649067513,16.138793354366893,0.028030002902201714,0.07557509584930999,0.053943687853395206,-0.05698052541196619,0
2025-04-10,503.8354458089,505.6248106896,481.26966589,496.3896997223,4105573,525.104976190745,542.416717487818,520.6586117238204,39.37994179550195,-12.099698306377377,-7.776923305940501,-4.3227750004368755,569.3128403917711,480.8971119897188,16.83772434293886,0.028814109639445966,-0.031216654055751247,0.02998079449459623,-0.057437988232963755,1
2025-04-11,495.3160807939,512.8617975402,492.979965533,506.738193282,3736473,524.254374661495,541.314734169356,519.3328575865041,43.693736613391344,-11.659921114375436,-8.553522867627489,-3.106398246747947,569.1825599963354,479.3261893266546,17.139841842559726,0.029018985033052464,0.020847518724682157,0.06372233884177425,0.04232930734202034,1
2025-04-14,512.8220338762,520.3274254588,505.4955787815,509.4321815189,3005487,523.32257595988,540.4766706947961,518.3899360562561,44.79508352237279,-10.967584695881953,-9.036335233278383,-1.9312494626035708,568.66680755748,477.9783443622802,17.329361919626468,0.028975932103367137,0.005316331534932939,-0.005762179151465707,0.05704321293429926,1
2025-04-15,510.3666276233,518.2073263028,510.3467457913,514.3231121927,2211036,522.72466030956,539.5672820270499,518.0026194978223,46.82850224899088,-9.91000944592281,-9.21107007580727,-0.6989393701155411,568.212201884506,477.237118734614,17.404015929919236,0.029074306728521317,0.009600749326863278,0.036127688548800885,0.07964426418819293,0
2025-04-16,513.0009703642,518.6374697382,506.852513816,510.3964503713,2501114,521.637586316025,538.675446510698,517.2782224381534,45.383192986837514,-9.281728247850879,-9.225201710215991,-0.056526537634887575,567.2124098587983,476.0627627732518,17.473749874750226,0.02897356782692207,-0.007634620588329422,0.007219225110320693,-0.003880255320772852,1
2025-04-17,507.9311032024,520.884116755,506.1218564897,514.2734076127,3329846,520.729967078945,537.718608762198,516.992049597634,47.11861667161245,-8.37443752072727,-9.055048872318247,0.6806113515909775,566.1319339738592,475.3280001840309,17.43781605256876,0.029044930584417927,0.007595972187070643,0.009503180736178951,0.03602755637436639,0
2025-04-21,513.9453573846,514.5915169248,500.5652820804,506.3107338938,3345566,519.458459821005,536.5852458125839,515.9747814353641,44.02456954661383,-8.203361065135482,-8.884711310881695,0.6813502457462128,564.9799546968336,473.93696494517644,17.52651978813258,0.02921677431994613,-0.01548334718659361,-0.015578491630953706,-0.000843550760268319,1
2025-04-22,512.5735109761,525.6756382688,509.720468083,524.2143236162,2384004,518.68607348781,535.89750444467,516.7594997383009,51.70373184735169,-6.547634621330644,-8.417295972971486,1.8696613516408416,563.3258181974202,474.0463287781997,17.21262512773416,0.030183494530982485,0.03536087332123472,0.027072823948614655,0.029016898879898445,1
2025-04-23,534.562817176,540.7261850982,524.5026101803,526.8784891052,3051763,517.97294464505,535.208650373594,517.7232130113389,52.742673873634914,-4.963270107873086,-7.726490799951806,2.76322069207872,561.5992027254132,474.34668656468676,16.8449949100175,0.0302033721090088,0.005082206587988081,0.02451046720656591,0.024411457729311303,1
2025-04-24,525.5662881927,532.8728614554,522.1664949195,532.2962883271,2209317,517.33664699459,534.6438358089359,519.1111249461733,54.868856051831536,-3.233208284951388,-6.827834296951723,3.594626012000335,559.7197761834913,474.9535178056887,16.38512540533186,0.030255091837999435,0.010282824852275052,0.051323333071485955,0.04290750443085667,0
2025-04-25,532.2962883271,533.7476620637,526.7442867392,530.3279869584,2006197,516.180067387015,534.04164047285,520.1793975187663,53.91971171387593,-1.9979165581147527,-5.861850749184329,3.8639341910695766,555.7244813057728,476.63565346825726,15.321945350946162,0.03001676457995498,-0.003697755201123143,0.011662526311806864,0.031217984651834563,1
2025-04-28,532.8629205394,534.582699008,527.3655939894,531.3320194748,1735531,515.915437926675,533.4255779104041,521.2415519907696,54.353477130146885,-0.9272333627536682,-4.874927271898198,3.9476939091445296,554.9769411470816,476.85393470626855,15.142599096233347,0.02924968602473981,0.0018932293619999818,0.008452670704327758,0.04941883295377303,1
2025-04-29,531.1829057347,537.2866281609,530.2584005464,536.4913548807,2041487,515.5360434326301,532.94347352325,522.693914170763,56.61356027615825,0.33375867012534854,-3.8331900834934887,4.166948753618837,553.6314360900391,477.4406507752211,14.778944418223695,0.02915930653843299,0.009710191023307502,0.007881074216737893,0.023419869910858315,1
2025-04-30,535.3481495402,545.825875008,526.426177427,544.8218424916,3783491,515.5538170736501,532.551546534364,524.8013359156047,60.052814259980224,1.982452195670703,-2.6700616276606506,4.652513823331354,553.7034766810877,477.4041574662123,14.799486821368173,0.029373693193004438,0.015527720130275924,0.027329984254323314,0.03405596120819698,0
2025-05-01,546.7503801963,549.5636594253,536.5360890027,543.4002915031,2839922,515.55659664574,532.13337230725,526.5726650191757,59.1905520982947,3.138171520640185,-1.5084149980004837,4.646586518640669,553.7143624273293,477.3988308641506,14.802551661581825,0.02937641323016953,-0.0026092033718746466,0.022713240659256728,0.020860568483198838,1
2025-05-02,552.3471159063,559.0572342088,551.7059268241,556.0849003237,2632713,517.02890309845,532.072520616968,529.3833540957971,64.13858627326817,5.019764612551512,-0.20277907589008448,5.222543688441597,558.8773212908283,475.1804849060717,16.18803820892378,0.0288414121061077,0.02334302910569508,0.036521642454717895,0.04856789382929638,1
2025-05-05,554.5142355951,561.2144129815,552.5658160584,557.8046787923,2131042,520.6111669122799,532.1606137641841,532.0901469240355,64.7624049083743,6.573932244876914,1.1525631882633154,5.4213690566135995,563.5286133940789,477.693720430481,16.48733227769211,0.021869867929734096,0.00309265449861873,0.023829507718204468,0.04982319594378515,0
2025-05-06,553.1920937667,562.392411528,552.8143389585,555.6872636835,2341849,524.2984934150151,532.176778295618,534.3374913773177,63.30235076988228,7.547757734516608,2.431602097513974,5.116155637002635,565.9459151412327,482.6510716887974,15.88691260771986,0.02171095794145508,-0.0037959794697033367,0.022611272707294683,0.035780462496117105,1
2025-05-07,555.9656093316,563.8785784705,555.1902178834,562.9838960302,2493897,528.628587367625,532.239017099866,537.0657203918779,66.13563454207144,8.806779627452556,3.7066376035016906,5.100142023950866,567.3535562399142,489.9036184953358,14.65110657943234,0.021277253189047197,0.013130825238520938,0.012406371225839763,0.03333576615713585,1
2025-05-08,566.0854618233,570.4793466969,563.6499374024,563.7692283944,2004336,531.1978171087451,532.371755615526,539.6089116302134,66.43599401498173,9.755478226441596,4.916405728089671,4.839072498351925,572.0318613816411,490.3637728358491,15.374326835585087,0.014312751130219384,0.0013949464091915775,0.010692899914381826,0.037484221502637416,1
2025-05-09,564.0972786226,566.2097232733,561.2641175615,565.280247627,1528128,534.64234450398,532.46423792973,542.0538007727645,67.04170343596584,10.508124210285018,6.034749424528741,4.473374785756278,574.7666700756754,494.5180189322845,15.009782140964237,0.011553498336881974,0.0026802087742592295,0.0172632784129525,0.016535869429195715,1
2025-05-12,576.573128207,577.3584605713,563.0833051902,574.8533497384,3000439,538.0481023268,532.520076377882,545.1775673409202,70.65491427067705,11.741719674202272,7.176143474463448,4.565576199738825,579.656051260884,496.44015339271584,15.466256178267216,0.011330210521535006,0.0169351435002143,0.02108311408531538,0.030563872255449542,0
2025-05-13,574.5849450063,579.4162301841,572.3979434855,573.1832758498,2370233,541.235657043345,532.570108405922,547.8447776750992,69.22902937948263,12.441177808104385,8.229150341191636,4.212027466912749,583.350990274592,499.12032381209787,15.56266025092071,0.011518651937120804,-0.0029052172860434267,0.01669840598113348,0.03148535751984616,0
2025-05-14,574.8533497384,575.2211636306,568.8987410523,569.8928326526,2237681,544.01414306634,532.948404875444,549.9445924348612,66.38637259018418,12.584921016278372,9.100304476208983,3.484616540069389,585.9928410400915,502.0354450925884,15.43294361324443,0.01177252991824056,-0.005740647600580462,0.008159819921115696,0.012271996892126769,1
2025-05-15,570.737810513,579.5951666721,570.2606465448,578.7601297278,2034253,547.4323270341649,533.43992351939,552.688929319903,69.9655071941193,13.261485165247905,9.932540614016768,3.328944551231137,589.0364376773209,505.828216391009,15.19972737764881,0.01158168598328531,0.01555958693834869,0.00679613329413109,0.026590492312064784,1
2025-05-16,577.0005875952,580.8328107146,577.0005875952,579.8337486562,2225883,550.71034408634,534.1212642461879,555.274150209074,70.37678794310101,13.726073570663402,10.691247205346095,3.0348263653173078,591.6735968431285,509.74709132955144,14.876514740157612,0.011620723370717524,0.0018550326348585333,0.011602698624693764,0.02574563871689195,1
2025-05-19,577.5821311814,584.9732022301,577.0502921752,582.9452553653,1875629,554.5420701599149,534.925385413544,557.909493557286,71.59095911335163,14.181856206166003,11.389369005510076,2.792487200655927,592.3945786842853,516.6895616355446,13.651807702688714,0.010461823733390874,0.00536620491013351,0.022903293329636698,0.014076469469269659,0
2025-05-20,577.8058017915,580.5395536925,573.4367692079,577.6765698834,1964340,557.215182473275,535.81571007012,559.7920722550112,66.61223575990331,13.957040270112884,11.902903258430639,2.0541370116822453,593.6475425016268,520.7828224449232,13.076585554127169,0.008720243031790339,-0.009038045053816224,-0.0018722088629524736,0.007839192493776626,0
2025-05-21,573.0540439418,575.5790366067,563.7493465624,566.1749300673,2505290,559.18000452138,536.700732903546,560.3999634752292,57.25189141082015,12.704338109583432,12.063190228661199,0.6411478809222331,593.0011100178094,525.3588990249507,12.096679145520566,0.010334556118049947,-0.019910171912323804,-0.02355643944588448,-0.006523862684839843,1
2025-05-22,565.300129459,569.7697641125,563.5803509904,566.7713850275,1869858,560.9037593564001,537.6207138051581,561.0067655278265,57.58475201770831,11.6256779736907,11.975687777667101,-0.3500098039764019,592.5101009098041,529.297417802996,11.269791305970287,0.010228482641671168,0.0010534817571823396,-0.027745093023640366,-0.02071453108896515,0
2025-05-23,561.1547674855,564.1966877826,559.1864661168,560.2501441292,1948806,562.39986721494,538.50576069984,560.9347063470049,52.74866362185525,10.127874570791391,11.60612513629196,-1.4782505655005682,590.7391922337032,534.0605421961767,10.077998474324826,0.010645809326366277,-0.0115059459079494,-0.030166405671806062,-0.03377451652717045,1
2025-05-27,563.4710009143,571.1652699011,563.1429506862,571.1553289851,2655236,564.391032690455,539.453862802202,561.9080989792044,58.95623092057276,9.708893778440256,11.22667886472162,-1.5177850862813642,589.0800539800168,539.7020114008931,8.748906293521069,0.011273451970081106,0.019464849710748577,0.008796572672703729,-0.020224757422224626,1
2025-05-28,571.1851517331,575.4199819506,569.5548415085,572.5172344776,1702931,566.1923266703,540.3428443807301,562.9184928361944,59.668832463184174,9.378631843339576,10.857069460445212,-1.4784376171056355,587.5018963268795,544.8827570137204,7.527325487400461,0.011185897818187646,0.0023844748063892585,0.010137860876341387,-0.008931183424734312,1
2025-05-29,572.4774708136,575.1615181345,569.5548415085,574.3662448543,1347855,567.6695467884349,541.304540773834,564.0087549331569,60.667291913797655,9.160500022888186,10.517755572933808,-1.3572555500456218,586.8370221237075,548.5020714531623,6.753039842884546,0.010810899732229111,0.0032296152243995735,0.02519606799395091,0.014467816132420985,1
2025-05-30,573.3671827959,582.140041169,573.1037485218,582.140041169,4581210,569.60653427173,542.304582992374,565.7355440984753,64.63173252251121,9.50533776105317,10.315272010557681,-0.8099342495045114,586.2337444944097,552.9793240490502,5.838138863325532,0.01099480508564411,0.01353456332844205,0.019232442781229153,0.02711614691125308,0
2025-06-02,577.0701740072,578.3823749197,571.3805901417,577.7859199595,2089236,570.6915852535201,543.2117855444781,566.8831989423825,60.92753838618875,9.319849536224524,10.116187515691049,-0.7963379794665251,586.4576351829674,554.9255353240728,5.525243524466358,0.010199400915990026,-0.007479508196612805,0.009202667037102374,0.03129990418397122,1
2025-06-03,576.443896299,579.0881799559,570.0518873087,578.5314886597,2116891,571.72792574689,544.1475977366199,567.9925598678412,61.33616319219576,9.12779045825539,9.918508104203918,-0.7907176459485274,586.6728469363994,556.7830045573807,5.227983632244566,0.0101968777040663,0.0012903891812598989,0.007251895184851254,0.012914454790620367,1
2025-06-04,580.7184901805,583.3826556695,578.7800115598,580.6787265165,1530210,572.9774988885399,544.967931261348,569.2007662153326,62.55087377308751,9.044586047189455,9.743723692801026,-0.6991376456115717,586.455916310938,559.4990814661418,4.70469344731461,0.010114975424806173,0.003711531522293754,-0.002510245901597097,0.014255452146077374,1
2025-06-05,582.8458462053,583.2198234654,579.187589116,581.980986513,1480192,573.92735341268,545.7847296724,570.4179300532056,63.30386585264378,8.980209188699746,9.591020791980771,-0.6108116032810251,587.1295115698533,560.7251952555066,4.600637372890783,0.00978622617436191,0.002242651464626988,0.007260589793870453,0.013257641316702928,1
2025-06-06,584.4363927659,587.6661963754,582.5774414732,586.6333352027,1528700,575.0705587530949,546.616951549728,571.9622543531575,65.93878951643089,9.198560443606084,9.512528722305834,-0.3139682786997504,588.5137800961318,561.6273374100581,4.675329362082211,0.009885919869212684,0.00799398742830948,0.01400415829010404,0.007718579235121759,0
2025-06-09,585.2614887942,586.5140442106,576.573128207,580.8775448366,1936070,575.850423613575,547.165310864262,572.8113296372949,60.18137833066064,8.805655096238524,9.371153997092373,-0.5654989008538482,588.7291511268468,562.9716961003032,4.472941925597698,0.010231651340976481,-0.009811563749801522,0.0003423895366250207,0.0053508138054259025,1
2025-06-10,581.1956541487,586.3848123026,579.7144576642,586.0567620745,2133984,576.4105942303801,548.15395393212,574.0727993932192,63.2876689216026,8.810630856210537,9.259049368916006,-0.4484185127054694,590.0209393977394,562.8002490630207,4.722447957616673,0.009736445860093661,0.00891619461612514,0.007003279584648636,0.013007543344328631,1
2025-06-11,586.8321535227,591.1962156483,584.1282243698,587.2496719949,2238225,577.113914037635,549.017362476786,575.3277396409983,63.98457241219396,8.80928409934063,9.169096315000932,-0.35981221566030186,591.4204462918433,562.8073817834268,4.9579578333560335,0.009694452250765373,0.0020354852935702272,0.001050633769366538,0.011315974183899069,0
2025-06-12,585.9474119984,587.1800855829,581.1061859047,585.7982982584,1984130,577.909187317925,549.84400104853,576.3249356997984,62.431747594160626,8.592059144472955,9.053688880895336,-0.46162973642238114,592.2897968100242,563.5285778258258,4.976771370892919,0.00959731814985968,-0.0024714764532258737,0.008471240566175098,0.006559169171955093,0
2025-06-13,569.4753141805,571.8412521893,549.2456495224,558.7093021486,5905376,576.906645938965,550.1512930902759,574.6472563139699,41.96234158026879,6.1630078902253445,8.475552682761338,-2.312544792535993,593.5308412579631,560.2824506199669,5.763218515862575,0.013824155022486713,-0.04624287265827942,-0.046663500356341925,-0.04760048803645178,1
2025-06-16,560.5682534413,571.6026702053,559.3156980248,565.310070375,3108184,576.1804620249051,550.924719072386,573.7580005102585,46.56015354652313,4.716228357063528,7.7236878176217765,-3.0074594605582483,593.4847107689197,558.8762132808904,6.006537841703735,0.014133686400731017,0.011814315961835131,-0.037359921454482414,-0.026799924700100286,1
2025-06-17,561.3834085536,567.9145903679,560.6676626013,566.0854618233,2246568,575.337472347805,552.523240258538,573.0272825400721,47.090411165553306,3.5908200251678863,6.8971142591309995,-3.306294233963113,592.8823809608006,557.7925637348095,6.098997355899397,0.01406449812182023,0.001371621502842757,-0.03365123540595294,-0.034077416290713036,0
2025-06-18,567.5070128118,567.7058311319,531.0039692467,535.5469678603,6966763,573.23099224665,553.5953649431681,569.4577287610462,33.14229430449032,0.23204964814237883,5.564101336933276,-5.332051688790897,597.8406927444194,548.6212917488806,8.5863119163593,0.0183001273092335,-0.053946790763074515,-0.04145686173333041,-0.08804211666728534,0
2025-06-20,533.7625734377,535.1592721362,524.2143236162,529.8210002423,8203040,571.4132957554,554.664144608454,565.6828022354513,31.271940036593307,-2.858882390543158,3.879504591437989,-6.738386981981147,602.3866577769896,540.4399337338103,10.840966512913678,0.01798145458026525,-0.010691812224943198,-0.06277806108983386,-0.09555729025250259,1
2025-06-23,528.2801582617,539.9209709019,524.4548937835,539.1455794536,3681133,570.032005476705,555.1993635260859,563.1554476847988,37.46142257217044,-4.504131858235269,2.2027773015033376,-6.706909159738606,604.0268424318941,536.0371685215158,11.927343246897177,0.018556714965012582,0.017599489652232903,-0.04758977961195032,-0.03501592441680279,1
2025-06-24,553.8879578869,560.7869535934,549.2281535102,554.235889947,4503190,569.731292767595,556.35628733058,562.3059659954846,45.94551865201363,-4.538030383497926,0.854615764503085,-5.392646148001011,604.1704233889885,535.2921621462016,12.089604716671898,0.01960074581106797,0.027989305798803654,0.03489688712340011,-0.01958956864266348,0
2025-06-25,552.7149297985,555.1802769674,545.3785337878,546.4521527162,2889446,568.4961339541501,557.150566519264,560.7960790165051,42.72576874418017,-5.133798518471167,-0.34306709209176556,-4.790731426379401,604.3838664717724,532.6084014365277,12.625497474541042,0.019246507762086494,-0.014044087313696663,0.03139013452900907,-0.034682588462638164,0
2025-06-26,542.3067907427,545.6618498939,538.8672338055,542.5851363908,3764311,566.99952904981,557.813625616702,559.0617035283427,41.18173720715353,-5.850543533157747,-1.4445623803049619,-4.405981152852785,604.5496575363978,529.4494005632222,13.245206234832377,0.019248598266316946,-0.007076587229418951,0.006379644141172092,0.013142019193237209,1
2025-06-27,543.5394643272,553.4107939187,542.3241873457,547.0684895085,3837467,565.6346412825201,558.468533163018,557.9194926693101,43.721093025774884,-5.987776631763268,-2.353205230596623,-3.6345714011666446,603.9902933038411,527.2789892611991,13.56198833025976,0.019360059145323467,0.008262948645299417,-0.012932039531372563,0.032553427022168346,1
2025-06-30,549.2356091972,559.3057571088,548.634183779,558.6198339046,5054848,564.4586309192999,559.433000833684,557.9861918345758,49.74161522709066,-5.105583903839374,-2.9036809652451736,-2.2019029385942006,602.1545179616603,526.7627438769396,13.356474674137708,0.01975551176523494,0.02111498764346309,0.02226669092237854,0.03612058633724913,1
2025-07-01,556.0153139117,562.9640141982,553.748884472,561.2740584776,3827165,563.633037845205,560.3730138509819,558.2993219910543,51.037719558152446,-4.144490958430765,-3.1518429638822925,-0.9926479945484727,600.8453806619302,526.4206950284797,13.204457623346478,0.019762068759297365,0.004751396946377051,0.03444422051646323,0.01269886822246935,0
2025-07-02,559.613925505,562.645904886,554.096717123,558.2023154324,2502361,562.61657918384,561.410845481754,558.2900832711824,49.44838456871317,-3.5893065750816504,-3.239335686122164,-0.34997088895948636,599.2516919435822,525.9814664240979,13.023118804243866,0.019773999717102093,-0.005472804236724804,0.020351795318906074,0.021502637802403468,1
2025-07-03,557.4617171902,566.2962092426,557.4219535262,565.8767025872,1528739,561.876477987375,562.244093061174,559.0126184441365,53.356428894298666,-2.501227452415833,-3.091714039380898,0.5904865869650653,597.6090672507163,526.1438887240337,12.719019451155669,0.02004138893230042,0.013748397207659746,0.012990710752027068,0.0429270258881993,0
2025-07-07,567.2982535757,567.3777809037,557.0400235333,561.7810451937,2478445,560.86648092141,562.942144182944,559.2762781345712,51.08658538250598,-1.94695890106334,-2.862763011717387,0.9158041106540469,595.3904020202923,526.3425598225277,12.310923285044684,0.02007036443587137,-0.007237720469449593,0.0009032783689935098,0.026893443814353546,0
2025-07-08,561.2442357295,563.2672121363,557.1088146721,559.1168797048,3083877,559.490658146515,563.478556010498,559.2610973317358,49.608209147009404,-1.7030413696187452,-2.6308186832976586,0.9277773136789134,591.9276068282719,527.0537094647581,11.595170789522847,0.019952651034307347,-0.004742355605788506,0.001638410030047055,0.0008897747090821362,1
2025-07-09,559.4308311805,562.8351967368,556.6934027361,562.526613894,2454368,558.573111599385,564.1225285492101,559.5720989090943,51.54105004262147,-1.2205284239682896,-2.348760631431785,1.1282322074634954,589.543285866243,527.6029373325271,11.089031542596025,0.01995065238072904,0.006098428276750001,-0.005920174267439182,0.002231628911903538,0
2025-07-10,563.0641452976,563.472270993,558.4453569406,560.9438825389,2577421,557.317467622605,564.714765810492,559.7027449690758,50.57140518283845,-0.9548398319255966,-2.0699764715305475,1.115136639604951,585.6529406064059,528.9819946388042,10.168521401158953,0.019802942916032858,-0.00281361150922943,-0.0014901938432462236,0.004911421953483375,0
2025-07-11,557.2607969955,558.2562255208,543.354660498,547.6648660123,3221829,555.3382273234749,564.938236033124,558.5562803065257,43.224089792379196,-1.795092654163227,-2.0149997080570836,0.21990705389385656,580.3717375132459,530.304717133704,9.015590484531637,0.02035405777884084,-0.023672629187963645,-0.020482325088354347,-0.0321834005387307,1
2025-07-14,547.9834031404,556.5142256016,545.285791837,550.4918830239,2501007,553.57290656175,565.05163684377,557.7882424700852,45.05431465285626,-2.2074364694733504,-2.053487060340337,-0.15394940913301358,574.3898570876099,532.75595603589,7.520942690333013,0.020441459690990288,0.005161946999054923,-0.021394064872400476,-0.020095306287715053,0
2025-07-15,550.5814715912,552.3234715104,546.1418603687,547.8440431468,2449394,553.02964361166,565.140511876644,556.8411758678675,43.635491721220134,-2.7165655859724893,-2.1861027654667673,-0.530462820505722,573.8491621926657,532.2101250306544,7.529259533011673,0.017738656837701622,-0.004809952623742841,-0.023353208404392478,-0.020161860546853427,1
2025-07-16,549.8946259088,552.980454337,546.9879746151,552.980454337,2424364,552.41316280976,565.07842295691,556.473488103023,47.11469326467998,-2.6747557038293053,-2.283833353139275,-0.3909223506900301,572.4573855995661,532.3689400199539,7.2569678419154275,0.01765535543506937,0.00937568137219591,0.009705914427931672,-0.01697014740497038,1
2025-07-17,550.4520658829,554.831951394,547.9933574256,553.0700429043,2722063,551.76239186381,564.9837302391501,556.1493504650493,47.17594002669039,-2.604370460840528,-2.3479407746795258,-0.25642968616100204,570.8090924226888,532.7156913049312,6.903950265454135,0.017649048412492145,0.00016201036871610341,0.00468337492323756,-0.014036768881339867,0
2025-07-18,552.7216429205,553.806660013,548.3616659799,550.1335287549,2579950,552.4917199085401,564.872655540578,555.5764150640828,45.323124681041364,-2.7537977329714067,-2.429112166337902,-0.3246855666335047,570.0585001620492,534.9249396550309,6.359110777774971,0.012599925696262863,-0.005309479670928541,0.0041790827822991705,0.004507615689454569,1
2025-07-21,550.8701458635,555.5287513616,549.5163630692,552.1144315201,2194542,553.60639147243,564.655266250376,555.2467023456082,46.839872347045976,-2.681467338323273,-2.4795832007349765,-0.2018841375882965,567.7788281352723,539.4339548095877,5.120040838093575,0.012278049512947552,0.0036007671986169054,-0.0015661002303206661,0.00294745217184178,1
2025-07-22,553.2691286093,557.6460278348,552.70173435,556.2056427588,2010579,554.4593946376899,564.503994537664,555.3380300040075,49.92922435579908,-2.2678757640636604,-2.4372417134007134,0.16936594933705296,567.0083271804867,541.9104620948931,4.526546998449503,0.011804838824459525,0.0074100784278285925,0.00566944439448247,0.015262737117613279,1
2025-07-23,554.4636428396,559.9185911579,551.9651172413,559.5204197478,2180805,554.7236211277301,564.3887979800801,555.7363528367496,52.34563723680745,-1.6535653889364994,-2.2805064485078708,0.6269410595713714,567.4636858675653,541.9835563878949,4.593301692808835,0.010123370462440755,0.005959624883628667,0.017062932001518094,0.01182675691248658,1
2025-07-24,559.4308311805,565.2391566253,559.3263111854,560.9239739684,1874746,555.44721219034,564.11021046468,556.2304119921449,53.3717509531736,-1.041459597219955,-2.032697078250288,0.9912374810303328,567.8657608416446,543.0286635390354,4.4715495473759015,0.009528906344631582,0.00250849508089912,0.01595600829350774,0.014200608340414256,1
2025-07-25,561.7800425001,567.3494650988,561.2723739522,565.6223966075,1513639,556.5990752011751,563.958992879834,557.1248867174169,56.73053384826239,-0.1752181014770713,-1.6612012828956446,1.4859831814185733,568.2838291066682,544.9143212956819,4.198624980204956,0.009435631452744946,0.00837622005324512,0.016930345765628463,0.02815474251797645,1
2025-07-28,564.776282361,569.036716449,563.631539557,565.682122319,2492411,557.5297568417,563.874778673162,557.9398615366152,56.77316040422143,0.5102223647827486,-1.226916553359966,1.7371389181427146,568.9928601225637,546.0666535608362,4.112104561306295,0.009332020868035848,0.0001055929041320347,0.011012471312445316,0.024574055710778975,0
2025-07-29,567.4241222381,570.3805449581,560.4262597058,560.7447968338,2394238,557.63600498816,563.514472015282,558.2069982315852,52.19546793835075,0.6475731487620351,-0.8520186129355658,1.499591761697601,569.1766819606255,546.0953280156946,4.139143408686639,0.00840694830974071,-0.00872809178582401,-0.0003194321207780071,0.008160927768523951,0
2025-07-30,557.7684655434,563.0243281566,552.6718714942,556.5540427426,2833185,557.4000042014101,563.04887789701,558.0495738993009,48.612548568749,0.4134992411998155,-0.5989150421084896,1.012414283308305,568.8259169141505,545.9740914886696,4.099717483536951,0.008504276054673287,-0.007473549669765545,-0.016032522614539912,-0.005301642085801084,1
2025-07-31,565.9707965913,576.7911046606,559.9384997284,563.8803966883,4568343,557.683908264205,562.66758072347,558.604890355396,54.49362570827746,0.8098342524111786,-0.317165183204556,1.1269994356157347,569.4524864258282,545.9153301025818,4.220519182005071,0.008928215843051061,0.01316377814739611,-0.0031850496234772097,0.005270629991055875,0
2025-08-01,561.2823282375,562.2877110479,553.5578028817,557.3304769923,3316787,557.25659698446,562.260658865648,558.4835176541488,49.08506252248909,0.5886235389795047,-0.13600743876774385,0.7246309777472486,568.4087115461049,546.1044824228151,4.002506070630117,0.008753628879664181,-0.011615796070351236,-0.0060889015123791745,-0.014659814860467857,1
2025-08-04,561.7103625033,567.3146251004,559.9235683005,567.2051279626,2984728,557.527801122905,562.281262823554,559.3141472073346,56.15095191671659,1.1963237863265022,0.13045880625110534,1.0658649800753968,569.3504903204691,545.7051119253408,4.241111985358337,0.009521242512448501,0.017717765989740508,0.019137557904553848,0.002692334764543336,0
2025-08-05,566.9960879723,569.2158935836,559.5572506032,563.4523624225,2883198,557.7445752587901,562.214882371454,559.7082629421122,53.13307888519048,1.3594429822020402,0.3762556414412923,0.9831873407607479,569.8318854198181,545.657265097762,4.334353285433443,0.009584799177511497,-0.006616240501174597,-0.0007590869771567643,0.004828516651403714,1
2025-08-06,566.3888765719,567.7526136515,561.3918253752,566.5282365654,2245248,557.94465639236,562.340444220178,560.3577842395682,55.25575082263405,1.7171195717694445,0.6444284275069228,1.0726911442625218,570.4666330564881,545.4226797282319,4.488608868519172,0.009565943687545517,0.005458978163966899,0.016503241708109684,0.017921339271293135,0
2025-08-07,570.3506821023,571.2764306308,551.3230658425,558.6543969308,2979747,557.830182111955,562.090425579092,560.1955568768284,49.1223885428393,1.349669640359707,0.7854766700774796,0.5641929702822275,570.2820557446352,545.3783084792748,4.464395807891633,0.010069676226560442,-0.013898406339524216,-0.015075200505528352,-0.009267922396651196,1
2025-08-08,561.1728310997,573.5260990978,560.1176768629,571.6945106114,2908038,559.03166434191,562.0739711017679,561.29069532774,57.5301657488986,2.08663765562369,1.0457088671867216,1.0409287884369685,571.956528342571,546.1068003412489,4.624018575361433,0.00977426771174259,0.023342004917962456,0.014627941488192242,0.025772919680648432,0
2025-08-11,572.3714020085,573.9541333637,566.8368194083,570.967847788,2116712,560.055462580115,562.006003160442,562.2123288953837,56.9652280343496,2.582287497560742,1.3530245932615257,1.2292629042992163,573.3508896197119,546.7600355405181,4.7478965666529955,0.009777326169576137,-0.0012710683938925715,0.007836522411513558,0.006633790210810675,1
2025-08-12,572.5505791431,575.6762247123,567.852156504,571.5551506179,2593996,561.2410179536699,561.7943053494199,563.1021214403853,57.32993335521017,2.9880397362492204,1.6800276218590646,1.3080121143901557,574.1936634775853,548.2883724297545,4.615715925803784,0.009653670313866516,0.0010286092854008277,0.02309254837691377,0.014380609144246215,1
2025-08-13,574.6907504723,577.6173103365,571.4157906243,575.2581447317,2352973,562.354902473405,561.7437498448639,564.25983794432,59.651724662278504,3.567280596308251,2.057478216748902,1.509802379559349,576.0828541612665,548.6269507855435,4.882308886250251,0.009561072866161442,0.006478804555950068,0.006233458698927885,0.015409484652036731,1
2025-08-14,574.8301104659,581.7284301457,572.8691162712,581.0913558896,2642459,563.75596812267,561.794947189462,565.8628396533943,63.06144759798835,4.445776398451358,2.5351378530893935,1.910638545361964,579.0390938373241,548.4728424080158,5.421894074327079,0.009718064609469182,0.010140162657967355,0.017730434630986114,0.040162503118326365,0
2025-08-15,582.3256872609,586.8648413359,578.4534702977,579.0407731276,2263870,565.201330341305,561.7621881216841,567.117880936652,61.10649698398676,4.919813215145155,3.012072925500546,1.9077402896446087,580.5254461650563,549.8772145175537,5.422533529600013,0.009650492104967165,-0.003528847471600649,0.013096938242280531,0.012849979105700182,1
2025-08-18,579.3593102557,582.8134472382,578.0353903171,581.4696187292,1812110,566.66908970176,561.751960766008,568.4847131073709,62.58599158193992,5.428897399119478,3.495437820224333,1.9334595788951452,582.3180293745302,551.0201500289897,5.523131562021957,0.009654620146191104,0.004194602028594563,0.010797715867885804,0.018392928747012816,1
2025-08-19,581.738384431,587.8702241464,581.5492530112,582.8333558087,2334494,568.0004753542551,561.675961178128,569.8512505074975,63.42721202025861,5.874672895479762,3.971284835275419,1.903388060204343,584.3760338860702,551.6249168224399,5.766036911008541,0.009589052870114032,0.002345328174635286,0.002997807317978829,0.019732488069799325,1
2025-08-20,583.2315272188,591.1650925649,583.2315272188,589.9705783347,2884705,569.5229832836,561.85782184809,571.7673769672311,67.54059715224906,6.726330447175428,4.522293957655421,2.204036489520007,587.9902952706166,551.0556712965833,6.485185858713844,0.009812818445862655,0.012245734488028459,0.018875709128502782,0.025575359058778613,0
2025-08-21,586.3472185028,589.5027269278,581.2605787389,589.2140526555,2349322,570.937487217955,561.92096765971,573.4289651280186,66.68445665118224,7.256580549483033,5.069151276020944,2.1874292734620893,590.8321442108719,551.0428302250381,6.9691191902142995,0.009853213472973283,-0.0012823108591879517,0.013318724963181205,0.013978347266007551,1
2025-08-22,592.5786010708,599.019023629,590.3688492876,596.2218694731,2389205,572.467460861235,562.100411609274,575.5997179227883,70.42434218140424,8.148350711390322,5.6849911630948196,2.463359548295502,595.020599424076,549.9143222983942,7.8792735324768906,0.009993827934473558,0.011893499121442774,0.02297142661957463,0.02967165205430855,0
2025-08-25,595.0870809543,596.3064808978,590.1497554692,590.498155453,1984330,573.7082625179349,562.194408753166,577.0186167351894,64.0955722627431,8.297579768701326,6.2075088842161215,2.090070884485204,597.3366084121229,550.079916623747,8.237059647872625,0.01035479344632652,-0.009599973287055419,0.0008942430990188655,0.015527099667789868,0
2025-08-26,590.3687497447,593.2754010384,583.614767201,588.9054698127,4774584,575.1162961668799,562.798332106448,578.1506979806666,62.41475462378401,8.19288596174215,6.604584299721328,1.5883016620208217,598.842847287353,551.3897450464068,8.251044624751321,0.01010460268813056,-0.0026971898651879656,-0.0005237194215061969,0.010418267835022421,0
2025-08-27,588.5072984026,591.9003160737,587.1236527525,587.9598127137,1480977,576.6865846654349,563.2513269532219,579.0848993838126,61.38544441994164,7.942057643984981,6.872078968574058,1.0699786754109226,599.4278629324523,553.9453063984175,7.886876120140976,0.009882483154432473,-0.0016057875966082324,-0.013857352744711449,-0.0034082472835776922,0
2025-08-28,588.1190812777,590.8166925811,587.0241099,587.7806355791,2159985,577.881596609975,563.685230428338,579.9130647357448,61.17957159423874,7.64073861911902,7.025810898683051,0.6149277204359684,600.3152638550201,555.4479293649298,7.7641050958008435,0.009593375548034468,-0.0003047438459662377,-0.004602080207710801,-0.002432761184054999,1
2025-08-29,589.2936869375,594.1016067144,587.5616413036,592.5686467855,2111298,579.6435050996349,564.825664006842,581.1183582642929,64.59650857426959,7.69953812756512,7.160556344459465,0.5389817831056547,600.8454938040317,558.4415163952382,7.315527049941611,0.009109531967512392,0.008145915187700581,0.006220314058154708,-0.006127287297979289,0
2025-09-02,592.8971381988,592.8971381988,583.3211157861,589.1642812292,2284547,580.7414627629649,566.01252962658,581.8846366419032,60.51777523924133,7.386288773536762,7.205702830274925,0.1805859432618373,601.5233941303994,559.9595313955305,7.157033792132325,0.008627244620075346,-0.005745099027374523,0.0020485558527221226,-0.0022588965121773663,1
2025-09-03,589.1244640882,591.284543988,586.2675842208,590.5678354498,1958059,582.0972364143299,567.040974746504,582.711607956941,61.594458232166026,7.168655698678663,7.198293403955672,-0.029637705277009374,601.6948154613808,562.499657367279,6.73343827150609,0.008389102426674398,0.0023822798925821065,0.004741904891020887,0.0028228055644121675,1
2025-09-04,590.3189783185,593.1659039007,586.5969715198,592.9170467693,1653765,583.416676924525,567.81459788295,583.6835545104989,63.393818944155086,7.103852845588335,7.179405292282205,-0.07555244669386951,602.179307854913,564.6540459941369,6.4319830654464765,0.008367057407097154,0.003977885652561408,0.0005879487308178,0.008431246402233139,0
2025-09-05,592.7478239201,595.8436066335,576.3782009083,581.5492530112,2432345,584.561419728545,568.51653988885,583.4802877010419,50.95337041535526,6.065293241004383,6.956582882026641,-0.8912896410222579,599.5566832273112,569.5661562297789,5.130432147140168,0.008966511694204081,-0.019172654623511143,-0.012925135587161574,-0.010601544506073535,1
2025-09-08,579.9565673708,587.0977716108,578.0453446024,583.9183729012,1948397,585.172612843035,569.343204619058,583.522010101057,53.02244008838414,5.371476411076742,6.639561587836662,-1.2680851767599197,598.9688054737319,571.3764202123382,4.715255747759166,0.007468136408193447,0.004073807812034813,-0.011259439050783193,-0.014597927060814198,0
2025-09-09,580.872361614,588.4774355468,580.633458768,581.3302587356,2266030,585.690733390415,570.0284400035999,583.3132718757754,50.5153475400472,4.560215070589038,6.223692284387138,-1.6634772137980995,598.0138337495156,573.3676330313143,4.208057138881244,0.007553590788190638,-0.004432321854749954,-0.019542005238058824,-0.01329683883288979,0
2025-09-10,579.4688073935,579.4688073935,568.3896879076,576.7313789491,2535457,585.9495448069749,570.39067090449,582.6864249303777,46.32385532783306,3.505780988143215,5.680110025138354,-2.1743290369951387,597.2491879606501,574.6499016532997,3.8568655795773608,0.007807483877881365,-0.007910958903984522,-0.008284550340583507,-0.02342907227611135,1
2025-09-11,578.2245217369,587.2729670313,577.35849892,586.03863566,2407151,586.48856935339,570.885962448138,583.0056830951037,54.54418260907946,3.382164723983692,5.220520964907422,-1.83835624092373,596.6699310440457,576.3072076627342,3.4719727621906853,0.008468833234238738,0.016137940557108932,0.0036310944426451996,-0.011600967026971554,0
2025-09-12,583.7591043372,586.5164413521,577.3485446347,577.7566703301,2243171,586.321835075415,571.277049546092,582.5057771174843,47.56377884711495,2.5861015878668923,4.693637089499316,-2.107535501632424,596.9506710452655,575.6929991055646,3.625597865883106,0.008816491623171333,-0.014132114891320824,-0.006147260273828836,-0.006521515867250249,1
2025-09-15,580.0660645086,583.8188300487,578.8441759939,580.2950130694,2222681,586.3845470725049,571.565415755736,582.2952281605238,49.688964613937664,2.135423034923406,4.181994278584134,-2.046571243660728,596.8544165548111,575.9146775901987,3.570990925520287,0.008839398855867644,0.0043934460122283525,0.006179018951238069,-0.00620525059658128,1
2025-09-16,575.3676418695,585.4214699743,574.1930362097,583.7391957667,2537009,586.49802592438,572.004578767196,582.4327488849216,52.501915868042616,2.032741614197448,3.752143745706797,-1.7194021315093488,596.8002067497924,576.1958450989677,3.513116965457852,0.008889790617737038,0.005935227116776964,-0.003923700168181332,0.004143835616503999,1
2025-09-17,585.0232985643,596.1521894763,584.7545328624,595.8933780598,2931112,587.151027036935,572.740108734296,583.7147135682433,60.825757474079985,2.898692460494999,3.5814534886644376,-0.6827610281694385,598.0779595838975,576.2240944899726,3.7220176901010844,0.01001027840759879,0.020821254391075072,0.03139160248783934,0.03322517173526518,0
2025-09-18,593.3550353204,598.8696098074,583.2016643631,583.3708872124,3294558,586.8210424808201,573.156994200664,583.6819682010201,50.9238549259066,2.5451653071121427,3.374195852353979,-0.8290305452418361,597.7859963417001,575.8560886199401,3.737069078002041,0.010802444692898663,-0.021014650117731848,0.005300535199726175,-0.004552171623625978,0
2025-09-19,585.9291385222,586.1779956535,578.8516417078,581.4895272997,6745326,586.43481621303,573.56790709588,583.4731643056563,49.616999733198504,2.0891006177550935,3.1171768054342017,-1.0280761876791082,597.578120998307,575.291511427753,3.8003558033051865,0.01081850680499594,-0.0032249808037045913,-0.003853893114107776,0.0064609500180539126,1
2025-09-22,578.3141103042,584.6599671525,577.4879046282,581.818018713,3242064,585.714623675025,574.250970149894,583.3155313920699,49.858955729356936,1.734182006724268,2.840577845692215,-1.1063958389679471,596.0685704538406,575.3606768962094,3.535491982034017,0.01041892159695481,0.0005649137222221157,-0.02362060037087299,0.0026245368464294927,0
2025-09-23,582.7736300972,584.1771843178,565.6522594632,567.3643965266,3223404,584.557935728705,574.588420419948,581.7963756905966,40.61641607269956,0.28335360991638936,2.3291329985370504,-2.045779388620661,597.3884555117639,571.7274159456462,4.389819724905272,0.011562652402862108,-0.02484217009705525,-0.027437931917182246,-0.02805156713623269,0
2025-09-24,568.6684078947,569.0466707343,562.36734533,566.2096994374,2867508,583.42314720994,574.9557335457599,580.3119303331492,39.978807660636846,-0.9486769942415094,1.6735709999813384,-2.622247994222848,598.3570884999071,568.4892059199728,5.119420222315347,0.011561295604531672,-0.00203519483469361,-0.026277047384251073,-0.04981374137609762,0
2025-09-25,562.4171167562,569.7733335577,561.9890824904,564.7066023643,2700615,582.2604866924701,575.190256506306,578.8257086218304,39.117948411542926,-2.023037182883286,0.9342493634084137,-2.9572865462916997,599.0997571027286,565.4212162822115,5.7841020626056965,0.011562272527915201,-0.002654665002371881,-0.02941025509411177,-0.03199385717941139,0
2025-09-26,564.0297109671,567.0597953979,561.4814139425,562.5465224645,2106586,580.99878103674,575.37978609751,577.2753099401799,37.85638545753592,-3.0140318847048775,0.14459311378575546,-3.158624998490633,599.6756943704045,562.3218677030754,6.429243552056081,0.011562674524269886,-0.0038251366121031527,-0.008491675000396604,-0.03257669131749774,1
2025-09-29,563.4125452815,566.7123908426,559.9384997284,565.5427623255,2615759,579.64748681374,575.687970768922,576.1579244530676,40.71257416201359,-3.517088008220867,-0.587743110615569,-2.929344897605298,598.6876667382135,560.6073068892665,6.569572147767016,0.011447427927734495,0.005326208129193599,-0.001177897716274856,-0.027973104757912814,1
2025-09-30,563.2234138617,568.0213793533,561.0732882472,566.2096994374,2379296,578.49975772415,575.969876127268,575.2104744515755,41.358655647198894,-3.817936563208832,-1.2337818011342216,-2.5841547620746104,597.8713935360546,559.1281219122453,6.697197553932857,0.011441467723579802,0.001179286795498058,0.0026617310065206734,-0.00203519483469361,1
2025-10-01,563.0940081534,572.8392534154,562.4270710415,571.1470249225,3685088,577.528717197785,576.268703770542,574.8234792583302,46.04612955324973,-3.616274149493961,-1.7102802708061695,-1.9059938786877915,596.3216262633265,558.7358081322435,6.508043152114124,0.011652785154443191,0.008719959213001616,0.015288517686184333,0.008719959213001616,1
2025-10-02,570.1117792563,577.1892760707,568.1607393468,574.6907504723,2483584,576.6174023829351,576.572110385032,574.8108384215654,49.18572495285762,-3.134375073243291,-1.9950992312935938,-1.139275841949697,594.055926575232,559.1788781906382,6.048559797269474,0.011719387729206615,0.006204576746733137,0.016175590523311856,0.01768023973192201,1
2025-10-03,573.7948647996,580.553824486,573.7948647996,577.7964874711,2332024,576.42976410593,576.909560655086,575.0951859500926,51.831214530095714,-2.4733483432480625,-2.0907490536844877,-0.3825992895635748,593.7322122482725,559.1273159635874,6.003315310818297,0.011036795534369767,0.005404188246022068,0.020463775250076033,0.02710880682328365,0
2025-10-06,576.5820646703,578.4783560108,566.6576422737,576.1639846897,2573878,576.042044695355,577.1203924167299,575.1969763062457,50.34742759007658,-2.057491744266713,-2.0840975918009326,0.026605847534219684,592.9999833010643,559.0841060896457,5.887743355496779,0.011001791286439643,-0.0028253940908246067,0.008784007529200943,0.018780582250802258,1
2025-10-07,576.3431618242,583.3957729255,576.2635275422,577.1892760707,2120731,575.83499556211,577.350535491764,575.3867191409556,51.29055720080367,-1.6264413443665262,-1.9925663423140514,0.3661249979475252,592.6299469106349,559.040044213585,5.83325135775407,0.010975872291674243,0.0017795131390452301,0.00434760015947111,0.019391360911354072,0
2025-10-08,578.662510288,580.4045102072,573.4464648158,573.8048190849,1935090,575.6886675689,577.611735936786,575.2360619927598,48.046295283556994,-1.5401740231483245,-1.902087878480906,0.3619138553325816,592.5008169241537,558.8765182136462,5.840708807505439,0.010910506209634501,-0.0058636865342338584,-0.006908433112272294,0.004653432560137505,0
2025-10-09,575.3746928289,577.5277129531,560.6922917039,562.725699599,2580117,574.52302076585,577.735169073914,574.0445989076397,39.28602491668154,-2.3388382287824925,-1.9894379485412235,-0.349400280241269,591.534686642121,557.511354889579,5.922013657031218,0.010995903993214215,-0.019308167372258933,-0.02332371589997484,-0.020819981639632723,0
2025-10-10,565.7459083844,567.5849464072,554.8910985914,555.6785457665,3553872,573.41911453767,577.571132055478,572.295450989436,34.92411937173965,-3.500084983609554,-2.2915673555548897,-1.2085176280546643,592.219483942093,554.618745133247,6.55728730619005,0.01090777702916136,-0.012523248604998649,-0.03726806993130127,-0.03827981336717001,1
2025-10-13,556.196865426,563.1742454583,551.2229902316,557.4328584603,2996710,572.276006807215,577.573179684838,570.8799659866611,36.80515810408892,-4.2300615141410844,-2.6792661872721286,-1.5507953268689558,592.0214768993544,552.5305367150756,6.9006807405053845,0.010873745584537171,0.0031570639305142922,-0.028532281500719847,-0.03251006089783237,1
2025-10-14,554.203328274,567.968702309,554.203328274,566.0848097003,2627569,571.3932875038951,577.550773319592,570.423284435579,45.21572624753753,-4.063590474595799,-2.9561310447368627,-1.107459429858936,590.5805765199315,552.2059984878587,6.715965845470527,0.01143636731086419,0.015521064301623033,0.005969356124473579,-0.019238864668441713,0
2025-10-15,562.476507455,566.8523215038,557.5923414325,560.9913222768,2262667,569.648184714745,577.501552516678,569.5250023252191,41.69738185990599,-4.293173808170309,-3.223539597423552,-1.0696342107467567,585.696854861325,553.5995145681649,5.63459011270845,0.010260323845032063,-0.008997746161386266,0.00956088110792841,-0.02233075844245247,0
2025-10-16,560.981354591,562.8253764567,545.6211508343,548.1031045887,3210636,567.8847955835599,577.1330498771439,567.4848215884077,34.40273717958408,-5.452241662207712,-3.669280010380384,-1.7829616518273275,585.2138818641895,550.5557093029304,6.1030287887254095,0.010449369951814936,-0.02297400543700523,-0.016737000214465225,-0.02598529802481042,1
2025-10-17,550.7046705721,560.981354591,550.2262216556,559.1572680969,2756782,566.76818262342,577.143107300466,566.6917212558832,43.52801532938211,-5.416395835945195,-4.018703175493346,-1.397692660451849,583.3068081861122,550.2295570607278,5.836116447518035,0.01166820092169231,0.02016803666254563,-0.012237639104055065,0.006260314271449019,1
2025-10-20,559.8849091574,565.5864254123,552.0004697209,564.5298507217,2046523,565.903774223855,576.9998141026721,566.4858288240563,47.3607765969924,-4.898004100730532,-4.1945633605407835,-0.7034407401897482,580.94504546846,550.8625029792499,5.315840582697767,0.011940444341895702,0.009608356953108466,0.006307634903404136,0.012731564265878959,1
2025-10-21,560.3434227023,574.1187644231,558.9529305388,570.1815285478,2722423,566.044630824915,576.9840877178681,566.8378002263177,51.11912202184947,-3.9851929248964097,-4.152689273411909,0.167496348515499,581.1903771331853,550.8988845166447,5.351431842467235,0.010837500296573264,0.01001130023306085,0.04028151596708751,0.00723693477955889,0
2025-10-22,569.2046953433,574.5720947715,566.7426769605,569.5136936018,1820634,566.209830533135,576.943258577546,567.0926472144588,50.658845381982644,-3.277886752343761,-3.9777287691982797,0.6998420168545185,581.4310623243117,550.9885987419583,5.37653391741525,0.010829406281258938,-0.0011712672413307645,0.01852148956258448,0.015191627725027468,1
2025-10-23,572.5039993299,575.1255006849,569.8226918604,571.9159058701,2187513,566.5702957084251,576.8764138003139,567.5520051816627,52.321807121224616,-2.494745191165066,-3.681132053591637,1.1863868624265712,581.9724409108004,551.1681505060498,5.436975894797617,0.010838188742483032,0.004218006160848553,0.013083551098241442,0.043445842729296746,0
2025-10-24,575.3746928289,578.9431243311,571.2281355526,571.8162290125,1839794,567.0337810358251,576.690911262772,567.9581217369806,52.24312614377808,-1.8606940285552582,-3.3170444485843618,1.4563504200291035,582.4815192282807,551.5860428433695,5.448613013579749,0.010788764166727829,-0.00017428586366796672,0.002866982500929982,0.022639356828330293,0
2025-10-27,573.8596045933,573.8596045933,564.6494629508,570.5104621779,2980955,567.2821660284451,576.520305043778,568.2012017789729,51.157813250800984,-1.44688954290541,-2.9430134674485715,1.4961239245431615,582.7856711107884,551.7786609461018,5.465888409954313,0.01075758805335052,-0.0022835428033496363,0.001750210025321941,0.010593968500610451,0
2025-10-28,571.2281355526,572.1351949568,563.6227913175,564.101240234,2916366,567.1767430682751,576.1729374738741,567.8107292508803,46.09592345097507,-1.6174719437710792,-2.677905162713073,1.060433218941994,582.7365578068988,551.6169283296514,5.486760495308475,0.011069462849243,-0.011234188273135381,-0.013664011712020807,-0.010663776375369305,0
2025-10-29,559.815135357,564.978296904,549.4487421663,552.787916896,3763384,566.25878766695,575.57202869562,566.3799852170822,38.79827833039067,-2.635173727038932,-2.6693588755782454,0.034185148539313204,582.9018733888884,549.6157019450116,5.8782613477875705,0.011710395960743294,-0.02005548389382561,-0.03327697108100802,-0.029368524222868952,0
2025-10-30,549.7776757964,561.1009668201,543.8718219834,551.8908251776,4284723,565.118791402215,574.8104336324781,565.0000652133219,38.28075251522023,-3.474050831328441,-2.8302972667282846,-0.6437535646001562,582.4064172161391,547.831165588291,6.118227203533145,0.011566915693749326,-0.0016228497240627915,-0.032636802012745214,-0.035014030012042174,0
2025-10-31,547.1163036984,552.6384016096,541.7736241308,550.2062862841,3567142,563.739281342865,574.0302783050499,563.5911338867294,37.27528190886836,-4.226079575979156,-3.109453728578459,-1.1166258474006971,581.1628739839769,546.3156887017531,6.181436425578761,0.011437454514166027,-0.0030523045802727244,-0.02463202162813205,-0.03779176181431465,0
2025-11-03,548.2227168178,549.2194853938,538.6138677448,542.3118791619,3175505,562.046676066475,572.952078498826,561.5645381986503,32.91241625411236,-5.396868709587693,-3.566936724780306,-1.829931984807387,580.8369392958801,543.2564128370699,6.68637108964336,0.011747034854665004,-0.014348086016094053,-0.018951278444949926,-0.049426934097497544,1
2025-11-04,543.0694232797,552.2396941792,540.727017126,550.9638304019,2653934,560.735403783035,572.161391997804,560.5549469799122,41.0552449359605,-5.562466721507803,-3.966042724125806,-1.5964239973819976,578.7604552074393,542.7103523586308,6.42907556854702,0.012454149399104438,0.015953829470545466,-0.001679670567818703,-0.023289099358566046,1
2025-11-05,551.2130225459,554.5322619041,547.5907655406,551.5220208044,2189509,559.62126386901,571.4137230176381,559.69466829653,41.548173763057285,-5.584290810174593,-4.289692341335564,-1.2945984688390295,577.0210515049553,542.2214762330648,6.218415474655014,0.0124440131078601,0.0010131162368549607,0.0023913476692278834,-0.002290021277433496,0
2025-11-06,548.4021351615,553.2065596979,546.0896320651,551.4921177472,2593939,559.05958477642,570.684369118308,558.9134730061177,41.52813829827072,-5.540136242494441,-4.53978112156734,-1.000355120927101,576.7451657750019,541.3740037778382,6.3269037791936515,0.011752322129063098,-5.42191536727632e-05,0.01692796882761871,-0.0007224389538849074,0
2025-11-07,552.0104374067,556.864700372,548.8905517637,550.1863509126,2510503,558.784975033725,569.932483424978,558.0823185210207,40.60729388717985,-5.546570488325642,-4.741138994919001,-0.8054314934066413,576.838747606164,540.731202461286,6.461795996339878,0.011440867259701164,-0.0023676980913779344,-0.0014111261872361558,-3.623254040696633e-05,1
2025-11-10,550.4953491711,552.9075291251,546.8073054398,551.1731518028,1978473,558.4719897008499,569.104573525324,557.424302643095,41.66012300067011,-5.409683624293393,-4.874847920793879,-0.5348357034995139,576.8232619062616,540.1207174954383,6.571957965247874,0.011422388356071848,0.001793575737680797,-0.0006325567945431043,0.016339809215675682,1
2025-11-11,551.2130225459,556.7251527713,546.2391473515,556.5457344276,1832614,557.9950359372149,568.452202589292,557.3406294797145,47.1528108559651,-4.81220517528925,-4.862319371692953,0.05011419640370285,576.0230790421464,539.9669928322834,6.461721679889639,0.011063432242554705,0.009747540509233987,0.00916353383443358,0.01013116236982059,1
2025-11-12,558.1904025781,564.0813048625,556.6055405422,559.4164279266,1761575,557.916291219705,567.829174438828,557.5383245698941,49.86872814041314,-4.060254143524958,-4.701906326059355,0.641652182534397,575.9050115728281,539.927570866582,6.448537401120342,0.010963132176547152,0.005158054983482208,0.01677627407275728,0.014313856608455966,0
2025-11-13,558.070790349,561.7787694518,553.0670120973,553.7747177863,2031717,558.1998718795851,567.0463278591681,557.1798858285995,44.976680556064046,-3.8748989686506548,-4.536504854577615,0.66160588592696,575.7339298157875,540.6658139433827,6.282358280435033,0.009871165702498423,-0.010084991892730488,0.004720052083434512,0.004138953152085234,0
2025-11-14,554.243199017,555.20009685,542.2919437904,543.9665149981,2567913,557.440334224645,566.294673098906,555.9214695590281,37.99782147186669,-4.4679400202305715,-4.522791887708206,0.05485186747763482,576.0271566005318,538.8535118487581,6.668632043549434,0.009539601711965323,-0.017711539500048,-0.022602310378746382,-0.011304962226313053,0
2025-11-17,544.2356425136,547.5399303432,534.4772781543,535.115210043,2558171,555.96960219071,565.318609841742,553.939921033692,33.01863196546444,-5.587743632328511,-4.735782236632267,-0.851961395696244,576.6202133265325,535.3189910548875,7.428683530341237,0.009730714997175522,-0.016271782749588737,-0.043440300767836004,-0.029134114583188597,0
2025-11-18,531.8358414278,534.2679567533,523.0044718442,525.8751653431,3594931,553.754284030475,564.2095079738921,551.2670871583975,28.779008927562515,-7.138502237442026,-5.2163262367942185,-1.9221760006478075,577.1542083414157,530.3543597195343,8.451374548518324,0.009777703636406208,-0.01726739312672043,-0.05038069010215518,-0.055108802722285355,1
2025-11-19,526.4433234315,529.2841138732,523.2835670454,528.6461819845,2723056,551.71090844961,563.2478040346,549.112715237074,31.61483638621992,-8.051083837149235,-5.783277756865222,-2.2678060802840134,576.3536859384138,527.0681309608061,8.933221044352283,0.00997943246721103,0.005269343038080354,-0.02816411045752243,-0.05500418723158651,0
2025-11-20,531.5667139123,536.7200074504,525.4764579127,526.1741959159,3240296,549.4238229519,562.050515239718,546.9280943493432,30.45003686973773,-8.8715146476668,-6.400925135025538,-2.4705895126412614,574.6254061426602,524.2222397611398,9.173822516598987,0.009806150069744569,-0.00467606908522511,-0.016708577815199077,-0.049840704141807746,1
2025-11-21,530.8191374803,542.6507804778,529.9519488191,538.6537384879,3807738,547.7656984256699,561.268456602874,546.1400604577772,42.05655350352601,-8.417683372127499,-6.804276782445931,-1.613406589681568,571.1545261341855,524.3768707171544,8.539719728978016,0.011602076611282798,0.023717511555801707,0.024299632283381944,-0.009766734465665783,0
2025-11-24,541.683914959,542.2819761046,533.3808327207,536.111978619,5940957,546.0457742477249,560.384795913866,545.1850050445603,40.571485179093735,-8.168951013345009,-7.077211628625747,-1.0917393847192614,567.4677649653173,524.6237835301325,7.846225253589771,0.011607835022847414,-0.004718726869018308,0.014122482841877115,0.0018627177050709598,1
2025-11-25,539.7501839215,548.6164404053,537.2582624814,544.7041237444,3132873,545.075918423245,559.60409447342,545.1392068254975,47.34071807954944,-7.195568488473896,-7.100883000595378,-0.09468548787851816,564.8319109278448,525.3199259186451,7.248895736120018,0.012181451955009557,0.016026773263923433,0.03521633704641358,0.03580499639874679,0
2025-11-26,546.7026447393,546.8970146117,542.4115560195,543.1691001373,2185287,544.5949775853101,558.54960891497,544.9515776170978,46.325492016232225,-6.47339809732091,-6.975386019940485,0.5019879226195751,564.0425026358092,525.1474525348109,7.142014102564042,0.011397285757330549,-0.0028180869947301845,0.008382679496619527,0.02747190587527193,1
2025-11-28,546.3537757377,549.6181928242,543.6575167396,548.7510041631,1254814,544.437986534585,557.857211253984,545.3134277643361,50.483893307734625,-5.388544072595209,-6.658017630471431,1.2694735578762213,563.6971734020213,525.1787996671486,7.074887257600622,0.011660484444706016,0.010276549281593939,0.02357534628615765,0.042907478972626256,0
2025-12-01,545.8703429783,548.0034277311,541.6340765302,542.2122023043,2227026,544.0382823355951,557.071664754076,545.0180729586184,45.98906223353949,-4.998793129451315,-6.326172730267408,1.3273796008160934,563.1331348277191,524.9434298434711,7.019672369432696,0.011938878549046107,-0.01191579023854783,-0.004574816549891447,0.006606217616514254,1
2025-12-02,545.511506291,552.9573675539,539.2916703765,544.1459333418,3076100,544.1299850445901,556.318223046652,544.9350120427309,47.47835949545987,-4.482208653860425,-5.957379914986012,1.4751712611255865,563.2084016013389,525.0515684878412,7.012448158020701,0.011522955650090597,0.003566373145572843,0.0017983961242511448,0.014985590778059166,1
2025-12-03,545.551377034,553.2763334983,544.734525186,551.9406636064,2688159,544.1788267048149,556.009748388248,545.6022169535565,53.09305869310486,-3.4045960817471723,-5.446823148338244,2.042227066591072,563.3318287600383,525.0258246495915,7.039230898122678,0.011411182800320052,0.014324705537593019,0.005812580604138473,0.013285267260792155,0
2025-12-04,555.2299999073,557.1936340021,537.816452884,540.5575664681,2878836,543.630603988,555.496705728862,545.1217740501797,45.45152239753968,-3.4295672447507286,-5.043371967620741,1.6138047228700128,562.5375736119779,524.723634364022,6.955815027807115,0.01231494436358401,-0.020623769707276862,-0.0030516388771187897,-0.004807956985292128,1
2025-12-05,539.9595053225,548.6612949912,539.5009917775,543.7571935972,2126670,543.2438577805,555.07771755352,544.9918140070388,47.72886553300633,-3.1548072482613634,-4.665659023748866,1.5108517754875024,561.8050467271858,524.6826688338142,6.833464817262786,0.012409411553218782,0.005919123748476363,-0.0007144034730033333,-0.009100321508324405,0
2025-12-08,544.9533158884,545.5563608769,535.653465074,538.6936092309,2409748,542.669220696415,554.6006592888481,544.3919849807398,44.558428946090054,-3.307519881391727,-4.394031195277439,1.0865113138857119,561.0457876825449,524.2926537102851,6.7726586602965915,0.012556791562077204,-0.009312215867530838,-0.0240008668485181,-0.0064893284556242214,0
2025-12-09,536.9691995944,540.1489910288,534.1842281929,535.8129480462,1955015,541.9012105085851,554.006063003262,543.5749338441169,42.81596997630932,-3.619270330841573,-4.239079022390266,0.6198086915486929,560.0747402064633,523.7276808107069,6.707322052601413,0.012575287446492594,-0.005347494633940131,-0.008777267614438422,-0.015313879577164347,1
2025-12-10,536.3512030772,543.1840516659,535.7631096174,537.1187148808,3023598,540.929859531245,553.42424331213,542.9600558476105,43.88712746516899,-3.7181102764442358,-4.134885273201061,0.41677499675682483,557.9058757752867,523.9538432872033,6.276605347226595,0.01234018158180253,0.0024369826062646816,-0.012208534975847285,-0.02685424304263595,1
2025-12-11,541.0160800131,563.3038253731,540.8964677839,561.5495126793,3659909,541.03651376888,553.232293067266,544.7304803077715,59.26260267642528,-1.8042818023044447,-3.6687645790217376,1.864482776717293,558.4956948491695,523.5773326885906,6.4539751517575645,0.016208515179525006,0.04548491259315335,0.042428391680813915,0.038833877302573594,1
2025-12-12,564.1710140343,571.8560997555,564.0613694909,570.0818516902,3515429,541.851870464075,553.140115091624,547.1448966299075,63.06866733507728,0.3963605051111472,-2.855739562195161,3.252100067306308,562.7907754141338,520.9129655140162,7.728645444049302,0.01634005248716547,0.01519427729567413,0.06395684122408563,0.048412523830444476,0
2025-12-15,571.0287818374,571.4474246393,565.3272655825,567.2908996773,2713965,543.018089698035,552.930003335748,549.063563586802,61.05910148313009,1.89335348561724,-1.9059209526326808,3.799274438249921,566.7147554648088,519.3214239312613,8.727762929574286,0.015785681909196936,-0.0048957040197390445,0.0561741454181055,0.05308637406563754,0
2025-12-16,568.8558263416,569.1548569145,560.6623886467,564.1909494058,2748858,544.471876666175,552.69054263007,550.5042669981352,58.81738173867983,2.7973450756306875,-0.9652677469800072,3.7626128226106945,569.5765550855417,519.3671982468084,9.221662126273158,0.015296827300507748,-0.005464480874386335,0.004703835845029758,0.05296251511479566,0
2025-12-17,563.6925651178,569.9124010322,561.7339148659,563.642726689,3287265,546.3602547334701,552.4196116424359,551.7555488734556,58.40897072534127,3.429989152214034,-0.08621636714119885,3.516205519355233,571.266433793142,521.4540756737982,9.117126966646515,0.014591733345683424,-0.0009716971131445984,-0.011295088559842736,0.04938202872727371,1
2025-12-18,563.1742454583,567.2908996773,561.2205790492,564.3803354353,2259001,548.14696240601,552.231121969444,552.9579094983932,58.823254088405,3.9454028540601485,0.7201074770990706,3.225295376961078,572.8397841393181,523.4541406727018,9.009562554145216,0.014594384788506366,0.0013086459052402688,-0.005130637991294429,0.005041092000050762,1
2025-12-19,564.390303121,571.088587952,563.3735991735,570.380882263,7262282,550.3572967233649,552.384225622724,554.6172402378795,62.12819209518748,4.782931252256844,1.5326722321306254,3.2502590201262187,574.6986623171578,526.0159311295721,8.845659261251852,0.014551245091272683,0.010632097631594117,0.010971343768841235,0.0005245397163817778,1
2025-12-22,570.380882263,577.5775513819,569.1548569145,573.8396692218,2500224,552.11659326006,552.74744809183,556.4479477601576,63.925526797873516,5.660522760352137,2.3582423377749278,3.3022804225772093,577.8655988779757,526.3675876421443,9.327379735456464,0.013818202507562124,0.006063995246609943,0.018091145418836163,0.01154393548041277,1
2025-12-23,574.0290552513,579.8352322066,573.8895076506,574.4875687962,1794896,554.0353727689201,553.088542298548,558.1660069064474,64.26761920949343,6.335271369377779,3.153648144095498,3.1816232252822805,580.4389142439369,527.6318312939032,9.53135585659775,0.013701905915960414,0.0011290602744118416,0.01790854983121326,0.018250238507449,1
2025-12-24,575.3846605147,580.4083741379,575.1354683707,577.5775513819,1058898,555.679044150795,553.3183971321799,560.0147254279191,65.92714857966922,7.038218077081865,3.930562130692772,3.107655946389093,583.6034559274849,527.7546323741051,10.050554207731484,0.013395055169190529,0.005378676151643891,0.01261730423072227,0.024722796965299443,1
2025-12-26,577.8765819547,579.3265812023,576.8100395784,577.7270666683,972290,557.406942477345,553.65311202001,561.7016150698602,66.00940995034506,7.520679331581732,4.648585570870564,2.8720937607111683,586.2817335953582,528.5321513593317,10.360398810133887,0.013342058918281817,0.0002588661661837577,0.006774361646645799,0.02364846964893963,0
2025-12-29,577.7270666683,580.1093435651,575.5441434868,576.0325600891,1274987,558.771020273645,554.211701130018,563.0664669764544,64.12001215655405,7.677795979569055,5.2544276526102625,2.4233683269587925,588.4477519305398,529.0942886167503,10.622144162867016,0.013298746910401085,-0.0029330572807885202,0.002689338075908987,0.009908603184028308,0
2025-12-30,574.2184412807,575.91294786,572.3943547866,575.5541111726,1512854,560.43811571706,554.539637991532,564.2557664237064,63.56675808901199,7.675229952834684,5.7385881126551475,1.9366418401795364,589.9523006199447,530.9239308141753,10.53254019495887,0.012890534343324092,-0.0008305935282999499,-0.003503322115720686,0.0029876671878139582,0
2025-12-31,574.6968901972,576.1123015752,568.7760848556,569.0352446853,1736797,561.6825812842351,554.6297458708041,564.7109548295724,56.423267942375205,7.065728987570651,6.004016287638248,1.0617126999324027,590.4330146075731,532.932147960897,10.237252954365376,0.013284233882535216,-0.01132624432830276,-0.01504485852311721,-0.00949076082242295,0
2026-01-02,568.8657940274,569.0352446853,557.6820506043,561.3102882211,3902025,562.15106251497,554.45232106427,564.3870818192418,49.34635143310917,5.891442769919649,5.981501584094529,-0.09005881417487949,590.5545173407853,533.7476076891547,10.105274798821148,0.0134216108957349,-0.013575532511122756,-0.025558055026824844,-0.028164638881617354,1
2026-01-05,557.8116305192,574.3978596244,556.6454112853,566.7327092747,2865206,563.4598196553,554.396701377728,564.6104749102378,53.73305733095525,5.336836811421335,5.852568629559891,-0.5157318181385557,590.1215403074566,536.7980990031433,9.463574765088705,0.012541876148050572,0.009660291584507874,-0.015326798517567242,-0.019030365769434177,1
2026-01-06,567.1613197624,579.4913470479,566.1047450718,578.4646754146,4056461,565.19519374617,554.527676768618,565.92992257732,61.501498150900325,5.777381159240349,5.837531135495983,-0.060149976255633675,591.005883387228,539.3845041051121,9.133371948895075,0.013177126245994122,0.020701057037830983,0.016570908071810164,0.004222183768785248,0
2026-01-07,577.3981330382,583.3887121802,575.7534648878,578.0460326127,3654081,567.16281491526,554.652272840622,567.0838378187847,61.10721063158572,6.023301878784764,5.874685284153739,0.14861659463102495,590.4709161471822,543.8547136833379,8.21919230914481,0.012885321875629208,-0.0007237136850232195,0.02981549553392071,0.004329604101034112,1
2026-01-08,575.6438203444,587.764526229,571.6467783545,578.1955478991,3390208,569.281944907905,554.8059745550461,568.1420959216719,61.202875730095386,6.159260335704289,5.931600294463849,0.2276600412404397,588.0725314929912,550.4913583228188,6.601504492866371,0.012740390070195888,0.0002586563663871111,0.020226181472867477,0.016097954035986017,0
2026-01-09,577.1129424709,580.3084217548,574.3477198478,574.5473749108,2221204,571.153377909405,555.014897248582,568.752122492065,57.48726194602921,5.90456714663776,5.926193664898632,-0.02162651826087192,582.8891086392322,559.4176471795778,4.109484836729335,0.012941399402877918,-0.006309583326187473,-0.006771892338961472,0.023582476515174644,0
2026-01-12,563.0572260328,566.9005859964,554.9313647946,565.303345492,3486353,571.34106955004,555.265205820502,568.4236675396779,49.31716163051388,4.900317234084241,5.721018378735755,-0.8207011446515136,582.5653376126126,560.1168014874673,3.9290954775620404,0.009198516917842283,-0.016089237933138656,-0.022044415845403398,-0.002522112733760129,0
2026-01-13,557.9859874316,557.9859874316,532.7795357228,544.0500640314,8721606,570.0394801671,555.1083905975779,566.102371967461,36.480198021599826,2.362249211903986,5.049264545369401,-2.687015333465415,586.4056136253523,553.6733467088477,5.742105249781919,0.011899409992536435,-0.03759624214164625,-0.05905525214050711,-0.05949302152034475,1
2026-01-14,543.560909127,547.6438551661,537.2218608754,545.8769078582,3943984,568.9687805761449,555.02180302906,564.1761372903885,37.97468900327808,0.49254529225493116,4.137920694746508,-3.6453754024915765,588.42436525232,549.5131958999699,6.838893570390296,0.01194644520466792,0.0033578597772108143,-0.049900962574324303,-0.05565149302919581,0
2026-01-15,547.5739758941,548.9316303227,538.0654035168,541.7140997938,4005601,567.844938095545,555.009847441698,562.0368956240468,35.9018271313506,-1.31001135981262,3.0483342838346825,-4.3583456436473025,590.5928100438842,545.0970661472057,8.012001313116123,0.01199052519934135,-0.007625909805808018,-0.04172847354665765,-0.06309534592207955,0
2026-01-16,539.3082562842,543.0889245579,537.7509467925,538.5595497978,3496430,566.590779250985,554.761761829616,559.800957926309,34.37073721669971,-2.958986954591296,1.846870036149487,-4.805856990740783,592.6516521825918,540.5299063193781,9.199187097982236,0.012018487154318504,-0.0058232746705333405,-0.010091928292252028,-0.06263682802238424,0
2026-01-20,529.6848822457,535.484861827,527.5984868369,530.822916105,4057513,564.91290828447,554.347779735628,557.0411444195177,30.891223468693596,-4.83436611169725,0.5106228065801397,-5.344988918277389,595.2905133327579,534.535303236182,10.754792323842901,0.012285437890789435,-0.014365419192185258,-0.027577630664513242,-0.06099456099448808,0
2026-01-21,532.599846166,536.473154389,523.864937158,526.6601080406,4938103,562.72686957335,553.851139541496,554.1477123834302,29.179526113092166,-6.58066363181274,-0.9076344810984365,-5.673029150714304,597.2284554049779,528.225283741722,12.262284847989033,0.011895824081844192,-0.007842178508315478,-0.02778955127608862,-0.03196388924567117,1
2026-01-22,529.0060550313,532.270415312,522.9065928554,531.940984458,5114892,560.6319353351599,553.486232212404,552.0327859143416,34.163362887409704,-7.452585636990193,-2.216624712276788,-5.235960924713405,597.2059658528592,524.0579048174607,13.047430305886657,0.012101961312855979,0.01002710540778784,-0.012289384418649463,-0.025529424673556678,0
2026-01-23,530.493485251,531.2222262311,519.262887955,523.8349888986,5003162,558.09930634028,552.93946895432,549.347281436652,30.60329550355685,-8.697417786674123,-3.512783327156255,-5.184634459517868,597.3982911553668,518.8003215251932,14.083151284594397,0.012308905088666203,-0.015238524190158476,-0.013164328431174432,-0.03300469916143123,1
2026-01-26,525.8015912695,529.4752444295,521.7485934898,526.4504702244,4839678,555.5429522824049,552.337563670256,547.1666327497709,33.02833408088347,-9.364955373266753,-4.683217736378355,-4.681737636888398,596.073431958042,515.0124726067679,14.591303699964406,0.0122928510915119,0.004992948888922433,-0.00039805144342519583,-0.022484198038910108,0
2026-01-27,526.7399700658,528.1979511637,518.6539400127,519.5124567838,3669774,552.63222178818,551.5394842474,544.5329017053928,30.030481348707426,-10.33469153040835,-5.813512495184354,-4.521179035223995,594.7040973068071,510.56034626955295,15.225994381034447,0.012383015385591901,-0.01317885315525058,-0.023364485981210104,-0.021307405874999463,1
2026-01-28,521.0597835223,522.92905405,517.3761476092,520.4708010864,5483042,549.854133838045,550.873405913402,542.2412730750125,30.962616870984533,-10.90023294527873,-6.83085658520323,-4.069376360075501,592.7088634348113,506.9994042412786,15.587672060455526,0.0124752591625409,0.0018446993716627613,-0.0064222281510318835,-0.01175199499583679,1
2026-01-29,530.8728298707,543.301357545,519.2119759139,542.7922371342,5488326,548.216040136125,550.849920356124,542.2937458425541,48.254073783741504,-9.438474392486228,-7.352380146659829,-2.0860942458263985,589.4915868304898,506.9404934417602,15.05813171176672,0.016441031446323265,0.04288700922550803,0.03104141383487491,0.020399354426988703,0
2026-01-30,540.0769282769,542.8196897054,534.306896955,537.8607570772,4307289,546.65731575572,550.904831296808,541.8715564363299,45.54024489870383,-8.579055423848331,-7.59771520209753,-0.9813402217508012,587.0146049359463,506.3000265754937,14.765114457284758,0.01638740401451851,-0.009085391646418861,0.03531830671970937,0.02677516484358966,1
2026-02-02,540.0569627706,556.1591436048,540.0120403814,554.4121618032,4603302,546.312409434825,551.47557122601,543.0658998046033,54.740510910297424,-6.487614482541289,-7.375695058186282,0.8880805756449925,586.2789023448292,506.3459165248207,14.63136923847316,0.01777783022010123,0.030772657250442093,0.06521280472593816,0.05311362257285346,0
2026-02-03,553.3739554754,559.1439867972,548.0830963048,549.7701815875,5702084,545.464283050465,551.89805121807,543.7044028315458,52.08300730016395,-5.145388639948578,-6.9296337745387415,1.7842451345901633,584.3671979876764,506.5613681132537,14.264147496385984,0.017694168936099333,-0.008372796514062975,0.012855645265197113,0.05824253953604841,1
2026-02-04,548.7818890255,555.6400404409,540.0769282769,552.5653524701,4448326,544.16931690324,552.425874349154,544.5483027971225,53.54546363650852,-3.812173694120702,-6.306141758455134,2.4939680643344317,580.2110829457798,508.1275508607002,13.24652637441831,0.01699985450648187,0.00508425334114837,0.027339037472833283,0.06166446093941835,0
2026-02-05,553.8930586393,560.9507652902,549.0015095948,550.9381637063,4621627,542.81392345792,552.671562853522,545.1568609789489,52.54015602802174,-2.853992726904835,-5.615711952145074,2.761719225240239,575.5446065833215,510.08324033251864,12.05963285425518,0.01699729233900221,-0.0029447897095359332,-0.006266092875021001,0.015007448549942959,0
2026-02-06,552.1161285782,555.8297127508,538.8690151455,547.7935964634,3779745,541.293825886135,552.90519521041,545.4079786441347,50.56441987096144,-2.321605678213132,-4.956890697358685,2.6352850191455532,569.8707814687963,512.7168703034737,10.558759112346744,0.017003073746168003,-0.005707659135002818,-0.0035952934340536258,0.01846730637159011,0
2026-02-09,542.7722716279,545.6123648997,533.2786733804,534.4067244866,4110267,539.2867933649251,552.699247225254,544.3602401529408,43.12893592322723,-2.9459348925931863,-4.554699536405585,1.6087646438123988,563.5531569326072,515.020429797243,8.999428083995939,0.01768304113346197,-0.024437802966713718,-0.03286240786239425,-0.036084052073340644,1
2026-02-10,535.3451032828,546.056597415,534.0772936325,539.4579975815,2222686,537.9945259694,552.625025174138,543.8933599080417,46.3356240046108,-2.998559245091542,-4.2434714781427765,1.2449122330512346,559.1324124761765,516.8566394626235,7.85803032798097,0.01764575012993742,0.009452113649491833,-0.02083748573083055,-0.018757263219010722,0
2026-02-11,537.2218608754,539.7674629292,532.1905532868,536.5330509079,3691093,537.6186753132249,552.380666109034,543.1923780985044,44.76173513720638,-3.238946614941824,-4.042566505502586,0.8036198905607623,558.5790776170305,516.6582730094193,7.797497842348484,0.015595483366844312,-0.005422010029906055,-0.02055618325624653,-0.02901430842620112,0
2026-02-12,538.9987909365,542.0634961542,526.2408324082,526.5502977559,3466526,536.65234480811,552.067428018066,541.6074180658753,39.79364128843251,-4.186718206124397,-4.071396845626949,-0.11532136049744768,557.7820727181856,515.5226168980344,7.874642909696396,0.016069612537462516,-0.018606035797995246,-0.014701212336441949,-0.04426606751352391,0
2026-02-13,528.1475382602,533.0690355642,515.13002815,517.4659923876,4017748,535.4399394377999,551.533829198982,539.3082346679444,35.88989858963102,-5.606236340207261,-4.378364744543012,-1.227871595664249,558.0028436294097,512.8770352461902,8.427800218004014,0.01639791610654885,-0.01725249307998955,-0.0407668535687572,-0.05536319568464754,1
2026-02-17,514.1117873285,524.9530572516,514.1117873285,521.0298352629,3177954,534.563453711055,550.915612632112,537.5674347246068,38.441241672038586,-6.370210531100724,-4.776733901854555,-1.5934766292461697,557.9214408535647,511.20546656854526,8.73908868268249,0.016494520854258614,0.0068871054865971,-0.028895173594182366,-0.02503128911139929,1
2026-02-18,521.5888694394,529.8441071584,518.4992073388,527.0694009198,3575919,534.375777951795,550.645849321146,536.5676219812918,42.60949662328024,-6.414382103687899,-5.104263542221224,-1.310118561466675,557.9106141678888,510.8409417357014,8.808346930057413,0.016452181420006453,0.011591592742194345,0.0009858567474225755,-0.02296489572356053,0
2026-02-19,523.9048681706,525.6219017128,515.1599764095,519.3627154865,3009722,534.01090832409,550.157959758932,534.9290594579784,38.98224350694777,-6.990669414739386,-5.481544716724857,-1.5091246980145296,558.2292503982108,509.7925662499692,9.070354817329958,0.01668552045532379,-0.014621765975886603,0.0036654062813836763,-0.03200238157247737,1
2026-02-20,519.3527327333,526.5902287685,517.6955957101,525.502108675,2838652,533.6889645349399,549.894129747814,534.0312546215042,43.13520082284735,-6.872758655771349,-5.759787504534155,-1.1129711512371943,558.1784830875172,509.19944598236265,9.17744985561678,0.016750161204100604,0.011821012570663925,0.008583526526544372,-0.0019906722783507025,0
2026-02-23,519.5723533027,521.8184727619,489.1549044485,495.1745045992,6312346,532.25594031997,549.081360878874,530.3306117622371,31.668740734462318,-9.12135244717615,-6.4321004930625545,-2.6892519541135957,561.7309270543908,502.78095358554924,11.075493762155721,0.020898903139959863,-0.05771166961112295,-0.06051365582016255,-0.043078169611777795,1
2026-02-24,492.8884541273,498.3889511141,490.4127313457,497.1411069701,5292852,530.790472157255,548.28180872066,527.1697065439383,32.914092324512026,-10.622244231969376,-7.270129240843919,-3.3521149911254566,563.9575350794111,497.6234092350989,12.497233715351928,0.020880610640693863,0.003971533979706399,-0.04278629915816046,-0.04584906021887636,1
2026-02-25,501.9527939894,509.6594794227,501.5534838633,508.5114628102,4139074,530.240422458575,547.221047723278,525.392730950249,39.75106877184014,-10.770068449540531,-7.970117082583242,-2.7999513669572895,564.4847792132673,495.9960657038828,12.91653948067967,0.02147166045824395,0.022871485943695813,-0.03233221253410423,-0.03520966703286932,1
2026-02-26,510.068772302,519.003336373,508.1321181905,513.882184006,4843689,529.9109916045551,546.097054369594,524.29648838413,42.7205127758592,-10.334715721766997,-8.443036810419994,-1.8916789113470038,564.6481642513818,495.17381895772843,13.110568830302435,0.02161719423190979,0.010561652172243363,0.037779972985366506,-0.010552416099731454,1
2026-02-27,508.5913248355,517.8653025137,505.8760159781,516.3179757751,5121285,528.5872785365999,545.07759589155,523.5366300404129,44.06695126798389,-9.681544688833696,-8.690738386102733,-0.990806302730963,563.2777818039107,493.8967752692892,13.125742777371336,0.019136151576710437,0.004739980962390256,0.038574297188732176,-0.017476871640071834,1
2026-03-02,508.6013075886,525.2525398462,506.4690913429,520.1014392197,3826980,527.699312643725,544.1958056878279,523.2094690098688,46.18307165235106,-8.757655260740194,-8.704121761030226,-0.05353349970996746,562.3039293323333,493.09469595511666,13.11527828802443,0.019182651082614542,0.007327777885169029,0.022791966862359292,0.05033969719558984,1
2026-03-03,512.7241846404,525.8864446713,512.1152366981,523.4157132662,4199725,526.149490216875,543.391265419372,523.2291113199956,48.03764601966955,-7.669621394442061,-8.497221687712594,0.8276002932705335,558.5350777617765,493.76390267197354,12.310412970865894,0.01774408573679431,0.006372360844592917,0.01855197466835845,0.05285140562250912,0
2026-03-04,523.2559892158,525.2524400186,519.3826809928,522.0181278249,3154939,524.761887528745,542.544021267164,523.1137795585579,47.29746516431767,-6.841258413093442,-8.166029032788764,1.3247706196953217,555.3061297787264,494.21764527876365,11.641181639094636,0.017694214273538764,-0.0026701251144692906,0.011040003093525819,0.026561181020498204,1
2026-03-05,520.2012667512,524.4139885814,511.8656678693,523.7551268734,3883390,523.3213762489099,541.611506159372,523.1748602552095,48.3624121129064,-5.97572899177942,-7.727969024586895,1.7522400328074754,551.0746936090131,495.5680588888068,10.606605661337532,0.01765924964595551,0.0033274688289801624,0.007024952015479036,0.019212463818914394,0
2026-03-06,518.7437847911,521.6487659583,511.316616446,521.4391281421,2873196,521.8464244707,540.563495337778,523.0095524349133,46.998751762624266,-5.414260210149564,-7.26522726169943,1.8509670515498655,546.5388499326144,497.15399900878555,9.463483624309413,0.017664196861032072,-0.004421911333117645,-0.0037763198047031654,0.009918601728541754,0
2026-03-09,515.3795969788,519.9916289351,508.231945722,516.8270961859,3546721,520.298099456825,539.410285885572,522.4207470778643,44.31881193296876,-5.28057342663044,-6.868296494685632,1.5877230680551921,541.9894391618822,498.6067597517678,8.338043028680005,0.017707155868182462,-0.008844813722807432,-0.009944159718417334,-0.00629558541255415,0
2026-03-10,516.0584241932,518.4343194433,510.1186860677,513.8322702403,2759997,519.26937674451,538.13538026274,521.6027969028582,42.61935728922639,-5.354559088460974,-6.565549013440701,1.2109899249797271,540.1219992647146,498.4167542243054,8.031524081368845,0.016981375216901986,-0.005794638028271626,-0.018945602866620725,-0.018309429356061502,0
2026-03-11,512.1950987233,514.4212526762,501.8529664579,503.1307588613,2874472,517.4530148085,536.6434541066001,519.8435551846146,37.13898883341699,-6.205186265844304,-6.4934764639214215,0.2882901980771173,537.2573097572199,497.6487198597802,7.654528771486259,0.017270707672327676,-0.020826857320571324,-0.03511123023320695,-0.036181442668089425,0
2026-03-12,499.1376576005,504.7429734954,495.4340561811,496.4522970026,2702469,515.4489771132351,535.0518488448699,517.615816310137,34.18471441640426,-7.3336724788375705,-6.661515666904651,-0.6721568119329193,535.2363949397587,495.6615592867114,7.677740651399806,0.01740933058806488,-0.01327380952382018,-0.0394228540524727,-0.052128997827260326,1
2026-03-13,495.7035905162,500.9944496868,494.5455911506,497.131124217,2809315,513.97801843629,533.4833891057581,515.6648932536477,34.75284713677564,-8.080088024862107,-6.945230138496143,-1.134857886365964,534.6019828822364,493.3540539903436,8.025232094046386,0.01708069893137147,0.0013673563774374564,-0.0325031084861398,-0.046617145920195946,1
2026-03-16,497.7600376655,507.7028598049,497.7600376655,507.6229977797,3450564,513.4858687058951,532.255144167646,514.8989984466051,42.94990318355652,-7.73584717956777,-7.103353546710469,-0.632493632857301,534.2228677436362,492.7488696681539,8.07695023428913,0.017512110642101564,0.02110484146255187,0.008928571428562515,-0.017808854206996516,0
2026-03-17,509.6694621759,516.0684069463,505.6264471493,505.7063091745,2834283,512.719692401475,531.143064586714,514.0235042302141,41.91395466322321,-7.530883247292479,-7.188859486826871,-0.342023760465608,533.4174470524345,492.02193775051546,8.07371160409908,0.01742751791954546,-0.003775811209467239,0.01864028473183099,-0.01581442337593897,0
2026-03-18,502.8811900325,502.8811900325,487.0784917929,487.6275432162,3458707,510.74759951629494,529.5609612655439,511.50960318126045,33.665646943302505,-8.726657698766985,-7.496419129214894,-1.2302385695520908,533.0541189542357,488.4410800783542,8.734850426733756,0.018743393123724868,-0.035749536104881185,-0.019116849736110275,-0.030813492063548886,1
2026-03-19,489.6740076124,496.2226936801,486.4695438506,490.2929383078,3284588,509.29411065736,527.7975265234079,509.4889684314071,35.675481252326634,-9.351444823540817,-7.86742426808008,-1.484020555460737,532.9153908592853,485.67283045543473,9.276086138689731,0.018666024974388767,0.005466047044881961,-0.034139626352037156,-0.012406748305905713,1
2026-03-20,491.620644477,498.3540114781,490.1581711403,495.4640044406,5762949,507.79220544564004,526.145885959966,508.1532575751397,39.50500182872752,-9.321874533797882,-8.15831432122364,-1.1635602125742412,530.9148464920969,484.6695643991831,9.10712720616276,0.018615939524317806,0.010546890906990125,-0.020253464408263477,-0.0033534809936227594,1
2026-03-23,505.1772232575,506.1605244429,499.5170022203,499.5170022203,2986060,508.009330326695,524.57231504639,507.330757065155,42.39951137646963,-8.869158677256337,-8.30048319243018,-0.5686754848261568,530.7320607713729,485.2865998820172,8.945792562536246,0.013511830036060737,0.008180206318471273,0.024382254795702885,-0.015968534906524945,0
2026-03-24,494.7851772262,501.8628493835,492.3843250932,498.0695030132,2278879,508.05575012885004,523.042757608438,506.44873286973075,41.63334432951436,-8.528863755720295,-8.346159305088204,-0.18270445063209095,530.6931138730675,485.4183863846325,8.911369958307276,0.013506889780683609,-0.002897797673884983,0.01586105794678594,-0.015101267322067069,1
2026-03-25,500.4254327571,505.3798731465,493.7070398858,501.8928974705,2422194,507.724821861865,521.774548648008,506.01484378408975,44.48682002738426,-7.860055769253904,-8.248938597921345,0.38888282866744106,530.5188298241469,484.93081389958314,8.978882646979734,0.012557342419801837,0.007676427555129095,0.012975499677637448,0.029254611337602654,0
2026-03-26,499.6467780113,503.9293791135,498.1893958786,499.8863640869,3995500,507.02503086590997,520.891274649118,505.43117905102406,43.290670031550654,-7.406552964084426,-8.080461471153962,0.6739085070695356,529.8792127934186,484.1708489384014,9.015011305646055,0.012296811238853839,-0.003997931418660672,0.0007394380270506762,0.01956672231953993,0
2026-03-27,498.5886061771,499.1875713663,479.6712889541,483.4048386329,3963656,505.3793740088,519.641833264612,503.33343234453605,34.97267229615646,-8.281604899794047,-8.12069015688198,-0.16091474291206787,529.9922124639245,480.76653555367557,9.740341502222005,0.014082305108363247,-0.03297054418378742,-0.02944300803719624,-0.024339136041406806,1
2026-03-30,487.1883020776,494.6853496947,486.1600785029,493.1480057093,3629528,504.03170233328,518.670511382922,502.3633917126088,42.060114793230724,-8.095576935639542,-8.115667512633493,0.020090576993951004,528.2205504728431,479.84285419371685,9.598145524413376,0.014857457259707697,0.02015529489517376,-0.017423820510857113,-0.012750309764613665,1
2026-03-31,499.1376576005,500.5452257949,489.7339041313,498.7982439933,4417888,502.8008288696349,517.875285266832,502.0238538345794,45.752640614262866,-7.406839984536816,-7.973902007014158,0.5670620224773417,525.370056097313,480.2316016419569,8.977402554572848,0.015060332491934858,0.011457489878466065,-0.0021767348977154155,0.001463131100561732,0
2026-04-01,501.3638115534,502.1324835461,484.8124068274,490.8020587186,4607139,501.24002541432003,517.0748681191039,500.95511144258137,41.70217129750161,-7.420695158896365,-7.8632606373906,0.44256547849423544,522.560409302757,479.9196415258831,8.50705562502265,0.015370874093096204,-0.01603090101256932,0.015302329423552807,-0.02209801893550778,1
2026-04-02,487.2881296091,499.0177647352,486.9087849893,492.5889715328,2926020,499.68171764729004,516.3934453889481,500.15833621307837,42.918332191084225,-7.204438274325639,-7.731496164777608,0.5270578904519692,518.6139035927329,480.7495317018472,7.577698073318934,0.015377783454735068,0.003640801383077541,-0.00113360323884093,-0.01459810284569285,1
2026-04-06,492.8984368805,501.039372076,490.3291757018,500.6350705733,2466299,498.6415147688501,515.767327111254,500.20373948548047,48.16220192213531,-6.311050327065686,-7.447406997235225,1.1363566701695387,514.7537576490926,482.5292718886075,6.462455452675857,0.01596246046946424,0.016334306095938,0.003682504102850759,0.035643482570692164,0
2026-04-07,497.4256154349,501.7356691083,494.8151254857,497.4206240584,3593150,497.67119116247494,515.23903981445,499.93868087337756,46.33101544467099,-5.795604787499997,-7.11704655528818,1.3214417677881833,511.45499686183473,483.88738546311515,5.539322325314098,0.0159161818377139,-0.006420737786545838,0.013485202888268155,0.008663967611416412,1
2026-04-08,507.1238601221,510.9372718262,504.982559571,506.2453778447,3874920,497.29184654269494,514.834937966856,500.5393186801702,51.75433968303007,-4.621749948334866,-6.617987233897518,1.9962372855626516,509.61600697072663,484.96768611466325,4.956510151418137,0.016465147538575448,0.01774102914008635,0.027723735408458516,0.014930152503704441,0
2026-04-09,504.46,506.67,497.76,503.57,3301927,497.3138085996299,514.51608883118,500.8279549963445,50.10139167480627,-3.8628140483002653,-6.0669525967780675,2.204138548477802,509.6810016393583,484.9466155599015,4.973597284399886,0.015814863876838423,-0.005284745227877807,0.005862412761732827,0.02601444116745344,0
2026-04-10,502.01,504.385,495.67,498.66,2842593,497.42419374950003,514.079872809452,500.6214830919307,47.12658053163452,-3.615866388178631,-5.57673535505818,1.9608689668795494,509.7980666261536,485.05032087284644,4.97517934677902,0.01567631789571297,-0.009750382270587887,0.002491605457546342,0.012324734856139274,1
2026-04-13,496.23,508.87,495.0,508.58,3318068,497.9966375386501,513.395628066768,501.3794370831754,53.17574447227732,-2.5898433907821072,-4.979356962202966,2.389513571420859,511.2885594113593,484.70471566594085,5.338157276886282,0.016276108168034414,0.019893314081739,0.004611641424242752,0.01586970209178884,1
2026-04-14,508.0,513.98,506.69,513.16,2745002,498.273487649665,512.9016129252241,502.5013954562063,55.695971492031504,-1.3911092088813461,-4.261707411538643,2.8705982026572965,512.5500682298702,483.9969070694597,5.730419512202943,0.01571509516394918,0.009005466200007861,0.019044025656810293,0.03164198503307758,1
2026-04-15,516.0,522.435,513.2,519.96,2911234,498.98617219094,512.21256968916,504.16411969847235,59.206614357854946,0.10637323231020446,-3.3880912827688734,3.494464515079078,515.8622106023045,482.11013377957556,6.764130692145405,0.015921938748696327,0.013251227687271161,0.042714474792443724,0.027090859009298862,0
2026-04-16,518.03,522.23,517.01,518.54,2967696,500.53179503013007,511.58796605741003,505.5332511557607,58.17002487531323,1.1651258773200084,-2.4774478507510973,3.6425737280711057,518.5848174523693,482.4787726078908,7.213536722937862,0.013360792045338328,-0.002730979306100556,0.019583939596523603,0.02972774390849331,1
2026-04-17,521.5,527.465,518.74,521.3,3617601,502.08214811474,510.96265900800796,507.0348462837835,59.64878787996837,2.201526087771299,-1.541653063046618,3.743179150817917,521.6165810465677,482.54771518291227,7.781369246119284,0.013359529534240716,0.0053226366336251996,0.01586249902564507,0.0454016764930012,0
2026-04-20,520.76,524.48,514.54,516.65,2503858,503.14144789270995,510.276895733882,507.9505752091374,56.053433178296295,2.6174917673240543,-0.7098240969724837,3.327315864296538,523.409405423293,482.87349036212686,8.05656445735913,0.013501115608297478,-0.008920007673124841,-0.006365874298023044,0.015867710094773724,0
2026-04-21,516.93,523.11,510.165,511.35,3445129,503.73309778169494,509.548023804614,508.27432995112434,52.19197404435096,2.490769815209262,-0.0697053145361346,2.560475129745397,524.2328209103167,483.23337465307316,8.139120982479431,0.01369812573053009,-0.0102583954321106,-0.01386585412890029,-0.00352716501675876,0
2026-04-22,512.07,513.79,505.72,510.16,2288823,504.337622631035,509.063089314882,508.4539175748268,51.336840123267116,2.268172618364872,0.3978702720440667,1.8703023463208053,524.8467084336901,483.82853682838,8.133077875754335,0.013689599745674644,-0.00232717316906228,-0.021369652791099036,-0.018847603661820145,0
2026-04-23,507.37,509.65,498.37,502.38,2724324,504.3619777575101,508.32152936325207,507.87544923436707,46.02723069951272,1.447298203533876,0.6077558583420286,0.8395423451918473,524.8605471910809,483.8634083239393,8.12851497042316,0.014080919798523795,-0.015250117610161595,-0.02762024581438105,-0.031164423188182133,1
2026-04-24,499.0,505.605,495.63,504.17,2406989,504.57615955316504,507.67426834509405,507.5225493072845,47.37581149589569,0.930461574210085,0.67229700151564,0.25816457269444504,524.9724582615761,484.179860844754,8.084527309603093,0.014065382953134467,0.0035630399299335647,-0.01404126332257749,-0.03286015729905989,1
2026-04-27,500.76,509.045,500.76,506.43,2531468,505.72741762152,507.27186238997604,507.41849699230505,49.10490427146641,0.6952139407032973,0.6768803893531715,0.01833355135012582,523.6648031451025,487.7900320979375,7.093697078138882,0.011659052342834842,0.004482614990975353,-0.007311431707699545,-0.019781283267202077,1
2026-04-28,512.25,517.0,507.24,507.62,3892549,506.451017336055,507.074942542224,507.4376877549427,50.035829440402665,0.597909225668559,0.661086156616249,-0.06317693094769006,523.4428820375684,489.4591526345415,6.710171021431094,0.010885557792726356,0.0023497818059752262,0.010430351526732773,-0.007294416740001974,1
2026-04-29,529.99,534.21,520.89,525.23,5876693,507.77260513639004,507.1589458369659,509.1321936830434,61.31301647104394,1.9196458822576687,0.912798101744533,1.0068477805131357,526.2267141311372,489.3184961416428,7.26865089139275,0.013031891996554886,0.03469130451912861,0.04177162465041562,0.029539752234593042,0
2026-04-30,504.5,514.15,498.96,502.92,5975051,508.37850220046005,506.67595781857,508.5405561894202,46.87752250140138,1.1536031387618664,0.9609591091479996,0.19264402961386673,525.2958116780127,491.4611927229074,6.655399236721432,0.016026360903745856,-0.04247662928621743,-0.0069308690243469195,0.001074883554281758,0
2026-05-01,506.0,509.0,492.15,495.46,4531833,508.52205362382,506.19790350884,507.29478893328496,43.213778279619866,-0.05481898949000197,0.7578034894203993,-0.8126224789104013,524.9424256048186,492.1016816428214,6.458076641508096,0.016414634512678286,-0.014833373101089675,-0.023954926913833274,-0.017275918836900273,1
2026-05-04,495.0,507.285,493.88,504.74,4419876,508.727300095155,505.78266133534004,507.05147570154355,48.595883980892104,-0.2606788450777344,0.5541070225207727,-0.8147858675985071,524.8480940313492,492.60650615896077,6.337695631108808,0.016545113878751672,0.018730069026763108,-0.03901148068465243,-0.003337085085796665,0
2026-05-05,501.03,503.88,493.26,497.08,4216704,508.71026889223504,505.820771243356,506.1018113490156,44.81977597867713,-1.0300484886855088,0.23727592027951644,-1.2673244089650253,524.8794547773388,492.5410830071313,6.356933159738909,0.016851936943224104,-0.01517613028489917,-0.011612184840531392,-0.02076356329537843,0
2026-05-06,499.135,500.7399,489.73,491.89,4363279,507.9925,505.715749103954,504.7483055062522,42.414931675707,-2.0351096226950744,-0.21720118831540175,-1.8179084343796728,525.7337219140217,490.25127808597836,6.984836159597495,0.016473305887909823,-0.010440975295727073,-0.007205425261373244,-0.06347695295394407,1
2026-05-07,492.7,503.52,492.7,500.94,4964090,507.86100000000005,505.56431984775,504.385609743752,47.68602723140767,-2.0774212277146944,-0.5892451961952603,-1.4881760315194341,525.7695911227702,489.9524088772299,7.052556161142569,0.01701471344272012,0.018398422411514792,-0.007528628600863785,-0.003937007874015741,0
2026-05-08,500.13,500.41,491.7275,495.48,4143614,507.70200000000006,505.19627616763,503.53745643482324,45.00919591741058,-2.522452585177689,-0.975886673991746,-1.5465659111859429,525.987039349221,489.4169606507791,7.203059806430136,0.017050833837182346,-0.010899508923224333,-0.0032187977790294475,4.036652807504204e-05,1
2026-05-11,495.0,501.655,492.01,497.81,3959768,507.16349999999994,504.82611665212795,502.9919843934115,46.39214519563226,-2.656509032361896,-1.312011145665776,-1.3444978866961201,525.9411167551303,488.38588324486955,7.40495589888878,0.016436820187021424,0.004702510696698026,0.012035211124438394,-0.013729841106312146,1
2026-05-12,500.61,506.31,499.75,499.81,3296342,506.496,504.42028786773403,502.68893826070564,47.61007625609486,-2.5717212455988943,-1.5639531656523995,-1.0077680799464948,525.3225731348683,487.66942686513164,7.434046126669644,0.016315355279185487,0.004017597075189228,-0.002255759172755223,0.005492073710469114,0
2026-05-13,495.61,498.6,490.32,490.64,3322778,505.03000000000003,503.76477360241,501.54142033111464,42.80785895526426,-3.2074946748232946,-1.8926614674865787,-1.314833207336716,524.000237742383,486.05976225761714,7.512519154261299,0.01637312134057755,-0.018346971849302784,-0.009768305481553274,-0.0025412185651263464,0
2026-05-14,491.28,494.5,488.01,489.94,2584949,503.6,503.12321104591206,500.4365231567228,42.45581772603189,-3.7248955703715296,-2.259108288063569,-1.4657872823079607,522.5928386504628,484.60716134953725,7.5428271050289,0.016375882618088106,-0.001426707973259389,-0.015809244490870067,-0.02195871761089152,1
2026-05-15,493.5,502.275,492.33,494.2,3416526,502.245,502.532108508444,499.84256857036826,45.39867658330396,-3.7479886301842953,-2.556884356487714,-1.1911042736965811,519.8062590665504,484.6837409334496,6.993104587024422,0.016479920062163596,0.008694942237825076,-0.011224265220783902,-0.0025833535157827603,1
2026-05-18,491.49,506.23,490.95,505.79,4076649,501.70200000000006,502.219125945602,500.40899061128556,52.51396400420639,-2.7988109576138527,-2.605269676712942,-0.19354128090091072,518.0797600422798,485.3242399577204,6.528879710377744,0.017384826102586202,0.02345204370700138,0.030878036849828927,0.016030212330005567,0
2026-05-19,507.56,512.9,498.5,499.7,3378299,501.11949999999996,501.87658402188396,500.341467695925,48.907487002431125,-2.5090699211827427,-2.586029725606902,0.07695980442415928,516.9010911429261,485.3379088570738,6.298534039456129,0.01743970409252424,-0.012040570197117462,0.019920806629383225,-0.00022008363178005474,0
2026-05-20,493.5,499.7,490.8,498.04,3613218,500.5135,501.560738617078,500.1222802963131,47.941011093567326,-2.3858930986662585,-2.5460024002187733,0.1601093015525148,515.7824295958321,485.24457040416786,6.101305797279047,0.01744508612087412,-0.0033219931959175275,0.007770133549170444,0.0150823414315997,1
2026-05-21,496.0,501.38,490.07,499.62,2474914,500.37549999999993,501.490523439852,500.07444407761665,48.97457188139387,-2.1361574901571316,-2.464033418206445,0.32787592804931354,515.6243340210809,485.12666597891894,6.094956296253913,0.017139898605354028,0.003172435948919805,-0.01219873860693177,0.019757521329142325,0
2026-05-22,499.11,504.26,497.32,498.54,1959481,500.09400000000005,501.53227749980005,499.92830654641506,48.269130194183205,-2.002305859670969,-2.37168790649935,0.36938204682838105,515.2598872474535,484.9281127525465,6.065214638629348,0.017122676417688037,-0.002161642848564904,-0.002321392835701319,0.008781869688385235,0
2026-05-26,496.0,496.8499,492.06,493.01,1948492,499.42300000000006,501.44985501546,499.26942020866124,44.717300685306036,-2.3157576493508714,-2.3605018550696544,0.044744205718783014,514.5956992984923,484.2503007015078,6.076091529021383,0.017241655619980194,-0.0110923897781523,-0.010099590394345936,-0.025267403467842398,1
2026-05-27,493.01,499.35,492.51,495.04,2835127,498.794,501.19819505986595,498.8666182840268,46.27999584055995,-2.3730118133524343,-2.3630038467262104,-0.01000796662622383,513.5937370247738,483.9942629752262,5.934208119894697,0.01726532840941576,0.00411756353826509,-0.00916696689484009,-0.009325595357214223,0
2026-05-28,493.34,494.58,486.35,493.75,3924792,497.21999999999997,500.959068876376,498.3793213045957,45.40171057497558,-2.4937321775889814,-2.3891495128987645,-0.10458266469021682,505.84776216654365,488.5922378334563,3.470400292242338,0.015069210173552576,-0.0026058500323206113,-0.009608055522124626,-0.00861376596257335,1
2026-05-29,494.5,500.11,492.835,493.98,5693541,496.773,501.08611801205205,497.96033832320563,45.599938341052415,-2.5415474808787053,-2.419629106494753,-0.12191837438395225,505.09409151508606,488.451908484914,3.3500578795892846,0.011863163267710253,0.00046582278481022144,0.0019675057301069554,-0.011288579320283376,1
2026-06-01,494.25,497.13,488.65,495.25,4653369,496.7625,501.185259245896,497.7022108638527,46.74959700739191,-2.4487355677195524,-2.425450398739713,-0.023285168979839455,505.0907191975498,488.4342808024502,3.3529983432927404,0.011411618039079396,0.002570954289647265,0.00042420814479626756,-0.006599269868014623,0
2026-06-02,493.06,493.99,477.68,477.68,5028338,495.4094999999999,500.829579157084,495.7953336387239,35.55471635935275,-3.749709304501266,-2.690302179892024,-1.0594071246092422,506.46106364513275,484.3579363548671,4.461587290971543,0.013057661659782498,-0.03547703180212014,-0.032546835443037936,-0.031094703961380032,0
2026-06-03,477.35,481.96,464.52,471.55,5227179,494.133,500.2702391126779,493.48625424455975,32.61979654281198,-5.21526184124474,-3.195294112162567,-2.0199677290821727,509.26297964315904,479.0030203568409,6.1238491026339315,0.012949605359496855,-0.012832858817618531,-0.04540669662739383,-0.047450711053652284,1
2026-06-04,479.56,488.55,477.455,481.76,4020605,493.6265,499.9440490524141,492.36946812603026,41.309706118514036,-5.489580645345825,-3.654151418799219,-1.835429226546606,509.673372935323,477.579627064677,6.5016253930139465,0.013875951503166306,0.021651998727600485,-0.027238768298838978,-0.024283544303797533,1
2026-06-05,483.995,494.0,483.995,491.08,4230676,493.1335,499.727791103004,492.24666163783695,47.91335775245636,-4.898467678241559,-3.9030146706876874,-0.9954530075538717,508.8538502188214,477.4131497811787,6.375697541871056,0.013946901807406804,0.0193457323148456,0.028052252554011003,-0.005870683023604273,0
2026-06-08,486.76,489.52,483.7001,485.67,3091901,492.64300000000003,499.44346382126605,491.6203129104239,44.764739775026925,-4.811088941299545,-4.084629524810059,-0.7264594164894858,508.6494550729508,476.6365449270493,6.498196492369019,0.013951341350640129,-0.011016534984116588,0.02994380235393912,-0.019343765774861188,1
2026-06-09,483.89,495.4199,482.0,495.24,3309993,492.51450000000006,499.680167048608,491.96504501419304,50.91019459539397,-3.9243837890937243,-4.052580377666793,0.12819658857306848,508.3937272797637,476.6352727202364,6.448227323160497,0.014654384633524007,0.01970473778491577,0.02798073729657924,0.03676101155585321,0
2026-06-10,497.47,498.8,486.5,489.08,3239939,491.97799999999995,499.59880693442204,491.69027882236514,47.264921856174595,-3.676345464270412,-3.9773333949875167,0.30098793071710483,507.55724337066414,476.39875662933576,6.333308957174584,0.01486810998368002,-0.012438413698408923,-0.004072656186364765,0.03717527303573309,0
2026-06-11,488.66,491.47,484.39,486.51,3801048,491.7715,499.353042054556,491.19691893452085,45.79176251146987,-3.6451320136051777,-3.9108931187110487,0.26576110510587103,507.5247222418901,476.0182777581099,6.406724359541012,0.01434210732820885,-0.0052547640467817125,0.001729569460744873,0.009859681169046786,1
2026-06-12,488.88,492.37,484.54,489.98,3984503,491.77349999999996,499.336600880184,491.0810218931379,48.14197840985936,-3.3023279481141117,-3.7891800845916617,0.48685213647755,507.52580176838865,476.02119823161127,6.406323955393567,0.014434890142307043,0.007132433043514075,-0.010621112995719217,-0.0022399609025005596,1
2026-06-15,490.5,493.545,486.66,490.64,3888505,491.5955,499.2976214495279,491.03901980807717,48.598454249626535,-2.943466324745202,-3.62003733262237,0.6765710078771678,507.3145222024902,475.87647779750984,6.3951041872800625,0.014297563847213883,0.0013469937548471478,0.003189662222949252,0.010233285976074313,1
2026-06-16,491.86,501.5,489.51,501.33,4005975,491.37249999999995,499.311520038062,492.01911315968886,55.44015366109012,-1.7759996246726928,-3.2512297910324346,1.4752301663597418,506.390624883033,476.3543751169669,6.11272502349361,0.014156422765251631,0.021787868905918772,0.030461861010051106,0.012297068088199525,0
2026-06-17,502.93,504.635,492.4001,492.99,2927087,491.037,499.222907556894,492.1115785730518,49.863847331725246,-1.5063775704886098,-2.90225934692367,1.3958817764350604,505.58855125759356,476.4854487424064,5.926865493880741,0.014391531221624612,-0.016635748907904868,0.006143107881954268,0.007994602110084292,0
2026-06-18,494.77,495.99,488.91,489.79,6675004,490.6245,498.8938,491.8904758518088,47.87412858858411,-1.5332391796550269,-2.6284553134699413,1.0952161338149144,504.82202157957045,476.4269784204296,5.78753061845482,0.014440705173381124,-0.006491003874317891,-0.0017324311103863455,0.006741896363898103,0
2026-06-22,488.16,495.66,483.14,484.09,3955641,489.84800000000007,498.50419999999997,491.14757338973175,44.47017007835708,-1.9915126434788704,-2.501066779471727,0.5095541359928566,503.6868563112116,476.0091436887885,5.650265515511563,0.014608511556889428,-0.011637640621490974,-0.03438852651945823,-0.012020898812196479,1
2026-06-23,488.83,491.56,484.42,488.07,3936412,489.3245,498.2924,490.8544711621382,47.28843728676621,-2.010370626321105,-2.402927548841603,0.3925569225204977,502.5887308108067,476.0602691891933,5.421445609531785,0.014766509621050895,0.008221611683777885,-0.009979918456763825,-0.005238056416109527,1
2026-06-24,488.08,498.44,486.22,494.41,3609736,489.3945,498.00899999999996,491.19309295622026,51.51022920897678,-1.4964802068804488,-2.221638080449372,0.7251578735689233,502.7502515326676,476.03874846733237,5.458071773453779,0.014877979167921083,0.01298993996762765,0.009432613977419013,-0.013803283266511035,0
2026-06-25,496.0,504.8,488.65,488.92,3722938,489.0885,497.5242,490.9766079127707,47.93034286619811,-1.5147543203456735,-2.0802613284286324,0.565507008082959,502.1908757770242,475.98612422297583,5.357875221774455,0.015057821989325438,-0.011104144333650257,0.009977483525790642,-0.008255745552648075,1
2026-06-26,488.58,504.36,488.58,499.02,9200995,489.35200000000003,497.10540000000003,491.74264525441157,54.232212148429845,-0.7061114825153822,-1.8054313592459825,1.0993198767306003,503.0185849429312,475.68541505706884,5.58558458652716,0.01576942574078096,0.020657776323324883,0.022435306410965694,0.018844811041466736,1
2026-06-29,502.5,515.45,502.5,509.64,4812041,490.13499999999993,496.9274,493.44715523018186,59.7485854311041,0.7826669400868695,-1.2878116993794122,2.0704786394662817,506.3325337629641,473.9374662370358,6.609417308686039,0.016429778937288617,0.021281712155825527,0.03080439311502592,0.05277944183932748,1
2026-06-30,511.9,514.0,507.14,513.6,4696308,491.05249999999995,496.7734,495.36647377968836,61.60683072240672,2.256066935685965,-0.5790359723663367,2.835102908052302,510.12817757649447,471.97682242350544,7.7693027024582975,0.01648548681881482,0.007770190722863335,0.0504786059068969,0.05230807056364872,1
2026-07-01,517.25,530.41,513.42,522.44,4413147,493.29050000000007,496.8892000000001,497.94490484828947,65.4422203312419,4.089915172287192,0.35475425656436904,3.735160915722823,515.765312101604,470.8156878983961,9.112201472196983,0.014247759451121587,0.017211838006230495,0.04693198669392018,0.05669383709876419,1
2026-07-02,529.73,539.63,526.07,539.39,3900716,496.6825,497.45,501.89205676750004,71.35178186704374,6.832218888458556,1.6502471829432066,5.181971705515349,524.7822764226416,468.5827235773584,11.314985497834778,0.014915992720965518,0.03244391700482341,0.05837453889019706,0.10322752188497097,0
2026-07-06,540.74,541.89,522.68,533.1,3577963,499.2495,497.9088,504.86424183726194,66.7875217899037,8.401121014935256,3.0004219493416167,5.40069906559364,530.6174795173753,467.8815204826247,12.566053453183343,0.015035442304196407,-0.011661321122008128,0.03796728971962615,0.06829385595767712,0
2026-07-07,533.84,543.645,530.0,531.62,3516620,501.27649999999994,498.49359999999996,507.41240928133226,65.72221787266741,9.416515888785227,4.283640737230339,5.132875151554888,535.3900886561719,467.16291134382806,13.61068737759377,0.014749687599456515,-0.002776214593884885,0.017571395758364527,0.04312848285063975,0
2026-07-08,531.11,531.62,517.21,519.86,2724198,502.986,498.8074,508.59789411168157,57.82899877492255,9.16662280261312,5.260237150306896,3.9063856523062235,537.2263869137386,468.7456130862614,13.614846899809766,0.015535804340617805,-0.02212106391783608,-0.03620756780807943,0.012188473520249099,0
