Date,Close,High,Low,Open,Volume,SMA_20,SMA_50,EMA_20,RSI_14,MACD,MACD_signal,MACD_diff,BB_upper,BB_lower,BB_width,Volatility_20,Return_1d,Return_3d,Return_5d,Target
2019-03-14,35.88199996948242,36.38399887084961,35.810001373291016,36.04999923706055,52714000,35.83619976043701,34.31656009674072,35.52715131482429,55.47078385072443,0.4315982544530357,0.5727040353203711,-0.14110578086733538,36.65097332304303,35.02142619783099,4.547209626314936,0.013213081640013538,-0.006616605957416644,-0.00011150914715163385,0.01764043328298648,1
2019-03-15,36.14599990844727,36.400001525878906,35.888999938964844,36.10200119018555,84445000,35.84814968109131,34.50416007995605,35.58608927612171,57.36166000838586,0.4343766387028509,0.545038555996867,-0.11066191729401609,36.673666128604566,35.02263323357805,4.605629327355163,0.012482481865699774,0.007357447722796451,0.014567631938826375,0.03392450958333626,1
2019-03-18,36.34400177001953,37.09700012207031,36.18600082397461,36.24700164794922,71947000,35.88099975585938,34.688640098571774,35.658271418397696,58.77557334229226,0.44739829465131464,0.5255105037277565,-0.0781122090764419,36.7301999254578,35.03179958626095,4.73342535256282,0.012432461020011018,0.005477836055822749,0.006173788030144678,0.01276264177819364,0
2019-03-19,35.87799835205078,36.69599914550781,35.68000030517578,36.63999938964844,75414000,35.86529960632324,34.81106006622314,35.67919779303133,54.21861137159162,0.4153278288510265,0.5034739687524106,-0.08814613990138409,36.70244496618407,35.028154246462414,4.66827473379441,0.012392092631446321,-0.012822017259342067,-0.00011152158282823343,0.007045203312759485,1
2019-03-20,37.52199935913086,37.59000015258789,35.70100021362305,35.89099884033203,109172000,35.94184951782226,34.930820045471194,35.854702704088425,64.63560545857607,0.5166136943432136,0.5061019138705712,0.01051178047264234,37.04780767135106,34.83589136429347,6.154152712594223,0.016045719589526667,0.04582198234551482,0.038067820897714766,0.03878633037005441,1
2019-03-21,37.7869987487793,37.900001525878906,37.06100082397461,37.400001525878906,85440000,36.04634952545166,35.04602001190185,36.03873089882089,65.97937032362432,0.6112209340672408,0.5271257179099051,0.08409521615733562,37.405903560094714,34.686795490808606,7.543365985968138,0.015888078401537806,0.007062507173780208,0.039703855065022164,0.05309065216312003,0
2019-03-22,36.10100173950195,37.64300155639648,36.00400161743164,37.595001220703125,86613000,36.03629970550537,35.128120040893556,36.04466145507622,52.350135501331295,0.5438824466828365,0.5304770636644914,0.01340538301834504,37.39110939982675,34.68149001118399,7.519138787240156,0.018744300785708847,-0.04461844192724651,0.006215602812145837,-0.0012449003778922663,1
2019-03-25,36.62300109863281,36.70399856567383,35.74399948120117,35.900001525878906,84738000,36.04789981842041,35.21126007080078,36.09974142112924,55.420542451986265,0.5265672564783443,0.529695102227262,-0.003127845748917668,37.41853925570464,34.677260381136186,7.604545308816195,0.01902096370482565,0.014459414807863391,-0.0239592312737269,0.007676626541533782,0
2019-03-26,35.99700164794922,36.8380012512207,35.801998138427734,36.7869987487793,76665000,36.02289981842041,35.256020126342776,36.089956680826376,51.162819434173855,0.4570631796940461,0.5151687177206188,-0.0581055380265727,37.378013135133465,34.66778650170736,7.523621493792737,0.019408906992090812,-0.017093068069371387,-0.047370713740209514,0.003316887824418968,0
2019-03-27,35.33700180053711,36.24700164794922,35.0369987487793,36.09999847412109,78524000,35.9753999710083,35.29688018798828,36.01824669222739,47.057994722526466,0.3447501609988919,0.4810850063762734,-0.1363348453773815,37.35650414097531,34.59429580104129,7.678047616315639,0.01978795614201861,-0.01833485616015773,-0.021162845964156962,-0.05823243952649437,1
2019-03-28,35.46099853515625,35.59400177001953,34.91999816894531,35.44900131225586,43610000,35.957949829101565,35.29682014465332,35.965175439172995,47.90365991919924,0.2627183313241659,0.4374116713658519,-0.17469334004168602,37.3556912668167,34.56020839138643,7.774311073674786,0.019605740546566303,0.003508977227865806,-0.031728764126868425,-0.06155556912807714,1
2019-03-29,35.65599822998047,35.82500076293945,35.37099838256836,35.715999603271484,47056000,35.95414981842041,35.30716011047363,35.93572999067847,49.275871349460424,0.21100996941314776,0.3921313309753111,-0.18112136156216335,37.35473809279012,34.5535615440507,7.7909686722846425,0.019642299463116387,0.00549899052140046,-0.009473106157667388,-0.012326624971033984,1
2019-04-01,36.69599914550781,36.83300018310547,35.85100173950195,35.900001525878906,70361000,36.03374977111817,35.33470008850097,36.00813657685269,55.941325151829226,0.2510560840330527,0.36391628158685946,-0.11286019755380677,37.412814699838115,34.65468484239822,7.654295972412502,0.020204245212660312,0.029167628650286437,0.03845819610395029,0.001993229519295925,1
2019-04-02,36.77199935913086,36.84199905395508,36.22200012207031,36.625,51587000,36.10084972381592,35.39194007873535,36.08088541326014,56.39229153362362,0.2856329021691906,0.3482596057033257,-0.06262670353413513,37.48645799108782,34.71524145654402,7.676319410054247,0.02013938015262204,0.002071076286046525,0.03697021736922812,0.02152950733955894,1
2019-04-03,36.97499847412109,37.34099960327149,36.61899948120117,36.92599868774414,53689000,36.15154972076416,35.481120071411134,36.166039038104046,57.63949659442736,0.32566158763496134,0.34374000208965283,-0.018078414454691494,37.58631236598048,34.716787075547835,7.937489022177369,0.01992954444234732,0.005520480760582425,0.03699238023384144,0.046353583782511976,0
2019-04-04,36.78799819946289,37.20500183105469,36.2400016784668,37.00699996948242,46273000,36.227949714660646,35.572900009155276,36.22527324394774,56.049204730965016,0.3383944493503961,0.3426708915418015,-0.0042764421914054385,37.626962425665106,34.828937003656186,7.723388831128417,0.01938000141260514,-0.005057478901292711,0.0025070595186762468,0.03742138459499511,0
2019-04-05,36.54899978637695,36.97999954223633,36.46599960327149,36.900001525878906,39055000,36.30739974975586,35.65054000854492,36.25610434322672,53.99862429474654,0.3254485906835569,0.3392264313701526,-0.01377784068659571,37.584530206223214,35.030269293288505,7.035097337015669,0.019326093056281222,-0.006496640882444837,-0.006064385310572851,0.02504491812672427,0
2019-04-08,36.14099884033203,36.59400177001953,35.99300003051758,36.51100158691406,46538000,36.32014961242676,35.697259979248045,36.24514191437961,50.595556742687556,0.27904992405856177,0.32719112990783444,-0.04814120584927267,37.5852324306826,35.05506679417092,6.9662863823831795,0.018679421785523957,-0.011163122067077702,-0.022555771959606008,-0.015124272893485835,1
2019-04-09,36.47100067138672,36.67399978637695,35.900001525878906,36.05400085449219,54392000,36.36234970092774,35.755359954833985,36.26665227218981,53.1664543256916,0.2658425686495036,0.31492141765616827,-0.04907884900666465,37.58781727451652,35.13688212733896,6.740310148645394,0.01868073232892029,0.009130954916675371,-0.008616873534608382,-0.008185540438105154,0
2019-04-10,36.391998291015625,36.8849983215332,36.22499847412109,36.57899856567383,45456000,36.375899696350096,35.82539993286133,36.27858998826846,52.46260911052651,0.24616319639173412,0.30116977340328144,-0.05500657701154732,37.596375865891254,35.15542352680894,6.710355920975989,0.01845745483890536,-0.002166169803864859,-0.004295644101862561,-0.01576741601527054,1
2019-04-11,36.76499938964844,37.012001037597656,36.08100128173828,36.5,65269000,36.4200496673584,35.8793798828125,36.32491469316179,55.46065261794476,0.2576946795976127,0.29247475464214767,-0.03478007504453495,37.62970148787648,35.210397846840316,6.642779631364632,0.01849873899826143,0.010249536055976893,0.017265725058490666,-0.0006251715488773124,0
2019-04-12,35.11399841308594,36.17499923706055,34.93600082397461,36.06900024414063,156462000,36.36844959259033,35.90265983581543,36.20958933315457,42.64155339191179,0.13208884432546597,0.26039757257881135,-0.12830872825334538,37.70214392702529,35.03475525815537,7.334348037243164,0.021116094408941088,-0.04490686805307975,-0.03720770566532372,-0.039262397922744,0
2019-04-15,34.887001037597656,35.22100067138672,34.22700119018555,35.07099914550781,88423000,36.29559955596924,35.92069984436035,36.083628543101526,41.23048153653902,0.014066375405768383,0.21113133314420277,-0.19706495773843438,37.77760174603963,34.81359736589885,8.166291276082015,0.021085125125444592,-0.0064645835207329805,-0.04135516938044914,-0.03469737536238093,1
2019-04-16,35.94599914550781,36.448001861572266,35.27199935913086,35.5,187402000,36.29899959564209,35.936939849853516,36.070520981425936,49.608353068067316,0.00591681006942224,0.17008842852924666,-0.16417161845982442,37.777461697486586,34.82053749379759,8.146021203416293,0.022087203875865036,0.030355091478596163,-0.022276628797421427,-0.014395040339290621,0
2019-04-17,35.4739990234375,36.8759994506836,35.060001373291016,36.505001068115234,180541000,36.19659957885742,35.9347998046875,36.01370936637942,46.43130309072313,-0.038188036442655005,0.12843313553486635,-0.16662117197752135,37.604039324412916,34.78915983330193,7.776640689627564,0.019475526465691312,-0.013130811030169887,0.01025233885689869,-0.02522530530577538,1
2019-04-18,36.03499984741211,36.04100036621094,35.16400146484375,35.5,83532000,36.10899963378906,35.95111976623535,36.01573703123968,50.489841199362985,-0.027555721837991598,0.09723536406029476,-0.12479108589828636,37.3129683321232,34.905030935454924,6.668524249049098,0.019800159694812774,0.015814422941263562,0.032906205052628534,-0.019855829031833694,1
2019-04-22,37.73400115966797,37.76900100708008,35.900001525878906,35.970001220703125,119805000,36.190649604797365,36.016379776000974,36.17938123394713,60.299781089328384,0.11662133271129704,0.10111255779049523,0.015508774920801813,37.58742695071364,34.79387225888109,7.71899571391569,0.020079608474531246,0.04714864213820369,0.0497413357999148,0.07461419561964888,1
2019-04-23,38.18899917602539,38.47999954223633,37.47100067138672,37.54499816894531,100898000,36.26894950866699,36.085019760131836,36.370773418906964,62.44578817177611,0.26454768350393465,0.13379958293318311,0.13074810057075154,37.90838785554132,34.629511161792664,9.040451234919617,0.020010799106835064,0.01205803790677118,0.07653493339710882,0.0946483802052569,0
2019-04-24,37.42300033569336,38.18999862670898,37.32699966430664,38.10699844360352,65419000,36.3402494430542,36.142019729614255,36.470985506219954,56.872121755558844,0.3163242880756272,0.17030452396167195,0.14601976411395523,38.04875724377089,34.6317416423375,9.402840249591335,0.0201722551597671,-0.02005810198903868,0.03851812110888431,0.04108944598275621,0
2019-04-25,36.83300018310547,37.47600173950195,36.56999969482422,37.44900131225586,62555000,36.415049362182614,36.15873970031738,36.505463094494765,52.9517535103549,0.30621962947862613,0.19748754506506278,0.10873208441356336,38.07151496261757,34.75858376174766,9.097697954270584,0.020042791638323475,-0.01576570951808909,-0.023877695152178413,0.03830978172971378,1
2019-04-26,37.48500061035156,37.51399993896485,36.624000549316406,36.834999084472656,56219000,36.51624946594238,36.20489974975586,36.59875238171922,56.51880473081249,0.34682462187406315,0.22735496042686287,0.11946966144720028,38.17451029584885,34.85798863603591,9.082317347257023,0.020338197913183868,0.017701529172341246,-0.018434590611523305,0.04023867820395144,0
2019-04-29,37.18299865722656,37.45800018310547,36.9119987487793,37.36800003051758,38217000,36.59259948730469,36.230419692993166,36.654394884148495,54.45920075320836,0.350593908864802,0.2520027501144507,0.0985911587503513,38.22582211021157,34.95937686439781,8.926518726681348,0.02047508252776857,-0.008056607928708437,-0.006413213166072351,-0.014602281377739113,0
2019-04-30,37.05400085449219,37.45000076293945,36.834999084472656,36.95600128173828,38701000,36.61049957275391,36.257759704589844,36.6924525956098,53.56135943206269,0.33926125875207447,0.2694544518419755,0.069806806910099,38.25566656433976,34.965332581168056,8.987405311509114,0.019498108952820614,-0.003469268412791271,0.006000072497164943,-0.029720556862504632,1
2019-05-01,37.88100051879883,38.5989990234375,37.31700134277344,37.400001525878906,92573000,36.6659496307373,36.291539688110355,36.805647635913516,58.30704251132979,0.39248765984773826,0.29406109344312803,0.09842656640461023,38.40143045433128,34.93046880714332,9.466444159074046,0.020091540260340216,0.0223187684254178,0.010564223075880452,0.012238467760390614,1
2019-05-02,37.90599822998047,38.34999847412109,37.45100021362305,37.79999923706055,53982000,36.71249961853027,36.329839630126955,36.910442930586555,58.44527789203899,0.431710581713844,0.32159099109727124,0.11011959061657278,38.52679506078491,34.898204176275634,9.88380230769627,0.02007200385653929,0.0006599010279371154,0.01944435895068386,0.0291314321814915,1
2019-05-03,38.50299835205078,38.50299835205078,37.82699966430664,38.15299987792969,51303000,36.79824962615967,36.38595962524414,37.062114875487914,61.710377619178544,0.5051449538058463,0.3583017836389863,0.14684317016686005,38.773671817073634,34.8228274352457,10.736500844375223,0.02025615449310807,0.015749489525331617,0.03910502143206296,0.027157468990892664,0
2019-05-06,37.867000579833984,38.1349983215332,37.59999847412109,37.76900100708008,57931000,36.86414966583252,36.41725967407226,37.13877065685421,56.60749193322322,0.5061875033443215,0.3878789275800534,0.11830857576426812,38.88922798409811,34.83907134756693,10.986708423346778,0.020610625742183124,-0.01651813623452314,-0.00036957680032490003,0.018395555692345633,0
2019-05-07,37.04600143432617,37.99100112915039,36.58100128173828,37.70000076293945,69749000,36.909399795532224,36.43035972595215,37.129935492803924,50.771081270378424,0.43574298777590315,0.39745173961922337,0.03829124815667978,38.90809349092792,34.91070610013653,10.830269288950237,0.021092049940718366,-0.02168112427539437,-0.022687617680890226,-0.00021588546395912012,0
2019-05-08,36.4370002746582,36.900001525878906,36.13600158691406,36.79199981689453,65720000,36.907699775695804,36.42915969848633,37.063941662504334,46.90762935280255,0.3270043946046215,0.383362270616303,-0.05635787601168152,38.907939369044264,34.90746018234734,10.83914524884937,0.02137493296065067,-0.01643905242371657,-0.053658108869917065,-0.038119379751440974,0
2019-05-09,36.275001525878906,36.41999816894531,35.275001525878906,36.09000015258789,58826000,36.90184993743897,36.42891975402832,36.98880450663525,45.9069030416442,0.22516081720763026,0.3517219799345685,-0.12656116272693824,38.908761335376674,34.89493853950126,10.877023245935343,0.02139411753666283,-0.004445995761401034,-0.04204185780700298,-0.04302740411177408,0
2019-05-10,36.104000091552734,36.5260009765625,35.305999755859375,36.1619987487793,56571000,36.86879997253418,36.43479972839356,36.904537419484534,44.81993730463277,0.1291617653155086,0.30720993701075655,-0.17804817169524795,38.905191737220306,34.83240820784805,11.046694040506674,0.021280217365805387,-0.004714029693539179,-0.025427881722765222,-0.06230679072218981,0
2019-05-13,34.5260009765625,35.42599868774414,34.310001373291016,35.229000091552734,80267000,36.839400100708005,36.410679779052735,36.67801013920625,36.282512395038616,-0.07340336730933927,0.2310872761467374,-0.3044906434560767,38.99005342793782,34.68874677347819,11.675832512747599,0.021150305909698595,-0.043707043845245264,-0.05244666914649376,-0.08822984530363698,1
2019-05-14,34.56100082397461,34.994998931884766,34.25,34.87099838256836,53530000,36.823100090026855,36.39981979370117,36.47639020442229,36.57110611032803,-0.228479727067338,0.13917387550392232,-0.36765360257126034,39.03671595666878,34.60948422338493,12.022973955098678,0.021107830813805014,0.0010137243359249482,-0.04725018965696015,-0.06707878081678753,1
2019-05-15,35.499000549316406,35.650001525878906,34.138999938964844,34.33399963378906,63401000,36.800750160217284,36.40119979858398,36.38330547536459,43.90408905124478,-0.2725483530377346,0.05682942979559094,-0.3293777828333255,39.057935095699,34.543565224735566,12.26705937055491,0.020873381028003894,0.02714040979655641,-0.016757133301079308,-0.0257430556377104,1
2019-05-16,35.930999755859375,36.400001525878906,35.39400100708008,35.637001037597656,64415000,36.82360019683838,36.400599822998046,36.340228740173615,46.94619936876982,-0.2695076149935929,-0.008437979162245826,-0.26106963583134707,39.03539466596477,34.61180572771198,12.012918113945293,0.020829048854702655,0.012169334343450577,0.04069393325484283,-0.009483163488611224,0
2019-05-17,35.44499969482422,35.96200180053711,35.37900161743164,35.638999938964844,47254000,36.79410018920898,36.404299850463865,36.254968831092725,44.05188119643024,-0.3028231941584636,-0.06731502216148938,-0.2355081719969742,39.06220149613186,34.5259988822861,12.328614072688051,0.02075241222487777,-0.01352592647956874,0.025577930319552244,-0.01825283611393247,0
2019-05-20,34.81100082397461,35.242000579833984,34.540000915527344,35.12300109863281,46215000,36.647950172424316,36.401319885253905,36.11744806851004,40.54054614638799,-0.3760495755758342,-0.12906193284435835,-0.24698764273147583,39.02885295928171,34.267047385566926,12.993374939965383,0.01775160748551403,-0.01788683527460122,-0.019380819591977128,0.008254644017579027,1
2019-05-21,35.426998138427734,35.643001556396484,34.99300003051758,35.095001220703125,40264000,36.509850120544435,36.39213981628418,36.05169093231173,45.11789089319539,-0.379995819971235,-0.17924871026973369,-0.2007471097015013,38.83699213398334,34.18270810710553,12.748022825376633,0.018059961763221194,0.017695478437060208,-0.014026929972897562,0.025057067035292313,1
2019-05-22,35.972999572753906,37.04600143432617,35.72999954223633,35.80099868774414,62294000,36.43735008239746,36.399059829711916,36.04419651711575,48.87477330425322,-0.3352015002211459,-0.21043926826001613,-0.12476223196112979,38.73635812232131,34.1383420424736,12.618963973642442,0.018099319540058903,0.015412015214857355,0.0148963149238448,0.013352461086305834,0
2019-05-23,35.22100067138672,35.742000579833984,34.77000045776367,35.54999923706055,56304000,36.356750106811525,36.38105987548828,35.9657969127606,44.36979845169592,-0.3562747916915754,-0.239606372946328,-0.11666841874524739,38.70707900313048,34.00642121049257,12.929257369891356,0.018342594257145624,-0.02090453702217132,0.011777881638201482,-0.019760070393167295,1
2019-05-24,35.43899917602539,35.944000244140625,35.37900161743164,35.54100036621094,38310000,36.25445003509522,36.372199859619144,35.9156256997382,45.92583024688569,-0.351334899548327,-0.2619520782667278,-0.08938282128159919,38.57738959879965,33.93151047139079,12.814645161936076,0.017863726859902354,0.006189446650667563,0.0003387540076289497,-0.00016929098181661661,1
2019-05-28,35.50600051879883,36.119998931884766,35.3650016784668,35.43899917602539,47171000,36.17060012817383,36.35939987182617,35.87661377774398,46.42186273205127,-0.3381159607014723,-0.2771848547536767,-0.060931105947795605,38.474405635593435,33.86679462075423,12.738552853731253,0.017843737476174102,0.0018906104667528734,-0.012981932546675456,0.019964944367401483,0
2019-05-29,34.91899871826172,35.3849983215332,34.59000015258789,35.36000061035156,56589000,36.063850021362306,36.33089981079102,35.78541234350757,42.72414112899188,-0.370732423349196,-0.2958943684727806,-0.07483805487641537,38.39175880909576,33.73594123362885,12.909929396636945,0.018131237922740878,-0.01653246752549098,-0.008574485317515257,-0.014339330083261825,1
2019-05-30,35.185001373291016,35.42100143432617,34.83000183105469,35.05500030517578,40080000,35.929050064086915,36.31703987121582,35.72823034634409,44.86728938020107,-0.37084217603838,-0.31088392998590053,-0.05995824605247946,38.12917347272959,33.72892665544424,12.247044687896274,0.017339783124300703,0.007617705684389575,-0.007167183290723522,-0.021905268085003482,0
2019-05-31,34.327999114990234,34.93399810791016,34.29199981689453,34.72200012207031,50234000,35.7501501083374,36.25315986633301,35.594874990977054,39.711684862424505,-0.43506689546229893,-0.3357205230811802,-0.09934637238111871,37.85811838484999,33.642181831824814,11.79278000301868,0.017913635282129147,-0.024357033532797723,-0.03317753018070546,-0.025354235807444003,0
2019-06-03,33.66299819946289,34.76599884033203,33.26499938964844,34.35599899291992,78496000,35.50815010070801,36.17067985534668,35.410886725118566,36.23253275392753,-0.5334758866147098,-0.37527159578788616,-0.15820429082682363,37.39623912603851,33.62006107537751,10.634679756481338,0.017510953392214215,-0.019371968441847076,-0.03596897290591472,-0.05011430959833574,1
2019-06-04,35.34000015258789,35.36100006103516,34.32500076293945,34.5,78916000,35.3818000793457,36.155459823608396,35.40413562297279,48.488675912630576,-0.4707195171929257,-0.3943611800688941,-0.07635833712403162,36.92900485584313,33.83459530284827,8.745766315041834,0.02137834249266883,0.0498173675199185,0.004405251477822336,-0.004675276397944295,1
2019-06-05,35.573001861572266,35.78799819946289,34.87099838256836,35.4379997253418,50201000,35.308150100708005,36.13445983886719,35.42021812188702,49.92864839691322,-0.3976000655937,-0.3950089571738553,-0.0025911084198446677,36.65927694054381,33.9570232608722,7.653342562451121,0.02102601372820543,0.006593143972222437,0.03626785069562555,0.01872914938332748,1
2019-06-06,35.7130012512207,35.82099914550781,35.20899963378906,35.48400115966797,37100000,35.27195014953613,36.128779830932615,35.448102229442604,50.818273380141676,-0.3246136486070412,-0.3809298954604925,0.05631624685345127,36.53615833620245,34.007741962869815,7.16834868107196,0.020772343127833808,0.003935551747733523,0.060897815447422676,0.01500639071540566,1
2019-06-07,36.08700180053711,36.51499938964844,35.569000244140625,35.73899841308594,47773000,35.26255016326904,36.143779830932615,35.50894980764208,53.20994731920337,-0.23389645588164143,-0.3515232075447223,0.1176267516630809,36.49928308767515,34.02581723886293,7.014427026292306,0.020901922568125054,0.010472392020080434,0.02113756776241882,0.05124104902399518,0
2019-06-10,35.20100021362305,36.709999084472656,34.92900085449219,36.3650016784668,78103000,35.21740016937256,36.138579864501956,35.47962127487837,47.33712308699807,-0.23083443482915555,-0.327385453001609,0.09655101817245343,36.39234881566024,34.04245152308488,6.672546188173747,0.0215940070117439,-0.024551820398137747,-0.010457415131756798,0.04568820653012118,0
2019-06-11,35.12699890136719,35.757999420166016,34.849998474121094,35.5,53967000,35.247450065612796,36.12799987792969,35.44603819168683,46.87179914055376,-0.23170806222065465,-0.3082499748454181,0.07654191262476345,36.380110758602875,34.11478937262272,6.426908561508092,0.019131404005794866,-0.002102250271491468,-0.016408655932648175,-0.006027200065111038,0
2019-06-12,34.555999755859375,35.36100006103516,34.323001861572266,35.18199920654297,45847000,35.24720001220703,36.08519989013672,35.36127262636993,43.332268406142475,-0.2753017697933018,-0.30166033383499485,0.026358564041693067,36.38046881934876,34.1139312050653,6.430404722924099,0.019518235578849515,-0.01625527837180496,-0.042425304632953686,-0.028589156171593966,0
2019-06-13,34.34299850463867,34.849998474121094,33.92499923706055,34.722999572753906,62093000,35.18939990997315,36.036619873046874,35.264294138586,42.05642379446407,-0.32331059468641854,-0.3059903860052796,-0.017320208681138927,36.381779947179204,33.99701987276709,6.776927371632276,0.01848993570216836,-0.006163944111748254,-0.024374355949474458,-0.038361456572771346,0
2019-06-14,33.972999572753906,34.34000015258789,33.61600112915039,34.16299819946289,50190000,35.09149990081787,35.97657989501953,35.14131370374485,39.86090809603631,-0.3867554794717023,-0.3221434046985642,-0.06461207477313813,36.34424265004886,33.83875715158688,7.1398643704129165,0.01830851225221974,-0.010773635034657558,-0.032852203851902795,-0.0585807111232981,1
2019-06-17,35.0620002746582,35.176998138427734,34.20600128173828,34.26900100708008,53582000,35.07234992980957,35.942059936523435,35.133760043831835,48.39923400307378,-0.345183689570689,-0.3267514616729892,-0.018432227897699827,36.31455729370199,33.83014256591715,7.083684819400202,0.019668557836225568,0.032054888164119166,0.014642913600351859,-0.003948749698056919,1
2019-06-18,35.71200180053711,36.150001525878906,35.375,35.55699920654297,54285000,35.11739997863769,35.92531997680664,35.188830687327574,52.714565340938464,-0.25682750807305865,-0.3127666709530031,0.05593916287994444,36.38354820828215,33.851251748993235,7.210945174840219,0.019646743270717342,0.018538632159806,0.039862660673427364,0.016653939063013823,1
2019-06-19,36.35200119018555,36.4739990234375,35.61199951171875,36.172000885009766,56672000,35.16365013122559,35.92954002380371,35.299608830456904,56.566123479761266,-0.13362168797534935,-0.27693767435747235,0.143315986382123,36.53487325645947,33.792427005991705,7.799094349515359,0.01965661970378927,0.017921128958915178,0.07002624576428573,0.05197364993098308,1
2019-06-20,36.52099990844727,37.012001037597656,36.12200164794922,36.59099960327149,58995000,35.191050148010255,35.930540008544924,35.41593179026551,57.549412770190216,-0.02208877803203535,-0.22596789509238496,0.2038791170603496,36.64525790323002,33.73684239279049,8.26464540900883,0.01940053888496563,0.0046489522647614745,0.04161199082653577,0.06341908099592475,1
2019-06-21,36.92100143432617,37.14500045776367,36.5,36.5,74484000,35.27605018615723,35.941120071411135,35.55927175636653,59.865392013021506,0.09745523356667007,-0.16128326936057397,0.25873850292724404,36.91439906635231,33.637701305962146,9.28873199549983,0.0188120714167807,0.010952644420515467,0.03385415470523645,0.08677484763331123,1
2019-06-24,37.104000091552734,37.5,37.02000045776367,37.027000427246094,48302000,35.359300231933595,35.94790008544922,35.70638874066998,60.91595336878826,0.20460265424394208,-0.08810608463967076,0.2927087388836128,37.181231753538256,33.537368710328934,10.305246481994818,0.018801452257075586,0.004956492243366473,0.020686588818945584,0.05823968401399027,0
2019-06-25,36.02999877929688,37.09999847412109,35.82899856567383,37.07500076293945,57504000,35.3855001449585,35.96622009277344,35.73720874434873,52.26857181475496,0.20054309107046464,-0.030376249497643677,0.2309193405681083,37.23004665863074,33.54095363128626,10.425437007338957,0.020072406387432837,-0.02894570153098841,-0.013444350658012083,0.008904484843383687,1
2019-06-26,36.220001220703125,36.67900085449219,36.15999984741211,36.15999984741211,36697000,35.45055027008057,35.99288009643555,35.783188980192,53.52549123730308,0.2102340201940791,0.017745804440700882,0.1924882157533782,37.31634218207091,33.58475835809023,10.526166154126116,0.01966241134676126,0.005273451230739967,-0.01898648970478123,-0.0036311610134426298,1
2019-06-27,37.00199890136719,37.084999084472656,36.31999969482422,36.31999969482422,41386000,35.54140014648438,36.01400009155273,35.89926611554202,58.38291138849883,0.2778123805553605,0.06975911966363281,0.2080532608917277,37.520152275091,33.562648017877756,11.13491376508054,0.020115050813798836,0.021590216850050137,-0.0027490618244356835,0.013170477098811917,0
2019-06-28,36.73199844360352,37.15399932861328,36.48699951171875,37.0260009765625,45927000,35.66160011291504,36.039160079956055,35.97857395630978,56.19886370633327,0.306053938275447,0.11701808338599566,0.18903585488945135,37.62290179983623,33.70029842599385,10.999515897834842,0.019249873678799094,-0.007296915458091302,0.01948375487345322,-0.005119118750309126,1
2019-07-01,37.459999084472656,37.66600036621094,37.20000076293945,37.34999847412109,49926000,35.85145015716553,36.067660064697264,36.119662063753864,60.490561827356935,0.38276684586591614,0.17016783588197976,0.21259900998393638,37.73572667625747,33.96717363807359,10.511577695360453,0.018781177157780302,0.019819249475001133,0.03423516902204726,0.009594625701851767,1
2019-07-02,37.542999267578125,37.59999847412109,37.03099822998047,37.48899841308594,36250000,35.961600112915036,36.063840026855466,36.2552179879276,60.960221323611144,0.4451286331333506,0.22515999533225395,0.21996863780109666,37.96707197922127,33.956128246608806,11.153407301172882,0.01562334274055386,0.0022157016853712186,0.014620841637583704,0.041992798766083306,1
2019-07-03,38.172000885009766,38.19900131225586,37.58399963378906,37.66899871826172,37990000,36.09155006408692,36.06350006103516,36.43776874003066,64.41272669335078,0.539091659498304,0.28794632816546395,0.25114533133284,38.305447541788524,33.87765258638531,12.268231615269732,0.01590409194547777,0.01675416534913987,0.039202943003962876,0.05389286577911245,0
2019-07-05,38.05500030517578,38.13999938964844,37.555999755859375,37.82899856567383,37322000,36.20865001678467,36.076140060424805,36.591790793854,63.291500225891895,0.5972325409142982,0.3498035707152308,0.2474289701990674,38.572726998439066,33.84457303513027,13.05807855613795,0.01597441021274209,-0.0030650889951102656,0.01588364215816962,0.028457959977121305,0
2019-07-08,37.61600112915039,37.82500076293945,37.5359992980957,37.81900024414063,31134000,36.28509998321533,36.0918000793457,36.6893346353108,59.13232706493867,0.6009585674015696,0.4000345700524986,0.20092399734907102,38.72613446857422,33.84406549785644,13.454748568906016,0.016210769551791984,-0.01153591308645141,0.0019444866685254247,0.02406628343143713,1
2019-07-09,37.99300003051758,38.47600173950195,37.75,37.90599822998047,69328000,36.42469997406006,36.101960067749026,36.81349324437811,61.47374768815193,0.6271032746741554,0.44544831097683,0.18165496369732537,38.92050180536898,33.928898142751144,13.703897811574608,0.01500636886679239,0.010022301415634427,-0.004689323334959972,0.01422853601365559,1
2019-07-10,38.09999847412109,38.43399810791016,36.26800155639648,38.277000427246094,58788000,36.573349952697754,36.12030006408691,36.936017551972675,62.13678666307233,0.6489760320022384,0.4861538551819118,0.16282217682032663,39.09627660930446,34.05042329609105,13.796530314394175,0.014942467415218237,0.002816267299701636,0.0011824508890934116,0.014836300173384886,0
2019-07-11,37.95000076293945,38.45399856567383,37.880001068115234,38.11000061035156,43363000,36.743050003051756,36.13822006225586,37.03258738158856,60.56322720512856,0.6467514400481988,0.5182733721551692,0.12847806789302962,39.154493474001704,34.33160653210181,13.125984210617577,0.014295850818315187,-0.003936947957714931,0.00887919033823703,-0.005815784263944468,0
2019-07-12,37.32500076293945,37.9739990234375,37.27899932861328,37.86800003051758,66369000,36.8921501159668,36.12710006713867,37.060436275050556,54.383343016355994,0.5877805894853694,0.5321748156212093,0.0556057738641601,39.0466384861563,34.7376617457773,11.679928458585785,0.014885088018156719,-0.01646903787707832,-0.017582166900259488,-0.019182749609307992,0
2019-07-15,36.65999984741211,37.36800003051758,36.22999954223633,37.29399871826172,79447000,37.026500129699706,36.102180099487306,37.022299472418325,48.69034434449795,0.4818314957603391,0.5221061516490353,-0.040274655888696165,38.72241026976363,35.33058998963578,9.160520892459932,0.015336356419871189,-0.01781650105651522,-0.03779524105984089,-0.025414750453030766,0
2019-07-16,36.5989990234375,37.13399887084961,36.492000579833984,37.00899887084961,58632000,37.10335006713867,36.06410011291504,36.98198514394396,48.19197871650153,0.38846582673266283,0.49537808666576083,-0.106912259933098,38.55840575497801,35.64829437929933,7.843257739295299,0.013863932351122111,-0.0016639613810286447,-0.03559951811177009,-0.036690995866616394,0
2019-07-17,36.24399948120117,36.650001525878906,36.17499923706055,36.625,136395000,37.129949951171874,36.03164009094238,36.911700795111315,45.286920747698964,0.28257007325073147,0.452816483982755,-0.1702464107320235,38.499213813802626,35.76068608854112,7.375522264002066,0.01355096783654344,-0.009699706322814805,-0.028961855583178542,-0.04871388627956452,0
2019-07-18,32.520999908447266,32.98500061035156,32.029998779296875,32.375999450683594,312871000,36.93839988708496,35.94114006042481,36.49353880590522,26.943409432541543,-0.10060827585936494,0.34213153201433105,-0.442739807873696,39.35822654650127,34.518573227668654,13.101957133028765,0.02634897296400579,-0.10272043996372227,-0.11290234468609861,-0.14305667313171566,0
2019-07-19,31.51000022888184,32.584999084472656,31.42300033569336,32.34000015258789,163025000,36.68784990310669,35.84260005950928,36.018916084283944,24.089852536219652,-0.48032224716897076,0.1776407761776707,-0.6579630233466415,40.07357285472846,33.302126951484915,18.456916720731968,0.02685247191248402,-0.031087595166556348,-0.1390474857330588,-0.15579371507559125,0
2019-07-22,31.062000274658203,31.45400047302246,30.58099937438965,31.200000762939453,177180000,36.39489984512329,35.738340034484864,35.546828864319586,22.930897279974374,-0.8080830786211806,-0.01950399478209955,-0.788579083839081,40.570903417958135,32.21889627228845,22.948289956041215,0.026555383741035093,-0.014217707107885169,-0.14297536918437326,-0.15270047997965497,0
2019-07-23,30.729999542236328,31.350000381469727,30.600000381469727,31.143999099731445,91711000,36.07619981765747,35.630860023498535,35.08808321459737,22.0830129468913,-1.0821512177741397,-0.2320334393805076,-0.8501177783936321,40.90842306030004,31.2439765750149,26.788981472918,0.02637569024360157,-0.010688324302563834,-0.05507211866956552,-0.16035956276953767,1
2019-07-24,31.79400062561035,31.999000549316406,30.725000381469727,31.051000595092773,119618000,35.864399909973145,35.57622001647949,34.774361063265275,30.90110045609964,-1.199667180912293,-0.4255601876868647,-0.7741069932254283,41.04493692268132,30.683862897264966,28.889578666936394,0.027649301159347873,0.03462418155625491,0.009013024267394254,-0.1227789129038841,1
2019-07-25,32.645999908447266,32.76900100708008,31.6299991607666,31.88599967956543,107985000,35.68569984436035,35.537919998168945,34.57166000090166,37.045131705164245,-1.2101009165815526,-0.5824683334658023,-0.6276325831157503,41.04821400674399,30.32318568197671,30.054134769791347,0.02851069420573942,0.02679748588010722,0.05099477238371408,0.003843670254663145,1
2019-07-26,33.577999114990234,33.599998474121094,32.75,32.87900161743164,108475000,35.51449985504151,35.49949996948242,34.47702563081486,43.01424209328247,-1.1301376569220594,-0.6920021981570538,-0.4381354587650056,40.916469146681,30.11253056340201,30.421204373923636,0.028889348533436016,0.02854864942586155,0.09267815213727948,0.06562992291611858,0
2019-07-29,33.27000045776367,33.63999938964844,32.87699890136719,33.597999572753906,57828000,35.34139995574951,35.446279983520505,34.36207085242903,41.6101439255186,-1.079179011247689,-0.7694375607751809,-0.309741450472508,40.797819374518795,29.884980536980223,30.878343391043906,0.02890218725615145,-0.009172632835321659,0.0464238473645997,0.07108364443956483,0
2019-07-30,32.59299850463867,32.96500015258789,32.323001861572266,32.91999816894531,60293000,35.09804992675781,35.3892399597168,34.193587771687085,38.625547415176754,-1.0809616639031177,-0.8317423814007683,-0.24921928250234937,40.588831800109716,29.607268053405903,31.288244701970648,0.028514597824989798,-0.02034872088398243,-0.0016235190821917156,0.06062476375379622,0
2019-07-31,32.29899978637695,33.176998138427734,31.85300064086914,32.51599884033203,62595000,34.83584995269776,35.33899993896485,34.013150820705164,37.371910120995175,-1.0934925668545716,-0.8840924184915291,-0.20940014836304255,40.335401857805955,29.33629804758956,31.574093427178184,0.02844377294982159,-0.00902030287946276,-0.03809039735313757,0.015883473322945818,0
2019-08-01,31.950000762939453,32.858001708984375,31.874000549316406,32.42499923706055,65632000,34.52474994659424,35.26945999145508,33.81666033901319,35.88306261776539,-1.1186891500468263,-0.9310117648025886,-0.18767738524423772,39.93747410383349,29.112025789354995,31.3556168581212,0.027889801001987947,-0.01080525792581044,-0.039675373509536316,-0.021319584251046964,0
2019-08-02,31.882999420166016,31.94099998474121,31.18000030517578,31.749000549316406,62803000,34.21614990234375,35.18765998840332,33.63250215626584,35.58992204229342,-1.131026304962326,-0.9710146728345361,-0.1600116321277898,39.4906055617497,28.9416942429378,30.830211315181664,0.027900516064920767,-0.002097068581330186,-0.021783791521102547,-0.050479472854221386,0
2019-08-05,30.76300048828125,31.34199905395508,30.468000411987305,31.09600067138672,86925000,33.87349987030029,35.09849998474121,33.359216283124454,31.026982090411067,-1.2171476225540232,-1.0202412627784336,-0.19690635977558957,39.11022564386208,28.636774096738506,30.91930738549552,0.028530656465067285,-0.035128405490493675,-0.047555630460840326,-0.07535316907088907,1
2019-08-06,31.01000022888184,31.1879997253418,30.530000686645508,31.058000564575195,61791000,33.52434988021851,35.00992000579834,33.13548142081563,33.065120960897914,-1.251047278140014,-1.0664024658507496,-0.18464481228926433,38.542471410279795,28.506228350157226,29.937174310558635,0.028461893761173782,0.008029117338365088,-0.02942098627891021,-0.048568660398997654,0
2019-08-07,30.429000854492188,30.5,29.68099975585937,30.256000518798828,93224000,33.14079999923706,34.908380012512204,32.87772136688007,30.762413346129676,-1.3096974167625177,-1.1150614560331034,-0.19463596072941436,37.86541921700452,28.4161807814696,28.512402946677373,0.028370807061637134,-0.0187358713350968,-0.04560419634653867,-0.057896496617628745,1
2019-08-08,31.59000015258789,31.63599967956543,30.663000106811523,31.10300064086914,59059000,32.82279996871948,34.84180004119873,32.75508125123319,39.78650491700741,-1.2481077247609775,-1.1416707097786782,-0.1064370149822993,37.03858510449374,28.607014832945215,25.688150552615603,0.030394208523855076,0.038154368053274546,0.02688293245717932,-0.011267624468076609,0
2019-08-09,30.89299964904785,31.66399955749512,30.56800079345703,31.374000549316406,53491000,32.501199913024905,34.75596000671387,32.57774014626316,36.69444623167184,-1.2412314224807908,-1.1615828523191007,-0.07964857016169002,36.24953306046394,28.75286676558587,23.065813923607685,0.030495290812180782,-0.022063960119447446,-0.003772995129649126,-0.03105102371554125,1
2019-08-12,31.08300018310547,31.28899955749512,30.323999404907227,30.54599952697754,65317000,32.22234992980957,34.69106002807617,32.43538395929576,38.10653865345145,-1.2065421809691372,-1.170574718049108,-0.03596746292002928,35.490699184031094,28.954000675588038,20.28622531467148,0.030599488896489647,0.006150277934032555,0.021492632365440745,0.01040209634122391,1
2019-08-13,31.22800064086914,31.64299964904785,30.81599998474121,30.976999282836918,52894000,31.953800010681153,34.642360076904296,32.32039507182656,39.22077092385384,-1.15404724376981,-1.1672692231932484,0.013221979423438501,34.55387025112609,29.353729770236217,16.273934490269173,0.030698385209050258,0.004664944082279465,-0.011459307058252599,0.007030003559440834,0
2019-08-14,29.910999298095703,30.840999603271484,29.801000595092773,30.801000595092773,73558000,31.637150001525878,34.533780059814454,32.09092880766172,33.348468849069846,-1.2048271323531807,-1.174780805025235,-0.030046327327945654,33.51138077519096,29.762919227860802,11.848290845254281,0.03166765650881703,-0.042173732411476705,-0.03178714796581483,-0.017023285084959094,0
2019-08-15,29.576000213623047,30.0629997253418,28.799999237060547,29.950000762939453,96292000,31.489900016784667,34.41384002685547,31.851411798705655,32.03459524178783,-1.2576052953054528,-1.1913457030812786,-0.06625959222417421,33.51954045759419,29.460259575975147,12.89073918766136,0.022790004607447466,-0.011199862670385086,-0.048483092385062654,-0.06375435040318778,1
2019-08-16,30.280000686645508,30.354999542236328,29.62700080871582,29.88599967956543,69058000,31.42840003967285,34.30518001556396,31.70175359755707,37.598582884044895,-1.2284644417043822,-1.1987694508058993,-0.02969499089848293,33.52530294737731,29.33149713196839,13.344000363095088,0.022723228895225614,0.023803099402812,-0.030357369500721543,-0.01984264944699976,1
2019-08-19,30.9379997253418,31.174999237060547,30.475000381469727,30.625,49422000,31.422200012207032,34.20219997406006,31.629015133536566,42.34910449748853,-1.1391437420160386,-1.1868443090479273,0.04770056703188863,33.524126932695886,29.320273091718178,13.378610789010878,0.02310320194628454,0.021730482951623387,0.03433520949972002,-0.004664944082279465,0
2019-08-20,29.89900016784668,30.5,29.76799964904785,30.457000732421875,73499000,31.38065004348755,34.09615997314453,31.464251803470862,37.49513983488738,-1.1390645973650564,-1.1772883667113532,0.03822376934629679,33.566831745569914,29.19446834140518,13.933310489443269,0.024204430530350353,-0.0335832816186904,0.0109210154142092,-0.042557975078402976,0
2019-08-21,29.7810001373291,30.288000106811523,29.6200008392334,30.160999298095703,56854000,31.280000019073487,33.98923999786377,31.30394212098117,36.97677815679605,-1.1354349041628105,-1.1689176742016447,0.033482770038834264,33.563959946166754,28.996040091980223,14.603324333123938,0.02269871859758151,-0.003946621286837426,-0.016479542206103148,-0.004346199184822264,0
2019-08-22,29.69300079345703,30.03300094604492,29.315000534057617,29.864999771118164,49742000,31.132350063323976,33.891980018615726,31.15051913740744,36.57073370483479,-1.1266715890093906,-1.160468457163194,0.03379686815380345,33.42577394034806,28.83892618629989,14.733381015947739,0.021589561748889582,-0.002954882088119226,-0.040241739703196444,0.003955929773766131,0
2019-08-23,29.143999099731445,29.900999069213867,29.03199958801269,29.5,63249000,30.910650062561036,33.78800003051758,30.959421990962106,34.05802089220701,-1.15076118844269,-1.1585270034190933,0.0077658149764032736,33.068810754551265,28.752489370570807,13.963864801434198,0.02032399199851737,-0.018489262757388936,-0.025251716240570543,-0.037516564106786054,1
2019-08-26,29.49799919128418,29.69499969482422,29.25,29.52400016784668,46957000,30.72204999923706,33.69850002288818,30.820238867183257,37.06094114306253,-1.1282813950720652,-1.1524778817496877,0.02419648667762253,32.67171337435181,28.77238662412231,12.692273954135015,0.020750876275106484,0.012146586003565885,-0.009502734788620959,-0.046544719983240945,0
2019-08-27,29.10300064086914,29.677000045776367,28.71999931335449,29.45400047302246,63094000,30.547550106048583,33.5793200302124,30.656692369439053,35.138127283581596,-1.1293209695860504,-1.1478464993169604,0.01852552973090993,32.41933025562976,28.675769956467402,12.254862619641345,0.020551372648450694,-0.013390689580456305,-0.019870007638901233,-0.026622948008594438,1
2019-08-28,29.177000045776367,29.28199958801269,28.774999618530277,28.94700050354004,39557000,30.391450119018554,33.448619995117184,30.51576929099499,35.81002844532226,-1.1113626099723817,-1.1405497214480447,0.029187111475662997,32.17141034373175,28.611489894305357,11.713559028888337,0.020608080144399063,0.002542672689334724,0.001132341032951345,-0.02028139044248045,1
2019-08-29,29.67799949645996,29.993000030517575,29.499000549316406,29.5,43885000,30.27785005569458,33.31513996124268,30.43598169151546,40.317727999124806,-1.0446618009900703,-1.1213721373564498,0.07671033636637947,31.930915341835703,28.624784769553454,10.919304264341058,0.021126767248159557,0.01717104054212437,0.0061021191304719835,-0.0005052132353149386,0
2019-08-30,29.375,29.893999099731445,29.084999084472656,29.87800025939941,44464000,30.15245008468628,33.17221996307373,30.334935816133036,38.55433024962251,-1.004669254627629,-1.0980315608106856,0.09336230618305663,31.674767718260256,28.630132451112303,10.097472207388718,0.02117686828718019,-0.010209566062432951,0.00934609329420466,0.007926190893640328,0
2019-09-03,28.929000854492188,29.38999938964844,28.80599975585937,29.082000732421875,36828000,30.060750102996828,33.01237995147705,30.201037248357718,36.054607692396324,-0.997465120171892,-1.0779182726829268,0.0804531525110348,31.6446145781428,28.476885627850855,10.537757505845294,0.02006818082504021,-0.015182949634308551,-0.008499818038012474,-0.01928938749717357,1
2019-09-04,29.152000427246094,29.238000869750977,28.650999069213867,29.125,46525000,29.967850112915038,32.853339958190915,30.10112897968042,38.2117520745527,-0.9626645917014507,-1.0548675364866316,0.09220294478518087,31.535987567775912,28.399712658054163,10.465465149834456,0.020059136726637502,0.007708512778424437,-0.017723535215930175,0.0016836678451686016,1
2019-09-05,29.325000762939453,29.39699935913086,28.27899932861328,28.53199958801269,89668000,29.912650108337402,32.71923999786377,30.02721200665747,39.9054374387447,-0.9106280871556116,-1.0260196466204277,0.11539155946481605,31.48966817144811,28.335632045226696,10.54415477999492,0.01979035226166378,0.005934424161563534,-0.0017021016871675565,0.005072513175819582,0
2019-09-06,29.017000198364254,29.334999084472656,28.702999114990234,29.334999084472656,51666000,29.78400011062622,32.575179977416994,29.931001358248594,37.912914736062234,-0.8840510635356011,-0.9976259300034624,0.1135748664678613,31.20474632363919,28.36325389761325,9.540331773676566,0.017496160574919654,-0.01050300278131433,0.0030419074725285267,-0.022272367050028108,1
2019-09-09,29.43400001525879,30.155000686645508,29.059999465942383,29.481000900268555,82327000,29.71105012893677,32.42381999969482,29.88366789701147,42.12621241049016,-0.8198890104794962,-0.9620785460986693,0.14218953561917302,31.04362546286139,28.37847479501215,8.970233823050043,0.017423108948377137,0.014370879623802013,0.009673421510694391,0.002008511157745918,0
2019-09-10,28.798999786376957,29.71699905395508,28.266000747680664,29.11599922180176,123202000,29.59685010910034,32.26516002655029,29.780366172189137,37.90759793752789,-0.8109314200987114,-0.9318491208986778,0.12091770079996633,30.827097327226756,28.366602890973926,8.31336587232398,0.01781631454400677,-0.021573698055060264,-0.017936946730697123,-0.004493797375481945,1
2019-09-11,28.82699966430664,29.26499938964844,28.461000442504883,28.56999969482422,74059000,29.476800060272218,32.09250003814697,29.689569361914614,38.20147283409636,-0.792438372756429,-0.9039669712702281,0.11152859851379904,30.497713225446006,28.45588689509843,6.926892763707674,0.017744525493949892,0.0009722517496224548,-0.006547904082391143,-0.01114848923491718,1
2019-09-12,28.88599967956543,29.27300071716309,28.65999984741211,28.809999465942383,50109000,29.425550079345705,31.919360046386718,29.6130389159766,38.85813707141424,-0.7642123273507337,-0.8760160424863292,0.1118037151355955,30.456986296951364,28.394113861740045,7.010480448619662,0.015303978449278584,0.0020466928902018733,-0.018617936244114675,-0.014970198532060275,1
2019-09-13,29.415000915527344,29.66200065612793,29.003999710083008,29.06100082397461,65831000,29.41750011444092,31.74422004699707,29.594178154029052,44.54764231555489,-0.6911894031259394,-0.8390507146142514,0.14786131148831205,30.446624340003332,28.388375888878507,6.996680353931367,0.015749102420439292,0.018313412789246142,0.02138967095106481,0.013716122081617765,1
2019-09-16,29.429000854492188,29.743000030517575,28.97800064086914,29.42300033569336,53074000,29.37495012283325,31.5717000579834,29.57844698264459,44.694318539826554,-0.6249841037944961,-0.7962373924503003,0.17125328865580425,30.325265686469823,28.42463455919668,6.4702446108862555,0.014711013252663758,0.0004759455559784076,0.02088324130835373,-0.0001698430646195348,1
2019-09-17,29.86000061035156,29.915000915527344,29.179000854492188,29.450000762939453,47771000,29.32105016708374,31.41658004760742,29.60526161385478,49.1533224337285,-0.5316097821552113,-0.7433118703912825,0.21170208823607128,29.99180260478236,28.65029772938512,4.575227925851153,0.014203240921057791,0.014645409064018011,0.033718789087821,0.03684158588301023,0
2019-09-18,29.1560001373291,29.604999542236328,28.7450008392334,29.499000549316406,78111000,29.28390016555786,31.239840049743652,29.562474806566616,43.048085098481835,-0.5085546131102134,-0.6963604189350688,0.1878058058248554,29.902795474970677,28.665004856145043,4.22686394854418,0.01315785710617555,-0.023576706585143214,-0.008805057628317958,0.011412928048486037,0
2019-09-19,28.65999984741211,29.381000518798828,28.34000015258789,29.1560001373291,84613000,29.22785015106201,31.05104007720947,29.476524810456663,39.34056176656824,-0.5242629270072499,-0.661940920549505,0.13767799354225518,29.859430417158688,28.596269884965334,4.321770248803112,0.013618963720730544,-0.01701194565718056,-0.026130720879118607,-0.007823853585139928,0
2019-09-20,27.075000762939453,28.25,26.600000381469727,28.025999069213867,238328000,29.096950149536134,30.833540077209474,29.247808234502642,30.346267285425952,-0.6570341776593587,-0.6609595719714758,0.003925394312117136,30.19878201714967,27.995118281922597,7.573521361867562,0.01813017967750988,-0.05530352731721233,-0.09326857972155,-0.07955125207399438,0
2019-09-23,26.59199905395508,27.339000701904297,26.18899917602539,26.834999084472656,134786000,28.969350147247315,30.618880043029787,28.994874026831443,28.228316525045997,-0.7920997191700607,-0.6871876014111928,-0.10491211775886788,30.519646796169706,27.419053498324924,10.703012950186602,0.018104249611674852,-0.01783939779774668,-0.08794076935441053,-0.09640156709921233,0
2019-09-24,25.458999633789062,26.5,25.22800064086914,26.25,163382000,28.767400169372557,30.394860038757326,28.65812408463693,23.997350162027786,-0.9792752428264997,-0.7456051296942543,-0.2336701131322454,30.923531591276316,26.6112687474688,14.990102749704167,0.019550395754708474,-0.042606778748268126,-0.11168877287736922,-0.14738783947100131,1
2019-09-25,26.475000381469727,26.65999984741211,25.3700008392334,25.57099914550781,116438000,28.636000156402588,30.19238006591797,28.45020754147815,33.607354648647174,-1.0337144083511625,-0.803226985425636,-0.2304874229255265,31.004192014573793,26.267808298231383,16.539962601178516,0.022118870898769405,0.03990733187851703,-0.022160678284855795,-0.09195361994894591,0
2019-09-26,26.33099937438965,26.80500030517578,26.020000457763672,26.642000198364254,76840000,28.493700122833253,29.99412006378174,28.248378192231627,32.97102308653518,-1.0760732148586278,-0.8577962313122344,-0.21827698354639347,31.049361490043054,25.938038755623452,17.938430994869897,0.022057301101608726,-0.0054391314449561134,-0.00981497024860245,-0.08126310137551385,0
2019-09-27,26.308000564575195,26.74399948120117,26.03899955749512,26.618000030517575,73283000,28.325200176239015,29.869860076904295,28.063580322931013,32.86399592201661,-1.0988320342458735,-0.9060033918989623,-0.19282864234691122,30.988427467770673,25.661972884707357,18.80464939319824,0.02146883675965806,-0.0008734499396487738,0.03334777261473154,-0.0283287230563678,1
2019-09-30,26.761999130249023,26.88800048828125,26.277999877929688,26.399999618530277,67272000,28.194550132751466,29.774900054931642,27.939620209342255,37.19780916925808,-1.0679243059143673,-0.9383875747020434,-0.1295367312123239,30.89506960850961,25.494030656993324,19.156322502348804,0.022041911230507603,0.017257053213126206,0.010840368069651607,0.006392903216828838,1
2019-10-01,26.95800018310547,27.21999931335449,26.402999877929688,26.73500061035156,86503000,28.096000099182127,29.692820053100586,27.846132587795896,39.027743803335845,-1.0159033600602285,-0.9538907317736804,-0.06201262828654808,30.825814119503626,25.36618607886063,19.432047342575025,0.02203770378166663,0.00732385693245563,0.023812267806502696,0.05887900431590176,0
2019-10-02,26.80299949645996,26.934999465942383,26.2189998626709,26.36100006103516,76591000,27.978550052642824,29.61428005218506,27.746786579097236,38.0827074813385,-0.9759336896213284,-0.9582993233432101,-0.01763436627811832,30.718632041374047,25.2384680639116,19.587019224195988,0.02188920899110995,-0.005749710126593421,0.01881552840436318,0.012389012663425847,1
2019-10-03,26.815000534057617,26.88400077819824,25.701000213623047,26.777999877929688,89510000,27.85305004119873,29.514700050354005,27.658045050998226,38.20746907009417,-0.9325393215816788,-0.953147322990904,0.02060800140922514,30.564734367750727,25.141365714646735,19.47136362115473,0.02179282701179415,0.0004477497975270417,0.0019804725181642446,0.018381420043582564,1
2019-10-04,27.27899932861328,27.54800033569336,26.64699935913086,26.81999969482422,98904000,27.76614999771118,29.407360038757325,27.621945458390137,42.99045652322086,-0.8508995074939598,-0.9326977598915152,0.08179825239755534,30.434103570599223,25.09819642482314,19.21731009238203,0.02225407437531652,0.017303702603560955,0.011907379751001868,0.03690887726928116,1
2019-10-07,27.44599914550781,27.667999267578125,27.12800025939941,27.198999404907227,65256000,27.666749954223633,29.284720039367677,27.605188666687056,44.65102454492312,-0.7639179069892705,-0.8989417893110663,0.13502388232179574,30.224602446047857,25.10889746239941,18.490444277382426,0.02199311046921851,0.006121918728864806,0.02398983923917819,0.02555862930604702,0
2019-10-08,27.07200050354004,27.55299949645996,27.06399917602539,27.30299949645996,62764000,27.580399990081787,29.160760040283204,27.554408841625435,41.72017236692657,-0.7168989617139161,-0.8625332237916362,0.14563426207772012,30.095778997316618,25.065020982846956,18.240337400033273,0.021714811915220556,-0.013626708941619436,0.009584186625542168,0.00422881221382343,0
2019-10-09,26.75300025939941,27.100000381469727,26.457000732421875,27.00200080871582,67944000,27.476700019836425,29.04396007537842,27.478084214746765,39.34777033355638,-0.6973382809115201,-0.829494235215613,0.132155954304093,29.948588514092044,25.004811525580806,17.99261550674625,0.02178352628277448,-0.011783401234013557,-0.019282198106957082,-0.001865434391667753,1
2019-10-10,28.04800033569336,28.05299949645996,26.50300025939941,26.597000122070312,108091000,27.43480005264282,28.958940086364745,27.5323619405512,51.42391184400523,-0.5707612368074315,-0.7777476355339769,0.20698639872654534,29.837145157540785,25.032454947744856,17.51312275131048,0.02467873079753759,0.04840578864940448,0.021934023498068944,0.04598171833223397,1
2019-10-11,28.292999267578125,28.78700065612793,28.233999252319336,28.479999542236328,87861000,27.37869997024536,28.88580005645752,27.604803590744243,53.31762185608343,-0.44554271211048757,-0.711306650849279,0.26576393873879145,29.64182506910239,25.115574871388333,16.532012851717198,0.024371546846717138,0.008734987484044776,0.045101903861091586,0.0371714492437869,1
2019-10-14,28.55299949645996,28.69300079345703,28.200000762939453,28.39299964904785,55132000,27.33489990234375,28.819200057983398,27.69510796271717,55.308787092650846,-0.321618861544124,-0.6333690929882481,0.31175023144412406,29.467764305335372,25.202035499352128,15.605430498091897,0.02448932812511529,0.009189560513641837,0.06728214479152261,0.040333760308133515,0
2019-10-15,28.424999237060547,28.58699989318848,27.940000534057617,28.381999969482425,76856000,27.2631498336792,28.772440032958983,27.76462141741654,54.08569668456607,-0.231073200322637,-0.5529099144551258,0.3218367141324888,29.131559549702175,25.394740117656227,13.70648459493009,0.024208868484602252,-0.00448290062889134,0.013441204251820604,0.04997778916794804,1
2019-10-16,28.62800025939941,28.816999435424805,28.073999404907227,28.312000274658203,161759000,27.236749839782714,28.724800033569338,27.84684797379586,55.75672478643018,-0.14130574088478198,-0.47058907974105707,0.3292833388562751,29.009926060785677,25.46357361877975,13.020468531917235,0.023750030727149003,0.007141636861477618,0.011840419909287414,0.07008559719731755,1
2019-10-17,29.334999084472656,30.875,28.82999992370605,30.448999404907227,382589000,27.270499801635744,28.702919998168944,27.98857665100317,61.07067820085557,-0.012966021765119962,-0.3790644681458697,0.36609844638074973,29.17181501294474,25.369184590326746,13.944117087248634,0.02406620298567751,0.02469606045365036,0.027387651098079946,0.04588557948430583,0
2019-10-18,27.530000686645508,29.09000015258789,27.336000442504883,28.93600082397461,234299000,27.293249797821044,28.621720008850097,27.944902749635776,45.909948855808395,-0.056255675024928564,-0.31450270952168147,0.2582470344967529,29.19555194272,25.390947652922087,13.939726188640442,0.024865954575586158,-0.0615305421564698,-0.03148631748239905,-0.026967751764902625,1
2019-10-21,27.80500030517578,27.99399948120117,26.899999618530277,27.28899955749512,125992000,27.35389986038208,28.559960021972657,27.93157870730625,48.02687701263697,-0.06759368820869227,-0.2651209052590836,0.19752721705039133,29.240183753472824,25.467615967291334,13.79169992372998,0.02452488426387679,0.009989088691293446,-0.028748076944473788,-0.02619686913723085,0
2019-10-22,26.66900062561035,27.541000366210938,26.57999992370605,27.11599922180176,118024000,27.414399909973145,28.471680030822753,27.811333175716165,40.90497966980892,-0.1663275055891269,-0.24536222532509228,0.07903471973596538,29.12294136979822,25.70585845014807,12.464554872153304,0.024357877770778934,-0.040855949185297,-0.09088115023236687,-0.06177655790965586,1
2019-10-23,27.12700080871582,27.392000198364254,26.663000106811523,26.80599975585937,71335000,27.446999931335448,28.389660034179688,27.746158664573272,44.47964758594757,-0.2052519632253329,-0.2373401729051404,0.032088209679807495,29.10678552839915,25.787214334271745,12.094477365220332,0.023019361291682895,0.01717350378197713,-0.014638571299606884,-0.0524311665880598,1
2019-10-24,27.149999618530277,27.402000427246094,26.8799991607666,27.18099975585937,48274000,27.487949943542482,28.33444004058838,27.68938161256918,44.66067446801434,-0.2315746165650765,-0.2361870616371276,0.004612445072051108,29.07437075869894,25.901529128386024,11.542663737490857,0.022962872217021826,0.0008478198521328917,-0.023556938660546534,-0.07448438841434712,1
2019-10-25,27.68199920654297,27.777000427246094,27.01799964904785,27.06800079345703,47478000,27.55664987564087,28.296560020446776,27.688678526280967,48.81786449671066,-0.20712003747053487,-0.23037365680380906,0.02325361933327419,29.048939122398853,26.064360628882884,10.830701507566902,0.02329184416347276,0.019594828563076483,0.03798412228315118,0.005521195644982102,1
2019-10-28,28.18600082397461,28.575000762939453,27.73500061035156,27.80500030517578,62484000,27.627849960327147,28.25468002319336,27.736042554632743,52.46135881608331,-0.14539486741649554,-0.21337789892634637,0.06798303150985083,29.097398173063127,26.158301747591167,10.638165581803952,0.023323796690179234,0.018206835917852215,0.0390385956312036,0.013702589988028313,0
2019-10-29,28.121000289916992,28.44099998474121,27.7549991607666,28.187000274658203,43562000,27.685999965667726,28.198340034484865,27.77270519608839,51.9477457319497,-0.10056299767030552,-0.19081491867513822,0.0902519210048327,29.13684315560149,26.235156775733962,10.480699210668893,0.023326138971331973,-0.0023061282962260066,0.035764297791149646,0.05444522217725245,1
2019-10-30,29.145000457763672,29.349000930786133,28.299999237060547,28.43400001525879,93456000,27.80310001373291,28.1832600402832,27.903399982914607,58.792266668018385,0.01739432674733621,-0.14917306959064336,0.16656739633797957,29.326220100335632,26.279979927130185,10.956476693968673,0.024432235291674237,0.03641407337184388,0.052850274299368616,0.07439081317089347,0
2019-10-31,28.74099922180176,29.145000457763672,28.47800064086914,29.100000381469727,50900000,27.899399948120116,28.162460021972656,27.9831713389991,55.43722351658537,0.07738478914314229,-0.10386149784388624,0.18124628698702852,29.40388090755864,26.394918988681592,10.785041701514425,0.024763926262010794,-0.0138617680431119,0.019690569133705482,0.05860035453501822,0
2019-11-01,28.68099975585937,28.91200065612793,28.302000045776367,28.8700008392334,55943000,27.96949996948242,28.142220001220704,28.049631188223884,54.935825129746455,0.11871770354737521,-0.05934565756563395,0.17806336111300916,29.48244648918752,26.45655344977732,10.818545353730876,0.024585066590184335,-0.0020875915092359865,0.019913924119661308,0.036088453794922426,1
2019-11-04,29.285999298095703,29.53899955749512,28.715999603271484,28.799999237060547,55662000,28.061499977111815,28.14506000518799,28.167380532021202,58.96594735115067,0.19801020448638695,-0.007874485155229767,0.2058846896416167,29.657424361216506,26.465575593007124,11.374476670216467,0.024917276815817475,0.02109408832977433,0.004837839702090951,0.039026411763440017,0
2019-11-05,28.80299949645996,29.11899948120117,28.631000518798828,28.999000549316406,40624000,28.148049926757814,28.131160011291502,28.22791567149156,54.755834064356385,0.2193475335304953,0.037569918581915246,0.18177761494858005,29.70726560473311,26.58883424878252,11.078676370351962,0.02502922719649535,-0.016492515646107653,0.0021572066503230403,0.024252309644458236,1
2019-11-06,28.858999252319336,29.05599975585937,28.583999633789062,28.819000244140625,34383000,28.25334987640381,28.126279983520508,28.288018869665635,55.155617152106366,0.2380323441204375,0.0776624036896197,0.16036994043081781,29.7020245419813,26.80467521082632,10.254887805621733,0.02477777353839262,0.0019442334770118919,0.006206181722225423,-0.009813045151905286,1
2019-11-07,28.957000732421875,29.819000244140625,28.82699966430664,29.06999969482422,59285000,28.298799896240233,28.12187999725342,28.35173142802337,55.890178905936594,0.25777660331879915,0.1136852436154556,0.14409135970334355,29.775616299228265,26.8219834932522,10.437307648401308,0.022478281029298632,0.0033958724363827297,-0.011233988033839126,0.007515448887255971,1
2019-11-08,29.15699958801269,29.39900016784668,28.750999450683597,28.87299919128418,45090000,28.34199991226196,28.111459999084474,28.42842363373664,57.42294347898296,0.28626245181684595,0.14820068525573368,0.13806176656111227,29.865422485066524,26.8185773394574,10.750282813637757,0.022452469334514922,0.0069067531350679445,0.012290389811527858,0.01659634727537962,1
2019-11-11,29.417999267578125,29.63599967956543,28.850000381469727,28.916000366210938,39443000,28.385249900817872,28.112319984436034,28.522668932197732,59.4054082682902,0.32613866138245484,0.18378828048107793,0.14235038090137692,29.977727482108087,26.792772319527657,11.220458420162299,0.022448380271424852,0.008951527360611555,0.019370041572521313,0.0045072721657479775,0
2019-11-12,29.201000213623047,29.53499984741211,28.8700008392334,29.53199958801269,57728000,28.424049949645998,28.117759971618653,28.587271911381094,57.02791186872008,0.3363535601695524,0.2143013364187728,0.12205222375077962,30.055839392061184,26.79226050723081,11.481751863692525,0.022499840705119924,-0.007376404220467703,0.008426269124204522,0.013818030209388432,0
2019-11-13,28.31100082397461,29.340999603271484,28.11400032043457,29.10300064086914,91589000,28.408199977874755,28.10093997955322,28.560960379247142,48.461360272730964,0.269526494686982,0.22534636807241465,0.04418012661456733,30.037914300432664,26.778485655316846,11.47354865022905,0.023559088264931832,-0.03047838714898643,-0.029015288815447904,-0.018988822985630205,1
2019-11-14,28.96199989318848,29.0629997253418,28.32200050354004,28.325000762939453,65290000,28.389550018310548,28.093679962158202,28.599154618670127,53.91463007727485,0.26602912987653227,0.23348292043323818,0.03254620944329409,29.98458137901339,26.794518657607703,11.236749858128,0.023467008582072006,0.022994562193738632,-0.015500692968342222,0.0001726408343460939,1
2019-11-15,29.50300025939941,29.582000732421875,28.756999969482425,29.05900001525879,63338000,28.488199996948243,28.103399963378905,28.68523515588244,57.90116846326858,0.3034140826159266,0.2474691528697759,0.05594492974615073,30.102321134176695,26.87407885971979,11.331857663182385,0.01886867858116234,0.018679661908919787,0.010342113063492642,0.011866813330441817,1
2019-11-18,30.256999969482425,30.499000549316406,29.327999114990234,29.600000381469727,86166000,28.610799980163574,28.11985996246338,28.834927042891962,62.73895011598215,0.3893947024312894,0.2758542627820786,0.11354043964921079,30.365121024587832,26.856478935739315,12.263348425353811,0.019456469651114004,0.025556712993716424,0.06873650132000586,0.028519978339552443,1
2019-11-19,30.26000022888184,30.566999435424805,29.851999282836918,30.400999069213867,59180000,28.79034996032715,28.149079971313476,28.97064829870052,62.757289713872474,0.4525602263705579,0.31119545549977445,0.14136477087078347,30.44520490587634,27.135495014777955,11.49590017370104,0.01634790269648436,9.915918307967786e-05,0.04481735862441716,0.0362658815626713,1
2019-11-20,30.516000747680664,30.825000762939453,30.100000381469727,30.10099983215332,51118000,28.95979995727539,28.18285999298096,29.117824722412916,64.36879578388897,0.5173131970377511,0.3524190038073698,0.16489419323038135,30.59256440228608,27.3270355122647,11.276075438501088,0.01616249521697235,0.008460030299487054,0.03433550755430437,0.0778849160937749,1
2019-11-21,31.16900062561035,31.268999099731445,30.426000595092773,30.600000381469727,74884000,29.160750007629396,28.228520011901857,29.313174808431718,68.15410267701228,0.6142414327282317,0.4047834895915422,0.20945794313668953,30.841652773202657,27.479847242056135,11.528529033947912,0.016466293310138828,0.02139860604044963,0.03014180708754277,0.07620332644711225,0
2019-11-22,31.04800033569336,31.13999938964844,30.44099998474121,30.90999984741211,59701000,29.329050064086914,28.261180000305174,29.47839628721854,66.7392541776376,0.6735300109797784,0.4585327938691895,0.2149972171105889,31.05738349404484,27.60071663412899,11.785812538635536,0.016361761824940882,-0.0038820715290297514,0.02604098152185097,0.05236755796731973,1
2019-11-25,31.55500030517578,31.572999954223636,30.524999618530277,30.882999420166016,78739000,29.497500038146974,28.303699989318847,29.676168098452564,69.58809248831574,0.752750062605891,0.5173762476165298,0.23537381498936116,31.395734336689486,27.599265739604462,12.870475776507591,0.016292567008707855,0.01632955307912587,0.03404769734035629,0.04289917496785978,0
2019-11-26,31.249000549316406,31.649999618530277,31.16900062561035,31.5,53210000,29.653900051116942,28.331479988098145,29.825961665201504,65.9183148961026,0.7818284693941955,0.5702666919720629,0.21156177742213256,31.587820962810337,27.719979139423547,13.043282053016512,0.01656731368371043,-0.00969734599587957,0.0025666502646966016,0.0326834207849942,1
2019-11-27,31.593000411987305,31.68199920654297,31.274999618530277,31.39299964904785,40969000,29.776300048828126,28.380219993591307,29.994251069657295,67.96367320894291,0.8231425552745115,0.6208418646325526,0.20230069064195888,31.86922846079273,27.683371636863523,14.057679486924519,0.01496176894064962,0.011008347679088315,0.017553467869149797,0.03529294920431192,0
2019-11-29,31.465999603271484,31.66200065612793,31.333999633789062,31.577999114990234,24117000,29.912550067901613,28.436339988708497,30.13441759666817,66.37981151206233,0.835999480493733,0.6638733878047888,0.1721260926889442,32.07188802736684,27.753212108436387,14.437672178156124,0.01449277961749399,-0.0040199033665581085,-0.0028204944079718297,0.009528665395101,0
2019-12-02,30.999000549316406,31.43899917602539,30.375,31.43899917602539,62188000,30.028450107574464,28.514819984436034,30.216758830253717,60.7714711702478,0.7992920246605912,0.6909571151759493,0.10833490948464197,32.1595861524805,27.89731406266843,14.194112831474257,0.015073302027014969,-0.01484138625319642,-0.008000255867558259,-0.0015781945969841615,0
2019-12-03,30.61599922180176,30.73600006103516,30.1879997253418,30.222000122070312,49928000,30.094950103759764,28.59529998779297,30.254781724686865,56.55148234294066,0.7308710684692379,0.6989399058346071,0.031931162634630805,32.21222382138672,27.97767638613281,14.070624542171577,0.014932008299835911,-0.012355279871211544,-0.030924609168011763,-0.029757600199420753,0
2019-12-04,30.43199920654297,30.843000411987305,30.32699966430664,30.843000411987305,35121000,30.176400089263915,28.694759979248047,30.27165958010173,54.59025065023812,0.654257827290472,0.6900034901257801,-0.03574566283530811,32.21237767754829,28.14042250097954,13.493840101945958,0.01441148085898574,-0.006009930099807659,-0.0328608787187874,-0.026144879145304722,0
2019-12-05,30.285999298095703,30.64800071716309,29.881000518798828,30.527000427246094,46155000,30.247750091552735,28.770979957580565,30.27302526752973,53.019033806146695,0.5751305621342162,0.6670289045274673,-0.09189834239325112,32.19200698120714,28.303493201898327,12.855547164794773,0.014512355229775752,-0.004797578609816555,-0.023000781915093915,-0.04136995843534019,1
2019-12-06,30.73500061035156,30.78499984741211,30.26000022888184,30.46999931335449,44578000,30.336650085449218,28.859059982299804,30.317022919227046,57.1076864850011,0.5423998401303898,0.6421030916480518,-0.09970325151766202,32.1975095238013,28.47579064709714,12.268061457745665,0.014771545634839183,0.01482537550887697,0.00388690199812447,-0.023231392682148355,0
2019-12-09,30.25,31.14900016784668,30.24399948120117,30.73500061035156,57484000,30.391300106048583,28.9378999710083,30.310639784062566,51.85778013783918,0.47188540992692296,0.608059555303826,-0.1361741453769031,32.17288309275989,28.609717119337276,11.724295969534584,0.015323599393713987,-0.015780074856683424,-0.005980520875665585,-0.02416208703647782,0
2019-12-10,29.312000274658203,29.893999099731445,29.20199966430664,29.61199951171875,104761000,30.386000156402588,28.988899993896485,30.215531259357387,43.52417938300433,0.3364352610516228,0.5537346964533855,-0.21729943540176266,32.179722626978396,28.59227768582678,11.806242752209398,0.016888313781002678,-0.031008255383199845,-0.03216004246221926,-0.042592075394846995,1
2019-12-11,29.89299964904785,29.94300079345703,29.420000076293945,29.448999404907227,55898000,30.420600128173827,29.04759998321533,30.18481396313743,48.992005031328226,0.27282685791200834,0.49755312874511004,-0.2247262708331017,32.14698843803786,28.694211818309796,11.35012657600498,0.017355424481503214,0.0198212120955783,-0.02739550820181602,-0.01771160526907578,0
2019-12-12,29.8439998626709,29.91699981689453,29.506000518798828,29.566999435424805,47666000,30.497250080108643,29.108419990539552,30.152355477378713,48.56495544293543,0.21597326157697339,0.4412371553114828,-0.2252638937345094,31.95784155765764,29.036658602559644,9.578512644336065,0.015693307993762458,-0.0016391726140643215,-0.013421492143110836,-0.014594183638266034,1
2019-12-13,29.850000381469727,30.18000030517578,29.725000381469727,29.850000381469727,38797000,30.541650104522706,29.169119987487793,30.12355975395881,48.62401532155877,0.1694472857590945,0.38687918140100513,-0.21743189564191062,31.85991784015414,29.223382368891272,8.632590126073248,0.01495663939213879,0.00020106282088327987,0.018354261113891157,-0.028794540794112256,1
2019-12-16,30.42099952697754,30.57099914550781,29.863000869750977,30.084999084472656,46589000,30.58755006790161,29.231959991455078,30.151887351389163,54.03294629202334,0.17661407658891193,0.3448261604385865,-0.16821208384967457,31.819035028618362,29.356065107184858,8.052197433158044,0.014983927582403576,0.01912894935379228,0.017662994150086986,0.00565287692487737,1
2019-12-17,31.54800033569336,31.68000030517578,30.65999984741211,30.73600006103516,104271000,30.652100086212158,29.314000015258788,30.284850492751467,62.43852107854296,0.27011958603588226,0.3298848455580457,-0.05976525952216344,31.941490895425257,29.36270927699906,8.413066677888667,0.016125947413386958,0.03704680405771632,0.05709692001285105,0.07628275245917959,1
2019-12-18,32.08000183105469,32.5359992980957,31.559999465942383,31.625999450683597,112074000,30.7431001663208,29.414160041809083,30.455817286875583,65.63323995337569,0.3827394681552292,0.34045577007748246,0.042283698077746734,32.15958765992081,29.326612672720792,9.214994492661981,0.01644278724234261,0.016863239815533504,0.07470691527928097,0.07316101454129242,1
2019-12-19,33.22200012207031,33.28300094604492,32.417999267578125,32.45000076293945,98223000,30.878400135040284,29.5435400390625,30.719263271179845,71.28013420195704,0.5577122939633128,0.38390707485464853,0.17380521910866426,32.65375549730353,29.10304477277704,11.49901131210876,0.017962104202573187,0.0355984484361882,0.09207457475579739,0.11318858983190938,1
2019-12-20,33.689998626708984,33.79999923706055,33.060001373291016,33.5,99149000,31.004450035095214,29.656380004882813,31.002190447896908,73.22197366639946,0.7257767841378211,0.45228101671128307,0.27349576742653803,33.16140618665421,28.847493883536217,13.913848812783003,0.01767016280342601,0.01408700568656518,0.06789648371444224,0.12864315565044526,0
2019-12-23,33.310001373291016,33.79499816894531,33.10200119018555,33.7760009765625,57653000,31.117550086975097,29.75672004699707,31.22198196460111,69.13457596905377,0.8188671105359298,0.5255982354762124,0.2932688750597173,33.49747181293208,28.73762836101811,15.296330972746809,0.017920439015828845,-0.011279230302987053,0.038341629427391055,0.09496735449969318,1
2019-12-24,33.31999969482422,33.56999969482422,33.15999984741211,33.4010009765625,20193000,31.20580005645752,29.852060050964354,31.42179317700331,69.1833201342067,0.883266894924148,0.5971319673657995,0.28613492755834846,33.767978721104,28.643621391811035,16.421169526248264,0.017681504176566575,0.0003001597454517224,0.002949839636199547,0.05616835743234172,0
2019-12-26,33.26300048828125,33.645999908447266,33.20100021362305,33.459999084472656,35899000,31.306500053405763,29.94882007598877,31.597146254267873,68.51898426815984,0.9191099016018143,0.6615275542130026,0.2575823473888117,34.0213184670111,28.591681639800427,17.343480804140526,0.017471614916871398,-0.0017106604761411015,-0.012674329350943259,0.036876514641634994,0
2019-12-27,32.90900039672852,33.38199996948242,32.60100173950195,33.29600143432617,50361000,31.37230005264282,30.03444007873535,31.722084744026027,64.38391375188829,0.908478518885218,0.7109177471474457,0.1975607717377723,34.17410401406279,28.570496091222854,17.861642000864027,0.0176369984216511,-0.010642458177440806,-0.01203845571990958,-0.009421459400147825,0
2019-12-30,32.33100128173828,32.91899871826172,32.2859992980957,32.90800094604492,43115000,31.41555013656616,30.094360122680666,31.78007679523672,58.2072036072172,0.8436878649184614,0.7374717707016489,0.10621609421681244,34.2483383120864,28.582761961045914,18.03430570660622,0.018140770225948788,-0.01756355732542092,-0.029681825394481165,-0.04033830217770651,1
2019-12-31,32.35699844360352,32.492000579833984,32.10900115966797,32.20000076293945,37133000,31.48345003128052,30.190900077819823,31.835021714128796,58.40051225354121,0.7853851276868262,0.7470544420986844,0.03833068558814179,34.33806200767863,28.628838054882408,18.134048038330608,0.017731157334476805,0.0008040939294982064,-0.02723753213414759,-0.028610113791578518,1
2020-01-02,32.98099899291992,32.99800109863281,32.47800064086914,32.61000061035156,44858000,31.601700019836425,30.294420051574708,31.944162407347,62.84307281637118,0.7805339086879997,0.7537503354165476,0.026783573271452088,34.49840740819134,28.704992631481506,18.332604806302513,0.01776674316130406,0.019284871259118708,0.002187808663995705,-0.010174090786590151,0
2020-01-03,32.59000015258789,32.98600006103516,32.553001403808594,32.678001403808594,38069000,31.709600067138673,30.412840042114258,32.00567076403661,58.618749916623436,0.7366473320819402,0.750329734749626,-0.013682402667685833,34.584674230508035,28.834525903769308,18.133777513951454,0.017984679348742243,-0.011855275833699497,0.008010852141344005,-0.0202327007730545,1
2020-01-06,33.58300018310547,33.63600158691406,32.119998931884766,32.3120002746582,56631000,31.87445011138916,30.541960029602052,32.155892613471735,65.04512317851731,0.7730820983483184,0.7548802074693646,0.018201890878953852,34.78201731877979,28.966882903998524,18.243873680830795,0.018828725316606593,0.030469469956069473,0.037889847590121706,0.020480712821770997,0
2020-01-07,33.07500076293945,33.66999816894531,33.029998779296875,33.64699935913086,47032000,31.991450119018555,30.660460052490233,32.243426722944854,59.9186031401495,0.752293632722143,0.7543628925199203,-0.0020692597977772786,34.89451511978185,29.088385118255257,18.149005374642005,0.01922225798306812,-0.01512668366126424,0.002850179584909185,0.0230119529772006,1
2020-01-08,33.92599868774414,34.27000045776367,33.10499954223633,33.14899826049805,71045000,32.17525005340576,30.785340042114257,32.403671671973356,64.90818063105397,0.795319100860155,0.7625541341879672,0.032764966672187756,35.07949223763893,29.271007869172593,18.052647170807326,0.01923213201714061,0.025729339536651796,0.04099412485121334,0.0484902901879265,0
2020-01-09,33.566001892089844,34.34199905395508,33.46099853515625,34.20000076293945,47093000,32.38795013427735,30.892940063476562,32.51436978817493,61.424659126954545,0.7912473545815075,0.7682927782666753,0.02295457631483222,35.033863141790874,29.74203712676382,16.338872923688132,0.017645908851191335,-0.010611236502356736,-0.0005061576072102891,0.01773757366462747,0
2020-01-10,32.904998779296875,33.849998474121094,32.72700119018555,33.7130012512207,47183000,32.5385500907898,30.98862003326416,32.551572549234166,55.53150184913048,0.7263105830625349,0.7598963392258473,-0.033585756163312386,34.92991926581003,30.147180915769567,14.698683059618686,0.01832730029687432,-0.019692637655148948,-0.005139893566777021,0.009665499393499477,1
2020-01-13,33.891998291015625,34.084999084472656,33.1510009765625,33.18000030517578,62900000,32.74095001220703,31.0835599899292,32.67923214368954,61.475046342939244,0.7458921552225277,0.7570955024251834,-0.0112033472026557,34.854957542526115,30.626942481887944,12.913538119882933,0.01907669545988077,0.02999542769592045,-0.001002192950646963,0.009201027490855385,0
2020-01-14,33.86899948120117,34.53799819946289,33.551998138427734,34.439998626708984,71994000,32.941899967193606,31.18611999511719,32.79254331869065,61.26954681357308,0.750898984419976,0.755856198824142,-0.004957214404165966,34.64204274590863,31.241757188478584,10.322068735611326,0.019093114090046395,-0.0006785911416898882,0.009026919264481403,0.024006007556964137,1
2020-01-15,33.90700149536133,34.31700134277344,33.65999984741211,33.86800003051758,51580000,33.116200065612794,31.290640029907227,32.89868219265929,61.498567541951516,0.7492959601695546,0.7545441510932246,-0.005248190923670015,34.41399040184551,31.818409729380082,7.8377974143254034,0.01889009545271693,0.001122029429338367,0.030451382866936605,-0.0005599597098868703,0
2020-01-16,33.86199951171875,34.35599899291992,33.584999084472656,34.349998474121094,50160000,33.23190002441406,31.382160034179687,32.99042669923638,61.038274735286485,0.7359111423589084,0.7508175493463614,-0.014906406987452936,34.34998191726941,32.11381813155871,6.728967600612325,0.017420306334606374,-0.001327218027484256,-0.0008851286678138726,0.008818375825053515,1
2020-01-17,33.96699905395508,34.15700149536133,33.737998962402344,34.099998474121094,60665000,33.32624988555908,31.48544002532959,33.083433590161974,61.757485305640714,0.7254140418325719,0.7457368478436035,-0.020322806011031647,34.35445208406487,32.29804768705329,6.170524448664884,0.017142085794557338,0.003100807505475034,0.002893488861644755,0.032274739828478394,0
2020-01-21,33.81100082397461,34.099998474121094,33.25899887084961,34.0,143503000,33.355699920654295,31.584480056762697,33.15272570766794,59.98581306621708,0.6964786878396154,0.735885215842806,-0.039406528003190555,34.40381901434791,32.30758082696068,6.284497679178395,0.015385246982739745,-0.004592640925760727,-0.002831293454239936,-0.002389869913999365,0
2020-01-22,32.599998474121094,33.630001068115234,32.36000061035156,33.255001068115234,217300000,33.3011999130249,31.65734001159668,33.10008501875872,48.3822829881631,0.5692672835794497,0.7025616293901348,-0.1332943458106851,34.38680501688323,32.215594809166575,6.5199158390309,0.017100578785248805,-0.035816814656217444,-0.037268946187330454,-0.03746792130025667,1
2020-01-23,34.959999084472656,34.987998962402344,32.500999450683594,32.604000091552734,182003000,33.38369979858398,31.77340000152588,33.277219691683854,63.28674455326344,0.6513750094597341,0.6923243054040547,-0.04094929594432051,34.68816174212728,32.07923785504069,7.8149632989368385,0.023587874343306534,0.07239266014766854,0.029234258491315,0.031055461782882432,1
2020-01-24,35.316001892089844,35.98500061035156,34.5880012512207,34.84600067138672,179397000,33.483499908447264,31.891360054016115,33.471389425055854,64.93171470246901,0.7366804316606448,0.7011955306553728,0.03548490100527202,35.03518526634281,31.93181455055172,9.268358219052734,0.02363888088572576,0.010183146937646992,0.04451217152519393,0.04293905857118396,0
2020-01-27,34.28799819946289,35.189998626708984,34.10200119018555,34.595001220703125,77095000,33.534749794006345,31.99310001373291,33.54916168928509,56.99087570764217,0.7131139529855872,0.7035792151214157,0.009534737864171472,35.121236714223095,31.948262873789595,9.461748961671407,0.024706567446118436,-0.029108722322761182,0.05177913510277565,0.009450323974688368,1
2020-01-28,34.85200119018555,35.2400016784668,34.27799987792969,34.5880012512207,68216000,33.6318998336792,32.12392002105713,33.6732416417518,59.889170632288575,0.7315152244746201,0.7091664169920567,0.022348807482563404,35.28958074799701,31.97421891936139,9.857789316188411,0.024730949124455132,0.01644899149380752,-0.0030891847000955597,0.03078880662629735,0
2020-01-29,34.316001892089844,34.939998626708984,33.85499954223633,34.900001525878906,76435000,33.73114986419678,32.231000061035154,33.73445690368876,56.025207720641696,0.6948380404715024,0.706300741687946,-0.01146270121644355,35.30074709158935,32.16155263680421,9.306514801374064,0.024639279206804067,-0.015379297595302543,-0.028315776034205653,0.05263814411926937,1
2020-01-30,34.77399826049805,34.81999969482422,33.92499923706055,34.11000061035156,53281000,33.851999855041505,32.33642002105713,33.8334608424325,58.489676201576785,0.6947192956073636,0.7039844524718295,-0.00926515686446594,35.35035385369458,32.35364585638843,8.852380982330214,0.024732728148386503,0.013346437322401927,0.014174057587379663,-0.0053203898411204875,0
2020-01-31,34.50899887084961,34.73899841308594,34.097999572753906,34.73899841308594,52300000,33.928399848937985,32.421459999084476,33.89779779751984,56.51607681770603,0.665569680421541,0.6963014980617719,-0.03073181764023092,35.39684048784762,32.45995921002835,8.656114909324842,0.024582805484392373,-0.007620618936691748,-0.00984168218818171,-0.022850916808365818,1
2020-02-03,35.79999923706055,35.9630012512207,34.62799835205078,34.7239990234375,66706000,34.088899803161624,32.532259979248046,34.078959839380865,63.05622040869985,0.7381326073620471,0.704667719921827,0.03346488744022014,35.63666951253839,32.54113009378486,9.080784174989514,0.025514152059425796,0.03741054242235542,0.0432450537110145,0.04409709277286833,1
2020-02-04,36.9010009765625,36.95700073242188,35.61000061035156,36.09999847412109,71615000,34.25479984283447,32.659959983825686,34.34772566196959,67.54008296902627,0.8744013343855386,0.7386144428145693,0.13578689157096924,36.20823156608058,32.30136811958837,11.405302218717999,0.02552918152057462,0.03075423918898257,0.061166469847117044,0.05879145289808951,1
2020-02-05,36.96699905395508,37.525001525878906,36.22999954223633,37.51300048828125,64370000,34.44939975738525,32.77591995239258,34.597180270730114,67.79242924473604,0.9764646983767378,0.7861844939270031,0.1902802044497347,36.65331416788034,32.24548534689016,12.795081632867136,0.02510302142951249,0.0017885172663607563,0.07122780328413958,0.07725250657700644,0
2020-02-06,36.69499969482422,37.15499877929688,36.2509994506836,36.959999084472656,39204000,34.58784980773926,32.8888599395752,34.796972596834316,65.53132933833672,1.023603115038867,0.8336682181493759,0.18993489688949106,36.98249365242277,32.19320596305575,13.846734376345593,0.024814113572339286,-0.007357896667074981,0.02500001331947388,0.05524246651005216,0
2020-02-07,36.67699813842773,37.18000030517578,36.35699844360352,36.50400161743164,43852000,34.74339962005615,32.991299896240236,34.97602264841464,65.37591781675427,1.047433908608184,0.8764213562411376,0.1710125523670465,37.25370033578993,32.233098904322375,14.450518620432689,0.024598042639631088,-0.000490572463447414,-0.006070372949423475,0.06282417162236098,1
2020-02-10,37.10699844360352,37.47999954223633,36.25199890136719,36.5,52941000,34.95349960327148,33.108459854125975,35.17897272414692,67.36676426446864,1.088470208158185,0.9188311266245471,0.16963908153363783,37.51600190007028,32.390997306472684,14.662350413455934,0.023951370233253864,0.011723977615421877,0.0037871451086441965,0.03650835850269951,1
2020-02-11,37.36899948120117,37.81100082397461,36.97200012207031,37.375,47729000,35.12734966278076,33.22397983551026,35.38754670100923,68.55322807601189,1.1291173038742883,0.9608883620744955,0.16822894179979286,37.84527048083359,32.40942884472793,15.474670558095701,0.02329700415847588,0.007060690667175518,0.018367619348202968,0.012682542268593666,1
2020-02-12,38.0009994506836,38.0620002746582,37.5880012512207,37.71799850463867,46248000,35.333949661254884,33.354679832458494,35.63644696288298,71.26700408404281,1.1985118373555963,1.0084130571307157,0.19009878022488058,38.25820049190081,32.40969883060896,16.552074470477237,0.023397298905228767,0.016912413451164676,0.03609895518872008,0.0279709044063694,1
2020-02-13,38.13999938964844,38.5369987487793,37.6510009765625,37.69599914550781,44854000,35.54559955596924,33.497499809265136,35.87488052733683,71.84254156951837,1.250310833506461,1.0567926124058649,0.19351822110059613,38.63422498013725,32.45697413180123,17.378384175541804,0.023376178270428608,0.0036577969257156617,0.02783843990008794,0.039378653953989096,0
2020-02-14,38.040000915527344,38.51499938964844,37.94300079345703,38.14699935913086,37363000,35.75449962615967,33.64597984313965,36.08108246906926,70.74467413918703,1.2686684498371434,1.0991677798921207,0.16950066994502277,38.9234988152141,32.58550043710524,17.72643567768373,0.023399767160706426,-0.00262187927953228,0.01795609846776136,0.03716233187774298,1
2020-02-18,38.77799987792969,38.95399856567383,37.91899871826172,37.93000030517578,51739000,35.9950496673584,33.812899856567384,36.337931746103585,73.91306226150485,1.3274651496629417,1.144827253846285,0.1826378958166568,39.31173139256343,32.67836794215337,18.42854367950888,0.023573400576367098,0.019400603171413344,0.020446841885157552,0.045031975217985076,0
2020-02-19,38.61899948120117,39.29499816894531,38.4900016784668,38.8120002746582,48964000,36.235449600219724,33.97955986022949,36.55517629230336,72.10128997774652,1.3457193398197589,1.1850056710409798,0.16071366877877913,39.580926817372145,32.8899723830673,18.465217095758817,0.023561015600737714,-0.004100273279411981,0.012558995784429428,0.03345018644742748,0
2020-02-20,38.59999847412109,38.970001220703125,37.667999267578125,38.65599822998047,40794000,36.53544960021973,34.136859817504885,36.749921262000285,71.87455387727849,1.3431694729696346,1.216638431426711,0.12653104154292372,39.586209359336955,33.4846898411025,16.700272160323323,0.021414171901204197,-0.000492011894024702,0.014721281417350296,0.015762717615225963,0
2020-02-21,38.00699996948242,38.73199844360352,37.790000915527344,38.53300094604492,39301000,36.68779964447022,34.29199981689453,36.86964304366525,65.00417695476881,1.2785602154039708,1.229022788222163,0.04953742718180787,39.71285769288158,33.66274159605886,16.490812083178792,0.015975596975504082,-0.015362656167881239,-0.019882405252316215,-0.0034871374487256412,0
2020-02-24,36.869998931884766,37.28200149536133,36.09999847412109,36.47600173950195,69364000,36.76549949645996,34.44315979003906,36.86967693778139,54.28879718578484,1.122669002455524,1.2077520310688352,-0.0850830286133113,39.7247393700831,33.80625962283682,16.097917417975385,0.01762995045463877,-0.02991556919805849,-0.04528860335099516,-0.030757149197780387,0
2020-02-25,36.00899887084961,37.56499862670898,35.77199935913086,37.20000076293945,64812000,36.851549530029295,34.5654797744751,36.7877075980736,47.85561030527266,0.9190542979551495,1.1500124844460982,-0.23095818649094868,39.610958579176824,34.09214048088177,14.975810159076017,0.01713004955190498,-0.0233523212904293,-0.06712434470712692,-0.07140649377989305,1
2020-02-26,37.92399978637695,38.20000076293945,36.5,36.63100051879883,89341000,37.00514945983887,34.72707977294922,36.89592590172154,59.38389531443728,0.9018171603635352,1.1003734196295856,-0.19855625926605036,39.64150257438191,34.36879634529583,14.248574336413562,0.0203589180446851,0.05318117624974006,-0.002183813065280482,-0.017996315392959095,0
2020-02-27,37.17100143432617,39.15599822998047,37.060001373291016,37.14599990844727,109677000,37.14789943695068,34.87349979400635,36.92212357149341,54.300320363227776,0.8179669172394028,1.0438921191515491,-0.22592520191214627,39.47771616106466,34.8180827128367,12.543464149666208,0.0206111534839228,-0.019855457132485044,0.008163886931418007,-0.03702065016279643,0
2020-02-28,36.90299987792969,37.67699813842773,35.68000030517578,36.42100143432617,111686000,37.25434951782226,35.00313980102539,36.92030226734448,52.57523824920601,0.7215716804667665,0.9794280314145927,-0.2578563509478262,39.32017460450796,35.188524431136564,11.090383342741873,0.02064373613285915,-0.007209963306207712,0.024827155297666437,-0.029047283196231954,1
2020-03-02,38.10499954223633,38.13600158691406,36.45000076293945,37.31100082397461,69979000,37.4341495513916,35.13427978515625,37.03313057923894,58.884325245845375,0.733711320826437,0.9302846892969616,-0.19657336847052465,39.10017840418325,35.76812069859995,8.901117684025033,0.021476950346348313,0.0325718686362273,0.004772696890595229,0.03349608478788291,0
2020-03-03,36.87699890136719,39.35200119018555,36.7400016784668,38.10300064086914,83646000,37.487999534606935,35.2302197265625,37.01826089563211,51.36607661538431,0.6369008874112367,0.8716079289198168,-0.23470704150858002,39.001950252088825,35.974048817125045,8.076988563149607,0.021621915577338512,-0.03222675910304107,-0.007909459568325783,0.024105086443273693,1
2020-03-04,38.37900161743164,38.4010009765625,37.05099868774414,37.777000427246094,54873000,37.56189956665039,35.333359756469726,37.14785525008921,58.36777517123798,0.6736120079553416,0.8320087447269218,-0.15839673677158017,39.09815000095794,36.025649132342835,8.179833565560807,0.02242741894812535,0.04073006917080679,0.0399967955012972,0.011997727919462076,0
2020-03-05,37.27799987792969,39.13999938964844,36.86399841308594,38.09999847412109,87470000,37.57744960784912,35.40511978149414,37.160249976550205,52.41127943865413,0.6068685931740134,0.7869807144163402,-0.18011212124232678,39.09548671689327,36.05941249880497,8.079511115768037,0.023468182063952937,-0.028687607626611156,-0.021703180008963874,0.0028785461643416888,0
2020-03-06,36.89699935913086,37.13100051879883,35.685001373291016,36.77000045776367,81472000,37.58754959106445,35.47685974121094,37.13517848917694,50.49104480506071,0.5172676588038456,0.7330381032938413,-0.21577044448999572,39.0845090307915,36.0905901513374,7.965187707170548,0.02352842601906229,-0.010220519342412415,0.0005423558955317542,-0.00016260246643029497,0
2020-03-09,34.64899826049805,35.74700164794922,34.172000885009766,34.38600158691406,74055000,37.486149597167966,35.50343971252441,36.89839941977895,40.956356738188916,0.2618449854456344,0.6387994797242,-0.37695449427856564,39.425467962995015,35.54683123134092,10.346852833205157,0.027253193547314914,-0.060926393410810076,-0.09718865003615507,-0.09069679368208838,1
2020-03-10,36.41299819946289,36.45399856567383,34.78499984741211,35.643001556396484,76044000,37.45144958496094,35.566439666748046,36.8521707321298,49.08187813015697,0.19946146172975432,0.5509318761253109,-0.3514704143955566,39.44085126025803,35.46204790966385,10.623896790878586,0.0296333157775242,0.050910560983689734,-0.02320407965286031,-0.012582387822429153,0
2020-03-11,34.992000579833984,36.29800033569336,34.479000091552734,35.891998291015625,60360000,37.33259963989258,35.608099670410155,36.67501167000639,43.847098342004635,0.03495648105057114,0.447736797110363,-0.4127803160597919,39.59305005203302,35.072149227752135,12.109793767080655,0.030781740428967527,-0.039024460766591496,-0.05163018165122002,-0.08825141079384646,0
2020-03-12,31.524999618530277,33.571998596191406,30.73200035095215,32.650001525878906,120716000,37.00879964828491,35.591979637146,36.18453433177057,34.24925480691472,-0.3708974292841347,0.2840099518314635,-0.6549073811155982,40.377262542202246,33.64033675436758,18.20357820804618,0.037137004915284856,-0.09907981549650957,-0.0901612975498145,-0.15432695633451765,1
2020-03-13,33.630001068115234,33.641998291015625,30.73900032043457,33.05099868774414,94582000,36.78329973220825,35.61743968963623,35.94124544951768,42.48158593560126,-0.5167270447728214,0.12386255251060652,-0.6405895972834279,40.412414612891254,33.154184851525244,19.732405233374287,0.04074277531342299,0.06677244964493667,-0.07642867297284806,-0.08854373926770676,0
2020-03-16,29.88400077819824,33.435001373291016,29.475000381469727,30.663000106811523,105599000,36.3754997253418,35.5554997253418,35.364365004630116,34.26070226264113,-0.923918623684429,-0.0856936827284006,-0.8382249409560284,41.034842712644135,31.71615673803946,25.6180287417814,0.04710428144877663,-0.11138864617725497,-0.14597621504897618,-0.13752194064820034,1
2020-03-17,31.975000381469727,32.290000915527344,29.024999618530277,30.61899948120117,100139000,36.0353497505188,35.543199729919436,35.04156837385293,41.11118849598757,-1.0656109906768805,-0.2816771443180966,-0.7839338463587839,40.93077072835941,31.139928772678182,27.170103865969203,0.05008040852049645,0.06997053770648298,0.014274409782226938,-0.12187949461570635,0
2020-03-18,31.54700088500977,33.15800094604492,30.0,30.239999771118164,125936000,35.68174982070923,35.50247974395752,34.70875242253454,40.188049167817965,-1.1986222238993847,-0.4650661602343542,-0.7335560636650305,40.796338839425104,30.567160801993353,28.667815028216097,0.05008163255638409,-0.013385441480963767,-0.06193874864548754,-0.09845106417863914,1
2020-03-19,33.202999114990234,34.85100173950195,31.68199920654297,32.43299865722656,106160000,35.41189985275268,35.50503971099854,34.565347345625554,45.30548375843563,-1.1570713686319678,-0.6034672019138769,-0.5536041667180909,40.45108141141248,30.372718294092884,28.460385235547236,0.05191487126458984,0.05249304794508536,0.11106271751984953,0.05322758181648424,1
2020-03-20,33.28300094604492,35.04899978637695,33.20000076293945,34.23099899291992,108538000,35.17569990158081,35.49217975616455,34.44321911709407,45.547867768025014,-1.104949368795502,-0.703763635290202,-0.40118573350530007,40.14859868410483,30.202801119056794,28.274625928910286,0.05190188627105926,0.0024094760469566268,0.040906975730114814,-0.01031817160420212,1
2020-03-23,36.027000427246094,36.61100006103516,34.0880012512207,34.78900146484375,134494000,35.133549976348874,35.541399726867674,34.59405543234664,53.20745896037217,-0.8326264830295713,-0.7295362048380759,-0.10309027819149541,40.062386402182305,30.204713550515443,28.057719354585085,0.055082170279448464,0.08244447325075854,0.14201031529323882,0.20556148738723956,0
2020-03-24,35.73199844360352,37.292999267578125,35.303001403808594,36.999000549316406,116387000,35.11969995498657,35.59793972015381,34.70243095722825,52.3548049457682,-0.6333123976285506,-0.7102914433961709,0.07697904576762027,40.04016814210768,30.199231767865463,28.021128844652686,0.054843219281638114,-0.008188358179813116,0.07616779797074158,0.11749798334048078,0
2020-03-25,34.23899841308594,36.20000076293945,33.91699981689453,36.10200119018555,87672000,34.93544988632202,35.604879722595214,34.65829452445279,48.1493737755634,-0.5890371206447824,-0.6860405788458932,0.09700345820111078,39.69544173101812,30.175458041625912,27.250210661003933,0.05420073283120313,-0.041783278169398086,0.02872329537203644,0.08533291446272884,1
2020-03-26,36.29899978637695,36.38399887084961,34.17300033569336,34.400001525878906,72296000,34.89184980392456,35.65347972869873,34.81455216844557,53.678186889856384,-0.38330524570100266,-0.6254935122169152,0.24218826651591252,39.5846351190721,30.19906448877702,26.89903425309199,0.05587188363517591,0.060165351463776995,0.007549875257590211,0.09324460903861431,0
2020-03-27,35.71200180053711,36.85599899291992,35.29999923706055,35.90900039672852,79488000,34.832299900054934,35.689579734802244,34.9000235619781,51.977413876363094,-0.2645772029977991,-0.5533102503730919,0.2887330473752928,39.451134621641785,30.213465178468088,26.5204120017327,0.055971269023707075,-0.01617118899403236,-0.0005596284545342778,0.07298022370127755,1
2020-03-30,37.09600067138672,37.77999877929688,36.117000579833984,36.29999923706055,86220000,34.78184995651245,35.754259757995605,35.10916423906464,55.55320983363881,-0.058137063569986935,-0.4542756130124709,0.39613854944248394,39.2769816614752,30.286718251549708,25.847571135997548,0.05617808243916668,0.038754446714571955,0.08344292738448944,0.029672196726435507,1
2020-03-31,37.54999923706055,38.30099868774414,36.64400100708008,36.792999267578125,93665000,34.81549997329712,35.825919761657715,35.34162471506425,56.69239617330404,0.14048272684538432,-0.33532394504089985,0.47580667188628417,39.38236761075909,30.248632335835154,26.234680765547964,0.055706021360232096,0.012238477395327685,0.034463744401935115,0.050878788554925336,0
2020-04-01,36.40800094604492,38.02299880981445,36.10200119018555,37.60499954223633,66725000,34.71694993972778,35.87785976409912,35.443184356110024,53.0117651081874,0.20339600122830603,-0.22757995578705867,0.43097595701536473,39.05110898823097,30.382790891224595,24.968547386955002,0.055400317395075796,-0.03041273806174971,0.01948922240190254,0.06334888967225183,1
2020-04-02,37.007999420166016,37.0989990234375,36.00600051879883,36.40800094604492,45925000,34.7034499168396,35.966019783020016,35.5922143622106,54.67666715561936,0.2982322511593125,-0.12241751439778444,0.42064976555709693,39.00719152646495,30.39970830721425,24.802961203790808,0.05513891080976377,0.016479852189914768,-0.0023722571066422393,0.01953220854463189,0
2020-04-03,36.17599868774414,37.09000015258789,35.750999450683594,36.74700164794922,48608000,34.667399883270264,35.99033977508545,35.64781286940427,51.92897813161961,0.30276506944585435,-0.03738099762905669,0.340146067074911,38.90866638846921,30.42613337807132,24.46832770545152,0.0553392333592668,-0.02248164573761069,-0.0365912270901011,0.012992743722365363,1
2020-04-06,37.99599838256836,38.02899932861328,36.17100143432617,36.52199935913086,81839000,34.83474988937378,36.04393970489502,35.87144958494371,57.017477594372586,0.44805126946321394,0.05970545578939744,0.3883458136738165,39.317178175460775,30.35232160328679,25.735383778106822,0.05442404988276336,0.050309590912297475,0.0436167159761609,0.024261313750617797,0
2020-04-07,37.22800064086914,38.132999420166016,36.93399810791016,38.0,70464000,34.87550001144409,36.10273975372314,36.000644923603275,54.40060016754271,0.4955087143616268,0.14686610750384332,0.3486426068577835,39.42883695662666,30.322163066261517,26.111952193880718,0.05365686704146988,-0.020212595388770183,0.005944693691906089,-0.00857519581181787,0
2020-04-08,37.11199951171875,37.8390007019043,36.83100128173828,37.4010009765625,69089000,34.98149995803833,36.14793972015381,36.10648821770951,53.99747879868137,0.5177899989012431,0.2210508857833233,0.2967391131179198,39.638280488416726,30.32471942765993,26.62424730765912,0.052788176652034086,-0.0031159645200780073,0.02587353101302803,0.019336369681958843,0
2020-04-09,37.071998596191406,37.209999084472656,36.303001403808594,37.10599899291992,77113000,35.258849906921384,36.20305965423584,36.19844158708874,53.84929369834906,0.5261551488101404,0.2820717383886867,0.24408341042145365,39.715583118966904,30.802116694875863,25.280082724256157,0.04690883613227099,-0.0010778431788541765,-0.024318344712870088,0.0017293335772836649,1
2020-04-13,39.672000885009766,40.05099868774414,36.77000045776367,37.13100051879883,116929000,35.560949897766115,36.30101970672607,36.529256758319306,61.28609988557142,0.734120561108206,0.3724815029325906,0.3616390581756154,40.34236850615216,30.779531289380067,26.891399819926686,0.047131497398470584,0.07013385809432648,0.06564951654850848,0.096638719705892,1
2020-04-14,41.35499954223633,41.78200149536133,39.48500061035156,39.75,115810000,36.134499835968015,36.43793972015381,36.988851309168545,65.19572750591217,1.0229466823044504,0.5025745388069626,0.5203721434974878,40.80512910593359,31.463870566002445,25.85135696449553,0.03806952476623757,0.04242283272035552,0.11432959922242336,0.08840407681481,1
2020-04-15,42.67499923706055,43.49800109863281,41.22499847412109,41.29999923706055,135612000,36.66949977874756,36.57543972015381,37.530389207063024,67.93116268664679,1.3428765628025303,0.6706349436060761,0.6722416191964542,41.74544475117452,31.5935548063206,27.684833461343317,0.0361899650811818,0.0319187452408527,0.15113834843111928,0.14631456168536894,1
2020-04-16,43.91699981689453,44.95199966430664,43.1609992980957,43.70000076293945,161287000,37.2879997253418,36.71575969696045,38.13863783657079,70.29670715270325,1.6773074093014273,0.8719694367451464,0.8053379725562809,42.718681174725205,31.85731827595839,29.128306636907574,0.03567025609427985,0.02910370479293145,0.10700239053202765,0.18336388215964994,0
2020-04-17,42.29600143432617,43.20000076293945,41.470001220703125,43.09999847412109,126163000,37.74264984130859,36.82233974456787,38.53457722683321,63.69303765145594,1.7909008521449508,1.0557557198251073,0.7351451323198435,43.25119269028471,32.23410699233247,29.19001645161187,0.03661352948774856,-0.036910499108019024,0.022754247430925245,0.1409150581558194,1
2020-04-20,43.749000549316406,44.44900131225586,43.055999755859375,43.516998291015625,126558000,38.26594982147217,36.96341976165772,39.03118897183161,66.71166735826839,1.9753981985640863,1.239684215572903,0.7357139829911832,43.96561901834324,32.5662806246011,29.789769878769956,0.03683242901268622,0.03435310823048687,0.025166990778131115,0.1027676843455394,0
2020-04-21,43.382999420166016,44.70000076293945,42.560001373291016,44.47700119018555,231776000,38.63374977111816,37.09753978729248,39.445647109768224,65.24024527125674,2.068239069945264,1.4053951864473753,0.6628438834978887,44.648679711112464,32.61881983112386,31.138214517768336,0.033444038160418216,-0.008365931211109956,-0.012159309582962186,0.0490388078921018,0
2020-04-22,42.141998291015625,43.29999923706055,41.29999923706055,42.97299957275391,210848000,38.95424976348877,37.19823978424072,39.702442460363216,60.37746355921674,2.018410727306616,1.5279982946192237,0.49041243268739243,44.9995810682832,32.90891845869434,31.038109276901686,0.034323930441595846,-0.028605701443813247,-0.0036410804352196013,-0.012489770487963958,1
2020-04-23,42.66999816894531,43.84099960327149,41.92599868774414,41.92599868774414,139523000,39.37579975128174,37.3042597579956,39.98506681356152,61.68596268362493,1.9984892442501376,1.6220964845454067,0.37639275970473096,45.21958715320952,33.53201234935396,29.682126782644225,0.03219040805814072,0.012529065999280276,-0.024663474978240507,-0.028394509031773763,0
2020-04-24,42.499000549316406,42.71699905395508,41.5880012512207,42.5,86589000,39.685799789428714,37.39421977996826,40.2244890741096,60.98356207847031,1.9464656027483045,1.6869703081859861,0.25949529456231835,45.501553235413716,33.87004634344371,29.308989496712478,0.0302282995685392,-0.004007443800486454,-0.020376619474556046,0.004799487140774605,0
2020-04-27,42.13800048828125,42.900001525878906,42.08399963378906,42.5,62775000,40.00709972381592,37.47417980194092,40.40672825641166,59.444652106456594,1.8547266696059097,1.720521580469971,0.13420508913593876,45.61553061982634,34.3986688278055,28.037178074529418,0.02994805848961043,-0.008494318839715964,-9.486504903655213e-05,-0.0368236997601612,0
2020-04-28,40.382999420166016,42.09999847412109,40.29100036621094,41.999000549316406,101012000,40.17144966125488,37.52103977203369,40.40446836724541,52.50756570899053,1.6217148656178537,1.7007602374995476,-0.07904537188169392,45.61936798712136,34.72353133538841,27.123334466672027,0.03108040412298898,-0.04164889287054108,-0.0535973481818367,-0.06915151188475666,1
2020-04-29,41.18899917602539,41.58599853515625,39.36000061035156,39.95299911499024,96931000,40.353399658203124,37.5692597579956,40.479185587129216,55.09912599993878,1.4849709556602306,1.6576023811316845,-0.17263142547145383,45.680694639472144,35.026104676934104,26.40320283491196,0.03122645933647972,0.019958887834787387,-0.030824286603419626,-0.022613999184595057,1
2020-04-30,41.98500061035156,42.44400024414063,40.79999923706055,41.03099822998047,79540000,40.632249641418454,37.636579780578614,40.62259654172182,57.56207088158533,1.4244113576549466,1.610964176436337,-0.1865528187813903,45.68083683970746,35.58366244312945,24.850148553639187,0.030214041275519733,0.019325583292868487,-0.0036309240153015176,-0.016053376798414787,0
2020-05-01,41.527000427246094,42.797000885009766,41.17300033569336,41.5099983215332,82999000,40.85819969177246,37.695119819641114,40.70873024510509,55.669914877637936,1.324196143954019,1.5536105699398735,-0.22941442598585438,45.63492418227909,36.08147520126583,23.381962624596554,0.030409515178683198,-0.010908662056623775,0.028328777542680594,-0.022871128956136078,1
2020-05-04,42.81499862670898,42.854000091552734,41.48699951171875,41.77799987792969,77991000,41.1901496887207,37.791279792785645,40.90932723382927,59.683543388788635,1.3333356916502836,1.5095555942819556,-0.17621990263167198,45.521147821049894,36.85915155639151,21.029290570969547,0.030104134131917128,0.03101592183907953,0.03947654672876877,0.01606621411986553,0
2020-05-05,42.46799850463867,43.09999847412109,42.15599822998047,42.75600051879883,62863000,41.41374969482422,37.903239784240725,41.0577721167635,58.1558675786909,1.29762067578676,1.4671686105829167,-0.1695479347961566,45.51784715678471,37.309652232863726,19.81997521211373,0.028673383865558223,-0.008104639336688813,0.011504058289045771,0.05163061472426134,1
2020-05-06,43.42599868774414,43.97700119018555,42.63899993896485,42.93000030517578,66607000,41.72364959716797,38.051579780578614,41.283317504475946,61.115094684883886,1.3312727927706263,1.4399894470204586,-0.10871665424983235,45.43379708112923,38.01350211320671,17.784386168428984,0.02820942009216755,0.02255816654511822,0.045729242202913856,0.05431060614409944,1
2020-05-07,43.65299987792969,43.88800048828125,43.06600189208984,43.68899917602539,56419000,42.050699615478514,38.166159782409665,41.50900154004297,61.80438856203453,1.3605755686244123,1.4241066713412494,-0.06353110271683704,45.18572157614906,38.91567765480797,14.910676822682714,0.02809622890971418,0.005227310759570614,0.019572609555053022,0.0397284564327689,0
2020-05-08,43.55500030517578,44.20000076293945,43.36399841308594,43.41400146484375,50493000,42.37484970092773,38.29383975982666,41.703858565293714,61.299193765222284,1.3602108194739344,1.4113275009677866,-0.05111668149385218,44.589157928662566,40.1605414731929,10.451049352920084,0.028118418799511682,-0.0022449676546388853,0.025595785975606633,0.04883569381522457,1
2020-05-11,44.05199813842773,44.48899841308594,43.555999755859375,43.632999420166016,54860000,42.59384956359863,38.43681972503662,41.927490905592194,62.95308374034151,1.3840706201485204,1.4058761248039335,-0.021805504655413088,44.5464898786476,40.641209248549664,9.168649159702738,0.024121639482633798,0.01141081000504296,0.014415315009445262,0.02889173307008086,0
2020-05-12,43.18199920654297,44.41699981689453,43.13600158691406,44.20000076293945,45982000,42.68519954681396,38.53835971832275,42.04696788663512,58.259523083517976,1.3175896874195772,1.3882188373270623,-0.07062914990748514,44.56712915432694,40.80326993930098,8.81771493395044,0.02310103245159068,-0.019749363675874543,-0.010789651861356941,0.016812676063043375,1
2020-05-13,43.82699966430664,44.70000076293945,42.72700119018555,43.56900024414063,70146000,42.74279956817627,38.67735973358154,42.21649472260384,60.60459916169695,1.3019412474402259,1.370963319349695,-0.06902207190946918,44.689362870560146,40.79623626579239,9.10826301529006,0.02225628782101874,0.014936790088818874,0.006244962856734038,0.009234122154470281,1
2020-05-14,44.19499969482422,45.23799896240234,43.28200149536133,44.4900016784668,90075000,42.756699562072754,38.79367969512939,42.40492376757721,61.91915378032053,1.3042002641650328,1.3576107083127626,-0.053410444147729885,44.74022260141856,40.77317652272695,9.278185920155938,0.021372042900197754,0.008396651227240648,0.003246199092879376,0.012416095535476845,1
2020-05-15,45.41899871826172,45.5,43.7509994506836,44.06999969482422,72440000,42.91284942626953,38.95649967193604,42.691978524785256,65.9847536377187,1.388748415728891,1.3638382497959884,0.024910165932902517,45.19581927576118,40.62987957677788,10.640029175476318,0.020268628271310516,0.027695418755277146,0.05180398204860781,0.042796427506038404,0
2020-05-18,45.257999420166016,45.63600158691406,44.334999084472656,45.11600112915039,77735000,42.98829936981201,39.123719673156735,42.936361467202474,65.0017153033242,1.4263204033940298,1.376334680515597,0.04998572287843284,45.468076883305045,40.50852185631898,11.53698820304776,0.018989515334231544,-0.003544756657767767,0.03265110016245987,0.027376766836967992,0
2020-05-19,45.104000091552734,45.89699935913086,45.047000885009766,45.34000015258789,48105000,43.07434940338135,39.33281970977783,43.142803240950116,64.01925057339484,1.4272179355682866,1.386511331526135,0.04070660404215154,45.71702955167048,40.43166925509222,12.270319505193408,0.0188808417240697,-0.0034026985413911914,0.0205679466682962,0.04450930758941207,0
2020-05-20,44.766998291015625,45.58100128173828,44.400001525878906,45.42499923706055,56073000,43.20559940338135,39.49989971160889,43.297488483813495,61.81733576619921,1.3847732039176037,1.386163706004429,-0.0013905020868252294,45.91004175776375,40.50115704899895,12.518943802319967,0.01762019844563007,-0.007471661046759892,-0.014355235598444427,0.021447934695710824,0
2020-05-21,43.625,44.89599990844727,43.025001525878906,44.85599899291992,91173000,43.253349494934085,39.67255970001221,43.32868005678364,54.9234278716893,1.2446383145499524,1.3578586277135338,-0.11322031316358139,45.95199615554514,40.55470283432303,12.478324532656712,0.01858386754005519,-0.02550982497401022,-0.03608200629916458,-0.012897379766041106,0
2020-05-22,42.93199920654297,43.90900039672852,42.71799850463867,43.70000076293945,54223000,43.27499942779541,39.90069969177246,43.29090092818929,51.19251889575706,1.06537999531605,1.299362901234037,-0.23398290591798698,45.955981273253244,40.59401758233757,12.39044196837516,0.018947698426397538,-0.015885405007611042,-0.04815539376997624,-0.05475681062776927,0
2020-05-26,41.47700119018555,42.84999847412109,41.31399917602539,42.777000427246094,78811000,43.241949462890624,40.05763969421387,43.11814857218893,44.3766002364921,0.796726142812922,1.1988355495498142,-0.4021094067368922,45.993549119408996,40.49034980637225,12.72652917223235,0.020390800039146572,-0.03389075848430734,-0.07349157250711524,-0.08354320293476636,1
2020-05-27,41.98899841308594,42.00199890136719,39.7859992980957,41.03799819946289,104463000,43.32224941253662,40.29973964691162,43.01061046179817,47.048300250210204,0.6180059383445453,1.0826696273087606,-0.4646636889642153,45.81719761628389,40.82730120878935,11.518091685355936,0.018116292803785235,0.012344123446936806,-0.03750146904101004,-0.06906264792798689,0
2020-05-28,41.34400177001953,42.23699951171875,41.150001525878906,41.7239990234375,56551000,43.32999954223633,40.48711967468262,42.85188582448592,44.170024894691785,0.41948745974613644,0.9500331937962359,-0.5305457340500994,45.79922365398684,40.860775430485816,11.397295812771075,0.0180057449020729,-0.015361086652292966,-0.03698866733141615,-0.0764624980827241,1
2020-05-29,41.97299957275391,42.02999877929688,41.185001373291016,41.74599838256836,52549000,43.329399490356444,40.6956396484375,42.768182371940014,47.54048382427578,0.3093490182162668,0.821896358680242,-0.5125473404639752,45.799936199632775,40.85886278108011,11.40351234189702,0.017799876408724213,0.015213761992205033,0.011958395456172166,-0.03786820463601348,1
2020-06-01,42.59199905395508,42.672000885009766,41.59799957275391,41.882999420166016,37437000,43.382649421691895,40.8834196472168,42.7514030083224,50.69503856962908,0.2689117475041698,0.7112994364450276,-0.4423876889408578,45.73875485551988,41.02654398786391,10.861971157759216,0.017886284624223734,0.014747563612369952,0.01436091985183463,-0.00791950430615107,1
2020-06-02,42.73099899291992,42.75899887084961,41.94599914550781,42.58700180053711,34948000,43.37844944000244,41.0723796081543,42.74945976876026,51.401752102614346,0.2452539180317288,0.6180903327623678,-0.372836414730639,45.73888296526508,41.018015914739806,10.88297786451494,0.01649143770759182,0.003263522305885669,0.033547725510842286,0.03023356961088841,0
2020-06-03,42.196998596191406,42.709999084472656,41.80500030517578,42.69499969482422,43160000,43.364899444580075,41.1957795715332,42.696844418991795,48.5242023394114,0.18132534285951607,0.5307373347817975,-0.34941199192228145,45.74907499512316,40.98072389403699,10.995877223651988,0.016634110734622332,-0.012496791774444405,0.00533674089813907,0.004953682892341771,0
2020-06-04,41.43299865722656,42.87099838256836,41.00299835205078,42.23899841308594,54105000,43.2652494430542,41.30979957580566,42.576478155966534,44.671120824343106,0.06822660258939095,0.43823518834331626,-0.3700085857539253,45.79314858493534,40.737350301173066,11.685586813538942,0.016186641390342406,-0.018105551683332277,-0.027211692864199888,0.0021525948964031816,1
2020-06-05,41.959999084472656,42.02399826049805,40.42499923706055,40.729000091552734,50996000,43.18059940338135,41.4642195892334,42.51776586344331,47.7529857197593,0.02087888742770616,0.35476392816019425,-0.3338850407324881,45.763674542517485,40.597524264245216,11.96405411145757,0.016452603269703183,0.012719340726601747,-0.01804310516061214,-0.0003097345534889273,0
2020-06-08,41.94900131225586,42.08000183105469,40.650001525878906,41.59999847412109,58515000,43.10029945373535,41.57721961975098,42.46359781094927,47.693282552073526,-0.017332152006034107,0.2803447121269486,-0.2976768641329827,45.73123396666616,40.469364940804546,12.208427998301499,0.016456051287835637,-0.00026210134548998454,-0.005877130890487803,-0.01509667909422796,1
2020-06-09,43.40499877929688,43.47299957275391,42.03099822998047,42.165000915527344,67970000,43.06794948577881,41.73107955932617,42.553255046029996,55.60655740828373,0.06907588742671322,0.23809094718690155,-0.16901505976018832,45.66699788627731,40.468901085280315,12.06952470006361,0.01817171459050136,0.0347087516149196,0.047594916756679595,0.01577308750700257,1
2020-06-10,43.448001861572266,43.96900177001953,43.05500030517578,43.59999847412109,48969000,43.08124961853027,41.858119583129884,42.638469028462595,55.81915407948625,0.13941774952930075,0.2183563076553814,-0.07893855812608064,45.68521419354218,40.477285043518364,12.088621375048882,0.01760325970422934,0.0009907403175850593,0.035462412048770764,0.02964673571579035,0
2020-06-11,42.555999755859375,44.55699920654297,42.41600036621094,42.81999969482422,74629000,43.01769962310791,41.95823959350586,42.63061481202419,50.4248746384736,0.12178322565503663,0.19904169125531246,-0.07725846560027583,45.60776254854743,40.42763669766839,12.041847649371789,0.017852225268853064,-0.020530336666686244,0.014469914053142796,0.027104026621953103,0
2020-06-12,41.80699920654297,43.40599822998047,41.244998931884766,42.900001525878906,64611000,42.898299598693846,42.06621955871582,42.55217523054979,46.37248239917331,0.04682982864962071,0.16859931873417414,-0.12176949008455343,45.48042130426418,40.31617789312351,12.038340585643898,0.018052890793835482,-0.017600351386722557,-0.03681602621115887,-0.003646327008293593,1
2020-06-15,42.54999923706055,42.64899826049805,41.54199981689453,42.13999938964844,44679000,42.75484962463379,42.17705955505371,42.551967993074626,50.61256662297228,0.04684264165076968,0.14424798331749325,-0.09740534166672357,45.06537310217106,40.444326147096525,10.808240458439254,0.01729639992768992,0.017772144488219954,-0.020668444716348655,0.014326870867104491,1
2020-06-16,43.61299896240234,43.79600143432617,42.51800155639648,42.57600021362305,55079000,42.6725996017456,42.325799560546876,42.65301856158203,55.975586122607126,0.13111655993647986,0.14162169864129057,-0.010505138704810707,44.72335330528935,40.621845898201855,9.611571465919589,0.01840013589962345,0.024982367671018135,0.024837842198676796,0.004792078999082072,1
2020-06-17,44.777000427246094,45.04600143432617,43.922000885009766,44.18199920654297,65296000,42.656249618530275,42.46141960144043,42.85530254878813,60.973181852459106,0.28850374598904693,0.17099810811084185,0.11750563787820509,44.63308556602324,40.67941367103731,9.268681448423488,0.019452822482293408,0.02668932411291447,0.07104076535199666,0.030588255126394293,1
2020-06-18,44.98699951171875,45.2760009765625,44.27999877929688,44.87300109863281,42776000,42.66724967956543,42.616599578857425,43.05832130716248,61.81536157327701,0.42527706663216236,0.22185389981510595,0.2034231668170564,44.69279241650513,40.64170694262573,9.494601841701499,0.019403046517789645,0.004689887274022864,0.05727380301656049,0.0571247243586297,1
2020-06-19,45.37200164794922,45.39699935913086,44.560001373291016,44.9119987487793,59345000,42.75459976196289,42.78179962158203,43.278671815808835,63.375777829358164,0.5583016100076108,0.2891434418536069,0.2691581681540039,45.068035029790046,40.44116449413574,10.821924568150564,0.018479942471143884,0.008558075453113378,0.040332073633901455,0.08527286122100608,1
2020-06-22,46.80400085449219,46.85900115966797,45.42100143432617,45.5009994506836,62721000,42.94819984436035,42.97643966674805,43.614417438540585,68.52744814899727,0.770394261778037,0.38539360583849297,0.3850006559395441,45.859435750269945,40.03696393845076,13.556963581521913,0.019081534968206366,0.03156129671452779,0.04526878549043434,0.09997653804248374,0
2020-06-23,46.6259994506836,47.4010009765625,46.45000076293945,46.650001525878906,59484000,43.20564975738525,43.11551963806152,43.901234773030396,67.2609401998561,0.9135847543225211,0.4910318355352986,0.42255291878722245,46.4433232371908,39.9679762775797,14.987269016835592,0.01696411240413508,-0.003803123676584197,0.03643274627679727,0.06908491871606204,0
2020-06-24,45.78499984741211,47.23600006103516,45.400001525878906,46.854000091552734,48262000,43.395449829101565,43.20411964416504,44.08064097059056,61.479564537639426,0.9482715279431488,0.5824797740168687,0.36579175392628016,46.767836902319786,40.023062755883345,15.542583780093244,0.017710350716312575,-0.018037138360133542,0.009102490180341372,0.02251154410853884,1
2020-06-25,46.59099960327149,46.70100021362305,45.400001525878906,45.88600158691406,41345000,43.65779972076416,43.282439651489256,44.3197227451316,64.61840648302501,1.0289375387635573,0.6717713269662065,0.35716621179735086,47.16469358186189,40.15090585966643,16.065371519077313,0.01729523728846231,0.017604013509785688,-0.004550919736175718,0.0356547471261095,0
2020-06-26,44.34000015258789,46.803001403808594,44.2239990234375,46.63899993896485,68047000,43.77614974975586,43.290899658203124,44.3216539267941,51.89910432384654,0.9008447131265669,0.7175860041982786,0.18325870892828833,47.20655013653939,40.34574936297233,15.672462774333704,0.02098074883645585,-0.04831404069136014,-0.0490284245920265,-0.022745337606412952,1
2020-06-29,44.7239990234375,44.766998291015625,43.2140007019043,44.52299880981445,48440000,43.88274974822998,43.339459609985354,44.359972507426804,53.5778001073308,0.8208534381439776,0.7382394909874184,0.08261394715655923,47.29177213741966,40.4737273590403,15.536958867657024,0.02084441230870808,0.008660326331261903,-0.023173546522018418,-0.044440684409034925,1
2020-06-30,45.50400161743164,45.75899887084961,44.70000076293945,45.00199890136719,41985000,44.021399879455565,43.37455963134766,44.4689276607606,56.87044289623156,0.8110501853207452,0.7528016298540837,0.05824855546666152,47.45722929586255,40.58557046304858,15.60981443486742,0.021105697347251033,0.01744035889065687,-0.02333064315202038,-0.024063780861978024,1
2020-07-01,48.56399917602539,48.823001861572266,45.400001525878906,45.400001525878906,97059000,44.33974990844727,43.47817962646484,44.8589344717382,66.81473559863228,1.0382292063263137,0.8098871451485298,0.22834206117778388,48.194732460959735,40.4847673559348,17.388382029543408,0.025105538070564593,0.06724677940019963,0.0952638477424761,0.06069672027683448,0
2020-07-02,47.68899917602539,49.22800064086914,47.553001403808594,48.56399917602539,63515000,44.65254993438721,43.58911964416504,45.128464443575076,62.38525778310992,1.1345862261303736,0.8748269613448986,0.25975926478547506,48.52852318239129,40.77657668638313,17.36059084508931,0.025100844681384175,-0.01801746179980912,0.0662955061561934,0.023566774314857097,1
2020-07-06,49.38100051879883,49.95000076293945,47.97999954223633,48.07699966430664,78390000,45.023600006103514,43.72333969116211,45.53346787931067,66.94827161822533,1.3321243262422016,0.9662864343243592,0.36583789191784233,49.20619955259729,40.84100045960974,18.579587353862294,0.025861393189732903,0.03547990882610197,0.08520127381241105,0.11368967859411971,0
2020-07-07,49.31600189208984,50.48199844360352,49.08300018310547,49.73099899291992,56699000,45.39195003509521,43.85967971801758,45.893709213861065,66.61396334032995,1.4665246643559655,1.0663340803306807,0.40019058402528485,49.72158320147536,41.062316868715065,19.07665638084573,0.025881238472944525,-0.0013162679173389646,0.015484777382907211,0.102674245794655,1
2020-07-08,50.27799987792969,50.5099983215332,49.38100051879883,49.858001708984375,56917000,45.73560009002686,44.02247970581055,46.31126070567713,69.0752837321374,1.6318521228385237,1.1794376888322493,0.45241443400627435,50.45348557710152,41.017714602952196,20.631129701098843,0.025285476218688065,0.019506812169097554,0.054289264749465715,0.10491381177055037,1
2020-07-09,50.7760009765625,51.0,49.57799911499024,50.84000015258789,58405000,46.102000045776364,44.230339736938475,46.736474064809066,70.29611963419049,1.7825121608814527,1.3000525832420902,0.48245957763936254,51.17703254294216,41.02696754861057,22.016539378450425,0.025239916797516002,0.009904950472212848,0.028249740651419275,0.04554818050547027,1
2020-07-10,54.87300109863281,55.5880012512207,51.12799835205078,51.97299957275391,216056000,46.71785011291504,44.504019775390624,47.51138140136371,77.99323681327738,2.2070633438907095,1.4814547353718142,0.7256086085188953,52.80965919635926,40.62604102947081,26.079149912594797,0.029051866815222035,0.08068772733720064,0.11268146227065312,0.15064274878343475,0
2020-07-13,52.54999923706055,57.5369987487793,52.09600067138672,56.79800033569336,183990000,47.25500011444092,44.7153197479248,47.99124976666817,67.3384176666347,2.32922650579372,1.6510090894561953,0.6782174163375247,53.41418177833976,41.095818450542076,26.067851651603842,0.030899027027959526,-0.042334150038499385,0.04518873791016076,0.06417445343286055,0
2020-07-14,52.48799896240234,52.54999923706055,49.04899978637695,51.70800018310547,150833000,47.751900100708006,44.93453971862793,48.419511594833324,67.07504007761162,2.3934486021177293,1.7994969919885022,0.593951610129227,53.91609746296223,41.587702738453785,25.817600343668108,0.03100145279998865,-0.0011798339782750356,0.033716676242976806,0.0643198343055722,0
2020-07-15,52.32600021362305,52.900001525878906,51.01800155639648,51.630001068115234,100667000,48.187550163269044,45.12475975036621,48.79155812995616,66.34486674585571,2.4035663146955315,1.920310856529908,0.48325545816562343,54.35168376458273,42.02341656195536,25.58392605736698,0.030970500522769166,-0.0030863959758750115,-0.04641628549587795,0.04073352839543576,1
2020-07-16,52.73899841308594,53.55400085449219,50.43600082397461,52.64799880981445,244990000,48.58565006256104,45.33017974853516,49.167504823587564,67.32153671291972,2.417047953684346,2.0196582759607957,0.39738967772355016,54.844993100720416,42.32630702440166,25.766221220049836,0.03070861307377305,0.007892791304070723,0.003596559063165472,0.03865994561937902,0
2020-07-17,49.29899978637695,50.35900115966797,48.41400146484375,49.48699951171875,249914000,48.80125007629395,45.44763977050781,49.18002815337703,53.41663714193036,2.1256499404630844,2.0408566088612536,0.08479333160183078,54.843199944833565,42.75930020775433,24.761455327860954,0.034880290386590684,-0.06522684787763111,-0.060756729901433215,-0.10158003390841941,1
2020-07-20,50.24100112915039,50.45000076293945,48.41999816894531,48.91400146484375,119403000,49.044700050354,45.579399795532225,49.28107319868878,56.09114503317662,1.9482681290669461,2.0223389129023923,-0.07407078383544619,54.90394183719347,43.18545826351453,23.893475873331095,0.03501387828450119,0.01910791997515826,-0.039846330236604444,-0.04393907024610855,0
2020-07-21,49.0099983215332,50.62200164794922,48.86100006103516,50.59999847412109,91137000,49.15499992370606,45.688499755859375,49.25525654372158,51.89785716231628,1.6888916354387788,1.95564945740967,-0.26675782197089104,54.923721128022436,43.38627871938968,23.471554117668862,0.035077667315561306,-0.024501956170275174,-0.0707066915140252,-0.06626277834215888,0
2020-07-22,48.98199844360352,49.720001220703125,48.720001220703125,49.21900177001953,69541000,49.27279987335205,45.78709976196289,49.22923196275796,51.80299412798452,1.4641961970583495,1.857358805339406,-0.3931626082810564,54.92518470141329,43.620415045290805,22.943225644127416,0.03505266739830896,-0.0005713095059907136,-0.0064301779781955615,-0.06390707786506711,0
2020-07-23,47.757999420166016,49.18999862670898,47.20199966430664,49.11299896240234,77220000,49.371449851989745,45.87861976623535,49.0891145777492,47.69848011155813,1.1738258181435341,1.7206522079002318,-0.5468263897566976,54.84287574016197,43.90002396381752,22.164331428689938,0.03530629205129357,-0.0249887522422505,-0.04942181989171612,-0.09444621898022254,1
2020-07-24,48.04499816894531,48.71699905395508,46.75400161743164,46.87699890136719,77462000,49.444149780273435,45.96297973632812,48.98967491976788,48.72437174220366,0.9558452127066914,1.5676908088615238,-0.6118455961548324,54.8033544066935,44.08494515385337,21.67781082387308,0.03514349956393786,0.00600943825670619,-0.019689863000136087,-0.02543665435131537,1
2020-07-27,49.56499862670898,49.69200134277344,48.23099899291992,48.45100021362305,78631000,49.705399703979495,46.07037971496582,49.04446765376227,53.88366657082605,0.8954234619130332,1.4332373394718256,-0.5378138775587924,54.52624198948034,44.88455741847865,19.39766027116318,0.033618837907790036,0.03163701770616667,0.011902335585117108,-0.013455195701687295,0
2020-07-28,48.85100173950195,49.77899932861328,48.7760009765625,49.60200119018555,59867000,49.911749839782715,46.13901977539062,49.02604232859462,51.27383522762252,0.7809232107514745,1.3027745137277553,-0.5218513029762808,54.18414114393649,45.639358535628936,17.119781686148865,0.03392128521183836,-0.014405263936036361,0.02288626685803785,-0.0032441662411033523,0
2020-07-29,48.448001861572266,49.492000579833984,48.41299819946289,49.22499847412109,66118000,50.058949851989745,46.20281982421875,48.970990855544876,49.80746701344709,0.6501674885450299,1.1722531086912105,-0.5220856201461805,53.894248905759746,46.223650798219744,15.323130289827905,0.033910387008560736,-0.008249572446409337,0.008388046789175263,-0.010901894553079217,1
2020-07-30,48.58000183105469,48.834999084472656,47.7509994506836,48.07099914550781,66086000,50.05974998474121,46.27233985900879,48.933753805593426,50.30874747565053,0.5508441426320729,1.047971315479383,-0.4971271728473101,53.89380765462721,46.22569231485521,15.317925762931958,0.030435752352049362,0.0027245699391189593,-0.019872830080610693,0.017211826727850266,1
2020-07-31,48.88800048828125,49.47999954223633,48.45000076293945,48.82899856567383,59163000,50.119700050354005,46.3547599029541,48.92939634680179,51.525260668049945,0.49131897370259736,0.936640847124026,-0.4453218734214286,53.839394886174446,46.400005214533564,14.84324460075921,0.030143662805961056,0.006340029757464505,0.0007573795308557507,0.01754609952052877,1
2020-08-03,49.86199951171875,50.30899810791016,49.02299880981445,49.08599853515625,58731000,50.14375,46.479499893188475,49.0182156958415,55.25577133925321,0.5167812965112404,0.852668937001469,-0.33588764049022857,53.850225763478825,46.43727423652117,14.78340077668235,0.029417305613736615,0.01992306933622645,0.029185881683761128,0.005992149565998917,1
2020-08-04,50.9640007019043,51.04399871826172,49.8650016784668,49.8650016784668,56080000,50.22614994049072,46.6401399230957,49.20352855356177,59.09171566784389,0.6187500911309769,0.8058851678273705,-0.18713507669639362,53.92862646860668,46.52367341237476,14.743222534487519,0.029788400856630152,0.02210102284258686,0.04907366778495348,0.043253953596896766,0
2020-08-05,50.21099853515625,51.0099983215332,50.119998931884766,50.86800003051758,43082000,50.22279987335205,46.81481986999512,49.29947807561838,55.585067052875864,0.6315203403815701,0.7710122023382104,-0.13949186195664032,53.92520392737756,46.520395819326545,14.743917357701847,0.029718158350702545,-0.014775177701461528,0.027061815448805815,0.036389460985848165,1
2020-08-06,50.90800094604492,51.08200073242188,49.869998931884766,50.4109992980957,37259000,50.229399871826175,46.9931999206543,49.45267072994472,58.065674535059074,0.6899300403452955,0.7547957699396275,-0.06486572959433201,53.936193007304645,46.522606736347704,14.759456194727989,0.029798639164888698,0.013881468826011378,0.02097792797259035,0.047920935101778195,0
2020-08-07,49.47299957275391,50.82899856567383,48.667999267578125,50.54499816894531,59103000,49.95939979553223,47.15577987670898,49.45460681021226,51.66759014420835,0.6133571311615214,0.7265080421840063,-0.11315091102248498,53.00086934103201,46.91793025003245,12.17576495293193,0.02371119161900414,-0.028188130482905804,-0.029255967126118332,0.011966107810297721,0
2020-08-10,48.3380012512207,49.74599838256836,47.86299896240234,49.334999084472656,46912000,49.748799896240236,47.28307991027832,49.34826342364164,47.23439889311615,0.45583310964268264,0.6723730556757416,-0.21653994603305893,52.622242653715176,46.875357138765295,11.55180733391762,0.022463262549480917,-0.022941772913205094,-0.037302530094559416,-0.030564323040031094,0
2020-08-11,46.69300079345703,48.09199905395508,46.65499877929688,47.97499847412109,73292000,49.459049987792966,47.36509994506836,49.095381268385964,41.65575364461014,0.1959970664129571,0.5770978578231848,-0.3811007914102277,52.337902635846675,46.58019733973926,11.641358452150783,0.023432163875734213,-0.03403120557704342,-0.08279641852476549,-0.08380425103258582,1
2020-08-12,47.547000885009766,48.249000549316406,47.01800155639648,47.13399887084961,54392000,49.220100021362306,47.46141998291016,48.947916469969186,45.26964580098025,0.05831359749458187,0.47334100575746424,-0.41502740826288237,51.893433120358836,46.54676692236578,10.862769875868844,0.024031142223635043,0.018289681045138728,-0.03893029944367565,-0.05305605799257773,1
2020-08-13,48.132999420166016,48.44499969482422,47.64500045776367,47.84000015258789,30089000,48.98980007171631,47.58013999938965,48.87030532236888,47.66512097987613,-0.0034762867166904243,0.37797754726263333,-0.38145383397932375,51.15645324103802,46.8231469023946,8.845323582255665,0.024171440889545,0.012324616153466028,-0.004241007607849956,-0.05451012560520696,1
2020-08-14,48.26800155639648,48.83300018310547,48.02099990844727,48.28200149536133,29435000,48.93825016021729,47.71684005737305,48.812943058942935,48.22732355045145,-0.04107814767618123,0.29416640827487045,-0.3352445559510517,51.12201619834132,46.75448412209325,8.924577527699402,0.01947302165753758,0.00280477298021653,0.033730981863991705,-0.02435667994186186,0
2020-08-17,48.23500061035156,48.624000549316406,47.90999984741211,48.41899871826172,24235000,48.83795013427734,47.842340087890626,48.757900920981854,48.091323595247694,-0.07270272221296636,0.22079258217730308,-0.29349530439026944,50.956457556241155,46.71944271231353,8.675660694763351,0.018898465679473023,-0.0006837023489848493,0.01446988690213491,-0.002130841950494178,1
2020-08-18,49.1870002746582,49.52999877929688,48.27999877929688,48.435001373291016,35055000,48.84680023193359,47.98710006713867,48.79876752609389,52.272596386485226,-0.020708296310345986,0.1724924064797733,-0.19320070279011928,50.969583189363306,46.72401727450388,8.691594730260116,0.018697370877680863,0.019736698502338834,0.021897676587563808,0.05341270509113749,0
2020-08-19,48.45299911499024,49.45000076293945,48.34999847412109,49.39300155639648,31562000,48.82035026550293,48.08806007385254,48.76583720122687,48.99564031789636,-0.03828872982099796,0.13033617921961904,-0.168624909040617,50.948910632067786,46.691789898938076,8.719971712570535,0.01900728338555552,-0.01492266565493583,0.003832716346824805,0.01905479237631824,1
2020-08-20,49.790000915527344,49.89400100708008,48.38899993896485,48.46900177001953,51325000,48.921950340270996,48.21490005493164,48.86337660258882,54.58103319854412,0.055029179349645574,0.11527477924562436,-0.06024559989597879,51.03188056334477,46.81202011719722,8.625699541405844,0.019059431698943554,0.027593788309451917,0.03223800737015159,0.034425477641584656,0
2020-08-21,49.23099899291992,49.8129997253418,49.0,49.64599990844727,39213000,48.98125038146973,48.34840003967285,48.89838825881083,52.016245499454364,0.0829216422314687,0.10880415184279324,-0.025882509611324545,51.05562565091297,46.90687511202648,8.47007887013031,0.01926943833004214,-0.011227192454882906,0.0008945192432152638,0.019951052570475136,0
2020-08-24,48.88100051879883,50.09999847412109,48.31600189208984,49.54399871826172,47622000,48.94705047607422,48.489880065917966,48.896732283571595,50.41875130709217,0.07590962926333589,0.10222524732690177,-0.026315618063565888,51.00428449985241,46.889816452296024,8.405957064905428,0.017973251727845425,-0.007109310826120541,0.008833331509425113,0.013392762522503876,1
2020-08-25,49.05799865722656,49.24700164794922,48.50899887084961,48.81900024414063,57277000,48.95740032196045,48.62004005432129,48.91209098582445,51.23439620339922,0.0836703295273864,0.0985142637669987,-0.014843934239612305,51.01468012285577,46.900120521065126,8.404367010363924,0.017691158337898465,0.003621000727259238,-0.014701792425002802,-0.002622677063274903,1
2020-08-26,54.75299835205078,54.90399932861328,49.20800018310547,49.25,203737000,49.272650146484374,48.84284004211426,49.468367877846,68.93958615759799,0.5430991121757742,0.18743123344875381,0.35566787872702044,52.51313843047965,46.0321618624891,13.153294066227476,0.031197222500804277,0.1160870775551972,0.11216508850297746,0.13002289542715761,0
2020-08-27,52.62699890136719,54.09999847412109,52.125,53.77799987792969,90629000,49.475,48.99984001159668,49.76918988008611,60.15867870353044,0.7272658761657027,0.29539816199214364,0.43186771417355907,53.00931198989885,45.940688010101155,14.287264234052941,0.032809356996089716,-0.03882891375215369,0.07663505948753468,0.0569792716142552,0
2020-08-28,52.38899993896485,53.900001525878906,52.20000076293945,53.20000076293945,44175000,49.65004997253418,49.1478800201416,50.01869559997932,59.248875546471915,0.8442824734457659,0.4051750242828681,0.4391074491628978,53.3914610317352,45.90863891333316,15.071127063399633,0.032867146361684973,-0.004522373826567394,0.06789924931533275,0.06414659484157714,1
2020-08-31,52.95600128173828,53.19900131225586,51.757999420166016,52.11600112915039,49414000,49.80475006103516,49.29956001281738,50.29843899824208,60.77099977038838,0.9715715673371861,0.5184543328937317,0.4531172344434544,53.81465112399374,45.794848998076574,16.102484433892332,0.032697026239026476,0.010822908309645385,-0.03282006692598216,0.08336573964708993,1
2020-09-01,55.65499877929688,55.73899841308594,53.244998931884766,53.2599983215332,95727000,50.03929996490479,49.47657997131348,50.80858754881872,67.07528194167887,1.2755320929281737,0.6698698849006202,0.6056622080275536,54.77591917152557,45.30268075828401,18.931596604839882,0.03416535452911362,0.050966791907102404,0.05753700460109323,0.1344734865391526,0
2020-09-02,55.28400039672852,55.650001525878906,53.73699951171875,55.37799835205078,58869000,50.292950057983404,49.64973999023437,51.23481734385775,65.51668248920808,1.4695465130247385,0.8298052105254439,0.6397413024992946,55.55352877840598,45.032371337560825,20.91974606523415,0.03396654839699294,-0.006666038823207487,0.055259700722221305,0.009698136369875154,0
2020-09-03,52.57500076293945,55.400001525878906,52.13199996948242,54.5,90711000,50.37630004882813,49.78554000854492,51.362453859960766,55.39477371958773,1.3887026091169332,0.9415846902437417,0.4471179188731915,55.72529931550265,45.0273007821536,21.23617360342031,0.03598569629309391,-0.04900151245113904,-0.007194661786712686,-0.0009880506111547005,0
2020-09-04,51.60499954223633,52.73600006103516,48.59799957275391,52.01800155639648,82701000,50.48290004730225,49.88582000732422,51.385553448748915,52.280219196809504,1.232158682647416,0.9996994887244767,0.23245919392293934,55.840613090681025,45.12518700392348,21.2258528664503,0.03561678460024789,-0.018449856521673857,-0.07276973004924603,-0.014964981153332002,0
2020-09-08,50.70199966430664,52.20000076293945,49.5,49.84000015258789,55727000,50.60109996795655,50.01305999755859,51.32045308832585,49.49056938113134,1.0234344345228052,1.0044464778841424,0.018987956638662817,55.86785294579481,45.33434699011829,20.816752921076663,0.03543089313260384,-0.017498302217610173,-0.08288113558245735,-0.04256366724971972,0
2020-09-09,50.01900100708008,52.0,49.25699996948242,51.92100143432617,68481000,50.7673999786377,50.118960037231446,51.19650527106435,47.429113070738,0.7937567468455882,0.9623085316764316,-0.16855178483084343,55.731388713905325,45.80341124337007,19.55581234160667,0.03458923164584081,-0.013470842604801248,-0.04861625713301221,-0.10126669474141359,0
2020-09-10,48.06700134277344,50.62900161743164,47.88399887084961,50.334999084472656,62402000,50.79340000152588,50.17022003173828,50.89845727789379,42.03954167490219,0.44904910667691667,0.8596566466765287,-0.4106075399996121,55.69469744742434,45.892102555627424,19.298953981230703,0.035698916114438345,-0.03902516293818703,-0.06855921385227803,-0.13054408150937924,1
2020-09-11,48.20299911499024,49.37300109863281,47.680999755859375,48.64899826049805,50352000,50.79689998626709,50.16300003051758,50.64174697666488,42.529535572955425,0.18471047462271883,0.7246674122657668,-0.539956937643048,55.690687553533465,45.90311241900072,19.268055997863666,0.035605184526748254,0.002829337558359013,-0.04928800768928354,-0.08315742433675954,0
2020-09-14,47.6259994506836,48.89899826049805,47.130001068115234,48.0620002746582,73591000,50.76479988098145,50.16174003601074,50.35453292657142,40.94785609868968,-0.07052586815214568,0.5656287561821843,-0.63615462433433,55.732383969256745,45.797215792706155,19.570978709349166,0.03571130522059268,-0.011970202578685751,-0.04784185026121879,-0.07710493415073283,1
2020-09-15,49.5989990234375,49.74700164794922,48.16299819946289,48.400001525878906,53370000,50.83299980163575,50.16610000610351,50.28257731674915,48.06094153706761,-0.11230336887400227,0.43004233117094703,-0.5423457000449493,55.69613955033011,45.96986005294139,19.133790127168012,0.03689597363888506,0.04142694317201534,0.03187212927511629,-0.021754578678789938,0
2020-09-16,48.38600158691406,50.46599960327149,48.33100128173828,49.999000549316406,43949000,50.79294986724854,50.1475,50.101951056764854,44.51110536463809,-0.24051854678189954,0.2959301555803777,-0.5364487023622773,55.72239297883442,45.863506755662655,19.409950099253457,0.03710182405177903,-0.024456087026075823,0.003796495555956181,-0.032647581664713154,0
2020-09-17,47.02000045776367,47.84000015258789,46.32699966430664,47.51599884033203,53793000,50.72129993438721,50.08234001159668,49.808431952098076,40.8517656703078,-0.44719983269003194,0.14730415792629578,-0.5945039906163277,55.82334169073858,45.61925817803584,20.11794556902659,0.03749720653604912,-0.028231328986684123,-0.012724121276393108,-0.02178211362808835,0
2020-09-18,46.99599838256836,47.93999862670898,45.86000061035156,47.2509994506836,67177000,50.581599807739266,50.006739959716796,49.54058113595239,40.78831262011313,-0.6059480161642412,-0.00334627689181162,-0.6026017392724295,55.925276102192555,45.23792351328598,21.128933504533702,0.0368967521627971,-0.0005104652267469145,-0.05248091074658823,-0.02503995092800204,1
2020-09-21,48.73500061035156,48.77799987792969,46.63199996948242,46.76900100708008,54575000,50.55679988861085,49.88397994995117,49.46385918113326,47.18867764320967,-0.5846941586509047,-0.11961585324363024,-0.46507830540727446,55.92984161587366,45.18375816134803,21.25546608606936,0.037843848824659354,0.03700319788138029,0.0072128097381760625,0.023285624920403425,1
2020-09-22,49.117000579833984,49.18199920654297,47.92599868774414,48.9010009765625,34823000,50.5685998916626,49.81531997680664,49.43082502862857,48.50543742194213,-0.5309061626501119,-0.20187391512492658,-0.32903224752518534,55.92788754460284,45.20931223872236,21.196108511692614,0.03784052179904368,0.007838308498990365,0.0445980455477446,-0.009717906673393784,0
2020-09-23,47.06100082397461,49.104000091552734,46.900001525878906,49.104000091552734,37264000,50.46875000000001,49.70678001403809,49.20512748532819,42.38064362285701,-0.6467257341978154,-0.2908442789395044,-0.35588145525831105,56.008276258583024,44.92922374141699,21.952302201195852,0.03901656893775922,-0.04185922860899427,0.0013831484305770747,-0.02738396890595307,1
2020-09-24,47.30799865722656,47.70000076293945,46.78200149536133,47.053001403808594,37272000,50.0965000152588,49.606419982910154,49.024448549318514,43.306805171002935,-0.710393939063259,-0.3747542109642553,-0.33563972809900366,55.431215001715934,44.76178502880166,21.29775527165469,0.027678279944000843,0.0052484611233794,-0.029280844059780264,0.0061250148162288465,1
2020-09-25,48.28799819946289,48.48699951171875,46.803001403808594,47.43899917602539,37694000,49.87954998016358,49.5173999786377,48.954310420760834,46.950304167992414,-0.6740041766676157,-0.4346042041049274,-0.2393999725626883,55.13734091903205,44.621759041295114,21.081950181825697,0.02726443629101945,0.02071530333246563,-0.01687811492120017,0.02749169847136934,1
2020-09-28,49.06499862670898,49.20000076293945,47.78799819946289,48.9109992980957,47735000,49.71334991455078,49.51271995544434,48.96485215466066,49.70992897312763,-0.5758297797207064,-0.46284931922808326,-0.11298046049262311,54.8521344665578,44.574565362543765,20.673660338077227,0.027628471228245105,0.016090963722217966,0.0425829830995319,0.006771273463107796,1
2020-09-29,49.34799957275391,49.62900161743164,48.65299987792969,48.95000076293945,35415000,49.53294982910156,49.49485992431641,49.00134238495525,50.71553643843516,-0.46977478038013487,-0.46423441145849365,-0.0055403689216412255,54.45236732564028,44.61353233256284,19.863212320330934,0.027519134753174454,0.005767878405501081,0.043121691329796485,0.004703035409185263,1
2020-09-30,50.00299835205078,50.4630012512207,48.92699813842773,49.25699996948242,46341000,49.250349807739255,49.51471992492676,49.0967381913453,53.05529035889413,-0.3290790830568042,-0.4372033457781558,0.10812426272135156,53.303682987977865,45.197016627500645,16.460119353717424,0.024770368773563544,0.013273056354213608,0.035516074729454505,0.06251455507885018,1
2020-10-01,52.7509994506836,52.95500183105469,50.36000061035156,50.60300064086914,81537000,49.12369976043701,49.59009994506836,49.44476307318704,61.346376962777995,0.004116540469865981,-0.34893936852855145,0.35305590899841743,52.52006114147758,45.72733837939644,13.827791463605982,0.02815917558267536,0.054956726380391396,0.07512485329955987,0.11505455626847971,0
2020-10-02,50.305999755859375,52.637001037597656,50.27000045776367,51.64300155639648,60712000,49.01024971008301,49.641059951782225,49.52678561439393,52.46743498502636,0.07007761982280414,-0.26513597085828033,0.3352135906810845,52.07310098116732,45.9473984389987,12.498819284547265,0.02793138025468914,-0.04634982692811407,0.0194131513212219,0.04179095492964402,1
2020-10-05,52.06499862670898,52.0989990234375,50.16999816894531,50.68000030517578,40881000,49.03324966430664,49.7214599609375,49.76852018699537,57.260101593714474,0.26127692103805344,-0.1598533924790136,0.42113031351706703,52.179468786942444,45.88703054167083,12.833002683589504,0.028799232733066216,0.03496598575490428,0.04123753260035512,0.06114338294033739,0
2020-10-06,50.58700180053711,52.18199920654297,50.41600036621094,51.87200164794922,41990000,49.027499771118165,49.741900024414065,49.84647081685649,52.472577322135294,0.2901965478677653,-0.06984340440965783,0.36003995227742314,52.161897057714214,45.89310248452212,12.786282397547447,0.029263311553347753,-0.02838753222234147,-0.04102287487784173,0.02510744586427527,1
2020-10-07,53.46599960327149,53.64899826049805,51.58200073242188,51.79999923706055,79887000,49.199849700927736,49.83419998168945,50.19118784413411,59.56464192765317,0.5392109343727896,0.05196746334683165,0.4872434710259579,52.86714701213955,45.532552389715924,14.907758188304623,0.031655280395292994,0.05691180936332563,0.06281556599109339,0.06925587195470007,0
2020-10-08,53.17900085449219,53.5,52.415000915527344,53.34799957275391,53865000,49.45544967651367,49.92881996154785,50.475741464168216,58.625484883582466,0.7052683349014686,0.18262763765775905,0.5226406972437095,53.46765653543949,45.44324281758786,16.225539895681937,0.030115297681456963,-0.005367873992984218,0.021396374861551104,0.00811361696016255,1
2020-10-09,53.94400024414063,54.428001403808594,53.5,53.78300094604492,47813000,49.74249973297119,50.03609992980957,50.80605182416559,60.417014534564814,0.8883586332374804,0.3237738367737033,0.5645847964637771,54.15655724244918,45.3284422234932,17.74763042940598,0.03017227115075516,0.01438536597822937,0.06636088963801523,0.07231742746266612,1
2020-10-12,53.98099899291992,55.180999755859375,53.82400131225586,54.88100051879883,53911000,50.060249710083006,50.13795989990234,51.10842774499934,60.506084627732406,1.024633170204062,0.46394570345977504,0.560687466744287,54.72684418694654,45.39365523321947,18.64391210147561,0.029905481770850225,0.0006858732873320506,0.009632278335200528,0.036800161658470776,1
2020-10-13,55.40900039672852,55.76499938964844,53.720001220703125,54.055999755859375,56025000,50.350749778747556,50.248899917602536,51.51800609278307,63.88400369538336,1.2336388804366436,0.6178843388551488,0.6157545415814948,55.55832303260667,45.14317652488844,20.685186523507028,0.029168856296989953,0.0264537787452932,0.04193383678527618,0.09532090111219471,0
2020-10-14,54.14500045776367,57.249000549316406,54.09999847412109,56.26100158691406,94990000,50.63869972229004,50.31251991271973,51.768196032305035,59.068127083113865,1.2824993263090008,0.7508073363459193,0.5316919899630814,56.01404892638317,45.263350518196916,21.230202329729313,0.02908082826404624,-0.02281217726208029,0.0037260902549560715,0.012699675672960486,1
2020-10-15,54.19400024414063,55.12200164794922,53.5099983215332,54.55199813842773,51131000,50.997399711608885,50.39217994689941,51.999225004860804,59.196540979352974,1.3100737403495017,0.862660617146636,0.44741312320286575,56.316116833557814,45.67868258965996,20.858777710339584,0.027982756416219105,0.0009049734225263784,0.003945856045543872,0.019086469721867783,0
2020-10-16,53.07899856567383,55.43299865722656,53.00299835205078,54.95000076293945,63474000,51.30154972076416,50.435599899291994,52.102060582081094,54.970387885448886,1.2278020078784806,0.935688895293005,0.29211311258547557,56.3595227485368,46.24357669299152,19.71859741198204,0.02863688828520234,-0.020574264188725544,-0.04205096309934986,-0.016035178602846756,0
2020-10-19,53.071998596191406,54.18000030517578,52.53799819946289,53.70700073242188,75675000,51.51839962005615,50.50757987976074,52.19443563104398,54.943867890735135,1.1487936500250484,0.9783098462394137,0.17048380378563466,56.488757616342944,46.54804162376936,19.295467378423105,0.027744499639115218,-0.0001318783261097245,-0.01981719184598163,-0.016839265921101965,0
2020-10-20,52.54199981689453,53.37799835205078,52.22600173950195,52.81399917602539,100472000,51.68964958190918,50.59165985107422,52.22753698207737,52.8643118841311,1.0315217445261808,0.9889522258967672,0.042569518629413605,56.55209345469897,46.82720570911939,18.81399433782036,0.02792193475740493,-0.009986410787531708,-0.030483087053990165,-0.05174250680045234,0
2020-10-21,48.90499877929688,50.685001373291016,48.82500076293945,50.10300064086914,174057000,51.781849479675294,50.63589981079102,51.91110477228875,41.3096727681175,0.637755676027524,0.9187129159229186,-0.28095723989539456,56.35080289211787,47.21289606723272,17.646930182499247,0.03079632929777261,-0.06922083381432687,-0.07863750069083386,-0.09677720258871003,0
2020-10-22,48.52299880981445,49.51399993896485,48.20000076293945,49.46900177001953,69979000,51.84259948730469,50.65541976928711,51.588428013957866,40.31302034580678,0.2915086940139986,0.7932720715411347,-0.5017633775271361,56.19937884053664,47.48582013407274,16.807719506036136,0.030870590631414653,-0.007811061834524402,-0.08571374560413492,-0.10464260635455336,1
2020-10-23,48.82799911499024,49.00600051879883,48.1349983215332,48.81100082397461,49279000,51.86959953308106,50.669319763183594,51.325530023579994,41.526062628376074,0.04124104078078972,0.6428658653890656,-0.6016248246082759,56.14384044120812,47.595358624953995,16.480716822967043,0.030570529317394308,0.006285685399850083,-0.07068632170163569,-0.08008816227804094,0
2020-10-26,48.82400131225586,49.68199920654297,47.88999938964844,48.70299911499024,61861000,51.8575496673584,50.68043975830078,51.087289193930076,41.514152997861466,-0.15562650132410738,0.48316739204643105,-0.6387938933705384,56.164582404566836,47.55051693014996,16.611015232443535,0.03036359341773056,-8.18752110847143e-05,-0.0016562206126731205,-0.08004215775360668,1
2020-10-27,48.89300155639648,49.04899978637695,48.292999267578125,49.0009994506836,36272000,51.83479976654053,50.69359977722168,50.878309418926875,41.824275503404685,-0.3025896387531972,0.3260159858865054,-0.6286056246397026,56.19904099869212,47.470558534388935,16.839039609713005,0.030337117361629334,0.001413244352901799,0.007625306672249366,-0.06944916967786874,0
2020-10-28,48.624000549316406,49.400001525878906,48.32799911499024,48.63600158691406,59927000,51.765849876403806,50.68233978271484,50.663613336106835,40.91344716412405,-0.4357421528165304,0.17366435814589826,-0.6094065109624287,56.28451474793972,47.247185004867895,17.45809209092357,0.03019413468861182,-0.005501830497556703,-0.0041779013961521505,-0.005745797709730938,1
2020-10-29,50.42100143432617,51.38999938964844,47.93399810791016,48.84999847412109,111207000,51.649349975585935,50.72169982910156,50.64050744069915,48.916693377949414,-0.3917477026053575,0.06058194599564709,-0.4523296486010046,56.18053777167002,47.11816217950185,17.545962527024734,0.028669388405005335,0.03695707602641973,0.032709324904704795,0.03911552606117619,0
2020-10-30,47.57400131225586,50.5880012512207,47.22100067138672,50.20100021362305,78079000,51.51275005340576,50.677379837036135,50.34845923799027,39.73410979869056,-0.5799258758232284,-0.067519618368128,-0.5124062574551004,56.351944208572114,46.67355589823941,18.788335509749825,0.029570503785718676,-0.05646456914939613,-0.02697728104541086,-0.025681941211254777,1
2020-11-02,48.4119987487793,48.630001068115234,47.5,47.887001037597656,44082000,51.33010005950928,50.66099983215332,50.16403442949399,43.11878169244363,-0.6539012772732704,-0.18479595014915648,-0.4691053271241139,56.344707922901996,46.31549219611656,19.53866389342339,0.028657942036463283,0.017614609101790135,-0.00436002381832179,-0.008438525159820132,1
2020-11-03,48.72200012207031,49.53099822998047,47.8759994506836,48.49300003051758,36902000,51.23684997558594,50.65781982421875,50.02669782878697,44.363610272396095,-0.6796778921949809,-0.2837723385583214,-0.39590555363665947,56.37119586997498,46.1025040811969,20.041614177434905,0.028101414699173984,0.006403399597270987,-0.033696302412176915,-0.003497462395081641,1
2020-11-04,49.69499969482422,50.77299880981445,49.39799880981445,49.5359992980957,51373000,51.04829998016358,50.670559844970704,49.99510753031433,48.19573710708543,-0.6145094292251301,-0.3499197566916832,-0.2645896725334469,56.11790965007599,45.97869031025117,19.862011749195823,0.025115669691181484,0.019970435743937198,0.04458314045621292,0.022026142098726886,1
2020-11-05,51.3759994506836,51.87300109863281,50.345001220703125,50.65599822998047,53728000,50.958149909973145,50.603019866943356,50.126621046539974,54.08036547657066,-0.422351713562243,-0.3644061480657952,-0.057945565496447804,55.936295569761626,45.98000425018466,19.538172671430505,0.026443447492308078,0.033826335973083044,0.06122450587684192,0.01894048093434475,1
2020-11-06,51.47299957275391,51.52099990844727,50.2509994506836,51.5,42363000,50.83459987640381,50.57993988037109,50.25484757284606,54.40223982435637,-0.259249770315769,-0.34337487251578996,0.08412510220002095,55.62947519890537,46.039724553902246,18.864613212888596,0.026197711279085125,0.0018880435048942434,0.056463187960082095,0.08195649205343614,0
2020-11-09,47.04999923706055,49.584999084472656,46.72600173950195,48.55400085449219,104197000,50.48804988861084,50.473159866333006,49.94962392181887,40.47168044584458,-0.48134086981824,-0.37096807197628,-0.11037279784195997,55.32489976243968,45.651200014782,19.160375116488478,0.032200191978067526,-0.08592855229743757,-0.05322468002830372,-0.02813351125588659,1
2020-11-10,48.02399826049805,48.459999084472656,46.34099960327149,47.095001220703125,83061000,50.11879978179932,50.3745198059082,49.76623100169308,43.879669769074084,-0.572160574170546,-0.4112065724151332,-0.1609540017554128,54.50296372045046,45.734635843148176,17.49508750304613,0.0319162935205001,0.020701361088871106,-0.06524449599084059,-0.014326215258475883,1
2020-11-11,49.07600021362305,49.167999267578125,47.82600021362305,48.29999923706055,54605000,49.865349769592285,50.24293983459473,49.7004947361626,47.38347134068889,-0.5528748810443389,-0.4395402341409744,-0.11333464690336453,53.85776427931803,45.87293525986654,16.012780530661427,0.03228699966745443,0.021905755272990657,-0.04656809160194475,-0.012455971123904508,0
2020-11-12,48.67699813842773,49.652000427246094,48.042999267578125,49.09999847412109,50637000,49.58949966430664,50.11079978942871,49.603018869711654,46.205178525602385,-0.563293664439172,-0.4642909202006139,-0.09900274423855804,53.07805143098878,46.10094789762451,14.069719558768256,0.032272197906251465,-0.008130289213841846,0.03458021100424635,-0.05253428334463206,0
2020-11-13,48.28400039672852,48.89400100708008,47.77999877929688,48.67699813842773,30027000,49.34974975585938,50.024979782104495,49.477398062760884,45.01774401626161,-0.5963874751041303,-0.49071023118131724,-0.10567724392281302,52.487522613384286,46.21197689833447,12.716469173796996,0.03207192415082632,-0.008073582117401723,0.005414004365486891,-0.061954795766621995,0
2020-11-16,47.90999984741211,48.55799865722656,47.72999954223633,48.0,39536000,49.09164981842041,49.951079788208006,49.32812204225148,43.86248565211732,-0.6453540375351992,-0.5216389924520937,-0.12371504508310549,51.77915886370754,46.40414077313327,10.94894571776529,0.03206605435338445,-0.0077458484434473895,-0.02375907492736673,0.01827844047389804,1
2020-11-17,48.0629997253418,48.7509994506836,47.8849983215332,48.012001037597656,36981000,48.867699813842776,49.89829978942871,49.2076342025458,44.490066424669486,-0.6641585729664641,-0.5501429085549677,-0.11401566441149635,51.070591465899895,46.66480816178566,9.015737022404743,0.03208493391507112,0.0031934852518675783,-0.012613727973525446,0.0008121244847667519,1
2020-11-18,48.17900085449219,48.86100006103516,47.77199935913086,48.19499969482422,36292000,48.83139991760254,49.86149978637695,49.109669121778786,44.99217396986796,-0.662069061101846,-0.5725281390643434,-0.08954092203750263,51.054470746341934,46.608329088863144,9.105087433457062,0.028173910620895328,0.002413522456219619,-0.002174623920420893,-0.0182777601113846,1
2020-11-19,48.46699905395508,48.77999877929688,48.047000885009766,48.20000076293945,22547000,48.82859992980957,49.86949974060059,49.04846244865272,46.29110034170228,-0.629912817249604,-0.5840050747013956,-0.0459077425482084,51.05335787149534,46.6038419881238,9.11251989565063,0.028150636252679037,0.005977670652255407,0.011625948827320931,-0.004314133831249234,1
2020-11-20,48.82400131225586,49.47600173950195,48.15700149536133,48.52199935913086,42534000,48.82840003967285,49.8819197845459,49.0270851975673,47.932420545034525,-0.5690618726319769,-0.5810164342875119,0.01195456165553499,51.053158879756566,46.603641199589134,9.11256087963607,0.02816369502336081,0.007365883286962971,0.01583341845625208,0.011183847881086617,0
2020-11-23,47.6619987487793,49.1150016784668,47.58399963378906,49.04600143432617,54166000,48.77029991149902,49.882639770507815,48.897076964349395,43.294719046717674,-0.6075969567258994,-0.5863325387751894,-0.02126441795070999,51.05243573600081,46.48816408699724,9.358711464325879,0.028679032671637517,-0.023799822469381948,-0.010730859846477814,-0.0051763953125165685,1
2020-11-24,48.28799819946289,48.40499877929688,47.5890007019043,47.88399887084961,35505000,48.74004974365234,49.85641975402832,48.83906946293163,46.308623753240084,-0.5809268019674576,-0.585251391413643,0.004324589446185412,51.03090012733302,46.449199359971665,9.400279218955971,0.02884592491054903,0.01313414181354755,-0.0036932522744582696,0.004681323999893072,1
2020-11-25,48.5,48.68999862670898,47.891998291015625,48.51300048828125,35986000,48.733849716186526,49.85869972229004,48.80677713312862,47.32961676411422,-0.5364993085729282,-0.5755009748455001,0.039001666272571955,51.02659327180541,46.44110616056764,9.409244576290344,0.02883530288551238,0.004390362169526929,-0.006636107315000639,0.006662635999390654,1
2020-11-27,49.13600158691406,49.32500076293945,48.185001373291016,48.65800094604492,28058000,48.66959972381592,49.90101974487305,48.838131843012945,50.37817369944931,-0.4448423218168571,-0.5493692442397715,0.10452692242291439,50.83828822315718,46.50091122447466,8.911881386524058,0.027710040885302545,0.013113434781733213,0.030926165012593376,0.01380325883626976,0
2020-11-30,49.06999969482422,49.255001068115234,48.12699890136719,49.007999420166016,35309000,48.74439964294434,49.942499771118165,48.860214495566396,50.05439155993356,-0.373226972339161,-0.5141407898596495,0.14091381752048848,50.85930544392997,46.629493841958706,8.677533486831079,0.024442504253990038,-0.0013432491443793326,0.016194531240063315,0.005038472389738535,1
2020-12-01,50.45800018310547,50.946998596191406,49.198001861572266,49.23400115966797,50527000,48.846699714660645,49.976959762573244,49.01238456104631,56.400530683675804,-0.2021410957932943,-0.45174085104637846,0.24959975525308414,51.08190722621517,46.61149220310612,9.151928480783981,0.02491677466109544,0.028286131993346064,0.040371137795989,0.05866311753024789,0
2020-12-02,50.3380012512207,50.68000030517578,49.34999847412109,50.1619987487793,30284000,48.927499771118164,50.001379776000974,49.13863376963435,55.74111334189318,-0.07536841676049733,-0.37646636418920226,0.30109794742870494,51.25381103148864,46.60118851074769,9.509217806971172,0.024919469518418096,-0.002378194368570008,0.02446270810579665,0.042453676445436406,0
2020-12-03,49.75199890136719,50.87699890136719,49.604000091552734,50.29899978637695,28261000,48.93034973144531,50.055199737548826,49.19704949646605,52.51228644158261,-0.021932819594780995,-0.30555965527031803,0.28362683567553704,51.26055146683423,46.60014799605639,9.524566033875715,0.02471724973685976,-0.011641351171830738,0.013898496245862146,0.025814410337467786,1
2020-12-04,49.83100128173828,50.45000076293945,49.36399841308594,49.75,36662000,48.85309982299805,50.10565979003906,49.25742585696817,52.9083261700536,0.026484807611311112,-0.2391507626939922,0.2656355703053033,50.9440240366787,46.762175609317396,8.560047248818915,0.023437833053175,0.0015879237440834526,-0.012426154407465417,0.014144408832185373,1
2020-12-07,51.57799911499024,51.7760009765625,49.777000427246094,50.0009994506836,42893000,48.85834980010986,50.17145980834961,49.47843283392265,60.711328118037464,0.2034786753671156,-0.15062487508177064,0.35410355044888625,50.97591777041521,46.74078182980452,8.668192761191387,0.024805588183718308,0.035058453338608464,0.024633434640781715,0.051110646744727095,0
2020-12-08,51.26599884033203,52.14899826049805,50.55500030517578,51.790000915527344,42290000,49.069149780273435,50.21547981262207,49.64867721548545,58.836289747791085,0.3149413284752285,-0.05751163437037081,0.3724529628455993,51.26270306449419,46.87559649605268,8.940661470774444,0.014437279192983607,-0.006049096126482634,0.03043093689494425,0.01601329133723972,0
2020-12-09,49.36000061035156,51.45000076293945,49.12900161743164,51.053001403808594,41788000,49.13594989776611,50.215719833374024,49.621184205472694,48.900432824504065,0.2466351001315772,0.003317712530018793,0.2433173876015584,51.278909880859864,46.99298991467236,8.722574764718976,0.016631634658765063,-0.037178603228168794,-0.009451960812983495,-0.019428674491628217,1
2020-12-10,50.10900115966797,50.37699890136719,49.29100036621094,49.45600128173828,30182000,49.18759994506836,50.21783988952637,49.667642963015105,52.308772559626306,0.25005749952139666,0.05266566992829437,0.1973918295931023,51.371690954694074,47.00350893544264,8.880656962587574,0.016261023621742518,0.015174241087009488,-0.028481096214050927,0.0071756364806272455,1
2020-12-11,50.321998596191406,50.33399963378906,49.48500061035156,49.5,32109000,49.269849967956546,50.16925987243653,49.72996254712714,53.263455537085875,0.26688045694809404,0.0955086273322543,0.17137182961583974,51.49435496732438,47.045344968588715,9.02988339040843,0.01612350873527739,0.0042506821448053955,-0.018413768686741383,0.009853250021549576,1
2020-12-14,52.242000579833984,52.41600036621094,50.11800003051758,50.54399871826172,57704000,49.467749977111815,50.207979888916014,49.96920426452779,60.86787544485739,0.43018201537129386,0.16244330494006223,0.26773871043123165,51.990470891964755,46.945029062258875,10.199456882595934,0.017856004715877546,0.03815432687897835,0.05838735684452212,0.012873734465026265,0
2020-12-15,51.97800064086914,52.470001220703125,51.35599899291992,51.84999847412109,33949000,49.671150016784665,50.20623992919922,50.16051820513173,59.4358691036445,0.5321626484592699,0.23638717364390377,0.2957754748153661,52.31190541919203,47.0303946143773,10.632954548123053,0.017771960572585555,-0.005053404081671986,0.03729867764168304,0.013888382488257855,1
2020-12-16,52.483001708984375,52.73799896240234,51.76900100708008,52.01100158691406,36824000,49.8921501159668,50.244159927368166,50.38170711026056,61.31094179769712,0.6462824587515215,0.31836623066542735,0.3279162280860941,52.692560342308894,47.091739889624705,11.225855048671834,0.01781168075449538,0.009715669357973855,0.04294350727469953,0.06326987560810271,1
2020-12-17,53.290000915527344,53.54899978637695,52.64400100708008,52.900001525878906,31934000,50.14770011901855,50.24063995361328,50.65868747266692,64.16187297138214,0.7927035293457294,0.41323369040148783,0.3794698389442416,53.19781096165346,47.097589276383644,12.164509380872488,0.017964696675111348,0.015376391979592618,0.02006049393326448,0.06348160374866385,1
2020-12-18,53.44499969482422,53.637001037597656,52.60200119018555,53.31999969482422,45027000,50.39660015106201,50.24595993041992,50.924050541443805,64.69991253269092,0.9107518088794535,0.512737314097081,0.3980144947823725,53.662309405275344,47.130890896848676,12.960037956625992,0.017970874808042808,0.002908590291498925,0.02822346061540526,0.062060355028688674,0
2020-12-21,52.89099884033203,53.262001037597656,52.1150016784668,53.005001068115234,38940000,50.59995002746582,50.22489990234375,51.111378950861734,61.165307365687475,0.948667038823821,0.599923259042429,0.3487437797813919,53.9539392622077,47.24596079272395,13.256887538115421,0.018285436216692878,-0.010365812660783624,0.007773890937297745,0.012422921275885512,0
2020-12-22,52.733001708984375,53.040000915527344,52.04999923706055,52.76900100708008,19066000,50.85350017547607,50.19993995666504,51.265819213540084,60.15596303310949,0.9549579231590712,0.6709301918657575,0.2840277312933137,54.04344742089549,47.66355293005665,12.54563494906791,0.017168156240258643,-0.0029872215464226137,-0.010452227378000889,0.014525396490945308,0
2020-12-23,51.448001861572266,52.63199996948242,51.41999816894531,52.47600173950195,23932000,51.01150035858154,50.12071998596191,51.2831699419241,52.5593083477408,0.8464968569824833,0.7060435248891027,0.14045333209338062,53.98307125127151,48.039929465891575,11.650592010827095,0.018269530550827397,-0.02436803909824037,-0.0373654756226961,-0.0197206679059847,0
2020-12-24,51.39699935913086,51.935001373291016,51.22100067138672,51.512001037597656,11440000,51.15635032653809,50.06575996398926,51.294010838800936,52.27712686886874,0.7478049746609727,0.7143958148434767,0.03340915981749604,53.89760963624742,48.41509101682876,10.717180925580065,0.01829274840530906,-0.0009913407828477938,-0.02824676247297342,-0.03552264071823108,1
2020-12-28,51.9119987487793,52.36600112915039,50.7130012512207,51.64300155639648,28919000,51.295150184631346,50.02011993408203,51.35286683022745,54.90959379703523,0.7030428532168074,0.7121252225181429,-0.009082369301335547,53.89039200425207,48.69990836501062,10.118858450670023,0.018216218532641514,0.010020028329862818,-0.015569054170970875,-0.028683711381766175,1
2020-12-29,53.08700180053711,53.65499877929688,51.54800033569336,51.9900016784668,40224000,51.49600028991699,50.020279998779294,51.51802254168551,60.29150722922756,0.7536933678584177,0.7204388515861979,0.03325451627221976,53.99115650654198,49.00084407329201,9.690679674450523,0.01870414924460402,0.022634517646759722,0.03185740708404561,0.003705790484251903,0
2020-12-30,52.45899963378906,53.32600021362305,52.36899948120117,53.01300048828125,18763000,51.59605026245117,50.00802001953125,51.60763940760013,56.415723349619846,0.7346906823486279,0.723289217738684,0.011401464609943845,54.077128507943925,49.11497201695842,9.61731850741431,0.0181165784831023,-0.01182967855498096,0.0206626901939857,-0.005196026516894214,1
2020-12-31,54.073001861572266,54.54999923706055,52.31499862670898,52.553001403808594,53923000,51.78280029296875,50.038640060424804,51.84243583178795,62.99903137229621,0.8401823095091459,0.7466678360927764,0.09351447341636943,54.41467554582749,49.15092504011001,10.165055724945436,0.019170536901724024,0.03076692729656272,0.041628200895342804,0.05102238969480122,0
2021-01-04,52.2859992980957,54.08000183105469,51.50899887084961,53.900001525878906,44444000,51.90950031280518,50.10626007080078,51.88467997143631,53.38436641959134,0.7707048065284141,0.7514752301799039,0.01922957634851019,54.37696191449831,49.44203871111205,9.5067823301102,0.02061853615865088,-0.033047962975152,-0.01508848635775284,0.01729672840924157,0
2021-01-05,52.08000183105469,52.678001403808594,51.5890007019043,52.15499877929688,31339000,52.021950340271,50.17740013122559,51.90328205330473,52.39174299935512,0.6910550583148378,0.7393911958068907,-0.0483361374920529,54.29781703896792,49.746083641574074,8.749640041600436,0.020671052538659637,-0.0039398207896261805,-0.007224647922761007,0.00323630540770381,0
2021-01-06,50.04899978637695,51.310001373291016,49.95000076293945,51.196998596191406,53462000,51.94550037384033,50.20182014465332,51.72668374216875,43.753649970523966,0.4587588809844476,0.6832647328424022,-0.22450585185795457,54.37351995372538,49.517480793955286,9.348334552217702,0.02114284819664953,-0.038997733741757856,-0.07441795233593318,-0.05722685235784819,1
2021-01-07,50.88899993896485,51.64400100708008,50.641998291015625,50.82799911499024,36864000,51.92665042877197,50.2431201171875,51.64690433233981,47.60157787835642,0.33854098919716336,0.6143199841133545,-0.2757789949161912,54.38118744531078,49.47211341223316,9.453862308741472,0.021486023888248405,0.016783555239330505,-0.02671842133428881,-0.02992812874405193,1
2021-01-08,51.040000915527344,51.32400131225586,50.45100021362305,51.13100051879883,29739000,52.01065044403076,50.286060104370115,51.5891040069291,48.2864694855965,0.252540827218418,0.5419641527343673,-0.2894233255159493,54.20979099640416,49.81150989165736,8.456500865106158,0.01964051793101352,0.002967261623211259,-0.019969294910953783,-0.056090855725181576,0
2021-01-11,49.90999984741211,51.073001861572266,49.79499816894531,50.78400039672852,38062000,52.00070037841797,50.31178009033203,51.42918932507034,43.68477751208802,0.09214128943990829,0.45199958007547547,-0.3598582906355672,54.23567593522877,49.765724821607165,8.595944056701175,0.02007647675708837,-0.022139518962497995,-0.0027772770596442564,-0.0454423647358716,0
2021-01-12,49.42499923706055,50.10900115966797,48.56700134277344,50.0,59904000,51.95585041046142,50.29186004638672,51.23831407859322,41.84167590538397,-0.07326741465323039,0.34694618112973435,-0.42021359578296474,54.353830602253424,49.55787021866942,9.230838001293355,0.020163333538463057,-0.009717503743424838,-0.028768509966008216,-0.05097931068833017,1
2021-01-13,50.77899932861328,51.23500061035156,49.30099868774414,49.54999923706055,50321000,51.88270034790039,50.355960006713865,51.19456981669037,48.38844716709081,-0.09401476907922302,0.2587539910879429,-0.3527687601671659,54.33005087111915,49.43534982468163,9.434167870245789,0.01919211177597023,0.02739504526967118,-0.005113667363486729,0.014585696924057867,0
2021-01-14,50.08599853515625,51.45000076293945,49.95800018310547,50.73500061035156,41774000,51.788100242614746,50.389440002441404,51.0889915994014,45.561528639131,-0.16448054004111867,0.17410708486213058,-0.33858762490324923,54.35666772575287,49.21953275947662,9.919527733610641,0.019377216915951314,-0.01364738972054802,0.003526321143702882,-0.015779469134227453,0
2021-01-15,49.79800033569336,50.63199996948242,49.5099983215332,50.0,58958000,51.6538501739502,50.410960006713864,50.96604005047683,44.40061134510389,-0.24078855838676105,0.09112795621235226,-0.3319165145991133,54.34103615746566,48.966664190434734,10.404591233629473,0.019206645250043845,-0.005750074030384744,0.007546810407497606,-0.024333866723269315,1
2021-01-19,50.17699813842773,50.92499923706055,49.354000091552734,50.09999847412109,123158000,51.498200035095216,50.42059997558594,50.89089320171025,46.338364712657324,-0.2675965707370196,0.01938305082247789,-0.28697962155949747,54.14864927706013,48.8477507931303,10.293366526048189,0.01890347496270702,0.007610703244698591,-0.011855318106797186,0.005349595107832172,1
2021-01-20,58.63399887084961,59.32899856567383,55.68600082397461,56.54199981689453,326375000,51.757649993896486,50.56575996398926,51.62833183686638,70.79663499799094,0.38908207141237483,0.09332285494045729,0.29575921647191755,55.78027889569578,47.73502109209719,15.544094070243384,0.042769409962129544,0.16854337736766967,0.1706664653933847,0.18632270664526063,0
2021-01-21,57.98400115966797,58.875,57.040000915527344,58.244998931884766,118021000,52.01230010986328,50.69597999572754,52.2336336771332,68.22285244304659,0.8472882320743409,0.244115930367234,0.6031723017071069,56.8515924550002,47.173007764726364,18.608261257106857,0.042783718389189124,-0.011085679361787393,0.16438412724992868,0.1418894016486607,0
2021-01-22,56.516998291015625,58.39899826049805,56.435001373291016,58.209999084472656,75508000,52.201499938964844,50.88531997680664,52.64157316416962,62.68400043995069,1.0796000865799726,0.4112127616097817,0.6683873249701909,57.41975089901198,46.98324897891771,19.992724217305753,0.04330201988347879,-0.02530013174863055,0.12635271913033086,0.12839915233686194,0
2021-01-25,55.678001403808594,56.97499847412109,54.8650016784668,56.70000076293945,72073000,52.41299991607666,51.03840003967285,52.93075680604,59.69882578045386,1.1823791372948804,0.5654460367468015,0.6169331005480789,57.831013826841826,46.99498600531149,20.674313317079562,0.04302169841804798,-0.014845036229399367,-0.050414393081939624,0.1180770518590617,1
2021-01-26,56.19300079345703,56.79899978637695,55.40599822998047,55.47299957275391,50238000,52.65279998779297,51.18074005126953,53.24144670960353,60.92881326404718,1.2905122008492214,0.7104592695672856,0.5800529312819358,58.28982831306514,47.0157716625208,21.412074292645627,0.043010441724658115,0.009249602655694744,-0.030887836823801473,0.11989562704473511,0
2021-01-27,52.32799911499024,55.641998291015625,51.573001861572266,55.07099914550781,86703000,52.67360000610351,51.25376007080078,53.15445170059274,48.87337554964778,1.0522059235756558,0.7788086003689596,0.2733973232066962,58.302605211566,47.04459480064103,21.37315545096681,0.04605527589814005,-0.0687808378960395,-0.07411927920261285,-0.10754851924306408,1
2021-01-28,53.86000061035156,55.31499862670898,53.07400131225586,53.5880012512207,59690000,52.71224994659424,51.365280075073244,53.221646834855484,52.85525189913631,0.9757187210844407,0.8181906245120559,0.15752809657238476,58.36265288811512,47.06184700507336,21.43867107644095,0.04624047088584227,0.0292768980521263,-0.032652048342609374,-0.07112307648381022,0
2021-01-29,53.23899841308594,54.09999847412109,53.01800155639648,53.79999923706055,43253000,52.75124988555908,51.471860046386716,53.223299366115526,51.117340889985826,0.8551349117030753,0.8255794819502599,0.029555429752815443,58.40488898491746,47.097610786200704,21.435090586947748,0.046235911576612075,-0.011529932978617041,-0.05256886691687501,-0.05800024730702624,1
2021-02-01,53.90399932861328,54.50600051879883,53.17300033569336,53.67900085449219,35475000,52.74279975891113,51.58868003845215,53.288127933972454,52.903189633983274,0.8039637960565713,0.8212563447715222,-0.017292548714950895,58.389011767479865,47.0965877503424,21.410361355019948,0.04580964188345071,0.012490860747746302,0.03011772359496856,-0.031861813112314064,1
2021-02-02,54.81600189208984,55.54800033569336,53.89300155639648,54.20100021362305,37676000,52.86929988861084,51.7214200592041,53.43363973950745,55.31429907646445,0.8274628267982536,0.8224976411768685,0.004965185621385038,58.581882579413026,47.15671719780865,21.61020744680902,0.04522666054360812,0.016919014819600786,0.01774974509663374,-0.024504811665575388,0
2021-02-03,53.94499969482422,55.04800033569336,53.82400131225586,55.016998291015625,31723000,52.96254978179932,51.83098007202148,53.482340687632856,52.547453155706606,0.7669623157536094,0.8113905760922168,-0.04442826033860736,58.681434861849375,47.24366470174926,21.59595828981543,0.045405573372227115,-0.015889560843570183,0.013260979785163496,0.03090124994614518,1
2021-02-04,55.21599960327149,55.948001861572266,53.7509994506836,53.98099899291992,51645000,53.220899772644046,51.9588200378418,53.64745106055082,56.005692145865616,0.8122116252585485,0.8115547859254832,0.0006568393330652622,58.856192151230516,47.585607394057575,21.176990252551324,0.04452985655910213,0.023561032823014694,0.024339572035460666,0.025176364232333714,0
2021-02-05,55.07899856567383,55.44400024414063,54.54800033569336,55.22600173950195,23762000,53.43039970397949,52.107160034179685,53.783788918181585,55.53587150992993,0.8274785328371479,0.8147395353078163,0.012738997529331608,59.014655622658864,47.846143785300114,20.902916503031367,0.044488231766451294,-0.002481183689184596,0.004797808386348912,0.03456113389495363,0
2021-02-08,54.79199981689453,55.5,54.369998931884766,55.5,27917000,53.61799964904785,52.23724006652832,53.879809003773296,54.50436485776975,0.8071153433412661,0.8132146969145062,-0.006099353573240096,59.11992012354386,48.11607917455185,20.52266220488778,0.04454392032709164,-0.005210674780825819,0.015701179476539595,0.01647374034100446,1
2021-02-09,55.90700149536133,56.59999847412109,54.29999923706055,54.59999847412109,37035000,53.917849731445315,52.38538009643555,54.07287495535311,57.78491241061038,0.8709093846869607,0.8247536344689972,0.046155750217963476,59.229115306119816,48.606584156770815,19.701325631971294,0.044221924776913724,0.020349716786993488,0.012514522911016845,0.019902940119916446,1
2021-02-10,56.35900115966797,56.665000915527344,55.34600067138672,56.25,39913000,54.264549827575685,52.529840087890626,54.29060126052595,59.073254198630686,0.9470225312166036,0.8492074138185185,0.09781511739808513,59.25288032226218,49.27621933288919,18.385227595315158,0.0440559394211494,0.008084848985223214,0.023239394820657733,0.044749309083328415,0
2021-02-11,55.75899887084961,56.59299850463867,55.422000885009766,56.44400024414063,27306000,54.5135498046875,52.66362007141113,54.43044865198535,56.60375919520593,0.9479996283216394,0.8689658567191427,0.0790337716024967,59.27299308118923,49.75410652818577,17.461505602016302,0.043970532668102504,-0.010646077405071841,0.01764854462670873,0.009834092862206267,0
2021-02-12,55.652000427246094,56.125,55.084999084472656,55.69400024414063,21971000,54.79184989929199,52.76750007629394,54.5467869162959,56.15294350842924,0.9294262572951553,0.8810579368343452,0.04836832046081008,59.11401005906687,50.46968973951711,15.776653526825827,0.043778875646468554,-0.0019189448478325044,-0.0045611651724228874,0.010403273053140927,1
2021-02-16,55.72800064086914,56.36299896240234,55.27299880981445,55.729000091552734,26241000,55.08834991455078,52.875300064086915,54.65928346149335,56.41845201062764,0.9103454137623359,0.8869154322199433,0.02342998154239262,58.76489562485708,51.41180420424448,13.347815703353257,0.04370607953223856,0.0013656330956584029,-0.011196091233256045,0.01708280090346337,0
2021-02-17,55.13399887084961,55.525001525878906,54.303001403808594,55.0989990234375,20696000,55.33619995117188,52.98294006347656,54.704494452860615,53.682380977927906,0.8376369716337777,0.8770597401027103,-0.039422768468932556,58.242643019431796,52.42975688291196,10.504671700711416,0.043871991608058346,-0.010658946367867905,-0.011208953041779712,-0.013826579924445692,0
2021-02-18,54.821998596191406,55.0,53.823001861572266,54.900001525878906,24562000,55.145599937438966,53.08276000976562,54.71568532365403,52.249082012687744,0.7462370366984032,0.8508951994218489,-0.10465816272344564,57.63153696638066,52.659662908497275,9.015903469222977,0.02130031314901068,-0.005658945134545013,-0.014914141893960342,-0.027271643071213325,0
2021-02-19,54.02199935913086,54.89899826049805,53.88100051879883,54.79999923706055,28415000,54.94749984741211,53.13164001464844,54.64961999369944,48.66143882516117,0.6023056723345448,0.8011772940043881,-0.1988716216698433,57.107152523523126,52.787847171301095,7.8607859578991555,0.021383479172659293,-0.01459266822709604,-0.030612999966253107,-0.031151913536719533,0
2021-02-22,53.37799835205078,54.17900085449219,53.07899856567383,53.499000549316406,30786000,54.79054985046387,53.17388000488281,54.52851317068528,45.92752228522188,0.4313017518569282,0.7272021855748962,-0.29590043371796804,56.92726892211526,52.65383077881248,7.799589810589579,0.020862287762775496,-0.011921087977489475,-0.0318496853985184,-0.04086110216591621,1
2021-02-23,54.6150016784668,54.854000091552734,51.82799911499024,52.5,41365000,54.737399864196775,53.278980026245115,54.53675017142638,51.55737437426725,0.39108752963720406,0.6599792543873578,-0.26889172475015377,56.8357130170006,52.63908671139295,7.666835319214031,0.021416607682002046,0.023174404522579684,-0.0037758002813671476,-0.0199719880419702,1
2021-02-24,55.34099960327149,55.685001373291016,53.90700149536133,53.97999954223633,32450000,54.6947998046875,53.383619995117186,54.613345355411624,54.548393227498934,0.41303818680403026,0.6105910408706923,-0.197552854066662,56.705961345414224,52.68363826396077,7.354123419076353,0.02153463947946797,0.013293012954185057,0.02441598348428564,0.0037545024242986447,0
2021-02-25,54.66999816894531,55.64799880981445,53.57500076293945,55.027000427246094,42529000,54.811899757385255,53.47057998657227,54.61874086146245,51.39015999767149,0.37200182729556275,0.5628731981556664,-0.19087137086010364,56.50591719250446,53.11788232226605,6.181203142447031,0.014739536099369429,-0.012124852083201465,0.02420472585677036,-0.0027726174006478255,0
2021-02-26,53.8849983215332,55.30899810791016,53.79999923706055,54.6510009765625,37556000,54.81314964294434,53.50343994140625,54.54886061956442,47.89637865056505,0.27299042586665223,0.5048966436978636,-0.23190621783121135,56.50439051247311,53.12190877341557,6.170931174528736,0.0137302455269191,-0.014358878245911866,-0.013366352366540601,-0.0025360230873147094,1
2021-03-01,55.06399917602539,55.2140007019043,54.20000076293945,54.55699920654297,30414000,54.904399681091306,53.56515991210937,54.59792143446546,53.058218762129094,0.2863577387708247,0.4611888627124558,-0.17483112394163108,56.4354072185233,53.37339214365931,5.576993998021127,0.014261373017127564,0.021879946018686924,-0.005005338342853549,0.03158606309765899,0
2021-03-02,54.78200149536133,55.69900131225586,54.60200119018555,55.33399963378906,30422000,54.94829978942871,53.611139907836915,54.61545286883649,51.73795116242096,0.2710718271895445,0.42316545560787355,-0.15209362841832907,56.41086988749301,53.48572969136441,5.323440774943416,0.014108310110622019,-0.005121271336696598,0.0020487164837630356,0.0030577645658185215,0
2021-03-03,52.06999969482422,54.80099868774414,51.78099822998047,54.59299850463867,53624000,54.81099967956543,53.58673988342285,54.3730287570258,41.13649144083255,0.03966452403099652,0.34646526929249816,-0.30680074526150164,56.73898509218398,52.88301426694687,7.035031011621353,0.017540358922037837,-0.04950534347976954,-0.033682818655367486,-0.059106267177976846,0
2021-03-04,51.12900161743164,53.150001525878906,50.76800155639648,52.150001525878906,50348000,54.6701997756958,53.540419921875,54.06407379135017,38.2108156670944,-0.21715488517617132,0.2337412383987643,-0.4508961235749356,57.16003110547462,52.180368445916976,9.108550325384776,0.01763509564837258,-0.01807178956995681,-0.07146225514813365,-0.06477037991790346,1
2021-03-05,51.63899993896485,51.7760009765625,49.87900161743164,51.198001861572266,50700000,54.49134979248047,53.515379943847655,53.83311437683728,40.6735197204616,-0.37520834668140424,0.11195132138273058,-0.4871596680641348,57.29302175479992,51.68967783016102,10.282997110510445,0.016820075689605862,0.009974736556548347,-0.05737288654308503,-0.04168132973052019,0
2021-03-08,49.33300018310547,51.88399887084961,49.28499984741211,51.44599914550781,39818000,54.20404987335205,53.44737991333008,53.404532072672346,34.06271641679271,-0.6787179241494314,-0.046182527723701836,-0.6325353964257296,57.77782221259008,50.630277534114015,13.186366507994013,0.01919966940741876,-0.044656166048625656,-0.05256384727789443,-0.10407887328705268,1
2021-03-09,50.64400100708008,51.31100082397461,50.38199996948242,50.73099899291992,34700000,53.99664993286133,53.43129989624023,53.14162435213974,40.03035294019532,-0.8041943886389475,-0.197784899906751,-0.6064094887321966,57.878072655300514,50.11522721042215,14.376531608036014,0.020481581855079853,0.026574520485449282,-0.00948582203854742,-0.07553576677244322,0
2021-03-10,50.45399856567383,51.89699935913086,50.42499923706055,51.34999847412109,37715000,53.72399978637695,53.412439880371096,52.885659991523944,39.47276957174733,-0.9084944414578544,-0.3399268082169717,-0.5685676332408827,57.79195714409019,49.65604242866371,15.143911003978417,0.019683925458588936,-0.003751726515045406,-0.022947798653956242,-0.03103516686425145,1
2021-03-11,52.305999755859375,53.02399826049805,51.07099914550781,51.220001220703125,47145000,53.52134971618652,53.420319900512695,52.830454254793985,47.1937504851518,-0.8321198073671852,-0.4383654080470144,-0.39375439932017076,57.44531546912589,49.597383963247154,14.66317936205797,0.021624869993987977,0.036706727768560876,0.060263911818037696,0.023020166660685515,0
2021-03-12,51.80199813842773,52.6510009765625,50.65900039672852,51.25,39817000,53.32349967956543,53.39461982727051,52.7325060532353,45.49299621643676,-0.8030045415087272,-0.5112932347393571,-0.2917113067693702,57.17457068695969,49.47242867217117,14.444179510108423,0.021608472266835377,-0.00963563682529911,0.022865435358982777,0.0031564941159885063,1
2021-03-15,52.025001525878906,52.073001861572266,50.803001403808594,51.63199996948242,34843000,53.14214973449707,53.385939865112306,52.66512466967755,46.41318979230284,-0.7532529428598806,-0.5596851763634618,-0.19356776649641882,56.877391766591245,49.40690770240289,14.057549612711496,0.02167639722670285,0.004304918641463651,0.031137333112660537,0.05456796328586844,1
2021-03-16,52.40299987792969,53.34199905395508,52.32099914550781,52.446998596191406,32389000,52.9758996963501,53.35253982543945,52.640160403796806,48.015203991542904,-0.6755359763148903,-0.5828553363537475,-0.09268063996114273,56.52743742776775,49.424361964932444,13.408126154627045,0.02178082859344269,0.007265705736937855,0.0018544741047501478,0.034732620564550176,1
2021-03-17,52.44400024414063,52.83700180053711,51.43000030517578,52.20000076293945,28174000,52.84139976501465,53.35569984436035,52.62147848382955,48.19611014479206,-0.6036775148931213,-0.5870197720616223,-0.01665774283149901,56.25697648463658,49.42582304539272,12.927654206023984,0.021714925028204702,0.0007824049444966619,0.012393384980967648,0.03944190222855193,0
2021-03-18,50.479000091552734,51.790000915527344,50.3849983215332,51.63999938964844,40945000,52.62424983978271,53.323679809570315,52.41743292266033,40.85757873855147,-0.6972507836164965,-0.6090659743725971,-0.08818480924389938,56.06069859757516,49.187801081990266,13.060323969481354,0.02309698959926847,-0.03746854060407867,-0.029716509158719373,-0.03492906497981574,1
2021-03-19,51.21799850463867,51.31900024414063,50.16299819946289,50.49599838256836,43864000,52.484049797058105,53.34705978393555,52.303201073324935,44.29294442836146,-0.7036658554058235,-0.6279859505792424,-0.07567990482658105,55.909735666597896,49.058363927518315,13.05419792407792,0.02330622377897136,0.014639719719995004,-0.02261323542643401,-0.01127368933199191,1
2021-03-22,52.31100082397461,52.930999755859375,50.91299819946289,50.91299819946289,33606000,52.4306999206543,53.37549980163574,52.30394390672014,49.01049863982017,-0.6134818564856985,-0.6250851317605337,0.011603275274835179,55.83218477658674,49.02921506472185,12.975164783533549,0.02377317752299549,0.021340199758820066,-0.00253602737294778,0.005497343386975828,1
2021-03-23,53.50899887084961,54.3120002746582,52.93999862670898,52.98699951171875,55835000,52.37539978027344,53.424879760742186,52.41871104616104,53.64422372001528,-0.44026683528490906,-0.5881214724654088,0.14785463718049974,55.667234784400335,49.083564776146545,12.570157050588184,0.02375880170418786,0.02290145529630072,0.06002493658355812,0.02110564272076587,0
2021-03-24,52.08100128173828,53.44200134277344,52.0,53.37799835205078,41022000,52.212399864196776,53.46829978942871,52.38654821145412,48.04007995733267,-0.4134541125605722,-0.5531880004844415,0.13973388792386932,55.21044580063368,49.21435392775987,11.484038060823671,0.024192880048386167,-0.026687054873853477,0.01684959979491296,-0.006921649010611208,0
2021-03-25,50.2859992980957,51.85300064086914,49.70000076293945,51.69900131225586,49268000,51.9931999206543,53.48551979064941,52.18649593399141,42.08802429336322,-0.5309263072687216,-0.5487356618412975,0.01780935457257593,54.879431186284975,49.10696865502362,11.102341344773132,0.025145496494832845,-0.03446558129580313,-0.03871081596570847,-0.003823387806949241,1
2021-03-26,50.80500030517578,50.87200164794922,49.667999267578125,50.28200149536133,34678000,51.839200019836426,53.486039810180664,52.054924921723256,44.239220626488475,-0.5755106950676492,-0.5540906684865678,-0.02142002658108133,54.63241509716711,49.04598494250574,10.776459035871904,0.02520903895381745,0.010320984256541044,-0.050533529363915974,-0.00806353648172109,1
2021-03-29,51.39500045776367,51.79999923706055,50.43999862670898,50.56600189208984,33300000,51.65575008392334,53.51221984863281,51.992074972774724,46.66468627556708,-0.5568174175518976,-0.5546360182996338,-0.0021813992522637937,54.0278866067481,49.283613561098576,9.184404520197,0.024784544856735695,0.011613033147207519,-0.013171805593053199,-0.01751066413914082,0
2021-03-30,51.3390007019043,51.44100189208984,50.69100189208984,51.05099868774414,24181000,51.48360004425049,53.54303985595703,51.929877423168016,46.458126061936774,-0.5402934066602327,-0.5517674959717536,0.01147408931152083,53.37406707516639,49.59313301333459,7.343958189757638,0.024784037238338816,-0.00108959539567266,0.02094025013933587,-0.040553892144064685,1
2021-03-31,52.16600036621094,52.8129997253418,51.54399871826172,51.56700134277344,35031000,51.488400077819826,53.582819900512696,51.952365322505436,49.97948552855219,-0.4552185712686736,-0.5324577110311376,0.07723913976246399,53.38527502455054,49.591525131089114,7.368164261712408,0.02253731689685128,0.01610860462805941,0.026788702939865905,0.0016320554977975466,1
2021-04-01,53.94200134277344,54.04999923706055,52.70299911499024,52.99300003051758,39386000,51.62905006408691,53.48897994995117,52.14185446729286,56.583317040274544,-0.2417015303527137,-0.47430647489545286,0.23260494454273917,53.796353289710275,49.46174683846355,8.395673454898358,0.023297169325554496,0.03404518199775297,0.04955736671513189,0.0727041740386809,1
2021-04-05,54.06700134277344,54.28499984741211,52.92300033569336,54.0009994506836,33559000,51.750450134277344,53.410639953613284,52.3252017887672,57.0134786295167,-0.061690156069815316,-0.3917832111303253,0.33009305506051,54.16435834526555,49.33654192328914,9.329032712661688,0.023238342392770783,0.0023173037130321816,0.05313700312768166,0.06420629894702201,1
2021-04-06,54.45299911499024,55.41699981689453,54.33000183105469,54.48099899291992,34742000,52.00645008087158,53.36935997009277,52.52784915316939,58.38463860239134,0.11083926322974946,-0.2912587162583104,0.40209797948805986,54.426522457020184,49.58637770472298,9.306816259849763,0.020414171095255892,0.0071392487585848485,0.04384079156393672,0.05949992470064536,1
2021-04-07,54.69900131225586,54.9640007019043,54.14500045776367,54.34999847412109,21513000,52.209200096130374,53.34977996826172,52.73462554927286,59.276183398332165,0.2643728665855889,-0.18013239968953054,0.44450526627511944,54.8113209545915,49.60707923766925,9.968054877952405,0.01978171631912198,0.00451769785436662,0.014033590720375466,0.06544733174416728,1
2021-04-08,55.45800018310547,55.68999862670898,54.75699996948242,55.11299896240234,43098000,52.45940017700195,53.335079956054685,52.99399456201883,61.982391092770825,0.4421968490365913,-0.05566654994430617,0.4978633989808975,55.29055304441981,49.6282473095841,10.793691341743648,0.01980871966855477,0.013875918255193964,0.025727316214808837,0.06310623382633018,1
2021-04-09,55.53099822998047,55.68999862670898,54.71099853515625,55.26900100708008,28940000,52.620650100708005,53.399139938354494,53.235613958967555,62.24227136103986,0.5823015586957894,0.07192707178371294,0.5103744869120764,55.750132004966034,49.491168196449976,11.894501106575731,0.018347175744731027,0.0013162762204548262,0.019796873129316106,0.029457507093772373,0
2021-04-12,55.27799987792969,55.79800033569336,54.95800018310547,55.10499954223633,29441000,52.794450187683104,53.42749992370605,53.430126903630615,60.693727699389946,0.6652520859438624,0.19059207461574285,0.4746600113281196,56.10369397875973,49.48520639660648,12.536332055025998,0.018195293757813844,-0.004555984227097687,0.010585176178419475,0.022398107997126937,1
2021-04-13,55.37300109863281,55.97499847412109,55.02999877929688,55.70000076293945,27203000,52.9618501663208,53.47017997741699,53.61516254124987,61.085242806094435,0.7302390398730196,0.2985214676671982,0.4317175722058214,56.43321562804174,49.490484704599865,13.108928222180676,0.018197797327370712,0.001718608142713407,-0.001532674892567587,0.01689534091042022,0
2021-04-14,54.00199890136719,55.48699951171875,53.85300064086914,55.48699951171875,37403000,53.04180011749268,53.47213996887207,53.65200409935629,52.89666294509906,0.6634652354501895,0.3715102212237965,0.29195501422639303,56.531603742239525,49.55199649274583,13.158692265408032,0.019209636203644433,-0.02475939844444286,-0.02753415889051669,-0.012742507069000153,1
2021-04-15,54.922000885009766,55.3489990234375,54.26599884033203,54.41699981689453,31391000,53.165700149536136,53.47425994873047,53.77295617418043,57.056750621688444,0.6769791909599192,0.4326040151710211,0.2443751757888981,56.73681797383893,49.59458232523334,13.433916281581984,0.019511103832253143,0.0170364431383907,-0.00644015691063482,-0.00966495900187525,0
2021-04-16,54.65399932861328,55.198001861572266,53.95100021362305,55.05400085449219,32091000,53.37445011138916,53.48843994140625,53.856865046031174,55.518518376012956,0.6584731437298217,0.4777778408827813,0.18069530284704038,56.777083176786206,49.97181704599211,12.750044481192646,0.017224974932077333,-0.004879675759766999,-0.012984699325557791,-0.015792961216636425,1
2021-04-19,55.44400024414063,55.64400100708008,54.553001403808594,54.68999862670898,42887000,53.58575019836426,53.492999954223635,54.008020779184456,59.025276929865356,0.6994901524807275,0.5221203032023706,0.17736984927835697,56.951143446508304,50.220356950220214,12.560776832221249,0.017219074336940775,0.014454585670435227,0.026702740122772406,0.0030030096345294854,0
2021-04-20,54.95700073242188,56.35599899291992,54.630001068115234,55.44200134277344,112576000,53.718050193786624,53.49055999755859,54.098399822349926,56.08968788515865,0.6848056239008145,0.5546573673420594,0.13014825655875506,57.0806276235907,50.35547276398255,12.519357711881412,0.01694826978020519,-0.0087836286987647,0.0006372646088659284,-0.007512693152930794,0
2021-04-21,50.88999938964844,51.54600143432617,50.36000061035156,50.79999923706055,228974000,53.587100219726565,53.412519989013674,53.79283787637836,38.755016186989074,0.3410634431237938,0.5119385824984063,-0.17087513937461252,57.168883179041025,50.005317260412106,13.368079051218853,0.023446947494589764,-0.0740033351269499,-0.0688696158598271,-0.05762748740843304,0
2021-04-22,50.87799835205078,51.39599990844727,50.05500030517578,51.38199996948242,90611000,53.52695007324219,53.31193992614746,53.51523411215669,38.71699169969778,0.06690565811264548,0.4229319976212541,-0.3560263395086086,57.24566985171893,49.80823029476545,13.894756840762746,0.02273033865027633,-0.0002358231035879399,-0.08235339932155039,-0.0736317407922904,0
2021-04-23,50.55500030517578,50.970001220703125,50.06999969482422,50.9010009765625,73077000,53.54040012359619,53.19585990905762,53.23330708292042,37.646398063394,-0.17441901089879508,0.3034617959172443,-0.4778808068160394,57.21380424985476,49.866995997337625,13.721989816208469,0.021375189690232502,-0.0063484818062222725,-0.08009899318703428,-0.07499906820710067,1
2021-04-26,51.02999877929688,51.04800033569336,50.29999923706055,50.67599868774414,43888000,53.551650047302246,53.10127990722656,53.02346819686103,40.26245634272979,-0.3236117478194771,0.17804708716990003,-0.5016588349893771,57.1927120050625,49.91058808954199,13.598318462807784,0.021353782750535042,0.009395677405870106,0.002751019676312305,-0.07961188668579566,0
2021-04-27,50.55500030517578,51.29899978637695,50.45800018310547,51.262001037597656,37613000,53.50965003967285,52.99933990478516,52.78837601670054,38.521937710823856,-0.4747043772704771,0.047496794281824614,-0.5222011715523017,57.26678067656471,49.75251940278099,14.042815208495163,0.021290195214437067,-0.009308220370050413,-0.0063484818062222725,-0.08009899318703428,1
2021-04-28,50.652000427246094,50.84000015258789,50.33399963378906,50.52000045776367,31930000,53.475300025939944,52.897819900512694,52.58491167484773,39.100904961464906,-0.5799341555382114,-0.07798939568218259,-0.5019447598560288,57.322662691567814,49.627937360312075,14.389307451333908,0.021297194182670898,0.0019187048063449286,0.0019187048063449286,-0.004676733449730741,1
2021-04-29,50.900001525878906,50.92900085449219,49.900001525878906,50.7599983215332,51278000,53.41200008392334,52.81313995361328,52.4244440416126,40.6400977235335,-0.6359866388423541,-0.18958884431421688,-0.4463977945281372,57.383114701171245,49.44088546667543,14.869746914582164,0.020983594382811485,0.00489617579840762,-0.0025474673040892792,0.0004324693293922266,1
2021-04-30,51.34700012207031,51.45500183105469,50.5,50.5,44132000,53.282250022888185,52.74363998413086,52.32183033498953,43.41605412507038,-0.6369966834574825,-0.27907041214287,-0.3579262713146125,57.34415544911115,49.22034459666522,15.246748868443474,0.01946779971141979,0.008781897500811375,0.015666102504472645,0.015666102504472645,0
2021-05-03,50.9109992980957,51.89500045776367,50.52000045776367,51.26499938964844,40919000,53.1244499206543,52.68141998291016,52.18746547433297,41.38318593530137,-0.6653095000005607,-0.35631822971440813,-0.30899127028615253,57.29588507844747,48.95301476286113,15.704389086469783,0.019483615510571706,-0.00849126186414162,0.005113299942055116,-0.002331951480458505,0
2021-05-04,50.31800079345703,51.16299819946289,49.67900085449219,51.07799911499024,43495000,52.91770000457764,52.620220031738285,52.00942121901145,38.727199032060724,-0.7272147554969379,-0.43049753487091413,-0.2967172206260238,57.21329215384382,48.62210785531146,16.234991879445204,0.019431214201101,-0.011647748282576975,-0.011434198722488631,-0.004687953917280163,0
2021-05-05,49.608001708984375,50.77799987792969,49.4630012512207,50.499000549316406,31294000,52.663150024414065,52.52008003234863,51.780714599008874,35.76729910963107,-0.824066780011897,-0.5092113838991108,-0.31485539611278623,57.10715079343464,48.21914925539349,16.877079198492247,0.019460229565186726,-0.014110240336992486,-0.03386757568994703,-0.020611204087808255,1
2021-05-06,49.95500183105469,49.95500183105469,49.137001037597656,49.5989990234375,37837000,52.388000106811525,52.4123600769043,51.60683719253705,38.25126444550136,-0.8628759999651621,-0.579944307112321,-0.28293169285284103,56.786964618143756,47.989035595479294,16.793786754078724,0.019173492405541937,0.006994841761736703,-0.01877781776475118,-0.018565808772004755,1
2021-05-07,50.38399887084961,50.85499954223633,50.11199951171875,50.46200180053711,31328000,52.13065013885498,52.326640090942384,51.49037639999539,41.27485378244505,-0.8492267531646718,-0.6338007963227912,-0.2154259568418806,56.36308318596041,47.89821709174955,16.237791149091525,0.01936812784444871,0.008587669383854024,0.0013116196262146218,-0.018754771436136575,0
2021-05-10,48.66899871826172,50.31499862670898,48.61100006103516,50.20000076293945,51316000,51.80020008087158,52.222320098876956,51.2216737636398,34.08865599913237,-0.9656642300583158,-0.7001734830698961,-0.2654907469884197,56.03011078565881,47.570289376084354,16.331638480868424,0.020450945357246363,-0.03403858746869193,-0.018928458280402682,-0.04403764629931051,1
2021-05-11,49.507999420166016,49.79899978637695,47.86299896240234,47.97499847412109,44010000,51.506949996948244,52.111200103759764,51.058466683308964,39.62652456415492,-0.9789566220019026,-0.7559301108562975,-0.22302651114560512,55.51269805129141,47.50120194260508,15.554204062094545,0.02105055056802318,0.017238914380818926,-0.008948101181147194,-0.016097646180655567,0
2021-05-12,48.49800109863281,49.354000091552734,48.27000045776367,48.68299865722656,41215000,51.231750106811525,51.985520095825194,50.814612818101715,35.73419592188199,-1.058784355048651,-0.8165009596947683,-0.24228339535388277,55.270162968839784,47.193337244783265,15.765273892102826,0.020860903397259246,-0.020400709650202575,-0.03743247488257562,-0.022375434851481524,1
2021-05-13,48.66600036621094,49.07799911499024,48.27099990844727,48.91299819946289,27125000,50.91895008087159,51.91744010925293,50.60998306077878,36.84541533709265,-1.0958598811895968,-0.8723727439937341,-0.22348713719586266,54.728205546755056,47.10969461498812,14.962034605322575,0.020314888456706214,0.003464045193047438,-6.160702150748154e-05,-0.02580325127808203,1
2021-05-14,49.33700180053711,49.48500061035156,48.65900039672852,48.7859992980957,28825000,50.653100204467776,51.88160011291504,50.488746750279574,41.217313611598506,-1.0588920464399436,-0.909676604482976,-0.14921544195696756,54.10825809853671,47.197942310398844,13.642434046965505,0.020784072139163275,0.013787889476778448,-0.0034539391943042563,-0.020780348796773596,0
2021-05-17,48.89400100708008,49.27099990844727,48.28099822998047,48.55899810791016,27052000,50.32560024261475,51.826700134277345,50.33686620330819,39.28381204498354,-1.0532005919524323,-0.9383814019768674,-0.11481918997556495,53.07103873803118,47.58016174719832,10.910703428000627,0.020290670071670507,-0.008979078121690964,0.008165283093666043,0.00462311316739572,0
2021-05-18,48.62799835205078,49.34799957275391,48.61899948120117,48.84000015258789,23505000,50.00915012359619,51.81260009765625,50.17411688414082,38.12725635182849,-1.0579587742571164,-0.9622968764329172,-0.0956618978241992,51.85935718151677,48.158943065675615,7.399474109629313,0.020280855146919373,-0.005440394517740144,-0.0007808739956888244,-0.01777492684862525,1
2021-05-19,48.77000045776367,48.85699844360352,47.854000091552734,48.16299819946289,33499000,49.903150177001955,51.77512008666992,50.04039151020014,39.15706510225591,-1.038302381313521,-0.977497977409038,-0.06080440390448305,51.782043866233145,48.024256487770764,7.530160651449558,0.012478069344221104,0.0029201717225710855,-0.01149241587613592,0.005608465358761583,1
2021-05-20,50.16699981689453,50.27000045776367,48.89799880981445,48.95500183105469,37212000,49.86760025024414,51.76938011169434,50.05244944417103,48.277629782058405,-0.8996280233636469,-0.9619239865999598,0.06229596323631292,51.697639550335246,48.03756095015303,7.339592404317267,0.014245128538119147,0.0286446451920932,0.02603588954870184,0.030842876739173075,0
2021-05-21,49.78900146484375,50.540000915527344,49.72600173950195,50.3120002746582,33229000,49.82930030822754,51.719040145874025,50.027359160425576,46.25708617542303,-0.81088156560795,-0.9317155024015579,0.12083393679360788,51.632050452965665,48.02655016348941,7.235703225158338,0.014272738458227081,-0.0075348008338239625,0.02387519848930819,0.009161474102824751,1
2021-05-24,50.290000915527344,50.42499923706055,49.95100021362305,50.10499954223633,24126000,49.792300415039065,51.688800201416015,50.05237266091146,49.2866270127717,-0.6921442813789227,-0.8838012581970309,0.19165697681810823,51.523931369427764,48.06066946065037,6.955416560210518,0.014298233848424938,0.010062452267442179,0.031166709934317804,0.02855155805811682,0
2021-05-25,50.13399887084961,50.637001037597656,49.922000885009766,50.59999847412109,26995000,49.771250343322755,51.650980148315426,50.060146585667475,48.37224108286328,-0.6036734180241581,-0.8277756901624564,0.22410227213829836,51.47529925182798,48.067201434817534,6.847523004749405,0.014166783440049343,-0.0031020489528280626,-0.0006578217985004908,0.030969823349418446,1
2021-05-26,50.23600006103516,50.41400146484375,50.04999923706055,50.23400115966797,24653000,49.75045032501221,51.60764015197754,50.07689453570249,49.03798417297007,-0.5193423228109069,-0.7660890166921466,0.2467466938812397,51.42081149478584,48.08008915523858,6.714958995793643,0.014167771790616318,0.002034571198844981,0.008977858222503965,0.03005945436767199,1
2021-05-27,50.38600158691406,50.5099983215332,49.854000091552734,50.18000030517578,32538000,49.72475032806396,51.56648017883301,50.10633330248455,50.05790226415735,-0.43538658719980816,-0.6999485307936789,0.26456194359387075,51.33842810467649,48.111072551451436,6.49044094124607,0.014137186382796287,0.002985936891803709,0.0019089415318955805,0.0043654547973541735,0
2021-05-28,50.28099822998047,51.17599868774414,50.25299835205078,50.43999862670898,29103000,49.671450233459474,51.56252014160156,50.12296805748416,49.313889907791754,-0.37302396712085084,-0.6345636180591133,0.2615396509382625,51.130263392585874,48.212637074333074,5.873849675295853,0.013973100364307286,-0.0020839787565295476,0.002932129142730888,0.009881635515107012,0
2021-06-01,49.90800094604492,50.54100036621094,49.77399826049805,50.4010009765625,24826000,49.621300315856935,51.536320190429684,50.10249499925185,46.66082956990287,-0.34966814820347736,-0.5775845240879862,0.22791637588450886,50.97110424513519,48.27149638657868,5.440421434691465,0.013944674193878874,-0.00741825534627405,-0.006529164634758611,-0.007595942782424481,1
2021-06-02,49.92399978637695,50.321998596191406,49.58200073242188,49.98199844360352,22690000,49.60160026550293,51.48858016967773,50.085495455168534,46.7930546110384,-0.3261083467094892,-0.5272892886122869,0.20118094190279767,50.92132196432893,48.28187856667693,5.321286780111588,0.013714149486393018,0.0003205666431986831,-0.009169249116546263,-0.004188755918187126,0
2021-06-03,48.94300079345703,49.66600036621094,48.72499847412109,49.51900100708008,38874000,49.56835021972656,51.397260208129886,49.97668643976744,40.21079699502526,-0.38218980825956095,-0.4982693925417417,0.11607958428218074,50.918900314093946,48.217800125359176,5.449243674161707,0.014059278178222804,-0.019649847710872193,-0.026610399228821247,-0.025738499602022014,1
2021-06-04,49.4739990234375,50.18600082397461,49.095001220703125,49.20000076293945,31605000,49.5443000793457,51.345120162963866,49.92881144773602,44.74184877311793,-0.37941400271476056,-0.47449831457634545,0.09508431186158489,50.883535852585844,48.20506430610556,5.406215330907252,0.014194352699593724,0.010849319031771554,-0.008696038999370437,-0.01810031625358066,0
2021-06-07,49.46599960327149,49.66999816894531,49.05500030517578,49.29199981689453,27919000,49.498400115966795,51.32872016906738,49.88473412921559,44.686906494062676,-0.37355355037564664,-0.45430936173620573,0.0807558113605591,50.781105308360374,48.21569492357322,5.182814755177566,0.014037134498774221,-0.00016168937874250222,-0.009173948102420226,-0.01620887920683778,0
2021-06-08,49.23899841308594,49.88199996948242,48.9370002746582,49.70000076293945,23740000,49.526900100708005,51.29740013122559,49.82323548958419,43.070584726720405,-0.38281336442247493,-0.44001016227345957,0.05719679785098464,50.758955345841485,48.294844855574524,4.975297232930869,0.0117236739767239,-0.004589034731050767,0.006047802848828887,-0.013404715081300034,0
2021-06-09,48.58100128173828,49.60900115966797,48.46500015258789,49.45000076293945,30550000,49.48055019378662,51.241120147705075,49.70492746978935,38.70090866999844,-0.4381954586758141,-0.4396472215539305,0.0014517628781163805,50.7798732250514,48.181227162521836,5.2518536118781585,0.01143780797298775,-0.013363332979023035,-0.018049839498039733,-0.026900859514167874,1
2021-06-10,48.72700119018555,49.02099990844727,48.2140007019043,48.71699905395508,43829000,49.49200019836426,51.188880157470706,49.6117916336366,40.151793308038634,-0.4649455915773544,-0.4447068955586153,-0.020238696018739066,50.76014948154977,48.22385091517875,5.124663695557898,0.010494149471137474,0.00300528817017498,-0.014939522480347689,-0.004413288923231673,1
2021-06-11,48.87699890136719,49.14099884033203,48.77799987792969,49.0,31240000,49.50255012512207,51.12310012817383,49.541811373420465,41.679077863233964,-0.4686395182683185,-0.44949342010055593,-0.019146098167762582,50.74631359746868,48.25878665277546,5.025048080161064,0.010488357524611613,0.0030783283911970383,-0.007351886175299249,-0.01206694695909849,1
2021-06-14,49.98899841308594,50.34999847412109,48.69100189208984,48.96799850463867,44002000,49.53514995574951,51.04404006958008,49.58440061529337,51.55017977997328,-0.3774864853304791,-0.4350920331465406,0.057605547816061475,50.793935766415466,48.276364145083555,5.082394266658918,0.011259571933897835,0.022750977693265062,0.028982464218515913,0.010572894796608168,0
2021-06-15,49.18999862670898,50.12300109863281,49.040000915527344,50.12300109863281,31041000,49.54994983673096,50.94650001525879,49.546838521142476,45.580547972006,-0.36550632584138754,-0.42117489168551003,0.0556685658441225,50.78497091523019,48.31492875823173,4.984953900331577,0.01167817167655738,-0.015983512607602113,0.00950186601297931,-0.0009951418175869753,1
2021-06-16,49.24100112915039,49.64599990844727,48.62799835205078,49.5,35332000,49.58059997558594,50.84226005554199,49.517711150476565,46.01033912011671,-0.3478862710515571,-0.40651716755871947,0.058630896507162356,50.751330641901816,48.409869309270064,4.722535293612249,0.011598204927470178,0.0010368469986847817,0.007447311331813866,0.01358555464068223,1
2021-06-17,49.83399963378906,50.18000030517578,49.01499938964844,49.025001525878906,31983000,49.633799934387206,50.74496002197266,49.54783386317299,50.86888918017054,-0.28281214489403794,-0.3817761630257832,0.09896401813174527,50.74767484311051,48.5199250256639,4.488372480832727,0.011866798553367594,0.012042779209207044,-0.003100657829069431,0.02271837824131251,1
2021-06-18,50.07699966430664,50.44900131225586,49.52399826049805,49.63999938964844,51976000,49.62929992675781,50.63734001159668,49.5982306061381,52.74551018988504,-0.20922059467356036,-0.34726504935533864,0.13804445468177828,50.73522085032678,48.523379003188836,4.456725866377625,0.010013415967585716,0.0048761895955229395,0.018032141946758395,0.024551441166857035,0
2021-06-21,49.70000076293945,50.20500183105469,49.22800064086914,50.16400146484375,52773000,49.6248498916626,50.52072006225586,49.60792300202395,49.58136153255414,-0.17925310336004685,-0.3136626601562803,0.13440955679623345,50.728879186261345,48.52082059706385,4.449501800041646,0.010013163373178858,-0.007528384365964702,0.009321492724836844,-0.005781225055928152,1
2021-06-22,50.88199996948242,51.35499954223633,49.58000183105469,49.854000091552734,58093000,49.65444984436035,50.43280006408691,49.729263665591425,58.073576552702406,-0.059440994220842924,-0.26281832696919283,0.2033773327483499,50.85568926315087,48.45321042556983,4.838395843900205,0.011147584597771444,0.02378267984704685,0.021029825889848475,0.034397263468406214,1
2021-06-23,51.27399826049805,51.66299819946289,50.81999969482422,50.84799957275391,39448000,49.711449813842776,50.35082000732422,49.87638124605873,60.45260389816514,0.066376801045827,-0.19697930136618888,0.2633561024120159,51.09296134685785,48.329938280827704,5.558122075250248,0.011218109364437965,0.00770406609902774,0.023903161216038082,0.041286673396738305,1
2021-06-24,51.805999755859375,52.09600067138672,51.43999862670898,51.79600143432617,33612000,49.78994979858398,50.30690002441406,50.06015443746831,63.481200770933654,0.20663443171325468,-0.11625655475030017,0.32289098646355485,51.43504019883274,48.14485939833523,6.6081223496053445,0.011404869847398512,0.010375658489874207,0.042374224559174056,0.03957137971187907,1
2021-06-25,52.70700073242188,53.305999755859375,52.5,52.88399887084961,52991000,49.905999755859376,50.2626000213623,50.3122350369877,67.95684844944925,0.3860428022273368,-0.015796683354772773,0.4018394855821096,51.97559723795649,47.83640227376226,8.293982656280233,0.011939299272178596,0.01739182683103424,0.03586731582944935,0.05251914223586818,1
2021-06-28,53.303001403808594,53.39400100708008,52.45600128173828,52.8120002746582,28202000,50.05709991455078,50.23558006286621,50.59706992906588,70.52978391561548,0.569749780806518,0.10131260947748538,0.46843717132903256,52.601055097762895,47.51314473133867,10.164213218723148,0.012054176567240798,0.011307808509393835,0.039571775405580434,0.07249498160080203,1
2021-06-29,53.34999847412109,53.61299896240234,52.85699844360352,53.35499954223633,23146000,50.22919979095459,50.19370002746582,50.859253600023514,70.72937191798908,0.7109359288258759,0.22323727334716348,0.4876986554787124,53.14766250077308,47.3107370811361,11.620582139331857,0.0118174837353152,0.000881696510041774,0.029803473063698238,0.0485043533296432,0
2021-06-30,52.82099914550781,53.4379997253418,52.68199920654297,53.40599822998047,27734000,50.374049758911134,50.15097999572754,51.04608650911726,65.36332727941587,0.77125064617303,0.33283994791233684,0.4384106982606931,53.49788616724412,47.25021335057815,12.402562125870691,0.01217443635858974,-0.009915639057981984,0.0021628704252147912,0.03017125516816943,1
2021-07-01,53.354000091552734,53.70399856567383,52.571998596191406,52.571998596191406,28054000,50.59459972381592,50.20026000976563,51.26588780268254,67.99778963761304,0.8522351794352261,0.43671899421691474,0.41551618521831135,53.90068885247615,47.288510595155685,13.068940743507804,0.01103923095743936,0.01009070170324966,0.0009567695326908598,0.02988071541884052,1
2021-07-02,53.39799880981445,53.854000091552734,52.93899917602539,53.54999923706055,19755000,50.79079971313477,50.2506600189209,51.46894599383796,68.2127240096714,0.9094823875283709,0.531271672879206,0.3782107146491649,54.26886062182344,47.31273880444609,13.695633572744203,0.010957391456434264,0.0008246564116320965,0.0008997251558806596,0.013110176405228824,1
2021-07-06,54.16400146484375,54.2859992980957,53.29999923706055,53.29999923706055,27751000,51.02569980621338,50.32284004211426,51.725617943457564,71.76777574696798,1.0050753419908176,0.6260324067015284,0.37904293528928923,54.74065262084813,47.31074699157863,14.56110481088348,0.011154122359989074,0.014345156599548492,0.025425537969024914,0.016152937702559322,0
2021-07-07,53.59600067138672,54.4640007019043,53.16600036621094,54.42399978637695,27225000,51.24354991912842,50.374160079956056,51.903749631831765,65.88375360954416,1.023205652225613,0.7054670558063454,0.3177385964192676,55.024273217921355,47.462826620335484,14.755899248820972,0.011483105948571538,-0.01048668447854062,0.004535753259713005,0.004611100361792131,0
2021-07-08,53.07600021362305,53.54999923706055,52.90900039672852,53.09299850463867,32690000,51.468299865722656,50.424580078125,52.01539254438332,60.95650645862405,0.984268329970007,0.7612273106390778,0.22304101933092924,55.121457441727884,47.81514228971743,14.195757720911983,0.01121252125361138,-0.009702225002793607,-0.00603016224144004,0.004827645675780756,1
2021-07-09,53.59799957275391,53.82600021362305,52.858001708984375,53.09999847412109,27772000,51.711849784851076,50.48350006103516,52.16611702327575,63.87702800322441,0.9841861223218444,0.8058190729756312,0.17836704934621328,55.24914741233735,48.1745521573648,13.680800985473631,0.011268658044718974,0.009834941537227637,-0.01044977986822504,0.004573218142641444,1
2021-07-12,53.73099899291992,54.06499862670898,53.29199981689453,54.02999877929688,17807000,51.95454978942871,50.54012001037598,52.315153401337106,64.60352892749631,0.9835155587096267,0.8413583701224303,0.1421571885871964,55.343499204085596,48.565600374771826,13.045823429871934,0.011274345594846125,0.0024814250760512024,0.0025188133413334146,0.006236192189364775,1
2021-07-13,54.06800079345703,54.53300094604492,53.57600021362305,53.57600021362305,27516000,52.15849990844727,50.59454002380371,52.48209124820567,66.44504902279992,0.9986653683587576,0.8728197697696958,0.12584559858906186,55.54069625366284,48.7763035632317,12.96891724705376,0.010467093284961777,0.0062720181432234234,0.018690190968447595,-0.0017724072961823323,1
2021-07-14,54.79499816894531,55.40999984741211,54.10100173950195,54.10100173950195,46595000,52.43874988555908,50.6722200012207,52.70236809779992,70.0633523169504,1.0571481680560382,0.9096854494269644,0.14746271862907379,55.7179138891567,49.15958588196147,12.506644459503608,0.009540232888091261,0.013445982185756211,0.022332896856842366,0.02237102549703307,0
2021-07-15,54.29499816894531,55.75400161743164,53.81999969482422,55.39699935913086,57139000,52.69144973754883,50.75175994873047,52.85404715219472,64.88143310799217,1.051034712912255,0.9379553021240226,0.11307941078823247,55.71494106675749,49.66795840834017,11.476212342869239,0.010045047573979733,-0.009124920461871078,0.010496718590691234,0.022967027477880375,0
2021-07-16,53.03099822998047,54.40599822998047,52.70500183105469,54.180999755859375,34421000,52.8512996673584,50.82021987915039,52.87089963579336,54.006898204700555,0.9334354613247697,0.9370513339641721,-0.003615872639402329,55.576982377104095,50.1256169576127,10.314534275981533,0.011700326084152588,-0.023280228042954487,-0.019179598806287945,-0.010578778075547302,1
2021-07-19,53.22800064086914,53.49100112915039,52.2239990234375,52.60499954223633,38858000,53.008849716186525,50.88567985534668,52.904909255324384,55.26536941351233,0.8463771464330989,0.9189164964579575,-0.07253935002485856,55.42112888451797,50.59657054785508,9.101420541086908,0.011694339275419638,0.0037148539055276153,-0.02859745561528748,-0.009361418203243543,0
2021-07-20,53.10499954223633,53.66400146484375,52.02999877929688,52.60699844360352,69304000,53.17909965515137,50.94009986877441,52.92396547312552,54.26696102981871,0.7587116879070024,0.8868755347477666,-0.1281638468407642,55.054013865942025,51.30418544436071,7.051319871712182,0.01150087079707996,-0.0023108344696751715,-0.021917279065120532,-0.017810927666799148,0
2021-07-21,51.36299896240234,53.0989990234375,50.56100082397461,52.61299896240234,119068000,53.20314960479736,50.993979873657224,52.77530199591379,42.54442051266997,0.5424186278453078,0.8179841533672749,-0.2755655255219671,54.968737509596636,51.437561699998085,6.637155574113121,0.013070973701629724,-0.03280294877789269,-0.03145328813809034,-0.06263343956981893,0
2021-07-22,51.17699813842773,51.36800003051758,50.70000076293945,51.02099990844727,43281000,53.19829959869385,51.02735984802246,52.623082580915124,41.51326448791182,0.35193917172098566,0.7247751570380171,-0.37283598531703144,54.98545922514826,51.41113997223944,6.7188599633296935,0.01298990738672907,-0.0036212999188532935,-0.03853239794369856,-0.05742702156127821,1
2021-07-23,51.54100036621094,51.74100112915039,50.46599960327149,51.21599960327149,38205000,53.18504962921143,51.088219833374026,52.52002713189568,44.355610900264864,0.22772964253824313,0.6253660541380623,-0.3976364115998192,55.01667886636338,51.353420392059476,6.887759811907534,0.01287250858526971,0.007112613889517894,-0.029451072206139184,-0.02809673424037451,1
2021-07-26,51.64899826049805,52.11299896240234,50.9010009765625,51.4379997253418,22545000,53.13214950561523,51.14787979125977,52.43707200128638,45.20644528124394,0.13643449138334773,0.5275797415871194,-0.39114525020377167,55.07376135714601,51.19053765408445,7.308613973261452,0.01221114104638991,0.002095378310854601,0.005568197026522226,-0.02966488241827203,1
2021-07-27,51.89099884033203,52.19499969482422,51.20500183105469,51.80799865722656,27590000,53.06154937744141,51.19895973205566,52.385065033576446,47.15630181259732,0.08265703184551398,0.43859519963879834,-0.35593816779328435,55.07455012015749,51.04854863472533,7.587417881061301,0.011948457257628388,0.004685484481488311,0.01395159403396451,-0.022860384377534126,1
2021-07-28,51.93000030517578,52.446998596191406,51.698001861572266,52.18199920654297,23905000,52.99054946899414,51.25967971801758,52.34172553563353,47.480672449791136,0.04269296208864404,0.3594147521287675,-0.31672179004012346,55.05729767003155,50.923801267956726,7.8004407266873494,0.011947257875917465,0.0007516036637444934,0.007547388219105278,0.01103910118621565,0
2021-07-29,51.42499923706055,52.07799911499024,51.37900161743164,51.99599838256836,17360000,52.920749473571775,51.315619735717775,52.25441826910277,43.73703542267445,-0.0293894337481575,0.2816539149533825,-0.31104334870154,55.097076657694174,50.744422289449375,8.224853977962807,0.011940065849781658,-0.009724649819901954,-0.004336948072211078,0.004845948524804244,1
2021-07-30,51.75699996948242,51.979000091552734,51.09600067138672,51.26900100708008,25371000,52.84089946746826,51.37535972595215,52.207045097710356,46.7117140468415,-0.05904493406814737,0.21351414514907655,-0.2725590792172239,55.06445906426541,50.61733987067112,8.416055060402934,0.011784699978851555,0.006456018227465776,-0.0025823143482345268,0.00419083063457748,0
2021-08-02,51.51499938964844,51.98500061035156,51.05099868774414,51.900001525878906,20966000,52.74674949645996,51.402319717407224,52.14113598265684,44.85029236954676,-0.10091131323360969,0.15062905347253933,-0.251540366706149,55.026725522686824,50.4667734702331,8.644991579547021,0.011792959162257649,-0.004675707246878158,-0.007991544638715875,-0.002594413742039503,0
2021-08-03,51.08200073242188,51.5629997253418,50.5369987487793,51.43899917602539,25794000,52.59264945983887,51.42817970275879,52.04026595882494,41.65205821654577,-0.167103824401444,0.08708247789774268,-0.2541863022991867,54.88521580699623,50.300083112681506,8.71820062576625,0.011245639296130495,-0.00840529287308045,-0.006669878652938777,-0.01559033601182791,1
2021-08-04,51.73500061035156,51.79800033569336,51.0369987487793,51.29999923706055,20394000,52.49959945678711,51.45707969665527,52.01119306849414,47.7081221349808,-0.16496857850832924,0.03667226661652829,-0.20164084512485753,54.77270236314863,50.22649655042559,8.6595057100675,0.011613272870763885,0.012783365345265807,-0.0004250508944457776,-0.0037550489828281908,1
2021-08-05,52.48899841308594,52.54100036621094,51.402000427246094,51.7130012512207,25567000,52.47024936676026,51.5041796875,52.056698339407646,53.68565654434303,-0.10126770839094235,0.00908427161503416,-0.11035198000597651,54.727930925727364,50.21256780779315,8.605568245678441,0.011995342706519632,0.014574230092567309,0.01890709569984428,0.020690310001183265,0
2021-08-06,52.05500030517578,52.68399810791016,51.93899917602539,52.400001525878906,19198000,52.39309940338135,51.540559692382814,52.05653662186175,50.13329977153654,-0.08482650299391281,-0.009697883306755237,-0.07512861968715757,54.596151787122665,50.19004701964003,8.409704364995573,0.011857711287306498,-0.008268363295763637,0.019047796852176502,0.005757681779644752,0
2021-08-09,51.99700164794922,52.266998291015625,51.79899978637695,52.1150016784668,13678000,52.306399536132815,51.572779693603515,52.05086662434627,49.66038467969412,-0.07560520643033897,-0.022879347931471984,-0.05272585849886698,54.426955114659066,50.185843957606565,8.108207016089452,0.011823099398430289,-0.0011141803263191585,0.005064289832930502,0.009356542055936279,0
2021-08-10,51.58399963378906,52.07899856567383,51.297000885009766,52.0,19605000,52.182199478149414,51.59883972167969,52.006403101436064,46.31031721787127,-0.1004649757060605,-0.03839647348638969,-0.06206850221967081,54.16178980693628,50.20260914936255,7.5872245654029555,0.011753807483553973,-0.00794280441315498,-0.017241685051304967,0.009827314791305053,0
2021-08-11,51.2400016784668,51.95700073242188,50.97700119018555,51.70000076293945,16739000,52.004449653625485,51.625479736328124,51.9334124897247,43.66794150963003,-0.1462385352417357,-0.059964885837458896,-0.08627364940427679,53.61832753264042,50.39057177461055,6.206691503377633,0.011183888647692883,-0.006668694900829997,-0.01565649067200081,-0.009567969963176548,0
2021-08-12,51.071998596191406,51.29999923706055,50.720001220703125,51.18600082397461,16857000,51.84329967498779,51.648439712524414,51.85137307129296,42.3956569590831,-0.1938364299285098,-0.08673919465566908,-0.10709723527284072,53.118170272581615,50.568429077393965,4.9181691967376695,0.011099391228222255,-0.0032787485708845043,-0.017789545982297872,-0.026996129850731965,1
2021-08-13,51.59199905395508,52.14400100708008,51.1510009765625,51.26399993896485,21777000,51.77134971618652,51.70141967773438,51.82667078392745,47.49477662178695,-0.18743774759735743,-0.10687890524400676,-0.08055884235335067,52.92681182428145,50.61588760809159,4.463712514466937,0.010379511857212179,0.010181713503619294,0.00015507560915795082,-0.008894462558953542,1
2021-08-16,51.79199981689453,52.3380012512207,51.22999954223633,51.52399826049805,20328000,51.69954967498779,51.74777969360352,51.82336878706717,49.35179682364609,-0.16433401542139592,-0.11836992727948459,-0.04596408814191133,52.643048801449886,50.7560505485257,3.649931701121016,0.01038370544448069,0.003876584869880517,0.010772797040319082,-0.0039425702359277,1
2021-08-17,51.89099884033203,52.07899856567383,51.41999816894531,51.547000885009766,23098000,51.63884963989258,51.796279678344725,51.829809744520965,50.28903559926525,-0.13646269044610904,-0.12198847991280948,-0.014474210533299559,52.33722297508294,50.940476304702216,2.7048369204988885,0.010405289701214402,0.0019114732736233986,0.016036189431633208,0.005951442476784585,1
2021-08-18,52.1870002746582,52.63800048828125,51.8650016784668,52.0,25820000,51.68004970550537,51.855239715576175,51.863827890248324,53.084476774435984,-0.08945840186741805,-0.1154824643037312,0.026024062436313153,52.405177720481575,50.95492169052916,2.8062202691688216,0.007343088024673277,0.0057042924773325066,0.01153281965447528,0.01848162695492994,1
2021-08-19,54.37099838256836,54.8390007019043,52.1870002746582,52.27399826049805,74973000,51.8397497177124,51.971039657592776,52.10260603237404,67.57355214181123,0.12260986020692144,-0.06786399940160068,0.19047385960852212,53.189350785879284,50.49014864954552,5.206819382871199,0.01166339345775248,0.0418494662735136,0.04979530766897633,0.06459507904636741,1
2021-08-20,54.6879997253418,55.13899993896485,53.90999984741211,54.50899887084961,37764000,51.99709968566894,52.0902596282959,52.34883400313288,69.066834715128,0.312650801025363,0.008238960683792068,0.304411840341571,53.82111788177367,50.17308148956422,7.015845911142026,0.011643654975963633,0.005830338824071912,0.053901465524225145,0.060009317881807744,1
2021-08-23,55.33300018310547,55.55500030517578,54.374000549316406,54.59799957275391,26020000,52.18129978179932,52.219379653930666,52.63304030598741,71.90213787397606,0.5094333319038569,0.10847783492780502,0.4009554969760518,54.503526123778414,49.85907343982022,8.900607503798064,0.011803506532649088,0.01179418631149498,0.06028321022266048,0.06836963968817167,1
2021-08-24,55.34099960327149,55.53099822998047,54.92699813842773,55.14799880981445,21095000,52.35379981994629,52.32641967773438,52.890941191443034,71.93649368777946,0.6584403017859728,0.2184703282994386,0.4399699734865342,55.04704986325413,49.66054977663845,10.288651645421695,0.011823483691649669,0.0001445687047432198,0.017840415838568102,0.06648553390839651,0
2021-08-25,54.757999420166016,55.28400039672852,54.54499816894531,55.01599884033203,20656000,52.4951997756958,52.43777969360352,53.06875626084523,65.63746443503032,0.7211729239611344,0.31901084743177777,0.40216207652935665,55.37508413858769,49.615315412803916,10.971991249475016,0.012213855049457017,-0.010534688337487386,0.0012799827233722638,0.049265126027109085,1
2021-08-26,55.012001037597656,55.2599983215332,54.59000015258789,54.61600112915039,15955000,52.67454986572265,52.55319969177246,53.253827191964504,66.99351568022766,0.7823661566973428,0.4116819092848908,0.370684247412452,55.70817146444946,49.64092826699585,11.51835794120719,0.011860482228076667,0.004638621208248539,-0.005801224304584518,0.011789422193777543,1
2021-08-27,55.891998291015625,56.41699981689453,54.92499923706055,55.15999984741211,32526000,52.881299781799314,52.67435966491699,53.50508158235032,71.229614633857,0.8915929301200549,0.5076641134519236,0.3839288166681313,56.18794357944926,49.574655984149366,12.505909693195658,0.012175716250421225,0.015996459623719872,0.009956428176110421,0.022015772595827876,1
2021-08-30,56.61800003051758,56.71599960327149,55.64500045776367,55.72499847412109,24348000,53.13644981384277,52.80517967224121,53.8015500059853,74.1744281835201,1.0249235274899178,0.6111159962595225,0.41380753123039526,56.754835841696305,49.51806378598924,13.619223868098516,0.012160080039566383,0.012989368097412468,0.0339676509377107,0.023223028629567377,1
2021-08-31,56.91899871826172,56.948001861572266,56.1609992980957,56.61199951171875,24319000,53.42829971313476,52.949559631347654,54.098449883344955,75.30309629830003,1.141716072856262,0.7172360115788704,0.4244800612773917,57.27139677526221,49.585202651007315,14.385997992680515,0.011756008881318695,0.005316307315375024,0.03466512114985121,0.02851410574985258,1
2021-09-01,58.20700073242188,59.09999847412109,56.900001525878906,56.900001525878906,56262000,53.75189971923828,53.09605964660645,54.4897404403999,79.44317797642982,1.3229557938841978,0.838379968039936,0.48457582584426184,58.0349210230823,49.468878415394265,15.936260211138492,0.012272309832471049,0.022628683623468593,0.04141921048076713,0.06298625495411514,1
2021-09-02,58.85499954223633,59.8759994506836,58.36800003051758,58.36800003051758,61799000,54.0701997756958,53.24767967224121,54.905479402479564,81.15480590812875,1.5015685197586919,0.9710176783836872,0.5305508413750046,58.848102391310576,49.29229716008102,17.67296083770866,0.012169178075524426,0.011132661048682158,0.03951039440660198,0.06985745713943747,1
2021-09-03,59.053001403808594,59.1879997253418,58.31399917602539,58.58000183105469,26812000,54.42009983062744,53.3926197052002,55.30048149784423,81.65737370386695,1.6401903934352617,1.1048522213940022,0.5353381720412596,59.567146541350176,49.27305311990471,18.915976731913283,0.011731019267803436,0.003364231808891116,0.03749192244420496,0.056555557314920346,1
2021-09-07,60.67100143432617,61.3849983215332,59.39899826049805,59.46900177001953,58214000,54.85379981994629,53.55189971923828,55.81195958703299,85.14389899525389,1.8591768736113536,1.2557171518374726,0.6034597217738811,60.54415836143257,49.163441278460006,20.747363209711935,0.01247963119940349,0.02739911591374633,0.04233168984657576,0.07158503305704889,0
2021-09-08,60.60499954223633,61.560001373291016,59.57099914550781,60.38399887084961,54245000,55.304849815368655,53.69793968200683,56.26843958276664,84.43882285922571,2.0042951686981425,1.4054327552096066,0.5988624134885359,61.30846014040132,49.30123949033599,21.7109723471822,0.012112766412852645,-0.0010878655458042008,0.02973409249190695,0.06475870811114603,0
2021-09-09,59.75400161743164,60.94400024414063,59.65499877929688,60.64699935913086,29542000,55.730549812316895,53.826019744873044,56.600397871782356,75.73093910323823,2.0272649937110927,1.529799202909904,0.4974657908011888,61.72828665729242,49.73281296734137,21.524054096627555,0.012686424650569553,-0.014041711595288775,0.011870695764124806,0.02657757427016949,1
2021-09-10,59.87200164794922,60.94499969482422,59.367000579833984,59.81600189208984,39508000,56.17054996490479,53.967039794921874,56.911979183798245,76.09900429550963,2.0315716682359053,1.6301536959751042,0.4014179722608011,62.02617559323752,50.314924336572055,20.849450938227633,0.012498155518682615,0.001974763653036282,-0.01316938516734123,0.017279791243274945,0
2021-09-13,58.92900085449219,59.85699844360352,58.27799987792969,59.85699844360352,30629000,56.53740005493164,54.078539810180665,57.1040764857691,67.31310854558399,1.9365688950295876,1.691436735786001,0.24513215924358667,62.112274055139856,50.96252605472342,19.72101297474479,0.013565314647442149,-0.015750280055808585,-0.027654462509749123,-0.0020998178986446625,0
2021-09-14,57.7760009765625,58.72800064086914,57.555999755859375,58.48899841308594,34570000,56.836600112915036,54.166099853515625,57.168069294416085,58.430357304091565,1.748090163423079,1.7027674213134167,0.04532274210966225,61.98676507961163,51.68643514621844,18.12270599038283,0.014785218464300516,-0.019565915953278834,-0.03310239628022016,-0.04771637832445186,1
2021-09-15,58.2869987487793,58.46200180053711,57.5369987487793,57.81700134277344,27556000,57.1564001083374,54.24855979919434,57.274634004355434,60.89340213896922,1.6212637411341504,1.6864666852775636,-0.06520294414341321,61.80871650847709,52.50408370819771,16.279249187567558,0.014775835736347083,0.00884446419931506,-0.02647319039857443,-0.03824768271537715,1
2021-09-16,58.650001525878906,58.74800109863281,57.77199935913086,58.43000030517578,18320000,57.479550170898435,54.34963981628418,57.40562138735767,62.589179687513,1.532379856988264,1.6556493196197037,-0.12326946263143967,61.57021345853017,53.3888868832667,14.233456161258594,0.014775876073882513,0.0062278515774019105,-0.004734499559939764,-0.018475751609423163,1
2021-09-17,58.935001373291016,59.02799987792969,58.084999084472656,58.78499984741211,41451000,57.70775032043457,54.46681983947754,57.55127662411322,63.91229434543565,1.4680134984682311,1.6181221553894094,-0.15010865692117825,61.582834022259334,53.83266661860981,13.430028654063056,0.012123846246102658,0.004859332310270359,0.020060239150139214,-0.015650057604016943,0
2021-09-20,57.542999267578125,59.15299987792969,56.80799865722656,58.67900085449219,37322000,57.85050029754639,54.54571983337402,57.55048830444321,53.88764087597056,1.2898116137193938,1.5524600470554064,-0.2626484333360126,61.472159216171534,54.228841378921246,12.520752283895975,0.013601931344222764,-0.023619276716327353,-0.012764415687413488,-0.023519855534906875,0
2021-09-21,57.31399917602539,58.1879997253418,56.9370002746582,57.83100128173828,22509000,57.949550247192384,54.61737983703613,57.52796553030818,52.43067018050838,1.1172282310291308,1.4654136838501515,-0.34818545282102065,61.39442688913389,54.50467360525088,11.8892264987282,0.013499858418042215,-0.003979634264245968,-0.022779238109039368,-0.007996430918168373,1
2021-09-22,59.06499862670898,59.56499862670898,57.96900177001953,57.96900177001953,40218000,58.135750198364256,54.71731979370117,57.6743496347273,61.09283216983371,1.1089622522690163,1.3941233975339247,-0.2851611452649083,61.39403672904594,54.87746366768257,11.209235348521792,0.014934029664912465,0.030550990610615614,0.00220577331617533,0.013347742972372068,1
2021-09-23,59.32600021362305,59.93199920654297,58.91299819946289,59.07899856567383,25262000,58.36415023803711,54.80793983459473,57.83164968986023,62.197821088823225,1.1106689510310872,1.3374325082333574,-0.22676355720227015,61.26402329721959,55.46427717885464,9.937172210527855,0.014571319078705482,0.00441888754732056,0.03098554070415882,0.011525979030807987,0
2021-09-24,59.23899841308594,59.29800033569336,58.36399841308594,59.25,21262000,58.575500106811525,54.90681983947754,57.96568290159601,61.570098254187904,1.0924085975849493,1.2884277261036758,-0.1960191285187265,61.05265163724407,56.09834857637898,8.457978253418224,0.014623623701387102,-0.0014665037289524063,0.03358689438418705,0.0051581748148170625,1
2021-09-27,59.26399993896485,59.358001708984375,57.69300079345703,58.79499816894531,25047000,58.744100189208986,55.031479873657226,58.08933214325018,61.68975320265717,1.0676473757518536,1.2442716560333114,-0.1766242802814577,60.906771167024516,56.581429211393456,7.363023591645048,0.01435267219716965,0.0004220450471592585,0.0033691918544442867,0.02990808079683127,0
2021-09-28,58.3849983215332,59.95399856567383,58.01599884033203,58.900001525878906,44311000,58.83245010375977,55.134619827270505,58.11749082689619,55.184203342307754,0.9659608492698126,1.1886094946806116,-0.22264864541079898,60.773494508712204,56.89140569880733,6.598550295046748,0.014681160484624796,-0.01483196575217538,-0.01586154280924812,0.018686519190861395,1
2021-09-29,59.90599822998047,60.98799896240234,58.80099868774414,58.9010009765625,62210000,58.9818000793457,55.27063980102539,58.28782486528517,62.54471889758763,0.9966171434489652,1.1502110244342825,-0.15359388098531723,60.764122607985385,57.19947755070602,6.043635583322311,0.015654318527618616,0.026051210964688876,0.011259471543448418,0.014238544363415873,1
2021-09-30,61.03400039672852,61.900001525878906,60.80500030517578,60.80500030517578,66126000,59.12315006256104,55.464059829711914,58.54936539208929,66.88808857328505,1.0992612260541392,1.1400210647582538,-0.04075983870411459,61.07737542009049,57.168924705031586,6.610694306584114,0.015420775064708238,0.01882953627477546,0.02986636844604762,0.028790078160591426,1
2021-10-01,61.31499862670898,61.499000549316406,59.7509994506836,60.42399978637695,40908000,59.24615001678467,55.66681983947754,58.81275903348165,67.88710254108702,1.1895689988508948,1.149930651576782,0.03963834727411286,61.41523735443994,57.0770626791294,7.322289590262858,0.015296720293405001,0.004603962187533783,0.05018412930389937,0.03504448537678928,0
2021-10-04,60.334999084472656,62.61299896240234,59.46799850463867,61.3390007019043,49959000,59.31024990081787,55.84269981384277,58.95773427643317,60.97734524221345,1.1685900083696623,1.153662522935358,0.014927485434304222,61.527942818907796,57.09255698272795,7.478278785870845,0.015819397203174646,-0.015983031300426886,0.007161233718954829,0.018071664865868087,1
2021-10-05,63.48099899291992,64.03900146484375,60.68899917602539,60.69400024414063,95343000,59.45074977874756,56.079339828491214,59.38852139228905,71.13450088958979,1.3897991679728037,1.2008898519428473,0.18890931602995642,62.26995208912156,56.631547468373554,9.484160656899942,0.018684743526764424,0.05214220529021096,0.04009238424952666,0.08728270648090852,1
2021-10-06,63.90999984741211,63.98699951171875,62.63600158691406,62.81800079345703,45804000,59.61599979400635,56.319719848632815,59.81913838801506,72.19724159829627,1.5814953108353578,1.2770109437213495,0.3044843671140083,63.01441047082575,56.21758911718695,11.401002041606525,0.018689360565638892,0.006757941136686263,0.0423224541926801,0.06683807524682561,0
2021-10-07,63.185001373291016,64.68399810791016,63.04499816894531,64.2229995727539,35569000,59.787549781799314,56.544819869995116,60.13969676756515,67.66340647629926,1.655827221856633,1.3527741993484061,0.30305302250822685,63.52589474835958,56.049204815239044,12.505429575902463,0.018570603392750365,-0.011344053760789508,0.04723630284353164,0.03524266740801396,1
2021-10-08,63.26599884033203,64.37999725341797,63.08599853515625,63.41699981689453,32721000,59.95724964141846,56.781639862060544,60.43743982211437,67.90589401676652,1.7016559845933088,1.4225505563973868,0.279105428195922,63.9919151872363,55.92258409560061,13.458474396166093,0.018573178467296517,0.0012819097140235325,-0.003386842614305219,0.03181929800734262,0
2021-10-11,62.70399856567383,63.94200134277344,62.678001403808594,63.31999969482422,28625000,60.14599952697754,57.000579833984375,60.65330255959623,64.30280609510507,1.6733376886496742,1.4727079828478444,0.20062970580182982,64.32134224422026,55.97065680973482,13.884024706813417,0.018270826327890267,-0.008883132882744116,-0.018870306440583073,0.039264100723436224,0
2021-10-12,62.49399948120117,63.76599884033203,62.19900131225586,63.30199813842773,32273000,60.381899452209474,57.22015983581543,60.828607028320505,62.958532882394465,1.6153295504607001,1.5012322963704157,0.11409725409028448,64.52799808089006,56.2358008235289,13.732918859109747,0.017549864561998234,-0.003349054115786787,-0.010936169614169544,-0.015547951786783143,1
2021-10-13,62.97600173950195,63.21799850463867,62.209999084472656,63.21799850463867,24203000,60.616349601745604,57.45803985595703,61.033120810337785,64.77857284367468,1.5899235875792428,1.5189705546121812,0.07095303296706157,64.79228277796113,56.44041642553007,13.778240371291764,0.017535501708090654,0.007712776623390427,-0.0045837749525137195,-0.014614271790644895,1
2021-10-14,63.380001068115234,63.6879997253418,62.67900085449219,63.22299957275391,26717000,60.85284957885742,57.690939865112306,61.256633215840395,66.27435801378955,1.5841277102529006,1.532001985740325,0.052125724512575466,65.09182797818224,56.61387117953261,13.931897778530969,0.017536792658009757,0.006415131438232802,0.010780851586895013,0.0030861706193876515,0
2021-10-15,62.82899856567383,63.94200134277344,62.51599884033203,63.79999923706055,41169000,61.047549438476565,57.89773986816406,61.40638229677691,62.383126910727114,1.51757942770557,1.5291174741333742,-0.011538046427804094,65.27397941474491,56.821119462208216,13.84635424400688,0.017763426676439466,-0.008693633530381883,0.005360500004059299,-0.006907348064812635,1
2021-10-18,63.797000885009766,63.84099960327149,62.05899810791016,63.209999084472656,46691000,61.360249519348145,58.13257987976074,61.634060257560996,66.14396861198833,1.5253656656829762,1.5283671124432947,-0.003001446760318549,65.4256040245901,57.29489501410619,13.25077566368131,0.01675988483409504,0.01540693535524218,0.013036698469741648,0.017431142261066013,1
2021-10-19,63.900001525878906,64.0999984741211,63.22999954223633,63.696998596191406,76331000,61.68954963684082,58.370639877319334,61.84986418787699,66.52744570715542,1.522299485413427,1.5271535870373214,-0.004854101623894325,65.44574354378115,57.93335572990049,12.177731654883537,0.01664308392932112,0.001614506002481031,0.008204487993062948,0.022498192728098276,0
2021-10-20,62.51399993896485,63.7400016784668,61.71500015258789,62.55699920654297,106220000,61.861999702453616,58.58923988342285,61.913115211790114,57.14733717860339,1.3919848359850135,1.50011983682686,-0.10813500084184646,65.43247958969481,58.29151981521243,11.543370419367717,0.016617687538823797,-0.02169016516146305,-0.005013586622421129,-0.007336156436989372,1
2021-10-21,65.31600189208984,65.4010009765625,62.8650016784668,62.88899993896485,84371000,62.16149978637695,58.870759887695314,62.23719965753295,67.21221455381385,1.4975449121979665,1.4996048519010814,-0.0020599397031149103,65.8342770690128,58.4887225037411,11.816887608109994,0.019076866590869927,0.044821991167749875,0.02380991247249975,0.030545926023162417,1
2021-10-22,66.47799682617188,66.5459976196289,65.18099975585938,65.18099975585938,61860000,62.52344970703125,59.17887985229492,62.64108510216523,70.32495263929758,1.6558773893035692,1.5308593593815791,0.12501802992199007,66.39430083709725,58.65259857696524,12.382077918617139,0.019219227549752874,0.017790356121334394,0.040344213438694654,0.05807824959495145,1
2021-10-25,67.16600036621094,67.58799743652344,65.70700073242188,66.3740005493164,38335000,62.91854972839356,59.49035987854004,63.07202941302672,72.01877675918118,1.8159401265341018,1.5878755128120838,0.22806461372201792,66.9860950729609,58.851004383826215,12.929558491497644,0.019197024011537084,0.010349342231807501,0.07441533787292509,0.05280811690934484,0
2021-10-26,66.85199737548828,67.64900207519531,66.2770004272461,67.3759994506836,29048000,63.341899681091306,59.791559829711915,63.432026361832584,70.05345242925483,1.8956022589900243,1.649420862047672,0.2461813969423523,67.19051096401823,59.49328839816438,12.151865675969944,0.018733128702019035,-0.004675028868930897,0.023516373306744942,0.0461971170441029,0
2021-10-27,66.29199981689453,67.14099884033203,66.18499755859375,66.9000015258789,22769000,63.661199760437015,60.07957984924317,63.70440478612419,66.56470496473806,1.8917411357672123,1.6978849167915802,0.1938562189756321,67.37381784614092,59.94858167473311,11.66367614708749,0.01846619773975247,-0.00837667654787344,-0.0027978732536675377,0.06043446078667669,1
2021-10-28,67.40499877929688,67.68000030517578,66.8030014038086,67.09500122070312,28594000,63.97974967956543,60.383939819335936,64.0568423092835,69.7854036525665,1.9559439776986238,1.749496728972989,0.2064472487256348,67.82687948836808,60.13261987076279,12.026085841443624,0.01839264507089754,0.01678934057618653,0.0035583243275294496,0.031982926491096464,1
2021-10-29,69.03099822998047,69.09700012207031,67.1240005493164,67.30599975585938,38253000,64.365549659729,60.67713981628418,64.53057144458798,73.7617970337318,2.1136647476116863,1.8223303327007285,0.2913344149109578,68.59495671224533,60.13614260721266,13.141834645630349,0.018874546014886237,0.024122831839335612,0.03259440166392302,0.03840370537163196,0
2021-11-01,68.11699676513672,68.99700164794922,67.65399932861328,68.90599822998047,31109000,64.75464954376221,60.94571975708008,64.87213576083072,68.31896415974893,2.1402360060732804,1.885911467375239,0.2543245386980413,68.85926799446511,60.650031093059305,12.67744781146237,0.018714869077912363,-0.013240449772994767,0.027529671050549487,0.014158895776741787,0
2021-11-02,67.77200317382812,68.76799774169922,67.38200378417969,68.31099700927734,38886000,64.96919975280761,61.194499816894535,65.14831360968762,66.32944247743706,2.109142933412315,1.9305577605826543,0.17858517282966058,69.23067988272575,60.70771962288947,13.118462736595376,0.01541139103262128,-0.00506472110768641,0.005444765242603511,0.013761829630496214,1
2021-11-03,68.8290023803711,68.93900299072266,67.72699737548828,67.72699737548828,23349000,65.21514987945557,61.46425987243652,65.49885539737176,69.28107157264857,2.145065472066989,1.9734593028795213,0.17160616918746752,69.76195990576255,60.66833985314859,13.944029982945247,0.01563818425562426,0.015596399059238042,-0.0029261615040885314,0.03827011661262336,0
2021-11-04,66.83999633789062,68.59400177001953,66.55000305175781,68.58899688720703,48650000,65.39789962768555,61.70589981079102,65.6265831059926,58.83008937719613,1.9900975719311305,1.9767869566898433,0.013310615241287183,69.89719025451713,60.898609000853966,13.759740457862812,0.016970447903981573,-0.028897789793444706,-0.01874716279182298,-0.008382203866752258,0
2021-11-05,64.5719985961914,66.56400299072266,64.5009994506836,66.39700317382812,52835000,65.46319961547852,61.89709976196289,65.52614648601153,49.63561123734817,1.6650819035759667,1.914445946067068,-0.24936404249110122,69.87386646986826,61.05253276108877,13.475255961509284,0.018872864375147593,-0.033931745451241446,-0.047217205155188346,-0.06459416418887154,1
2021-11-08,65.1449966430664,65.5999984741211,64.37899780273438,65.02899932861328,28875000,65.58524951934814,62.082159729003905,65.48984650096914,51.68989650450092,1.4371739517256117,1.818991547198777,-0.3818175954731653,69.81514430810537,61.355354730590896,12.898921082885833,0.018791503905608006,0.008873785221645614,-0.05352403216518664,-0.04363081555573556,1
2021-11-09,65.5989990234375,66.05000305175781,65.052001953125,65.37000274658203,24156000,65.74049949645996,62.261779708862306,65.50024197929946,53.31472228840737,1.2784522539610492,1.7108836885512315,-0.4324314345901823,69.72603235324166,61.75496663967825,12.125045861558512,0.018776278371222317,0.006969105898624983,-0.018566687349586553,-0.032063448749140466,0
2021-11-10,64.69100189208984,66.03299713134766,64.21099853515625,65.3010025024414,24058000,65.82624950408936,62.41721977233887,65.4231714948033,49.713466946820134,1.067095571400273,1.5821260651210398,-0.5150304937207668,69.6402840309288,62.012214977249926,11.588187252267787,0.019083126905990205,-0.01384163089170376,0.0018429551273864142,-0.060120012569895076,1
2021-11-11,65.75800323486328,66.58200073242188,64.97100067138672,65.02400207519531,28683000,65.94514961242676,62.568239822387696,65.45506023195188,53.673521977813344,0.9744590118784657,1.4605926544725252,-0.48613364259405945,69.59130041257535,62.29899881227817,11.058131861335578,0.019350486625213867,0.016493813846835792,0.009409879858549575,-0.016187809130892794,1
2021-11-12,68.26100158691406,68.33399963378906,65.38200378417969,66.0009994506836,41984000,66.21674976348876,62.75635986328125,65.72229274194828,61.36058364850648,1.0904449490334827,1.386563113384717,-0.2961181643512343,69.69955089095902,62.73394863601852,10.519396194799736,0.020761005193611664,0.038063782793267054,0.04057992657060927,0.057130072956116384,0
2021-11-15,67.93299865722656,68.5260009765625,67.14900207519531,68.1240005493164,28722000,66.42354965209961,62.93395980834961,65.93283616245097,59.95657513714779,1.1427249230797685,1.3377954753237273,-0.19507055224395886,69.79651630533847,63.05058299886075,10.155936172954119,0.020686702115538372,-0.004805129166906008,0.05011511138047675,0.04279687094675588,1
2021-11-16,68.73999786376953,68.83599853515625,67.69000244140625,67.8270034790039,20774000,66.66554946899414,63.09533973693848,66.20018489590989,62.24548764407323,1.2350385155401966,1.3172440833670211,-0.08220556782682453,69.97344545175308,63.35765348623521,9.923854251879897,0.020768601933728984,0.011879340269003835,0.045348010617896506,0.0478818105015566,1
2021-11-17,69.16899871826172,70.0989990234375,68.60900115966797,69.0,27328000,66.99829940795898,63.26661972045898,66.4829290694672,63.44182114181642,1.327511757107814,1.3192976181151799,0.008214138992634235,69.8802544169594,64.11634439895856,8.603069135984855,0.01988008464255195,0.0062409203931368396,0.013301843076409359,0.06922132437586237,0
2021-11-18,68.2020034790039,69.17400360107422,67.9739990234375,69.16100311279297,20129000,67.1425994873047,63.43557975769043,66.64665044180403,58.91047939639716,1.3076947420179295,1.31697704289573,-0.009282300877800465,69.96148762521582,64.32371134939356,8.396720292142176,0.017978112895377894,-0.01398018270000645,0.003959854961425702,0.037166582376468416,0
2021-11-19,67.87999725341797,69.41600036621094,67.5,69.23500061035156,26137000,67.21269950866699,63.595739669799805,66.76411204291011,57.439236264947965,1.2515789800971362,1.3038974303360114,-0.05231845023887516,70.03172168590024,64.39367733143374,8.388361716879833,0.017660316026168247,-0.004721360211728531,-0.01251091994585063,-0.005581581351556619,0
2021-11-22,65.91999816894531,67.947998046875,65.64700317382812,67.60199737548828,27644000,67.15039939880371,63.735559616088864,66.68372024538965,49.35883263917672,1.0369974279209515,1.2505174298529995,-0.213520001932048,70.02531505143413,64.2754837461733,8.562616688417306,0.018735098513762545,-0.028874472065096635,-0.04697191819344093,-0.02963214532069114,0
2021-11-23,65.40599822998047,66.64299774169922,64.6050033569336,65.81800079345703,23202000,67.07809944152832,63.888159561157224,66.5620324343983,47.47275019577129,0.8160574995701069,1.163625443796421,-0.3475679442263142,70.05047378008427,64.10572510297237,8.862428611731781,0.018782308817980008,-0.0077973293877757754,-0.040995940095574945,-0.04850159641256402,1
2021-11-24,65.8290023803711,66.14399719238281,65.11000061035156,65.8010025024414,18673000,67.05494956970215,64.03899963378906,66.49222004830048,49.193360454088534,0.6674005363683051,1.064380462310798,-0.3969799259424929,70.05850141908184,64.05139772032246,8.958479183576342,0.018765636031782048,0.0064673602091243065,-0.030215011137814995,-0.048287475600088614,1
2021-11-26,66.56400299072266,67.64099884033203,66.06700134277344,67.5,28725000,67.01289978027344,64.19727966308594,66.49905651900735,52.1276969847134,0.6019582288579954,0.9718960156202375,-0.3699377867622421,70.01921809203002,64.00658146851687,8.97235702861359,0.01853868780294185,0.011165300760667796,0.00976949089298862,-0.02401689693449416,0
2021-11-29,66.38400268554688,66.79900360107422,65.8290023803711,66.31999969482422,25294000,66.88055000305175,64.34625968933105,66.48809901105874,51.34559592670355,0.5294668441694199,0.8834101813300741,-0.3539433371606542,69.74977323906694,64.01132676703656,8.580142465587574,0.017613529189715687,-0.00270416887639513,0.014952825154163296,-0.022038813028911308,0
2021-11-30,64.19000244140625,67.53800201416016,64.0009994506836,66.81999969482422,56089000,66.68420028686523,64.47919975280762,66.26923267109183,42.897246546440215,0.29161782706978556,0.7650517104780165,-0.4734338834082309,69.72069139521788,63.64770917851259,9.107078124323678,0.018806971544371248,-0.033050134902731676,-0.024897839549419598,-0.02624386795499123,0
2021-12-01,61.777000427246094,65.4520034790039,61.70700073242188,64.947998046875,38828000,66.38445014953614,64.56845977783203,65.84140102882081,35.90078693336909,-0.0905445871956374,0.5939324509432857,-0.6844770381389231,70.05055663190429,62.718343667167986,11.045075990265673,0.020356078787927414,-0.03759155510802148,-0.0719157855356708,-0.05548417424918883,0
2021-12-02,61.64699935913086,62.5359992980957,61.28799819946289,61.709999084472656,33311000,66.02534999847413,64.62009979248047,65.44193420313606,35.56424711704014,-0.39929819255586096,0.3952863222434564,-0.7945845147993174,70.05251350925154,61.998186487696714,12.198840326845621,0.01981757349525938,-0.0021043603155892487,-0.07135760325954787,-0.06352827583617193,0
2021-12-03,60.2130012512207,62.54999923706055,59.400001525878906,62.275001525878906,48293000,65.69400024414062,64.63783981323242,64.94394058866793,32.00073101507843,-0.751041770120878,0.1660207037705895,-0.9170624738914676,70.42716252363458,60.96083796464667,14.409724668627142,0.019502010704677004,-0.023261442127235687,-0.061956707258514654,-0.0954119562248551,1
2021-12-06,61.26900100708008,61.729000091552734,60.09999847412109,60.60100173950195,30757000,65.52885036468506,64.67843986511231,64.59394634280241,37.00639284978661,-0.933826167801314,-0.05394867054379121,-0.8798774972575227,70.62375697259111,60.433943756778994,15.550117481236372,0.01887258353115134,0.017537736600331977,-0.008223115668496761,-0.07705172137172789,1
2021-12-07,62.55799865722656,62.88899993896485,61.13999938964844,61.983001708984375,31252000,65.39950046539306,64.74431983947754,64.40004656322375,42.56431033014238,-0.9635653999574743,-0.23587201642652783,-0.7276933835309465,70.65562746111141,60.143373469674714,16.073905636327268,0.019444168457786463,0.021038333071523807,0.014777674624333104,-0.02542457893921113,1
2021-12-08,62.80799865722656,63.24599838256836,62.31999969482422,63.0,22203000,65.25995044708252,64.8327798461914,64.24842295312878,43.60360694287443,-0.9559415459492584,-0.379885922331074,-0.5760556236181844,70.63435186064393,59.885549033521094,16.47074929337978,0.019384523817927567,0.003996291527320395,0.04309696165416188,0.016689030267739602,0
2021-12-09,61.09999847412109,63.02399826049805,61.04399871826172,62.757999420166016,23763000,65.08040027618408,64.85665985107421,63.948573002747096,38.48052556902149,-1.0753252470629278,-0.5189737872774448,-0.556351459785483,70.75063281907293,59.41016773329522,17.425315513813327,0.020033177733309482,-0.02719399152370472,-0.0027583693251251873,-0.008873114518083258,1
2021-12-10,61.16600036621094,61.77399826049805,60.5880012512207,61.678001403808594,27488000,64.85080013275146,64.85929985046387,63.68356608498175,38.77985975182475,-1.1513399588563473,-0.6454470215932253,-0.505892937263122,70.75955197760806,58.94204828789487,18.22260275204379,0.019548153572192948,0.00108022739342295,-0.022251323905721265,0.015827131934748273,0
2021-12-13,60.45600128173828,61.26399993896485,59.95199966430664,61.20000076293945,25179000,64.46055011749267,64.84211990356445,63.37617896086332,36.710571781315565,-1.254413065047217,-0.7672402302840238,-0.4871728347631932,70.44729586648161,58.473804368503735,18.57491361174193,0.016986342186184406,-0.011607740905433928,-0.037447417936754546,-0.013269348479304388,0
2021-12-14,59.79899978637695,60.229000091552734,58.8129997253418,59.87099838256836,29845000,64.0538501739502,64.83139991760254,63.03549522995986,34.85704640508864,-1.3732834177891533,-0.8884488677850497,-0.4848345500041036,70.14597097153886,57.96172937636153,19.021872318508166,0.017019564690451242,-0.010867432205771577,-0.02129294141136795,-0.04410305524585223,1
2021-12-15,60.50400161743164,60.56900024414063,58.45100021362305,59.81800079345703,28662000,63.6420503616333,64.77185997009278,62.79440060019526,38.448377635099504,-1.3945260447502577,-0.9896643031780914,-0.40486174157216626,69.52115815035422,57.76294257291238,18.475544880512366,0.01701454951697602,0.011789525469877438,-0.010822985724353362,-0.036683178720101295,0
2021-12-16,59.10599899291992,60.28300094604492,58.79999923706055,59.70899963378906,31432000,63.13890037536621,64.67577995300293,62.44312425664523,34.39859973821967,-1.5067986707378012,-1.0930911766900335,-0.41370749404776763,68.756461192414,57.52133955831843,17.79429411551642,0.017148099517974576,-0.02310595311284247,-0.022330327183351928,-0.03263501687394843,0
2021-12-17,58.67300033569336,59.32500076293945,58.17399978637695,59.1609992980957,43869000,62.66245021820068,64.58553993225098,62.08406483560219,33.23108868121524,-1.6121312629485303,-1.196899193941733,-0.4152320690067972,68.09483648479065,57.23006395161072,17.33856958249646,0.017084051469468994,-0.0073257988123748286,-0.018829737198047813,-0.04075793767111757,1
2021-12-20,59.374000549316406,60.28799819946289,58.42599868774414,58.64300155639648,33584000,62.23715038299561,64.50769996643066,61.82596347500354,36.96138381149747,-1.620364686950559,-1.2815922925434984,-0.33877239440706064,67.28744954068414,57.18685122530707,16.2292107739829,0.01761764046331518,0.011947577414011867,-0.01867646829808478,-0.01789732548435541,1
2021-12-21,60.492000579833984,60.78200149536133,59.38600158691406,59.75400161743164,23194000,61.965750503540036,64.46346000671387,61.69891938974929,42.48076452486396,-1.5191644932134096,-1.3291067326774806,-0.19005776053592904,66.77275851352667,57.158742493553405,15.515048138445486,0.017661501997087218,0.018829791157308984,0.02344942324856203,0.011588835865694591,1
2021-12-22,61.42399978637695,61.48199844360352,60.26300048828125,60.33599853515625,23357000,61.76665058135986,64.44206001281738,61.6727365703805,46.672495055682084,-1.3482166612083688,-1.3329287183836582,-0.015287942824710576,66.3098213657439,57.22347979697582,14.710756505728648,0.018163486892960972,0.015406982702001581,0.04688697416092502,0.015205575571058727,0
2021-12-23,61.40900039672852,61.6879997253418,60.75699996948242,61.63999938964844,16211000,61.545650482177734,64.41071998596192,61.6476188395565,46.61361939350851,-1.2001154146668682,-1.3063660576403002,0.10625064297343201,65.68932987419808,57.40197109015739,13.465384993275078,0.018041390827959254,-0.00024419428400290766,0.03427425857420263,0.03896391978899594,0
2021-12-27,61.3120002746582,61.5,60.92499923706055,61.5,20615000,61.28305034637451,64.36935997009277,61.61565516670905,46.20766968834792,-1.0781430470326612,-1.2607214555187725,0.1825784084861113,64.72810327520588,57.837997417543136,11.243085679840615,0.01772538986779061,-0.001579575004374889,0.013555506297763031,0.044978097657627725,0
2021-12-28,61.07099914550781,61.84099960327149,60.96900177001953,61.494998931884766,18828000,61.01740016937256,64.33419998168945,61.56378316468988,45.15546270152895,-0.9895192815872846,-1.206481020732475,0.21696173914519035,63.545474496867925,58.48932584187719,8.286404600910299,0.017722972475899674,-0.00393073343017325,-0.005746949760628173,0.028581510096862495,0
2021-12-29,61.05400085449219,61.39799880981445,60.46799850463867,61.07099914550781,12872000,60.86060009002686,64.2793399810791,61.515232468480576,45.07749445825769,-0.91016412353774,-1.147217641293528,0.23705351775578798,62.92941657114292,58.79178360891079,6.798541184463542,0.016359428464840987,-0.00027833654686282294,-0.005780904101074569,0.009290489143543912,1
2021-12-30,61.20899963378906,62.06100082397461,61.124000549316406,61.29899978637695,16251000,60.832200050354004,64.2255199432373,61.4860674366052,45.99321608124843,-0.8252544632013041,-1.0828250056750832,0.2575705424737791,62.865201259485815,58.79919884122219,6.683964109300631,0.014120276844507692,0.002538716171382127,-0.0016799425953766267,-0.0035002629808483787,0
2021-12-31,60.24399948120117,61.40800094604492,60.20500183105469,61.0009994506836,19959000,60.76205005645752,64.18011993408203,61.36777525037625,41.368676103381226,-0.8263052604296135,-1.0315210566259894,0.20521579619637587,62.77446806197983,58.749632050935205,6.623930573943639,0.014533153605670032,-0.015765657964702084,-0.013541610189416242,-0.018971175365189885,0
2022-01-03,59.73699951171875,60.999000549316406,59.055999755859375,60.56100082397461,30675000,60.738249969482425,64.06853988647461,61.21246327526601,39.14187406937806,-0.858156392456884,-0.9968481237921684,0.13869173133528434,62.78700941317946,58.68949052578539,6.746191879833298,0.013693868958859302,-0.008415775410804627,-0.02157108992598533,-0.025688295209485124,0
2022-01-04,59.1150016784668,60.04100036621094,58.15999984741211,59.99100112915039,43931000,60.63055000305176,63.921279983520506,61.012705027951796,36.54303033241981,-0.9229494838207728,-0.9820683957978893,0.059118911977116495,62.78035599363229,58.48074401247123,7.091494273010304,0.013193923353523238,-0.010412271093896086,-0.034210622095616205,-0.032028253907892545,0
2022-01-05,56.75199890136719,59.28400039672852,56.6879997253418,59.20000076293945,41487000,60.34025001525879,63.71299995422363,60.606923492086594,28.73686163909619,-1.1516970050417967,-1.0159941176466707,-0.13570288739512604,62.89958382159692,57.78091620892066,8.483006966961288,0.014633366049010835,-0.03997297995443272,-0.057964288724284385,-0.07046224478192353,0
2022-01-06,55.32899856567383,56.33599853515625,54.20100021362305,55.43399810791016,57118000,59.96630001068115,63.48253997802735,60.10426397528538,25.240214068532026,-1.4313060925490007,-1.0990565126271368,-0.3322495799218639,63.09606144803983,56.83653857332247,10.438401024579507,0.01515284018048014,-0.025074012602912532,-0.07379012977007982,-0.09606432229402606,0
2022-01-07,54.10599899291992,55.34299850463867,53.821998596191406,54.94599914550781,33829000,59.616600036621094,63.238819961547854,59.533000643631524,22.685370109929465,-1.7316230803877275,-1.225569826179255,-0.5060532542084726,63.60631400254653,55.626886070695654,13.38457397260042,0.014820955371395491,-0.022104133536815063,-0.08473319027869453,-0.10188567394494752,0
2022-01-10,53.98500061035156,54.36899948120117,52.63199996948242,53.8489990234375,44861000,59.25755004882812,62.97041999816894,59.00461968808105,22.443324903710888,-1.9568328639945989,-1.3718224337423237,-0.5850104302522752,63.86894941326071,54.646150684395536,15.563921764004082,0.014756516038964993,-0.002236321014684406,-0.04875596180893227,-0.09628871467236655,1
2022-01-11,54.08399963378906,54.39099884033203,53.00699996948242,53.69900131225586,30778000,58.93894996643066,62.67148002624512,58.535989206719904,23.16566542783113,-2.1030818280392154,-1.5180743126017022,-0.5850075154375132,64.03059486333107,53.84730506953025,17.27769123745983,0.014799477187836937,0.0018338246238440714,-0.022501743464722,-0.0851053353942528,0
2022-01-12,53.72200012207031,54.42699813842773,53.20199966430664,54.42699813842773,37874000,58.63509998321533,62.38358009338379,58.0775140558009,22.34609515229549,-2.222575059173799,-1.6589744619161217,-0.5636005972576774,64.18946083790317,53.080739128527505,18.94551507979965,0.014748377438554878,-0.006693282933398104,-0.007097158873267562,-0.05339016841614508,0
2022-01-13,51.91999816894531,54.07899856567383,51.82600021362305,53.70600128173828,44751000,58.20589981079102,62.066539993286135,57.49108397133846,18.783614311733118,-2.434616064908319,-1.8141027825145613,-0.6205132823937576,64.40541859563065,52.00638102595138,21.302028849282674,0.015459828323368155,-0.03354309126671351,-0.03825141091153916,-0.06161326763726138,1
2022-01-14,52.56900024414063,53.83700180053711,51.1879997253418,51.7599983215332,78611000,57.87904987335205,61.74133995056153,57.022314092557714,23.513095373632027,-2.5212279002698352,-1.955527806065616,-0.5657000942042192,64.5273279417342,51.23077180496991,22.973003471651875,0.015618194391180146,0.012500040409930246,-0.02801197026674651,-0.028407178083532214,0
2022-01-18,51.08000183105469,52.17499923706055,50.86800003051758,52.007999420166016,48391000,57.499399948120114,61.42614006042481,56.45637959146219,20.555547913221346,-2.6791347341437444,-2.100249191681242,-0.5788855424625026,64.7617965498336,50.237003346406624,25.26077353247554,0.016416816600665518,-0.028324647723387275,-0.04917907533249544,-0.05381122064375499,1
2022-01-19,51.58599853515625,52.32099914550781,51.05099868774414,51.5,43535000,57.10999984741211,61.1664200592041,55.99253377657591,24.051606065690166,-2.7319550551235423,-2.226590364369702,-0.5053646907538405,64.75373665725986,49.46626303756435,26.768470776643245,0.01630019867904454,0.009905964877901408,-0.006432966979356247,-0.04618743279985127,0
2022-01-20,50.82500076293945,52.66400146484375,50.69300079345703,51.775001525878906,126590000,56.62664985656738,60.88002014160156,55.500387775277204,22.45138978565906,-2.8029114815366967,-2.341854587803101,-0.4610568937335957,64.57050663216242,48.682793080972345,28.056954793251766,0.015205533754601423,-0.014752021746718191,-0.03317543558183922,-0.05392575392852328,0
2022-01-21,39.75,40.915000915527344,37.999000549316406,40.042999267578125,589043000,55.54294986724854,60.363040161132815,54.000350844298424,10.990774132710797,-3.7100379564648307,-2.615491261535447,-1.0945466949293836,66.06761549662579,45.018284237871285,37.897395275302905,0.0486249593390003,-0.21790458626053022,-0.22180895506872278,-0.2343990485004389,0
2022-01-24,38.71500015258789,38.72600173950195,35.145999908447266,38.39099884033203,323460000,54.408249855041504,59.843520126342774,52.54460315937361,10.453721501804424,-4.461034037681117,-2.984599816764581,-1.4764342209165355,66.8730915586626,41.94340815142042,45.819675276565015,0.04840876264065323,-0.02603773201036752,-0.2495056555665328,-0.263539348802756,0
2022-01-25,36.641998291015625,38.77099990844727,36.51300048828125,37.91400146484375,151458000,53.174749755859374,59.26120002746582,51.03006936238714,9.456974634511155,-5.1639509559368975,-3.4204700445990444,-1.743480911337853,67.41840706968088,38.931092442037865,53.573011172476605,0.04867644275925218,-0.05354518541655484,-0.2790556273294891,-0.2826547185294208,0
2022-01-26,35.970001220703125,38.26599884033203,35.6619987487793,37.82699966430664,126840000,51.91969985961914,58.6153800201416,49.59577715841723,9.152326971059836,-5.709427499142997,-3.8782615355078347,-1.8311659636351623,67.51815158574433,36.32124813349395,60.086833199345904,0.04846823308051369,-0.01833953118428233,-0.09509430891312898,-0.3027177481853085,1
2022-01-27,38.66999816894531,39.47999954223633,37.810001373291016,38.20600128173828,243247000,50.800499725341794,58.030120010375974,48.55522677846752,20.266272680134193,-5.8563460884145755,-4.273878446089183,-1.5824676423253923,66.82314272003445,34.777856730649134,63.08065110115354,0.053176117328173504,0.0750624647376481,-0.0011623914106989597,-0.23915400711331258,0
2022-01-28,38.43600082397461,38.70000076293945,37.20800018310547,38.67599868774414,119666000,49.66184978485107,57.42404006958008,47.591490973277715,20.037486365359953,-5.923380713358185,-4.603778899542983,-1.3196018138152015,65.80024457290259,33.52345499679956,64.99312795623813,0.053009878967423436,-0.006051134110438561,0.04896028100625882,-0.03305658304466397,1
2022-01-31,42.7140007019043,42.77000045776367,39.81999969482422,40.196998596191406,200475000,48.78534984588623,56.89494010925293,47.12696809028977,34.57840408091958,-5.567132857016375,-4.796449691037662,-0.7706831659787134,64.42609537478207,33.14460431699039,64.12066564370339,0.0607780260558793,0.11130189890258468,0.18748955385966326,0.10329331095325056,1
2022-02-01,45.7130012512207,45.84799957275391,42.55400085449219,43.29600143432617,225681000,48.08414993286133,56.44516006469726,46.992304581807005,42.475680344866355,-4.985341668119162,-4.834228086453962,-0.15111358166520006,62.935625769436406,33.23267409628625,61.772853871023244,0.06370818329496232,0.07021118368766377,0.18213093911991463,0.24755754007087627,0
2022-02-02,42.948001861572266,45.198001861572266,42.64799880981445,44.82500076293945,143460000,47.275799942016604,55.94652015686035,46.6071328941656,37.92959504390799,-4.693279101996509,-4.806038289562472,0.11275918756596237,61.378731589334286,33.17286829469892,59.6623712961592,0.06465217331725474,-0.06048606116349886,0.11738997140366592,0.1939950070630756,0
2022-02-03,40.560001373291016,42.92599868774414,40.428001403808594,42.14400100708008,99052000,46.466200065612796,55.439320220947266,46.031215606463256,34.49570548852668,-4.601466257495538,-4.765123883149085,0.16365762565354736,60.15311330231896,32.779286828906635,58.91126546771416,0.06507933732379245,-0.05560213245724743,-0.05042841441254298,0.04887518215254283,1
2022-02-04,41.016998291015625,41.277000427246094,39.66400146484375,40.73099899291992,77898000,45.750600051879886,54.95154022216797,45.55367110023015,35.69551669173225,-4.440639160731898,-4.700226938665648,0.2595877779337501,58.998701084708024,32.50249901905175,57.914436172662946,0.06527542659621338,0.011267182008172894,-0.1027279511664021,0.06715052065018967,0
2022-02-07,40.209999084472656,41.23500061035156,39.35499954223633,41.016998291015625,82329000,45.05580005645752,54.43916015625,45.04474995587229,34.49399623059226,-4.328405455689939,-4.625862642070507,0.2974571863805675,57.930515834473226,32.181084278441816,57.15009282659699,0.06525921872499911,-0.019674750473384406,-0.06375157535674403,-0.058622502605334414,1
2022-02-08,40.35300064086914,40.6609992980957,39.58300018310547,39.81800079345703,68185000,44.3742000579834,53.91494010925293,44.59791668777675,34.912086622374474,-4.179738976235811,-4.536637908903567,0.3568989326677565,56.71831331472754,32.030086801239264,55.63644298089514,0.06532025349351828,0.0035563680590011693,-0.005103568180798601,-0.11725330789144872,1
2022-02-09,41.28900146484375,41.29800033569336,39.87900161743164,40.8650016784668,77382000,43.73445014953613,53.41304008483887,44.28278190464028,37.71427764189738,-3.9409633043665266,-4.417502987996159,0.4765396836296327,55.30111176061701,32.16778853845525,52.89496756690589,0.06573625500268476,0.023195321515363077,0.006631474392598369,-0.03862811597325799,0
2022-02-10,40.62699890136719,40.79999923706055,39.63600158691406,40.209999084472656,84529000,43.07970008850098,52.94178001403809,43.93461209480475,36.51682453224905,-3.7617864063489392,-4.286359671666716,0.5245732653177768,53.75930167361294,32.40009850338902,49.580668218080774,0.06573574757960764,-0.016033387584832637,0.01037055027080469,0.001651812766463312,0
2022-02-11,39.13100051879883,41.1609992980957,38.76499938964844,40.53300094604492,75589000,42.44025020599365,52.48886001586914,43.47712527804228,33.897571564174655,-3.6978751873508813,-4.16866277480355,0.47078758745266835,52.435577966297615,32.444922445689684,47.10305764829053,0.06579725961953833,-0.03682276375373661,-0.03028275723398577,-0.04598088233652886,1
2022-02-14,39.65700149536133,40.93600082397461,38.68899917602539,38.75899887084961,72022000,41.79465026855469,52.04906005859375,43.113303965406,35.64542094025916,-3.563701075334869,-4.047670434909814,0.483969359574945,50.698040585114626,32.891259951994755,42.605406478343646,0.06581592633160785,0.01344205283761668,-0.03952626393428327,-0.0137527381671807,1
2022-02-15,40.74599838256836,40.91600036621094,40.10100173950195,40.37900161743164,53923000,41.27795009613037,51.659720001220705,42.88784629085003,39.228148842050985,-3.3310953831766454,-3.9043554245631804,0.573260041386535,49.099639573732524,33.45626061852821,37.89766429479455,0.06625852371693296,0.02746039403242362,0.0029290738774496727,0.009738996740212613,0
2022-02-16,39.80799865722656,40.15599822998047,39.03799819946289,40.15299987792969,52777000,40.689050102233885,51.23049995422363,42.59452746860018,37.30184225634741,-3.18571944424032,-3.7606282284986086,0.5749087842582887,46.93185335038079,34.44624685408698,30.685421421544408,0.06617325272396556,-0.02302065877819026,0.01730081340758205,-0.035869184409272115,0
2022-02-17,38.66699981689453,39.9109992980957,38.56999969482422,39.42399978637695,46692000,40.08115005493164,50.75267997741699,42.220477216056786,35.04734410876597,-3.1265362720034133,-3.6338098371995695,0.5072735651961562,44.29596450364346,35.86633560621982,21.031404752285663,0.06629176106483187,-0.02866255222114511,-0.024964108256712136,-0.0482437575374709,1
2022-02-18,39.12900161743164,40.2869987487793,38.90499877929688,39.25299835205078,68017000,40.05010013580322,50.279100036621095,41.926050968568674,36.71521361520923,-3.007682802293438,-3.5085844302183435,0.5009016279249057,44.28332464021932,35.81687563138712,21.139645044890976,0.04514682252939586,0.011948219482372346,-0.039684799227511114,-5.108229640660156e-05,0
2022-02-22,37.73799896240234,39.242000579833984,37.30199813842773,38.89500045776367,66975000,40.00125007629394,49.81186004638672,41.52718887274331,33.8932743895237,-2.991251574263252,-3.4051178590273254,0.4138662847640733,44.316723209764326,35.68577694282356,21.576691354592818,0.04548611443247694,-0.03554914762787165,-0.05199959215855854,-0.048390005814823334,0
2022-02-23,36.74599838256836,38.59999847412109,36.66600036621094,38.27199935913086,46143000,40.00645008087158,49.323460006713866,41.07183739748855,32.004084322512014,-3.023423717368651,-3.328779030695591,0.30535531332694,44.305940563712056,35.706959598031105,21.49398646542851,0.04419738974720686,-0.026286517756871186,-0.04968064353125323,-0.09816914933445953,1
2022-02-24,39.00299835205078,39.073001861572266,35.47200012207031,35.50899887084961,70687000,40.15809993743896,48.89439994812012,40.87480510744685,40.174642704270546,-2.8341292596450174,-3.2298490764854764,0.395719816840459,44.07427497059464,36.24192490428329,19.50378648021973,0.04592106077606669,0.06142165320926751,-0.0032202013895679116,-0.02022207426470668,1
2022-02-25,39.08000183105469,39.12900161743164,37.55799865722656,38.6609992980957,48416000,40.17860012054443,48.48001998901367,40.703871462076165,40.437611666083676,-2.6473811390618565,-3.1133554890007527,0.4659743499388962,44.06759942512157,36.28960081596729,19.35856049194998,0.04286109585807233,0.001974296394058106,0.035561050017234974,0.010680994546147904,1
2022-02-28,39.45199966430664,39.775001525878906,38.2130012512207,38.733001708984375,50350000,40.229400062561034,48.05897994995117,40.5846455765743,41.76925009746072,-2.4412238825157786,-2.9789291677037584,0.5377052851879798,44.05199763979641,36.406802485325656,19.003999916930546,0.04286042952987452,0.009518879626979615,0.07364070649450527,0.008254696862265654,0
2022-03-01,38.624000549316406,39.5,38.37099838256836,39.15999984741211,32904000,40.02490005493164,47.6493399810791,40.39791747874022,39.644669717901124,-2.3179356606909707,-2.8467304663012007,0.5287948056102301,43.729732666133444,36.32006744372984,18.51263891286251,0.034528100334419165,-0.020987506895356445,-0.009717145315686904,0.023477704469619054,0
2022-03-02,38.00299835205078,38.922000885009766,37.52099990844727,38.89300155639648,53568000,39.63939990997314,47.23593994140625,40.169829942865036,38.0802121271825,-2.244465740117896,-2.72627752106454,0.48181178094664423,42.3740043576675,36.904795462278784,13.797405883565567,0.029770271611850942,-0.016078142823986008,-0.02755894136494308,0.0342078056063575,0
2022-03-03,36.80699920654297,38.61199951171875,36.46500015258789,38.59999847412109,60768000,39.33234977722168,46.78459991455078,39.8495603489296,35.19926675533435,-2.256733218625456,-2.6323686605767236,0.3756354419512675,41.88500951235919,36.77969004208417,12.979950344160814,0.027756334113173412,-0.03147117852197767,-0.06704350806726489,-0.056303341750451485,0
2022-03-04,36.17300033569336,37.48199844360352,35.71699905395508,36.79999923706055,53255000,39.112999725341794,46.29821990966797,39.499411776240436,33.74196871411371,-2.2912021419840514,-2.5641353568581895,0.27293321487413813,41.944692864229594,36.281306586453994,14.479549810919318,0.025475672370245,-0.017224954071694776,-0.06345795823230505,-0.07438590990677219,0
2022-03-07,35.0260009765625,36.20000076293945,35.02000045776367,36.04100036621094,57084000,38.81344985961914,45.77025993347168,39.073372652461586,31.223397170435206,-2.3835956673724894,-2.5280274189610497,0.14443175158856025,42.01895063040263,35.60794908883565,16.51747413526586,0.02580603565621095,-0.03170871502187966,-0.07833585518463781,-0.11218692906328065,0
2022-03-08,34.17599868774414,35.88600158691406,34.06700134277344,34.97999954223633,64287000,38.511749839782716,45.22559989929199,38.60695608439326,29.467997161034518,-2.496626724065486,-2.5217472799819367,0.025120555916450904,42.22958043173194,34.79391924783349,19.307513200081583,0.025939702844302415,-0.02426775153084515,-0.0714809839301197,-0.11516160414022647,1
2022-03-09,35.87900161743164,36.41400146484375,35.05099868774414,35.76900100708008,65202000,38.28804988861084,44.71693992614746,38.34715089706358,37.09824569526621,-2.4208801476069794,-2.5015738535069456,0.08069370589996616,42.07359203944929,34.5025077377724,19.774013886063663,0.028898967022530236,0.04983037789904343,-0.008127573481141903,-0.055890240947383596,0
2022-03-10,35.676998138427734,36.70199966430664,35.33000183105469,35.619998931884766,48078000,38.00744972229004,44.20905990600586,38.09285063433636,36.592568349304074,-2.3500603991613715,-2.471271162637831,0.12121076347645943,41.692250902579886,34.322648542000195,19.389889125493408,0.028102125651476198,-0.005630130992991811,0.018586111566114782,-0.030700711616674314,0
2022-03-11,34.03200149536133,36.33599853515625,34.0,36.11899948120117,48199000,37.67769985198974,43.66861991882324,37.70610309729112,32.68537866428291,-2.3990183296077277,-2.4568205960318106,0.057802266424082926,41.54179741430499,33.8136022896745,20.511324085571445,0.029391230290211207,-0.04610804520839373,-0.004213401156129226,-0.05918775939134424,0
2022-03-14,33.10100173950195,34.13199996948242,32.98199844360352,33.87200164794922,59078000,37.376199913024905,43.1064599609375,37.26752201559691,30.688220139871646,-2.4843042290902986,-2.4623173226435084,-0.021986906446790133,41.658075398749325,33.094324427300485,22.912310484685026,0.02898300130957429,-0.02735659717181993,-0.07742690021173859,-0.0549591498712243,1
2022-03-15,34.375,34.5359992980957,33.23600006103516,33.5099983215332,54606000,37.11209983825684,42.589079971313474,36.992043728397206,36.413876971742766,-2.4211830158350267,-2.454090461281812,0.03290744544678548,41.44989781525718,32.7743018612565,23.376731556044923,0.030458931513012398,0.03848820862051694,-0.036494049565940045,0.005822838246047235,1
2022-03-16,35.75299835205078,35.999000549316406,34.305999755859375,34.81999969482422,69825000,36.86244983673096,42.109399948120114,36.8740394068404,41.995312372246154,-2.2342114501200285,-2.4101146590494555,0.175903208929427,40.899228062013144,32.825671611448776,21.901844522877074,0.03132256405985412,0.04008722478693172,0.05056995713061507,-0.0035118944145771103,1
2022-03-17,37.13999938964844,37.33100128173828,35.487998962402344,35.970001220703125,58183000,36.729049873352054,41.66989990234375,36.899368929012596,47.03480594365388,-1.9516186996219176,-2.3184154671639483,0.3667967675420307,40.537534010023066,32.92056573668104,20.73826657538546,0.0325846244967067,0.038793978170451826,0.12202040536212655,0.04100684832126911,1
2022-03-18,38.060001373291016,38.18000030517578,36.84700012207031,37.20000076293945,83248000,36.698699951171875,41.296059951782226,37.00990535227721,50.12981177575435,-1.6345829824496647,-2.181648970221092,0.5470659877714272,40.45423231429592,32.94316758804783,20.466841431008913,0.032557158065342776,0.024771190058204384,0.10720003995028415,0.11835918256170497,0
2022-03-21,37.45899963378906,38.18199920654297,36.89400100708008,37.80199813842773,48665000,36.61519985198974,40.93865997314453,37.05267623623072,48.15037240993463,-1.4155086079593104,-2.0284208977687355,0.612912289809425,40.222203060733946,33.00819664324554,19.702217785645605,0.032599109720681,-0.015790901676732805,0.04771631360647621,0.13165758331375144,1
2022-03-22,38.29199981689453,38.66600036621094,36.67599868774414,37.11399841308594,42428000,36.642899894714354,40.62237998962402,37.17070705343679,51.03623083822762,-1.161287831481708,-1.85499428451133,0.693706453029622,40.29222846781043,32.993571321618276,19.918339343128704,0.03199437023822647,0.022237651599058772,0.031017782611142852,0.11394908558238637,0
2022-03-23,37.44900131225586,38.24599838256836,37.44900131225586,37.97700119018555,37290000,36.67805004119873,40.29166000366211,37.19721126856242,48.11746971460496,-1.016125704053266,-1.6872205684197175,0.6710948643664514,40.3441775543462,33.01192252805126,19.99085288901391,0.03181490816672603,-0.022015003360225105,-0.01605360060401706,0.047436663731107664,1
2022-03-24,37.57099914550781,37.97600173950195,36.88999938964844,37.97600173950195,38885000,36.60645008087158,39.961399993896485,37.23281011398579,48.57581981762358,-0.881082891545887,-1.5259930330449514,0.6449101414990643,40.14175479423534,33.071145367507825,19.3152010399998,0.028530775135007097,0.0032577059194374147,0.002989922657136823,0.011604732443250887,0
2022-03-25,37.3849983215332,37.76399993896485,36.64300155639648,37.70700073242188,35745000,36.52169990539551,39.634659957885745,37.24730422899031,47.8812922605627,-0.7800769601087865,-1.3768098184577184,0.596732858348932,39.89322550485338,33.15017430593763,18.463136207741446,0.028528617182859452,-0.004950648856961504,-0.023686448858728837,-0.017735234561276236,1
2022-03-28,37.85100173950195,38.02799987792969,36.67300033569336,37.52299880981445,43234000,36.441650009155275,39.353280029296876,37.30479922999142,49.81719353612505,-0.6548774310809691,-1.2324233409823686,0.5775459099013995,39.60038872295614,33.28291129535441,17.33587097734209,0.028597823605672083,0.012464984322343442,0.010734610087306473,0.010464831136582031,1
2022-03-29,39.18199920654297,39.650001525878906,38.03300094604492,38.43899917602539,58807000,36.4695499420166,39.085540008544925,37.483580180139185,54.9627701327952,-0.44314720520028317,-1.0745681138259515,0.6314209086256684,39.71360428893282,33.22549559510038,17.79048193396401,0.029349313207803943,0.03516412791928736,0.042878818707906996,0.023242436903380792,0
2022-03-30,38.14699935913086,39.27000045776367,37.86299896240234,38.95500183105469,40233000,36.47674999237061,38.82687995910644,37.54676295909078,50.616479372071815,-0.3547756803841793,-0.9306096271375972,0.5758339467534179,39.73499426605448,33.218505718686735,17.864772899808006,0.029756402013559002,-0.02641518728935288,0.020382535022310133,0.01863862913339065,0
2022-03-31,37.45899963378906,38.400001525878906,37.36100006103516,38.35900115966797,41347000,36.50935001373291,38.544339981079105,37.53840454715728,47.90466100872523,-0.3363788720183791,-0.8117634761137537,0.47538460409537453,39.7931061959644,33.22559383150143,17.988576520788826,0.029139330190868055,-0.01803548737515881,-0.010356452608856315,-0.0029810096687871157,0
2022-04-01,37.34700012207031,38.08700180053711,36.84999847412109,37.68000030517578,46442000,36.56805000305176,38.27477996826172,37.52017555429185,47.458903252929346,-0.32706647469489525,-0.7148240758299821,0.38775760113508684,39.86759197565575,33.26850803044777,18.04603730485289,0.028835823091363424,-0.002989922657136934,-0.046832706896850484,-0.0010164023316541204,1
2022-04-04,39.150001525878906,39.60200119018555,37.3129997253418,37.35499954223633,70018000,36.77425003051758,38.262779998779294,37.67539707539538,54.75739843874772,-0.17221401181917173,-0.6063020630278201,0.43408805120864835,40.17639863351751,33.37210142751765,18.502885036005427,0.02945591766414187,0.048277007468214395,0.026293081594842782,0.03431876903329867,0
2022-04-05,38.01499938964844,39.0,37.73099899291992,38.93000030517578,42345000,36.966200065612796,38.24877998352051,37.70774015294329,50.04462136480279,-0.13946978525607534,-0.5129356074734712,0.3734658222173959,40.18876824012735,33.74363189109824,17.43521470313254,0.02972895799324883,-0.028991113460882234,0.014842888525988585,-0.0297840804585503,0
2022-04-06,36.834999084472656,37.64699935913086,36.27299880981445,37.415000915527344,43549000,37.013999938964844,38.25263999938965,37.62462195594608,45.64608904080368,-0.20635715590862702,-0.4516199171605024,0.2452627612518754,40.19878391502493,33.829215962904755,17.20853720922742,0.028906910401496275,-0.031040387323986063,-0.013709294881092404,-0.03439327592470687,0
2022-04-07,36.21500015258789,36.854000091552734,35.36899948120117,36.5,49489000,37.04090003967285,38.257539978027346,37.49037226038816,43.48352665583166,-0.30586874678780873,-0.4224696830859637,0.11660093629815499,40.18893432812889,33.89286575121681,16.997612288493638,0.029164007525461173,-0.016831788985875673,-0.07496810367557516,-0.0332096290174031,0
2022-04-08,35.5880012512207,36.25,35.48699951171875,36.19599914550781,40252000,37.11870002746582,38.19590003967285,37.30919406903888,41.34998582532171,-0.43036499106958814,-0.4240487446826886,-0.006316246386899538,40.033729601380585,34.203670453551055,15.706528363104322,0.027363353983394255,-0.017313237573530205,-0.06384317183728827,-0.04709879950465212,0
2022-04-11,34.79999923706055,35.47800064086914,34.52000045776367,35.0,37771000,37.20364990234375,38.12318000793457,37.07022313265999,38.77500892983188,-0.5858608987895195,-0.4564111755040548,-0.12944972328546472,39.71670108691884,34.69059871776866,13.509702360771724,0.027086445059334833,-0.022142350973788583,-0.05524636617325007,-0.1111111652433251,0
2022-04-12,34.40999984741211,35.941001892089844,34.224998474121094,35.590999603271484,38243000,37.205399894714354,37.957099990844725,36.81686853406496,37.529374563683035,-0.7321227618606798,-0.5115534927753798,-0.22056926908530006,39.710606089477395,34.70019369995131,13.466895675640606,0.02589858553170586,-0.01120687925858066,-0.04984123422809916,-0.09483097724889022,1
2022-04-13,35.042999267578125,35.20000076293945,34.11600112915039,34.391998291015625,32310000,37.16989994049072,37.74369995117188,36.647928603923354,40.85070666991765,-0.7878764300443777,-0.5668180802291793,-0.22105834981519834,39.774572345516184,34.56522753546526,14.014955161006945,0.024567622818552754,0.01839579840084249,-0.015314206038022027,-0.04864937861909513,0
2022-04-14,34.112998962402344,35.20000076293945,33.98600006103516,35.095001220703125,43438000,37.01854991912842,37.56699989318847,36.40650673330231,37.68097133381035,-0.8967674886633574,-0.632807961916015,-0.26395952674734247,39.94454392647277,34.09255591178407,15.8082583663409,0.023350747624036116,-0.026538832994132955,-0.019741387635623164,-0.05804228030730352,0
2022-04-18,33.7859992980957,34.23600006103516,33.1619987487793,34.0,51050000,36.804849815368655,37.43151985168457,36.15693459661596,36.605452291493876,-0.9979468669145106,-0.7058357429157142,-0.29211112399879646,40.00668092753863,33.60301870319868,17.39896306183531,0.022366968326466737,-0.009585778860048189,-0.01813427933982792,-0.050635098622269226,1
2022-04-19,34.86100006103516,35.167999267578125,33.321998596191406,33.321998596191406,209069000,36.67494983673096,37.30839988708496,36.03351225989398,42.423623456155916,-0.9800907990771961,-0.7606867541480106,-0.21940404492918553,39.96954456591328,33.38035510754864,17.96645799843846,0.023728755078392484,0.031817935987468404,-0.005193596733923056,0.0017528972790796793,0
2022-04-20,22.61899948120117,24.8700008392334,21.250999450683597,24.520000457763672,1333875000,35.89129981994629,36.95657989501953,34.75593961430419,19.95893849860748,-1.9315017232475071,-0.9948497479679099,-0.9366519752795972,42.77525965321694,29.00733998667564,38.360047520178966,0.08080797833533045,-0.35116607551133117,-0.33693899190362275,-0.34266202901764076,0
2022-04-21,21.82200050354004,22.76799964904785,21.152000427246094,22.0,535016000,35.1099497795105,36.585959892272946,33.52413588946951,19.24446128398789,-2.7184759928439703,-1.339574996943122,-1.3789009959008482,44.27786237215801,25.94203718686299,52.224014276418764,0.08086223170922673,-0.03523581926439856,-0.35411114198507654,-0.3772793151375655,0
2022-04-22,21.552000045776367,22.62700080871582,21.0049991607666,22.01799964904785,375151000,34.30899982452392,36.191219863891604,32.383932475784455,18.996369167700138,-3.3256099899523335,-1.7367819955449646,-1.5888279944073689,45.12735392230469,23.490645726743153,63.06423476704126,0.08067393810256887,-0.012372855445579867,-0.38177332813049536,-0.3682173745694446,0
2022-04-25,20.99099922180176,21.666000366210938,20.451000213623047,21.381000518798828,281520000,33.489299869537355,35.79849987030029,31.298891213500386,18.463757143624875,-3.80813828714971,-2.1510532538659137,-1.657085033283796,45.65197342349953,21.32662631557518,72.6361769361779,0.08055735289476926,-0.02603010499178926,-0.07197490148724084,-0.3787071669363088,0
2022-04-26,19.84000015258789,20.915000915527344,19.827999114990234,20.8799991607666,203181000,32.58874979019165,35.41267986297608,30.207568255318243,17.38666511509247,-4.234607525094628,-2.567764108111657,-1.666843416982971,45.93575148011233,19.241748100270968,81.91171355666903,0.08033777101348964,-0.05483298136748127,-0.09082578614323744,-0.4308826448509303,0
2022-04-27,18.85400009155273,20.018999099731445,18.777000427246094,19.400999069213867,222984000,31.57234983444214,34.9966198348999,29.126276049245337,16.498751982601277,-4.5991334853324055,-2.9740379835558066,-1.625095501776599,45.821723887858106,17.322975781026173,90.2648939856316,0.07906520468393435,-0.04969758333930996,-0.1251855952344606,-0.16645295884009192,1
2022-04-28,19.95199966430664,20.14800071716309,18.559999465942383,19.1560001373291,213632000,30.66259984970093,34.58073986053467,28.252535441155935,21.317584024526028,-4.744729260508901,-3.328176238946426,-1.4165530215624753,45.43065270429328,15.894546995108575,96.32616234096922,0.08161025145505073,0.05823695594686318,-0.04949738440350138,-0.08569337348012807,0
2022-04-29,19.035999298095703,20.47100067138672,19.0,19.868000030517575,163919000,29.74144983291626,34.16529987335205,27.37477009419782,20.266802983956154,-4.877800290096953,-3.6381010491765315,-1.2396992409204217,44.98935702618808,14.493542639644437,102.53640813701183,0.08167156168096248,-0.04591020356970166,-0.04052423630588109,-0.11674094016038827,1
2022-05-02,19.94599914550781,20.020999908447266,19.000999450683597,19.17099952697754,145916000,28.871399784088133,33.79087985992432,26.667268099084488,24.260953559114625,-4.853878171147631,-3.881256473570752,-0.9726216975768791,44.26919239272159,13.473607175454672,106.6646766265876,0.08330482659018512,0.04780415428483131,0.05791869357443846,-0.04978324591659222,1
2022-05-03,19.98699951171875,20.31999969482422,19.476999282836918,19.82900047302246,118394000,27.913249683380126,33.40803981781006,26.031052043144893,24.44459972494792,-4.7765502348241,-4.060315225821422,-0.7162350090026779,43.01544798836893,12.811051378391317,108.20809813470649,0.08174125268365469,0.0020555684331398094,0.0017542024860155436,0.007409241834692493,1
2022-05-04,20.400999069213867,20.4379997253418,19.10099983215332,19.76499938964844,122188000,27.0325496673584,33.06129981994629,25.49485652181813,26.38558274224951,-4.628506442692672,-4.173953469195673,-0.4545529734969991,41.72443776939328,12.340661565323517,108.69776090544082,0.08249460113761926,0.02071344211783166,0.07170623142724719,0.08205149942447743,0
2022-05-05,18.832000732421875,20.07099914550781,18.600000381469727,20.045000076293945,139713000,26.13239974975586,32.70301986694336,24.860298827589915,23.88162294511166,-4.5849334649811695,-4.256149468352772,-0.3287839966283972,40.51442652479406,11.750372974717655,110.0704635836023,0.0832601931534014,-0.07690791668922181,-0.0558507199844549,-0.05613467074623102,0
2022-05-06,18.097000122070312,18.72100067138672,17.58099937438965,18.674999237060547,171855000,25.22649974822998,32.28489990234375,24.21617514134995,22.790522235420283,-4.557177665434885,-4.316355107769195,-0.24082255766569016,39.23156448087372,11.221435015586236,111.0345459926632,0.08323967889761638,-0.03902934270208258,-0.0945614367249219,-0.049327548363553686,0
2022-05-09,17.309999465942383,18.31999969482422,17.229999542236328,17.766000747680664,140313000,24.312599658966064,31.849499855041504,23.558444124644467,21.649932083638475,-4.546278699151742,-4.362339826045705,-0.18393887310603674,37.872210174667146,10.752989143264982,111.54389662892781,0.08323635063422956,-0.0434879068806624,-0.1515121682416014,-0.1321568130197729,1
2022-05-10,17.766000747680664,18.187000274658203,17.05699920654297,17.60099983215332,138839000,23.46089973449707,31.415779876708985,23.006782850647916,24.022591855671777,-4.449554008516003,-4.379782662539765,-0.06977134597623813,36.40446754909421,10.517331919899934,110.34161486624339,0.0842160708060189,0.026343229104973,-0.05660577438837633,-0.11112217032555949,0
2022-05-11,16.636999130249023,18.09199905395508,16.55500030517578,17.608999252319336,126655000,22.572249698638917,30.976039848327638,22.400136782038498,22.22783187542754,-4.413128194639064,-4.386451768959625,-0.026676425679439397,34.808005394996876,10.336494002280956,108.41414444476717,0.08445248259766612,-0.06354843914880681,-0.08067640945864474,-0.1845007651926669,1
2022-05-12,17.430999755859375,17.757999420166016,16.270999908447266,16.395999908447266,176621000,21.69164972305298,30.564599876403808,21.926885636688105,26.3928553114864,-4.270958311129647,-4.363353077393629,0.09239476626398258,32.682303180674836,10.700996265431126,101.33533961634507,0.08561025878594244,0.0477249905102608,0.00699019605142448,-0.07439469637182439,1
2022-05-13,18.763999938964844,18.777000427246094,17.60099983215332,17.715999603271484,131363000,20.924199771881103,30.203739891052248,21.62565842738113,32.89070918249688,-4.004563563732038,-4.291595174661311,0.2870316109292732,30.373791772692442,11.474607771069762,90.3221351720235,0.08886522076006215,0.07647296206618237,0.0561746678646553,0.036856927247355564,0
2022-05-16,18.650999069213867,19.589000701904297,18.56999969482422,19.32999992370605,161450000,20.167449760437012,29.853299865722658,21.342357536127107,32.627759000696656,-3.759227992688608,-4.185121738266771,0.42589374557816306,27.580439544520743,12.754459976353282,73.51439941232408,0.0889009638199876,-0.006022216484680376,0.12105548141209144,0.07746965018167185,1
2022-05-17,19.05599975585937,19.13999938964844,18.517000198364254,18.91699981689453,98767000,19.377199745178224,29.533899841308592,21.124609176101607,34.64445904608435,-3.4918655618231647,-4.04647050297805,0.554604941154885,22.462879140021005,16.291520350335443,31.848558464807226,0.0885913522172626,0.021714691268952757,0.09322471589466685,0.07261054564275615,0
2022-05-18,17.7189998626709,18.770000457763672,17.62700080871582,18.67200088500977,96656000,19.13219976425171,29.20475986480713,20.80026543196535,31.312231638899192,-3.349255494227684,-3.9070275012279767,0.5577720070002927,21.912377749474086,16.352021779029332,29.06281577110758,0.04640578801895399,-0.0701616241770453,-0.05569175440700813,0.06503581108293766,1
2022-05-19,18.347999572753903,18.6299991607666,17.570999145507812,17.80500030517578,104485000,18.958499717712403,28.854139823913574,20.566716302516642,34.50391601722313,-3.1491791909570495,-3.7554578391737916,0.6062786482167422,21.465428354410697,16.45157108101411,26.44648758104145,0.04715951630493667,0.03549860121665982,-0.0162457515190223,0.052607413787971735,1
2022-05-20,18.63500022888184,19.018999099731445,17.976999282836914,18.58699989318848,104294000,18.812649726867676,28.513299865722658,20.38274334312285,35.96598674013853,-2.933641531313647,-3.591094577601763,0.6574530462881158,21.02065423404186,16.60464521969349,23.473615245392857,0.047424717597001016,0.0156420679535072,-0.022092754637451195,-0.006874851337807075,1
2022-05-23,18.74399948120117,18.766000747680664,17.788999557495117,18.614999771118164,96020000,18.700299739837646,28.207539825439454,20.22667249913031,36.54533791874504,-2.7226460851822196,-3.4174048791178544,0.6947587939356348,20.669232215111755,16.731367264563538,21.05776380770678,0.047257560918787606,0.005849168284441042,0.05784748724388589,0.004986350148974639,0
2022-05-24,18.03400039672852,18.399999618530277,17.716999053955078,18.200000762939453,77064000,18.60999975204468,27.906199798583984,20.017846584615853,34.36432638801796,-2.582947060505191,-3.250513315395322,0.6675662548901311,20.526529505992766,16.693469998096592,20.59677355704981,0.04645384702830415,-0.03787874008344516,-0.017113537352140606,-0.053631369239318216,1
2022-05-25,18.78300094604492,18.886999130249023,18.017000198364254,18.027999877929688,85221000,18.606449794769286,27.594359817504884,19.900242238085287,38.53191366153247,-2.384311631989341,-3.0772729787141264,0.6929613467247853,20.521420953421753,16.69147863611682,20.583949971915764,0.04618080841106662,0.04153269007647764,0.007942082927034022,0.06004859707773802,1
2022-05-26,19.13999938964844,19.233999252319336,18.30900001525879,18.64900016784668,80499000,18.565849781036377,27.262099838256837,19.82783815728178,40.47205996385889,-2.173035433155402,-2.8964254696023817,0.7233900364469799,20.39761265809418,16.734086903978575,19.73260474108554,0.04441355484918225,0.01900646465540934,0.021126756263754265,0.043165458651450495,1
2022-05-27,19.518999099731445,19.524999618530277,19.03700065612793,19.319000244140625,85860000,18.589999771118165,26.909679832458497,19.798424913705556,42.54538294034791,-1.9525081160776807,-2.7076419988974414,0.7551338828197607,20.45829122609804,16.72170831613829,20.09996210847183,0.04334415190464831,0.01980144838917708,0.08234438673253619,0.04743755621100143,1
2022-05-31,19.74399948120117,19.9950008392334,19.07999992370605,19.618000030517575,113985000,18.579899787902832,26.5433597946167,19.793241539181327,43.79689623179984,-1.7395307504314204,-2.5140197492042375,0.7744889987728172,20.420742292739227,16.739057283066437,19.815419091064715,0.04207378992355078,0.011527249953755092,0.05116320538537833,0.05335040693972082,0
2022-06-01,19.291000366210938,20.27400016784668,19.166000366210938,19.8700008392334,84162000,18.545099830627443,26.179999809265137,19.74540904651748,41.82169674975003,-1.5889811113011625,-2.3290120216236225,0.74003091032246,20.30265604863252,16.787543612622365,18.95440018179308,0.04239036919390937,-0.022943634871017138,0.007889288473236,0.0697016713890306,1
2022-06-02,20.50900077819824,20.54700088500977,19.17200088500977,19.20199966430664,96231000,18.55049991607666,25.824339828491212,19.818132068582315,48.54154049294315,-1.3557586419516774,-2.1343613456892334,0.778602703737556,20.331341347921068,16.769658484232252,19.1999292730764,0.0445364066986373,0.06313827115573978,0.05071989979652258,0.09189159054569274,0
2022-06-03,19.89800071716309,20.295000076293945,19.80500030517578,20.013999938964844,71918000,18.603799915313722,25.473319816589356,19.825738606542387,45.690505250293164,-1.2063249897296515,-1.948754074497317,0.7424290847676656,20.47658815362687,16.731011677000573,20.133394756321398,0.041316306148565664,-0.029791800568102933,0.007799900729765996,0.039602996430846416,0
2022-06-06,19.714000701904297,20.386999130249023,19.538000106811523,20.208999633789062,53720000,18.68464994430542,25.116179847717284,19.815096901338762,44.83645854454676,-1.0901781125423895,-1.7770388821063317,0.6868607695639422,20.60202544952999,16.76727443908085,20.52353681701095,0.040222387045092255,-0.009247160952209788,0.021927340607709622,0.009990348438283059,1
2022-06-07,19.86100006103516,19.959999084472656,19.299999237060547,19.48699951171875,48395000,18.812199974060057,24.765699882507324,19.819468630833658,45.70955322591842,-0.9750297201425866,-1.616637049713583,0.6416073295709963,20.685720702412638,16.938679245707476,19.918146000318504,0.0385651850836171,0.007456597032415857,-0.0315959185028617,0.005925880414725082,1
2022-06-08,20.28300094604492,20.738000869750977,19.763999938964844,19.795000076293945,72441000,18.93804998397827,24.414339866638183,19.86361456561568,48.24216103505301,-0.8400384051260907,-1.4613173207960846,0.6212789156699938,20.851285869896177,17.024814098060364,20.205204733713533,0.03845154730392032,0.0212477158105282,0.01934868906451226,0.05142297242249372,0
2022-06-09,19.277000427246094,20.16900062561035,19.253999710083008,20.065000534057617,69490000,19.070050048828126,24.016239891052248,19.807746552437624,43.082566019447704,-0.8049536452295811,-1.330044585682784,0.5250909404532029,20.66841983113486,17.471680266521393,16.763141976179078,0.03720403258114508,-0.04959820893737077,-0.02216700107025915,-0.060071203091561776,0
2022-06-10,18.29400062561035,18.586000442504883,18.084999084472656,18.263999938964844,130656000,19.113200092315672,23.619179916381835,19.663580273692173,38.72431253606137,-0.8467082631593321,-1.2333773211780938,0.3866690580187617,20.57282046243199,17.653579722199353,15.273427401653677,0.038198313698624635,-0.05099340041754474,-0.07889831481845011,-0.08061111839086432,0
2022-06-13,16.9689998626709,17.909000396728516,16.895999908447266,17.707000732421875,102224000,19.023450088500976,23.209379920959474,19.406953567880624,33.76595994718646,-0.9754709646987898,-1.181796049882233,0.20632508518344328,20.75359521179591,17.29330496520604,18.18960404391366,0.03765437391022682,-0.07242815773628775,-0.16338810475775445,-0.13924118603527502,0
2022-06-14,16.753999710083008,17.20599937438965,16.42799949645996,16.975000381469727,115553000,18.928600120544434,22.797519912719725,19.154291295709424,33.02698462236127,-1.0823879542629413,-1.1619144307583749,0.07952647649543354,20.918512966284798,16.93868727480407,21.02546234869828,0.03769939096498561,-0.012670172333541951,-0.1308813955099093,-0.15643725599939473,1
2022-06-15,18.01099967956543,18.38500022888184,16.85300064086914,16.926000595092773,123960000,18.876350116729736,22.374739875793455,19.045406379886185,41.13786553507557,-1.0535464191278479,-1.1402408284322696,0.08669440930442174,20.90464616575445,16.84805406770502,21.490341474722655,0.041368956939999764,0.0750268587342715,-0.01546960404323694,-0.11201504513672655,0
2022-06-16,17.334999084472656,17.62700080871582,17.1560001373291,17.399999618530273,82013000,18.857150077819824,21.96113986968994,18.882510446989656,38.44157991817625,-1.072869521190345,-1.1267665669838847,0.05389704579353971,20.935555951398584,16.778744204241065,22.04369021831591,0.039121743067456305,-0.03753265266334649,0.02156869731650457,-0.10074188409668838,1
2022-06-17,17.551000595092773,17.96500015258789,17.333999633789062,17.363000869750977,121334000,18.81730012893677,21.575459899902345,18.75569998490424,39.799330065323545,-1.058551380691945,-1.1131235297254969,0.05457214903355179,20.962708562896747,16.67189169497679,22.802510660504627,0.03834149176891982,0.012460428152753389,0.04757078302502937,-0.040614409375138494,0
2022-06-21,17.090999603271484,17.86199951171875,16.979999542236328,17.760000228881836,121776000,18.74010009765625,21.192979888916014,18.597157091415404,37.88302894966737,-1.07196543656422,-1.1048919110932416,0.03292647452902164,21.013492720908598,16.4667074744039,24.262331699462724,0.03849730201936593,-0.026209388423695024,-0.05107990076407254,0.007189565772168116,1
2022-06-22,17.888999938964844,18.28199958801269,17.020000457763672,17.075000762939453,119924000,18.697350120544435,20.8389998626709,18.52971355308678,43.00951015909804,-1.0066007477300438,-1.085233678420602,0.07863293069055821,21.00079862925316,16.39390161183571,24.63930443467198,0.0400764597121199,0.046691261729396416,0.03195851651289772,0.06774503094916273,1
2022-06-23,18.17099952697754,18.275999069213867,17.586999893188477,18.049999237060547,95382000,18.704200077056885,20.506419868469237,18.495550312504946,44.74495618082705,-0.9214221697110254,-1.0524713766786868,0.13104920696766142,21.000520996028772,16.407879158085,24.55406710269979,0.03930622996900033,0.01576385426657967,0.03532556041608914,0.0088834517938301,1
2022-06-24,19.084999084472656,19.11899948120117,18.18400001525879,18.350000381469727,124240000,18.71929998397827,20.19991985321045,18.551688290787585,50.053727274729525,-0.7712746334035145,-0.9962320280236525,0.22495739462013797,21.02145927376924,16.417140694187303,24.596638675178788,0.03982619525780004,0.05029990541456719,0.11666956453614863,0.10095183688630893,0
2022-06-27,18.91399955749512,19.17799949645996,18.23900032043457,19.177000045776367,83639000,18.707999992370606,19.87733985900879,18.58619412571211,49.1031980863426,-0.6584892081533447,-0.9286834640495909,0.27019425589624624,21.00399882144888,16.41200116329233,24.545636412386326,0.03967169870156207,-0.008959891809303677,0.05729775963035699,0.07765933087504084,0
2022-06-28,17.959999084472656,19.21999931335449,17.937000274658203,18.920000076293945,71854000,18.630049991607667,19.554279861450194,18.526556502736927,44.074507993184085,-0.6387230100571024,-0.8706913732510932,0.23196836319399083,20.916458304632325,16.34364167858301,24.54538032967838,0.04092976811951529,-0.050438854570260316,-0.011611933740442892,0.05084544505137267,0
2022-06-29,17.836000442504883,18.066999435424805,17.510000228881836,17.954999923706055,57668000,18.53465003967285,19.23527988433838,18.460789258905304,43.45162830182224,-0.625849407374492,-0.821722980075773,0.19587357270128103,20.78613501958379,16.283165059761913,24.294874465843197,0.040784165701525994,-0.00690415636351438,-0.06544399800280554,-0.0029626863793833502,0
2022-06-30,17.48699951171875,17.94499969482422,17.030000686645508,17.707000732421875,78947000,18.444449996948244,18.88779987335205,18.368047378220872,41.666781311418724,-0.6364715945391524,-0.7846727029684489,0.14820110842929657,20.71199086458175,16.176909129314737,24.587785138713123,0.04070977127385452,-0.01956721922670679,-0.07544676319984833,-0.037642399045979213,1
2022-07-01,17.9950008392334,18.010000228881836,17.427000045776367,17.64900016784668,52016000,18.31875,18.795319900512695,18.332519136412543,45.19563025668054,-0.5970162609827838,-0.747141414571316,0.15012515358853218,20.38429267756905,16.253207322430953,22.551131246062624,0.03839366972200939,0.029050228266674027,0.0019488728588523685,-0.05711282669780515,1
2022-07-05,18.58799934387207,18.59199905395508,17.26799964904785,17.628000259399414,73343000,18.25324993133545,18.730639877319337,18.356850584742023,49.06886581323854,-0.5119956344818846,-0.7001122585534298,0.18811662407154528,20.193610205403633,16.312889657267267,21.26043615649131,0.03889184937163806,0.03295351358616183,0.042161857070551756,-0.01723592160569054,0
2022-07-06,18.4060001373291,18.621999740600582,18.082000732421875,18.520000457763672,57534000,18.187849903106688,18.66771987915039,18.36153149451222,47.94881637352443,-0.4540677796600292,-0.6509033627747498,0.1968355831147206,20.01152676613791,16.364173040075467,20.053792754466443,0.03889687453416168,-0.00979122083964179,0.0525533625705481,0.024833022026267138,1
2022-07-07,18.927000045776367,19.020999908447266,18.350000381469727,18.427000045776367,63345000,18.14114990234375,18.626439895629883,18.415385642251664,51.370823608008656,-0.3619469003689382,-0.5931120702935875,0.2311651699246493,19.834211046235744,16.448088758451753,18.665422566992405,0.03945893788343737,0.028305981992830187,0.051792117981511065,0.06116839965262222,0
2022-07-08,18.697999954223636,18.99099922180176,18.274999618530277,18.601999282836918,58357000,18.061899852752685,18.603599891662597,18.4423012910109,49.82043516397674,-0.3039154848616761,-0.5352727532072052,0.23135726834552917,19.471099970866188,16.65269973463918,15.604118388451113,0.03914308906385495,-0.01209912247048539,0.005917829472477987,0.06925147116824393,0
2022-07-11,17.733999252319336,18.499000549316406,17.68899917602539,18.472999572753903,60388000,17.984749794006348,18.581199874877928,18.374843953992656,43.82437353297715,-0.3318861926946539,-0.494595441104695,0.16270924841004109,19.28407512900099,16.685424459011706,14.449190006831882,0.039267156106316606,-0.05155635384877333,-0.03650988156013779,-0.014504116406875434,0
2022-07-12,17.44499969482422,17.97800064086914,17.341999053955078,17.732999801635742,68453000,17.94229974746704,18.531059875488282,18.286287357881378,42.185206314828655,-0.37307248184893993,-0.47029084925354403,0.0972183674046041,19.25385497653597,16.63074451839811,14.61970034531482,0.037794004135873444,-0.016296355570068033,-0.07830085842277279,-0.061491267989777776,1
2022-07-13,17.6560001373291,17.917999267578125,16.969999313354492,17.049999237060547,127344000,17.97664976119995,18.50345989227295,18.226260003543064,43.836899918587754,-0.3842574596264221,-0.4530841713281196,0.06882671170169752,19.218579060849667,16.734720461550236,13.817138522999361,0.03400397870087865,0.012095181782518782,-0.0557278756789793,-0.040747582006094296,0
2022-07-14,17.47800064086914,17.75200080871582,17.18199920654297,17.555999755859375,90395000,18.012849807739258,18.454099922180177,18.154997207097928,42.7279233161783,-0.4028410064958834,-0.4430355383616724,0.04019453186578903,19.147707583582875,16.87799203189564,12.60053559493982,0.03394795205893163,-0.010081530079036782,-0.014435469845681559,-0.07655726746989555,1
2022-07-15,18.910999298095703,18.92200088500977,17.45599937438965,17.558000564575195,163191000,18.05784978866577,18.432579917907717,18.226997406240574,53.029805933378796,-0.2984967015408202,-0.414127770997502,0.11563106945668178,19.258323026630627,16.857376550700913,13.295860271452131,0.03475512551438172,0.08198870606948905,0.0840355189978268,0.011391557620789916,1
2022-07-18,19.09199905395508,19.96699905395508,18.979999542236328,19.25,163228000,18.145699787139893,18.40639991760254,18.30937851554672,54.15160403665192,-0.19890506668934904,-0.3710832301358714,0.17217816344652237,19.37844299584615,16.912956578433636,13.587166360813693,0.03343413802614627,0.009571136511945522,0.08133206306392848,0.07657606061182953,1
2022-07-19,20.163000106811523,20.19700050354004,18.84000015258789,19.302000045776367,281787000,18.27629976272583,18.433019905090333,18.485913905190984,60.207642303631616,-0.03317472671529842,-0.30350152945175685,0.2703268027364584,19.757717021388746,16.794882504062915,16.211347788070736,0.03529370248531262,0.05609685239506512,0.15362165965734076,0.15580398162997455,1
2022-07-20,21.643999099731445,21.69700050354004,20.01000022888184,20.816999435424805,539203000,18.50394973754883,18.503959884643553,18.786683923718645,66.74838112174766,0.215191410610867,-0.1997629414392321,0.4149543520500991,20.497587498379463,16.510311976718196,21.548240122864986,0.03725785679241692,0.07345132098767415,0.1445190578538571,0.2258721642151973,1
2022-07-21,22.38800048828125,22.43199920654297,21.149999618530277,21.43000030517578,234301000,18.72889976501465,18.605519905090333,19.12966645367699,69.46385144912716,0.46667847899162496,-0.0664746573530607,0.5331531363446856,21.31998425956121,16.13781527046809,27.66937222213847,0.03676195237819117,0.03437448805655485,0.17263783771471397,0.28092457188329445,0
2022-07-22,22.04400062561035,22.934999465942383,21.8439998626709,22.238000869750977,178055000,18.92254981994629,18.691079902648926,19.407222089099218,66.74959962129219,0.6309526491738389,0.07301080395231921,0.5579418452215197,21.87203209499789,15.97306754489469,31.174258259238897,0.03724612276169393,-0.01536536783849729,0.09328971427041677,0.1656708499709021,0
2022-07-25,21.85099983215332,22.52300071716309,21.63500022888184,22.131000518798828,109352000,19.06084985733032,18.795359916687012,19.63996282653294,65.21005820662057,0.7370710650901273,0.20582285617988083,0.5312482089102465,22.275320891819806,15.846378822840837,33.72851744334244,0.03624012833751148,-0.008755252584814688,0.009563885651078463,0.14451083778084972,0
2022-07-26,21.391000747680664,21.93899917602539,21.16399955749512,21.666000366210938,95085000,19.184699916839598,18.874559936523436,19.806728342832724,61.565359068127165,0.775117520222274,0.31968178898835947,0.4554357312339145,22.554132556744698,15.8152672769345,35.12624804673165,0.036626289652463506,-0.02105162637893465,-0.04453277286296531,0.060903666833503234,1
2022-07-27,22.674999237060547,22.777999877929688,21.45800018310547,21.64800071716309,105084000,19.420449924468993,18.95277992248535,20.07989699942585,67.09395677156158,0.8985199782937521,0.435449426849438,0.4630705514443141,23.062869929583133,15.778029919354855,37.511180423527,0.03586154016982641,0.060025171544117795,0.028624505241444664,0.04763445667219113,0
2022-07-28,22.601999282836918,22.809999465942383,21.96699905395508,22.459999084472656,89727000,19.658749866485596,19.031799926757813,20.320097216893572,66.5082096322314,0.9791399137302754,0.5441875242256055,0.43495238950466997,23.474825242570585,15.842674490400608,38.82317443379924,0.03576690680883768,-0.0032194027201692954,0.03436911154877764,0.009558638104715245,0
2022-07-29,22.489999771118164,23.075000762939453,22.239999771118164,22.32900047302246,90649000,19.908899879455568,19.100479927062988,20.526754603010197,65.56249422620013,1.022210957211751,0.6397922108228347,0.3824187463889164,23.778270169802184,16.03952958910895,38.87075944703006,0.035222359379809255,-0.004955292242832754,0.051376699781409796,0.02023222341001296,1
2022-08-01,22.621000289916992,22.839000701904297,22.100000381469727,22.309999465942383,55250000,20.140199851989745,19.19851993560791,20.726206573191796,66.1684606150915,1.0547571328668113,0.7227851952316301,0.3319719376351812,24.076762255241103,16.203637448738387,39.091592260068325,0.03505603854214205,0.005824834154380953,-0.0023814310456644616,0.03523868306614664,0
2022-08-02,22.142000198364254,22.81999969482422,22.08799934387207,22.275999069213867,63613000,20.317899894714355,19.274399948120116,20.861044061303456,61.880803427831694,1.030025415516949,0.7842332392886939,0.2457921762282551,24.278933847588736,16.356865941839974,38.990584395042056,0.03544664796381,-0.021175018143041457,-0.02035214136220098,0.03510819617754524,1
2022-08-03,22.67300033569336,22.809999465942383,22.242000579833984,22.47900009155273,64007000,20.531249904632567,19.355159950256347,21.033611325531066,64.61793643834625,1.0412695178301519,0.8356404949969856,0.2056290228331663,24.516967474889793,16.54553233437534,38.82586387843741,0.035289920595385806,0.023981579467618808,0.008136974941645114,-8.815441827758619e-05,1
2022-08-04,22.99099922180176,23.207000732421875,22.5049991607666,22.76799964904785,71427000,20.734449863433838,19.440099945068358,21.22002922041399,66.18393335722273,1.0635801129180322,0.8812284185811949,0.1823516943368373,24.786132658960234,16.68276706790744,39.081652247467886,0.035066333732955486,0.014025443540782057,0.016356435486616805,0.01721086414068851,0
2022-08-05,22.67799949645996,22.86199951171875,22.28700065612793,22.530000686645508,55397000,20.933449840545656,19.53297992706299,21.358883532418368,63.21806425572453,1.0439707137383287,0.9137768776126217,0.130193836125707,24.95635686167668,16.91054281941463,38.43520348317479,0.03511895963810861,-0.013614011392988568,0.024207356756112075,0.008359258659629942,1
2022-08-08,23.349000930786133,24.19599914550781,22.641000747680664,22.749000549316406,109821000,21.214199924468993,19.624299926757814,21.548418522739105,66.66666090082495,1.070237302147902,0.9450689625196778,0.12516833962822416,25.085656893464705,17.34274295547328,36.49873181906121,0.03216343662436247,0.029588211007364862,0.029815224499801563,0.032182513219525255,0
2022-08-09,22.99399948120117,23.21999931335449,22.46500015258789,23.16200065612793,61812000,21.491649913787843,19.701379928588867,21.686092899735492,63.28596144576472,1.05030089763412,0.9661153495425663,0.08418554809155365,25.023282439220136,17.96001738835555,32.86515962803391,0.03210958902086935,-0.01520413873969606,0.000130497129353202,0.03847887612700207,1
2022-08-10,24.410999298095703,24.45400047302246,23.65999984741211,23.698999404907227,92548000,21.829399871826173,19.799219932556152,21.945607794817416,69.8566853415155,1.135748988919648,1.0000420774179826,0.13570691150166536,25.11241776426505,18.546381979387295,30.07886530747977,0.033790118862945535,0.06162476510678405,0.07641766646596237,0.07665500536628445,0
2022-08-11,24.270000457763672,25.16200065612793,24.150999069213867,24.468000411987305,87801000,22.168999862670898,19.889739952087403,22.166978524621822,68.54215907267096,1.1785047200266163,1.0357346059397092,0.1427701140869071,24.94771630331896,19.390283422022836,25.06848714746922,0.03362276606652421,-0.005776037212169016,0.03944492227773155,0.05563051973613509,1
2022-08-12,24.93000030517578,24.94099998474121,24.375999450683597,24.481000900268555,60985000,22.4699499130249,20.0025199508667,22.430123456103154,71.26765389585013,1.251222107211369,1.0788321061940414,0.1723900010173276,25.07008307869997,19.869816747349834,23.14320393004417,0.030102852053462553,0.02719405994905877,0.08419591491934231,0.09930332739743464,0
2022-08-15,24.910999298095703,25.198999404907227,24.750999450683597,24.81100082397461,65274000,22.760899925231932,20.09055992126465,22.66639734581673,71.07672953131923,1.2924197278629919,1.1215496305278316,0.17087009733516023,25.069951431726132,20.451848418737733,20.28963278323162,0.030277039692938806,-0.0007621743621131216,0.020482569922444904,0.06689786736228376,0
2022-08-16,24.569000244140625,24.929000854492188,24.402999877929688,24.715999603271484,51368000,22.981199932098388,20.1839799118042,22.847597621847576,67.56805351759505,1.2826866602191203,1.1537770364660893,0.12890962375303094,25.088714854199644,20.873685009997132,18.341208712584585,0.029149766437643627,-0.013728837204102895,0.012319727265654334,0.06849616415043869,0
2022-08-17,24.114999771118164,24.423999786376957,23.756000518798828,24.118000030517575,56272000,23.104749965667725,20.271999893188475,22.968302588444775,63.11397901898002,1.2242269636733418,1.1678670219075398,0.05635994176580206,25.17357569672271,21.03592423461274,17.9082286900238,0.025717563969242956,-0.01847858962558857,-0.03269155732374429,-0.012125662016656102,1
2022-08-18,24.517000198364254,24.64800071716309,23.92799949645996,24.19599914550781,52804000,23.211199951171874,20.36511989593506,23.1157975989133,65.29548751797793,1.1965423128417356,1.173602080094379,0.02294023274735668,25.33978109576171,21.08261880658204,18.340983224198776,0.024973557649751545,0.016670140205746753,-0.015816270355784923,0.010177162585160549,0
2022-08-19,24.11599922180176,24.32900047302246,23.56800079345703,24.09499931335449,75047000,23.314799880981447,20.441779861450197,23.211054896331248,61.39489181692109,1.1292275676172139,1.164727177598946,-0.03549960998173218,25.40745068753886,21.222149074424035,17.95126543860621,0.025016693269526095,-0.016356037578742932,-0.01843791028684194,-0.03265146704410682,0
2022-08-22,22.65399932861328,23.347999572753903,22.458999633789062,23.2549991607666,86301000,23.354949855804442,20.509319839477538,23.158001985120013,49.73060683733941,0.9469926325274969,1.1211802685846561,-0.17418763605715926,25.362816552994374,21.34708315861451,17.19435673882138,0.028884633341256735,-0.0606236498741789,-0.06058471724535042,-0.09060254638821152,0
2022-08-23,22.45499992370605,22.989999771118164,22.43000030517578,22.645999908447266,52769000,23.408149814605714,20.592539825439452,23.09104940784249,48.38316726371194,0.7775494387463446,1.0524541026169938,-0.27490466387064916,25.254976955248637,21.561322673962792,15.77935168110193,0.028492495841493423,-0.008784294641338786,-0.08410491732164593,-0.08604340019650314,1
2022-08-24,22.961000442504883,23.40999984741211,22.393999099731445,22.56599998474121,54263000,23.42244987487793,20.71237983703613,23.07866379209605,51.94831880111553,0.6762985512294328,0.9772229923394816,-0.3009244411100488,25.250683743627558,21.594216006128303,15.610953410219697,0.025618678198645224,0.022533979982989782,-0.04789346560654706,-0.047854005372846564,1
2022-08-25,23.39800071716309,23.416000366210938,22.899999618530277,23.02400016784668,37669000,23.462249946594238,20.845259857177734,23.109076832578626,54.84880825722056,0.6241242475780453,0.9066032433871944,-0.28247899580914915,25.25154998109802,21.672949912090456,15.252586930722007,0.025910134883469015,0.019032283708737774,0.03284194449542932,-0.045641778037584846,0
2022-08-26,22.327999114990234,23.69499969482422,22.315000534057617,23.363000869750977,53498000,23.45414991378784,20.93159984588623,23.03468847852259,47.31747797051445,0.49077816394475704,0.8234382274987071,-0.33266006355395006,25.262348763584402,21.64595106399128,15.419009910340744,0.028009589962242565,-0.04573047138117148,-0.005655791990528569,-0.07414165551950713,1
2022-08-29,22.457000732421875,22.98699951171875,22.152000427246094,22.19300079345703,71094000,23.445949935913085,21.034039878845213,22.97967059794157,48.240245109407674,0.39100255036399645,0.736951092071765,-0.34594854170776856,25.2705999737794,21.621299898046768,15.564735426406656,0.028009075730357075,0.0057775717728791864,-0.021950250440743613,-0.008695974310486743,0
2022-08-30,22.065000534057617,22.97900009155273,21.874000549316406,22.666000366210938,57404000,23.442099952697752,21.12431987762451,22.892559163285956,45.62504638109568,0.2771042327276305,0.6449817202029382,-0.3678774874753077,25.278029073793874,21.60617083160163,15.663520971250191,0.02787302999429789,-0.01745559004227648,-0.056970687334310544,-0.01736804235018974,1
2022-08-31,22.356000900268555,23.38800048828125,22.343000411987305,22.700000762939453,86159000,23.426249980926514,21.229619903564455,22.841458376331918,47.88375515294796,0.20792348051394072,0.5575700722651388,-0.34964659175119805,25.293668048053007,21.55883191380002,15.942953470119479,0.027490118727134867,0.013188323551670544,0.0012541108199668471,-0.026349006165966804,1
2022-09-01,23.003999710083008,23.03700065612793,21.94700050354004,22.07200050354004,72929000,23.426900005340578,21.331919898986815,22.85693850335583,52.6050266808605,0.20304475086717133,0.48666500798554535,-0.283620257118374,25.29372055399683,21.560079456684324,15.937409970851274,0.028098483112288852,0.02898545284128473,0.024357614989583665,-0.016839088597474516,0
2022-09-02,22.61100006103516,23.38800048828125,22.503999710083008,23.10300064086914,81649000,23.423550033569335,21.42071990966797,22.83351579456339,49.66635678452027,0.16555808468577737,0.42244362332559177,-0.2568855386398144,25.295966178827904,21.551133888310765,15.987466823561125,0.028200124183813877,-0.01708397035301601,0.024745049343406267,0.012674711450294307,0
2022-09-06,21.839000701904297,22.684999465942383,21.4689998626709,22.55900001525879,74690000,23.348050022125243,21.4757999420166,22.738800071453,44.417257801311244,0.07271749324905485,0.35249839731028443,-0.2797809040612296,25.344093362652597,21.35200668159789,17.098158849547175,0.028308689629072306,-0.0341426454843643,-0.023125790729327078,-0.02751925948977474,1
2022-09-07,22.895999908447266,22.933000564575195,21.82699966430664,22.020999908447266,81493000,23.343150043487547,21.555439949035645,22.753771484500074,51.91117707098368,0.08346947377642522,0.2986926126035126,-0.21522313882708738,25.34312316381955,21.343176923155546,17.135417598791207,0.030358702642596172,0.04839961411104321,-0.004694827116886291,0.03766142552804341,0
2022-09-08,22.74399948120117,22.874000549316406,22.1299991607666,22.416000366210938,67374000,23.259800052642824,21.651119956970216,22.75284081751923,50.84945660703151,0.07881678086198107,0.2547174462552063,-0.17590066539322524,25.213217435410634,21.306382669875013,16.796510531876727,0.026710376619396244,-0.006638732872724096,0.005882067126929069,0.01735545559617302,1
2022-09-09,23.35700035095215,23.47800064086914,22.96199989318848,22.96199989318848,66996000,23.214150047302248,21.76153995513916,22.810379820703314,54.85922499915695,0.12317366598479751,0.22840869020112456,-0.10523502421632705,25.112910797698696,21.3153892969058,16.358649759111955,0.027533406778207335,0.02695220206356619,0.06950865883325363,0.015345185416361096,1
2022-09-12,23.652999877929688,23.948999404907227,23.33699989318848,23.36100006103516,60474000,23.15030002593994,21.88485996246338,22.890629349962968,56.69631498287556,0.18013502068623666,0.21875395629814698,-0.03861893561191032,24.893479448608083,21.4071206032718,15.05967024803054,0.026920087980840866,0.012672839942200476,0.033062542475078116,0.046083756316916524,0
2022-09-13,21.8129997253418,22.768999099731445,21.77199935913086,22.649999618530277,80001000,22.995400047302248,21.961219940185547,22.787997957141904,44.55711630124324,0.07592940298734874,0.19018904563598735,-0.11425964264863861,24.632580709137653,21.358219385466843,14.23920139217125,0.0317658675706842,-0.07779140752056435,-0.04093386286914391,-0.0011905753801376706,1
2022-09-14,22.41200065612793,22.799999237060547,21.57999992370605,21.98200035095215,82303000,22.88755006790161,22.037699966430665,22.752188690378667,48.42827658469565,0.04120508271061496,0.1603922530509129,-0.11918717034029794,24.373033659627723,21.4020664761755,12.980712984299808,0.03257227582115981,0.027460731597141352,-0.040458949378133435,-0.021139031020906307,1
2022-09-15,23.538000106811523,24.22900009155273,22.90999984741211,23.04700088500977,194541000,22.85870008468628,22.140339965820313,22.827027872896082,54.815088714250905,0.10335316308724529,0.14898443505817938,-0.045631271970934084,24.26817612598663,21.44922404338593,12.332075193064902,0.03453765582416573,0.050240916371547595,-0.00486195289018998,0.034910334317701075,1
2022-09-16,24.01300048828125,24.13599967956543,22.78300094604492,23.121999740600582,189142000,22.833500099182128,22.24205997467041,22.93997764578991,57.22186018738985,0.18875863354985611,0.15693927475651473,0.031819358793341385,24.137560138008986,21.52944006035527,11.42234027339127,0.034638986081543074,0.020180150365972205,0.1008573231852905,0.028085804147464533,1
2022-09-19,24.363000869750977,24.524999618530277,23.575000762939453,24.5049991607666,179124000,22.84585018157959,22.355359992980958,23.075503667119534,58.956636977031714,0.2814409142455041,0.1818396026543126,0.09960131159119151,24.2019018798029,21.489798483356278,11.871317437918627,0.03458233301252556,0.014575453893841184,0.08705158649411349,0.030017376040482047,0
2022-09-20,24.28499984741211,25.048999786376957,23.965999603271484,24.03700065612793,160374000,22.927400207519533,22.48638000488281,23.190693779528353,58.38835431951451,0.3446256290854812,0.21439680794054633,0.1302288211449349,24.41707922781467,21.437721187224394,12.99474870078437,0.03142919405010723,-0.0032016180090406188,0.03173590522605263,0.11332692216551954,0
2022-09-21,23.687000274658203,24.82999992370605,23.667999267578125,24.267000198364254,91668000,22.989000225067137,22.611220016479493,23.237961064778816,54.08420423528709,0.342498295830616,0.24001710551856026,0.10248119031205571,24.497221489215743,21.48077896091853,13.121242762910985,0.03196226442164323,-0.024624236216234996,-0.013575988297761521,0.05688914783168464,1
2022-09-22,23.70499992370605,24.049999237060547,23.166000366210938,23.53499984741211,100180000,23.026200199127196,22.73220001220703,23.28244095610522,54.1936589871782,0.33836433669936383,0.259686551754721,0.07867778494464284,24.566190571004643,21.48620982724975,13.375983519293996,0.03163702807710837,0.00075989567438417,-0.02700820599082676,0.007094902546380677,0
2022-09-23,22.641000747680664,23.645000457763672,22.14299964904785,23.513999938964844,112072000,22.988350200653077,22.835460014343262,23.22135141244574,47.05323599811768,0.24639204884579158,0.25702765117293513,-0.010635602327143556,24.527138182921547,21.449562218384607,13.387546029508066,0.033031814247084935,-0.04488501073401563,-0.06769607206345674,-0.05713570618841013,0
2022-09-26,22.40699958801269,23.270000457763672,22.301000595092773,22.559999465942383,82343000,22.9923002243042,22.905380020141603,23.143794095833066,45.62933114727929,0.15285934278933055,0.23619398949621423,-0.08333464670688367,24.52467975931592,21.459920689292478,13.329501790272438,0.031424898708943515,-0.010335283421248231,-0.054038108321167844,-0.08028572884742002,1
2022-09-27,22.43600082397461,23.06399917602539,22.07200050354004,22.863000869750977,77622000,22.991250228881835,22.97226005554199,23.076385212798925,45.84805127125649,0.0801502347273626,0.2049852385424439,-0.12483500381508131,24.52512353679247,21.4573769209712,13.343104812836742,0.03140239229002705,0.0012942935910720266,-0.05353297210781205,-0.07613749372267486,1
2022-09-28,24.520000457763672,24.665000915527344,22.738000869750977,22.9689998626709,175797000,23.114000225067137,23.059400062561036,23.213872378986046,58.70385864216007,0.18851600136594726,0.2016913911071446,-0.013175389741197335,24.722827385297716,21.50517306483656,13.920802496885031,0.0372446796863,0.09288641278539034,0.08299101841933787,0.035166976546062045,0
2022-09-29,23.97100067138672,24.697999954223636,23.56800079345703,24.160999298095703,189949000,23.194750213623045,23.10594009399414,23.285979835405158,54.99957830205138,0.22747477003145278,0.20684806689200624,0.020626703139446534,24.805408447578294,21.584091979667797,13.888127435054297,0.037727026939662456,-0.022389876677311626,0.06979966582454611,0.011221292914439296,0
2022-09-30,23.54400062561035,24.24399948120117,23.326000213623047,23.700000762939453,118486000,23.221750259399414,23.129060096740723,23.31055324399613,52.23856278486295,0.2213430350489709,0.2097470605233992,0.011595974525571706,24.83681123529309,21.606689283505737,13.909898761743442,0.03755753069205636,-0.017813192349790397,0.0493849064424956,0.039883390667799556,1
2022-10-03,23.90399932861328,24.15399932861328,23.28499984741211,23.78499984741211,86574000,23.28640022277832,23.16626007080078,23.36707191872157,54.32059582064248,0.24273438668345904,0.21634452575541116,0.026389860928047876,24.902009421292394,21.670791024264243,13.87598927320434,0.03739694960485279,0.015290464383157287,-0.025122394683942506,0.06680946883229533,1
2022-10-04,24.073999404907227,24.57999992370605,23.325000762939453,24.483999252319336,139259000,23.398150157928466,23.21072006225586,23.43439834597735,55.31129290079709,0.27028904847542634,0.2271334302994142,0.04315561817601213,24.903244942329696,21.893055373527236,12.865075010139023,0.036337352114771196,0.007111783846582176,0.004296805750101829,0.07300760031985232,0
2022-10-05,23.67300033569336,24.15900039672852,22.738000869750977,23.875999450683597,108256000,23.43700017929077,23.256360054016113,23.45712234499792,52.42312592433812,0.25680871189679877,0.23306848661889112,0.023740225277907645,24.928291754679382,21.94570860390216,12.72595949976854,0.035189368260201935,-0.016656936077356854,0.005479090496739447,-0.03454323434982365,1
2022-10-06,24.00200080871582,24.42799949645996,23.391000747680664,23.667999267578125,91889000,23.499900245666502,23.282900085449217,23.509015532018672,54.521359363254355,0.2695656516059657,0.24036791961630605,0.029197731989659637,24.975000255213093,22.024800236119912,12.55409592488467,0.03521582400628669,0.01389770913517907,0.004099794296146486,0.0012932350115073543,0
2022-10-07,22.475000381469727,23.732999801635746,22.42799949645996,23.57699966430664,98061000,23.455800247192382,23.280360107421874,23.41053789863306,44.673623360042605,0.15467643180740964,0.2232296220545268,-0.06855319024711715,24.99662491893376,21.914975575451002,13.138112155655943,0.03774442797107137,-0.06361971401532474,-0.06642016544669194,-0.045404358466496264,1
2022-10-10,22.99799919128418,23.382999420166016,22.42300033569336,22.56399917602539,99911000,23.423050212860108,23.290520095825194,23.371248497933166,48.129336995505064,0.10462151871046288,0.19950800138571403,-0.09488648267525115,24.973530536030133,21.872569889690084,13.238927544276486,0.03802348321299243,0.023270246982761256,-0.028513544326336793,-0.03790161323526364,0
2022-10-11,21.429000854492188,23.04400062561035,21.3700008392334,22.604999542236328,152824000,23.403850269317626,23.2666801071167,23.18627253189117,40.047851378940614,-0.06094982204930233,0.14741643669871077,-0.2083662587480131,25.040709681563897,21.766990857071356,13.987949789545423,0.03705045037814095,-0.06822325384664829,-0.10719939453086358,-0.10986951133162715,1
2022-10-12,22.08699989318848,22.367000579833984,21.263999938964844,21.43000030517578,129526000,23.387600231170655,23.265580101013185,23.08157989963377,44.27383618955685,-0.13748642130070365,0.0904358650988279,-0.22792228639953155,25.06936071711551,21.7058397452258,14.381642146451867,0.03718500945840149,0.030706006461255875,-0.01726364768390154,-0.06699617370061706,1
2022-10-13,23.250999450683597,23.44700050354004,21.17300033569336,21.268999099731445,175050000,23.373250198364257,23.27714008331299,23.09771509497185,50.87121528576295,-0.10302953098466006,0.051742785882130306,-0.15477231686679035,25.05453023703916,21.691970159689355,14.386360685024153,0.037363829386976743,0.052700663880298704,0.011000968270983291,-0.03128911477077834,0
2022-10-14,23.0,23.8799991607666,22.951000213623047,23.780000686645508,152934000,23.322600173950196,23.277320098876952,23.08840889545072,49.51005173164169,-0.09488201434161425,0.0224178258373814,-0.11729984017899565,24.984661521789114,21.660538826111278,14.252796304378881,0.03712655855088153,-0.010795211243111447,0.07331182429714089,0.023359270728338988,1
2022-10-17,24.51000022888184,24.992000579833984,23.440000534057617,23.44099998474121,210578000,23.32995014190674,23.31396011352539,23.223798546253683,56.96945331522542,0.033038502874614295,0.024541961244827982,0.008496541629786313,25.01153537387985,21.64836490993363,14.415677888248368,0.03994078653643786,0.06565218386442773,0.10970255568483078,0.0657448948067918,0
2022-10-18,24.086000442504883,25.03700065612793,23.77300071716309,24.979999542236328,257767000,23.320000171661377,23.328700103759765,23.30591301256332,54.533141412873555,0.09906127838575074,0.03944582467301254,0.0596154537127382,24.98109357907959,21.658906764243163,14.24608400678132,0.04014367123021686,-0.017299052730212927,0.03591247737940728,0.12399082934637651,1
2022-10-19,27.238000869750977,27.93000030517578,26.266000747680664,26.5,466853000,23.497550201416015,23.41358013153076,23.680397570390717,66.12942281636946,0.4011012502230997,0.11177690978302998,0.2893243404400697,25.880057984159006,21.115042418673024,20.278775977245626,0.049108557706171944,0.13086441789163628,0.1842609073804773,0.233214153188412,0
2022-10-20,26.81599998474121,27.83799934387207,26.63800048828125,27.277999877929688,172071000,23.653100204467773,23.46168014526367,23.97902637175743,63.783863626010856,0.5995074111179903,0.20932301005002207,0.39018440106796826,26.44117746962164,20.865022939313906,23.574730086563736,0.049370556058384765,-0.015493093161562221,0.09408403648817809,0.1533267652265502,1
2022-10-21,28.957000732421875,29.075000762939453,26.56800079345703,26.895000457763672,248891000,23.968900203704834,23.555420150756834,24.453119168011188,69.66298755521083,0.9189139226185077,0.3512411925637192,0.5676727300547885,27.546030251438058,20.39177015597161,29.848094967497197,0.05029939838330643,0.07984042172206629,0.20223367102995948,0.25900003184442943,0
2022-10-24,28.2450008392334,29.048999786376957,28.035999298095703,29.02300071716309,133264000,24.260800266265868,23.621720161437988,24.814250755746635,65.83546133703169,1.1018915236523839,0.5013712587814522,0.6005202648709317,28.213538230598562,20.308062301933173,32.58538812364647,0.05075444417987184,-0.024588178166921937,0.036970406686517965,0.15238680438486285,1
2022-10-25,29.101999282836918,29.75900077819824,28.55500030517578,28.69499969482422,151007000,24.594100189208984,23.705540161132813,25.22260775832666,68.10688333888204,1.3010574228278955,0.6613084915907409,0.6397489312371546,28.976022717373283,20.212177661044684,35.63393248342487,0.05082247216067837,0.03034159738501807,0.08524758723883052,0.20825370539644417,1
2022-10-26,29.86199951171875,30.5629997253418,28.804000854492188,29.003999710083008,157141000,24.86120014190674,23.811400146484374,25.664454591983052,70.01103740025849,1.502899015393833,0.8296265963513594,0.6732724190424737,29.80740373701773,19.91499654679575,39.790545644444016,0.04746981662944935,0.026115052147982487,0.031253194612920865,0.09633594824067426,0
2022-10-27,29.694000244140625,30.520999908447266,29.47800064086914,29.83300018310547,146126000,25.147350120544434,23.922980155944824,26.048220844569485,69.029920306087,1.6305083099860553,0.9898029390782985,0.6407053709077568,30.49992922872761,19.79477101236126,42.56972669108639,0.046995852975209244,-0.005625854608704128,0.051301092648385005,0.10732399541456772,0
2022-10-28,29.57200050354004,30.11899948120117,29.22900009155273,29.770000457763672,99605000,25.44875011444092,24.02408016204834,26.383818907328585,68.28158859611075,1.7021736377242362,1.132277078807486,0.5698965589167502,31.077968138806586,19.819532090075253,44.23964241113249,0.04664016122145757,-0.0041085653531864885,0.016150135120795994,0.021238379513164762,0
2022-10-31,29.1879997253418,29.761999130249023,28.950000762939453,29.51300048828125,75051000,25.712950134277342,24.125520172119142,26.650883747139368,65.86141932341985,1.7082911556374896,1.2474798941734868,0.46081126146400275,31.52053444243667,19.905365826118015,45.17244639631895,0.04697747165709382,-0.012985282417815158,-0.022570484140301827,0.033386399649120824,0
2022-11-01,28.674999237060547,29.96999931335449,28.642000198364254,29.617000579833984,69164000,25.94300012588501,24.245940170288087,26.843656650941387,62.6658837807494,1.6526932614258634,1.3285225676239623,0.3241706938019011,31.836543930814507,20.049456320955514,45.43455865807229,0.0474089057052901,-0.017575732941913502,-0.03431673060894358,-0.014672533032058621,0
2022-11-02,27.299999237060547,28.732999801635746,27.28400039672852,28.63999938964844,103676000,26.12435007095337,24.342840156555177,26.8871178496194,54.96767729605736,1.4806129367708785,1.3589406414533456,0.12167229531753287,31.950156184991997,20.29854395691474,44.600582201783546,0.04882409424979662,-0.047951178259244887,-0.07682947476642688,-0.08579466601534158,0
2022-11-03,26.9060001373291,27.628999710083008,26.8799991607666,27.125,70574000,26.269550037384032,24.42174015045166,26.88891616273461,52.96004600854565,1.2974889600766204,1.3466503051780006,-0.04916134510138015,32.02081136377436,20.518288710993712,43.78652331848652,0.04906218226975933,-0.014432201858693872,-0.07818280147616308,-0.09389102458034992,0
2022-11-04,26.07900047302246,27.496999740600582,25.53199958801269,27.20199966430664,111247000,26.44975004196167,24.475360145568846,26.811781335142978,48.92110410227001,1.0732580767950992,1.2919718595014205,-0.21871378270632125,31.93378679301373,20.965713290909612,41.46758848270258,0.047087961154594085,-0.030736626034550185,-0.09053178145103236,-0.11811848948465409,0
2022-11-07,25.86000061035156,26.114999771118164,25.208999633789062,26.106000900268555,79270000,26.592850112915038,24.546000175476074,26.72113555182951,47.87975965133457,0.8678776740475627,1.2071530224106488,-0.33927534836308615,31.853970968497855,21.33172925733222,39.56793524006447,0.04709701378462062,-0.008397555837979631,-0.05274720391765242,-0.11401943080398158,1
2022-11-08,26.34600067138672,26.607999801635746,25.6879997253418,25.992000579833984,76838000,26.838700103759766,24.623780174255373,26.68540842035877,50.40284580247966,0.7358459938687112,1.1128916167022613,-0.37704562283355014,31.541544230633285,22.135855976886248,35.04524517724097,0.04368772401614118,0.01879350539692637,-0.020813181561143534,-0.08122052755501907,0
2022-11-09,25.465999603271484,26.09000015258789,25.42200088500977,25.965999603271484,72660000,27.007650089263915,24.691800155639648,26.569274247302836,46.055366970993944,0.5538171450599201,1.001076722373793,-0.447259577313873,31.234196770165575,22.781103408362256,31.298885070951037,0.04452890098524915,-0.03340169459082143,-0.02350553543588063,-0.0671794756425983,1
2022-11-10,27.496999740600582,27.535999298095703,26.00900077819824,26.599000930786133,96673000,27.219950103759764,24.79462013244629,26.657629056188338,55.5786304323672,0.5669077485999701,0.9142429276190286,-0.3473351790190585,31.081144151383445,23.358756056136084,28.370324213712294,0.04633116720511571,0.07975340332088066,0.0633023623980018,0.021965346028952615,1
2022-11-11,29.01300048828125,29.06599998474121,27.1560001373291,27.44700050354004,95738000,27.52060012817383,24.914800148010254,26.88195014495909,61.0990480303557,0.6916379648796642,0.8697219350711558,-0.17808397019149158,30.930683394800308,24.11051686154735,24.78204145799462,0.04715680477701358,0.05513331497916929,0.10122977867343064,0.11250431236020253,1
2022-11-14,29.927000045776367,31.100000381469727,28.819000244140625,29.0,179782000,27.791450119018556,25.06112014770508,27.17195489741788,64.003545283155,0.8543908002849676,0.8666557081139182,-0.012264907828950622,31.05957477654428,24.52332546149283,23.51892142029138,0.04573521626362437,0.03150310350921104,0.17517476289961942,0.15726988938263298,1
2022-11-15,31.020000457763672,31.270999908447266,30.2549991607666,30.920000076293945,146269000,28.138150119781493,25.244740142822266,27.538435426974623,67.16114961553177,1.0593579742763133,0.9051961613463972,0.15416181292991604,31.226591670456962,25.049708569106024,21.95198715998216,0.04556634693569352,0.036522217740349916,0.12812309526123378,0.17740832260181283,0
2022-11-16,30.601999282836918,31.048999786376957,30.36100006103516,30.99399948120117,80386000,28.30635004043579,25.39886013031006,27.83020341324722,64.81937715791464,1.174527512887611,0.95906243165464,0.21546508123297092,31.543225565366882,25.0694745155047,22.870313695034465,0.0365719560012078,-0.013475214982536787,0.05476850955824042,0.20168066282800212,0
2022-11-17,29.527999877929688,29.98200035095215,29.100000381469727,29.472000122070312,98382000,28.441950035095214,25.53454013824463,27.99189831464555,59.1158713362409,1.1656999622584188,1.0003899377753958,0.165310024483023,31.644772343166544,25.239127727023885,22.521819383827683,0.037443599650141005,-0.03509572675238837,-0.01333244786434884,0.07386260888420648,0
2022-11-18,28.79800033569336,29.799999237060547,28.700000762939453,29.732999801635746,84001000,28.43400001525879,25.643360137939453,28.068669935697724,55.53872914374161,1.087265878341956,1.017765125888708,0.06950075245324805,31.632455399497502,25.235544631020076,22.497400172485737,0.033619213413128325,-0.024722282079862712,-0.07163120855190674,-0.00741047630267444,0
2022-11-21,28.5049991607666,29.187000274658203,28.266000747680664,29.100000381469727,72565000,28.446999931335448,25.740400123596192,28.110225099989997,54.12311037205527,0.9900508655546538,1.0122222738218971,-0.022171408267243287,31.644390256541072,25.249609606129823,22.479631124008815,0.033210673352261785,-0.010174358341249135,-0.06852493860577324,-0.0475156508448783,1
2022-11-22,28.66900062561035,28.697999954223636,27.733999252319336,28.499000549316406,62451000,28.425349998474122,25.87752014160156,28.163441816715746,54.817311779998626,0.9156853642352729,0.9929148919045724,-0.07722952766929947,31.61054733065076,25.240152666297483,22.410962977396025,0.03251411493012237,0.005753428158997265,-0.029091007039775296,-0.07578980649450351,1
2022-11-23,29.149999618530277,29.246999740600582,28.375999450683597,28.590999603271484,59190000,28.389750003814697,26.01228012084961,28.257399702602847,56.87826835060637,0.8853569240130135,0.9714032983262606,-0.08604637431324713,31.525454654449778,25.254045353179617,22.09039988174422,0.03218086292738108,0.016777668646400068,0.01222304600089319,-0.04744786936587486,0
2022-11-25,28.554000854492188,28.92099952697754,28.41699981689453,28.899999618530277,32360000,28.332750034332275,26.112600135803223,28.285647431354214,53.614885463854606,0.8039617270037844,0.9379149840617654,-0.133953257057981,31.41249508878761,25.253004979876938,21.739824413256382,0.03246905106799426,-0.020445926992713304,0.0017190561364068824,-0.03298560781170634,0
2022-11-28,28.117000579833984,28.95499992370605,28.05299949645996,28.399999618530277,47034000,28.260000038146973,26.19468013763428,28.269585826447525,51.291157931489906,0.6961681834824667,0.8895656239459058,-0.1933974404634391,31.28751066124959,25.232489415044355,21.426119030544303,0.03261324917812248,-0.01530434480565801,-0.019254247923914725,-0.023647466765784997,0
2022-11-29,28.09600067138672,28.29599952697754,27.5939998626709,28.25,57869000,28.20540008544922,26.269340133666994,28.253053906917923,51.17637172899217,0.6021058055940998,0.8320736602755446,-0.22996785468144487,31.203239045138954,25.207561125759486,21.257198625849508,0.032511395703151924,-0.0007468758407440657,-0.036157768814293334,-0.014348307364373314,1
2022-11-30,30.55299949645996,30.826000213623047,28.041000366210938,28.136999130249023,160701000,28.299300098419188,26.394700126647948,28.472096344017164,61.915473842774,0.7175485120339111,0.8091686306272179,-0.09162011859330677,31.463144200894426,25.13545599594395,22.3598752723356,0.03781279246782144,0.08745012693480891,0.07000765504471462,0.06571554047009975,1
2022-12-01,31.69499969482422,31.979999542236328,30.30299949645996,30.39900016784668,146649000,28.519050121307373,26.55486011505127,28.779039520284503,65.69267952933126,0.8909176168117199,0.8255184278641183,0.06539918894760155,31.9720464899751,25.066053752639647,24.215367299964154,0.036450914019501963,0.03737767869555908,0.12725394036362614,0.08730703634987758,1
2022-12-02,32.04100036621094,32.19900131225586,31.0,31.048999786376957,126906000,28.775800132751463,26.72158012390137,29.089702457991784,66.76808656094224,1.0441963978529714,0.8692540218618889,0.17494237599108242,32.4663207334092,25.085279532093733,25.65016843064134,0.03606462384462349,0.010916569639318308,0.14041143225205888,0.12211947213590446,0
2022-12-05,31.25900077819824,32.277000427246094,31.09199905395508,31.645999908447266,84230000,29.034800148010255,26.89394012451172,29.296302298011447,62.035074140306115,1.09000520335319,0.9134042581601491,0.17660094519304081,32.65837982568114,25.411220470339373,24.9602522435079,0.03572020031591159,-0.02440621638135121,0.023107429495427434,0.11174734621650062,0
2022-12-06,30.55599975585937,31.32200050354004,30.3129997253418,31.100000381469727,71954000,29.269600105285644,27.05692012786865,29.416273484473155,58.05112770828592,1.0573937277795658,0.9422021520840326,0.11519157569553318,32.639577082833675,25.899623127737616,23.027147384493738,0.03623110877753391,-0.022489555162914177,-0.035936265970396786,0.08755691293024292,1
2022-12-07,30.84199905395508,30.961000442504883,30.209999084472656,30.649999618530277,78216000,29.494400024414062,27.225040092468262,29.55205687204286,59.199121123260745,1.0426081142548256,0.9622833445181912,0.08032476973663438,32.64711405765902,26.341685991169108,21.378390681860203,0.0361580400925213,0.009359840960231347,-0.03742084512193544,0.009458958604984247,1
2022-12-08,31.025999069213867,31.238000869750977,30.481000900268555,30.910999298095703,72053000,29.772399997711183,27.355160064697266,29.69243231939248,59.95834301588728,1.0338204340580255,0.976590762426158,0.05722967163186743,32.39041966360386,27.15438033181851,17.586890315150548,0.0348022459698438,0.00596589134630654,-0.007453907776440505,-0.021107450135725903,1
2022-12-09,32.000999450683594,32.900001525878906,31.95199966430664,32.14500045776367,143640000,29.99759998321533,27.515760040283205,29.91229585570592,63.802086144177274,1.0929318781913615,0.9998589855791988,0.09307289261216267,32.568399212144435,27.426800754286226,17.14003273840276,0.031234347272398398,0.03142526947463198,0.04729021162356606,-0.0012484290462269065,0
2022-12-12,31.51799964904785,32.31800079345703,30.88500022888184,32.0,101486000,30.122849941253662,27.675240020751954,30.065220026500388,60.693851044478166,1.08825930035119,1.0175390485335971,0.0707202518175929,32.7333468792323,27.51235300327502,17.3323370336452,0.02956755688837108,-0.015093272395447777,0.02191818351041941,0.008285577414561818,1
2022-12-13,32.03400039672852,33.27199935913086,31.71999931335449,32.79999923706055,107564000,30.22819995880127,27.83784004211426,30.252722918903068,62.77999134497718,1.1133590861848326,1.0367030560638444,0.0766560301209882,32.965557724017096,27.490842193585443,18.11128528292545,0.029030427916961418,0.016371621087198696,0.032488924055788626,0.048370226884352885,0
2022-12-14,31.78300094604492,32.47100067138672,31.441999435424805,31.89699935913086,75433000,30.26634998321533,27.992020072937013,30.398463683392766,61.08174162213721,1.100313559519229,1.0494251567549213,0.05088840276430773,33.06731364832981,27.465386318100855,18.508764133552898,0.028077580455721316,-0.007835407616128998,-0.006812240504382672,0.03051040532241922,0
2022-12-15,29.041000366210938,30.339000701904297,28.655000686645508,30.21199989318848,177246000,30.188300037384032,28.099380073547362,30.26918146270878,46.335699266381056,0.8588184304409623,1.0113038114921296,-0.15248538105116727,33.03413814300876,27.342461931759303,18.85391427871429,0.034186149483457245,-0.08627255130781464,-0.07858999017762036,-0.06397855871054225,1
2022-12-16,29.07099914550781,29.472000122070312,28.8700008392334,28.875999450683597,140800000,30.165450000762938,28.200760040283203,30.155068861070593,46.48790700271062,0.6622188053755096,0.9414868102688057,-0.27926800489329606,33.039328742674954,27.29157125885092,19.054108205508832,0.03329142832438057,0.0010329802320367953,-0.09249551147296953,-0.09155964986941045,0
2022-12-19,28.82999992370605,29.225000381469727,28.613000869750977,28.972999572753903,61637000,30.167049980163576,28.32786003112793,30.028871819416825,45.37448524368487,0.4814160978970179,0.8494726677944481,-0.3680565698974302,33.03791578124867,27.296184179078484,19.033122582240154,0.03285567429061297,-0.008290021976730011,-0.09291133418621811,-0.08528459151191736,0
2022-12-20,28.819000244140625,28.92799949645996,28.08099937438965,28.124000549316406,69181000,30.182750034332276,28.444280052185057,29.913645955104805,45.321130931431114,0.33339786434714114,0.7462577071049867,-0.4128598427578456,33.02032814144105,27.3451719272235,18.802647895775472,0.03275997833633635,-0.00038153588604006305,-0.007644368970450732,-0.10036211877290946,1
2022-12-21,29.79599952697754,30.06599998474121,28.649999618530277,28.999000549316406,63762000,30.239099979400635,28.611620025634764,29.9024415333784,50.849358357900606,0.29156702171417237,0.655319570026824,-0.3637525483126516,32.997863467852085,27.480336490949185,18.246333325600066,0.03356698527109761,0.033901220533684384,0.02493895644387445,-0.0625177409282569,0
2022-12-22,29.774999618530277,29.88800048828125,29.08099937438965,29.80900001525879,78562000,30.270349979400635,28.765380020141603,29.890304208154767,50.73063272412394,0.2537956620348396,0.5750147884284271,-0.3212191263935875,32.9929809946128,27.547718964188473,17.988764695914977,0.03340189387459226,-0.0007047895281461214,0.032778345380680474,0.025274585691384965,0
2022-12-23,29.496000289916992,29.84600067138672,29.19099998474121,29.618000030517575,42511000,30.317449951171874,28.89028003692627,29.852751454036884,49.09069030797746,0.19905410146182945,0.4998226510351076,-0.30076854957327814,32.95081256202471,27.684087340319035,17.371926828239378,0.03310781538200391,-0.009370254649462728,0.02349144800448144,0.014619419934001732,0
2022-12-27,28.41699981689453,29.35700035095215,28.21299934387207,29.319000244140625,57781000,30.332449913024902,28.99862003326416,29.716013202880468,43.26558169894066,0.0678228797864584,0.41342269678537774,-0.34559981699891934,32.918498114475526,27.74640171157428,17.051363861909234,0.034027111601632944,-0.03658124703068,-0.046281371055683196,-0.014325359275215388,0
2022-12-28,27.6879997253418,28.518999099731445,27.340999603271484,28.191999435424805,59644000,30.312049865722656,29.06218002319336,29.5228690621625,39.82704543646392,-0.09392036820028693,0.3119540837882448,-0.4058744519885317,32.97367774531982,27.65042198612549,17.561516897654453,0.034549315886871955,-0.025653661408665762,-0.07009235667259739,-0.03924496024211577,1
2022-12-29,29.11199951171875,29.549999237060547,28.10099983215332,28.31800079345703,95885000,30.239999866485597,29.162700004577637,29.483738628786906,48.44609967737125,-0.10597654399801115,0.2283679582309936,-0.33434450222900475,32.94922687532173,27.530772857649467,17.918168126969565,0.03043570887478688,0.05143021527386149,-0.013018740657170014,-0.02295610236667811,1
2022-12-30,29.488000869750977,29.500999450683597,28.32200050354004,28.55299949645996,75669000,30.129649925231934,29.207700004577635,29.484144556497768,50.463748551052284,-0.08422014554638935,0.165850337475517,-0.2500704830219064,32.77178885901141,27.48751099145246,17.538464206096382,0.02923947476297897,0.012915683028947189,0.0376887447569223,-0.009638916959068156,1
2023-01-03,29.4950008392334,29.839000701904297,28.8700008392334,29.80599975585937,67640000,30.002349948883058,29.26128002166748,29.485178488186875,50.502586651651725,-0.06565635836151529,0.11954899830811054,-0.18520535666962584,32.50554406846414,27.499155829301976,16.68665370443272,0.029065338149179366,0.00023738365694381258,0.06526297066659237,-3.3884278335061246e-05,1
2023-01-04,30.94099998474121,31.11400032043457,29.551000595092773,29.823999404907227,93451000,29.986449909210204,29.30096000671387,29.623828154525384,57.8536675871303,0.06498649914134802,0.10863649847475805,-0.04364999933341003,32.46139396349881,27.5115058549216,16.507082777601056,0.030895321123225426,0.04902522815271082,0.06282634321583491,0.08882007897069077,1
2023-01-05,30.96999931335449,31.417999267578125,30.45499992370605,30.700000762939453,83284000,30.00714988708496,29.35545997619629,29.75203493155673,57.9884217800838,0.16891476414959428,0.1206921516097253,0.04822261253986898,32.50759596649506,27.50670380767486,16.66566860777597,0.03044054866676548,0.0009372460045757869,0.050257677695735525,0.11853509175705446,1
2023-01-06,31.55500030517578,31.677000045776367,30.36899948120117,31.15699958801269,89598000,30.042799949645996,29.404519996643067,29.92374591952045,60.71702397177981,0.29508183421132017,0.15557008813004428,0.1395117460812759,32.60929959805177,27.476300301240222,17.08562219704835,0.03065015324156505,0.018889280103052464,0.06984232606639673,0.08391731363122701,0
2023-01-09,31.517000198364254,32.16999816894531,31.32200050354004,31.683000564575195,67666000,30.067350006103517,29.437620010375976,30.07548442226748,60.44240794271442,0.3875365747794284,0.2019633854599211,0.18557318931950728,32.6799783373246,27.454721674882432,17.37850745536759,0.03063829893928632,-0.0012042499269218077,0.018616082670472878,0.06880762577210309,1
2023-01-10,32.75400161743164,32.935001373291016,31.10700035095215,31.10700035095215,130723000,30.10500011444092,29.498820037841796,30.330581297997398,65.85615430938671,0.5542344297395374,0.27241759431584434,0.28181683542369307,32.84652815837795,27.363472070503885,18.213107679889777,0.031090588351237628,0.039248704232060394,0.05760420870619387,0.11049332718998306,0
2023-01-11,32.72600173950195,32.88800048828125,32.1349983215332,32.650001525878906,95797000,30.165400218963622,29.561900062561037,30.558716578140686,65.6371822965504,0.6762884918849608,0.35319177382966765,0.3230967180552931,33.0767572379399,27.254043199987347,19.302624847297988,0.03084958019508586,-0.0008548536528979467,0.037109853367172985,0.05769049984296015,1
2023-01-12,33.01300048828125,33.29499816894531,32.31399917602539,33.25,108562000,30.21435022354126,29.638400077819824,30.792457902915977,66.8537470590671,0.7871023895723361,0.4399738969782014,0.34712849259413475,33.27863601537673,27.150064431705783,20.283645149833223,0.03071415956204551,0.008769746792284483,0.04746645557957119,0.06596710430167185,1
2023-01-13,33.28200149536133,33.665000915527344,32.888999938964844,32.99700164794922,82868000,30.28930025100708,29.73054012298584,31.029557292672678,67.99738999032488,0.8864113368771278,0.5292613849579867,0.3571499519191411,33.56913884990701,27.00946165210715,21.656747245528603,0.03065370357872201,0.008148335598139989,0.016120164006119042,0.054729873981407495,0
2023-01-17,32.62200164794922,33.25,32.36000061035156,33.108001708984375,92470000,30.468350315093993,29.836980171203614,31.18121865984187,62.316292649535995,0.9014663779989824,0.6037023835661859,0.29776399443279655,33.84559093045122,27.091109699736766,22.168844590736814,0.023188017971770242,-0.019830533554422658,-0.0031779039914674456,0.03506048934321848,1
2023-01-18,32.632999420166016,33.007999420166016,32.125,32.67499923706055,78141000,30.646450328826905,29.95152015686035,31.319483494158455,62.37270686241574,0.90386583218298,0.6637350732895447,0.24013075889343527,34.08527262808007,27.20762802957374,22.441896287208912,0.023196514997068013,0.0003371274496115628,-0.011510649213788526,-0.0036942721893629127,0
2023-01-19,31.577999114990234,32.48899841308594,31.339000701904297,32.25699996948242,180082000,30.783850288391115,30.061500129699706,31.344104029475766,54.01842079300318,0.8112857126016308,0.693245201151962,0.11804051144966887,34.139985271319475,27.427715305462755,21.804517313378376,0.0245612548478877,-0.03232924720134156,-0.05119891544409039,-0.03507922029858057,1
2023-01-20,34.25,34.400001525878906,33.26300048828125,33.67900085449219,284303000,31.05540027618408,30.229300117492677,31.62085602666855,66.32196408747686,0.9426570774021847,0.7431275764020066,0.1995295010001782,34.604963075393734,27.505837476974424,22.859552719607102,0.030293692427148612,0.08461590220709558,0.0499049190671943,0.037470072196492676,1
2023-01-23,35.742000579833984,36.22499847412109,34.0629997253418,34.172000885009766,156469000,31.352700328826906,30.41722011566162,32.01334598411288,70.98978647004344,1.1538608188434836,0.825274224890302,0.32858659395318157,35.39268463722975,27.312716020424062,25.771204815097366,0.030783099439038793,0.04356206072507973,0.09527169475407526,0.0739137964649006,1
2023-01-24,36.382999420166016,36.56499862670898,35.513999938964844,35.75299835205078,117965000,31.683100318908693,30.63556011199951,32.42950345421318,72.73801414071842,1.3573182352260496,0.9316830269574516,0.4256352082685979,36.20502142412142,27.161179213695966,28.5446882388212,0.030737470857694092,0.017934050415009173,0.15216291214901023,0.11529022077813655,1
2023-01-25,36.79600143432617,36.88999938964844,35.849998474121094,36.05699920654297,77669000,32.04810037612915,30.821540145874025,32.84536040470014,73.83220674145176,1.5342002094732976,1.0521864634606208,0.48201374601267677,36.966081727306566,27.130119024951735,30.691250298507843,0.030379189935815926,0.011351510890859728,0.074335808301494,0.12757031496122817,0
2023-01-26,36.48699951171875,36.902000427246094,36.16999816894531,36.87699890136719,82568000,32.45160036087036,30.971020126342772,33.192183176797144,71.51932520643297,1.6306494637385214,1.167879063516201,0.4627704002223203,37.435482228723664,27.467718493017053,30.715784814500513,0.028632638183378537,-0.008397703841786508,0.020843794969470864,0.15545634727686686,0
2023-01-27,36.07699966430664,36.59199905395508,36.05899810791016,36.31999969482422,67035000,32.8710503578186,31.094020118713377,33.466927604179,68.45510091068846,1.6549256783836626,1.2652883864896936,0.389637291893969,37.585459238247516,28.15664147738969,28.684260643393518,0.02777817284548881,-0.011236874856767165,-0.00841051482109989,0.05334305589216459,0
2023-01-30,35.31100082397461,36.095001220703125,35.2859992980957,35.84400177001953,51276000,33.1810004234314,31.179840126037597,33.642553625111915,63.02233797738683,1.5939806321858896,1.3310268356289328,0.26295379655695683,37.676103750599715,28.685897096263087,27.094441215184162,0.02732873968674055,-0.02123233216341669,-0.04035766258466977,-0.012058635467163792,1
2023-01-31,35.38600158691406,35.595001220703125,34.87099838256836,34.99800109863281,56607000,33.47590045928955,31.27552017211914,33.80859628814069,63.32921011360139,1.5340496097618868,1.3716313904555237,0.16241821930636302,37.73064448012303,29.221156438456067,25.41974353166529,0.027375559550419124,0.002124005584359656,-0.03017507439741851,-0.027402848834374716,1
2023-02-01,36.19900131225586,36.53900146484375,34.99100112915039,35.38600158691406,80052000,33.811100482940674,31.408940200805663,34.03625390948499,66.56804754246636,1.5344677371234923,1.4041986597891176,0.13026907733437465,37.80696756700239,29.815233398878956,23.63642133492711,0.027442497252347393,0.02297517913531233,0.0033817016127846156,-0.01622459231435358,1
2023-02-02,36.68899917602539,36.83200073242188,35.84299850463867,36.51599884033203,78570000,34.098500442504886,31.566760177612306,34.28889631582217,68.38068051065724,1.5563966666434084,1.4346382611599757,0.12175840548343264,38.05394271992932,30.14305816508045,23.200095171891174,0.02593598090576126,0.01353622602852389,0.039024618954305534,0.005536209252881008,0
2023-02-03,36.59000015258789,37.94300079345703,35.900001525878906,35.90800094604492,94020000,34.379500484466554,31.72846019744873,34.50804906218081,67.58340284857478,1.5479433797350097,1.4572992848749826,0.09064409486002711,38.202286093646904,30.5567148752862,22.238750158150637,0.026007127862524175,-0.0026983298989030624,0.034024713493458814,0.01421959955247587,0
2023-02-06,36.14799880981445,36.845001220703125,36.06800079345703,36.36399841308594,49949000,34.609150409698486,31.878040161132812,34.66423475243163,63.99579490283714,1.4884206873805823,1.4635235653761027,0.024897122004479577,38.27421391172805,30.944086907668925,21.179736911441225,0.02628804511588556,-0.012079839872374931,-0.0014089477773558956,0.023703604154758473,1
2023-02-07,36.29499816894531,36.417999267578125,35.417999267578125,35.85100173950195,62894000,34.84805030822754,32.020940132141114,34.819545554004364,64.6675564374171,1.4365504848411916,1.4581289492691205,-0.02157846442792888,38.291963166506775,31.40413744994831,19.765311561583314,0.026226370239104964,0.0040665974319704645,-0.010738941261105306,0.025688027504283006,1
2023-02-08,36.68299865722656,36.81900024414063,35.83100128173828,36.00199890136719,62532000,35.04450016021728,32.1835200881958,34.997017278120765,66.44704108111137,1.410492097474176,1.4486015789101316,-0.03810948143595572,38.43604327550388,31.652957044930687,19.355636974595484,0.025156731005008797,0.010690191702867446,0.0025416371754809486,0.0133704612675829,0
2023-02-09,36.25,37.382999420166016,36.17399978637695,37.24100112915039,69011000,35.220700073242185,32.34618007659912,35.11634896591879,62.65465227935092,1.3394607945734123,1.426773422042788,-0.08731262746937563,38.47553310318693,31.96586704329744,18.482500479412693,0.025430765158590583,-0.01180379666538689,0.002821765894211792,-0.011965417042835491,0
2023-02-10,34.73600006103516,36.2140007019043,34.7140007019043,35.91600036621094,72911000,35.306850051879884,32.47898006439209,35.08012526069178,51.57133901919102,1.1477700544964264,1.3709727485335157,-0.22320269403708926,38.4111132666253,32.20258683713447,17.58448125609626,0.02750677505661022,-0.04176551555765062,-0.04295352490867621,-0.05066958414378686,1
2023-02-13,35.85699844360352,35.970001220703125,34.42499923706055,34.95000076293945,71344000,35.435599899291994,32.58506004333496,35.15411318287385,57.55789455835957,1.0739293735071342,1.3115640735282394,-0.2376347000211052,38.4038779066227,32.46732189196129,16.75308455771344,0.028267499695978412,0.032271947852333005,-0.022517248967058423,-0.008050248306745056,1
2023-02-14,35.99599838256836,36.375,35.34000015258789,35.755001068115234,46248000,35.60429973602295,32.67108001708984,35.2342927257019,58.24711063047999,1.0149267909570838,1.2522366170140082,-0.2373098260569244,38.2831760036342,32.9254234684117,15.048049182109741,0.02770240604873559,0.003876507934244877,-0.007006941170528025,-0.008238043847947685,1
2023-02-15,36.141998291015625,36.28799819946289,35.42399978637695,35.66299819946289,39660000,35.77974967956543,32.75309997558594,35.320740874779396,59.000227848835415,0.9687802954340938,1.1955453526980255,-0.2267650572639317,38.09175014674109,33.46774921238976,12.923513931099956,0.02767988428089806,0.0040560038617505345,0.04047668780256686,-0.014747986424614723,0
2023-02-16,35.07099914550781,36.150001525878906,35.03099822998047,35.5,52157000,35.95439968109131,32.82933994293213,35.2969559481821,51.6415982778003,0.8361495731412774,1.123666196786676,-0.28751662364539854,37.2933767423632,34.61542261981942,7.448195898962923,0.02749200165744246,-0.029633091587358273,-0.021920387433765343,-0.032524161503232785,0
2023-02-17,34.79600143432617,34.900001525878906,34.24399948120117,34.79100036621094,52947000,35.981699752807614,32.91413997650147,35.24924599448154,49.91995919705513,0.7007707046621476,1.0390870983617704,-0.33831639369962274,37.19712562055534,34.76627388505989,6.755800176743387,0.020354873029753237,-0.007841171277746861,-0.033336954166086064,0.0017273541336244591,0
2023-02-21,33.75,34.41299819946289,33.641998291015625,34.28499984741211,57103000,35.88209972381592,32.97229999542236,35.10646066167377,43.921891580173984,0.5032769388173008,0.9319250664528765,-0.4286481276355757,37.43843676813543,34.32576267949641,8.674726709410093,0.018851963781260576,-0.030060966525144894,-0.06618334359254952,-0.05876114942854027,0
2023-02-22,33.487998962402344,34.191001892089844,33.28200149536133,33.75,45462000,35.73734970092774,33.02153999328613,34.95232145221935,42.54302908561299,0.32190963848870524,0.8099219808600424,-0.48801234237133717,37.590600441927506,33.88409895992797,10.371506317669994,0.018237797555578906,-0.0077629937065972765,-0.04513701410494986,-0.06967439529002073,0
2023-02-23,32.3650016784668,33.12799835205078,31.43000030517578,33.12300109863281,132387000,35.51579971313477,33.0288200378418,34.705910045195296,37.158383604522406,0.08656043594022833,0.6652496718760796,-0.5786892359358513,37.81549496665113,33.21610445961841,12.950265921596959,0.018997996091064555,-0.03353432031565573,-0.0698643423281734,-0.10450436586644785,0
2023-02-24,31.71500015258789,32.150001525878906,31.45199966430664,31.93000030517578,68307000,35.27719974517822,33.032760047912596,34.42106148399459,34.44115158088543,-0.1506683822056445,0.5020660610597348,-0.6527344432653793,38.063137312739094,32.49126217761735,15.794550518095818,0.019246489823384443,-0.020083469555676525,-0.060296291775173594,-0.09569157066201761,1
2023-02-27,32.303001403808594,33.0,32.21200180053711,32.387001037597656,61426000,35.08849983215332,33.0381400680542,34.219341476357826,38.800919439577456,-0.28790831504642256,0.3440711858385034,-0.6319795008849259,38.13156615977061,32.04543350453603,17.34509222208912,0.020021868971864174,0.018540162333019028,-0.035385738034815706,-0.0716461641497187,0
2023-02-28,32.2130012512207,32.762001037597656,32.117000579833984,32.369998931884766,36761000,34.933599853515624,33.04674007415772,34.0282614549162,38.380203466764804,-0.3993309718654743,0.19539075429770783,-0.5947217261631821,38.221163349521014,31.646036357510233,18.821784813422475,0.019671993142889456,-0.0027861235388881855,-0.00469644428744842,-0.04554070366753471,0
2023-03-01,31.347999572753903,32.65999984741211,31.23600006103516,32.154998779296875,49113000,34.731699752807614,33.09288005828857,33.77299841851979,34.507462927796524,-0.5510801278052071,0.046096577877124845,-0.5971767056823319,38.361491970911416,31.101907534703816,20.901897943018916,0.02022581018938214,-0.02685256402285774,-0.011571829672655465,-0.06390347157054865,0
2023-03-02,31.1879997253418,31.55699920654297,31.038000106811523,31.09600067138672,49110000,34.481149673461914,33.13522006988526,33.526808066788554,33.82752594097147,-0.6764553218215781,-0.09841380206261574,-0.5780415197589623,38.35481168520568,30.60748766171815,22.468288026516085,0.019061036041654652,-0.005103989077222204,-0.034516968393386915,-0.03636650369488725,1
2023-03-03,31.51799964904785,31.749000549316406,31.082000732421875,31.545000076293945,59533000,34.22259969711304,33.18898006439209,33.335492979384675,36.60218043838155,-0.7406500773869524,-0.22686105712748308,-0.5137890202594694,38.16201548481428,30.283183909411797,23.022305859677665,0.018902225511441346,0.010580990336418017,-0.021575189370053316,-0.006211587658591422,0
2023-03-06,31.202999114990234,32.33000183105469,31.18400001525879,31.700000762939453,56607000,33.95324964523316,33.23666004180908,33.13239832563282,35.089688105820514,-0.8076329048073063,-0.34301542666344775,-0.46461747814385856,37.94467539280679,29.961823897659517,23.511303273052167,0.01887717534652841,-0.0099943060335409,-0.004625509115091853,-0.03405263415209048,0
2023-03-07,30.847000122070312,31.43000030517578,30.66200065612793,31.26799964904785,45531000,33.68819971084595,33.257680053710935,32.91474135386496,33.40942464484206,-0.8793073142748966,-0.45027380418573754,-0.4290335100891591,37.76457629654838,29.611823125143527,24.200619924430285,0.01886969329833517,-0.011409127424193533,-0.010933679821550357,-0.0424052735259689,1
2023-03-08,31.179000854492188,31.183000564575195,30.575000762939453,30.929000854492188,34795000,33.43239984512329,33.28576007843017,32.749432734877075,36.464952115856725,-0.8989574933024613,-0.5400105420090824,-0.35894695129337895,37.4641795914839,29.400620098762687,24.11899693134779,0.01914733702458136,0.01076282073161261,-0.010755720487670817,-0.00539105271676088,0
2023-03-09,29.777999877929688,31.250999450683597,29.488000869750977,31.20800018310547,74434000,33.087149906158444,33.29140007019043,32.46643912945351,30.17311281904827,-1.0158691645364222,-0.6351822665145503,-0.38068689802187183,37.12894494528873,29.04535486702816,24.431206982732554,0.020382475016704087,-0.04493412034275135,-0.04566866254776014,-0.04520969154255883,0
2023-03-10,29.275999069213867,29.878999710083008,28.899999618530277,29.790000915527344,57593000,32.73844985961914,33.30858005523682,32.16258769514498,28.289555829887945,-1.1359354197365263,-0.7353328971589456,-0.4006025225775808,36.831613702623486,28.645286016614794,25.00523916407546,0.020435013441401577,-0.0168581103759049,-0.0509288114448585,-0.07113397438919367,1
2023-03-13,29.35099983215332,29.923999786376957,28.53300094604492,28.733999252319336,62924000,32.46919984817505,33.34184005737305,31.894817422479107,29.002649754458417,-1.2110763232658073,-0.8304815823803179,-0.3805947408854894,36.70723360775127,28.231166088598833,26.10494733096676,0.01922516126139497,0.0025618515276673026,-0.05862923673756826,-0.0593532460136883,1
2023-03-14,29.49399948120117,29.7450008392334,29.0310001373291,29.597000122070312,59567000,32.15104990005493,33.349480056762694,31.666168094738353,30.423283821886386,-1.2447385825368897,-0.9133329824116323,-0.33140560012525744,36.27791071300262,28.02418908710724,25.67170170664094,0.017040714177996096,0.0048720537584956425,-0.009537255621355878,-0.04386166030780747,1
2023-03-15,30.378999710083008,30.631000518798828,29.22800064086914,29.250999450683597,92153000,31.870199966430665,33.367300033569336,31.543580629533082,38.61035059723931,-1.1863287835645515,-0.9679321426422162,-0.21839664092233535,35.663190875607185,28.077209057254148,23.802743083957616,0.01901410556436792,0.030006111224281984,0.037675935098284485,-0.025658331649005328,1
2023-03-16,31.006000518798828,31.65999984741211,30.17099952697754,30.475000381469727,79037000,31.613400077819826,33.397520027160645,31.49238252374887,43.667789019859036,-1.077029545685079,-0.9897516232507888,-0.08727792243429011,34.872650184486325,28.354149971153323,20.619421502549564,0.019920073707232804,0.020639284199595043,0.05638651821436391,0.04123851991077765,0
2023-03-17,30.350000381469727,31.076000213623047,30.0,31.006000518798828,69188000,31.37735013961792,33.38570003509521,31.38358422448419,39.95869955355825,-1.0314528939631948,-0.9980918773932701,-0.03336101656992474,34.26318978528038,28.491510493955456,18.39441273926265,0.01950909477658808,-0.02115719945664618,0.029022883139811384,0.036685385517219116,1
2023-03-20,30.51300048828125,30.75,29.600000381469727,29.97900009155273,51134000,31.163200092315673,33.37656005859375,31.300671487702953,41.2930330581384,-0.9709873845897086,-0.9926709788325578,0.02168359424284927,33.603817681867575,28.72258250276377,15.663459351555604,0.019702575063844895,0.005370678904868864,0.004410967427402435,0.039589815092260894,1
2023-03-21,30.57900047302246,30.79199981689453,30.042999267578125,30.631999969482425,48863000,31.004650115966797,33.357040061950684,31.23194091487624,41.85648414363105,-0.9072837829121561,-0.9755935396484775,0.06830975673632145,33.14614793875032,28.863152293183276,13.814042827599533,0.018966223789925955,0.0021630119517928037,-0.01377152933728032,0.03678717742274484,0
2023-03-22,29.38999938964844,30.645000457763672,29.35400009155273,30.631000518798828,58080000,30.799750137329102,33.31450004577637,31.056517912473595,35.28606717244877,-0.9418832266201278,-0.9688514770428076,0.026968250422679807,32.724871436101,28.87462883855721,12.500889066880177,0.020445377337553118,-0.03888292831621443,-0.031631004275288754,-0.0325553945117657,1
2023-03-23,32.0369987487793,32.27799987792969,30.41399955749512,30.468000411987305,156533000,30.783349990844727,33.30015998840332,31.149897039740807,52.98132341935974,-0.7471006968695484,-0.9245013210081559,0.17740062413860747,32.65982820912136,28.906871772568095,12.191514041419886,0.028767746193601475,0.09006462790411507,0.04994586688003211,0.033251571074295105,1
2023-03-24,32.8390007019043,33.18299865722656,32.0629997253418,32.0629997253418,129917000,30.839550018310547,33.30241996765137,31.31076405518495,56.8327344864683,-0.5220019699282759,-0.8440014507921799,0.32199948086390406,32.884074974313464,28.79502506230763,13.259110167230126,0.028889007817075853,0.025033616894452715,0.07390693593388264,0.08200989420593996,0
2023-03-27,32.76599884033203,33.64400100708008,32.441001892089844,32.755001068115234,86258000,30.862699890136717,33.29747993469238,31.449357844246578,56.38002672248954,-0.3455173384053687,-0.7443046283148178,0.3987872899094491,32.98209641997412,28.743303360299315,13.734355953185624,0.028640287533662524,-0.0022230232349315093,0.11486898675719814,0.07383732559883982,0
2023-03-28,32.35200119018555,33.332000732421875,32.12799835205078,32.60599899291992,64894000,30.86964988708496,33.278879928588864,31.535323877193147,53.76447435939125,-0.2363338374984778,-0.6427104701515499,0.4063766326530721,33.00754356081452,28.731756213355403,13.85110412038716,0.028794744355413397,-0.0126349772568779,0.009832457898955038,0.05798098988641809,1
2023-03-29,33.202999114990234,33.28499984741211,32.573001861572266,32.62900161743164,62873000,30.962399864196776,33.29049987792969,31.69415009031668,58.07046872715205,-0.08021207113403506,-0.530210790348047,0.4499987192140119,33.324458112139276,28.600341616254273,15.257591519408392,0.02857987016290306,0.02630433647062458,0.011084332814817577,0.12973799947354836,1
2023-03-30,33.84299850463867,34.32899856567383,33.529998779296875,34.027000427246094,71315000,31.095149803161622,33.31469985961914,31.89880232025211,61.011312888575105,0.09407373212783554,-0.40535388585287047,0.499427617980706,33.770634736306626,28.419664870016618,17.20837461842986,0.02872398748292245,0.0192753488150863,0.03286942875005394,0.05637231408663679,1
2023-03-31,34.54800033569336,34.58399963378906,33.720001220703125,34.005001068115234,56102000,31.246649837493898,33.3740998840332,32.15110689315127,64.00616571611383,0.28578983537009606,-0.26712514160827716,0.5529149769783732,34.31505097610712,28.178248698880672,19.63987278361822,0.028929350748924408,0.020831541595170977,0.06787830936943706,0.05204176732728527,1
2023-04-03,34.827999114990234,34.858001708984375,34.040000915527344,34.18299865722656,44137000,31.427899837493896,33.38565986633301,32.40604900951689,65.15108969982438,0.4550739803001633,-0.12268531722658908,0.5777592975267524,34.87006641536496,27.98573325962283,21.905164491866653,0.028718275568256093,0.008104630559691017,0.04894136202492505,0.06293109771218286,0
2023-04-04,34.67499923706055,34.97999954223633,34.39500045776367,34.8489990234375,32981000,31.619299793243407,33.36431983947754,32.62213950737819,63.95397513792466,0.5703128616464213,0.01591431854801298,0.5543985430984083,35.32648430225106,27.912115284235753,23.448871627447147,0.028538066456286745,-0.004393013719350747,0.024584131701800516,0.07180384401011075,0
2023-04-05,34.23500061035156,34.542999267578125,33.625,34.529998779296875,42055000,31.772099781036378,33.32135986328125,32.77574532670899,60.51055446735636,0.6190008370760012,0.13653162225361062,0.4824692148223906,35.6424267905511,27.901772771521657,24.363054605693893,0.028823065370336933,-0.012689218064602437,-0.009059850709171702,0.031081574642918497,0
2023-04-06,33.93299865722656,34.04800033569336,33.26300048828125,33.93399810791016,46605000,31.97984972000122,33.26409980773926,32.88595992961543,58.19450602648783,0.6260012222820706,0.23442554225930262,0.39157568002276794,35.845777929103086,28.113921510899356,24.177275646695676,0.026568451560283545,-0.008821438520251856,-0.025697728279155063,0.002659343337309661,0
2023-04-10,33.89899826049805,33.987998962402344,33.33599853515625,33.527000427246094,26579000,32.21099967956543,33.21233978271484,32.98243977065187,57.925695248711534,0.6216396551428716,0.31186836483601643,0.30977129030685513,35.95347803734507,28.468521321785794,23.237269224859585,0.026054476096628736,-0.001001986210295458,-0.022379264416338085,-0.018785517798110996,0
2023-04-11,33.82099914550781,34.7140007019043,33.763999938964844,34.345001220703125,40448000,32.43449964523315,33.16721977233887,33.0623025682572,57.27211594133502,0.604916108693935,0.3704779136076002,0.2344381950863348,35.996638770879784,28.87236051958652,21.965124571731476,0.026127253339210874,-0.0023009268412844675,-0.012092929968243404,-0.028913517717674475,0
2023-04-12,33.10300064086914,34.279998779296875,33.00400161743164,34.08100128173828,39654000,32.61494970321655,33.12305976867676,33.06617857517262,51.51053523944711,0.5276437501807862,0.40191108092223743,0.1257326692585488,35.91928877934911,29.310610627084,20.26272679369899,0.0269020476007017,-0.021229370000266146,-0.024459907735877695,-0.04533521646083438,1
2023-04-13,34.61899948120117,34.643001556396484,33.875,33.999000549316406,74064000,32.82694969177246,33.1077197265625,33.214066280508675,60.53752167485271,0.5820240747889258,0.4379336796955751,0.1440903950933507,36.07382963683279,29.580069746712134,19.78179499190024,0.027854693376541693,0.04579641757491837,0.021239601688824328,0.011216558025516798,0
2023-04-14,33.862998962402344,34.48500061035156,33.64099884033203,34.29399871826172,53505000,32.96979961395264,33.06099967956543,33.275869393069975,55.03522441721146,0.5576892555345552,0.4618847948633712,0.09580446067118398,36.13399199380114,29.805607234104137,19.194489605022845,0.02836763254618538,-0.021837734484769,0.0012418266152882662,-0.00206287972163377,0
2023-04-17,33.27199935913086,33.8390007019043,32.75,33.79999923706055,61360000,33.11589956283569,32.99265968322754,33.27550081840911,51.12331995324098,0.4851228133445531,0.4665323985596076,0.018590414784945497,36.04375337918827,30.18804574648312,17.68246585479053,0.028200907057756464,-0.017452665782131782,0.00510523864876089,-0.01849608936963243,1
2023-04-18,33.369998931884766,33.71900177001953,33.04999923706055,33.5,179445000,33.25874948501587,32.928259658813474,33.28450063874012,51.735942538830585,0.43055792782170244,0.4593375044120266,-0.028779576590324152,35.93243610619453,30.585062863837212,16.078094712389834,0.02820432498820356,0.0029454067877352497,-0.036078470436288534,-0.013334916916047157,0
2023-04-19,32.3120002746582,32.57500076293945,31.61000061035156,32.42100143432617,221283000,33.34539947509766,32.85153968811035,33.1918815564466,45.15559948824803,0.2985022650512974,0.4271704565398808,-0.12866819148858338,35.76647839267793,30.92432055751738,14.521217053574889,0.02936707062694193,-0.03170508513908443,-0.045802165645936865,-0.023895125846518095,1
2023-04-20,32.53499984741211,33.143001556396484,31.83300018310547,32.03900146484375,99478000,33.50264949798584,32.77633972167969,33.12932139368141,46.69457316872809,0.20942725569243947,0.38362181637039255,-0.17419456067795308,35.165485746831344,31.83981324914034,9.926595500725814,0.02765171293387912,0.006901447476428846,-0.022150743144820795,-0.06019814740517604,1
2023-04-21,32.79800033569336,32.82899856567383,31.950000762939453,32.29999923706055,63480000,33.540699577331544,32.698639755249026,33.09776700720636,48.528993140195794,0.1582326034856507,0.3385439737934442,-0.18031137030779348,35.099196552296746,31.982202602366343,9.293169162270608,0.019247311284334767,0.008083617320261638,-0.017141103221458787,-0.03145021585038699,1
2023-04-24,32.902000427246094,33.465999603271484,32.67499923706055,33.02000045776367,55866000,33.543849563598634,32.63167976379395,33.07912257101967,49.27241171882292,0.12461591628527202,0.29575836229180974,-0.17114244600653772,35.09690596625455,31.99079316094271,9.259857904569655,0.01843508592036884,0.0031709278153628784,0.01825947473300249,-0.01112042976110561,0
2023-04-25,32.255001068115234,32.86600112915039,32.11000061035156,32.849998474121094,54266000,33.518299674987794,32.58205978393555,33.00063480883829,44.9251563192335,0.045245447051918575,0.2456557792438315,-0.20041033219191293,35.13712293338358,31.899476416592012,9.65933996707948,0.018963498194401705,-0.0196644383541823,-0.008606079010605727,-0.03341318248302849,0
2023-04-26,32.1150016784668,32.59000015258789,32.047000885009766,32.13600158691406,46232000,33.506449699401855,32.507219848632815,32.91628879642196,44.02011280218455,-0.02862305362481976,0.19080001267010127,-0.21942306629492103,35.162295609055036,31.85060378974868,9.883744320919433,0.018776586704667482,-0.004340393272745269,-0.02082439936081315,-0.00609676264288439,1
2023-04-27,32.584999084472656,32.744998931884766,31.74399948120117,32.43000030517578,56188000,33.47554969787598,32.4389998626709,32.884737395283935,47.82054839981645,-0.048678375856852085,0.1429043349647106,-0.1915827108215627,35.17537446291874,31.77572493283321,10.155619730723158,0.018077902871672612,0.014634824270334468,-0.009634713350466395,0.0015367830734607235,1
2023-04-28,32.99300003051758,33.08100128173828,32.400001525878906,32.52399826049805,42284000,33.43304977416992,32.376019897460935,32.89504812244905,50.93460869746561,-0.03128941181446265,0.10806558560887597,-0.13935499742333862,35.13650108517587,31.729598463163974,10.190223880335443,0.017743435668349974,0.01252112804997263,0.022880140690240802,0.005945475115201049,0
2023-05-01,32.4119987487793,33.12300109863281,31.80900001525879,32.944000244140625,53415000,33.32624969482422,32.322839889526364,32.84904342019479,46.66381716747694,-0.06365668568841443,0.07372113134941789,-0.1373778170378323,35.00434606557796,31.64815332407048,10.070718344370801,0.017317074151227383,-0.01760983484984302,0.00924792323805601,-0.014892762509997048,0
2023-05-02,31.7549991607666,32.60699844360352,31.562000274658203,32.5,43186000,33.172599697113036,32.262019844055175,32.74484872882068,42.34043700993286,-0.14070045217542315,0.03083681464444969,-0.17153726681987283,34.83521496418831,31.50998443003776,10.024027554403398,0.017516779202833288,-0.020270258341825942,-0.025471841246776816,-0.015501531259997203,1
2023-05-03,31.93000030517578,32.46200180053711,31.584999084472656,31.7549991607666,50641000,33.0353497505188,32.225619850158694,32.66724411704497,43.83317475590975,-0.18549874827732538,-0.012430297939905327,-0.17306845033742005,34.63106561156455,31.439633889473043,9.660656678960661,0.017658287156130065,0.005510979342912226,-0.03221894718147944,-0.005760590491111772,1
2023-05-04,32.077999114990234,32.36100006103516,31.795000076293945,31.900999069213867,38797000,32.92749967575073,32.19741985321045,32.61112554542071,45.126992053416096,-0.20667700970214042,-0.05127964029235235,-0.15539736940978807,34.47516054475692,31.37983880674454,9.400415362518123,0.017632851657819172,0.004635102048228479,-0.010304814472499646,-0.015559305929949141,1
2023-05-05,32.2760009765625,32.415000915527344,31.944000244140625,32.36100006103516,39906000,32.84464979171753,32.195639839172365,32.579208919815166,46.88964972720601,-0.2051193508103779,-0.08204758239595747,-0.12307176841442044,34.34481052409748,31.344489059337576,9.134886454220927,0.017695504635679416,0.0061725128447844835,0.016406922675645808,-0.021731853826323033,1
2023-05-08,33.12099838256836,33.25600051879883,32.202999114990234,32.29899978637695,54886000,32.80574979782104,32.22375980377197,32.630807916267855,53.721786880766054,-0.13415421985128972,-0.09246890988702393,-0.041685309964265796,34.233115537525926,31.378384058116165,8.70192419622542,0.018813232839267186,0.026180362512055355,0.03730028393390028,0.021874603886184785,1
2023-05-09,33.2140007019043,33.63199996948242,32.9739990234375,33.06700134277344,55449000,32.77539987564087,32.24197978973389,32.68635008632847,54.416819396303595,-0.06960694681835378,-0.0878965172732899,0.01828957045493612,34.139539163367445,31.411260587914295,8.324165641929646,0.01882921497997099,0.002807956398587441,0.03541372960457512,0.04594557013688405,1
2023-05-10,33.54199981689453,33.71099853515625,32.95100021362305,33.520999908447266,42899000,32.79734983444214,32.268559761047364,32.767840536858564,56.87664682568373,0.007922691617714861,-0.06873267549508895,0.07665536711280381,34.19556992987206,31.39912973901222,8.526421204688786,0.0183253991736771,0.009875326912106352,0.03922415423308934,0.05048542111844112,1
2023-05-11,34.47600173950195,34.547000885009766,33.18399810791016,33.49800109863281,80335000,32.79019994735718,32.331119804382325,32.93052255615794,62.9996638409648,0.1430822746275595,-0.026369685470559262,0.16945196009811878,34.152076560082236,31.42832333463213,8.306607552936363,0.016338373425523006,0.027845743477017848,0.04091070387681106,0.07475536787427361,0
2023-05-12,33.98899841308594,34.81700134277344,33.73600006103516,34.47600173950195,60824000,32.79649991989136,32.387139778137204,33.031329780627274,58.34760878136671,0.20849669938410642,0.020603591500373872,0.18789310788373254,34.179176005105134,31.413823834677586,8.431851499953316,0.015882490077223844,-0.0141258644229042,0.023333464647551594,0.05307341010949118,0
2023-05-15,33.5890007019043,34.189998626708984,33.55400085449219,34.0620002746582,36530000,32.81234998703003,32.42855979919434,33.084441296939374,54.77025695367162,0.22546263698361457,0.06157540059702202,0.16388723638659256,34.22344169654564,31.401258277514422,8.600979265876305,0.015596262513672356,-0.011768446552036016,0.0014012547035460177,0.014130078868101137,0
2023-05-16,33.375,33.516998291015625,33.191001892089844,33.400001525878906,33322000,32.81260004043579,32.47199981689453,33.11211355437372,52.90151607667067,0.21911438239275327,0.09308319695616826,0.126031185436585,34.22408865209242,31.401111428779156,8.603332926480794,0.015661208260435155,-0.006371154170483062,-0.031935308154960595,0.004847332290399908,1
2023-05-17,33.99599838256836,34.13800048828125,32.96200180053711,33.17599868774414,39588000,32.8967999458313,32.53497978210449,33.19629306182083,57.43957582323835,0.261181981167276,0.1267029537983898,0.13447902736888617,34.37798457534073,31.415615316321862,9.00503776627752,0.014257276195879054,0.018606693110662542,0.0002059480952438797,0.013535226526510069,1
2023-05-18,37.12900161743164,37.58700180053711,34.637001037597656,34.724998474121094,209252000,33.126500034332274,32.653979797363284,33.570836733783764,72.06408368785796,0.5410906772199766,0.20958049848270718,0.3315101787372694,35.48000502044164,30.77299504822291,14.209197975458885,0.024595719755784527,0.09215800046836531,0.10539167112901482,0.07695207518480696,0
2023-05-19,36.5359992980957,36.999000549316406,36.38100051879883,36.98600006103516,78597000,33.313399982452395,32.7891397857666,33.85323316848014,67.34699778644747,0.7069210583145775,0.3090486104490813,0.39787244786549625,36.0887583363829,30.538041628521885,16.662114076572248,0.025117549073628946,-0.015971404926157007,0.09471158945605107,0.07493603824551531,0
2023-05-22,36.30099868774414,37.20100021362305,36.25,36.5359992980957,54064000,33.483349895477296,32.92963977813721,34.08635369412433,65.51677191941783,0.8100425781946754,0.40924740399820014,0.40079517419647526,36.53922642880624,30.427473362148355,18.25311113056647,0.02525981944943395,-0.006432029090930325,0.06780210656668584,0.08074065703556599,0
2023-05-23,35.5989990234375,36.41699981689453,35.430999755859375,36.02399826049805,68661000,33.65054979324341,33.05459976196289,34.23041515405892,60.249424667240554,0.825604564102548,0.49251883601906976,0.33308572808347825,36.784235202133374,30.51686438435344,18.62486900299721,0.02524300930287959,-0.019338301690957294,-0.04120774939652083,0.0666366748595506,1
2023-05-24,36.48500061035156,36.71500015258789,35.66299819946289,35.69300079345703,79733000,33.86904973983765,33.1944197845459,34.44513757846774,64.16527280171107,0.8990665934525381,0.5738283875057635,0.32523820594677466,37.149942304309285,30.58815717536601,19.37398651378498,0.025504149248100478,0.02488838482033562,-0.001395847622177926,0.07321456483712074,0
2023-05-25,35.900001525878906,36.744998931884766,35.742000579833984,35.96099853515625,62631000,34.034799861907956,33.304839820861815,34.58369604964975,59.96492650263543,0.8997099476753476,0.6390046995396803,0.2607052481356673,37.37389546132947,30.695704262486444,19.621655558249113,0.025920383751214266,-0.01603396120834044,-0.01104644985981107,-0.033100811710911504,1
2023-05-26,37.88800048828125,38.3759994506836,35.599998474121094,36.11000061035156,93604000,34.27954988479614,33.442479820251464,34.8983917104718,67.70242558184351,1.0485477071278737,0.720913301057319,0.3276344060705547,37.975806202063744,30.583293567528536,21.565372530792704,0.02822908864123962,0.05537601331212394,0.06429960188871409,0.03700463149111166,1
2023-05-30,39.29800033569336,40.51100158691406,38.57899856567383,39.74800109863281,108650000,34.62384996414185,33.62143981933594,35.317402055730994,71.85692851285687,1.2656878460123977,0.8298682100483348,0.4358196359640629,38.8104428654024,30.437257062881294,24.1832892968078,0.028343865077002994,0.037214944817376194,0.0771001693376343,0.08255975748020017,1
2023-05-31,39.52299880981445,39.6259994506836,38.89099884033203,39.18899917602539,69880000,35.01224994659424,33.8016397857666,35.71793507992942,72.46558219098485,1.4393366895582318,0.9517619059503142,0.4875747836079176,39.493144146574274,30.531355746614203,25.59615110034314,0.027462717680572842,0.005725443335515834,0.100919140109893,0.11022781241105939,1
2023-06-01,40.3129997253418,40.75199890136719,39.30799865722656,39.74100112915039,71601000,35.43139991760254,33.99631977081299,36.155560284254406,74.54704950279849,1.6220036720415223,1.085810259168556,0.5361934128729664,40.237146801449335,30.625653033755746,27.127050554157016,0.027491556042394245,0.019988384973742557,0.064004413160061,0.10491980405515333,0
2023-06-02,40.047000885009766,40.65800094604492,39.59000015258789,40.28900146484375,59024000,35.82985000610351,34.20945980072022,36.526173674802536,72.5581326573155,1.725415176216572,1.213731242578159,0.5116839336384129,40.776752904783784,30.88294710742324,27.613305095263197,0.02776488216296353,-0.006598339050537527,0.019059507937255304,0.11551529757293877,1
2023-06-05,40.354000091552734,41.38600158691406,40.01499938964844,40.047000885009766,72474000,36.23374996185303,34.37579982757568,36.89072857163589,73.43892593799458,1.811262699653824,1.333237533993292,0.4780251656605319,41.27229397834563,31.195205945360428,27.81133071678858,0.027751776772537602,0.0076659724763030734,0.021025764915690637,0.06508655963605725,0
2023-06-06,39.92900085449219,40.512001037597656,39.69300079345703,40.5,49915000,36.57415008544922,34.51759983062744,37.18008783666983,70.08523935095027,1.8239779119299868,1.431385609580631,0.3925923023493558,41.645300663237094,31.502999507661343,27.730791096662553,0.027948991316690958,-0.010531774696345697,-0.009525435305381635,0.016056809848049802,1
2023-06-07,39.97700119018555,41.89500045776367,39.92300033569336,41.042999267578125,119324000,36.91230010986328,34.66181987762451,37.44646053700466,70.25048001349978,1.8169829863677123,1.5085050849380472,0.308477901429665,41.94389476551738,31.880705454209185,27.262428191569732,0.027972277829438702,0.001202142169003384,-0.001747938504189528,0.011487042836900274,1
2023-06-08,40.9370002746582,40.95399856567383,39.63399887084961,39.97700119018555,59911000,37.282050132751465,34.83351985931397,37.77889289297167,73.41351207250187,1.8673773963111273,1.5802795472126634,0.2870978490984639,42.35530765937541,32.20879260612752,27.21555015649315,0.028155825474434112,0.02401378432328083,0.014447147291044127,0.01547889151310522,1
2023-06-09,42.00199890136719,42.59000015258789,41.47600173950195,42.45000076293945,123630000,37.65834999084473,35.009499855041504,38.181093465199815,76.41001194946352,1.9705366974423058,1.658330977258592,0.31220572018371384,42.954795719563386,32.36190426212607,28.1289314587936,0.028098974268132907,0.02601555120217891,0.0519171029204899,0.048817588662156464,1
2023-06-12,42.39699935913086,42.470001220703125,41.65700149536133,41.882999420166016,59595000,38.07875003814697,35.18057987213135,38.58260831224087,77.426238327076,2.0604132610852943,1.7387474340239324,0.32166582706136193,43.47722426009585,32.68027581619809,28.3542617157377,0.02750955249833124,0.00940432522488388,0.060534759909390834,0.050626933214627856,1
2023-06-13,43.573001861572266,43.72700119018555,42.84000015258789,43.0009994506836,78205000,38.57795009613037,35.361079902648925,39.05788388836767,80.1657538829671,2.201161044634695,1.831230156146085,0.3699308884886099,44.06908039260559,33.08681979965515,28.46771423982954,0.027170077177342353,0.02773787108091974,0.0643916644900302,0.09126201330104444,1
2023-06-14,44.08599853515625,44.733001708984375,43.34999847412109,43.499000549316406,84131000,39.11350002288818,35.546239891052245,39.536751949966586,81.23553984865973,2.327271879842378,1.930438500885344,0.3968333789570342,44.559492918351154,33.66750712742521,27.84712640022561,0.026773934795587456,0.011773269035117995,0.04961667749868037,0.1027840313840116,1
2023-06-15,44.527000427246094,44.8650016784668,43.95000076293945,44.40999984741211,70999000,39.64005012512207,35.743279914855954,40.012013709707496,82.12795323767538,2.434734686512634,2.031297738010802,0.40343694850183187,45.041276957485664,34.23882329275848,27.251362272826878,0.02677094459229785,0.010003218861838192,0.05023942968399031,0.0876957307204127,0
2023-06-16,43.19599914550781,44.7509994506836,43.09000015258789,44.6150016784668,87537000,39.94340000152588,35.922499885559084,40.31525041787896,71.13233237871401,2.385006188505784,2.1020394281097987,0.28296676039598534,45.42728990469763,34.45951009835413,27.45830301357551,0.021360061568456094,-0.02989200415404225,-0.008652208935757022,0.028427224307692622,1
2023-06-20,43.470001220703125,44.0,43.0,43.01800155639648,47560000,40.29010009765625,36.11323993682861,40.61570287529078,71.96447452580114,2.3407232722652296,2.149776196940885,0.19094707532434452,45.74514839850153,34.83505179681097,27.078852063525193,0.020622504046564554,0.006343228090923914,-0.013972629290950445,0.025308438752545293,0
2023-06-21,42.44499969482422,43.45500183105469,42.25400161743164,43.26499938964844,51464000,40.597300148010255,36.28415996551514,40.78992162000825,64.47683578978824,2.197587267194507,2.1593384109916096,0.03824885620289731,45.80558171911097,35.38901857690954,25.65826570787851,0.021626633063795468,-0.023579514540955082,-0.04675816274270961,-0.02588763956019402,0
2023-06-22,42.24800109863281,42.47100067138672,41.86800003051758,42.292999267578125,48695000,40.92975025177002,36.452700004577636,40.92878633225821,63.11758252993221,2.044684956207078,2.1364077200347036,-0.09172276382762545,45.64488169608882,36.21461880745122,23.040118326228452,0.02088326762765275,-0.004641267466316656,-0.02194643174432942,-0.04169118308747688,1
2023-06-23,42.402000427246094,42.58200073242188,41.77299880981445,41.85900115966797,82986000,41.225600242614746,36.63868000030518,41.069092436542775,63.760738616323465,1.9138732919757473,2.0919008344229124,-0.17802754244716512,45.51100569714673,36.94019478808276,20.790020906000905,0.020559848468844653,0.003645126978996105,-0.024568685609982932,-0.04772385248523747,0
2023-06-26,41.59400177001953,43.09600067138672,41.4900016784668,42.24399948120117,46400000,41.51030025482178,36.778180046081545,41.1190838016358,58.04181274496125,1.7251192656684395,2.018544520672018,-0.2934252550035783,45.0309858586025,37.98961465104106,16.96294935073018,0.020753947161740588,-0.01905567305988165,-0.020049427044959045,-0.037086707268695784,1
2023-06-27,41.70800018310547,42.0880012512207,41.150001525878906,41.73899841308594,48181000,41.70130023956299,36.93508007049561,41.17517107606149,58.60593349042892,1.5666694687146574,1.9281695102805458,-0.36150004156588844,44.80499305241947,38.59760742670651,14.885352710954248,0.017449694787347182,0.0027407416510740745,-0.012781691476163592,-0.04053372413429979,1
2023-06-28,42.98400115966797,43.729000091552734,42.28900146484375,42.310001373291016,88113000,41.88560028076172,37.12932010650635,41.34744060783353,64.3789060305374,1.5264633584770593,1.8478282799198487,-0.3213649214427894,44.83024581126844,38.940954750255,14.060419384077495,0.01685829576119349,0.030593674378072144,0.01372578478745301,0.012698821267973281,0
2023-06-29,42.82400131225586,43.78499984741211,42.6150016784668,43.43299865722656,49323000,42.050650405883786,37.31840015411377,41.48806543682613,63.18888311930748,1.4648037303380619,1.7712233700034914,-0.3064196396654295,44.8113954651385,39.28990534662907,13.130570074932441,0.016957990486542215,-0.0037223116298032988,0.029571560559073173,0.013633786182648322,1
2023-06-30,44.04899978637695,44.4119987487793,43.11000061035156,43.11000061035156,73464000,42.237450408935544,37.55314014434814,41.73196394630717,68.05726358021533,1.4975226608674461,1.7164832281762825,-0.2189605673088364,45.00817782054149,39.4667229973296,13.119766391106719,0.017482779619728762,0.02860541837715913,0.05612831094739823,0.0388424919233894,1
2023-07-03,44.14400100708008,44.15499877929688,43.1619987487793,43.97600173950195,37332000,42.442300415039064,37.78532016754151,41.96168176161888,68.40623131287083,1.5136698102457942,1.675920544590185,-0.16225073434439086,45.13978989652102,39.744810933557105,12.711325517719239,0.01729660827213663,0.0021567168644884838,0.026986781502801094,0.061306898315770075,1
2023-07-05,44.59000015258789,45.09700012207031,43.96200180053711,44.49100112915039,68695000,42.65410041809082,38.021160163879394,42.21199779885402,70.05992678104563,1.544649191762268,1.6496662740246018,-0.10501708226233375,45.32755057132984,39.9806502648518,12.535489563883198,0.017324766109159097,0.0101032787090658,0.041238529474512564,0.06909945230722969,0
2023-07-06,43.88399887084961,44.27999877929688,43.071998596191406,44.0,49388000,42.85185031890869,38.24080013275147,42.37123599618693,64.32060749358887,1.4949987566093057,1.6187327705415426,-0.12373401393223693,45.26187358503588,40.4418270527815,11.248164306518872,0.01761537694861201,-0.015833175136181432,-0.00374584931161992,0.020937969637552234,0
2023-07-07,43.810001373291016,44.233001708984375,43.58399963378906,43.86000061035156,41651000,43.04350032806396,38.47190013885498,42.50826127019684,63.73130302848012,1.433158885882392,1.5816179936097126,-0.14845910772732052,45.09092613264302,40.99607452348491,9.513286740038444,0.017658908681921586,-0.0016862068057281743,-0.007566138686330048,0.0230244729782636,1
2023-07-10,44.17100143432617,44.44100189208984,43.68199920654297,43.85200119018555,42517000,43.205200386047366,38.713020133972165,42.666617476304395,65.39693514601174,1.397174275385396,1.5447292499648495,-0.14755497457945355,45.063734228669986,41.346666543424746,8.603287687668324,0.017095889238519704,0.00824012895957682,-0.009396696946129102,0.002769680322842527,0
2023-07-11,44.02099990844727,44.08000183105469,43.104000091552734,43.8650016784668,45692000,43.30615043640137,38.94174015045166,42.79560627936562,64.0800643760478,1.3410930568303385,1.5040020113379473,-0.16290895450760878,45.11085301663722,41.50144785616551,8.334624814487764,0.016346255789950703,-0.0033959276676559513,0.0031218904640131218,-0.0027863604527618158,1
2023-07-12,44.40499877929688,44.54100036621094,43.775001525878906,44.45500183105469,57317000,43.40655040740967,39.169980125427244,42.94888175554955,65.96925661366893,1.3125040569836983,1.4657024204670976,-0.15319836348339932,45.22116143632811,41.591939378491226,8.361000871466077,0.016331764455974066,0.008723083792922193,0.013581314479679696,-0.004148943096163538,1
2023-07-13,45.03799819946289,45.16699981689453,44.11800003051758,44.70000076293945,61575000,43.4798002243042,39.422500114440915,43.147845226398445,68.87531059545722,1.325643636980523,1.4376906637697826,-0.11204702678925971,45.42868046841685,41.53091998019155,8.964531732246884,0.015489233194841318,0.01425513878093243,0.019628189015043596,0.026296585505106274,0
2023-07-14,44.19100189208984,45.64799880981445,43.970001220703125,45.27899932861328,71959000,43.48505039215088,39.67122016906738,43.247193480273815,61.32859250670512,1.2532644727205806,1.4008054255599423,-0.14754095283936164,45.4409875672358,41.52911321706596,8.995906213497083,0.015952069256059714,-0.01880626007447983,0.003861838304357601,0.008696656171097494,1
2023-07-17,45.005001068115234,45.667999267578125,44.51100158691406,44.55699920654297,68917000,43.50895042419434,39.93272018432617,43.414603726734896,65.26735298088687,1.247209341285668,1.3700862087050873,-0.12287686741941939,45.52595895741832,41.49194189097036,9.271694736641436,0.016329750893900624,0.018420020845264062,0.0135120438084122,0.018881157472262933,1
2023-07-18,47.47999954223633,47.81499862670898,44.87799835205078,45.09999847412109,130418000,43.723150444030765,40.24076019287109,43.80178428059217,73.95391161719843,1.4256878562875102,1.381206538221572,0.04448131806593825,46.372500429993494,41.073800458068035,12.118751549498317,0.018813343756018185,0.054993854357989536,0.05422091212754121,0.07857612596222063,1
2023-07-19,47.75899887084961,48.5,47.0,47.68600082397461,209965000,43.93760032653809,40.550420150756835,44.17866186061669,74.72140683707933,1.5715306523032595,1.4192713610379095,0.15225929126534998,47.11248582662907,40.76271482644711,14.451792890352117,0.01881175427439771,0.005876144298718744,0.08074035043316008,0.07553203881893755,0
2023-07-20,43.742000579833984,44.84999847412109,43.20000076293945,44.70000076293945,239897000,44.00245037078857,40.76284019470215,44.13707507197073,51.28812322436648,1.3474414618379598,1.4049053811979197,-0.05746391935995998,47.104893980067295,40.90000676150985,14.101231104794602,0.026803376410709265,-0.08410976749907251,-0.028063558678060985,-0.028775648817454758,0
2023-07-21,42.75,43.82400131225586,42.31900024414063,43.73699951171875,173400000,44.027550315856935,40.95356018066406,44.00497268416399,47.33982692373433,1.07738360012668,1.3394010249836719,-0.26201742485699175,47.08053971255139,40.97456091916248,13.868540833146895,0.027331710101601507,-0.022678445582832274,-0.09962088432685656,-0.03260849110433439,1
2023-07-24,42.83700180053711,42.86399841308594,41.91899871826172,42.5,82644000,44.04930038452149,41.139460220336915,43.89373736191381,47.719954941381836,0.8604622441264738,1.2436132688122323,-0.38315102468575857,47.061583681254156,41.03701708778882,13.67687236999186,0.027325734845900135,0.0020351298371252824,-0.10305905037127383,-0.04817240786855781,0
2023-07-25,42.77000045776367,43.0880012512207,42.61299896240234,42.71799850463867,48598000,44.10810031890869,41.30534019470215,43.7867147996138,47.4359699857487,0.6753589407811234,1.1299624032060107,-0.45460346242488736,46.96845769760883,41.24774294020855,12.969760012420807,0.026931411283870468,-0.0015640997258729028,-0.022221208659542357,-0.09919964469003051,0
2023-07-26,42.266998291015625,42.5260009765625,41.55899810791016,42.41999816894531,60092000,44.1360502243042,41.47090019226074,43.64197989403302,45.25843149714813,0.4825130580117758,1.0004725341671636,-0.5179594761553878,46.9117221696327,41.3603782789757,12.577799468789033,0.027097952706508287,-0.011760630380277193,-0.01129828559027779,-0.11499404739796804,0
2023-07-27,41.31700134277344,42.75199890136719,41.1879997253418,42.68999862670898,65945000,44.052700233459475,41.62546020507813,43.42055336534163,41.39361850118224,0.25014102227275004,0.850406231788281,-0.600265209515531,47.05278852782926,41.052611939089694,13.620451316131199,0.02664441165153935,-0.022476092144071647,-0.03548335303299899,-0.055438690615776776,1
2023-07-28,42.57799911499024,42.74700164794922,41.3759994506836,41.555999755859375,64242000,44.04040012359619,41.80952018737793,43.340310103403404,47.76936556823647,0.16582496445151662,0.7134899783209281,-0.5476650138694115,47.06247442334024,41.018325823852145,13.724100104734816,0.02758648902470412,0.030520069976892383,-0.004489159240553153,-0.004023412514848168,1
2023-07-31,43.89699935913086,43.91299819946289,42.630001068115234,42.6510009765625,65876000,44.032800102233885,42.00754020690918,43.393328127758394,53.47130130614083,0.20309502450077588,0.6114109875568976,-0.4083159630561217,47.05551411399294,41.01008609047483,13.729374487840973,0.02772041020934335,0.030978445947598354,0.038564391464290804,0.024744905433145004,0
2023-08-01,43.86199951171875,44.525001525878906,43.13999938964844,43.73699951171875,57115000,44.01870002746582,42.14220016479492,43.437963497659375,53.305009442574054,0.22718873016460606,0.5345665360784393,-0.30737780591383324,47.04183849411716,40.99556156081448,13.735700803363244,0.02771730292608765,-0.0007973175370318275,0.06159687504500977,0.025531892500993747,0
2023-08-02,42.970001220703125,43.555999755859375,42.65599822998047,43.52299880981445,49122000,43.93770008087158,42.27088020324707,43.393395661758774,49.112937634352726,0.1723199609009498,0.46211722104294145,-0.28979726014199164,46.982006125608564,40.893394036134595,13.857375507291666,0.0279708997166651,-0.02033647122670057,0.009206682180019854,0.016632430929852227,1
2023-08-03,43.09999847412109,44.19300079345703,42.71900177001953,42.77999877929688,62439000,43.89850006103516,42.40686019897461,43.36545307245994,49.73337120110576,0.13773799994537939,0.397241376823429,-0.25950337687804964,46.96467434835158,40.832325773718736,13.969380653340341,0.027778430392846318,0.0030253025302529046,-0.01815615865880349,0.04315407879084887,1
2023-08-04,43.15999984741211,43.650001525878906,42.62699890136719,43.305999755859375,54418000,43.86599998474121,42.558080215454105,43.34588609864586,50.03617081548521,0.1138606415111525,0.34056522976097375,-0.22670458824982126,46.94897093009923,40.78302903938319,14.056312161721754,0.027780198784492206,0.0013921432810966028,-0.016004734670590826,0.013669048440958065,1
2023-08-07,44.07600021362305,44.11100006103516,42.89099884033203,43.64599990844727,47813000,43.861249923706055,42.70990020751953,43.41542077626274,54.53851145606392,0.1669270065209787,0.30583758511297476,-0.13891057859199607,46.9426188467626,40.77988100064951,14.05052946925314,0.028141414843108475,0.02122336351828924,0.025738863427982484,0.004077746932717341,0
2023-08-08,43.83000183105469,44.35699844360352,43.5099983215332,44.0359992980957,37672000,43.85170001983643,42.868500213623044,43.45490468624293,53.153243793559234,0.18697711375660475,0.2820654908417008,-0.09508837708509604,46.93221311256253,40.77118692711033,14.049686061578559,0.028160657689246915,-0.005581231994193692,0.016937433475129327,-0.0007295080256318753,0
2023-08-09,42.88999938964844,44.0620002746582,42.75899887084961,43.9739990234375,38466000,43.775950050354005,42.96854019165039,43.40110418180536,48.123257029069855,0.1255691441708393,0.25076622150752853,-0.12519707733668922,46.87277978411841,40.679120316589604,14.148543801800864,0.02848437793612012,-0.021446552638294314,-0.006255803028689333,-0.001861806580916281,1
2023-08-10,42.99800109863281,43.8120002746582,42.86899948120117,43.11199951171875,54676000,43.6739501953125,43.04254020690918,43.3627134119794,48.723656699051006,0.08464202063463944,0.21754138133295073,-0.1328993606983113,46.731927684826836,40.615972705798164,14.003667979831816,0.028266197942354604,0.002518109361653309,-0.024457734589470426,-0.002366528517385391,0
2023-08-11,42.16600036621094,43.0629997253418,42.132999420166016,42.89799880981445,39279000,43.572700119018556,43.09540023803711,43.24874074095383,44.45522514516988,-0.014758399772219377,0.17108142511191674,-0.1858398248841361,46.68903355120577,40.456366686831345,14.304063891725626,0.028283533679589818,-0.01934975373653658,-0.037964896083229505,-0.023030571935017563,1
2023-08-14,42.77799987792969,42.8849983215332,41.87799835205078,42.19900131225586,39660000,43.46135005950928,43.14470024108887,43.20390827780867,48.05972290374461,-0.04364756126700797,0.1281356278361318,-0.17178318910313978,46.52369413071317,40.39900598830539,14.092263894291301,0.028148596008805895,0.01451405175742404,-0.002611319965319936,-0.029449140788690986,0
2023-08-15,42.369998931884766,42.9119987487793,42.104000091552734,42.44100189208984,33680000,43.2058500289917,43.19116020202637,43.124488340101635,45.92027927682519,-0.09833119561247372,0.08284226314641072,-0.18117345875888444,45.68075020310151,40.730949854881885,11.45631979210742,0.024746412653156767,-0.009537634934059236,-0.014605380499141729,-0.033310582664303534,0
2023-08-16,41.54499816894531,42.45100021362305,41.525001525878906,42.37300109863281,39670000,42.89514999389648,43.21498016357422,42.97406070475341,41.86220877546521,-0.20586594212204545,0.025100622092719488,-0.23096656421476494,44.359542608449615,41.43075737934335,6.827777101893809,0.024788757748844058,-0.019471342547488613,-0.014727557555192172,-0.031359320117587686,0
2023-08-17,40.29999923706055,41.52399826049805,40.15800094604492,41.5,60315000,42.72304992675781,43.222400131225584,42.71938818402076,36.605004591755865,-0.38708691538248985,-0.05733688540232239,-0.32975002998016745,44.52013153433216,40.92596831918346,8.412702794651471,0.017876419330458065,-0.029967480725884288,-0.05792698695451648,-0.06274714620764199,1
2023-08-18,40.45299911499024,40.652000427246094,39.81499862670898,39.93299865722656,43122000,42.60819988250732,43.23192008972168,42.503541606017855,37.64142434397618,-0.5124527940236874,-0.14836006712659539,-0.364092726897092,44.659351034893824,40.55704873012082,9.627964373254816,0.01738925030755545,0.00379652309742462,-0.045244273429799864,-0.04062517754454564,1
2023-08-21,40.82899856567383,40.96099853515625,39.95000076293945,40.22299957275391,38616000,42.50779972076416,43.229760055541995,42.34406131646128,40.227623920845254,-0.5748397479584284,-0.233656003292962,-0.3411837446654664,44.69630187558373,40.319297565944595,10.296943945327424,0.017566275518206356,0.009294723726534615,-0.01723431543695897,-0.04556083308750958,1
2023-08-22,41.31700134277344,41.57400131225586,40.7400016784668,40.900001525878906,35997000,42.43514976501465,43.216060104370115,42.24624608087196,43.50264238046698,-0.5782385387887174,-0.3025725103921131,-0.27566602839660437,44.67976107378879,40.19053845624051,10.579019144288223,0.01785179249576915,0.011952357252031254,0.025235784738617095,-0.024852433694986797,1
2023-08-23,42.755001068115234,43.70199966430664,41.77099990844727,41.84000015258789,81747000,42.45954990386963,43.223220138549806,42.2946989367999,51.87101693621636,-0.45959956731750395,-0.33397792177719127,-0.1256216455403127,44.70692714144003,40.212172666299224,10.585968257593732,0.019421045597786683,0.034804068025457324,0.056905594232492085,0.029125116199292478,0
2023-08-24,40.69300079345703,42.75899887084961,40.617000579833984,42.54100036621094,56878000,42.42834987640381,43.1656201171875,42.142156256481535,42.21506608543846,-0.5259012546866657,-0.37236258835908614,-0.15353866632757956,44.75426182445804,40.10243792834957,10.963951955849085,0.02175554089926098,-0.048228282613608675,-0.0033309112884080117,0.009751899847061818,1
2023-08-25,41.60300064086914,41.92499923706055,40.75600051879883,41.20000076293945,53909000,42.37959995269775,43.11596015930176,42.090808102613686,46.911895501415515,-0.4992612640320573,-0.3977423234936804,-0.1015189405383769,44.731646181634105,40.0275537237614,11.099898213110095,0.02121236480652828,0.02236256431495276,0.006922072967566084,0.028428090649347038,1
2023-08-28,41.805999755859375,41.983001708984375,41.32699966430664,41.80400085449219,29286000,42.27504997253418,43.06154014587403,42.06368349816089,47.928673903967585,-0.4565062278329961,-0.40949510436154357,-0.04701112347145253,44.531973080457625,40.01812686461073,10.67732910730919,0.019907949589867576,0.004879434460571375,-0.022196264496496143,0.023929100014883575,1
2023-08-29,42.999000549316406,43.21699905395508,41.45000076293945,41.59999847412109,44867000,42.23190002441406,43.05760017395019,42.15276131255665,53.55817193093583,-0.32263818771085795,-0.39212372103140647,0.06948553332054852,44.39693890686602,40.0668611419621,10.253097214192877,0.021067243419139688,0.02853659284370602,0.056668215931378274,0.04070961473193058,1
2023-08-30,43.46699905395508,43.81600189208984,42.834999084472656,43.084999084472656,36254000,42.25674991607666,43.05754013061524,42.27792681173745,55.586661904570924,-0.17674581758461017,-0.34904814034204723,0.17230232275743707,44.46606169611772,40.047438136035595,10.456610053678197,0.0206953634508838,0.010883939130211129,0.04480442238233229,0.016652975512865043,0
2023-08-31,43.36800003051758,43.71500015258789,43.12300109863281,43.12300109863281,38030000,42.27014999389648,43.0760001373291,42.38174330876413,55.03900912747264,-0.06832583924042268,-0.2929036801217223,0.22457784088129962,44.50288419892987,40.03741578886309,10.564117730151324,0.02069905297474069,-0.0022775674785970867,0.037363064722289785,0.06573610166126298,1
2023-09-01,43.98799896240234,44.54999923706055,43.59299850463867,43.77299880981445,47934000,42.31154994964599,43.11080009460449,42.53472003768205,57.8404132239046,0.06685583453275257,-0.22095177719082734,0.28780761172357994,44.63750796051824,39.985591938773744,10.994435390054575,0.020927688535596626,0.014296230664279541,0.023000497696490152,0.05732755533960865,1
2023-09-05,44.86800003051758,45.345001220703125,43.79999923706055,43.8390007019043,61559000,42.35114994049072,43.16012008666992,42.75693717985686,61.50651146290165,0.24220502785674114,-0.12832041618131365,0.37052544403805476,44.818585550112395,39.88371433086905,11.652272078036916,0.020867923618862628,0.02000548078732578,0.03223137108737251,0.07324308215423181,0
2023-09-06,44.57600021362305,45.13899993896485,44.04899978637695,44.86100006103516,38623000,42.38844985961914,43.21976005554199,42.93018127831078,59.652880663878506,0.35353327053372396,-0.03194967883830613,0.3854829493720301,44.964350579073916,39.81254914016437,12.153785892079405,0.020884560531927887,-0.006507974875098577,0.027854643567962745,0.03667526324240833,0
2023-09-07,44.31399917602539,44.459999084472656,43.66999816894531,44.1150016784668,29227000,42.459649848937985,43.27188003540039,43.06197345904551,57.96488156711383,0.41582701583657666,0.05760566009667044,0.3582213557399062,45.162652699535734,39.75664699834024,12.732101466754592,0.02028328394574089,-0.0058776255460799565,0.007411117152696489,0.01948605011859561,0
2023-09-08,44.27999877929688,44.680999755859375,43.8849983215332,44.35599899291992,26975000,42.52374973297119,43.29779998779297,43.17797587049802,57.73655454664214,0.4571816049720212,0.1375208490717406,0.31966075590028065,45.333475495719114,39.714023970223266,13.214854195087018,0.020290731367389757,-0.0007672608512143686,-0.013105136195523781,0.02102930151580762,1
2023-09-11,44.5359992980957,44.98899841308594,44.275001525878906,44.30699920654297,29138000,42.64224967956543,43.33203994750976,43.30731143503113,59.04466490440297,0.5047935711222351,0.2109753934818395,0.29381817764039564,45.57867993636761,39.705819422763255,13.772398402372943,0.01968997181455667,0.005781403022949272,-0.0008973643964386158,0.01245795100072078,0
2023-09-12,43.46900177001953,44.54399871826172,43.4119987487793,44.28499984741211,31240000,42.67679977416992,43.32043998718262,43.32271051455384,51.84236004362781,0.451227148389151,0.25902574446330184,0.19220140392584917,45.634986042385194,39.71861350595465,13.86320569428315,0.02036571814276229,-0.023958091092429967,-0.01906840776544083,-0.03118031246203301,0
2023-09-13,41.2239990234375,43.84000015258789,41.06900024414063,43.54999923706055,118430000,42.61949977874756,43.26203994750976,43.12283322968562,40.616259854810096,0.22502842545624446,0.2522262806618904,-0.027197855205645938,45.642913989942606,39.596085567552514,14.187938511200866,0.023454768736069706,-0.051646061679990196,-0.06901535320927366,-0.07519744198944811,0
2023-09-14,40.04899978637695,41.13899993896485,40.0,41.040000915527344,107090000,42.54469985961914,43.171219940185544,42.83008718746575,36.19815538235431,-0.04848935558668899,0.19208315341217452,-0.2405725089988635,45.73988947544974,39.349510243788544,15.020388562492979,0.023909509368147085,-0.028502796062859215,-0.1007499457166241,-0.09624496702964858,0
2023-09-15,39.69400024414063,40.470001220703125,39.50299835205078,40.09999847412109,91167000,42.51439990997314,43.087419967651364,42.5314122404824,34.96080590468878,-0.29055037993733634,0.09555644674227236,-0.3861068266796087,45.80425185434273,39.224547965603556,15.476412468886078,0.023039552853306,-0.008864130043943708,-0.08684352923150185,-0.1035681721224535,0
2023-09-18,39.43999862670898,39.946998596191406,39.2599983215332,39.54999923706055,47047000,42.46374988555908,43.00001991271973,42.236991896313505,34.0636045630379,-0.49715045248652956,-0.022984933103488023,-0.4741655193830415,45.906623411928564,39.0208763591896,16.21558875816722,0.023052231663669265,-0.0063989926908197825,-0.04327577234111246,-0.11442430284941696,1
2023-09-19,39.619998931884766,39.823001861572266,39.025001525878906,39.28400039672852,40768000,42.40329990386963,42.908999862670896,41.98775447112981,35.330181465876436,-0.638992075267609,-0.14618636153631223,-0.4928057137312968,45.997971354664855,38.808628453074405,16.95467786207452,0.022965018247605124,0.004563902419963295,-0.010711899342817466,-0.08854592195373145,0
2023-09-20,38.630001068115234,39.79899978637695,38.61199951171875,39.70500183105469,38666000,42.26894989013672,42.80117988586426,41.66796843274747,31.721073023911416,-0.8218137793965923,-0.28131184510836826,-0.540501934288224,46.20099910681945,38.33690067345398,18.604906092546493,0.023330032614870322,-0.024987326866705573,-0.026805037776016505,-0.06292446188559908,0
2023-09-21,38.415000915527344,39.59000015258789,38.34199905395508,38.650001525878906,55479000,42.05194988250732,42.68137992858887,41.35816200253603,30.980893284609152,-0.972835767403275,-0.41961662956734963,-0.5532191378359255,46.31762572807113,37.78627403694352,20.287648289708592,0.021557495914359657,-0.005565626369224974,-0.025988786685390508,-0.040799991998937024,0
2023-09-22,37.98099899291992,38.6879997253418,37.83599853515625,38.5,36928000,41.91634979248047,42.54023994445801,41.03652743019164,29.485237934650925,-1.1146926262785897,-0.5586318289095977,-0.5560607973689919,46.506297568384426,37.32640201657651,21.900512800508057,0.019113183419341664,-0.011297719960016939,-0.04136799553636117,-0.04315516805272279,1
2023-09-25,38.47999954223633,38.6619987487793,38.08100128173828,38.290000915527344,37573000,41.76019973754883,42.42601989746094,40.79304858371971,33.46262027207642,-1.173324678428827,-0.6815703988134436,-0.4917542796153833,46.58846570963577,36.93193376546189,23.12376857597061,0.018565617131070893,0.013138162832668554,-0.0038830318853579904,-0.024340748425445757,0
2023-09-26,37.92499923706055,38.45600128173828,37.73600006103516,38.28799819946289,40894000,41.56614971160889,42.28441986083985,40.51990102689503,31.34493438371969,-1.2501637786354465,-0.7952890747778443,-0.4548747038576022,46.675245883574846,36.45705353964293,24.58296574214116,0.018596287926359183,-0.014423085025419558,-0.012755477464240772,-0.042781416974247866,0
2023-09-27,37.75899887084961,38.422000885009766,37.625,38.2400016784668,38435000,41.30414962768555,42.08999984741211,40.25695796441451,30.718745178812398,-1.3093606666587618,-0.8981033931540279,-0.41125727350473396,46.62547979210205,35.982819463269045,25.766564436662286,0.016877760124445345,-0.004377069731058003,-0.005845031146013202,-0.022547299331672543,0
2023-09-28,37.63600158691406,37.89599990844727,37.11000061035156,37.560001373291016,43699000,41.01259975433349,41.8875399017334,40.007343071319234,30.236748050176175,-1.3506302549492801,-0.9886087655130784,-0.3620214894362017,46.46530806175128,35.55989144691571,26.590405583062992,0.01640792708423293,-0.0032574296886483944,-0.02193341905827928,-0.020278519069315215,1
2023-09-29,37.7599983215332,38.257999420166016,37.53499984741211,38.0,42053000,40.73219966888428,41.76789985656738,39.79331023800628,31.405254831714615,-1.3576807027861975,-1.0624231529677024,-0.29525754981849506,46.24797995620761,35.21641938156095,27.08314469712712,0.01653993822953643,0.0032946309222776637,-0.004350716383564324,-0.005818716654291123,1
2023-10-02,38.03300094604492,38.48099899291992,37.68000030517578,37.74800109863281,31021000,40.43444976806641,41.67355987548828,39.62566173400996,34.02538369190523,-1.325954426027451,-1.1151294075796523,-0.21082501844779866,45.857207471063795,35.01169206506902,26.822463192166772,0.016136867942136684,0.007229942707810855,0.007256603283696927,-0.011616387773102033,0
2023-10-03,37.67499923706055,39.4900016784668,37.28499984741211,37.71099853515625,88781000,40.07479972839356,41.57031982421875,39.43988435334811,32.28389487743837,-1.3145456056251632,-1.1550126471887545,-0.1595329584364087,45.22072514195606,34.928874314831056,25.681602645248113,0.014821238886870433,-0.00941292299001728,0.00103617941604206,-0.006591957944080851,1
2023-10-04,37.68999862670898,38.02199935913086,37.358001708984375,37.650001525878906,43037000,39.73049964904785,41.46871978759766,39.273228569858674,32.439915143864866,-1.2894299619120986,-1.1818961101334233,-0.10753385177867525,44.53587916378671,34.92512013430899,24.189877082776743,0.014952213526906023,0.00039812581160392213,-0.0018538055597399072,-0.0018273854234494014,0
2023-10-05,37.25899887084961,37.86000061035156,36.7239990234375,37.80099868774414,50348000,39.377749633789065,41.36855979919434,39.08139716995305,30.280945219002575,-1.2894398516423635,-1.2034048584352115,-0.08603499320715202,43.806509237129255,34.948990030448876,22.49371609361842,0.014957515480966117,-0.01143538794278276,-0.020350802091408493,-0.010017076739510355,1
2023-10-06,38.1510009765625,38.25199890136719,36.777000427246094,36.84299850463867,47781000,39.07129974365235,41.305239791870115,38.99278800867776,39.28677482470566,-1.2035962656289527,-1.2034431398739598,-0.00015312575499293324,42.90963774338528,35.23296174391941,19.64786441667595,0.016565810403795525,0.02394058167812907,0.012634419353450665,0.010354943654918625,1
2023-10-09,38.595001220703125,38.71699905395508,37.7760009765625,37.80500030517578,32998000,38.77424983978271,41.225579833984376,38.95490355268018,43.21848269044008,-1.0872048751670107,-1.18019548693257,0.09299061176555923,41.68159705522915,35.86690262433628,14.996278341733241,0.01685819366007047,0.011637971030259209,0.02401174388350391,0.014776648191802577,0
2023-10-10,37.33200073242188,38.869998931884766,37.22499847412109,38.55799865722656,72889000,38.467399787902835,41.0942798614502,38.80034137932225,36.06401941717098,-1.0843774158911543,-1.1610318727242868,0.07665445683313243,40.48827023749966,36.44652933830601,10.506925140452813,0.01742679547491991,-0.03272445778816935,0.0019593081882129937,-0.009104140984328435,0
2023-10-11,36.59299850463867,37.78099822998047,36.53400039672852,37.27799987792969,91514000,38.23584976196289,40.948899841308595,38.5901182484,32.65745367288311,-1.1287563372971476,-1.154576765638859,0.025820428341711388,39.98295132772059,36.48874819620519,9.13855230959571,0.014359256148236143,-0.019795409120449414,-0.04083778752963685,-0.029105867923617246,0
2023-10-12,36.119998931884766,36.882999420166016,35.904998779296875,36.64799880981445,73761000,38.03939971923828,40.81189979553223,38.35486878968427,30.661132025400747,-1.1883949870822477,-1.1613404099275368,-0.027054577154710824,39.81023447966879,36.26856495880777,9.310529469448579,0.013459713570319644,-0.012925958300300189,-0.06412753492778023,-0.030569794505562076,0
2023-10-13,35.56800079345703,35.893001556396484,35.20500183105469,35.56399917602539,63126000,37.8330997467041,40.66125984191895,38.08945279004358,28.473610736676605,-1.2656115016650133,-1.1821946282750322,-0.08341687338998116,39.74088353548829,35.92531595791991,10.085262912935844,0.013630536837611722,-0.015282340939951178,-0.0472516849983039,-0.06770465038891893,1
2023-10-16,36.08200073242188,36.30799865722656,35.47700119018555,35.62099838256836,51289000,37.66519985198975,40.51969985961914,37.898266879793894,33.24923846853706,-1.2706830036951615,-1.199892303359058,-0.07079070033610346,39.5688075415149,35.761592162464595,10.108045076121321,0.01432830848715423,0.014451190044378448,-0.013964359115091751,-0.06511207173982991,0
2023-10-17,35.571998596191406,36.27000045776367,35.388999938964844,36.11000061035156,59084000,37.462799835205075,40.34961982727051,37.676717519450804,31.035070750846756,-1.3008596158261128,-1.220085765852469,-0.08077384997364367,39.352749458699066,35.572850211711085,10.089740392109935,0.014326683451442081,-0.014134530399590783,-0.015171659797852732,-0.04714459717402608,0
2023-10-18,34.61899948120117,35.479000091552734,34.472999572753906,35.099998474121094,114296000,37.26224975585937,40.16539978027344,37.38550627771275,27.36756982604352,-1.3857003710752096,-1.2532086868970174,-0.13249168417819224,39.443074505606134,35.08142500611261,11.705276863503574,0.014462302182140738,-0.02679071046326509,-0.02668132284877911,-0.05394471904747755,1
2023-10-19,40.17699813842773,40.89500045776367,39.22600173950195,40.4739990234375,280744000,37.3503496170044,40.11113975524902,37.65136264539989,58.31022865966742,-0.9930064787870521,-1.2011682452750243,0.20816176648797224,39.831948864765145,34.86875036924365,13.288225000340864,0.039816566712684326,0.16054763975038222,0.11349141740707958,0.1123200256509882,0
2023-10-20,40.09600067138672,41.06399917602539,39.80099868774414,40.5629997253418,127829000,37.45609970092774,40.0530997467041,37.88418531454149,57.92295722557575,-0.6804853471140007,-1.0970316656428196,0.41654631852881896,40.202329611351324,34.70986979050415,14.663725974413541,0.039695803876173365,-0.0020160158994939614,0.12717874321741607,0.12730543682293893,1
2023-10-23,40.68399810791016,40.75400161743164,39.85200119018555,40.33200073242188,73900000,37.56629962921143,40.02345970153809,38.150834152005174,59.999881560019546,-0.3809720114410595,-0.9538197348024677,0.5728477233614082,40.626919512876135,34.50567974554672,16.294497535683703,0.039716970052210386,0.01466474029024667,0.17519277615178952,0.12754274380780406,1
2023-10-24,41.37300109863281,41.66899871826172,40.8390007019043,40.96799850463867,64592000,37.738699722290036,39.99535972595215,38.457707194541136,62.34532379055088,-0.08700580319018059,-0.7804569484800103,0.6934511452898298,41.22021793100795,34.25718151357212,18.450652695177975,0.039591805962792534,0.016935478880299337,0.029768350439829172,0.16307777834733472,0
2023-10-25,41.125,41.88399887084961,41.01100158691406,41.60200119018555,62996000,37.90699977874756,39.97045974731445,38.71173508077531,60.95976821175035,0.12451755783555285,-0.5994620472168978,0.7239796050524506,41.68866514002654,34.125334417468586,19.952332726681014,0.039613712447607585,-0.005994273851238852,0.025663390647027606,0.18793150051409535,0
2023-10-26,40.354000091552734,41.73099899291992,40.15399932861328,41.141998291015625,68497000,38.042899703979494,39.9466397857666,38.868141272277924,56.73813472712066,0.22731771912960852,-0.4341060939475965,0.661423813077205,41.96845595095435,34.11734345700464,20.637523835041534,0.03993311056747087,-0.018747718138535374,-0.008111248444219843,0.0044055544546945935,0
2023-10-27,39.7869987487793,41.02099990844727,39.5620002746582,40.641998291015625,49976000,38.144249725341794,39.936379776000976,38.9556515081352,53.7880308494161,0.2600377643765839,-0.2952773222827605,0.5553150866593444,42.139406067466474,34.149093383217114,20.94762052415166,0.040141435053405734,-0.014050684975146388,-0.038334235074523604,-0.007706552210528406,1
2023-10-30,41.007999420166016,41.28200149536133,39.94100189208984,40.23500061035156,53171000,38.29299964904785,39.947479782104494,39.151113214042894,58.760704831297154,0.3801114970952213,-0.16019955840716416,0.5403110555023855,42.4775552101022,34.1084440879935,21.855459741495604,0.04060163748283348,0.030688433653824676,-0.0028449989017381716,0.00796385132543942,1
2023-10-31,41.16899871826172,41.25199890136719,40.4630012512207,40.92399978637695,38776000,38.46769962310791,39.95427978515625,39.34329278587326,59.381364613058345,0.48269785281010513,-0.03162007616371029,0.5143179289738155,42.822732820132366,34.11266642608346,22.642545510615065,0.04047045162751899,0.0039260461464143415,0.02019622899489426,-0.004930809343145159,1
2023-11-01,42.01900100708008,42.060001373291016,41.417999267578125,41.47700119018555,48061000,38.684149742126465,39.968319778442385,39.59812214027391,62.58313757846142,0.6253773983863553,0.09977941874630283,0.5255979796400525,43.286355307623616,34.081944176629314,23.79375323576218,0.04059800676628028,0.020646659265028955,0.05609878423838799,0.02173862631197765,1
2023-11-02,42.47100067138672,42.66899871826172,41.709999084472656,42.117000579833984,44760000,38.94474983215332,39.96263977050781,39.87172961942751,64.199208917576,0.766093512461886,0.2330422374894195,0.5330512749724665,43.77905261852412,34.11044704578252,24.82646727585104,0.04039405729524139,0.010757030235689857,0.035675996681302724,0.05246073685461328,1
2023-11-03,43.23600006103516,43.48199844360352,42.553001403808594,42.8759994506836,36671000,39.19899978637695,40.01349975585938,40.19213632815205,66.81187294041342,0.9286363621230862,0.3721610624161529,0.5564752997069333,44.36319086820641,34.034808704547494,26.348585984197477,0.040287026906731305,0.018012276083803958,0.05020771471560148,0.0866866418860428,1
2023-11-06,43.4739990234375,43.50299835205078,42.96099853515625,43.4379997253418,30032000,39.44294967651367,40.050919723510745,40.504694680084,67.60397532579984,1.0643876702586965,0.5106063839846616,0.5537812862740349,44.92136041102075,33.96453894200659,27.778909941764336,0.04027312754754858,0.005504648026328995,0.034627144422406886,0.06013459905724661,0
2023-11-07,43.46099853515625,43.76399993896485,43.09999847412109,43.61800003051758,32911000,39.74939956665039,40.08401969909668,40.78624742818612,67.509192255514,1.157578682749822,0.6400008437376937,0.5175778390121283,45.40404900516366,34.09475012813712,28.45149612401944,0.039242674794221805,-0.00029904054315865736,0.023309972642968635,0.055672955093703624,1
2023-11-08,43.665000915527344,43.80699920654297,43.36800003051758,43.5,23568000,40.102999687194824,40.0973397064209,41.06041442698052,68.26117798006888,1.2336734985744684,0.7587353747050487,0.4749381238694197,45.808150109689734,34.397849264699914,28.45248718048693,0.038698014198710676,0.004693918392281615,0.009922306732504715,0.0391727520644749,0
2023-11-09,43.51499938964844,44.03799819946289,43.435001373291016,43.803001403808594,27355000,40.47274971008301,40.098299713134764,41.29418442342509,67.03266236227648,1.267267053084069,0.8604417103808528,0.40682534270321624,46.05462846334692,34.89087095681909,27.583392743257555,0.038465655961318554,-0.0034352804931595537,0.0009431008679194886,0.02458144855920663,1
2023-11-10,44.7239990234375,44.74800109863281,43.55099868774414,43.74800109863281,44406000,40.93054962158203,40.12541969299316,41.62083343295008,71.48683908625665,1.3755894149755221,0.9634712512997867,0.4121181636757354,46.32706323113548,35.53403601202858,26.36912359812513,0.03817998698268734,0.027783514897087747,0.029060549247610812,0.0344157405935277,0
2023-11-13,44.46200180053711,44.84299850463867,44.2599983215332,44.72499847412109,28961000,41.34954967498779,40.13489974975586,41.891420896529795,69.30168257280927,1.4238810663118073,1.0555532143021908,0.3683278520096165,46.469379808050164,36.22971954192542,24.763656065446057,0.03838529068889182,-0.005858090256264714,0.018252624946730522,0.02272629156031769,1
2023-11-14,44.8650016784668,45.40800094604492,44.56399917602539,44.87799835205078,40609000,41.81419982910156,40.13483978271484,42.17461906623808,70.78117294250086,1.4776379792299394,1.1399701672877407,0.33766781194219875,46.4125389632536,37.21586069494952,21.994151044123157,0.03792908976191833,0.009063916639147296,0.031023837935282295,0.032304898429216466,1
2023-11-15,46.19400024414063,46.275001525878906,45.244998931884766,45.28099822998047,50353000,42.39294986724854,40.167199783325195,42.55741727365737,75.0513753433383,1.6089330190431355,1.2337627376388198,0.37517028140431563,46.03811997190533,38.74777976259175,17.197058077210787,0.03695400488567919,0.029622166855098886,0.032868286664901714,0.057918224564011744,1
2023-11-16,46.69499969482422,46.72800064086914,45.96500015258789,46.29999923706055,36560000,42.718849945068364,40.214819793701174,42.95147274233993,76.44870202097486,1.733429852352529,1.3336961605815618,0.3997336917709673,46.66623639433928,38.77146349579745,18.480771155341543,0.013946489727669277,0.010845552410177595,0.05022261265483863,0.07307825691782632,0
2023-11-17,46.59099960327149,46.76499938964844,46.2760009765625,46.69499969482422,27985000,43.0435998916626,40.26103981018066,43.29809434814294,75.50333890478066,1.8029196164186132,1.4275408517489723,0.37537876466964093,47.14028765145707,38.94691213186813,19.035061054863046,0.01395426160298312,-0.0022272211635596673,0.03847092076746983,0.04174493830159487,1
2023-11-20,47.446998596191406,47.67599868774414,46.540000915527344,46.540000915527344,36176000,43.381749916076664,40.319259796142575,43.693228086052315,77.92319216306561,1.9051018912170647,1.5230530596425909,0.3820488315744739,47.75094992979044,39.01254990236289,20.143032598574862,0.014076784024830738,0.018372625618871874,0.027124698996158214,0.06713590649933887,1
2023-11-21,47.494998931884766,47.70199966430664,47.12099838256836,47.26300048828125,29977000,43.68784980773926,40.39977973937988,44.055301499941116,78.0541076680942,1.9672777527672665,1.611897998267526,0.35537975449974035,48.3021611665474,39.073538448931124,21.124003031116064,0.013983617075969866,0.0010116622149669574,0.017132439068186178,0.05862024194864235,1
2023-11-22,47.79999923706055,48.27000045776367,47.65599822998047,47.68000030517578,28416000,44.02159976959229,40.53129974365234,44.41193937966678,78.90991086758703,2.017902423593931,1.6930988833328073,0.32480354026112357,48.808522364149866,39.23467717503472,21.748062858288566,0.013647194113639825,0.006421735172858822,0.025949210020902003,0.034766397896523804,1
2023-11-24,47.95600128173828,48.040000915527344,47.52000045776367,47.71099853515625,14047000,44.40169982910157,40.68943977355957,44.749469084625964,79.35340092335349,2.047014195770373,1.7638819458203208,0.2831322499500524,49.17059585202071,39.63280380618242,21.480691240534604,0.01222042602971345,0.003263641154135799,0.010727816313079286,0.027005066819902668,0
2023-11-27,47.91699981689453,48.20000076293945,47.53499984741211,47.90299987792969,36259000,44.80819988250733,40.853899765014646,45.05113867817535,78.90666132364878,2.043383539217139,1.8197822644996844,0.2236012747174545,49.313061000502906,40.30333876451176,20.10730683137408,0.01124043575776495,-0.0008132759988602745,0.008885164638386067,0.028460437099742553,0
2023-11-28,47.900001525878906,48.04999923706055,47.595001220703125,47.81100082397461,28902000,45.152799987792974,41.02309982299805,45.322458949385215,78.69870815872456,2.0158965966033335,1.8590051309204143,0.15689146568291923,49.49357405836748,40.81202591721847,19.227042716057603,0.010245191364433597,-0.0003547444765027441,0.002092098125826336,0.009547557128805728,0
2023-11-29,47.71900177001953,48.0989990234375,47.44900131225586,47.900001525878906,28555000,45.48030014038086,41.18507987976074,45.55070112277896,76.39011996293505,1.9569493351524159,1.8785939717668148,0.07835536338560112,49.54923586589783,41.4113644148639,17.893178861870595,0.010540967971603922,-0.003778700419489245,-0.0049420198803981075,0.00471634578739577,0
2023-11-30,47.39699935913086,47.85900115966797,47.04199981689453,47.53099822998047,42873000,45.7492000579834,41.360419845581056,45.72653905005057,72.32535659094418,1.8627773643703804,1.875430650287528,-0.012653285917147539,49.57093240295933,41.92746771300747,16.70731877336518,0.010517332799968885,-0.006747886563942651,-0.010852108014916428,-0.008430959923891201,0
2023-12-01,46.57400131225586,47.52299880981445,46.459999084472656,47.31700134277344,43415000,45.954350090026864,41.52359985351563,45.80724974168916,63.08574570278437,1.7021154078602976,1.840767601802082,-0.1386521939417844,49.47912428878041,42.429575891273316,15.340328790847174,0.011676665286691902,-0.01736392721064639,-0.027682675811746105,-0.028818081836374687,0
2023-12-04,45.38999938964844,46.119998931884766,45.119998931884766,46.0989990234375,51577000,46.06205005645752,41.6717798614502,45.767511612923386,52.6625023713631,1.4623930332029644,1.7650926880822586,-0.3026996548792942,49.37315998935038,42.75094012356467,14.37673715709344,0.013028525866283327,-0.025421949784156794,-0.04880660311369589,-0.05273703355599335,1
2023-12-05,45.51499938964844,45.63899993896485,44.95800018310547,45.06999969482422,33807000,46.164100074768065,41.81247985839844,45.74346282975434,53.53534636637289,1.2678824202013246,1.665650634506072,-0.3977682143047474,49.26926406709778,43.05893608243835,13.452721865261294,0.013009800739486687,0.002753910590016506,-0.039707154354273744,-0.04979127474436351,0
2023-12-06,44.67300033569336,46.04999923706055,44.573001861572266,46.0,41788000,46.224700164794925,41.94743988037109,45.64151402079615,47.219404658015925,1.0338712470759646,1.5392947570200506,-0.505423509944086,49.15909584965055,43.2903044799393,12.696223769518275,0.01381823553243041,-0.01849937526631218,-0.040816784536445994,-0.06383204428722744,1
2023-12-07,45.20000076293945,45.28900146484375,44.83200073242188,45.084999084472656,35067000,46.301450157165526,42.096259918212894,45.599465139095514,51.10739121078081,0.8807870714779966,1.4075932199116399,-0.5268061484336433,49.037634638057874,43.56526567627318,11.819001226115597,0.013995684822354157,0.0117968442523666,-0.004185913841459832,-0.046353115722465255,1
2023-12-08,45.3759994506836,45.54999923706055,45.07600021362305,45.07600021362305,34584000,46.394500160217284,42.25105987548828,45.57818269258009,52.36927909372562,0.7648516489181247,1.279044905712937,-0.5141932567948122,48.85833914182112,43.93066117861345,10.621254558601958,0.013946657328408888,0.0038937762118016472,-0.003053936962074344,-0.025722545364746385,1
2023-12-11,45.98899841308594,47.06499862670898,45.72100067138672,45.93600082397461,49297000,46.457750129699704,42.415639877319336,45.61730799929494,56.57333983858667,0.7142029969170665,1.1660765239537627,-0.45187352703669625,48.80919050030265,44.10630975909676,10.12291970247481,0.01289336024110071,0.013509321443565536,0.02945846635559657,0.013196718032433052,1
2023-12-12,46.29999923706055,46.56100082397461,45.91999816894531,46.52299880981445,33027000,46.549650001525876,42.58097984313965,45.68232621241547,58.571224482243565,0.6911911216558906,1.0710994434941883,-0.3799083218382977,48.71848938259798,44.38081062045377,9.3183917859791,0.012824253739423802,0.006762504831723248,0.024336249016681633,0.017247058287133354,1
2023-12-13,47.99800109863281,48.125,46.198001861572266,46.198001861572266,58202000,46.70629997253418,42.787439880371096,45.9028666777695,67.39188293374906,0.8007381927116626,1.0170271933376833,-0.21628900062602074,48.81761321145507,44.5949867336133,9.040807086677606,0.014926497490298792,0.03667390690177608,0.05778388751081742,0.07442976155516479,0
2023-12-14,46.983001708984375,48.07600021362305,46.47600173950195,48.0359992980957,51764000,46.74575004577637,42.9732999420166,46.005736680742345,59.26852926838968,0.7964718361855603,0.9729161219072588,-0.17644428572169857,48.84675954779577,44.64474054375697,8.989093125950323,0.014560230534377811,-0.02114670124621809,0.02161393659783628,0.03944692291923246,1
2023-12-15,47.20600128173828,47.29999923706055,46.72999954223633,46.72999954223633,78410000,46.77130012512207,43.172239990234374,46.12004759512291,60.39798190060917,0.8018417867487742,0.938701254875562,-0.13685946812678784,48.881627308706186,44.66097294153795,9.02402617818446,0.01440505596241685,0.004746388366907217,0.019568079041187847,0.04032973054496791,1
2023-12-18,48.61199951171875,49.20399856567383,47.5099983215332,47.630001068115234,64107000,46.87235012054443,43.3814599609375,46.35737634908442,66.6728126881984,0.9090706177953294,0.9327751274595155,-0.023704509664186135,49.12707174553545,44.61762849555341,9.620689464865396,0.015782021653040008,0.029784311142752484,0.012792166320097609,0.057035403882299995,1
2023-12-19,49.50199890136719,49.61399841308594,48.40599822998047,48.84000015258789,38490000,46.975100135803224,43.59959991455078,46.65686421120659,69.92165245368412,1.0537191333986868,0.9569639286473498,0.09675520475133703,49.496707899045404,44.453492372561044,10.735933530539832,0.015778563687862214,0.018308224277709284,0.053615075681746394,0.06915766127580447,0
2023-12-20,48.92699813842773,50.0890007019043,48.8390007019043,49.20000076293945,45637000,47.04670009613037,43.831499862670896,46.873067442370505,65.48041064347677,1.1091705405070087,0.9874052510192817,0.12176528948772702,49.701115607173115,44.39228458508763,11.28417298394567,0.016080058346882444,-0.011615707965352051,0.03645716243615027,0.01935491100735387,1
2023-12-21,49.1609992980957,49.43999862670898,48.67699813842773,49.26599884033203,27562000,47.11475009918213,44.08285987854004,47.090965714344335,66.41531731249577,1.1586420141920968,1.0216526036538447,0.1369894105382521,49.90902259798105,44.320477600383214,11.861561370554416,0.0160583989405232,0.004782659238687037,0.011293503494844037,0.04635714002698221,0
2023-12-22,48.67599868774414,49.60200119018555,48.54499816894531,49.400001525878906,27027000,47.15074996948242,44.33397987365723,47.24192123562051,62.62924608863985,1.1455083108211213,1.0464237450873002,0.09908456573382107,50.005348637513414,44.296151301451424,12.108391361234293,0.016250859214307294,-0.009865556381608132,-0.016686199182963324,0.03114005351210558,1
2023-12-26,49.11899948120117,49.14799880981445,48.63800048828125,48.93899917602539,20345000,47.21084995269776,44.60499984741211,47.42069059234248,64.61353372258122,1.157503241153016,1.0686396443004433,0.08886359685257261,50.17592313660718,44.24577676878833,12.560982006806649,0.016347727283102468,0.009101010875994131,0.0039242412181148545,0.010429523051406209,1
2023-12-27,49.17900085449219,49.402000427246094,48.92499923706055,49.124000549316406,25613000,47.27479991912842,44.866939849853516,47.588148712547216,64.88549103210897,1.1584964928020298,1.0866110140007608,0.07188547880126905,50.34970450454177,44.19989533371507,13.008641350882485,0.01634279415362248,0.0012215512108300075,0.00036617555894924436,-0.006524949578674111,0
2023-12-28,49.05099868774414,49.28900146484375,48.90700149536133,49.20000076293945,17105000,47.34139976501465,45.13651985168457,47.727467757804064,63.75971825217634,1.1358614431248952,1.0964610998255877,0.03940034329930753,50.50822931643783,44.17457021359147,13.378689971746327,0.016325118640529407,-0.0026027809537402247,0.007704002179916625,0.0025343992894388823,0
2023-12-29,48.6879997253418,49.22299957275391,48.19400024414063,49.0369987487793,27406000,47.4059497833252,45.41789985656738,47.81894699280766,60.551241155722266,1.0762259577090134,1.092414071402273,-0.016188113693259565,50.626848821787746,44.18505074486265,13.588585623467386,0.016343120201307352,-0.007400439789476576,-0.00877460372588268,-0.009621439342308635,0
2024-01-02,46.84999847412109,48.46500015258789,46.18600082397461,48.31900024414063,50494000,47.419749641418456,45.55135986328125,47.72666618150418,47.513680791266644,0.8706171333375465,1.0480546837893276,-0.1774375504517811,50.6286151093952,44.21088417344171,13.53387772918135,0.01811897598204796,-0.037750601002079054,-0.04735765956819682,-0.037513359003414015,1
2024-01-03,47.0260009765625,47.505001068115234,46.57699966430664,46.73199844360352,34437000,47.50154972076416,45.689959869384765,47.659936161985925,48.65377188237974,0.7136461214653309,0.9811729713245284,-0.2675268498591975,50.58003684351664,44.42306259801168,12.961628160972571,0.017070386929696243,0.0037567237603781667,-0.041283516449331814,-0.042610772343596004,1
2024-01-04,47.46699905395508,48.07400131225586,46.65299987792969,47.29800033569336,36365000,47.59914970397949,45.82561988830567,47.64156119931632,51.496708533656054,0.6177097494319312,0.908480326946009,-0.29077057751407775,50.5402281191467,44.65807128881229,12.357693082577557,0.017151674501531936,0.009377749930562285,-0.02507806191001094,-0.03481164258709679,0
2024-01-05,47.40599822998047,47.95500183105469,47.18000030517578,47.650001525878906,26313000,47.735799598693845,45.94627983093262,47.61912663080814,51.07544440552615,0.530640335249025,0.8329123286066122,-0.30227199335758725,50.35691404536304,45.11468515202465,10.981755699933496,0.016474619852612,-0.0012851207194554126,0.011867657928879227,-0.03353653344013752,1
2024-01-08,48.50299835205078,48.52399826049805,47.3650016784668,47.38899993896485,36758000,47.900949478149414,46.09383979797363,47.703304889974106,57.766408250793155,0.5438863556953777,0.7751071340243654,-0.2312207783289877,50.2658610304382,45.536037925860626,9.874174011383932,0.016977304213321356,0.02314053417351203,0.03140810072760414,-0.003799732466616912,0
2024-01-09,48.20899963378906,48.50899887084961,47.380001068115234,47.553001403808594,35268000,48.042599487304685,46.25093978881836,47.75146629414696,55.572856140823774,0.5246132676288155,0.7250083607452554,-0.20039509311643988,50.105716595278,45.97948237933137,8.588698904681431,0.01711576051190079,-0.00606145451313711,0.01563192522431356,0.02900749634855715,0
2024-01-10,47.83300018310547,48.70000076293945,47.29499816894531,48.15999984741211,43424000,48.134799575805665,46.41185981750488,47.75923142642873,52.810864714433954,0.47354051290528076,0.6747147911772606,-0.20117427827197987,49.975391783545184,46.29420736806615,7.647657096154894,0.0171016097531048,-0.007799362225721418,0.00900734019044358,0.017160702372825076,1
2024-01-11,49.22299957275391,50.34099960327149,48.38199996948242,49.25400161743164,79933000,48.28094959259033,46.57615982055664,47.89863791655493,60.605672075591826,0.5390129154966274,0.6475744160411341,-0.10856150054450664,49.97383994805537,46.58805923712529,7.012663875711535,0.018117692627397774,0.02905942308296594,0.014844468283736312,0.036994133899276305,0
2024-01-12,49.21599960327149,50.07899856567383,49.06100082397461,50.05099868774414,50037000,48.34184951782227,46.73709983825684,48.02410093433746,60.55142779222088,0.5836079579613838,0.6347811244251841,-0.051173166463800324,50.07675420872085,46.60694482692369,7.177651282286877,0.01632116051484107,-0.00014220932375474948,0.020888215418945144,0.03818085138741667,0
2024-01-16,48.124000549316406,49.415000915527344,47.80199813842773,49.0,46790000,48.398899459838866,46.85919982910156,48.03361518338308,52.63663387167589,0.5247852552127199,0.6127819505826912,-0.08799669536997135,50.02280637344709,46.77499254623064,6.7105117336634175,0.016398275055189832,-0.02218788732846333,0.006083673721008154,-0.007813904616442158,0
2024-01-17,48.03300094604492,48.62099838256836,47.5260009765625,48.45000076293945,48946000,48.4402494430542,46.97043983459473,48.033556684588966,52.02633804247337,0.4654594057302859,0.5833174416122102,-0.11785803588192434,49.98051224901723,46.89998663709117,6.359433833113296,0.016392622714292832,-0.0018909401178779373,-0.024175662536577436,-0.003650743410588908,1
2024-01-18,48.53099822998047,48.57699966430664,47.80199813842773,48.00299835205078,40544000,48.43619937896729,47.07633979797363,48.080932069864346,55.09480227497011,0.4534009376949655,0.5573341408287613,-0.10393320313379584,49.97505978543863,46.897338972495945,6.354174878302161,0.015123834835030542,0.010367815337936959,-0.013918265986931022,0.01459239529619838,0
2024-01-19,48.29499816894531,48.56700134277344,47.60599899291992,48.49800109863281,56724000,48.37584934234619,47.17275978088379,48.10131931739587,53.35320190902032,0.41996024205543137,0.5298593610740954,-0.109899119018664,49.835412521820544,46.91628616287184,6.034263787888518,0.014525257185923734,-0.004862872589531109,0.0035532710846362114,-0.018853003918157585,1
2024-01-22,48.57099914550781,48.97999954223633,47.9900016784668,48.755001068115234,52123000,48.358049392700195,47.27495979309082,48.14605072959701,55.13922803692047,0.4109915670544524,0.5060858022701668,-0.09509423521571436,49.79885507428882,46.917243711111574,5.958907357442402,0.014383220267251674,0.005714897753945403,0.011200595192193408,-0.013105503555002507,1
2024-01-23,49.21900177001953,49.89599990844727,48.13999938964844,49.20000076293945,155060000,48.36094951629639,47.38603981018066,48.24823654297058,59.09883830827191,0.45097367985457737,0.4950633777870489,-0.04408969793247153,49.80842644471977,46.913472587873,5.986139407521857,0.014665889110520242,0.013341348457140967,0.014176579199519646,0.022753744663870812,1
2024-01-24,54.48699951171875,56.25,53.70700073242188,53.775001525878906,264328000,48.651499557495114,47.60547981262207,48.84240444475612,76.92784988278348,0.8973985319007056,0.5755304086097802,0.3218681232909254,51.69178879797083,45.6112103170194,12.498234455786006,0.027837993188480112,0.10703178756681098,0.12821206289547016,0.13436592423037563,1
2024-01-25,56.20000076293945,56.34600067138672,54.84600067138672,55.19499969482422,94519000,49.005549621582034,47.83499984741211,49.54312790363072,79.98333472743131,1.3735845011863574,0.7351412271250957,0.6384432740612618,53.48820683892738,44.522892404236686,18.294488081289416,0.02841089319403366,0.031438715043434984,0.15706906902567241,0.1580227650916397,1
2024-01-26,57.04199981689453,57.9640007019043,55.84299850463867,56.180999755859375,127706000,49.398699569702146,48.086599807739255,50.25730618108442,81.29462006683013,1.798179307623819,0.9477488432248404,0.8504304643989786,55.08964303135232,43.707756108051974,23.040863468967167,0.028427063390313746,0.01498218936876472,0.15894263933731745,0.18111609855228705,1
2024-01-29,57.57899856567383,57.85499954223633,56.26800155639648,57.1349983215332,69054000,49.825099563598634,48.3408797454834,50.95461021771198,82.1000072031222,2.1531844914005376,1.1888359728599798,0.9643485185405578,56.53470825685006,43.11549087034721,26.932645401689676,0.028322164007810336,0.009414094009730922,0.056747464196299946,0.18546045127011013,0
2024-01-30,56.28499984741211,57.0880012512207,56.08200073242188,56.73199844360352,61818000,50.20494956970215,48.54269973754883,51.46226637292151,73.8486400361081,2.30355977191811,1.4117807326716059,0.8917790392465039,57.45265043514476,42.95724870425954,28.8724555150892,0.028958481246017485,-0.022473449530140743,0.0015124392049601365,0.14356240117199293,1
2024-01-31,56.4109992980957,57.21500015258789,56.20399856567383,56.28499984741211,48576000,50.68299961090088,48.73701972961426,51.933574270557145,74.12137660761448,2.4051750074559948,1.6104595876284837,0.794715419827511,58.237264084884266,43.12873513691749,29.80985550175929,0.026970457184704096,0.002238597335438852,-0.011062033603736698,0.03531117153850882,1
2024-02-01,56.7509994506836,57.26599884033203,56.382999420166016,56.70199966430664,31740000,51.169249534606934,48.9402197265625,52.392376668664426,74.88261156487934,2.4845012012325114,1.7852679103492894,0.699233290883222,58.96736163937183,43.37113742984204,30.47968135429016,0.026949080100018452,0.006027196057832862,-0.014380227784716038,0.009804246979788322,0
2024-02-02,56.4640007019043,56.77999877929688,56.23699951171875,56.45199966430664,40328000,51.619099617004395,49.120559768676756,52.78015038611584,72.93239166517222,2.495443461966964,1.9273030206728246,0.5681404412941395,59.547948100382705,43.690251133626084,30.720599709051815,0.027152709164392358,-0.005057157610566909,0.0031802585942517503,-0.010132869058686933,0
2024-02-05,56.20600128173828,57.57500076293945,55.720001220703125,56.24700164794922,41431000,52.05909976959229,49.29477981567383,53.106421899984646,71.1387638684258,2.4549972058115657,2.032841857700573,0.42215534811099253,59.98059751005652,44.137602029128054,30.432711189874162,0.02722832504027529,-0.004569272757134146,-0.003634007886904156,-0.02384545265005822,0
2024-02-06,55.5880012512207,56.63399887084961,55.4370002746582,56.4119987487793,28403000,52.41334991455078,49.45053985595703,53.34276279057856,66.89491943839133,2.346032219713358,2.09547993010313,0.2505522896102277,60.300656898966125,44.52604293013543,30.096557450626545,0.027357318930858788,-0.010995267701393474,-0.020492999431200087,-0.01238338097327818,1
2024-02-07,55.93000030517578,56.77999877929688,55.49800109863281,55.81600189208984,43736000,52.79939994812012,49.61001983642578,53.58916636339735,68.03149056645434,2.2612073577614566,2.1286254156347955,0.1325819421266612,60.58088609731037,45.01791379892987,29.475661302348964,0.027181964927154547,0.006152389836962646,-0.009457360266547754,-0.008526688037879815,0
2024-02-08,55.85300064086914,56.369998931884766,55.57400131225586,56.05500030517578,31755000,53.2003999710083,49.76873985290527,53.804769627918475,67.46984761839411,2.162837964404183,2.135467925388673,0.02737003901550983,60.73964348276584,45.66115645925076,28.342807632521826,0.027025591630373387,-0.0013767148915877492,-0.006280479536334371,-0.015823488898989657,1
2024-02-09,56.13199996948242,56.59999847412109,55.810001373291016,56.5,30557000,53.54584999084473,49.93337982177734,54.026410612829324,68.48508018383306,2.0833765574819694,2.1250496518073323,-0.041673094325362925,60.95650197224029,46.13519800944917,27.679650178912592,0.026575779553770922,0.004995243324655396,0.009786261531570695,-0.005879865547867125,0
2024-02-12,55.78499984741211,56.84400177001953,55.70000076293945,56.0359992980957,36085000,53.87430000305176,50.0946997833252,54.19389530183721,65.73717567695168,1.9696973650275424,2.0939791944513746,-0.12428182942383215,61.06731624712949,46.681283758974025,26.702959458109998,0.02669415200027682,-0.006181859229298259,-0.0025925345426871527,-0.007490328874595775,0
2024-02-13,55.45199966430664,55.91999816894531,54.900001525878906,55.08000183105469,35115000,54.24069995880127,50.255799789428714,54.313714764929536,63.11977252554696,1.831621659865057,2.041507687534111,-0.20988602766905418,60.95539469944078,47.526005218161764,24.758879386658652,0.02601102476671249,-0.005969349897218201,-0.007179578034507195,-0.002446599695128948,1
2024-02-14,57.93299865722656,58.125,56.43399810791016,56.72600173950195,56342000,54.735699844360354,50.482979736328126,54.65840846895782,72.04915336531731,1.900483956852554,2.0133029413977996,-0.11281898454524564,60.99082050204883,48.48057918667188,22.855725515430542,0.02719587480111102,0.04474138007536799,0.03208506179582593,0.03581259326160646,1
2024-02-15,59.34600067138672,59.37699890136719,58.03200149536133,58.19100189208984,52209000,55.27644996643066,50.762099761962894,55.1048458215701,75.66318806003748,2.045496071498249,2.01974156741789,0.025754504080359286,61.15081818629932,49.402081746562004,21.254506117654646,0.027392735898325343,0.02439027923481918,0.06383437902151057,0.06253916513773938,0
2024-02-16,58.39500045776367,59.70000076293945,57.74599838256836,59.69499969482422,43257000,55.78145008087158,51.019699783325194,55.41819388215997,69.17983886745382,2.059935790188071,2.027780411971926,0.032155378216145,60.84949103508038,50.713409126662775,18.17106205328543,0.02783130823278686,-0.016024672309242316,0.05307294256786532,0.04031569317878558,0
2024-02-20,57.51300048828125,58.59999847412109,56.96599960327149,58.01800155639648,31242000,56.22855014801026,51.27649978637695,55.617699273219145,63.72597949521698,1.9774149364371922,2.0177073168649793,-0.040292380427787045,60.11274608254012,52.34435421348039,13.815742800785385,0.028379657126993852,-0.015104032238519527,-0.007249722587817753,0.030976080408635198,0
2024-02-21,57.334999084472656,57.57799911499024,56.73199844360352,57.35100173950195,22706000,56.63435001373291,51.519199752807616,55.78125163619568,62.652479144647366,1.8760276605571846,1.9893713856034205,-0.11334372504623591,58.835798648349964,54.43290137911586,7.774252318895638,0.028480555535796034,-0.0030949768278020207,-0.03388605068856232,0.0339572861495574,1
2024-02-22,58.84700012207031,59.084999084472656,57.88899993896485,58.275001525878906,35266000,56.852350044250485,51.78861976623535,56.07322768246945,67.63923191256981,1.895829419940391,1.9706629924708148,-0.07483357253042389,59.02334550770027,54.6813545808007,7.637311251900796,0.017200310765783676,0.026371344933135754,0.007740382922568179,0.015776871317358276,0
2024-02-23,58.35599899291992,59.24300003051758,57.98199844360352,58.63999938964844,25689000,56.960149955749515,52.03595977783203,56.290634473940926,64.62171559287214,1.8505705439700506,1.946644502770662,-0.09607395880061143,59.2037671543474,54.716532757151626,7.8778486374803505,0.01612636858400583,-0.00834369004591351,0.014657529558215865,-0.016681860062461085,1
2024-02-26,58.76499938964844,59.07500076293945,58.32699966430664,58.35599899291992,23937000,57.04629993438721,52.28525978088379,56.526288275436876,65.98307240153154,1.826648999926391,1.922645402201808,-0.09599640227541695,59.424174463125475,54.66842540564894,8.336647710625304,0.01588545203744611,0.0070087121082125226,0.02494114115304913,0.006336140576835625,1
2024-02-27,60.16699981689453,60.5359992980957,59.233001708984375,59.5,44894000,57.17569999694824,52.528639755249024,56.87302270795665,70.21417820745069,1.8989310265679151,1.9179025270750294,-0.01897150050711427,59.910349838269845,54.441050155626634,9.565776515084442,0.016572496978325316,0.02385774596796919,0.022431044778596254,0.046146076644950185,0
2024-02-28,59.64799880981445,59.81700134277344,59.0009994506836,59.57899856567383,26052000,57.34384994506836,52.78193969726563,57.13730614622882,66.8969899814954,1.892520214664522,1.9128260645929278,-0.020305849928405895,60.247123109476455,54.44057678066026,10.125839709713398,0.01575060791072953,-0.008626007756071363,0.022139965713743992,0.04034184638137028,1
2024-02-29,60.29199981689453,60.45199966430664,59.51599884033203,60.42499923706055,35721000,57.5378999710083,53.04365966796875,57.4377531624827,68.86274183932218,1.9173036165623785,1.913721574986818,0.003582041575560524,60.67519958761192,54.40060035440468,10.9051585761191,0.015844177892406466,0.010796690918893237,0.025984862470960435,0.024555197237357218,1
2024-03-01,61.93399810791016,62.02799987792969,59.95000076293945,59.98099899291992,42703000,57.79704990386963,53.31009963989258,57.865966966809125,73.22802532513018,2.0458568165740587,1.9401486233042662,0.10570819326979253,61.446064485042186,54.14803532269707,12.626992509969783,0.016711610458665052,0.02723409898497886,0.029368230032960296,0.061313304145891534,0
2024-03-04,61.58300018310547,62.44200134277344,61.507999420166016,62.15599822998047,30203000,58.052999877929686,53.551719665527344,58.21997013026592,70.93857575744838,2.095260693617888,1.9711710373669908,0.1240896562508973,61.9981926140481,54.10780714181127,13.591692916521545,0.016730540887137227,-0.005667289946196252,0.032440340194156425,0.04795372794564212,0
2024-03-05,59.84999847412109,61.09099960327149,59.20000076293945,61.0099983215332,38496000,58.235199737548825,53.77017967224121,58.37521092491879,60.82679154858183,1.971844669575205,1.9713057638086338,0.0005389057665712293,62.15888660041348,54.31151287468417,13.47531005490738,0.01816988539508575,-0.028140910703142508,-0.007331011479396854,-0.005268691205115306,0
2024-03-06,59.76900100708008,60.792999267578125,59.35599899291992,60.29899978637695,24696000,58.4442497253418,53.9823397064209,58.50795283750558,60.39348767768393,1.846218702717131,1.9462883515903333,-0.10006964887320224,62.22439367893816,54.66410577174543,12.935896932071559,0.017896454003354018,-0.0013533411713624321,-0.03495652092503254,0.0020286044742496845,1
2024-03-07,60.85100173950195,61.053001403808594,59.59000015258789,59.93399810791016,27428000,58.6902997970581,54.22583976745605,58.731100351981425,64.07506903512638,1.8130677192726097,1.9196442251267887,-0.106576505854179,62.424135195266814,54.95646439884939,12.72385866529812,0.018177025576432384,0.018103041948010823,-0.011886371911518645,0.009271577063376446,0
2024-03-08,60.48199844360352,61.60900115966797,60.08399963378906,60.82699966430664,27772000,58.921749687194826,54.453099746704105,58.89785255118353,61.959802023069386,1.736996825798279,1.8831147452610868,-0.14611791946280772,62.49375669754678,55.34974267684287,12.124578884079677,0.01828506445049534,-0.00606404636489144,0.010559732424315849,-0.023444306982681185,0
2024-03-11,60.09299850463867,61.09999847412109,60.0369987487793,60.80799865722656,25009000,59.11979961395264,54.67137969970703,59.01167597532212,59.72153921947681,1.6265709531497023,1.83180598683881,-0.20523503368910756,62.484344612763884,55.75525461514139,11.382125855572738,0.018435056246914855,-0.00643166477588486,0.005420828390961585,-0.024195016060220453,1
2024-03-12,61.108001708984375,61.52999877929688,59.62699890136719,60.02099990844727,28216000,59.38594970703125,54.912519760131836,59.21132604519472,63.43337301124362,1.6024874515278285,1.7859422797766138,-0.18345482824878534,62.484857769300376,56.28704164476213,10.436502497836509,0.01851409399473029,0.016890540156144107,0.004223430381353754,0.02101926928882447,0
2024-03-13,60.94499969482422,61.48500061035156,60.72100067138672,61.33700180053711,21921000,59.66059970855713,55.157659759521486,59.3764378213499,62.4382503393728,1.5523536362896166,1.7392245510792144,-0.18687091478959772,62.2475739005816,57.07362551653266,8.672303680022916,0.018428198368962753,-0.0026674414086786946,0.007655191017744256,0.019675729356842364,1
2024-03-14,61.30099868774414,62.08000183105469,60.73500061035156,61.5,31205000,59.82899971008301,55.446679763793945,59.55972933243507,63.77487417113189,1.5237831464494178,1.6961362701532552,-0.17235312370383737,62.382480062820584,57.27551935734544,8.535928613585808,0.01587745484613576,0.005841315853680307,0.02010217850940199,0.007395062289501597,0
2024-03-15,60.5880012512207,62.29199981689453,60.38199996948242,62.29199981689453,66716000,59.891099739074704,55.71791976928711,59.657659991367034,59.22895860136662,1.4271565210519626,1.642340320332997,-0.21518379928103437,62.45496309561835,57.327236382531055,8.561750803419994,0.015351557425688209,-0.011631090060299276,-0.008509531374304768,0.0017526340125157969,1
2024-03-18,61.8390007019043,62.74100112915039,61.04499816894531,61.35599899291992,33442000,60.06329975128174,56.00535980224609,59.86540672570391,64.0684678604432,1.4349828360110237,1.6008688234686024,-0.16588598745757865,62.66445044943465,57.462149053128826,8.661364623402681,0.015382576064205794,0.020647643507771152,0.014668980417699595,0.029055002091979976,1
2024-03-19,62.07400131225586,62.12799835205078,60.79999923706055,61.5620002746582,21426000,60.29134979248047,56.2987198638916,60.07574906728029,64.91105795494963,1.4435079709384908,1.5693966529625802,-0.12588868202408943,62.754221400304736,57.8284781846562,8.169900379743822,0.01478187175741398,0.0038002006449682213,0.012609951567824407,0.015808070567777444,1
2024-03-20,62.76900100708008,62.95100021362305,61.83399963378906,61.994998931884766,26395000,60.56304988861084,56.58403991699219,60.332249252023125,67.34959570668249,1.489178545515074,1.553353031473079,-0.06417448595800512,62.85438181440673,58.271717962814954,7.566765313207196,0.014770002692260302,0.011196308923733023,0.0359972224007874,0.029928645851002633,0
2024-03-21,62.27099990844727,63.43600082397461,62.233001708984375,63.06499862670898,25077000,60.734249877929685,56.86527992248535,60.51689217168257,63.921622868462606,1.4682630556711445,1.5363350363126922,-0.06807198064154774,62.99863004534933,58.46986971051004,7.45668275139923,0.014089920070909307,-0.007933870073487892,0.006985869785079979,0.01582357941090229,1
2024-03-22,62.80099868774414,62.90499877929688,62.09999847412109,62.41600036621094,21357000,60.956499862670896,57.16463989257812,60.734426125593195,65.91025902903769,1.477423038265293,1.5245526367032125,-0.04712959843791942,63.1135608246971,58.79943890064469,7.0773780216576005,0.013882931781019419,0.008511165391210884,0.011711785290450472,0.03652534150033304,0
2024-03-25,62.74599838256836,63.04600143432617,62.31600189208984,62.790000915527344,18033000,61.15554981231689,57.435099868774415,60.9260044357813,65.50673518092444,1.4633754442921045,1.5123171982209909,-0.04894175392888633,63.19867354571449,59.11242607891929,6.681727953285802,0.013898018951323738,-0.0008757871104765336,-0.0003664647221185424,0.01466708178284204,1
2024-03-26,62.92399978637695,63.43899917602539,61.917999267578125,62.52000045776367,28045000,61.293399810791016,57.709259872436526,61.1162897072666,66.22738436117652,1.4498923935423775,1.4998322372852684,-0.049939843742890844,63.421399093007985,59.16540052857405,6.9436490349237365,0.013035517918741255,0.002836856666512899,0.01048642030623781,0.013693308891838285,0
2024-03-27,61.35300064086914,63.1349983215332,61.073001861572266,62.9010009765625,26283000,61.37864990234375,57.973839874267576,61.13883360570494,55.25505544103406,1.297483890395469,1.4593625679073086,-0.16187867751183949,63.368260968271755,59.38903883641575,6.483072107625583,0.01421650585209758,-0.024966612911468733,-0.0230569270733203,-0.022558911938891923,0
2024-03-28,60.733001708984375,61.5,60.15900039672852,61.499000549316406,37088000,61.40069999694824,58.227839889526365,61.10018294887441,51.62025136848809,1.1138307735300756,1.390256209031862,-0.27642543550178633,63.35103791722031,59.45036207667617,6.3528198224743555,0.014265799138161082,-0.010105437801061101,-0.03208167413817453,-0.02469846640850648,1
2024-04-01,61.430999755859375,61.51100158691406,60.55699920654297,60.79999923706055,21159000,61.3755500793457,58.485839920043944,61.13168931144441,55.19376458595335,1.0129305315938808,1.3147910735442658,-0.30186054195038503,63.31064443618632,59.44045572250508,6.305749942245574,0.01309734381450695,0.011492895579566564,-0.02372703635474893,-0.02181492270045904,0
2024-04-02,61.42100143432617,61.50299835205078,60.55099868774414,61.09999847412109,20292000,61.36745014190674,58.74835998535156,61.15924284695696,55.13094648420035,0.9215366807056711,1.236140194976547,-0.31460351427087585,63.30035825921451,59.43454202459896,6.299457164467803,0.013036888548768144,-0.00016275693986644857,0.0011083531815350156,-0.021116835852440397,1
2024-04-03,63.007999420166016,63.04100036621094,61.150001525878906,61.275001525878906,29312000,61.525350189208986,59.03709999084472,61.335314901548294,62.438495414879455,0.966028099185543,1.1821177758183463,-0.21608967663280332,63.45256386814248,59.598136510275495,6.264779226795876,0.012491520668538269,0.02583803501700843,0.037459003295815974,0.0013349379262956873,0
2024-04-04,61.7140007019043,63.79999923706055,61.65800094604492,63.32099914550781,30643000,61.6226001739502,59.28699996948242,61.371380215867916,54.62636822577781,0.8866522119316826,1.1230246630410137,-0.23637245110933103,63.37373912886346,59.87146121903693,5.683430916482252,0.013509977572121138,-0.020537054503710683,0.004606810033527475,0.005883983786681757,1
2024-04-05,63.61800003051758,63.79100036621094,62.27099990844727,62.492000579833984,33788000,61.76095008850098,59.4696199798584,61.58534400773931,62.13372548161462,0.9662448140930309,1.0916686932514172,-0.12542387915838638,63.67593732937206,59.84596284762989,6.2012881541718015,0.014583335087963287,0.030851983455263632,0.035769501390180425,0.04750297598260178,0
2024-04-08,62.84099960327149,63.900001525878906,62.81100082397461,63.63899993896485,21457000,61.878900146484376,59.60243995666504,61.70493025493285,57.92194409227994,0.9556094134523221,1.0644568372915983,-0.10884742383927626,63.75444945185065,60.003350841118106,6.061999489087005,0.014832256352220193,-0.012213531184151694,-0.002650454203138475,0.022952578551802327,0
2024-04-09,61.81999969482422,63.19900131225586,61.5629997253418,63.19900131225586,21436000,61.965250205993655,59.69799995422363,61.71588924920822,52.85215113173571,0.8549394126929712,1.022553352371873,-0.1676139396789018,63.65364138801356,60.27685902397375,5.449477493940933,0.015282172175145289,-0.01624735307988512,0.0017175842064092173,0.006496121052742332,1
2024-04-10,61.858001708984375,62.01399993896485,60.93399810791016,61.09700012207031,28062000,62.00275020599365,59.78358001708985,61.729423769186894,53.01698769365954,0.7693555053906707,0.9719137829756327,-0.20255827758496203,63.64602901204567,60.359471399941626,5.300664246642311,0.014848253570062924,0.0006147203873787532,-0.02766509982534704,-0.018251614426176732,1
2024-04-11,62.87799835205078,63.16600036621094,61.7239990234375,62.44200134277344,26627000,62.09940013885498,59.915439987182616,61.83881182469774,57.32919211669212,0.7749022560350198,0.9325114775875102,-0.15760922155249035,63.709507287771096,60.48929298993887,5.1855803608920406,0.015231546470180926,0.016489324176119702,0.0005887676678104636,0.018861160140450473,0
2024-04-12,62.28300094604492,63.3120002746582,61.891998291015625,62.823001861572266,29593000,62.14850025177002,60.032880020141604,61.881115550540336,54.20390398137223,0.722953025365193,0.8905997871430469,-0.16764676177785387,63.71759381892612,60.579406684613915,5.049497770017109,0.015394631811223691,-0.009462728165653411,0.0074895058800763525,-0.020984612591283258,0
2024-04-15,60.71500015258789,63.016998291015625,60.387001037597656,63.016998291015625,30854000,62.15485019683838,60.11216003417969,61.77005694121153,46.94140311113839,0.5489305958710062,0.8222659488886388,-0.27333535301763257,63.69946873097849,60.610231662698276,4.970226874486702,0.016249404174436228,-0.02517542137726103,-0.018477828653014394,-0.03383140726763556,1
2024-04-16,61.75199890136719,62.244998931884766,60.75,60.75,35191000,62.15050010681152,60.217919998168945,61.76833712789302,51.563558065917874,0.48905616416569586,0.7556239919440503,-0.2665678277783544,63.69913704794353,60.60186316567951,4.983505968481445,0.016031576507549956,0.017079778410164392,-0.0179076859981957,-0.001099980488397212,0
2024-04-17,61.36899948120117,62.09700012207031,60.77099990844727,62.09700012207031,33122000,62.11525001525879,60.321179962158205,61.73030497106522,49.83675402890628,0.4060200469569395,0.6857032029466282,-0.27968315598968874,63.70089951375238,60.52960051676519,5.105507900568944,0.016064462251954407,-0.006202218988534458,-0.014674974727623358,-0.007905238033452,0
2024-04-18,61.055999755859375,62.132999420166016,60.542999267578125,61.209999084472656,84684000,62.02959995269775,60.43053993225098,61.666085426759906,48.40994678262102,0.31136761182928296,0.6108360847231592,-0.29946847289387624,63.64943474357992,60.409765161815585,5.2227800666695,0.015854648739952407,-0.00510029050477967,0.005616397964497866,-0.02897672705785137,0
2024-04-19,55.50400161743164,57.900001525878906,55.21599960327149,56.78799819946289,164497000,61.691250038146975,60.422019958496094,61.07922030206198,31.294872624787246,-0.20923306618610127,0.4468222545413071,-0.6560553207274084,64.95789572293813,58.42460435335581,10.590304728048858,0.025575177817678346,-0.09093288392014132,-0.1011788670017808,-0.10884188664072003,0
2024-04-22,55.459999084472656,55.86100006103516,54.20100021362305,55.06600189208984,85977000,61.3242000579834,60.41415992736816,60.54405637657728,31.200722288321785,-0.6182368414349213,0.23381043534606144,-0.8520472767809828,65.52556418820222,57.12283592776457,13.70214083916739,0.025392532830822254,-0.0007927812712005267,-0.0962864059489611,-0.08655194029331226,1
2024-04-23,57.775001525878906,57.92100143432617,55.52799987792969,55.64899826049805,49755000,61.075650215148926,60.44701995849609,60.28033686698696,41.22000621442424,-0.7469634011736943,0.03765566804211029,-0.7846190692158046,65.49372812370797,56.65757230658989,14.467559143441417,0.027532464787101363,0.04174184059902708,-0.05373752363567841,-0.06440273102479654,0
2024-04-24,55.512001037597656,57.69100189208984,55.130001068115234,57.430999755859375,53553000,60.70505027770996,60.44155998229981,59.82620964514036,35.74061068023583,-1.0198293954624162,-0.17384134465879503,-0.8459880508036213,65.6525339167188,55.75756663870112,16.300072617930056,0.02858578775894378,-0.039169198243423575,0.00014412330521951233,-0.0954390407716792,1
2024-04-25,56.47999954223633,56.65399932861328,54.57099914550781,54.94599914550781,38071000,60.46140022277832,60.4621199798584,59.507522968673314,39.44847960347057,-1.1447720527777179,-0.36802748628257964,-0.7767445664951382,65.72698430909098,55.195816136465666,17.418002450855884,0.02866557670261409,0.017437643870612085,0.01839164216735889,-0.07494759289702568,0
2024-04-26,56.12300109863281,56.29199981689453,55.31900024414063,55.82099914550781,43326000,60.23090019226074,60.42592002868653,59.18518755247898,38.56467994349597,-1.2580942720697266,-0.546040843440009,-0.7120534286297175,65.82227235232756,54.63952803219392,18.56645722451039,0.028633733721472144,-0.00632079402437935,-0.028593689028396096,0.011152339708183634,0
2024-04-29,55.94900131225586,55.9640007019043,55.42399978637695,55.917999267578125,25089000,59.956800270080564,60.35798004150391,58.8769793391244,38.11644773935236,-1.3464225547921629,-0.7061171857104398,-0.6403053690817231,65.81698826827832,54.0966122718828,19.548034490833537,0.028415639972342303,-0.00310032932970139,0.007872176583262114,0.008817205839444675,0
2024-04-30,55.06399917602539,56.0,54.9379997253418,56.0,33615000,59.638950157165525,60.29136001586914,58.51383837121021,35.83504693871316,-1.4708802395327822,-0.8590697964749083,-0.6118104430578739,65.82739197206713,53.450508342263916,20.753020630287125,0.028512058840924875,-0.01581801489701673,-0.02507082821684581,-0.046923449212531665,1
2024-05-01,55.17100143432617,56.03900146484375,54.42499923706055,54.78400039672852,34732000,59.247100257873534,60.24452003479004,58.19547294864983,36.331237939744405,-1.5430918609376718,-0.9958742093674611,-0.5472176515702107,65.52444374798158,52.96975676776548,21.19038218844755,0.02763679181948769,0.0019432344163510251,-0.016962736234178877,-0.006142808706184666,1
2024-05-02,56.51499938964844,56.54600143432617,55.55899810791016,55.60200119018555,30682000,58.98715019226074,60.22812004089356,58.035427847792555,42.36046725351245,-1.4748693130561037,-1.0916732301051897,-0.383196082950914,65.26492851082482,52.709371873696675,21.285240253521284,0.028231901856695142,0.024360586546940288,0.010116321366197445,0.0006196856886646618,1
2024-05-03,57.93399810791016,58.0260009765625,56.51599884033203,56.59999847412109,33075000,58.70295009613037,60.20986000061035,58.02576787256566,47.963364800444396,-1.2914144924550186,-1.1316214825751554,-0.15979300987986322,64.62074475766848,52.78515543459227,20.161830544622653,0.0278858029313118,0.02510835589819793,0.05212114947754021,0.0322683565352222,1
2024-05-06,59.696998596191406,59.73400115966797,58.025001525878906,58.18199920654297,36863000,58.545750045776366,60.23667999267578,58.184932703387155,53.95236920539691,-0.9923268932897855,-1.1037625647180813,0.1114356714282958,64.17552641541916,52.915973676133575,19.232058228790038,0.028861212211512086,0.03043118973072434,0.08203579859344834,0.0669895296793177,1
2024-05-07,60.59999847412109,60.60499954223633,59.13199996948242,59.62799835205078,36141000,58.484749984741214,60.273379974365234,58.41493896726658,56.701159656534635,-0.6746562553250328,-1.0179413028394717,0.3432850475144389,63.99649590691656,52.97300406256587,18.848489302299722,0.02890757166533887,0.015126386571590489,0.07228167970609367,0.10053754505550061,1
2024-05-08,60.946998596191406,61.821998596191406,60.16299819946289,60.16299819946289,30939000,58.43919982910156,60.28897994995117,58.656087503354655,57.745011706416996,-0.39039969156555543,-0.8924329805846886,0.5020332890191331,63.852868829862246,53.02553082834088,18.527526100947004,0.028941330484413594,0.005726074765802336,0.05200746688790758,0.10469262858570372,1
2024-05-09,61.20899963378906,61.571998596191406,60.57500076293945,61.43999862670898,20654000,58.355749893188474,60.320199966430664,58.89922199196746,58.55740749987961,-0.14234219056027797,-0.7424148225798065,0.6000726320195285,63.53973756762635,53.1717622187506,17.76684451464129,0.028695755013577608,0.004298834128544371,0.02532792390159,0.08305760054560674,0
2024-05-10,61.08700180053711,62.39799880981445,60.50600051879883,61.900001525878906,26536000,58.295949935913086,60.336100006103514,59.107581973735996,57.99824463759337,0.043894966726441,-0.585152864718557,0.629047831444998,63.32255030783544,53.26934956399073,17.24511008894541,0.02862753432346819,-0.001993135551664915,0.00803635872406816,0.05442406523979293,1
2024-05-13,61.65900039672852,61.821998596191406,60.68299865722656,61.43000030517578,20862000,58.343149948120114,60.330600051879884,59.350574204497185,59.9302173745984,0.2349365595478119,-0.4211349798652832,0.6560715394130952,63.476322536747915,53.209977359492314,17.596487653451415,0.02810189502507507,0.009363671146590535,0.011682311138150325,0.032866004098609514,0
2024-05-14,61.36600112915039,62.14799880981445,60.84000015258789,61.516998291015625,27924000,58.323850059509276,60.32626007080078,59.54251962589273,58.44717575867328,0.35856252050364645,-0.26519547979149727,0.6237580002951437,63.40828183672478,53.23941828229377,17.435171964908815,0.027874028344300684,-0.004751930224183076,0.002565006719610796,0.012640308157044311,0
2024-05-15,61.35200119018555,62.40999984741211,60.90999984741211,61.85699844360352,56706000,58.3230001449585,60.35630012512207,59.714851203444425,58.37284601344682,0.45021748030372066,-0.12211288777245369,0.5723303680761743,63.40540080426281,53.24059948565419,17.42846097310596,0.027835283820758675,-0.00022813836175150648,0.004338065084839471,0.006645160603847122,0
2024-05-16,61.05199813842773,61.83399963378906,60.90900039672852,61.57500076293945,30564000,58.32280006408691,60.38196006774902,59.84219853058569,56.70854516983173,0.4929643708296041,0.000902563947957874,0.49206180688164625,63.40477064021213,53.2408294879617,17.42704592557623,0.027833148397346054,-0.0048898657898353015,-0.009844503712275632,-0.0025650067196110182,1
2024-05-17,62.11000061035156,62.57899856567383,61.47100067138672,61.70000076293945,37827000,58.65310001373291,60.40714004516602,60.05817968103958,60.938322879335615,0.6052367543770885,0.12176940203378399,0.48346735234330446,63.81735072110663,53.48884930635919,17.609472325127136,0.017892731015295538,0.017329530632641088,0.012123968769536697,0.016746587320732642,1
2024-05-20,64.08200073242188,64.43699645996094,61.95199966430664,62.040000915527344,38579000,59.084200096130374,60.47914009094238,60.441400733552186,67.34299195694678,0.8436127141378265,0.2661380644545925,0.5774746496832339,64.54144391863136,53.62695627362939,18.472768738925176,0.018723021674847372,0.03175012240688413,0.04449731857602468,0.03929678262870295,1
2024-05-21,65.06099700927734,65.08799743652344,63.422000885009766,63.67599868774414,29202000,59.448499870300296,60.57850006103516,60.88136228362124,69.97500222491726,1.0988572549629083,0.43268190255625566,0.6661753524066527,65.45285436727289,53.44414537332771,20.200188432247693,0.01702794190790967,0.015277242683843895,0.06566531797632114,0.0602124272746809,0
2024-05-22,64.0469970703125,64.92500305175781,63.8120002746582,64.71399688720703,21762000,59.87524967193603,60.637279968261716,61.18285131092517,64.20322449235695,1.205423697743612,0.5872302615937269,0.618193436149885,65.91295139032692,53.83754795354513,20.167604315546797,0.014331581117725404,-0.01558537350450151,0.03118654710877755,0.043926780346947636,0
2024-05-23,63.56700134277344,64.27100372314453,63.0,64.23400115966797,23139000,60.22959976196289,60.68972000122071,61.40991321872025,61.612509137070354,1.2368886453294436,0.7171619383408703,0.5197267069885734,66.26050744540765,54.19869207851812,20.02639136663663,0.014484437939294452,-0.007494429863934338,-0.008036568517872045,0.04119444540772044,1
2024-05-24,64.67500305175781,65.19999694824219,63.7599983215332,63.93999862670898,26153000,60.65719985961914,60.75720008850098,61.720874155200015,65.11215972860845,1.3358326734102022,0.8408960853547367,0.4949365880554655,66.67550291593173,54.63889680330655,19.843656054816037,0.014392177475820936,0.01743045425423917,-0.005932801144508892,0.04129773653518143,1
2024-05-28,64.9000015258789,64.9749984741211,64.3030014038086,64.70500183105469,26095000,61.104749870300296,60.84344009399414,62.02364819050277,65.7941207373388,1.4160783551878637,0.9559325393213622,0.4601458158665015,66.98570337402255,55.22379636657804,19.248760583113576,0.014218148026471252,0.0034789093699931772,0.013318414517232702,0.012764907214315002,1
2024-05-29,65.46199798583984,66.42500305175781,64.38899993896484,64.41300201416016,36959000,61.62464981079101,60.91590003967285,62.351110075772965,67.50283567506014,1.5076428849514372,1.0662746084473773,0.44136827650405985,67.10218746547235,56.14711215610967,17.777099493463336,0.013111870878540962,0.008659421367453124,0.02981101205085923,0.006163461904915568,0
2024-05-30,64.76599884033203,65.64900207519531,64.4729995727539,65.35199737548828,23889000,62.10439968109131,60.96973999023437,62.58109948192145,63.28645843505601,1.506679061791779,1.1543554991162577,0.35232356267552123,66.87162930403893,57.337170058143684,15.352308845838774,0.013742669151180307,-0.010632109726598449,0.00140696999274037,0.011226158959961818,0
2024-05-31,64.16200256347656,64.85800170898438,62.83000183105469,64.4010009765625,40710000,62.48674983978272,60.9976000213623,62.73166168016479,59.79586828923554,1.440571758748959,1.2115987510427981,0.2289730077061609,66.57822616297311,58.395273516592326,13.095500513888206,0.01371409529627819,-0.009325823544303002,-0.01137132426889187,0.009360221626543153,0
2024-06-03,63.37900161743164,64.6780014038086,62.72700119018555,64.52200317382812,23235000,62.75900001525879,61.019760055541994,62.79331310276164,55.52067722316365,1.3098999015950454,1.2312589811532477,0.07864092044179771,66.28850576699944,59.22949426351815,11.24780748859129,0.013580090016020277,-0.012203499185834854,-0.03181993267084171,-0.020038676044421888,0
2024-06-04,63.1619987487793,63.52299880981445,62.64400100708008,63.37799835205078,30082000,62.932250022888184,61.026980056762696,62.82842602142998,54.36067959466376,1.1752832615780164,1.2200638372382016,-0.04478057566018512,66.17179623320308,59.692703812573285,10.2953452614095,0.012232388374897245,-0.003423892190069777,-0.02476608282545112,-0.026779703177766234,1
2024-06-05,65.0270004272461,65.125,62.82500076293945,63.402000427246094,26826000,63.15360012054443,61.07260009765625,63.037814060079135,61.75610126343085,1.2051959052990355,1.2170902508503685,-0.011894345551332952,66.32982312590819,59.977377115180666,10.058723490984354,0.013361923918477861,0.029527274554509653,0.013481466120290886,-0.006645039442392919,0
2024-06-06,64.85199737548828,65.79900360107422,64.42400360107422,64.48899841308594,24667000,63.348850059509275,61.111160049438475,63.21059342345143,60.761152190596235,1.2009369535977967,1.2138595913998542,-0.01292263780205749,66.43737640953506,60.26032370948349,9.750852137408831,0.013424368769014587,-0.00269123672640581,0.023241069131191727,0.0013278346153242637,0
2024-06-07,64.14700317382812,65.04000091552734,64.02400207519531,64.93800354003906,18766000,63.49575023651123,61.16704010009766,63.299775304439684,56.791701018102536,1.1276754231741037,1.1966227577547042,-0.06894733458060043,66.43926753333133,60.55223293969112,9.271541121589985,0.013782476815655455,-0.010870817094164265,0.015594890037704312,-0.00023377371417920845,1
2024-06-10,64.44999694824219,64.47899627685547,63.55899810791016,64.10099792480469,20644000,63.663899993896486,61.241380004882814,63.409320222897065,58.05984152258642,1.0815962297962685,1.1736174521630172,-0.0920212223667487,66.41579030145827,60.9120096863347,8.645057270527296,0.013750659065514806,0.004723428366450788,-0.008873290713285686,0.016898267619854357,1
2024-06-11,64.8550033569336,65.01899719238281,64.052001953125,64.0719985961914,21674000,63.82370014190674,61.3098600769043,63.54700433090054,59.75993105916725,1.0654766182443325,1.1519892853792801,-0.08651266713494765,66.46009481664322,61.18730546717026,8.261491166681571,0.013690071067221277,0.006284040773759214,4.6351408853340104e-05,0.026804164556097465,1
2024-06-12,65.00599670410156,65.5780029296875,64.31099700927734,65.22100067138672,20944000,64.0056999206543,61.381559982299805,63.68595598549111,60.40435220133624,1.0527501626059959,1.1321414608246232,-0.07939129821862734,66.43254753594805,61.57885230536054,7.58322342635807,0.013580563258435435,0.0023281680572424523,0.013391015757130642,-0.0003230000308568348,1
2024-06-13,65.32599639892578,65.5250015258789,64.23500061035156,64.4000015258789,18636000,64.2043996810913,61.427919921875,63.842150310580124,61.80054274318426,1.0563091811362213,1.116975004886943,-0.060665823750721604,66.36585200218352,62.04294735999909,6.733034906730162,0.013565509721517514,0.004922618082156438,0.013591923850470922,0.007308934845801085,1
2024-06-14,66.93800354003906,67.55799865722656,65.26399993896484,65.50499725341797,44471000,64.49869995117187,61.5323999786377,64.1369934752905,67.93445957859791,1.1756530367557048,1.1287106112606953,0.04694242549500949,66.45635580825454,62.5410440940892,6.0703730728361815,0.014228882653906767,0.024676349845002665,0.03211780240980855,0.043509442812905474,1
2024-06-17,67.58300018310547,68.27100372314453,66.51100158691406,66.91100311279297,36312000,64.77234992980956,61.611699981689455,64.46518459032049,70.00955815090792,1.307211025798999,1.164410694168356,0.14280033163064298,66.84461532968245,62.700084529936674,6.398611142311485,0.01397136356682563,0.009635731706288508,0.03964255006709716,0.04861137910338931,1
2024-06-18,68.56700134277344,68.70600128173828,67.46399688720703,67.56300354003906,29438000,64.99659996032715,61.726220016479495,64.85583380483982,72.89175961994299,1.4738823515950514,1.2263050256536951,0.24757732594135629,67.6191351934702,62.37406472718409,8.069761294417882,0.012662759353159215,0.014559891644377654,0.04961279004541819,0.05723533719381102,0
2024-06-20,67.90299987792969,68.98799896240234,67.37200164794922,68.18000030517578,25851000,65.13870010375976,61.8478800201416,65.14604009751504,68.133375607078,1.534700141258611,1.2879840487746783,0.24671609248393267,68.05169237052732,62.22570783699219,8.943968062388238,0.012667235901753468,-0.009683979929709041,0.014416270083606797,0.04456516814925382,1
2024-06-21,68.61199951171875,68.69000244140625,67.80999755859375,68.32599639892578,45064000,65.36695022583008,61.98295997619629,65.47613147029634,70.35844563586907,1.62141832171028,1.3546709033617987,0.26674741834848126,68.59983285997644,62.13406759168372,9.891489882815044,0.012064801405415248,0.010441359513771786,0.015225712469487451,0.05030161488431584,0
2024-06-24,66.9020004272461,68.55000305175781,66.44999694824219,68.5,39163000,65.53370018005371,62.063440017700195,65.61192851381536,59.55714522075846,1.5344720310326068,1.3906311288959603,0.14384090213664646,68.72174355571234,62.34565680439509,9.729477709634828,0.013451692201169528,-0.024922740871013316,-0.024282831142109274,-0.0005378575829713128,1
2024-06-25,67.24099731445312,67.36699676513672,66.2300033569336,67.34400177001953,22706000,65.66199989318848,62.16259994506836,65.76707792339991,60.84059937642704,1.4759073437998609,1.4076863718767405,0.06822097192312038,68.9075010638732,62.41649872250376,9.885477676476908,0.013013440965823225,0.005067066530778597,-0.009749238835790153,-0.005060486627195271,1
2024-06-26,67.76899719238281,68.2959976196289,67.00199890136719,67.24099731445312,35458000,65.80544967651367,62.303679885864256,65.95773690139828,62.81972754292053,1.4553235210586308,1.4172138017131186,0.038109719345512216,69.1554833642514,62.455415988775954,10.181629953767693,0.013075708985706402,0.007852350485827664,-0.012286514390124403,-0.011638311939606627,1
2024-06-27,68.43399810791016,68.85700225830078,67.81400299072266,67.93499755859375,24048000,65.95404968261718,62.437319869995115,66.19357130201846,65.20494775660529,1.475660217060593,1.4289030847826134,0.04675713227797962,69.48854532134638,62.41955404388799,10.718054935937447,0.013107984920457488,0.009812760156971745,0.022899131130317496,0.007819952445916378,0
2024-06-28,67.48799896240234,68.69999694824219,67.30799865722656,67.9000015258789,34124000,66.0901496887207,62.559699859619144,66.31685012681692,59.37001009896755,1.399312565944001,1.422984981014891,-0.023672415070889796,69.64076564815223,62.53953372928917,10.74476597845411,0.01329188519446651,-0.01382352590325231,0.0036733787096303594,-0.01638198212142805,0
2024-07-01,67.36100006103516,67.50199890136719,66.37799835205078,67.48899841308594,22128000,66.25009956359864,62.68579986572266,66.41629297769484,58.61172232175924,1.3134184817299968,1.401071681157912,-0.08765319942791527,69.72630434869414,62.77389477850314,10.494187353661017,0.013055923143325165,-0.001881799776549009,-0.006020409748567324,0.006860775923856144,1
2024-07-02,67.95800018310547,68.17400360107422,67.00700378417969,67.35399627685547,24114000,66.47904949188232,62.934879837036135,66.56312223535299,61.12530441287035,1.2787787561806994,1.3766130961624696,-0.09783433998177027,69.76676475497945,63.191334228785195,9.890981559532031,0.012649304147646702,0.008862696835399975,-0.0069555767303571825,0.010663180162234553,1
2024-07-03,68.2509994506836,68.375,67.55000305175781,67.74800109863281,14035000,66.73349952697754,63.19069984436035,66.72387244633686,62.3343373432426,1.2604395537345567,1.3533783876768872,-0.09293883394233049,69.72974527367406,63.73725378028103,8.979735119346639,0.012542013117053932,0.00431147571718804,0.011305721017248027,0.00711243014165408,1
2024-07-05,69.06500244140625,69.7490005493164,67.7229995727539,68.2509994506836,26591000,66.93539962768554,63.4164998626709,66.94683720777203,65.54076137805804,1.2966419607220558,1.342031102285921,-0.0453891415638652,69.98813402563998,63.882665229731096,9.121434741361528,0.011198944219733725,0.011926609093993346,0.025296571886211705,0.009220626456766245,0
2024-07-08,68.5739974975586,68.88600158691406,68.14900207519531,68.69999694824219,19308000,67.12149963378906,63.67773979187012,67.10180485441838,62.106323151548175,1.2710606377902423,1.3278370093867853,-0.05677637159654303,70.09631762188609,64.14668164569203,8.863979512756602,0.011361103941628113,-0.007109316245434427,0.009064382600920906,0.016091728186536702,0
2024-07-09,68.5739974975586,69.5270004272461,68.47200012207031,69.0,25961000,67.34284934997558,63.919619750976565,67.24201367757459,62.106323151548175,1.2365332692506144,1.3095762613595512,-0.07304299210893683,70.04580762669187,64.63989107325929,8.027454444848994,0.010921369119956024,0.0,0.004732502812774042,0.01800741431131292,0
2024-07-10,67.76499938964844,68.72200012207031,67.31600189208984,68.50199890136719,26519000,67.5085994720459,64.15245971679687,67.29182184062924,56.45349161804348,1.1308549033050923,1.2738319897486594,-0.1429770864435671,69.86614356736203,65.15105537672977,6.984426024990626,0.011428924417946853,-0.01179744709995878,-0.01882289156307082,-0.0028400010732659853,0
2024-07-11,65.2750015258789,67.2490005493164,64.74400329589844,67.2490005493164,51066000,67.52959938049317,64.33897972106934,67.09974371541492,43.36925619147234,0.836538919163246,1.1863733756315766,-0.34983445646833067,69.79801902097797,65.26117974000836,6.718297343076114,0.014366123549295713,-0.03674460099161303,-0.04810855560516414,-0.0436037266671101,0
2024-07-12,64.76000213623047,65.59200286865234,64.37100219726562,65.2750015258789,33552000,67.51729965209961,64.53289978027344,66.87691118406401,41.240276431039646,0.5553336934486595,1.0601654391949933,-0.5048317457463338,69.84228184934119,65.19231745485803,6.887071044670493,0.014476021170725216,-0.007889687899038322,-0.05561868201520426,-0.062332587461038313,1
2024-07-15,65.6449966430664,66.75399780273438,64.66300201416016,64.75,32088000,67.53324966430664,64.74237968444824,66.75958598968329,46.1338284873833,0.39928547221248323,0.9279894457984913,-0.5287039735860081,69.80156761556162,65.26493171305165,6.717633054918309,0.014764479378645565,0.013665757838831505,-0.031284627251186525,-0.04271299561610753,0
2024-07-16,65.63200378417969,66.36799621582031,64.91300201416016,66.18000030517578,26857000,67.46794967651367,64.92471977233886,66.65219720820676,46.073163050798996,0.2714387406523002,0.7966793047692531,-0.5252405641169529,69.87217378503837,65.06372556798897,7.127011032800477,0.013609782692627307,-0.00019792611091695722,0.005469203369673492,-0.04290246770991657,0
2024-07-17,64.74600219726562,65.04499816894531,63.946998596191406,65.0,40173000,67.32609977722169,65.06095985412598,66.47065482621237,42.01575689561308,0.09750241422706551,0.6568439266608156,-0.5593415124337501,70.00545796164542,64.64674159279795,7.9593447215554765,0.013650675791006666,-0.013499535833577991,-0.00021618187929317578,-0.04455098088356191,0
2024-07-18,64.30400085449219,65.7040023803711,63.91699981689453,65.66000366210938,75758000,67.11294975280762,65.15309989929199,66.26430682890567,40.11769571409396,-0.07514299039260663,0.5104465432501312,-0.5855895336427378,70.03114741394754,64.19475209166771,8.69637729197809,0.013107709395165392,-0.0068266970588665155,-0.020427996909888724,-0.014875536555931879,0
2024-07-19,63.33399963378906,67.89700317382812,62.9119987487793,66.06400299072266,98156000,66.88449974060059,65.20777992248536,65.98522995318028,36.24768903506412,-0.28692916842260274,0.35097140091558443,-0.6379005693381872,70.2069050315815,63.56209444961968,9.934754102568629,0.013304167664792373,-0.015084616941612339,-0.03501346931212468,-0.022019803202625532,1
2024-07-22,64.75,65.62899780273438,63.2599983215332,63.95000076293945,52191000,66.69139976501465,65.28383995056153,65.86758900525835,44.64278618573756,-0.3366313679401145,0.21345084714444468,-0.5500822150845592,70.03857667278858,63.34422285724073,10.037806732405114,0.014193396498312314,0.022357665304552965,6.174593949737073e-05,-0.013633889692047707,0
2024-07-23,64.2760009765625,64.99099731445312,64.0999984741211,64.75,24636000,66.56009979248047,65.34517997741699,65.71600919300161,42.61959076212517,-0.40954747065181607,0.08885118358519253,-0.4983986542370086,70.06617940573085,63.05402017923009,10.535079196640485,0.01326448796166857,-0.007320448238417043,-0.00043542979531008275,-0.020660694926764478,0
2024-07-24,63.5989990234375,65.24199676513672,63.266998291015625,63.57400131225586,48882000,66.37799987792968,65.395419921875,65.51438917685265,39.8422596328735,-0.5160141175196458,-0.032121876635775135,-0.4838922408838706,70.09564052822552,62.66035922763385,11.201424137915096,0.013290884439891702,-0.010532732946031631,0.004184156869623257,-0.017715428519176846,0
2024-07-25,63.40900039672852,64.99800109863281,62.16999816894531,64.0999984741211,45545000,66.16000003814698,65.430419921875,65.31387595969797,39.07270911546761,-0.6087042399311287,-0.14743834929484584,-0.4612658906362828,70.03385769715594,62.28614237913802,11.710573327615913,0.013057056612820377,-0.0029874468093272766,-0.020710418583343326,-0.01391827018335734,0
2024-07-26,63.137001037597656,64.6989974975586,62.97700119018555,64.5,31207000,65.89515018463135,65.46583992004395,65.10655453854555,37.94284764879689,-0.6960858603274147,-0.2571678515013596,-0.4389180088260551,69.83465301238012,61.95564735688258,11.95688246164002,0.012690836279225261,-0.004289601750998462,-0.017720454316692225,-0.003110471426571726,0
2024-07-29,62.69599914550781,63.46099853515625,62.39300155639648,63.46099853515625,24005000,65.65555019378662,65.49271987915039,64.87697783444672,36.11917553539507,-0.7917942795473039,-0.36409313711054847,-0.4277011424367554,69.75793120191412,61.55316918565912,12.496676963391682,0.01250132542805349,-0.006984840661456659,-0.01419833475047172,-0.03172202091879828,0
2024-07-30,62.257999420166016,63.46900177001953,61.70000076293945,63.016998291015625,34966000,65.40040016174316,65.51683990478516,64.62755131880094,34.35313263150337,-0.8926963606779381,-0.4698137818240264,-0.42288257885391173,69.67779214545995,61.12300817802638,13.080629394126857,0.012516470870881768,-0.006986087331111279,-0.018152012637970727,-0.031395879110965974,1
2024-07-31,62.834999084472656,63.36000061035156,62.257999420166016,62.65700149536133,31349000,65.14425010681153,65.53133987426757,64.45683205838873,38.61144245238525,-0.9155490565971078,-0.5589608367786427,-0.3565882198184651,69.39179336655549,60.89670684706756,13.040424144201907,0.012538450042528,0.009267879946038615,-0.004783279981023458,-0.012012766721112955,0
2024-08-01,62.48500061035156,64.6709976196289,61.76100158691406,62.92499923706055,37206000,64.85595016479492,65.49939987182617,64.2690385871471,37.04183512420598,-0.9509400891520059,-0.6373566872533154,-0.3135834018986905,69.00240643453708,60.70949389505276,12.786664166375708,0.012394361611332342,-0.005570119825267672,-0.003365422643102911,-0.014572060442457846,0
2024-08-02,61.36399841308594,62.527000427246094,60.834999084472656,62.09799957275391,35230000,64.47089996337891,65.42545989990235,63.992368094379366,32.486660251773515,-1.0572558587230318,-0.7213365215472587,-0.33591933717577316,68.40734076189798,60.53445916485983,12.211527373605993,0.012128992140280511,-0.017940340662810472,-0.01435961668229424,-0.028081831499343957,0
2024-08-05,59.85499954223633,60.45600128173828,58.70399856567383,58.70399856567383,40442000,64.03495006561279,65.34161994934082,63.598332994175266,27.57147688711025,-1.2488791680704097,-0.826845050851889,-0.4220341172185207,67.98837672755799,60.08152340366759,12.34771529577008,0.01283584557513513,-0.0245909476219498,-0.047425791130037975,-0.045313889913102146,1
2024-08-06,60.95700073242188,62.244998931884766,60.0620002746582,60.0620002746582,43191000,63.654100227355954,65.28941993713379,63.34677754067494,35.27333828027342,-1.2968702224095878,-0.9208500851634288,-0.376020137246159,67.23510009831737,60.07310035639453,11.251435047140783,0.013953048548127383,0.018411180329354737,-0.024453866736084295,-0.020896891963456343,1
2024-08-07,61.14799880981445,63.20000076293945,61.06399917602539,61.60699844360352,31878000,63.323250198364256,65.21887985229492,63.13737004249775,36.533033341049524,-1.3044545896079995,-0.997570986052343,-0.3068836035556566,66.5266739273742,60.1198264693543,10.11768574409878,0.014013276233979174,0.003133324722306874,-0.0035199727667261094,-0.026848098977295676,1
2024-08-08,63.03499984741211,63.229000091552734,61.60200119018555,62.19900131225586,32835000,63.211250114440915,65.18157981872558,63.12762050010864,47.42049290195793,-1.1450011809709508,-1.0270570250360644,-0.11794415593488639,66.28801765789663,60.1344825709852,9.734873263494638,0.01411393847334341,0.030859571438579758,0.053128399122813974,0.008802100211061425,1
2024-08-09,63.39400100708008,63.6619987487793,62.29899978637695,62.29899978637695,19808000,63.1429500579834,65.1402198791504,63.152990072201156,49.20575394073549,-0.978386581057066,-1.0173229362402647,0.03893635518319871,66.13874576836935,60.14715434759746,9.488931725980311,0.014124747402212808,0.005695267082366895,0.03997900561669199,0.0330813285719862,0
2024-08-12,63.31399917602539,63.900001525878906,62.70700073242188,63.09999847412109,23317000,63.02640018463135,65.11117988586426,63.16832427256537,48.80804496940465,-0.8430802846724106,-0.9824744059266939,0.1393941212542833,65.79664576649316,60.25615460276954,8.79074665139234,0.013698575377386855,-0.0012619779440290468,0.0354222608813044,0.0577896526646573,1
2024-08-13,64.802001953125,65.09700012207031,63.54999923706055,63.85599899291992,26396000,62.984900093078615,65.12397987365722,63.323912623094856,55.941044456491284,-0.6087622493354914,-0.9077319746084535,0.29896972527296206,65.61930512228142,60.350495063875805,8.365195547852588,0.014816406734870204,0.02350195527789478,0.028032079162215284,0.06307727044480438,1
2024-08-14,66.16799926757812,66.35700225830078,64.87000274658203,64.87000274658203,40143000,63.05599994659424,65.17975982666016,63.59477801780755,61.27546743029005,-0.3092738347495043,-0.7880403466366637,0.47876651188715935,65.94148033084133,60.17051956234715,9.152119978086045,0.015235240386076028,0.021079554231074882,0.043758056226617326,0.08209590755990437,1
2024-08-15,66.3219985961914,67.31900024414062,65.9800033569336,66.8489990234375,32102000,63.1568998336792,65.2429598236084,63.85451331098697,61.83645803906216,-0.05882257961754078,-0.6421967932328391,0.5833742136152983,66.33606986399072,59.97772980336768,10.06753035276816,0.015118575739843978,0.002327398898529731,0.047509231122854656,0.052145613654891454,1
2024-08-16,67.40699768066406,68.02300262451172,66.53600311279297,66.94300079345703,35110000,63.360549736022946,65.29055976867676,64.19284515571812,65.61585777959776,0.22462289002632474,-0.4688328565810064,0.6934557466073311,67.04125923619837,59.67984023584753,11.618300395152016,0.014919920042374439,0.016359565565549294,0.04019930941984495,0.06330246726556665,1
2024-08-19,68.85299682617188,68.88400268554688,67.29100036621094,67.40699768066406,30162000,63.56569957733154,65.37057975769044,64.63666912433277,69.89482240028721,0.5594861055994755,-0.26316906414491004,0.8226551697443856,67.9276437763705,59.20375537829259,13.724207325783883,0.014860038189690608,0.021451766066753697,0.04057849093692312,0.08748456458652965,1
2024-08-20,69.85399627685547,71.13300323486328,68.82499694824219,68.88600158691406,48131000,63.84459934234619,65.48471961975098,65.13355742457303,72.45070809971708,0.8953192237742797,-0.031471406561072085,0.9267906303353518,68.99465238484268,58.694546299849705,16.13308908050618,0.014850843280191301,0.014538211796514044,0.053255296212784575,0.0779604668291709,0
2024-08-21,69.71199798583984,70.0999984741211,69.13800048828125,69.69999694824219,22353000,64.1502492904663,65.58995964050293,65.56959938278892,71.52306627578986,1.136905772077796,0.20220402916670152,0.9347017429110944,69.89677591464446,58.40372266628815,17.91583567558226,0.014522805659963117,-0.002032786935379338,0.03419526732366207,0.053560614760770786,0
2024-08-22,68.89600372314453,70.1500015258789,68.6240005493164,69.0999984741211,27294000,64.4245994567871,65.67077964782715,65.88639979615613,66.27189989497717,1.2481332317350393,0.4113898696803691,0.8367433620546703,70.51689321447071,58.33230569910349,18.912942599728616,0.01489179236447916,-0.011705219851266602,0.0006246191009120494,0.038810729191459226,0
2024-08-23,68.6729965209961,69.60700225830078,67.86299896240234,69.41300201416016,23545000,64.70139923095704,65.74411964416504,66.1517899604266,64.87014844814564,1.3032637639818887,0.5897646485406731,0.7134991154412156,71.03288913106779,58.36990933084628,19.57141568920317,0.014861800765194371,-0.003236867018362677,-0.016906688504672918,0.018781415637729726,1
2024-08-26,68.84400177001953,69.05899810791016,68.16400146484375,68.72599792480469,13542000,65.00879936218261,65.81447975158692,66.40819108514974,65.47322554458812,1.3452466365876177,0.7408610461500621,0.6043855904375556,71.5155412697182,58.50205745464704,20.018034393420066,0.014631848205769583,0.0024901381574511383,-0.012451173985812636,-0.00013064146176600122,1
2024-08-27,69.5719985961914,70.78900146484375,68.69200134277344,68.85299682617188,31649000,65.37449932098389,65.86715965270996,66.70950608620133,67.99237911301562,1.420882575485166,0.8768653520170828,0.5440172234680831,72.04187675123804,58.70712189072974,20.3974867861483,0.014413279665063995,0.010574586128851537,0.009811815439445981,-0.004036958451831607,0
2024-08-28,68.38400268554688,69.66699981689453,67.70999908447266,69.58300018310547,24306000,65.65194950103759,65.8831797027588,66.86898195280567,60.26497288051067,1.3691802033963825,0.9753283222929428,0.3938518811034397,72.33533316485864,58.96856583721655,20.360046318854298,0.015246587376834996,-0.017075776671874543,-0.004208260161777888,-0.01904973804599197,1
2024-08-29,69.24800109863281,69.9800033569336,68.60700225830078,69.0,21870000,65.99009952545165,65.89679969787598,67.0955552047892,63.51282624557779,1.3819924040471108,1.0566611386437763,0.32533126540333446,72.68268047789853,59.29751857300478,20.283591025243474,0.015166355726281262,0.01263451069190702,0.0058683301119375475,0.005109111653308185,1
2024-08-30,70.13500213623047,70.18599700927734,68.81600189208984,70.03600311279297,32667000,66.42864971160888,65.941439743042,67.38502634111694,66.53685247694274,1.4470391693334221,1.1347367447817054,0.31230242455171675,72.99958693335603,59.85771248986173,19.783443590300255,0.01421963863623238,0.012809048976507809,0.008092387043627136,0.02128938140608705,0
2024-09-03,67.53199768066406,70.38600158691406,67.10099792480469,70.01000213623047,31610000,66.81249961853027,65.9198397064209,67.39902361155,52.72637458658052,1.2738641807879532,1.162562231982955,0.11130194880499822,72.65961454867085,60.96538468838969,17.50305695348927,0.015856164506334067,-0.037114199419432836,-0.012459127448280927,-0.01905763836533436,1
2024-09-04,67.96800231933594,68.46499633789062,67.30599975585938,67.33100128173828,17853000,67.16304969787598,65.94115974426269,67.45321205991057,54.43246813916532,1.1584497970547858,1.161739744997321,-0.003289947942535232,72.3694760568122,61.95662333893974,15.503841419818324,0.015593651685939776,0.0064562674531500885,-0.01848427043365075,-0.0230551990631368,1
2024-09-05,68.36199951171875,68.73100280761719,67.18599700927734,67.31400299072266,18101000,67.5237497329712,65.96357978820801,67.53976324579706,55.97855856827578,1.0862536907068687,1.1466425341392306,-0.06038884343236184,71.95520390330668,63.09229556263571,13.125616358274156,0.015583078490003505,0.005796804068651129,-0.025279854145692227,-0.00032175908054554725,0
2024-09-06,66.5770034790039,68.31500244140625,66.23400115966797,68.18599700927734,29913000,67.70084991455079,65.93973991394043,67.44807183943581,48.027920553351116,0.8749179843692048,1.0922976241852254,-0.2173796398160206,71.6583514942574,63.743348334844164,11.691142975905366,0.015946136929444694,-0.026110939490715968,-0.014141358681198812,-0.03857147610404654,1
2024-09-09,67.54199981689453,68.3499984741211,67.21399688720703,67.4000015258789,26831000,67.9082498550415,65.92189994812011,67.45701736109855,51.99726971206192,0.7763507657954136,1.029108252507263,-0.2527574867118494,71.34118110696991,64.4753186031131,10.110498383499564,0.01614861328889574,0.01449443933286898,-0.006267691971288292,-0.036971586801969214,0
2024-09-10,67.36199951171875,68.05899810791016,66.58100128173828,67.68699645996094,20792000,68.11064987182617,65.91937995910645,67.44796804211,51.2115825350228,0.6759194361204948,0.9584704892299094,-0.28255105310941464,70.84184080994766,65.37945893370468,8.019864568202388,0.01617249862451897,-0.0026650129647295406,-0.014628009817480248,-0.002517298092515774,1
2024-09-11,68.14700317382812,68.2969970703125,66.08000183105469,67.74600219726562,23919000,68.27789993286133,65.9351000213623,67.51454281655936,54.444489226471255,0.652152510576272,0.897206893499182,-0.24505438292291004,70.54909955230035,66.00670031342231,6.65281041646659,0.015597565779580345,0.011653508918968658,0.023581711593843924,0.00263360476082819,1
2024-09-12,68.68000030517578,69.48799896240234,68.22000122070312,68.49199676513672,25821000,68.40349998474122,65.9495400238037,67.62553876785616,56.54975320026242,0.6686180522023903,0.8514891252398238,-0.18287107303743344,70.4619574163199,66.34504255316253,6.018573412289923,0.015044385445835967,0.007821284965211062,0.016848782851653032,0.004651718728655885,1
2024-09-13,69.70600128173828,69.96399688720703,68.0,68.0009994506836,22765000,68.57270011901855,65.97864006042481,67.82367805489255,60.34844011914995,0.7557450581343659,0.8323403118187322,-0.07659525368436637,70.46888169668783,66.67651854134927,5.530427048601454,0.015321749510390692,0.014938860978502166,0.03479709312387258,0.04699817713666188,0
2024-09-16,69.6500015258789,70.302001953125,68.86299896240234,70.0,18437000,68.68485031127929,65.99034004211425,67.99761362355792,60.03990522056619,0.8109272610822131,0.8280577016714284,-0.017130440589215312,70.55715828335101,66.81254233920757,5.451880476077144,0.014987762235415614,-0.0008033706543147945,0.022055237678126005,0.031210235330596303,1
2024-09-17,70.69100189208984,70.76300048828125,69.83699798583984,70.08200073242188,22986000,68.7767505645752,66.03268013000488,68.25412679198953,63.75008279844186,0.927962608718218,0.8480386830807864,0.07992392563743156,70.84339729273255,66.71010383641784,6.009724830535446,0.014603235421941647,0.014946164298706321,0.02928074516567114,0.04941958974647065,0
2024-09-18,69.0469970703125,70.75499725341797,68.80000305175781,70.75499725341797,29844000,68.73640060424805,66.04214012145997,68.3296382470679,55.05624276101748,0.8779362131491553,0.8540181890944603,0.02391802405469501,70.74812404241177,66.72467716608432,5.8534442318162325,0.015247568675821275,-0.02325621051865867,-0.00945405272585087,0.013206654065017087,1
2024-09-19,70.43199920654297,71.56600189208984,69.53700256347656,70.5,42285000,68.7724006652832,66.09548011779785,68.52986310035124,60.004720974819854,0.9392212734920946,0.8710588059739872,0.0681624675181074,70.87632558027096,66.66847575029544,6.118515260875091,0.015913968846780126,0.020058832317067843,0.011227532857605249,0.02550959367475647,0
2024-09-20,70.10299682617188,70.66699981689453,69.63099670410156,70.55500030517578,39981000,68.83275032043457,66.19204002380371,68.6796853599532,58.36088884631927,0.9502880536913665,0.8869046555174631,0.06338339817390337,71.0151740670728,66.65032657379633,6.34123650872144,0.01570321756448203,-0.004671206043808107,-0.008317961977898691,0.005695285013251894,1
2024-09-23,70.53700256347656,71.2249984741211,69.91600036621094,70.23899841308594,32243000,68.92595062255859,66.30758003234864,68.8565727126697,59.92070436987627,0.9827506547869973,0.90607385537137,0.07667679941562733,71.22899623889407,66.6229050062231,6.682666239736196,0.01571125150373086,0.006190972668127959,0.021579584288752507,0.012735118710199611,1
2024-09-24,72.22599792480469,72.24400329589844,70.44499969482422,70.66300201416016,35657000,69.09505043029785,66.4392000579834,69.17747035192065,65.35918470267805,1.1317195516512157,0.9512029946273391,0.1805165570238766,71.80915423220705,66.38094662838864,7.856145367886097,0.01649813815896156,0.023944813359600747,0.025471358735690508,0.02171416434383011,0
2024-09-25,72.15599822998047,72.51200103759766,71.62100219726562,72.0999984741211,22598000,69.2242504119873,66.56967994689941,69.46113967364063,64.96573050660652,1.2299519646881691,1.0069527886395053,0.22299917604866382,72.24550400649906,66.20299681747554,8.728887858028964,0.01640358693566183,-0.0009691758762142566,0.029285501287473314,0.04502731895062695,0
2024-09-26,71.14299774169922,72.5260009765625,70.1719970703125,72.4729995727539,28330000,69.36220016479493,66.69761985778808,69.62131663250335,59.393551710718945,1.2120889790885627,1.047980026729317,0.16410895235924583,72.46815698353035,66.2562433460595,8.955762104881623,0.016231320234392433,-0.01403903366498438,0.008591167134970323,0.010094822568804673,0
2024-09-27,70.73500061035156,71.07099914550781,70.125,70.83599853515625,23956000,69.43655014038086,66.82623985290527,69.7273817732508,57.263213432516395,1.1517340029233765,1.0687308219681289,0.08300318095524761,72.59869561642907,66.27440466433265,9.108014351678634,0.01612355409291172,-0.005734888102817637,-0.020643498979486807,0.009015360438110909,1
2024-09-30,70.927001953125,71.12100219726562,70.28199768066406,70.69999694824219,17099000,69.47615013122558,66.97809989929199,69.8416313141912,58.02620433207861,1.1066385132952803,1.0763123602335591,0.03032615306172115,72.69167709545924,66.26062316699192,9.256491495744132,0.01589701013425337,0.0027143753603833254,-0.017032489425734654,0.005529004288174599,0
2024-10-01,70.61299896240234,71.7760009765625,69.85900115966797,71.36399841308594,28135000,69.6302001953125,67.09535987854004,69.91509489973512,56.25727537694567,1.0336473524942988,1.0677793586857072,-0.034132006191408326,72.75225517104846,66.50814521957653,8.967531234948654,0.013269814996975984,-0.004427129049246692,-0.007449767315416689,-0.022332664258673973,1
2024-10-02,71.10900115966797,71.62100219726562,70.46900177001953,70.61299896240234,17582000,69.7872501373291,67.23201988220215,70.02880025782397,58.413873379618316,1.004248215437869,1.0550731300361396,-0.050824914598270654,72.87486388212028,66.69963639253791,8.848647105926371,0.013279743638565215,0.007024233562572757,0.005287347792312991,-0.014510187593489321,0
2024-10-03,70.68000030517578,70.88099670410156,70.0,70.4260025024414,22564000,69.90315017700195,67.37363990783692,70.09081930995272,55.84915764973662,0.9355479890046752,1.0311681018298469,-0.09562011282517169,72.9416958922276,66.8646044617763,8.693587363464287,0.01338099136609032,-0.006033003522703306,-0.003482476929060896,-0.006507983234055659,1
2024-10-04,71.97000122070312,72.10099792480469,70.88200378417969,71.33200073242188,22290000,70.17280006408691,67.54485992431641,70.26978901573847,61.34512393981124,0.9739675656702502,1.0197279945979276,-0.0457604289276774,72.92664103501195,67.41895909316187,7.848741872663004,0.012137987206891805,0.018251286218979867,0.019217456817310907,0.01745954053431964,0
2024-10-07,70.19200134277344,71.58799743652344,69.64299774169922,71.47599792480469,33605000,70.30530014038087,67.68595993041993,70.26238066593228,51.778086848712334,0.8511342800244392,0.98600925168323,-0.1348749716587907,72.78103574055486,67.82956454020687,7.042813543873959,0.013444011798359128,-0.024704735970161762,-0.012895692555651372,-0.0103627756723359,1
2024-10-08,72.1760025024414,72.50599670410156,70.3550033569336,70.38800048828125,31874000,70.54600028991699,67.8755599975586,70.44463036464744,59.38898826867178,0.9034657381384221,0.9695005489742684,-0.06603481083584628,72.75163449834074,68.34036608149324,6.253038299434229,0.01460644270084225,0.028265345362919136,0.021165848766359963,0.022134784855565748,1
2024-10-09,72.74299621582031,72.85900115966797,71.88700103759766,71.92500305175781,19811000,70.7757999420166,68.08525993347168,70.66352235047343,61.27028361937812,0.9794005301709205,0.971480545213599,0.007919984957321602,72.88954342882741,68.6620564552058,5.973068445831762,0.014520097192121797,0.007855709567175406,0.01074051663201625,0.022978737283672057,1
2024-10-10,73.02899932861328,73.38500213623047,72.25,72.3290023803711,27679000,70.99324989318848,68.2891399383545,70.88880587220103,62.220978335021464,1.0505474043773404,0.9872939170463473,0.06325348733099312,73.0946018091159,68.89189797726105,5.919863984502674,0.01448332232947491,0.003931692776915963,0.040417681951904205,0.03323428145578955,0
2024-10-11,72.27899932861328,73.5999984741211,72.12200164794922,73.48999786376953,22995000,71.12189979553223,68.48501991271972,71.0212052490022,58.187309613448626,1.0344881473666732,0.9967327631104126,0.03775538425626057,73.207254731672,69.03654485939246,5.864171070049971,0.014502498937125267,-0.010269892876734854,0.0014270231462096827,0.004293429243700908,0
2024-10-14,71.30000305175781,72.66200256347656,71.13099670410156,72.5,27971000,71.20439987182617,68.68374000549316,71.04775742069322,53.32750183856438,0.9320205005878961,0.9837903106059094,-0.051769810018013285,73.17785557441043,69.23094416924191,5.54307235546299,0.01490247271013737,-0.013544684983870736,-0.019836867315463635,0.015785298720485175,0
2024-10-15,70.5979995727539,71.33999633789062,69.97799682617188,71.2509994506836,29328000,71.19974975585937,68.89860000610352,71.0049233399371,50.096472732665625,0.7851179869735603,0.9440558458794396,-0.1589378589058793,73.17845379718841,69.22104571453033,5.558176954593021,0.014735763755431282,-0.009845770672608722,-0.03328814276805914,-0.0218632630649519,0
2024-10-16,70.19999694824219,70.55899810791016,69.78199768066406,70.34300231933594,24943000,71.25739974975586,69.08345993041992,70.9282636835852,48.30935872726637,0.6293267143862096,0.8811100195807936,-0.25178330519458403,73.03925493641627,69.47554456309545,5.001179366404015,0.01376459182688364,-0.00563759068132752,-0.028763574477823073,-0.03495868193321772,0
2024-10-17,68.76499938964844,70.44100189208984,67.78800201416016,70.43499755859375,89267000,71.17404975891114,69.2357999420166,70.72223851273408,42.43192484002741,0.38562347091131244,0.7820127098468974,-0.396389238935585,73.23642065717334,69.11167886064894,5.795288887587822,0.013779583857218813,-0.02044156155237098,-0.03555404703516174,-0.0583877634660972,1
2024-10-18,76.38899993896484,76.62799835205078,73.62300109863281,73.76399993896484,159741000,71.48834991455078,69.50287994384766,71.26193007713701,66.05860198288423,0.7984756918276048,0.785305306243039,0.013170385584565847,74.4996528833337,68.47704694576787,8.424597776791016,0.02853105269606364,0.11087036453117594,0.08202782516865925,0.0568629982225628,1
2024-10-21,77.20700073242188,77.30000305175781,75.66000366210938,76.57599639892578,60571000,71.82184982299805,69.77913993835449,71.82812728240224,67.59528615529217,1.1780895955354822,0.8638621641015276,0.3142274314339546,75.6925910818439,67.9511085641522,10.778728947764877,0.028561591681307813,0.01070835845619933,0.09981487305969372,0.08284708874943636,0
2024-10-22,76.42400360107422,76.97000122070312,76.11199951171875,76.5270004272461,29873000,72.03175010681153,70.04134002685547,72.26582978894243,64.58122341090026,1.3996210640818845,0.971013944097599,0.42860711998428547,76.39176181758995,67.6717383960331,12.1058052992277,0.028381515076196257,-0.010141530222904316,0.11137939765005989,0.08252364179690952,0
2024-10-23,74.92900085449219,76.37899780273438,74.4260025024414,76.28299713134766,37490000,72.1704002380371,70.24388000488281,72.51946512851859,59.157332299335636,1.4379760290096328,1.0644063610800059,0.373569667929627,76.71006228959274,67.63073818648147,12.580398713551899,0.028825998669527928,-0.0195619527391655,-0.019112687502640502,0.06736473093776141,1
2024-10-24,75.45500183105469,75.58200073242188,74.625,75.1969985961914,26430000,72.38600044250488,70.42962005615234,72.79904005256965,60.416962473783954,1.4935992158553404,1.1502449320350727,0.34335428382026767,77.11561016178855,67.65639072322121,13.067747051559591,0.02858281348393377,0.007019991866486608,-0.02269222848636654,0.09728790083307026,1
2024-10-25,75.46800231933594,76.8499984741211,75.35299682617188,75.61699676513672,28195000,72.62265052795411,70.61254013061523,73.05322693511881,60.449429275345096,1.5211946380519805,1.2244348732384542,0.2967597648135263,77.47030790751114,67.77499314839707,13.350262884418026,0.028514815637101863,0.00017229458572343148,-0.012509175608340417,-0.012056678584152047,0
2024-10-28,74.91200256347656,75.86799621582031,74.78800201416016,75.86799621582031,28624000,72.82190055847168,70.76264022827148,73.2302531854386,58.24894596159294,1.481126174769372,1.2757731335446378,0.2053530412247342,77.70187612209645,67.94192499484691,13.402494376554856,0.028620404499972947,-0.0073673575392484425,-0.00022685863713345356,-0.02972525997867914,1
2024-10-29,75.94400024414062,76.38800048828125,74.8010025024414,75.11299896240234,36604000,73.0884506225586,70.90446029663086,73.48870528626736,61.080846914254366,1.515179174646292,1.3236543417649687,0.19152483288132327,78.0385635295682,68.138337715549,13.545540683500972,0.028657645142649606,0.013776132600241242,0.006480662662772474,-0.006280793131947959,0
2024-10-30,75.3740005493164,75.97899627685547,75.22799682617188,75.80799865722656,17220000,73.30170059204102,71.01486038208007,73.66825721608156,58.71209919455609,1.4791218151377308,1.3547478364395211,0.12437397869820965,78.25980701007187,68.34359417401016,13.527943766612136,0.02876136199277983,-0.007505526348254188,-0.0012455844481183975,0.005938951403988257,1
2024-10-31,75.60299682617188,76.0790023803711,75.2229995727539,75.39299774169922,30577000,73.54785041809082,71.13268035888672,73.85251813132825,59.3934153760752,1.452283167350103,1.3742549026216377,0.07802826472846536,78.44937984243137,68.64632099375027,13.328817624110753,0.028678009089057627,0.003038133510050889,0.009224079440538269,0.0019613675902965255,1
2024-11-01,75.61000061035156,76.37999725341797,74.7770004272461,75.3479995727539,29968000,73.72985038757324,71.26696029663086,74.01989741504477,59.41547384666644,1.4152642076521857,1.3824567636277474,0.03280744402443836,78.65377827161647,68.80592250353,13.35667401509644,0.02848129548054998,9.263897561884171e-05,-0.004397972620817203,0.0018815694950393702,0
2024-11-04,75.5510025024414,76.24800109863281,74.96900177001953,75.31400299072266,19022000,73.99780044555663,71.40452041625977,74.16571694717777,59.12411140117959,1.3654259803900288,1.3790506069802038,-0.013624626590174937,78.7007697953722,69.29483109574107,12.71110579368028,0.027756924167123886,-0.0007802950328514857,0.0023483157565611368,0.008530007436704068,1
2024-11-05,76.39099884033203,76.75299835205078,75.62699890136719,75.73500061035156,22006000,74.20855026245117,71.55546035766602,74.3776485560496,61.982624172335115,1.3778267810803015,1.3788058418002234,-0.0009790607199218204,78.94373229974008,69.47336822516226,12.76182332235876,0.027228796266650375,0.011118268587680058,0.01042289389628226,0.005885897434351861,1
2024-11-06,78.02100372314453,78.14900207519531,75.73799896240234,77.1500015258789,36908000,74.47245063781739,71.72444046020507,74.7246347624396,66.83007697980065,1.5018696579585082,1.4034186050318804,0.09845105292662781,79.43438230190355,69.51051897373122,13.325549573271267,0.027516159302812444,0.02133765636733509,0.03188735740418558,0.035118252375316406,1
2024-11-07,79.65399932861328,79.8219985961914,77.99400329589844,78.13700103759766,32951000,74.80370063781739,71.94984039306641,75.19409805445615,70.84132919874003,1.712206380074747,1.4651761600404538,0.2470302200342931,80.20137037759119,69.40603089804358,14.431558047931613,0.027780126140704704,0.02093020504149612,0.05430764239083774,0.05358256514296067,0
2024-11-08,79.50399780273438,79.90599822998047,78.86499786376953,79.73600006103516,19106000,75.16495056152344,72.15496032714844,75.60456469714931,70.00389049682326,1.8455218511204805,1.5412452982564593,0.3042765528640212,80.80024717640761,69.52965394663927,14.99447966847689,0.027605036904370897,-0.0018831637726069994,0.040750860829938285,0.051501086641304594,1
2024-11-11,80.54399871826172,80.68199920654297,79.55699920654297,79.58999633789062,23992000,75.62715034484863,72.36314025878906,76.0749869848743,72.43676260873937,2.011902742197023,1.6353767870445721,0.3765259551524509,81.43243426062351,69.82186642907375,15.352380432962612,0.02729797202870451,0.013081114714605935,0.03233738191923252,0.06608775595875072,1
2024-11-12,81.94999694824219,82.03700256347656,80.375,80.75,28141000,76.19475021362305,72.65150024414062,76.63451174329029,75.34778791444779,2.2314898775722583,1.7545994051501095,0.47689047242214877,82.14032413335023,70.24917629389587,15.606256082099884,0.02712231128127328,0.017456275481163575,0.028824637042476065,0.07277032886465129,1
2024-11-13,83.0469970703125,83.6989974975586,82.05400085449219,82.26200103759766,27678000,76.83710021972657,72.95308013916015,77.24522463157813,77.35712971585781,2.4656109776744586,1.8968017196549793,0.5688092580194792,82.82898132402245,70.84521911543068,15.596322836653787,0.026958818450889172,0.013386213092395183,0.04456378755152701,0.0644184656352611,1
2024-11-14,83.72599792480469,84.0999984741211,83.00199890136719,83.36699676513672,30382000,77.58515014648438,73.26036010742187,77.86244113569495,78.52394156071495,2.675106369535399,2.0524626496310634,0.6226437199043358,83.07367857880068,72.09662171416808,14.148399331453772,0.026071901652618527,0.008176103633431797,0.03950634755139748,0.051121081559161174,0
2024-11-15,82.39600372314453,83.2040023803711,81.64900207519531,83.2040023803711,36737000,77.88550033569337,73.57674011230469,78.29420900116635,70.82517554804542,2.702658989584208,2.1825019176216927,0.5201570719625153,83.72551838113942,72.0454822902473,14.996419154464094,0.011824895144109778,-0.01588508031704372,0.005442425765848746,0.03637560374744697,1
2024-11-18,84.70500183105469,84.84500122070312,80.93299865722656,81.55000305175781,40812000,78.260400390625,73.92000015258789,78.90476069925096,75.34465684506179,2.8776398487767096,2.3215295038526964,0.5561103449240132,84.7989520921185,71.72184868913149,16.70973230102915,0.012934569085611632,0.02802318078032684,0.01996465639014522,0.05166124328328814,1
2024-11-19,87.13200378417969,87.4489974975586,83.91600036621094,83.9749984741211,38142000,78.79580039978028,74.31540023803711,79.68830765972035,79.02301952808531,3.1755464914272267,2.4923329013676025,0.6832135900596241,86.32392396376758,71.26767683579297,19.107930945031175,0.013485043819322286,0.028652404234235096,0.04068038534976881,0.06323376484333898,1
2024-11-20,88.38500213623047,89.05999755859375,86.83999633789062,87.99800109863281,40938000,79.46860046386719,74.72016021728516,80.51656427653084,80.62975256092341,3.4727148521697018,2.6884092915280227,0.7843055606416791,87.85085164916931,71.08634927856507,21.095756402840816,0.0120726526579737,0.014380460653176108,0.07268554471657795,0.06427691854286421,1
2024-11-21,89.74800109863281,90.8000030517578,87.7239990234375,88.39299774169922,45113000,80.1832504272461,75.1415202331543,81.39574873577865,82.22470344059757,3.7746932303542167,2.905666079293262,0.8690271510609548,89.46391082065611,70.90259003383608,23.14862603837888,0.01216930721846628,0.015421156638108169,0.05953602689999893,0.07192512867074519,1
2024-11-22,89.77899932861328,90.5999984741211,89.30000305175781,89.5999984741211,32140000,80.89880027770997,75.5429801940918,82.19415355414387,82.26047847827385,3.970742323000323,3.118681328034674,0.8520609949656488,90.80089992554231,70.99670062987762,24.480213832196142,0.01216292227853059,0.00034539187058224563,0.030379142329723496,0.08960380688214031,0
2024-11-25,86.55899810791016,90.20500183105467,86.4219970703125,90.20500183105467,60142000,81.48115005493165,75.88116012573242,82.60985303545495,67.14332812147876,3.8222252204532765,3.259390106518395,0.5628351139348817,91.2757542278756,71.6865458819877,24.041398940345786,0.015395243852338463,-0.03586586222594357,-0.020659659265560015,0.02188768356977655,1
2024-11-26,87.26000213623047,88.63600158691406,86.7249984741211,86.7490005493164,31383000,82.04695014953613,76.21254013061524,83.05272437838595,68.50049002354537,3.7182280942729733,3.3511577040693106,0.3670703902036627,91.80403847477488,72.28986182429738,23.78415847866569,0.015322976025678803,0.008098569110589704,-0.02772205432929964,0.0014690165093393937,1
2024-11-27,87.73400115966797,88.09500122070312,85.89099884033203,87.20600128173828,25782000,82.66495018005371,76.58628021240234,83.49856026231757,69.42026876927507,3.63218778253389,3.407363719762227,0.22482406277166334,92.21670054323766,73.11319981686975,23.109553304947628,0.014943163211388864,0.005432030848423475,-0.022778135023092783,-0.007365514067184109,1
2024-11-29,88.68099975585938,89.24099731445312,87.66799926757812,88.21700286865234,20272000,83.31885032653808,76.95126022338867,83.99212592836918,71.22789165298698,3.598928876080805,3.4456767510259425,0.15325212505486263,92.63496147119093,74.00273918188523,22.36255327129869,0.014915667627059752,0.010793974783709581,0.024515090219780378,-0.011888859135712693,1
2024-12-02,89.77400207519531,90.23400115966795,88.41200256347656,88.7509994506836,23890000,84.02705039978028,77.34468032836914,84.54278079949549,73.19718750650752,3.6190489620138067,3.4803511932235156,0.13869776879029105,93.03994458061099,75.01415621894957,21.452363585177757,0.014819860326583723,0.012325101457414833,0.028810450119402642,-5.566171883553128e-05,1
2024-12-03,90.21700286865234,90.2689971923828,88.8030014038086,89.43599700927734,24016000,84.76035041809082,77.73828033447266,85.08318290131996,73.97469261472331,3.6289089335246985,3.5100627412837526,0.11884619224094584,93.26774546999815,76.2529553661835,20.073996886382737,0.014681343835784112,0.0049346223095410036,0.028301475780929453,0.04226024839360876,1
2024-12-04,91.1060028076172,91.59700012207033,89.80500030517578,89.80500030517578,26896000,85.49610061645508,78.1158804321289,85.65678479715778,75.50999414327228,3.666196268916181,3.5412894468102385,0.12490682210594262,93.51200411106865,77.48019712184151,18.751506646072183,0.014674522038234496,0.00985401765406868,0.027345238082947976,0.04407518424515211,1
2024-12-05,91.78700256347656,92.6999969482422,91.11100006103516,91.78500366210938,28353000,86.18440055847168,78.50850051879883,86.24061506061672,76.64652002038899,3.7079547456143445,3.5746225065710595,0.13333223904328495,93.87201113281589,78.49678998412747,17.83991192032149,0.014383096397231435,0.007474806652393529,0.022422978164604368,0.046196472863838656,1
2024-12-06,93.4739990234375,93.5270004272461,91.27100372314452,91.52300262451172,29554000,86.87540054321289,78.9551205444336,86.92950877136155,79.21929927799404,3.832990822504499,3.6262961697577474,0.20669465274675147,94.57526116134215,79.17553992508363,17.72621609796034,0.014275711016532994,0.01837946999951634,0.03610179956351511,0.05404764584040955,0
2024-12-09,91.36900329589844,93.02999877929688,90.25900268554688,92.8000030517578,33501000,87.4686508178711,79.36780059814453,87.3523177736984,69.00408558180933,3.7193528666175553,3.6449075091297094,0.07444535748784586,94.61365238906833,80.32364924667385,16.337285426008687,0.01571108138040258,-0.022519585655164542,0.002886752575860463,0.017766849910145988,0
2024-12-10,91.33499908447266,92.28800201416016,90.95800018310548,91.3759994506836,23886000,88.00820083618164,79.77596054077148,87.73162075567691,68.84963687150673,3.5852219057762227,3.6329703884590123,-0.04774848268278964,94.58742259920048,81.42897907316281,14.951383394975636,0.015729386842278432,-0.0003721635368578724,-0.0049244824036095425,0.01239230056720042,1
2024-12-11,93.65599822998048,94.1750030517578,92.30799865722656,92.47100067138672,35017000,88.59350090026855,80.23682052612304,88.29584718180107,73.25062394934412,3.6244272454336226,3.6312617598539347,-0.006834514420312132,94.99311108821054,82.19389071232656,14.447132403416715,0.016118828087893826,0.025411935936641372,0.0019470570259580988,0.027989323905999397,0
2024-12-12,92.55500030517578,93.40899658203124,92.26000213623048,93.33499908447266,24862000,89.06890106201172,80.6657405090332,88.70148081259866,68.31969121959031,3.5260107711587665,3.6102115621149014,-0.08420079095613486,95.15469960142637,82.98310252259706,13.66537246300499,0.016554489354402704,-0.011755765200442414,0.012980299297306486,0.008367173131817784,0
2024-12-13,91.88700103759766,92.55500030517578,90.96099853515624,91.68099975585938,24858000,89.47695121765136,81.08988052368164,89.00486369117,65.44133799257733,3.355433697077828,3.559255989107487,-0.20382229202965885,95.15585417967097,83.79804825563176,12.693554898189946,0.016782981046093465,-0.00721732229890959,0.006043706778980473,-0.016977961812053466,1
2024-12-16,92.10800170898438,92.8939971923828,91.9499969482422,92.3939971923828,26749000,89.96255111694336,81.49264053344727,89.30040064524756,65.95241552605081,3.2011818128563476,3.4876411538572594,-0.28645934100091175,94.72314264078379,85.20195959310293,10.58349605415721,0.016080388492133585,0.0024051353171956613,-0.016528535814597456,0.008088064731238243,0
2024-12-17,91.91300201416016,92.84500122070312,91.64199829101562,92.15399932861328,24595000,90.32295112609863,81.927060546875,89.54921982323924,65.03845983662167,3.0282929613822347,3.3957715153622545,-0.36747855398001983,94.49142396782923,86.15447828436803,9.230152004026213,0.015271175156828121,-0.0021170765971052496,-0.006936397697572261,0.00632838381213463,0
2024-12-18,88.95500183105469,92.24400329589844,88.65599822998047,91.91300201416016,29382000,90.41410102844239,82.26264053344727,89.49262763350738,53.03275703855475,2.6223624453484433,3.2410897013594924,-0.618727256011049,94.37399505233226,86.45420700455252,8.759461143443042,0.016176768852764062,-0.0321826087526742,-0.031908748500163564,-0.05019429067834058,1
2024-12-19,90.2040023803711,91.26200103759766,89.9000015258789,90.81800079345705,28155000,90.50505104064942,82.61186065673829,89.56037760939915,56.669867361830924,2.3740766154059116,3.0676870841687762,-0.6936104687628646,94.35642130161706,86.65368077968178,8.510840481682813,0.01616233283262071,0.014040813035882227,-0.020671378091872805,-0.025401090346852007,1
2024-12-20,90.90499877929688,91.99199676513672,89.04900360107422,89.32099914550781,45305000,90.56290092468262,82.96938064575195,89.68843676843704,58.60728462619308,2.208415616756625,2.895832790686346,-0.6874171739297212,94.401785289511,86.72401655985425,8.47782994058685,0.015894986119562422,0.007771233874632522,-0.010966927559476147,-0.01068706397218222,1
2024-12-23,91.1449966430664,91.5,89.91000366210938,91.34200286865234,23394000,90.63120079040527,83.34670059204102,89.82715675649699,59.278608404840604,2.0726022352465634,2.7311866795983897,-0.6585844443518263,94.46046187088814,86.80193970992241,8.450204889899798,0.015900103012980768,0.002640095341205795,0.024619130649572663,-0.010455172710842064,1
2024-12-24,93.21199798583984,93.58499908447266,91.16999816894533,91.5,23203000,90.96385078430175,83.78494049072266,90.14952258786298,64.60324133936876,2.1074653370739327,2.6064424110934983,-0.4989770740195656,94.46187197407058,87.46582959453293,7.691013868934621,0.014062614122086285,0.022678165767760605,0.03334658691512016,0.014132885916179339,0
2024-12-26,92.41400146484376,93.04900360107422,91.52999877929688,92.83999633789062,23403000,91.22155075073242,84.22126052856446,90.36518724281352,61.27223319106283,2.0471051919637944,2.4945749672675577,-0.4474697753037633,94.32757772920014,88.1155237722647,6.8098534894569,0.014286454002661347,-0.008561092329737452,0.016599776753867035,0.03888482449090924,0
2024-12-27,90.75499725341795,91.81300354003906,89.44999694824219,91.60099792480467,32262000,91.37260055541992,84.63236053466797,90.40231200572822,54.93104788740069,1.8441434295903747,2.364488659732121,-0.5203452301417464,94.04973959180357,88.69546151903627,5.859828920508602,0.01501282302626448,-0.017951870767731304,-0.0042788897252992175,0.006108319570161003,0
2024-12-30,90.04299926757812,90.822998046875,88.97100067138672,89.45099639892578,22030000,91.44070053100586,85.05792053222656,90.36809174495201,52.42350290841469,1.6073143641357603,2.2130538006128493,-0.6057394364770889,93.90101513233574,88.98038592967598,5.381224306118776,0.015003754555109645,-0.007845275823784026,-0.03399775551150752,-0.00948242146519962,0
